Time,Category,Message,
7/20/2026 9:18:58 PM,Position,Instrument='MES SEP26' Account='Sim102' Average price=0 Quantity=0 Market position=Flat Operation=Remove,
7/20/2026 9:18:58 PM,Execution,Execution='98b8056c9ab943d89a80c6cc0d497db6' Instrument='MES SEP26' Account='Sim102' Exchange=Default Price=7514 Quantity=13 Market position=Short Operation=Operation_Add Order='6566fd9384da4a1e8672283f803e3441' Time='7/20/2026 9:18 PM',
7/20/2026 9:18:58 PM,Order,Order='6566fd9384da4a1e8672283f803e3441/Sim102' Name='Close' New state='Filled' Instrument='MES SEP26' Action='Sell' Limit price=0 Stop price=0 Quantity=13 Type='Market' Time in force=DAY Oco='' Filled=13 Fill price=7514 Error='No error' Native error='',
7/20/2026 9:18:58 PM,Order,Order='6566fd9384da4a1e8672283f803e3441/Sim102' Name='Close' New state='Working' Instrument='MES SEP26' Action='Sell' Limit price=0 Stop price=0 Quantity=13 Type='Market' Time in force=DAY Oco='' Filled=0 Fill price=0 Error='No error' Native error='',
7/20/2026 9:18:58 PM,Order,Order='6566fd9384da4a1e8672283f803e3441/Sim102' Name='Close' New state='Accepted' Instrument='MES SEP26' Action='Sell' Limit price=0 Stop price=0 Quantity=13 Type='Market' Time in force=DAY Oco='' Filled=0 Fill price=0 Error='No error' Native error='',
7/20/2026 9:18:58 PM,Order,Order='6566fd9384da4a1e8672283f803e3441/Sim102' Name='Close' New state='Submitted' Instrument='MES SEP26' Action='Sell' Limit price=0 Stop price=0 Quantity=13 Type='Market' Time in force=DAY Oco='' Filled=0 Fill price=0 Error='No error' Native error='',
7/20/2026 9:18:58 PM,Order,Order='b8ad2d83deee43ae93a85fdd6b5e03bd/Sim102' Name='Stop2' New state='Cancelled' Instrument='MES SEP26' Action='Sell' Limit price=0 Stop price=7508.5 Quantity=7 Type='Stop Market' Time in force=GTC Oco='f13fa66a84fc4247bb6d1f52bc40431f' Filled=0 Fill price=0 Error='No error' Native error='',
7/20/2026 9:18:58 PM,Order,Order='12277f400420472eb94b349992b8f251/Sim102' Name='Stop1' New state='Cancelled' Instrument='MES SEP26' Action='Sell' Limit price=0 Stop price=7508.5 Quantity=6 Type='Stop Market' Time in force=GTC Oco='b8e38502f96d461ead18c054c477b706' Filled=0 Fill price=0 Error='No error' Native error='',
7/20/2026 9:18:58 PM,Order,Order='905d18446ceb4c90a7c6f92d8ab95388/Sim102' Name='Target2' New state='Cancelled' Instrument='MES SEP26' Action='Sell' Limit price=7517.5 Stop price=0 Quantity=7 Type='Limit' Time in force=GTC Oco='f13fa66a84fc4247bb6d1f52bc40431f' Filled=0 Fill price=0 Error='No error' Native error='',
7/20/2026 9:18:58 PM,Order,Order='8a18e211016d449b9ac8d9c49d210cd3/Sim102' Name='Target1' New state='Cancelled' Instrument='MES SEP26' Action='Sell' Limit price=7517 Stop price=0 Quantity=6 Type='Limit' Time in force=GTC Oco='b8e38502f96d461ead18c054c477b706' Filled=0 Fill price=0 Error='No error' Native error='',
7/20/2026 9:18:58 PM,Order,Order='b8ad2d83deee43ae93a85fdd6b5e03bd/Sim102' Name='Stop2' New state='Cancel submitted' Instrument='MES SEP26' Action='Sell' Limit price=0 Stop price=7508.5 Quantity=7 Type='Stop Market' Time in force=GTC Oco='f13fa66a84fc4247bb6d1f52bc40431f' Filled=0 Fill price=0 Error='No error' Native error='',
7/20/2026 9:18:58 PM,Order,Order='12277f400420472eb94b349992b8f251/Sim102' Name='Stop1' New state='Cancel submitted' Instrument='MES SEP26' Action='Sell' Limit price=0 Stop price=7508.5 Quantity=6 Type='Stop Market' Time in force=GTC Oco='b8e38502f96d461ead18c054c477b706' Filled=0 Fill price=0 Error='No error' Native error='',
7/20/2026 9:18:58 PM,Order,Order='905d18446ceb4c90a7c6f92d8ab95388/Sim102' Name='Target2' New state='Cancel submitted' Instrument='MES SEP26' Action='Sell' Limit price=7517.5 Stop price=0 Quantity=7 Type='Limit' Time in force=GTC Oco='f13fa66a84fc4247bb6d1f52bc40431f' Filled=0 Fill price=0 Error='No error' Native error='',
7/20/2026 9:18:58 PM,Order,Order='8a18e211016d449b9ac8d9c49d210cd3/Sim102' Name='Target1' New state='Cancel submitted' Instrument='MES SEP26' Action='Sell' Limit price=7517 Stop price=0 Quantity=6 Type='Limit' Time in force=GTC Oco='b8e38502f96d461ead18c054c477b706' Filled=0 Fill price=0 Error='No error' Native error='',
7/20/2026 9:18:58 PM,Default,Chart Trader close position,
7/20/2026 9:18:50 PM,Order,Order='905d18446ceb4c90a7c6f92d8ab95388/Sim102' Name='Target2' New state='Working' Instrument='MES SEP26' Action='Sell' Limit price=7517.5 Stop price=0 Quantity=7 Type='Limit' Time in force=GTC Oco='f13fa66a84fc4247bb6d1f52bc40431f' Filled=0 Fill price=0 Error='No error' Native error='',
7/20/2026 9:18:50 PM,Order,Order='905d18446ceb4c90a7c6f92d8ab95388/Sim102' Name='Target2' New state='Accepted' Instrument='MES SEP26' Action='Sell' Limit price=7517.5 Stop price=0 Quantity=7 Type='Limit' Time in force=GTC Oco='f13fa66a84fc4247bb6d1f52bc40431f' Filled=0 Fill price=0 Error='No error' Native error='',
7/20/2026 9:18:50 PM,Order,Order='b8ad2d83deee43ae93a85fdd6b5e03bd/Sim102' Name='Stop2' New state='Accepted' Instrument='MES SEP26' Action='Sell' Limit price=0 Stop price=7508.5 Quantity=7 Type='Stop Market' Time in force=GTC Oco='f13fa66a84fc4247bb6d1f52bc40431f' Filled=0 Fill price=0 Error='No error' Native error='',
7/20/2026 9:18:50 PM,Order,Order='8a18e211016d449b9ac8d9c49d210cd3/Sim102' Name='Target1' New state='Working' Instrument='MES SEP26' Action='Sell' Limit price=7517 Stop price=0 Quantity=6 Type='Limit' Time in force=GTC Oco='b8e38502f96d461ead18c054c477b706' Filled=0 Fill price=0 Error='No error' Native error='',
7/20/2026 9:18:50 PM,Order,Order='8a18e211016d449b9ac8d9c49d210cd3/Sim102' Name='Target1' New state='Accepted' Instrument='MES SEP26' Action='Sell' Limit price=7517 Stop price=0 Quantity=6 Type='Limit' Time in force=GTC Oco='b8e38502f96d461ead18c054c477b706' Filled=0 Fill price=0 Error='No error' Native error='',
7/20/2026 9:18:50 PM,Order,Order='12277f400420472eb94b349992b8f251/Sim102' Name='Stop1' New state='Accepted' Instrument='MES SEP26' Action='Sell' Limit price=0 Stop price=7508.5 Quantity=6 Type='Stop Market' Time in force=GTC Oco='b8e38502f96d461ead18c054c477b706' Filled=0 Fill price=0 Error='No error' Native error='',
7/20/2026 9:18:49 PM,Order,Order='905d18446ceb4c90a7c6f92d8ab95388/Sim102' Name='Target2' New state='Submitted' Instrument='MES SEP26' Action='Sell' Limit price=7517.5 Stop price=0 Quantity=7 Type='Limit' Time in force=GTC Oco='f13fa66a84fc4247bb6d1f52bc40431f' Filled=0 Fill price=0 Error='No error' Native error='',
7/20/2026 9:18:49 PM,Order,Order='b8ad2d83deee43ae93a85fdd6b5e03bd/Sim102' Name='Stop2' New state='Submitted' Instrument='MES SEP26' Action='Sell' Limit price=0 Stop price=7508.5 Quantity=7 Type='Stop Market' Time in force=GTC Oco='f13fa66a84fc4247bb6d1f52bc40431f' Filled=0 Fill price=0 Error='No error' Native error='',
7/20/2026 9:18:49 PM,Order,Order='8a18e211016d449b9ac8d9c49d210cd3/Sim102' Name='Target1' New state='Submitted' Instrument='MES SEP26' Action='Sell' Limit price=7517 Stop price=0 Quantity=6 Type='Limit' Time in force=GTC Oco='b8e38502f96d461ead18c054c477b706' Filled=0 Fill price=0 Error='No error' Native error='',
7/20/2026 9:18:49 PM,Order,Order='12277f400420472eb94b349992b8f251/Sim102' Name='Stop1' New state='Submitted' Instrument='MES SEP26' Action='Sell' Limit price=0 Stop price=7508.5 Quantity=6 Type='Stop Market' Time in force=GTC Oco='b8e38502f96d461ead18c054c477b706' Filled=0 Fill price=0 Error='No error' Native error='',
7/20/2026 9:18:49 PM,Position,Instrument='MES SEP26' Account='Sim102' Average price=7514.5 Quantity=13 Market position=Long Operation=Operation_Add,
7/20/2026 9:18:49 PM,Execution,Execution='a9693c424da843c5bd749e8e746034a8' Instrument='MES SEP26' Account='Sim102' Exchange=Default Price=7514.5 Quantity=13 Market position=Long Operation=Operation_Add Order='6fa299c8c70e4879b1519301f206c0f1' Time='7/20/2026 9:18 PM',
7/20/2026 9:18:49 PM,Order,Order='6fa299c8c70e4879b1519301f206c0f1/Sim102' Name='Entry' New state='Filled' Instrument='MES SEP26' Action='Buy' Limit price=0 Stop price=0 Quantity=13 Type='Market' Time in force=GTC Oco='' Filled=13 Fill price=7514.5 Error='No error' Native error='',
7/20/2026 9:18:49 PM,Order,Order='6fa299c8c70e4879b1519301f206c0f1/Sim102' Name='Entry' New state='Working' Instrument='MES SEP26' Action='Buy' Limit price=0 Stop price=0 Quantity=13 Type='Market' Time in force=GTC Oco='' Filled=0 Fill price=0 Error='No error' Native error='',
7/20/2026 9:18:49 PM,Order,Order='6fa299c8c70e4879b1519301f206c0f1/Sim102' Name='Entry' New state='Accepted' Instrument='MES SEP26' Action='Buy' Limit price=0 Stop price=0 Quantity=13 Type='Market' Time in force=GTC Oco='' Filled=0 Fill price=0 Error='No error' Native error='',
7/20/2026 9:18:49 PM,Order,Order='6fa299c8c70e4879b1519301f206c0f1/Sim102' Name='Entry' New state='Submitted' Instrument='MES SEP26' Action='Buy' Limit price=0 Stop price=0 Quantity=13 Type='Market' Time in force=GTC Oco='' Filled=0 Fill price=0 Error='No error' Native error='',
7/20/2026 9:18:49 PM,Order,Chart Trader submitting order with strategy 'MES MIN SL6 - 1' (Ticks),
7/20/2026 9:18:45 PM,Position,Instrument='MES SEP26' Account='Sim102' Average price=0 Quantity=0 Market position=Flat Operation=Remove,
7/20/2026 9:18:45 PM,Execution,Execution='b770f3ae1f2e4610b38d71f16c037f70' Instrument='MES SEP26' Account='Sim102' Exchange=Default Price=7514 Quantity=3 Market position=Short Operation=Operation_Add Order='56352df6d1b545c69e42e8cafb5cec66' Time='7/20/2026 9:18 PM',
7/20/2026 9:18:45 PM,Order,Order='56352df6d1b545c69e42e8cafb5cec66/Sim102' Name='Close' New state='Filled' Instrument='MES SEP26' Action='Sell' Limit price=0 Stop price=0 Quantity=13 Type='Market' Time in force=DAY Oco='' Filled=13 Fill price=7514.1923076923076 Error='No error' Native error='',
7/20/2026 9:18:45 PM,Position,Instrument='MES SEP26' Account='Sim102' Average price=7514.25 Quantity=3 Market position=Long Operation=Update,
7/20/2026 9:18:45 PM,Execution,Execution='1153b47e95854307bfa9092ff17189fd' Instrument='MES SEP26' Account='Sim102' Exchange=Default Price=7514.25 Quantity=10 Market position=Short Operation=Operation_Add Order='56352df6d1b545c69e42e8cafb5cec66' Time='7/20/2026 9:18 PM',
7/20/2026 9:18:45 PM,Order,Order='56352df6d1b545c69e42e8cafb5cec66/Sim102' Name='Close' New state='Partially filled' Instrument='MES SEP26' Action='Sell' Limit price=0 Stop price=0 Quantity=13 Type='Market' Time in force=DAY Oco='' Filled=10 Fill price=7514.25 Error='No error' Native error='',
7/20/2026 9:18:45 PM,Order,Order='56352df6d1b545c69e42e8cafb5cec66/Sim102' Name='Close' New state='Working' Instrument='MES SEP26' Action='Sell' Limit price=0 Stop price=0 Quantity=13 Type='Market' Time in force=DAY Oco='' Filled=0 Fill price=0 Error='No error' Native error='',
7/20/2026 9:18:45 PM,Order,Order='56352df6d1b545c69e42e8cafb5cec66/Sim102' Name='Close' New state='Accepted' Instrument='MES SEP26' Action='Sell' Limit price=0 Stop price=0 Quantity=13 Type='Market' Time in force=DAY Oco='' Filled=0 Fill price=0 Error='No error' Native error='',
7/20/2026 9:18:45 PM,Order,Order='56352df6d1b545c69e42e8cafb5cec66/Sim102' Name='Close' New state='Submitted' Instrument='MES SEP26' Action='Sell' Limit price=0 Stop price=0 Quantity=13 Type='Market' Time in force=DAY Oco='' Filled=0 Fill price=0 Error='No error' Native error='',
7/20/2026 9:18:45 PM,Order,Order='6d87075879c241ba97b3b85b2f685522/Sim102' Name='Stop1' New state='Cancelled' Instrument='MES SEP26' Action='Sell' Limit price=0 Stop price=7508.25 Quantity=6 Type='Stop Market' Time in force=GTC Oco='19e1a54501ef484aa69805ea398907d2' Filled=0 Fill price=0 Error='No error' Native error='',
7/20/2026 9:18:45 PM,Order,Order='fc24237fccb241718d5709a1a1a643bc/Sim102' Name='Stop2' New state='Cancelled' Instrument='MES SEP26' Action='Sell' Limit price=0 Stop price=7508.25 Quantity=7 Type='Stop Market' Time in force=GTC Oco='2eb02b8c9aa64363a9cf3fd0cf3d5fea' Filled=0 Fill price=0 Error='No error' Native error='',
7/20/2026 9:18:45 PM,Order,Order='2cdff089f7a94e99a9174086f4a796e3/Sim102' Name='Target2' New state='Cancelled' Instrument='MES SEP26' Action='Sell' Limit price=7517.25 Stop price=0 Quantity=7 Type='Limit' Time in force=GTC Oco='2eb02b8c9aa64363a9cf3fd0cf3d5fea' Filled=0 Fill price=0 Error='No error' Native error='',
7/20/2026 9:18:45 PM,Order,Order='7627210826d3483489c77219c5567c65/Sim102' Name='Target1' New state='Cancelled' Instrument='MES SEP26' Action='Sell' Limit price=7516.75 Stop price=0 Quantity=6 Type='Limit' Time in force=GTC Oco='19e1a54501ef484aa69805ea398907d2' Filled=0 Fill price=0 Error='No error' Native error='',
7/20/2026 9:18:45 PM,Order,Order='fc24237fccb241718d5709a1a1a643bc/Sim102' Name='Stop2' New state='Cancel submitted' Instrument='MES SEP26' Action='Sell' Limit price=0 Stop price=7508.25 Quantity=7 Type='Stop Market' Time in force=GTC Oco='2eb02b8c9aa64363a9cf3fd0cf3d5fea' Filled=0 Fill price=0 Error='No error' Native error='',
7/20/2026 9:18:45 PM,Order,Order='6d87075879c241ba97b3b85b2f685522/Sim102' Name='Stop1' New state='Cancel submitted' Instrument='MES SEP26' Action='Sell' Limit price=0 Stop price=7508.25 Quantity=6 Type='Stop Market' Time in force=GTC Oco='19e1a54501ef484aa69805ea398907d2' Filled=0 Fill price=0 Error='No error' Native error='',
7/20/2026 9:18:45 PM,Order,Order='2cdff089f7a94e99a9174086f4a796e3/Sim102' Name='Target2' New state='Cancel submitted' Instrument='MES SEP26' Action='Sell' Limit price=7517.25 Stop price=0 Quantity=7 Type='Limit' Time in force=GTC Oco='2eb02b8c9aa64363a9cf3fd0cf3d5fea' Filled=0 Fill price=0 Error='No error' Native error='',
7/20/2026 9:18:45 PM,Order,Order='7627210826d3483489c77219c5567c65/Sim102' Name='Target1' New state='Cancel submitted' Instrument='MES SEP26' Action='Sell' Limit price=7516.75 Stop price=0 Quantity=6 Type='Limit' Time in force=GTC Oco='19e1a54501ef484aa69805ea398907d2' Filled=0 Fill price=0 Error='No error' Native error='',
7/20/2026 9:18:45 PM,Default,Chart Trader close position,
7/20/2026 9:18:40 PM,Order,Order='fc24237fccb241718d5709a1a1a643bc/Sim102' Name='Stop2' New state='Accepted' Instrument='MES SEP26' Action='Sell' Limit price=0 Stop price=7508.25 Quantity=7 Type='Stop Market' Time in force=GTC Oco='2eb02b8c9aa64363a9cf3fd0cf3d5fea' Filled=0 Fill price=0 Error='No error' Native error='',
7/20/2026 9:18:40 PM,Order,Order='6d87075879c241ba97b3b85b2f685522/Sim102' Name='Stop1' New state='Accepted' Instrument='MES SEP26' Action='Sell' Limit price=0 Stop price=7508.25 Quantity=6 Type='Stop Market' Time in force=GTC Oco='19e1a54501ef484aa69805ea398907d2' Filled=0 Fill price=0 Error='No error' Native error='',
7/20/2026 9:18:40 PM,Order,Order='fc24237fccb241718d5709a1a1a643bc/Sim102' Name='Stop2' New state='Change submitted' Instrument='MES SEP26' Action='Sell' Limit price=0 Stop price=7508.25 Quantity=7 Type='Stop Market' Time in force=GTC Oco='2eb02b8c9aa64363a9cf3fd0cf3d5fea' Filled=0 Fill price=0 Error='No error' Native error='',
7/20/2026 9:18:40 PM,Order,Order='6d87075879c241ba97b3b85b2f685522/Sim102' Name='Stop1' New state='Change submitted' Instrument='MES SEP26' Action='Sell' Limit price=0 Stop price=7508.25 Quantity=6 Type='Stop Market' Time in force=GTC Oco='19e1a54501ef484aa69805ea398907d2' Filled=0 Fill price=0 Error='No error' Native error='',
7/20/2026 9:18:10 PM,Order,Order='2cdff089f7a94e99a9174086f4a796e3/Sim102' Name='Target2' New state='Working' Instrument='MES SEP26' Action='Sell' Limit price=7517.25 Stop price=0 Quantity=7 Type='Limit' Time in force=GTC Oco='2eb02b8c9aa64363a9cf3fd0cf3d5fea' Filled=0 Fill price=0 Error='No error' Native error='',
7/20/2026 9:18:10 PM,Order,Order='2cdff089f7a94e99a9174086f4a796e3/Sim102' Name='Target2' New state='Accepted' Instrument='MES SEP26' Action='Sell' Limit price=7517.25 Stop price=0 Quantity=7 Type='Limit' Time in force=GTC Oco='2eb02b8c9aa64363a9cf3fd0cf3d5fea' Filled=0 Fill price=0 Error='No error' Native error='',
7/20/2026 9:18:10 PM,Order,Order='fc24237fccb241718d5709a1a1a643bc/Sim102' Name='Stop2' New state='Accepted' Instrument='MES SEP26' Action='Sell' Limit price=0 Stop price=7508.25 Quantity=7 Type='Stop Market' Time in force=GTC Oco='2eb02b8c9aa64363a9cf3fd0cf3d5fea' Filled=0 Fill price=0 Error='No error' Native error='',
7/20/2026 9:18:10 PM,Order,Order='7627210826d3483489c77219c5567c65/Sim102' Name='Target1' New state='Working' Instrument='MES SEP26' Action='Sell' Limit price=7516.75 Stop price=0 Quantity=6 Type='Limit' Time in force=GTC Oco='19e1a54501ef484aa69805ea398907d2' Filled=0 Fill price=0 Error='No error' Native error='',
7/20/2026 9:18:10 PM,Order,Order='7627210826d3483489c77219c5567c65/Sim102' Name='Target1' New state='Accepted' Instrument='MES SEP26' Action='Sell' Limit price=7516.75 Stop price=0 Quantity=6 Type='Limit' Time in force=GTC Oco='19e1a54501ef484aa69805ea398907d2' Filled=0 Fill price=0 Error='No error' Native error='',
7/20/2026 9:18:10 PM,Order,Order='6d87075879c241ba97b3b85b2f685522/Sim102' Name='Stop1' New state='Accepted' Instrument='MES SEP26' Action='Sell' Limit price=0 Stop price=7508.25 Quantity=6 Type='Stop Market' Time in force=GTC Oco='19e1a54501ef484aa69805ea398907d2' Filled=0 Fill price=0 Error='No error' Native error='',
7/20/2026 9:18:10 PM,Order,Order='2cdff089f7a94e99a9174086f4a796e3/Sim102' Name='Target2' New state='Submitted' Instrument='MES SEP26' Action='Sell' Limit price=7517.25 Stop price=0 Quantity=7 Type='Limit' Time in force=GTC Oco='2eb02b8c9aa64363a9cf3fd0cf3d5fea' Filled=0 Fill price=0 Error='No error' Native error='',
7/20/2026 9:18:10 PM,Order,Order='fc24237fccb241718d5709a1a1a643bc/Sim102' Name='Stop2' New state='Submitted' Instrument='MES SEP26' Action='Sell' Limit price=0 Stop price=7508.25 Quantity=7 Type='Stop Market' Time in force=GTC Oco='2eb02b8c9aa64363a9cf3fd0cf3d5fea' Filled=0 Fill price=0 Error='No error' Native error='',
7/20/2026 9:18:10 PM,Order,Order='7627210826d3483489c77219c5567c65/Sim102' Name='Target1' New state='Submitted' Instrument='MES SEP26' Action='Sell' Limit price=7516.75 Stop price=0 Quantity=6 Type='Limit' Time in force=GTC Oco='19e1a54501ef484aa69805ea398907d2' Filled=0 Fill price=0 Error='No error' Native error='',
7/20/2026 9:18:10 PM,Order,Order='6d87075879c241ba97b3b85b2f685522/Sim102' Name='Stop1' New state='Submitted' Instrument='MES SEP26' Action='Sell' Limit price=0 Stop price=7508.25 Quantity=6 Type='Stop Market' Time in force=GTC Oco='19e1a54501ef484aa69805ea398907d2' Filled=0 Fill price=0 Error='No error' Native error='',
7/20/2026 9:18:10 PM,Position,Instrument='MES SEP26' Account='Sim102' Average price=7514.25 Quantity=13 Market position=Long Operation=Operation_Add,
7/20/2026 9:18:10 PM,Execution,Execution='b03c44bf40874d78bff3d2dbaccbe17e' Instrument='MES SEP26' Account='Sim102' Exchange=Default Price=7514.25 Quantity=13 Market position=Long Operation=Operation_Add Order='2d8f1abcb1e44ada89f56e2d68bd5f64' Time='7/20/2026 9:18 PM',
7/20/2026 9:18:10 PM,Order,Order='2d8f1abcb1e44ada89f56e2d68bd5f64/Sim102' Name='Entry' New state='Filled' Instrument='MES SEP26' Action='Buy' Limit price=0 Stop price=0 Quantity=13 Type='Market' Time in force=GTC Oco='' Filled=13 Fill price=7514.25 Error='No error' Native error='',
7/20/2026 9:18:10 PM,Order,Order='2d8f1abcb1e44ada89f56e2d68bd5f64/Sim102' Name='Entry' New state='Working' Instrument='MES SEP26' Action='Buy' Limit price=0 Stop price=0 Quantity=13 Type='Market' Time in force=GTC Oco='' Filled=0 Fill price=0 Error='No error' Native error='',
7/20/2026 9:18:10 PM,Order,Order='2d8f1abcb1e44ada89f56e2d68bd5f64/Sim102' Name='Entry' New state='Accepted' Instrument='MES SEP26' Action='Buy' Limit price=0 Stop price=0 Quantity=13 Type='Market' Time in force=GTC Oco='' Filled=0 Fill price=0 Error='No error' Native error='',
7/20/2026 9:18:10 PM,Order,Order='2d8f1abcb1e44ada89f56e2d68bd5f64/Sim102' Name='Entry' New state='Submitted' Instrument='MES SEP26' Action='Buy' Limit price=0 Stop price=0 Quantity=13 Type='Market' Time in force=GTC Oco='' Filled=0 Fill price=0 Error='No error' Native error='',
7/20/2026 9:18:10 PM,Order,Chart Trader submitting order with strategy 'MES MIN SL6 - 1' (Ticks),
7/20/2026 9:17:35 PM,Position,Instrument='MES SEP26' Account='Sim102' Average price=0 Quantity=0 Market position=Flat Operation=Remove,
7/20/2026 9:17:35 PM,Execution,Execution='f0c543997997413f88bf6a73a6976305' Instrument='MES SEP26' Account='Sim102' Exchange=Default Price=7514 Quantity=13 Market position=Short Operation=Operation_Add Order='ca2050485b984185a287dae3d34eb527' Time='7/20/2026 9:17 PM',
7/20/2026 9:17:35 PM,Order,Order='ca2050485b984185a287dae3d34eb527/Sim102' Name='Close' New state='Filled' Instrument='MES SEP26' Action='Sell' Limit price=0 Stop price=0 Quantity=13 Type='Market' Time in force=DAY Oco='' Filled=13 Fill price=7514 Error='No error' Native error='',
7/20/2026 9:17:35 PM,Order,Order='ca2050485b984185a287dae3d34eb527/Sim102' Name='Close' New state='Working' Instrument='MES SEP26' Action='Sell' Limit price=0 Stop price=0 Quantity=13 Type='Market' Time in force=DAY Oco='' Filled=0 Fill price=0 Error='No error' Native error='',
7/20/2026 9:17:35 PM,Order,Order='ca2050485b984185a287dae3d34eb527/Sim102' Name='Close' New state='Accepted' Instrument='MES SEP26' Action='Sell' Limit price=0 Stop price=0 Quantity=13 Type='Market' Time in force=DAY Oco='' Filled=0 Fill price=0 Error='No error' Native error='',
7/20/2026 9:17:35 PM,Order,Order='ca2050485b984185a287dae3d34eb527/Sim102' Name='Close' New state='Submitted' Instrument='MES SEP26' Action='Sell' Limit price=0 Stop price=0 Quantity=13 Type='Market' Time in force=DAY Oco='' Filled=0 Fill price=0 Error='No error' Native error='',
7/20/2026 9:17:35 PM,Order,Order='897c9df7512d4b81b7347d050f8f8e2c/Sim102' Name='Stop1' New state='Cancelled' Instrument='MES SEP26' Action='Sell' Limit price=0 Stop price=7508.75 Quantity=6 Type='Stop Market' Time in force=GTC Oco='495d2c10dd1947068823b6ac97b14ba9' Filled=0 Fill price=0 Error='No error' Native error='',
7/20/2026 9:17:35 PM,Order,Order='60fce9d349dc40b6a3daf254a7d5cb08/Sim102' Name='Target2' New state='Cancelled' Instrument='MES SEP26' Action='Sell' Limit price=7517.75 Stop price=0 Quantity=7 Type='Limit' Time in force=GTC Oco='62b79e886ccd40a18bc77c5145580267' Filled=0 Fill price=0 Error='No error' Native error='',
7/20/2026 9:17:35 PM,Order,Order='325621a93c4e418ea47f5aa38719f4f3/Sim102' Name='Target1' New state='Cancelled' Instrument='MES SEP26' Action='Sell' Limit price=7517.25 Stop price=0 Quantity=6 Type='Limit' Time in force=GTC Oco='495d2c10dd1947068823b6ac97b14ba9' Filled=0 Fill price=0 Error='No error' Native error='',
7/20/2026 9:17:35 PM,Order,Order='e1d7f5f7f76f4729bf1dff43f655b54b/Sim102' Name='Stop2' New state='Cancelled' Instrument='MES SEP26' Action='Sell' Limit price=0 Stop price=7508.75 Quantity=7 Type='Stop Market' Time in force=GTC Oco='62b79e886ccd40a18bc77c5145580267' Filled=0 Fill price=0 Error='No error' Native error='',
7/20/2026 9:17:35 PM,Order,Order='e1d7f5f7f76f4729bf1dff43f655b54b/Sim102' Name='Stop2' New state='Cancel submitted' Instrument='MES SEP26' Action='Sell' Limit price=0 Stop price=7508.75 Quantity=7 Type='Stop Market' Time in force=GTC Oco='62b79e886ccd40a18bc77c5145580267' Filled=0 Fill price=0 Error='No error' Native error='',
7/20/2026 9:17:35 PM,Order,Order='897c9df7512d4b81b7347d050f8f8e2c/Sim102' Name='Stop1' New state='Cancel submitted' Instrument='MES SEP26' Action='Sell' Limit price=0 Stop price=7508.75 Quantity=6 Type='Stop Market' Time in force=GTC Oco='495d2c10dd1947068823b6ac97b14ba9' Filled=0 Fill price=0 Error='No error' Native error='',
7/20/2026 9:17:35 PM,Order,Order='60fce9d349dc40b6a3daf254a7d5cb08/Sim102' Name='Target2' New state='Cancel submitted' Instrument='MES SEP26' Action='Sell' Limit price=7517.75 Stop price=0 Quantity=7 Type='Limit' Time in force=GTC Oco='62b79e886ccd40a18bc77c5145580267' Filled=0 Fill price=0 Error='No error' Native error='',
7/20/2026 9:17:35 PM,Order,Order='325621a93c4e418ea47f5aa38719f4f3/Sim102' Name='Target1' New state='Cancel submitted' Instrument='MES SEP26' Action='Sell' Limit price=7517.25 Stop price=0 Quantity=6 Type='Limit' Time in force=GTC Oco='495d2c10dd1947068823b6ac97b14ba9' Filled=0 Fill price=0 Error='No error' Native error='',
7/20/2026 9:17:35 PM,Default,Chart Trader close position,
7/20/2026 9:16:24 PM,Position,Instrument='MES SEP26' Account='Sim101' Average price=0 Quantity=0 Market position=Flat Operation=Remove,
7/20/2026 9:16:24 PM,Execution,Execution='c78ef6cafcfa42edb698e267a0b59122' Instrument='MES SEP26' Account='Sim101' Exchange=Default Price=7514.5 Quantity=13 Market position=Long Operation=Operation_Add Order='4986e71c0d3f412db837b256f2ec7555' Time='7/20/2026 9:16 PM',
7/20/2026 9:16:24 PM,Order,Order='4986e71c0d3f412db837b256f2ec7555/Sim101' Name='Close' New state='Filled' Instrument='MES SEP26' Action='Buy to cover' Limit price=0 Stop price=0 Quantity=13 Type='Market' Time in force=DAY Oco='' Filled=13 Fill price=7514.5 Error='No error' Native error='',
7/20/2026 9:16:24 PM,Order,Order='4986e71c0d3f412db837b256f2ec7555/Sim101' Name='Close' New state='Working' Instrument='MES SEP26' Action='Buy to cover' Limit price=0 Stop price=0 Quantity=13 Type='Market' Time in force=DAY Oco='' Filled=0 Fill price=0 Error='No error' Native error='',
7/20/2026 9:16:24 PM,Order,Order='4986e71c0d3f412db837b256f2ec7555/Sim101' Name='Close' New state='Accepted' Instrument='MES SEP26' Action='Buy to cover' Limit price=0 Stop price=0 Quantity=13 Type='Market' Time in force=DAY Oco='' Filled=0 Fill price=0 Error='No error' Native error='',
7/20/2026 9:16:23 PM,Order,Order='4986e71c0d3f412db837b256f2ec7555/Sim101' Name='Close' New state='Submitted' Instrument='MES SEP26' Action='Buy to cover' Limit price=0 Stop price=0 Quantity=13 Type='Market' Time in force=DAY Oco='' Filled=0 Fill price=0 Error='No error' Native error='',
7/20/2026 9:16:23 PM,Order,Order='062bca1c39d2475c978c961618151f85/Sim101' Name='Stop1' New state='Cancelled' Instrument='MES SEP26' Action='Buy to cover' Limit price=0 Stop price=7520.5 Quantity=6 Type='Stop Market' Time in force=GTC Oco='4f7a55003fd8441d88b71a64297a7504' Filled=0 Fill price=0 Error='No error' Native error='',
7/20/2026 9:16:23 PM,Order,Order='64e4d4ebc7664435880a3d029c584c2d/Sim101' Name='Target2' New state='Cancelled' Instrument='MES SEP26' Action='Buy to cover' Limit price=7511.5 Stop price=0 Quantity=7 Type='Limit' Time in force=GTC Oco='b9fc1409e15b450493025d34e01a7db1' Filled=0 Fill price=0 Error='No error' Native error='',
7/20/2026 9:16:23 PM,Order,Order='5a4e53a4f728493cae606b993700d80d/Sim101' Name='Target1' New state='Cancelled' Instrument='MES SEP26' Action='Buy to cover' Limit price=7512 Stop price=0 Quantity=6 Type='Limit' Time in force=GTC Oco='4f7a55003fd8441d88b71a64297a7504' Filled=0 Fill price=0 Error='No error' Native error='',
7/20/2026 9:16:23 PM,Order,Order='3bf56209de0e4eaa97d06c0ee0a2ad87/Sim101' Name='Stop2' New state='Cancelled' Instrument='MES SEP26' Action='Buy to cover' Limit price=0 Stop price=7520.5 Quantity=7 Type='Stop Market' Time in force=GTC Oco='b9fc1409e15b450493025d34e01a7db1' Filled=0 Fill price=0 Error='No error' Native error='',
7/20/2026 9:16:23 PM,Order,Order='3bf56209de0e4eaa97d06c0ee0a2ad87/Sim101' Name='Stop2' New state='Cancel submitted' Instrument='MES SEP26' Action='Buy to cover' Limit price=0 Stop price=7520.5 Quantity=7 Type='Stop Market' Time in force=GTC Oco='b9fc1409e15b450493025d34e01a7db1' Filled=0 Fill price=0 Error='No error' Native error='',
7/20/2026 9:16:23 PM,Order,Order='062bca1c39d2475c978c961618151f85/Sim101' Name='Stop1' New state='Cancel submitted' Instrument='MES SEP26' Action='Buy to cover' Limit price=0 Stop price=7520.5 Quantity=6 Type='Stop Market' Time in force=GTC Oco='4f7a55003fd8441d88b71a64297a7504' Filled=0 Fill price=0 Error='No error' Native error='',
7/20/2026 9:16:23 PM,Order,Order='64e4d4ebc7664435880a3d029c584c2d/Sim101' Name='Target2' New state='Cancel submitted' Instrument='MES SEP26' Action='Buy to cover' Limit price=7511.5 Stop price=0 Quantity=7 Type='Limit' Time in force=GTC Oco='b9fc1409e15b450493025d34e01a7db1' Filled=0 Fill price=0 Error='No error' Native error='',
7/20/2026 9:16:23 PM,Order,Order='5a4e53a4f728493cae606b993700d80d/Sim101' Name='Target1' New state='Cancel submitted' Instrument='MES SEP26' Action='Buy to cover' Limit price=7512 Stop price=0 Quantity=6 Type='Limit' Time in force=GTC Oco='4f7a55003fd8441d88b71a64297a7504' Filled=0 Fill price=0 Error='No error' Native error='',
7/20/2026 9:16:23 PM,Default,Chart Trader close position,
7/20/2026 9:14:47 PM,Order,Order='3bf56209de0e4eaa97d06c0ee0a2ad87/Sim101' Name='Stop2' New state='Accepted' Instrument='MES SEP26' Action='Buy to cover' Limit price=0 Stop price=7520.5 Quantity=7 Type='Stop Market' Time in force=GTC Oco='b9fc1409e15b450493025d34e01a7db1' Filled=0 Fill price=0 Error='No error' Native error='',
7/20/2026 9:14:47 PM,Order,Order='062bca1c39d2475c978c961618151f85/Sim101' Name='Stop1' New state='Accepted' Instrument='MES SEP26' Action='Buy to cover' Limit price=0 Stop price=7520.5 Quantity=6 Type='Stop Market' Time in force=GTC Oco='4f7a55003fd8441d88b71a64297a7504' Filled=0 Fill price=0 Error='No error' Native error='',
7/20/2026 9:14:47 PM,Order,Order='3bf56209de0e4eaa97d06c0ee0a2ad87/Sim101' Name='Stop2' New state='Change submitted' Instrument='MES SEP26' Action='Buy to cover' Limit price=0 Stop price=7520.5 Quantity=7 Type='Stop Market' Time in force=GTC Oco='b9fc1409e15b450493025d34e01a7db1' Filled=0 Fill price=0 Error='No error' Native error='',
7/20/2026 9:14:47 PM,Order,Order='062bca1c39d2475c978c961618151f85/Sim101' Name='Stop1' New state='Change submitted' Instrument='MES SEP26' Action='Buy to cover' Limit price=0 Stop price=7520.5 Quantity=6 Type='Stop Market' Time in force=GTC Oco='4f7a55003fd8441d88b71a64297a7504' Filled=0 Fill price=0 Error='No error' Native error='',
7/20/2026 9:14:13 PM,Order,Order='5a4e53a4f728493cae606b993700d80d/Sim101' Name='Target1' New state='Working' Instrument='MES SEP26' Action='Buy to cover' Limit price=7512 Stop price=0 Quantity=6 Type='Limit' Time in force=GTC Oco='4f7a55003fd8441d88b71a64297a7504' Filled=0 Fill price=0 Error='No error' Native error='',
7/20/2026 9:14:13 PM,Order,Order='64e4d4ebc7664435880a3d029c584c2d/Sim101' Name='Target2' New state='Working' Instrument='MES SEP26' Action='Buy to cover' Limit price=7511.5 Stop price=0 Quantity=7 Type='Limit' Time in force=GTC Oco='b9fc1409e15b450493025d34e01a7db1' Filled=0 Fill price=0 Error='No error' Native error='',
7/20/2026 9:14:13 PM,Order,Order='64e4d4ebc7664435880a3d029c584c2d/Sim101' Name='Target2' New state='Accepted' Instrument='MES SEP26' Action='Buy to cover' Limit price=7511.5 Stop price=0 Quantity=7 Type='Limit' Time in force=GTC Oco='b9fc1409e15b450493025d34e01a7db1' Filled=0 Fill price=0 Error='No error' Native error='',
7/20/2026 9:14:13 PM,Order,Order='3bf56209de0e4eaa97d06c0ee0a2ad87/Sim101' Name='Stop2' New state='Accepted' Instrument='MES SEP26' Action='Buy to cover' Limit price=0 Stop price=7520.5 Quantity=7 Type='Stop Market' Time in force=GTC Oco='b9fc1409e15b450493025d34e01a7db1' Filled=0 Fill price=0 Error='No error' Native error='',
7/20/2026 9:14:13 PM,Order,Order='5a4e53a4f728493cae606b993700d80d/Sim101' Name='Target1' New state='Accepted' Instrument='MES SEP26' Action='Buy to cover' Limit price=7512 Stop price=0 Quantity=6 Type='Limit' Time in force=GTC Oco='4f7a55003fd8441d88b71a64297a7504' Filled=0 Fill price=0 Error='No error' Native error='',
7/20/2026 9:14:13 PM,Order,Order='062bca1c39d2475c978c961618151f85/Sim101' Name='Stop1' New state='Accepted' Instrument='MES SEP26' Action='Buy to cover' Limit price=0 Stop price=7520.5 Quantity=6 Type='Stop Market' Time in force=GTC Oco='4f7a55003fd8441d88b71a64297a7504' Filled=0 Fill price=0 Error='No error' Native error='',
7/20/2026 9:14:13 PM,Order,Order='64e4d4ebc7664435880a3d029c584c2d/Sim101' Name='Target2' New state='Submitted' Instrument='MES SEP26' Action='Buy to cover' Limit price=7511.5 Stop price=0 Quantity=7 Type='Limit' Time in force=GTC Oco='b9fc1409e15b450493025d34e01a7db1' Filled=0 Fill price=0 Error='No error' Native error='',
7/20/2026 9:14:13 PM,Order,Order='3bf56209de0e4eaa97d06c0ee0a2ad87/Sim101' Name='Stop2' New state='Submitted' Instrument='MES SEP26' Action='Buy to cover' Limit price=0 Stop price=7520.5 Quantity=7 Type='Stop Market' Time in force=GTC Oco='b9fc1409e15b450493025d34e01a7db1' Filled=0 Fill price=0 Error='No error' Native error='',
7/20/2026 9:14:13 PM,Order,Order='5a4e53a4f728493cae606b993700d80d/Sim101' Name='Target1' New state='Submitted' Instrument='MES SEP26' Action='Buy to cover' Limit price=7512 Stop price=0 Quantity=6 Type='Limit' Time in force=GTC Oco='4f7a55003fd8441d88b71a64297a7504' Filled=0 Fill price=0 Error='No error' Native error='',
7/20/2026 9:14:13 PM,Order,Order='062bca1c39d2475c978c961618151f85/Sim101' Name='Stop1' New state='Submitted' Instrument='MES SEP26' Action='Buy to cover' Limit price=0 Stop price=7520.5 Quantity=6 Type='Stop Market' Time in force=GTC Oco='4f7a55003fd8441d88b71a64297a7504' Filled=0 Fill price=0 Error='No error' Native error='',
7/20/2026 9:14:13 PM,Position,Instrument='MES SEP26' Account='Sim101' Average price=7514.5 Quantity=13 Market position=Short Operation=Operation_Add,
7/20/2026 9:14:13 PM,Execution,Execution='52cdd4d923dc4707b75dc181a7d1b863' Instrument='MES SEP26' Account='Sim101' Exchange=Default Price=7514.5 Quantity=13 Market position=Short Operation=Operation_Add Order='332a8701ac2b407eb7b0f652dcf8d506' Time='7/20/2026 9:14 PM',
7/20/2026 9:14:13 PM,Order,Order='332a8701ac2b407eb7b0f652dcf8d506/Sim101' Name='Entry' New state='Filled' Instrument='MES SEP26' Action='Sell' Limit price=0 Stop price=0 Quantity=13 Type='Market' Time in force=GTC Oco='' Filled=13 Fill price=7514.5 Error='No error' Native error='',
7/20/2026 9:14:13 PM,Order,Order='332a8701ac2b407eb7b0f652dcf8d506/Sim101' Name='Entry' New state='Working' Instrument='MES SEP26' Action='Sell' Limit price=0 Stop price=0 Quantity=13 Type='Market' Time in force=GTC Oco='' Filled=0 Fill price=0 Error='No error' Native error='',
7/20/2026 9:14:13 PM,Order,Order='332a8701ac2b407eb7b0f652dcf8d506/Sim101' Name='Entry' New state='Accepted' Instrument='MES SEP26' Action='Sell' Limit price=0 Stop price=0 Quantity=13 Type='Market' Time in force=GTC Oco='' Filled=0 Fill price=0 Error='No error' Native error='',
7/20/2026 9:14:13 PM,Order,Order='332a8701ac2b407eb7b0f652dcf8d506/Sim101' Name='Entry' New state='Submitted' Instrument='MES SEP26' Action='Sell' Limit price=0 Stop price=0 Quantity=13 Type='Market' Time in force=GTC Oco='' Filled=0 Fill price=0 Error='No error' Native error='',
7/20/2026 9:14:13 PM,Order,Chart Trader submitting order with strategy 'MES MIN SL6 - 2' (Ticks),
7/20/2026 9:14:12 PM,Order,Order='60fce9d349dc40b6a3daf254a7d5cb08/Sim102' Name='Target2' New state='Working' Instrument='MES SEP26' Action='Sell' Limit price=7517.75 Stop price=0 Quantity=7 Type='Limit' Time in force=GTC Oco='62b79e886ccd40a18bc77c5145580267' Filled=0 Fill price=0 Error='No error' Native error='',
7/20/2026 9:14:12 PM,Order,Order='60fce9d349dc40b6a3daf254a7d5cb08/Sim102' Name='Target2' New state='Accepted' Instrument='MES SEP26' Action='Sell' Limit price=7517.75 Stop price=0 Quantity=7 Type='Limit' Time in force=GTC Oco='62b79e886ccd40a18bc77c5145580267' Filled=0 Fill price=0 Error='No error' Native error='',
7/20/2026 9:14:12 PM,Order,Order='e1d7f5f7f76f4729bf1dff43f655b54b/Sim102' Name='Stop2' New state='Accepted' Instrument='MES SEP26' Action='Sell' Limit price=0 Stop price=7508.75 Quantity=7 Type='Stop Market' Time in force=GTC Oco='62b79e886ccd40a18bc77c5145580267' Filled=0 Fill price=0 Error='No error' Native error='',
7/20/2026 9:14:12 PM,Order,Order='325621a93c4e418ea47f5aa38719f4f3/Sim102' Name='Target1' New state='Working' Instrument='MES SEP26' Action='Sell' Limit price=7517.25 Stop price=0 Quantity=6 Type='Limit' Time in force=GTC Oco='495d2c10dd1947068823b6ac97b14ba9' Filled=0 Fill price=0 Error='No error' Native error='',
7/20/2026 9:14:12 PM,Order,Order='325621a93c4e418ea47f5aa38719f4f3/Sim102' Name='Target1' New state='Accepted' Instrument='MES SEP26' Action='Sell' Limit price=7517.25 Stop price=0 Quantity=6 Type='Limit' Time in force=GTC Oco='495d2c10dd1947068823b6ac97b14ba9' Filled=0 Fill price=0 Error='No error' Native error='',
7/20/2026 9:14:12 PM,Order,Order='897c9df7512d4b81b7347d050f8f8e2c/Sim102' Name='Stop1' New state='Accepted' Instrument='MES SEP26' Action='Sell' Limit price=0 Stop price=7508.75 Quantity=6 Type='Stop Market' Time in force=GTC Oco='495d2c10dd1947068823b6ac97b14ba9' Filled=0 Fill price=0 Error='No error' Native error='',
7/20/2026 9:14:12 PM,Order,Order='60fce9d349dc40b6a3daf254a7d5cb08/Sim102' Name='Target2' New state='Submitted' Instrument='MES SEP26' Action='Sell' Limit price=7517.75 Stop price=0 Quantity=7 Type='Limit' Time in force=GTC Oco='62b79e886ccd40a18bc77c5145580267' Filled=0 Fill price=0 Error='No error' Native error='',
7/20/2026 9:14:12 PM,Order,Order='e1d7f5f7f76f4729bf1dff43f655b54b/Sim102' Name='Stop2' New state='Submitted' Instrument='MES SEP26' Action='Sell' Limit price=0 Stop price=7508.75 Quantity=7 Type='Stop Market' Time in force=GTC Oco='62b79e886ccd40a18bc77c5145580267' Filled=0 Fill price=0 Error='No error' Native error='',
7/20/2026 9:14:12 PM,Order,Order='325621a93c4e418ea47f5aa38719f4f3/Sim102' Name='Target1' New state='Submitted' Instrument='MES SEP26' Action='Sell' Limit price=7517.25 Stop price=0 Quantity=6 Type='Limit' Time in force=GTC Oco='495d2c10dd1947068823b6ac97b14ba9' Filled=0 Fill price=0 Error='No error' Native error='',
7/20/2026 9:14:12 PM,Order,Order='897c9df7512d4b81b7347d050f8f8e2c/Sim102' Name='Stop1' New state='Submitted' Instrument='MES SEP26' Action='Sell' Limit price=0 Stop price=7508.75 Quantity=6 Type='Stop Market' Time in force=GTC Oco='495d2c10dd1947068823b6ac97b14ba9' Filled=0 Fill price=0 Error='No error' Native error='',
7/20/2026 9:14:12 PM,Position,Instrument='MES SEP26' Account='Sim102' Average price=7514.7692307692305 Quantity=13 Market position=Long Operation=Update,
7/20/2026 9:14:12 PM,Execution,Execution='e19dd9c453684d328a71c702931c7ebd' Instrument='MES SEP26' Account='Sim102' Exchange=Default Price=7515 Quantity=1 Market position=Long Operation=Operation_Add Order='3376b02c149a472ca8133832d557d5ae' Time='7/20/2026 9:14 PM',
7/20/2026 9:14:12 PM,Order,Order='3376b02c149a472ca8133832d557d5ae/Sim102' Name='Entry' New state='Filled' Instrument='MES SEP26' Action='Buy' Limit price=0 Stop price=0 Quantity=13 Type='Market' Time in force=GTC Oco='' Filled=13 Fill price=7514.7692307692305 Error='No error' Native error='',
7/20/2026 9:14:12 PM,Position,Instrument='MES SEP26' Account='Sim102' Average price=7514.75 Quantity=12 Market position=Long Operation=Operation_Add,
7/20/2026 9:14:12 PM,Execution,Execution='d42de53370804927a41718eee52b8c7c' Instrument='MES SEP26' Account='Sim102' Exchange=Default Price=7514.75 Quantity=12 Market position=Long Operation=Operation_Add Order='3376b02c149a472ca8133832d557d5ae' Time='7/20/2026 9:14 PM',
7/20/2026 9:14:12 PM,Order,Order='3376b02c149a472ca8133832d557d5ae/Sim102' Name='Entry' New state='Partially filled' Instrument='MES SEP26' Action='Buy' Limit price=0 Stop price=0 Quantity=13 Type='Market' Time in force=GTC Oco='' Filled=12 Fill price=7514.75 Error='No error' Native error='',
7/20/2026 9:14:12 PM,Order,Order='3376b02c149a472ca8133832d557d5ae/Sim102' Name='Entry' New state='Working' Instrument='MES SEP26' Action='Buy' Limit price=0 Stop price=0 Quantity=13 Type='Market' Time in force=GTC Oco='' Filled=0 Fill price=0 Error='No error' Native error='',
7/20/2026 9:14:12 PM,Order,Order='3376b02c149a472ca8133832d557d5ae/Sim102' Name='Entry' New state='Accepted' Instrument='MES SEP26' Action='Buy' Limit price=0 Stop price=0 Quantity=13 Type='Market' Time in force=GTC Oco='' Filled=0 Fill price=0 Error='No error' Native error='',
7/20/2026 9:14:11 PM,Order,Order='3376b02c149a472ca8133832d557d5ae/Sim102' Name='Entry' New state='Submitted' Instrument='MES SEP26' Action='Buy' Limit price=0 Stop price=0 Quantity=13 Type='Market' Time in force=GTC Oco='' Filled=0 Fill price=0 Error='No error' Native error='',
7/20/2026 9:14:11 PM,Order,Chart Trader submitting order with strategy 'MES MIN SL6 - 1' (Ticks),
7/20/2026 9:12:59 PM,Connection,Using HDS (hds-us-nt-016.ninjatrader.com/31655),
7/20/2026 9:12:59 PM,Connection,Time to auto close position='12:00:00 AM' Enabled=False,
7/20/2026 9:12:59 PM,Connection,My Rithmic for NinjaTrader Brokerage: Primary connection=Connected Price feed=Connected,
7/20/2026 9:12:55 PM,Default,Restoring workspace '3'...,
7/20/2026 9:12:43 PM,Default,Restoring workspace 'Testing'...,
7/20/2026 9:12:42 PM,Default,Auto close enabled=False,
7/20/2026 9:12:42 PM,Order,Order entry hot keys disabled,
7/20/2026 9:12:42 PM,Connection,My Rithmic for NinjaTrader Brokerage: Primary connection=Connecting Price feed=Connecting,
7/20/2026 9:12:42 PM,Default,Auto connecting 'My Rithmic for NinjaTrader Brokerage'...,
7/20/2026 9:12:42 PM,Default,Automated trading disabled,
7/20/2026 9:12:42 PM,Connection,Using IS (is-us-nt-005.ninjatrader.com/31658),
7/20/2026 9:12:38 PM,Default,Global simulation mode disabled,
7/20/2026 9:12:19 PM,Default,Session Break (Version 8.1.7.2),
7/20/2026 2:25:00 PM,Connection,My Rithmic for NinjaTrader Brokerage: Primary connection=Disconnected Price feed=Disconnected,
7/20/2026 2:25:00 PM,Connection,My Rithmic for NinjaTrader Brokerage: Primary connection=Disconnecting Price feed=Disconnecting,
7/20/2026 2:24:59 PM,Default,Workspace Testing not saved,
7/20/2026 2:24:59 PM,Default,Workspace 3 not saved,
7/20/2026 2:21:26 PM,Connection,Using HDS (hds-us-nt-013.ninjatrader.com/31655),
7/20/2026 2:21:26 PM,Connection,Time to auto close position='12:00:00 AM' Enabled=False,
7/20/2026 2:21:26 PM,Connection,My Rithmic for NinjaTrader Brokerage: Primary connection=Connected Price feed=Connected,
7/20/2026 2:21:23 PM,Default,Restoring workspace '3'...,
7/20/2026 2:21:10 PM,Default,Restoring workspace 'Testing'...,
7/20/2026 2:21:08 PM,Default,Auto close enabled=False,
7/20/2026 2:21:08 PM,Order,Order entry hot keys disabled,
7/20/2026 2:21:08 PM,Connection,My Rithmic for NinjaTrader Brokerage: Primary connection=Connecting Price feed=Connecting,
7/20/2026 2:21:08 PM,Default,Auto connecting 'My Rithmic for NinjaTrader Brokerage'...,
7/20/2026 2:21:08 PM,Default,Automated trading disabled,
7/20/2026 2:21:08 PM,Connection,Using IS (is-us-nt-006.ninjatrader.com/31658),
7/20/2026 2:21:05 PM,Default,Global simulation mode disabled,
7/20/2026 2:20:48 PM,Default,Session Break (Version 8.1.7.2),
7/20/2026 11:11:11 AM,Connection,My Rithmic for NinjaTrader Brokerage: Primary connection=Disconnected Price feed=Disconnected,
7/20/2026 11:11:10 AM,Connection,My Rithmic for NinjaTrader Brokerage: Primary connection=Disconnecting Price feed=Disconnecting,
7/20/2026 11:11:10 AM,Default,Workspace Testing not saved,
7/20/2026 11:11:10 AM,Default,Workspace 3 not saved,
7/20/2026 8:58:55 AM,Order,Order='2829526200/PA-APEX-422136-01' Name='Entry' New state='Cancelled' Instrument='MES SEP26' Action='Sell' Limit price=7532 Stop price=0 Quantity=11 Type='Limit' Time in force=GTC Oco='' Filled=0 Fill price=0 Error='No error' Native error='',
7/20/2026 8:58:55 AM,Order,Order='2829525294/PA-APEX-422136-03' Name='Entry' New state='Cancelled' Instrument='MES SEP26' Action='Sell' Limit price=7532 Stop price=0 Quantity=11 Type='Limit' Time in force=GTC Oco='' Filled=0 Fill price=0 Error='No error' Native error='',
7/20/2026 8:58:55 AM,Order,Order='2829525294/PA-APEX-422136-03' Name='Entry' New state='Cancel submitted' Instrument='MES SEP26' Action='Sell' Limit price=7532 Stop price=0 Quantity=11 Type='Limit' Time in force=GTC Oco='' Filled=0 Fill price=0 Error='No error' Native error='',
7/20/2026 8:58:55 AM,Order,Order='2829526200/PA-APEX-422136-01' Name='Entry' New state='Cancel submitted' Instrument='MES SEP26' Action='Sell' Limit price=7532 Stop price=0 Quantity=11 Type='Limit' Time in force=GTC Oco='' Filled=0 Fill price=0 Error='No error' Native error='',
7/20/2026 8:58:55 AM,Default,Cancel all orders account='PA-APEX-422136-08',
7/20/2026 8:58:55 AM,Default,Cancel all orders account='PA-APEX-422136-07',
7/20/2026 8:58:55 AM,Default,Cancel all orders account='PA-APEX-422136-09',
7/20/2026 8:58:55 AM,Default,Cancel all orders account='Sim101',
7/20/2026 8:58:55 AM,Default,Cancel all orders account='Sim102',
7/20/2026 8:58:55 AM,Default,Cancel all orders account='PA-APEX-422136-03',
7/20/2026 8:58:55 AM,Default,Cancel all orders account='PA-APEX-422136-01',
7/20/2026 8:58:55 AM,Default,Cancel all orders account='PA-APEX-422136-04',
7/20/2026 8:58:55 AM,Default,Cancel all orders account='PA-APEX-422136-06',
7/20/2026 8:58:55 AM,Default,Cancel all orders account='PA-APEX-422136-05',
7/20/2026 8:58:21 AM,Order,Order='2829590150/PA-APEX-422136-07' Name='Entry' New state='Cancelled' Instrument='MES SEP26' Action='Sell' Limit price=7532 Stop price=0 Quantity=13 Type='Limit' Time in force=GTC Oco='' Filled=0 Fill price=0 Error='No error' Native error='',
7/20/2026 8:58:21 AM,Order,Order='2829590150/PA-APEX-422136-07' Name='Entry' New state='Cancel submitted' Instrument='MES SEP26' Action='Sell' Limit price=7532 Stop price=0 Quantity=13 Type='Limit' Time in force=GTC Oco='' Filled=0 Fill price=0 Error='No error' Native error='',
7/20/2026 8:54:21 AM,Order,Order='2829590150/PA-APEX-422136-07' Name='Entry' New state='Accepted' Instrument='MES SEP26' Action='Sell' Limit price=7532 Stop price=0 Quantity=13 Type='Limit' Time in force=GTC Oco='' Filled=0 Fill price=0 Error='No error' Native error='',
7/20/2026 8:54:21 AM,Order,Order='2829590150/PA-APEX-422136-07' Name='Entry' New state='Working' Instrument='MES SEP26' Action='Sell' Limit price=7532 Stop price=0 Quantity=13 Type='Limit' Time in force=GTC Oco='' Filled=0 Fill price=0 Error='No error' Native error='',
7/20/2026 8:54:21 AM,Order,Order='15087b7394d9424ba86d0ad41e0c7fce/PA-APEX-422136-07' Name='Entry' New state='Submitted' Instrument='MES SEP26' Action='Sell' Limit price=7532 Stop price=0 Quantity=13 Type='Limit' Time in force=GTC Oco='' Filled=0 Fill price=0 Error='No error' Native error='',
7/20/2026 8:54:21 AM,Order,Chart Trader submitting order with strategy 'MES MIN SL6 - 3' (Ticks),
7/20/2026 8:29:58 AM,Order,Order='2829526200/PA-APEX-422136-01' Name='Entry' New state='Accepted' Instrument='MES SEP26' Action='Sell' Limit price=7532 Stop price=0 Quantity=11 Type='Limit' Time in force=GTC Oco='' Filled=0 Fill price=0 Error='No error' Native error='',
7/20/2026 8:29:58 AM,Order,Order='2829526200/PA-APEX-422136-01' Name='Entry' New state='Working' Instrument='MES SEP26' Action='Sell' Limit price=7532 Stop price=0 Quantity=11 Type='Limit' Time in force=GTC Oco='' Filled=0 Fill price=0 Error='No error' Native error='',
7/20/2026 8:29:58 AM,Order,Order='91a33cab96944e1eb55853b072669ffa/PA-APEX-422136-01' Name='Entry' New state='Submitted' Instrument='MES SEP26' Action='Sell' Limit price=7532 Stop price=0 Quantity=11 Type='Limit' Time in force=GTC Oco='' Filled=0 Fill price=0 Error='No error' Native error='',
7/20/2026 8:29:58 AM,Order,Chart Trader submitting order with strategy 'MES MIN SL7 - 2' (Ticks),
7/20/2026 8:29:46 AM,Order,Order='2829525294/PA-APEX-422136-03' Name='Entry' New state='Accepted' Instrument='MES SEP26' Action='Sell' Limit price=7532 Stop price=0 Quantity=11 Type='Limit' Time in force=GTC Oco='' Filled=0 Fill price=0 Error='No error' Native error='',
7/20/2026 8:29:46 AM,Order,Order='2829525294/PA-APEX-422136-03' Name='Entry' New state='Working' Instrument='MES SEP26' Action='Sell' Limit price=7532 Stop price=0 Quantity=11 Type='Limit' Time in force=GTC Oco='' Filled=0 Fill price=0 Error='No error' Native error='',
7/20/2026 8:29:46 AM,Order,Order='fb5c25957cc342d1b3528343065bdaa5/PA-APEX-422136-03' Name='Entry' New state='Submitted' Instrument='MES SEP26' Action='Sell' Limit price=7532 Stop price=0 Quantity=11 Type='Limit' Time in force=GTC Oco='' Filled=0 Fill price=0 Error='No error' Native error='',
7/20/2026 8:29:46 AM,Order,Chart Trader submitting order with strategy 'MES MIN SL7 - 1' (Ticks),
7/20/2026 8:01:46 AM,Order,Order='2829339326/PA-APEX-422136-03' Name='Entry' New state='Cancelled' Instrument='MES SEP26' Action='Buy' Limit price=7495 Stop price=0 Quantity=11 Type='Limit' Time in force=GTC Oco='' Filled=0 Fill price=0 Error='No error' Native error='',
7/20/2026 8:01:46 AM,Order,Order='2829339326/PA-APEX-422136-03' Name='Entry' New state='Cancel submitted' Instrument='MES SEP26' Action='Buy' Limit price=7495 Stop price=0 Quantity=11 Type='Limit' Time in force=GTC Oco='' Filled=0 Fill price=0 Error='No error' Native error='',
7/20/2026 8:01:44 AM,Order,Order='2829343262/PA-APEX-422136-01' Name='Entry' New state='Cancelled' Instrument='MES SEP26' Action='Buy' Limit price=7495 Stop price=0 Quantity=11 Type='Limit' Time in force=GTC Oco='' Filled=0 Fill price=0 Error='No error' Native error='',
7/20/2026 8:01:44 AM,Order,Order='2829343262/PA-APEX-422136-01' Name='Entry' New state='Cancel submitted' Instrument='MES SEP26' Action='Buy' Limit price=7495 Stop price=0 Quantity=11 Type='Limit' Time in force=GTC Oco='' Filled=0 Fill price=0 Error='No error' Native error='',
7/20/2026 8:01:44 AM,Order,Order='2829369428/PA-APEX-422136-01' Name='Entry' New state='Cancelled' Instrument='MES SEP26' Action='Sell' Limit price=7516.5 Stop price=0 Quantity=11 Type='Limit' Time in force=GTC Oco='' Filled=0 Fill price=0 Error='No error' Native error='',
7/20/2026 8:01:44 AM,Order,Order='2829369428/PA-APEX-422136-01' Name='Entry' New state='Cancel submitted' Instrument='MES SEP26' Action='Sell' Limit price=7516.5 Stop price=0 Quantity=11 Type='Limit' Time in force=GTC Oco='' Filled=0 Fill price=0 Error='No error' Native error='',
7/20/2026 8:01:43 AM,Order,Order='2829370318/PA-APEX-422136-03' Name='Entry' New state='Cancelled' Instrument='MES SEP26' Action='Sell' Limit price=7516.5 Stop price=0 Quantity=11 Type='Limit' Time in force=GTC Oco='' Filled=0 Fill price=0 Error='No error' Native error='',
7/20/2026 8:01:43 AM,Order,Order='2829370318/PA-APEX-422136-03' Name='Entry' New state='Cancel submitted' Instrument='MES SEP26' Action='Sell' Limit price=7516.5 Stop price=0 Quantity=11 Type='Limit' Time in force=GTC Oco='' Filled=0 Fill price=0 Error='No error' Native error='',
7/20/2026 7:57:20 AM,Order,Order='2829370318/PA-APEX-422136-03' Name='Entry' New state='Accepted' Instrument='MES SEP26' Action='Sell' Limit price=7516.5 Stop price=0 Quantity=11 Type='Limit' Time in force=GTC Oco='' Filled=0 Fill price=0 Error='No error' Native error='',
7/20/2026 7:57:20 AM,Order,Order='2829370318/PA-APEX-422136-03' Name='Entry' New state='Working' Instrument='MES SEP26' Action='Sell' Limit price=7516.5 Stop price=0 Quantity=11 Type='Limit' Time in force=GTC Oco='' Filled=0 Fill price=0 Error='No error' Native error='',
7/20/2026 7:57:20 AM,Order,Order='7f46e603c6d44ca78ccbe75a6a970798/PA-APEX-422136-03' Name='Entry' New state='Submitted' Instrument='MES SEP26' Action='Sell' Limit price=7516.5 Stop price=0 Quantity=11 Type='Limit' Time in force=GTC Oco='' Filled=0 Fill price=0 Error='No error' Native error='',
7/20/2026 7:57:20 AM,Order,Chart Trader submitting order with strategy 'MES MIN SL7 - 8' (Ticks),
7/20/2026 7:57:10 AM,Order,Order='2829363805/PA-APEX-422136-03' Name='Entry' New state='Cancelled' Instrument='MES SEP26' Action='Sell' Limit price=7518 Stop price=0 Quantity=11 Type='Limit' Time in force=GTC Oco='' Filled=0 Fill price=0 Error='No error' Native error='',
7/20/2026 7:57:10 AM,Order,Order='2829363805/PA-APEX-422136-03' Name='Entry' New state='Cancel submitted' Instrument='MES SEP26' Action='Sell' Limit price=7518 Stop price=0 Quantity=11 Type='Limit' Time in force=GTC Oco='' Filled=0 Fill price=0 Error='No error' Native error='',
7/20/2026 7:57:04 AM,Order,Order='2829369428/PA-APEX-422136-01' Name='Entry' New state='Accepted' Instrument='MES SEP26' Action='Sell' Limit price=7516.5 Stop price=0 Quantity=11 Type='Limit' Time in force=GTC Oco='' Filled=0 Fill price=0 Error='No error' Native error='',
7/20/2026 7:57:04 AM,Order,Order='2829369428/PA-APEX-422136-01' Name='Entry' New state='Working' Instrument='MES SEP26' Action='Sell' Limit price=7516.5 Stop price=0 Quantity=11 Type='Limit' Time in force=GTC Oco='' Filled=0 Fill price=0 Error='No error' Native error='',
7/20/2026 7:57:04 AM,Order,Order='bd551bf895ff460694c1b9a71ca66b0b/PA-APEX-422136-01' Name='Entry' New state='Submitted' Instrument='MES SEP26' Action='Sell' Limit price=7516.5 Stop price=0 Quantity=11 Type='Limit' Time in force=GTC Oco='' Filled=0 Fill price=0 Error='No error' Native error='',
7/20/2026 7:57:04 AM,Order,Chart Trader submitting order with strategy 'MES MIN SL7 - 7' (Ticks),
7/20/2026 7:56:58 AM,Order,Order='2829362988/PA-APEX-422136-01' Name='Entry' New state='Cancelled' Instrument='MES SEP26' Action='Sell' Limit price=7518 Stop price=0 Quantity=11 Type='Limit' Time in force=GTC Oco='' Filled=0 Fill price=0 Error='No error' Native error='',
7/20/2026 7:56:58 AM,Order,Order='2829362988/PA-APEX-422136-01' Name='Entry' New state='Cancel submitted' Instrument='MES SEP26' Action='Sell' Limit price=7518 Stop price=0 Quantity=11 Type='Limit' Time in force=GTC Oco='' Filled=0 Fill price=0 Error='No error' Native error='',
7/20/2026 7:56:17 AM,Order,Order='2829363805/PA-APEX-422136-03' Name='Entry' New state='Accepted' Instrument='MES SEP26' Action='Sell' Limit price=7518 Stop price=0 Quantity=11 Type='Limit' Time in force=GTC Oco='' Filled=0 Fill price=0 Error='No error' Native error='',
7/20/2026 7:56:17 AM,Order,Order='2829363805/PA-APEX-422136-03' Name='Entry' New state='Working' Instrument='MES SEP26' Action='Sell' Limit price=7518 Stop price=0 Quantity=11 Type='Limit' Time in force=GTC Oco='' Filled=0 Fill price=0 Error='No error' Native error='',
7/20/2026 7:56:17 AM,Order,Order='2829363805/PA-APEX-422136-03' Name='Entry' New state='Change submitted' Instrument='MES SEP26' Action='Sell' Limit price=7518 Stop price=0 Quantity=11 Type='Limit' Time in force=GTC Oco='' Filled=0 Fill price=0 Error='No error' Native error='',
7/20/2026 7:56:16 AM,Order,Order='2829362988/PA-APEX-422136-01' Name='Entry' New state='Working' Instrument='MES SEP26' Action='Sell' Limit price=7518 Stop price=0 Quantity=11 Type='Limit' Time in force=GTC Oco='' Filled=0 Fill price=0 Error='No error' Native error='',
7/20/2026 7:56:16 AM,Order,Order='2829362988/PA-APEX-422136-01' Name='Entry' New state='Accepted' Instrument='MES SEP26' Action='Sell' Limit price=7518 Stop price=0 Quantity=11 Type='Limit' Time in force=GTC Oco='' Filled=0 Fill price=0 Error='No error' Native error='',
7/20/2026 7:56:16 AM,Order,Order='2829362988/PA-APEX-422136-01' Name='Entry' New state='Change submitted' Instrument='MES SEP26' Action='Sell' Limit price=7518 Stop price=0 Quantity=11 Type='Limit' Time in force=GTC Oco='' Filled=0 Fill price=0 Error='No error' Native error='',
7/20/2026 7:56:13 AM,Order,Order='2829363805/PA-APEX-422136-03' Name='Entry' New state='Working' Instrument='MES SEP26' Action='Sell' Limit price=7518.25 Stop price=0 Quantity=11 Type='Limit' Time in force=GTC Oco='' Filled=0 Fill price=0 Error='No error' Native error='',
7/20/2026 7:56:13 AM,Order,Order='2829363805/PA-APEX-422136-03' Name='Entry' New state='Accepted' Instrument='MES SEP26' Action='Sell' Limit price=7518.25 Stop price=0 Quantity=11 Type='Limit' Time in force=GTC Oco='' Filled=0 Fill price=0 Error='No error' Native error='',
7/20/2026 7:56:13 AM,Order,Order='5687e0e6e89c4a71ae530e87e047e0d1/PA-APEX-422136-03' Name='Entry' New state='Submitted' Instrument='MES SEP26' Action='Sell' Limit price=7518.25 Stop price=0 Quantity=11 Type='Limit' Time in force=GTC Oco='' Filled=0 Fill price=0 Error='No error' Native error='',
7/20/2026 7:56:13 AM,Order,Chart Trader submitting order with strategy 'MES MIN SL7 - 6' (Ticks),
7/20/2026 7:56:07 AM,Order,Order='2829337286/PA-APEX-422136-03' Name='Entry' New state='Cancelled' Instrument='MES SEP26' Action='Sell' Limit price=7531.5 Stop price=0 Quantity=11 Type='Limit' Time in force=GTC Oco='' Filled=0 Fill price=0 Error='No error' Native error='',
7/20/2026 7:56:07 AM,Order,Order='2829337286/PA-APEX-422136-03' Name='Entry' New state='Cancel submitted' Instrument='MES SEP26' Action='Sell' Limit price=7531.5 Stop price=0 Quantity=11 Type='Limit' Time in force=GTC Oco='' Filled=0 Fill price=0 Error='No error' Native error='',
7/20/2026 7:56:05 AM,Order,Order='2829362988/PA-APEX-422136-01' Name='Entry' New state='Accepted' Instrument='MES SEP26' Action='Sell' Limit price=7518.25 Stop price=0 Quantity=11 Type='Limit' Time in force=GTC Oco='' Filled=0 Fill price=0 Error='No error' Native error='',
7/20/2026 7:56:05 AM,Order,Order='2829362988/PA-APEX-422136-01' Name='Entry' New state='Working' Instrument='MES SEP26' Action='Sell' Limit price=7518.25 Stop price=0 Quantity=11 Type='Limit' Time in force=GTC Oco='' Filled=0 Fill price=0 Error='No error' Native error='',
7/20/2026 7:56:05 AM,Order,Order='58a9a8c03c574b42880139e03a4d2626/PA-APEX-422136-01' Name='Entry' New state='Submitted' Instrument='MES SEP26' Action='Sell' Limit price=7518.25 Stop price=0 Quantity=11 Type='Limit' Time in force=GTC Oco='' Filled=0 Fill price=0 Error='No error' Native error='',
7/20/2026 7:56:05 AM,Order,Chart Trader submitting order with strategy 'MES MIN SL7 - 5' (Ticks),
7/20/2026 7:55:52 AM,Order,Order='2829342258/PA-APEX-422136-01' Name='Entry' New state='Cancelled' Instrument='MES SEP26' Action='Sell' Limit price=7531.5 Stop price=0 Quantity=11 Type='Limit' Time in force=GTC Oco='' Filled=0 Fill price=0 Error='No error' Native error='',
7/20/2026 7:55:52 AM,Order,Order='2829342258/PA-APEX-422136-01' Name='Entry' New state='Cancel submitted' Instrument='MES SEP26' Action='Sell' Limit price=7531.5 Stop price=0 Quantity=11 Type='Limit' Time in force=GTC Oco='' Filled=0 Fill price=0 Error='No error' Native error='',
7/20/2026 7:51:53 AM,Order,Order='2829343262/PA-APEX-422136-01' Name='Entry' New state='Accepted' Instrument='MES SEP26' Action='Buy' Limit price=7495 Stop price=0 Quantity=11 Type='Limit' Time in force=GTC Oco='' Filled=0 Fill price=0 Error='No error' Native error='',
7/20/2026 7:51:53 AM,Order,Order='2829343262/PA-APEX-422136-01' Name='Entry' New state='Working' Instrument='MES SEP26' Action='Buy' Limit price=7495 Stop price=0 Quantity=11 Type='Limit' Time in force=GTC Oco='' Filled=0 Fill price=0 Error='No error' Native error='',
7/20/2026 7:51:53 AM,Order,Order='e1f75f2c1cb445d3933604348a03cc46/PA-APEX-422136-01' Name='Entry' New state='Submitted' Instrument='MES SEP26' Action='Buy' Limit price=7495 Stop price=0 Quantity=11 Type='Limit' Time in force=GTC Oco='' Filled=0 Fill price=0 Error='No error' Native error='',
7/20/2026 7:51:53 AM,Order,Chart Trader submitting order with strategy 'MES MIN SL7 - 4' (Ticks),
7/20/2026 7:51:42 AM,Order,Order='2829342258/PA-APEX-422136-01' Name='Entry' New state='Accepted' Instrument='MES SEP26' Action='Sell' Limit price=7531.5 Stop price=0 Quantity=11 Type='Limit' Time in force=GTC Oco='' Filled=0 Fill price=0 Error='No error' Native error='',
7/20/2026 7:51:42 AM,Order,Order='2829342258/PA-APEX-422136-01' Name='Entry' New state='Working' Instrument='MES SEP26' Action='Sell' Limit price=7531.5 Stop price=0 Quantity=11 Type='Limit' Time in force=GTC Oco='' Filled=0 Fill price=0 Error='No error' Native error='',
7/20/2026 7:51:42 AM,Order,Order='98015327ce17496480cee4a5e146af50/PA-APEX-422136-01' Name='Entry' New state='Submitted' Instrument='MES SEP26' Action='Sell' Limit price=7531.5 Stop price=0 Quantity=11 Type='Limit' Time in force=GTC Oco='' Filled=0 Fill price=0 Error='No error' Native error='',
7/20/2026 7:51:42 AM,Order,Chart Trader submitting order with strategy 'MES MIN SL7 - 3' (Ticks),
7/20/2026 7:50:57 AM,Order,Order='2829339326/PA-APEX-422136-03' Name='Entry' New state='Accepted' Instrument='MES SEP26' Action='Buy' Limit price=7495 Stop price=0 Quantity=11 Type='Limit' Time in force=GTC Oco='' Filled=0 Fill price=0 Error='No error' Native error='',
7/20/2026 7:50:57 AM,Order,Order='2829339326/PA-APEX-422136-03' Name='Entry' New state='Working' Instrument='MES SEP26' Action='Buy' Limit price=7495 Stop price=0 Quantity=11 Type='Limit' Time in force=GTC Oco='' Filled=0 Fill price=0 Error='No error' Native error='',
7/20/2026 7:50:57 AM,Order,Order='a7f2ad165a4b44339476da1e3d57bb11/PA-APEX-422136-03' Name='Entry' New state='Submitted' Instrument='MES SEP26' Action='Buy' Limit price=7495 Stop price=0 Quantity=11 Type='Limit' Time in force=GTC Oco='' Filled=0 Fill price=0 Error='No error' Native error='',
7/20/2026 7:50:57 AM,Order,Chart Trader submitting order with strategy 'MES MIN SL7 - 2' (Ticks),
7/20/2026 7:50:29 AM,Order,Order='2829337286/PA-APEX-422136-03' Name='Entry' New state='Working' Instrument='MES SEP26' Action='Sell' Limit price=7531.5 Stop price=0 Quantity=11 Type='Limit' Time in force=GTC Oco='' Filled=0 Fill price=0 Error='No error' Native error='',
7/20/2026 7:50:29 AM,Order,Order='2829337286/PA-APEX-422136-03' Name='Entry' New state='Accepted' Instrument='MES SEP26' Action='Sell' Limit price=7531.5 Stop price=0 Quantity=11 Type='Limit' Time in force=GTC Oco='' Filled=0 Fill price=0 Error='No error' Native error='',
7/20/2026 7:50:29 AM,Order,Order='366fadffbf2d40a4b73f79ff4f99b0d9/PA-APEX-422136-03' Name='Entry' New state='Submitted' Instrument='MES SEP26' Action='Sell' Limit price=7531.5 Stop price=0 Quantity=11 Type='Limit' Time in force=GTC Oco='' Filled=0 Fill price=0 Error='No error' Native error='',
7/20/2026 7:50:29 AM,Order,Chart Trader submitting order with strategy 'MES MIN SL7 - 1' (Ticks),
7/20/2026 7:50:05 AM,Order,Order='2829224797/PA-APEX-422136-01' Name='Entry' New state='Cancelled' Instrument='MES SEP26' Action='Sell' Limit price=7532 Stop price=0 Quantity=13 Type='Limit' Time in force=GTC Oco='' Filled=0 Fill price=0 Error='No error' Native error='',
7/20/2026 7:50:05 AM,Order,Order='2829092919/PA-APEX-422136-01' Name='Entry' New state='Cancelled' Instrument='MES SEP26' Action='Buy' Limit price=7497 Stop price=0 Quantity=13 Type='Limit' Time in force=GTC Oco='' Filled=0 Fill price=0 Error='No error' Native error='',
7/20/2026 7:50:05 AM,Order,Order='2829224797/PA-APEX-422136-01' Name='Entry' New state='Cancel submitted' Instrument='MES SEP26' Action='Sell' Limit price=7532 Stop price=0 Quantity=13 Type='Limit' Time in force=GTC Oco='' Filled=0 Fill price=0 Error='No error' Native error='',
7/20/2026 7:50:05 AM,Order,Order='2829092919/PA-APEX-422136-01' Name='Entry' New state='Cancel submitted' Instrument='MES SEP26' Action='Buy' Limit price=7497 Stop price=0 Quantity=13 Type='Limit' Time in force=GTC Oco='' Filled=0 Fill price=0 Error='No error' Native error='',
7/20/2026 7:50:05 AM,Default,Chart Trader close position,
7/20/2026 7:50:05 AM,Default,Cancel all orders account='PA-APEX-422136-01',
7/20/2026 7:50:02 AM,Order,Order='2829225145/PA-APEX-422136-03' Name='Entry' New state='Cancelled' Instrument='MES SEP26' Action='Sell' Limit price=7532 Stop price=0 Quantity=13 Type='Limit' Time in force=GTC Oco='' Filled=0 Fill price=0 Error='No error' Native error='',
7/20/2026 7:50:02 AM,Order,Order='2829085411/PA-APEX-422136-03' Name='Entry' New state='Cancelled' Instrument='MES SEP26' Action='Buy' Limit price=7497 Stop price=0 Quantity=13 Type='Limit' Time in force=GTC Oco='' Filled=0 Fill price=0 Error='No error' Native error='',
7/20/2026 7:50:02 AM,Order,Order='2829085411/PA-APEX-422136-03' Name='Entry' New state='Cancel submitted' Instrument='MES SEP26' Action='Buy' Limit price=7497 Stop price=0 Quantity=13 Type='Limit' Time in force=GTC Oco='' Filled=0 Fill price=0 Error='No error' Native error='',
7/20/2026 7:50:02 AM,Order,Order='2829225145/PA-APEX-422136-03' Name='Entry' New state='Cancel submitted' Instrument='MES SEP26' Action='Sell' Limit price=7532 Stop price=0 Quantity=13 Type='Limit' Time in force=GTC Oco='' Filled=0 Fill price=0 Error='No error' Native error='',
7/20/2026 7:50:02 AM,Default,Cancel all orders account='PA-APEX-422136-03',
7/20/2026 7:50:02 AM,Default,Chart Trader close position,
7/20/2026 7:48:36 AM,Order,Order='2829224797/PA-APEX-422136-01' Name='Entry' New state='Accepted' Instrument='MES SEP26' Action='Sell' Limit price=7532 Stop price=0 Quantity=13 Type='Limit' Time in force=GTC Oco='' Filled=0 Fill price=0 Error='No error' Native error='',
7/20/2026 7:48:36 AM,Order,Order='2829224797/PA-APEX-422136-01' Name='Entry' New state='Working' Instrument='MES SEP26' Action='Sell' Limit price=7532 Stop price=0 Quantity=13 Type='Limit' Time in force=GTC Oco='' Filled=0 Fill price=0 Error='No error' Native error='',
7/20/2026 7:48:36 AM,Order,Order='2829224797/PA-APEX-422136-01' Name='Entry' New state='Change submitted' Instrument='MES SEP26' Action='Sell' Limit price=7532 Stop price=0 Quantity=13 Type='Limit' Time in force=GTC Oco='' Filled=0 Fill price=0 Error='No error' Native error='',
7/20/2026 7:48:35 AM,Order,Order='2829224797/PA-APEX-422136-01' Name='Entry' New state='Working' Instrument='MES SEP26' Action='Sell' Limit price=7531.75 Stop price=0 Quantity=13 Type='Limit' Time in force=GTC Oco='' Filled=0 Fill price=0 Error='No error' Native error='',
7/20/2026 7:48:35 AM,Order,Order='2829224797/PA-APEX-422136-01' Name='Entry' New state='Accepted' Instrument='MES SEP26' Action='Sell' Limit price=7531.75 Stop price=0 Quantity=13 Type='Limit' Time in force=GTC Oco='' Filled=0 Fill price=0 Error='No error' Native error='',
7/20/2026 7:48:35 AM,Order,Order='2829224797/PA-APEX-422136-01' Name='Entry' New state='Change submitted' Instrument='MES SEP26' Action='Sell' Limit price=7531.75 Stop price=0 Quantity=13 Type='Limit' Time in force=GTC Oco='' Filled=0 Fill price=0 Error='No error' Native error='',
7/20/2026 7:48:32 AM,Order,Order='2829225145/PA-APEX-422136-03' Name='Entry' New state='Accepted' Instrument='MES SEP26' Action='Sell' Limit price=7532 Stop price=0 Quantity=13 Type='Limit' Time in force=GTC Oco='' Filled=0 Fill price=0 Error='No error' Native error='',
7/20/2026 7:48:32 AM,Order,Order='2829225145/PA-APEX-422136-03' Name='Entry' New state='Working' Instrument='MES SEP26' Action='Sell' Limit price=7532 Stop price=0 Quantity=13 Type='Limit' Time in force=GTC Oco='' Filled=0 Fill price=0 Error='No error' Native error='',
7/20/2026 7:48:32 AM,Order,Order='2829225145/PA-APEX-422136-03' Name='Entry' New state='Change submitted' Instrument='MES SEP26' Action='Sell' Limit price=7532 Stop price=0 Quantity=13 Type='Limit' Time in force=GTC Oco='' Filled=0 Fill price=0 Error='No error' Native error='',
7/20/2026 7:48:32 AM,Order,Order='2829225145/PA-APEX-422136-03' Name='Entry' New state='Accepted' Instrument='MES SEP26' Action='Sell' Limit price=7531.75 Stop price=0 Quantity=13 Type='Limit' Time in force=GTC Oco='' Filled=0 Fill price=0 Error='No error' Native error='',
7/20/2026 7:48:32 AM,Order,Order='2829225145/PA-APEX-422136-03' Name='Entry' New state='Working' Instrument='MES SEP26' Action='Sell' Limit price=7531.75 Stop price=0 Quantity=13 Type='Limit' Time in force=GTC Oco='' Filled=0 Fill price=0 Error='No error' Native error='',
7/20/2026 7:48:32 AM,Order,Order='2829225145/PA-APEX-422136-03' Name='Entry' New state='Change submitted' Instrument='MES SEP26' Action='Sell' Limit price=7531.75 Stop price=0 Quantity=13 Type='Limit' Time in force=GTC Oco='' Filled=0 Fill price=0 Error='No error' Native error='',
7/20/2026 7:32:21 AM,Order,Order='2829225145/PA-APEX-422136-03' Name='Entry' New state='Accepted' Instrument='MES SEP26' Action='Sell' Limit price=7531.5 Stop price=0 Quantity=13 Type='Limit' Time in force=GTC Oco='' Filled=0 Fill price=0 Error='No error' Native error='',
7/20/2026 7:32:21 AM,Order,Order='2829225145/PA-APEX-422136-03' Name='Entry' New state='Working' Instrument='MES SEP26' Action='Sell' Limit price=7531.5 Stop price=0 Quantity=13 Type='Limit' Time in force=GTC Oco='' Filled=0 Fill price=0 Error='No error' Native error='',
7/20/2026 7:32:21 AM,Order,Order='0ca2f2fb2ebb48c0b904a4a36376d69e/PA-APEX-422136-03' Name='Entry' New state='Submitted' Instrument='MES SEP26' Action='Sell' Limit price=7531.5 Stop price=0 Quantity=13 Type='Limit' Time in force=GTC Oco='' Filled=0 Fill price=0 Error='No error' Native error='',
7/20/2026 7:32:21 AM,Order,Chart Trader submitting order with strategy 'MES MIN SL6 - 4' (Ticks),
7/20/2026 7:32:17 AM,Order,Order='2829224797/PA-APEX-422136-01' Name='Entry' New state='Accepted' Instrument='MES SEP26' Action='Sell' Limit price=7531.5 Stop price=0 Quantity=13 Type='Limit' Time in force=GTC Oco='' Filled=0 Fill price=0 Error='No error' Native error='',
7/20/2026 7:32:17 AM,Order,Order='2829224797/PA-APEX-422136-01' Name='Entry' New state='Working' Instrument='MES SEP26' Action='Sell' Limit price=7531.5 Stop price=0 Quantity=13 Type='Limit' Time in force=GTC Oco='' Filled=0 Fill price=0 Error='No error' Native error='',
7/20/2026 7:32:17 AM,Order,Order='25e343a04ee14a6580ced57ef23c5f50/PA-APEX-422136-01' Name='Entry' New state='Submitted' Instrument='MES SEP26' Action='Sell' Limit price=7531.5 Stop price=0 Quantity=13 Type='Limit' Time in force=GTC Oco='' Filled=0 Fill price=0 Error='No error' Native error='',
7/20/2026 7:32:17 AM,Order,Chart Trader submitting order with strategy 'MES MIN SL6 - 3' (Ticks),
7/20/2026 7:32:09 AM,Order,Order='2829178052/PA-APEX-422136-01' Name='Entry' New state='Cancelled' Instrument='MES SEP26' Action='Sell' Limit price=7523.5 Stop price=0 Quantity=13 Type='Limit' Time in force=GTC Oco='' Filled=0 Fill price=0 Error='No error' Native error='',
7/20/2026 7:32:09 AM,Order,Order='2829178052/PA-APEX-422136-01' Name='Entry' New state='Cancel submitted' Instrument='MES SEP26' Action='Sell' Limit price=7523.5 Stop price=0 Quantity=13 Type='Limit' Time in force=GTC Oco='' Filled=0 Fill price=0 Error='No error' Native error='',
7/20/2026 7:32:07 AM,Order,Order='2829176587/PA-APEX-422136-03' Name='Entry' New state='Cancelled' Instrument='MES SEP26' Action='Sell' Limit price=7523.5 Stop price=0 Quantity=13 Type='Limit' Time in force=GTC Oco='' Filled=0 Fill price=0 Error='No error' Native error='',
7/20/2026 7:32:07 AM,Order,Order='2829176587/PA-APEX-422136-03' Name='Entry' New state='Cancel submitted' Instrument='MES SEP26' Action='Sell' Limit price=7523.5 Stop price=0 Quantity=13 Type='Limit' Time in force=GTC Oco='' Filled=0 Fill price=0 Error='No error' Native error='',
7/20/2026 7:25:29 AM,Order,Order='2829178052/PA-APEX-422136-01' Name='Entry' New state='Working' Instrument='MES SEP26' Action='Sell' Limit price=7523.5 Stop price=0 Quantity=13 Type='Limit' Time in force=GTC Oco='' Filled=0 Fill price=0 Error='No error' Native error='',
7/20/2026 7:25:29 AM,Order,Order='2829178052/PA-APEX-422136-01' Name='Entry' New state='Accepted' Instrument='MES SEP26' Action='Sell' Limit price=7523.5 Stop price=0 Quantity=13 Type='Limit' Time in force=GTC Oco='' Filled=0 Fill price=0 Error='No error' Native error='',
7/20/2026 7:25:29 AM,Order,Order='37b66b4fe41f4c45abbbbd7b54424045/PA-APEX-422136-01' Name='Entry' New state='Submitted' Instrument='MES SEP26' Action='Sell' Limit price=7523.5 Stop price=0 Quantity=13 Type='Limit' Time in force=GTC Oco='' Filled=0 Fill price=0 Error='No error' Native error='',
7/20/2026 7:25:29 AM,Order,Chart Trader submitting order with strategy 'MES MIN SL6 - 4' (Ticks),
7/20/2026 7:25:20 AM,Order,Order='2829176587/PA-APEX-422136-03' Name='Entry' New state='Accepted' Instrument='MES SEP26' Action='Sell' Limit price=7523.5 Stop price=0 Quantity=13 Type='Limit' Time in force=GTC Oco='' Filled=0 Fill price=0 Error='No error' Native error='',
7/20/2026 7:25:20 AM,Order,Order='2829176587/PA-APEX-422136-03' Name='Entry' New state='Working' Instrument='MES SEP26' Action='Sell' Limit price=7523.5 Stop price=0 Quantity=13 Type='Limit' Time in force=GTC Oco='' Filled=0 Fill price=0 Error='No error' Native error='',
7/20/2026 7:25:20 AM,Order,Order='f48ddb7a70134d71918a0b9adfdce504/PA-APEX-422136-03' Name='Entry' New state='Submitted' Instrument='MES SEP26' Action='Sell' Limit price=7523.5 Stop price=0 Quantity=13 Type='Limit' Time in force=GTC Oco='' Filled=0 Fill price=0 Error='No error' Native error='',
7/20/2026 7:25:20 AM,Order,Chart Trader submitting order with strategy 'MES MIN SL6 - 3' (Ticks),
7/20/2026 7:24:59 AM,Order,Order='2829097016/PA-APEX-422136-03' Name='Entry' New state='Cancelled' Instrument='MES SEP26' Action='Sell' Limit price=7526.5 Stop price=0 Quantity=13 Type='Limit' Time in force=GTC Oco='' Filled=0 Fill price=0 Error='No error' Native error='',
7/20/2026 7:24:59 AM,Order,Order='2829097016/PA-APEX-422136-03' Name='Entry' New state='Cancel submitted' Instrument='MES SEP26' Action='Sell' Limit price=7526.5 Stop price=0 Quantity=13 Type='Limit' Time in force=GTC Oco='' Filled=0 Fill price=0 Error='No error' Native error='',
7/20/2026 7:17:34 AM,Order,Order='2829097016/PA-APEX-422136-03' Name='Entry' New state='Working' Instrument='MES SEP26' Action='Sell' Limit price=7526.5 Stop price=0 Quantity=13 Type='Limit' Time in force=GTC Oco='' Filled=0 Fill price=0 Error='No error' Native error='',
7/20/2026 7:17:34 AM,Order,Order='2829097016/PA-APEX-422136-03' Name='Entry' New state='Accepted' Instrument='MES SEP26' Action='Sell' Limit price=7526.5 Stop price=0 Quantity=13 Type='Limit' Time in force=GTC Oco='' Filled=0 Fill price=0 Error='No error' Native error='',
7/20/2026 7:17:34 AM,Order,Order='2829097016/PA-APEX-422136-03' Name='Entry' New state='Change submitted' Instrument='MES SEP26' Action='Sell' Limit price=7526.5 Stop price=0 Quantity=13 Type='Limit' Time in force=GTC Oco='' Filled=0 Fill price=0 Error='No error' Native error='',
7/20/2026 7:17:34 AM,Order,Order='2829097016/PA-APEX-422136-03' Name='Entry' New state='Accepted' Instrument='MES SEP26' Action='Sell' Limit price=7526.75 Stop price=0 Quantity=13 Type='Limit' Time in force=GTC Oco='' Filled=0 Fill price=0 Error='No error' Native error='',
7/20/2026 7:17:34 AM,Order,Order='2829097016/PA-APEX-422136-03' Name='Entry' New state='Working' Instrument='MES SEP26' Action='Sell' Limit price=7526.75 Stop price=0 Quantity=13 Type='Limit' Time in force=GTC Oco='' Filled=0 Fill price=0 Error='No error' Native error='',
7/20/2026 7:17:34 AM,Order,Order='2829097016/PA-APEX-422136-03' Name='Entry' New state='Change submitted' Instrument='MES SEP26' Action='Sell' Limit price=7526.75 Stop price=0 Quantity=13 Type='Limit' Time in force=GTC Oco='' Filled=0 Fill price=0 Error='No error' Native error='',
7/20/2026 7:14:32 AM,Order,Order='2829097016/PA-APEX-422136-03' Name='Entry' New state='Accepted' Instrument='MES SEP26' Action='Sell' Limit price=7527 Stop price=0 Quantity=13 Type='Limit' Time in force=GTC Oco='' Filled=0 Fill price=0 Error='No error' Native error='',
7/20/2026 7:14:32 AM,Order,Order='2829097016/PA-APEX-422136-03' Name='Entry' New state='Working' Instrument='MES SEP26' Action='Sell' Limit price=7527 Stop price=0 Quantity=13 Type='Limit' Time in force=GTC Oco='' Filled=0 Fill price=0 Error='No error' Native error='',
7/20/2026 7:14:32 AM,Order,Order='68883fe000bb489087723cda0147f429/PA-APEX-422136-03' Name='Entry' New state='Submitted' Instrument='MES SEP26' Action='Sell' Limit price=7527 Stop price=0 Quantity=13 Type='Limit' Time in force=GTC Oco='' Filled=0 Fill price=0 Error='No error' Native error='',
7/20/2026 7:14:32 AM,Order,Chart Trader submitting order with strategy 'MES MIN SL6 - 3' (Ticks),
7/20/2026 7:14:07 AM,Order,Order='2829092919/PA-APEX-422136-01' Name='Entry' New state='Accepted' Instrument='MES SEP26' Action='Buy' Limit price=7497 Stop price=0 Quantity=13 Type='Limit' Time in force=GTC Oco='' Filled=0 Fill price=0 Error='No error' Native error='',
7/20/2026 7:14:07 AM,Order,Order='2829092919/PA-APEX-422136-01' Name='Entry' New state='Working' Instrument='MES SEP26' Action='Buy' Limit price=7497 Stop price=0 Quantity=13 Type='Limit' Time in force=GTC Oco='' Filled=0 Fill price=0 Error='No error' Native error='',
7/20/2026 7:14:07 AM,Order,Order='29be1aa04a894daea26b4201519f0f3f/PA-APEX-422136-01' Name='Entry' New state='Submitted' Instrument='MES SEP26' Action='Buy' Limit price=7497 Stop price=0 Quantity=13 Type='Limit' Time in force=GTC Oco='' Filled=0 Fill price=0 Error='No error' Native error='',
7/20/2026 7:14:07 AM,Order,Chart Trader submitting order with strategy 'MES MIN SL6 - 2' (Ticks),
7/20/2026 7:13:05 AM,Order,Order='2829085411/PA-APEX-422136-03' Name='Entry' New state='Accepted' Instrument='MES SEP26' Action='Buy' Limit price=7497 Stop price=0 Quantity=13 Type='Limit' Time in force=GTC Oco='' Filled=0 Fill price=0 Error='No error' Native error='',
7/20/2026 7:13:05 AM,Order,Order='2829085411/PA-APEX-422136-03' Name='Entry' New state='Working' Instrument='MES SEP26' Action='Buy' Limit price=7497 Stop price=0 Quantity=13 Type='Limit' Time in force=GTC Oco='' Filled=0 Fill price=0 Error='No error' Native error='',
7/20/2026 7:13:05 AM,Order,Order='c5a6bfcd6119464ca9cefe3eb5fefc84/PA-APEX-422136-03' Name='Entry' New state='Submitted' Instrument='MES SEP26' Action='Buy' Limit price=7497 Stop price=0 Quantity=13 Type='Limit' Time in force=GTC Oco='' Filled=0 Fill price=0 Error='No error' Native error='',
7/20/2026 7:13:05 AM,Order,Chart Trader submitting order with strategy 'MES MIN SL6 - 1' (Ticks),
7/20/2026 7:11:28 AM,Order,Order='2828999770/PA-APEX-422136-03' Name='Entry' New state='Cancelled' Instrument='MES SEP26' Action='Buy' Limit price=7510 Stop price=0 Quantity=13 Type='Limit' Time in force=GTC Oco='' Filled=0 Fill price=0 Error='No error' Native error='',
7/20/2026 7:11:28 AM,Order,Order='2828999770/PA-APEX-422136-03' Name='Entry' New state='Cancel submitted' Instrument='MES SEP26' Action='Buy' Limit price=7510 Stop price=0 Quantity=13 Type='Limit' Time in force=GTC Oco='' Filled=0 Fill price=0 Error='No error' Native error='',
7/20/2026 7:11:28 AM,Order,Order='2829046536/PA-APEX-422136-01' Name='Entry' New state='Cancelled' Instrument='MES SEP26' Action='Buy' Limit price=7510 Stop price=0 Quantity=13 Type='Limit' Time in force=GTC Oco='' Filled=0 Fill price=0 Error='No error' Native error='',
7/20/2026 7:11:28 AM,Order,Order='2829046536/PA-APEX-422136-01' Name='Entry' New state='Cancel submitted' Instrument='MES SEP26' Action='Buy' Limit price=7510 Stop price=0 Quantity=13 Type='Limit' Time in force=GTC Oco='' Filled=0 Fill price=0 Error='No error' Native error='',
7/20/2026 7:11:27 AM,Order,Order='2829056594/PA-APEX-422136-03' Name='Entry' New state='Cancelled' Instrument='MES SEP26' Action='Sell' Limit price=7530.5 Stop price=0 Quantity=13 Type='Limit' Time in force=GTC Oco='' Filled=0 Fill price=0 Error='No error' Native error='',
7/20/2026 7:11:27 AM,Order,Order='2829056594/PA-APEX-422136-03' Name='Entry' New state='Cancel submitted' Instrument='MES SEP26' Action='Sell' Limit price=7530.5 Stop price=0 Quantity=13 Type='Limit' Time in force=GTC Oco='' Filled=0 Fill price=0 Error='No error' Native error='',
7/20/2026 7:08:46 AM,Order,Order='2829056594/PA-APEX-422136-03' Name='Entry' New state='Working' Instrument='MES SEP26' Action='Sell' Limit price=7530.5 Stop price=0 Quantity=13 Type='Limit' Time in force=GTC Oco='' Filled=0 Fill price=0 Error='No error' Native error='',
7/20/2026 7:08:46 AM,Order,Order='2829056594/PA-APEX-422136-03' Name='Entry' New state='Accepted' Instrument='MES SEP26' Action='Sell' Limit price=7530.5 Stop price=0 Quantity=13 Type='Limit' Time in force=GTC Oco='' Filled=0 Fill price=0 Error='No error' Native error='',
7/20/2026 7:08:46 AM,Order,Order='7dfe21bb261446ceb858aa6bec1c1fa6/PA-APEX-422136-03' Name='Entry' New state='Submitted' Instrument='MES SEP26' Action='Sell' Limit price=7530.5 Stop price=0 Quantity=13 Type='Limit' Time in force=GTC Oco='' Filled=0 Fill price=0 Error='No error' Native error='',
7/20/2026 7:08:46 AM,Order,Chart Trader submitting order with strategy 'MES MIN SL6 - 5' (Ticks),
7/20/2026 7:08:20 AM,Order,Order='2829046536/PA-APEX-422136-01' Name='Entry' New state='Working' Instrument='MES SEP26' Action='Buy' Limit price=7510 Stop price=0 Quantity=13 Type='Limit' Time in force=GTC Oco='' Filled=0 Fill price=0 Error='No error' Native error='',
7/20/2026 7:08:20 AM,Order,Order='2829046536/PA-APEX-422136-01' Name='Entry' New state='Accepted' Instrument='MES SEP26' Action='Buy' Limit price=7510 Stop price=0 Quantity=13 Type='Limit' Time in force=GTC Oco='' Filled=0 Fill price=0 Error='No error' Native error='',
7/20/2026 7:08:20 AM,Order,Order='2829046536/PA-APEX-422136-01' Name='Entry' New state='Change submitted' Instrument='MES SEP26' Action='Buy' Limit price=7510 Stop price=0 Quantity=13 Type='Limit' Time in force=GTC Oco='' Filled=0 Fill price=0 Error='No error' Native error='',
7/20/2026 7:08:20 AM,Order,Order='2829046536/PA-APEX-422136-01' Name='Entry' New state='Working' Instrument='MES SEP26' Action='Buy' Limit price=7510.25 Stop price=0 Quantity=13 Type='Limit' Time in force=GTC Oco='' Filled=0 Fill price=0 Error='No error' Native error='',
7/20/2026 7:08:20 AM,Order,Order='2829046536/PA-APEX-422136-01' Name='Entry' New state='Accepted' Instrument='MES SEP26' Action='Buy' Limit price=7510.25 Stop price=0 Quantity=13 Type='Limit' Time in force=GTC Oco='' Filled=0 Fill price=0 Error='No error' Native error='',
7/20/2026 7:08:20 AM,Order,Order='2829046536/PA-APEX-422136-01' Name='Entry' New state='Change submitted' Instrument='MES SEP26' Action='Buy' Limit price=7510.25 Stop price=0 Quantity=13 Type='Limit' Time in force=GTC Oco='' Filled=0 Fill price=0 Error='No error' Native error='',
7/20/2026 7:08:17 AM,Order,Order='2828999770/PA-APEX-422136-03' Name='Entry' New state='Accepted' Instrument='MES SEP26' Action='Buy' Limit price=7510 Stop price=0 Quantity=13 Type='Limit' Time in force=GTC Oco='' Filled=0 Fill price=0 Error='No error' Native error='',
7/20/2026 7:08:17 AM,Order,Order='2828999770/PA-APEX-422136-03' Name='Entry' New state='Working' Instrument='MES SEP26' Action='Buy' Limit price=7510 Stop price=0 Quantity=13 Type='Limit' Time in force=GTC Oco='' Filled=0 Fill price=0 Error='No error' Native error='',
7/20/2026 7:08:17 AM,Order,Order='2828999770/PA-APEX-422136-03' Name='Entry' New state='Change submitted' Instrument='MES SEP26' Action='Buy' Limit price=7510 Stop price=0 Quantity=13 Type='Limit' Time in force=GTC Oco='' Filled=0 Fill price=0 Error='No error' Native error='',
7/20/2026 7:08:13 AM,Order,Order='2829046536/PA-APEX-422136-01' Name='Entry' New state='Accepted' Instrument='MES SEP26' Action='Buy' Limit price=7510.5 Stop price=0 Quantity=13 Type='Limit' Time in force=GTC Oco='' Filled=0 Fill price=0 Error='No error' Native error='',
7/20/2026 7:08:13 AM,Order,Order='2829046536/PA-APEX-422136-01' Name='Entry' New state='Working' Instrument='MES SEP26' Action='Buy' Limit price=7510.5 Stop price=0 Quantity=13 Type='Limit' Time in force=GTC Oco='' Filled=0 Fill price=0 Error='No error' Native error='',
7/20/2026 7:08:13 AM,Order,Order='2829046536/PA-APEX-422136-01' Name='Entry' New state='Change submitted' Instrument='MES SEP26' Action='Buy' Limit price=7510.5 Stop price=0 Quantity=13 Type='Limit' Time in force=GTC Oco='' Filled=0 Fill price=0 Error='No error' Native error='',
7/20/2026 7:07:47 AM,Order,Order='2828996898/PA-APEX-422136-03' Name='Entry' New state='Cancelled' Instrument='MES SEP26' Action='Sell' Limit price=7530.5 Stop price=0 Quantity=13 Type='Limit' Time in force=GTC Oco='' Filled=0 Fill price=0 Error='No error' Native error='',
7/20/2026 7:07:47 AM,Order,Order='2828996898/PA-APEX-422136-03' Name='Entry' New state='Cancel submitted' Instrument='MES SEP26' Action='Sell' Limit price=7530.5 Stop price=0 Quantity=13 Type='Limit' Time in force=GTC Oco='' Filled=0 Fill price=0 Error='No error' Native error='',
7/20/2026 7:07:46 AM,Order,Order='2829021103/PA-APEX-422136-01' Name='Entry' New state='Cancelled' Instrument='MES SEP26' Action='Sell' Limit price=7530.5 Stop price=0 Quantity=13 Type='Limit' Time in force=GTC Oco='' Filled=0 Fill price=0 Error='No error' Native error='',
7/20/2026 7:07:46 AM,Order,Order='2829021103/PA-APEX-422136-01' Name='Entry' New state='Cancel submitted' Instrument='MES SEP26' Action='Sell' Limit price=7530.5 Stop price=0 Quantity=13 Type='Limit' Time in force=GTC Oco='' Filled=0 Fill price=0 Error='No error' Native error='',
7/20/2026 7:07:43 AM,Order,Order='2829046536/PA-APEX-422136-01' Name='Entry' New state='Accepted' Instrument='MES SEP26' Action='Buy' Limit price=7514.25 Stop price=0 Quantity=13 Type='Limit' Time in force=GTC Oco='' Filled=0 Fill price=0 Error='No error' Native error='',
7/20/2026 7:07:43 AM,Order,Order='2829046536/PA-APEX-422136-01' Name='Entry' New state='Working' Instrument='MES SEP26' Action='Buy' Limit price=7514.25 Stop price=0 Quantity=13 Type='Limit' Time in force=GTC Oco='' Filled=0 Fill price=0 Error='No error' Native error='',
7/20/2026 7:07:43 AM,Order,Order='2829046536/PA-APEX-422136-01' Name='Entry' New state='Change submitted' Instrument='MES SEP26' Action='Buy' Limit price=7514.25 Stop price=0 Quantity=13 Type='Limit' Time in force=GTC Oco='' Filled=0 Fill price=0 Error='No error' Native error='',
7/20/2026 7:07:43 AM,Order,Order='2829046536/PA-APEX-422136-01' Name='Entry' New state='Accepted' Instrument='MES SEP26' Action='Buy' Limit price=7514 Stop price=0 Quantity=13 Type='Limit' Time in force=GTC Oco='' Filled=0 Fill price=0 Error='No error' Native error='',
7/20/2026 7:07:43 AM,Order,Order='2829046536/PA-APEX-422136-01' Name='Entry' New state='Working' Instrument='MES SEP26' Action='Buy' Limit price=7514 Stop price=0 Quantity=13 Type='Limit' Time in force=GTC Oco='' Filled=0 Fill price=0 Error='No error' Native error='',
7/20/2026 7:07:42 AM,Order,Order='2829046536/PA-APEX-422136-01' Name='Entry' New state='Change submitted' Instrument='MES SEP26' Action='Buy' Limit price=7514 Stop price=0 Quantity=13 Type='Limit' Time in force=GTC Oco='' Filled=0 Fill price=0 Error='No error' Native error='',
7/20/2026 7:07:42 AM,Order,Order='2829046536/PA-APEX-422136-01' Name='Entry' New state='Accepted' Instrument='MES SEP26' Action='Buy' Limit price=7513.75 Stop price=0 Quantity=13 Type='Limit' Time in force=GTC Oco='' Filled=0 Fill price=0 Error='No error' Native error='',
7/20/2026 7:07:42 AM,Order,Order='2829046536/PA-APEX-422136-01' Name='Entry' New state='Working' Instrument='MES SEP26' Action='Buy' Limit price=7513.75 Stop price=0 Quantity=13 Type='Limit' Time in force=GTC Oco='' Filled=0 Fill price=0 Error='No error' Native error='',
7/20/2026 7:07:42 AM,Order,Order='2829046536/PA-APEX-422136-01' Name='Entry' New state='Change submitted' Instrument='MES SEP26' Action='Buy' Limit price=7513.75 Stop price=0 Quantity=13 Type='Limit' Time in force=GTC Oco='' Filled=0 Fill price=0 Error='No error' Native error='',
7/20/2026 7:07:42 AM,Order,Order='2829046536/PA-APEX-422136-01' Name='Entry' New state='Working' Instrument='MES SEP26' Action='Buy' Limit price=7513.5 Stop price=0 Quantity=13 Type='Limit' Time in force=GTC Oco='' Filled=0 Fill price=0 Error='No error' Native error='',
7/20/2026 7:07:42 AM,Order,Order='2829046536/PA-APEX-422136-01' Name='Entry' New state='Accepted' Instrument='MES SEP26' Action='Buy' Limit price=7513.5 Stop price=0 Quantity=13 Type='Limit' Time in force=GTC Oco='' Filled=0 Fill price=0 Error='No error' Native error='',
7/20/2026 7:07:42 AM,Order,Order='2829046536/PA-APEX-422136-01' Name='Entry' New state='Change submitted' Instrument='MES SEP26' Action='Buy' Limit price=7513.5 Stop price=0 Quantity=13 Type='Limit' Time in force=GTC Oco='' Filled=0 Fill price=0 Error='No error' Native error='',
7/20/2026 7:07:36 AM,Order,Order='2829046536/PA-APEX-422136-01' Name='Entry' New state='Accepted' Instrument='MES SEP26' Action='Buy' Limit price=7513.25 Stop price=0 Quantity=13 Type='Limit' Time in force=GTC Oco='' Filled=0 Fill price=0 Error='No error' Native error='',
7/20/2026 7:07:36 AM,Order,Order='2829046536/PA-APEX-422136-01' Name='Entry' New state='Working' Instrument='MES SEP26' Action='Buy' Limit price=7513.25 Stop price=0 Quantity=13 Type='Limit' Time in force=GTC Oco='' Filled=0 Fill price=0 Error='No error' Native error='',
7/20/2026 7:07:36 AM,Order,Order='2829046536/PA-APEX-422136-01' Name='Entry' New state='Change submitted' Instrument='MES SEP26' Action='Buy' Limit price=7513.25 Stop price=0 Quantity=13 Type='Limit' Time in force=GTC Oco='' Filled=0 Fill price=0 Error='No error' Native error='',
7/20/2026 7:07:36 AM,Order,Order='2829046536/PA-APEX-422136-01' Name='Entry' New state='Accepted' Instrument='MES SEP26' Action='Buy' Limit price=7513.5 Stop price=0 Quantity=13 Type='Limit' Time in force=GTC Oco='' Filled=0 Fill price=0 Error='No error' Native error='',
7/20/2026 7:07:36 AM,Order,Order='2829046536/PA-APEX-422136-01' Name='Entry' New state='Working' Instrument='MES SEP26' Action='Buy' Limit price=7513.5 Stop price=0 Quantity=13 Type='Limit' Time in force=GTC Oco='' Filled=0 Fill price=0 Error='No error' Native error='',
7/20/2026 7:07:36 AM,Order,Order='2829046536/PA-APEX-422136-01' Name='Entry' New state='Change submitted' Instrument='MES SEP26' Action='Buy' Limit price=7513.5 Stop price=0 Quantity=13 Type='Limit' Time in force=GTC Oco='' Filled=0 Fill price=0 Error='No error' Native error='',
7/20/2026 7:07:32 AM,Order,Order='2829046536/PA-APEX-422136-01' Name='Entry' New state='Accepted' Instrument='MES SEP26' Action='Buy' Limit price=7513.75 Stop price=0 Quantity=13 Type='Limit' Time in force=GTC Oco='' Filled=0 Fill price=0 Error='No error' Native error='',
7/20/2026 7:07:32 AM,Order,Order='2829046536/PA-APEX-422136-01' Name='Entry' New state='Working' Instrument='MES SEP26' Action='Buy' Limit price=7513.75 Stop price=0 Quantity=13 Type='Limit' Time in force=GTC Oco='' Filled=0 Fill price=0 Error='No error' Native error='',
7/20/2026 7:07:32 AM,Order,Order='e239955daf4c423db81f301e19585e1f/PA-APEX-422136-01' Name='Entry' New state='Submitted' Instrument='MES SEP26' Action='Buy' Limit price=7513.75 Stop price=0 Quantity=13 Type='Limit' Time in force=GTC Oco='' Filled=0 Fill price=0 Error='No error' Native error='',
7/20/2026 7:07:32 AM,Order,Chart Trader submitting order with strategy 'MES MIN SL6 - 4' (Ticks),
7/20/2026 7:04:10 AM,Order,Order='2829021103/PA-APEX-422136-01' Name='Entry' New state='Working' Instrument='MES SEP26' Action='Sell' Limit price=7530.5 Stop price=0 Quantity=13 Type='Limit' Time in force=GTC Oco='' Filled=0 Fill price=0 Error='No error' Native error='',
7/20/2026 7:04:10 AM,Order,Order='2829021103/PA-APEX-422136-01' Name='Entry' New state='Accepted' Instrument='MES SEP26' Action='Sell' Limit price=7530.5 Stop price=0 Quantity=13 Type='Limit' Time in force=GTC Oco='' Filled=0 Fill price=0 Error='No error' Native error='',
7/20/2026 7:04:10 AM,Order,Order='10b2478336fb4c788922f7f4dede9146/PA-APEX-422136-01' Name='Entry' New state='Submitted' Instrument='MES SEP26' Action='Sell' Limit price=7530.5 Stop price=0 Quantity=13 Type='Limit' Time in force=GTC Oco='' Filled=0 Fill price=0 Error='No error' Native error='',
7/20/2026 7:04:10 AM,Order,Chart Trader submitting order with strategy 'MES MIN SL6 - 3' (Ticks),
7/20/2026 7:03:54 AM,Order,Order='2828996898/PA-APEX-422136-03' Name='Entry' New state='Accepted' Instrument='MES SEP26' Action='Sell' Limit price=7530.5 Stop price=0 Quantity=13 Type='Limit' Time in force=GTC Oco='' Filled=0 Fill price=0 Error='No error' Native error='',
7/20/2026 7:03:54 AM,Order,Order='2828996898/PA-APEX-422136-03' Name='Entry' New state='Working' Instrument='MES SEP26' Action='Sell' Limit price=7530.5 Stop price=0 Quantity=13 Type='Limit' Time in force=GTC Oco='' Filled=0 Fill price=0 Error='No error' Native error='',
7/20/2026 7:03:54 AM,Order,Order='2828996898/PA-APEX-422136-03' Name='Entry' New state='Change submitted' Instrument='MES SEP26' Action='Sell' Limit price=7530.5 Stop price=0 Quantity=13 Type='Limit' Time in force=GTC Oco='' Filled=0 Fill price=0 Error='No error' Native error='',
7/20/2026 7:03:54 AM,Order,Order='2828996898/PA-APEX-422136-03' Name='Entry' New state='Accepted' Instrument='MES SEP26' Action='Sell' Limit price=7530.75 Stop price=0 Quantity=13 Type='Limit' Time in force=GTC Oco='' Filled=0 Fill price=0 Error='No error' Native error='',
7/20/2026 7:03:54 AM,Order,Order='2828996898/PA-APEX-422136-03' Name='Entry' New state='Working' Instrument='MES SEP26' Action='Sell' Limit price=7530.75 Stop price=0 Quantity=13 Type='Limit' Time in force=GTC Oco='' Filled=0 Fill price=0 Error='No error' Native error='',
7/20/2026 7:03:54 AM,Order,Order='2828996898/PA-APEX-422136-03' Name='Entry' New state='Change submitted' Instrument='MES SEP26' Action='Sell' Limit price=7530.75 Stop price=0 Quantity=13 Type='Limit' Time in force=GTC Oco='' Filled=0 Fill price=0 Error='No error' Native error='',
7/20/2026 7:01:49 AM,Order,Order='2828999770/PA-APEX-422136-03' Name='Entry' New state='Accepted' Instrument='MES SEP26' Action='Buy' Limit price=7514.25 Stop price=0 Quantity=13 Type='Limit' Time in force=GTC Oco='' Filled=0 Fill price=0 Error='No error' Native error='',
7/20/2026 7:01:49 AM,Order,Order='2828999770/PA-APEX-422136-03' Name='Entry' New state='Working' Instrument='MES SEP26' Action='Buy' Limit price=7514.25 Stop price=0 Quantity=13 Type='Limit' Time in force=GTC Oco='' Filled=0 Fill price=0 Error='No error' Native error='',
7/20/2026 7:01:49 AM,Order,Order='99c187271dd841968a743d83fe68621d/PA-APEX-422136-03' Name='Entry' New state='Submitted' Instrument='MES SEP26' Action='Buy' Limit price=7514.25 Stop price=0 Quantity=13 Type='Limit' Time in force=GTC Oco='' Filled=0 Fill price=0 Error='No error' Native error='',
7/20/2026 7:01:49 AM,Order,Chart Trader submitting order with strategy 'MES MIN SL6 - 2' (Ticks),
7/20/2026 7:01:31 AM,Order,Order='2828996898/PA-APEX-422136-03' Name='Entry' New state='Accepted' Instrument='MES SEP26' Action='Sell' Limit price=7531 Stop price=0 Quantity=13 Type='Limit' Time in force=GTC Oco='' Filled=0 Fill price=0 Error='No error' Native error='',
7/20/2026 7:01:31 AM,Order,Order='2828996898/PA-APEX-422136-03' Name='Entry' New state='Working' Instrument='MES SEP26' Action='Sell' Limit price=7531 Stop price=0 Quantity=13 Type='Limit' Time in force=GTC Oco='' Filled=0 Fill price=0 Error='No error' Native error='',
7/20/2026 7:01:31 AM,Order,Order='18210bcc49934755b31a2742416277cb/PA-APEX-422136-03' Name='Entry' New state='Submitted' Instrument='MES SEP26' Action='Sell' Limit price=7531 Stop price=0 Quantity=13 Type='Limit' Time in force=GTC Oco='' Filled=0 Fill price=0 Error='No error' Native error='',
7/20/2026 7:01:31 AM,Order,Chart Trader submitting order with strategy 'MES MIN SL6 - 1' (Ticks),
7/20/2026 7:01:08 AM,Order,Order='2828972431/PA-APEX-422136-01' Name='Entry' New state='Cancelled' Instrument='MES SEP26' Action='Buy' Limit price=7514.25 Stop price=0 Quantity=13 Type='Limit' Time in force=GTC Oco='' Filled=0 Fill price=0 Error='No error' Native error='',
7/20/2026 7:01:08 AM,Order,Order='2828972431/PA-APEX-422136-01' Name='Entry' New state='Cancel submitted' Instrument='MES SEP26' Action='Buy' Limit price=7514.25 Stop price=0 Quantity=13 Type='Limit' Time in force=GTC Oco='' Filled=0 Fill price=0 Error='No error' Native error='',
7/20/2026 7:01:08 AM,Order,Order='2828963022/PA-APEX-422136-03' Name='Entry' New state='Cancelled' Instrument='MES SEP26' Action='Buy' Limit price=7514.25 Stop price=0 Quantity=13 Type='Limit' Time in force=GTC Oco='' Filled=0 Fill price=0 Error='No error' Native error='',
7/20/2026 7:01:07 AM,Order,Order='2828963022/PA-APEX-422136-03' Name='Entry' New state='Cancel submitted' Instrument='MES SEP26' Action='Buy' Limit price=7514.25 Stop price=0 Quantity=13 Type='Limit' Time in force=GTC Oco='' Filled=0 Fill price=0 Error='No error' Native error='',
7/20/2026 7:01:05 AM,Order,Order='2828957176/PA-APEX-422136-07' Name='Entry' New state='Cancelled' Instrument='MES SEP26' Action='Buy' Limit price=7514.25 Stop price=0 Quantity=13 Type='Limit' Time in force=GTC Oco='' Filled=0 Fill price=0 Error='No error' Native error='',
7/20/2026 7:01:05 AM,Order,Order='2828957176/PA-APEX-422136-07' Name='Entry' New state='Cancel submitted' Instrument='MES SEP26' Action='Buy' Limit price=7514.25 Stop price=0 Quantity=13 Type='Limit' Time in force=GTC Oco='' Filled=0 Fill price=0 Error='No error' Native error='',
7/20/2026 6:59:18 AM,Order,Order='2828957176/PA-APEX-422136-07' Name='Entry' New state='Accepted' Instrument='MES SEP26' Action='Buy' Limit price=7514.25 Stop price=0 Quantity=13 Type='Limit' Time in force=GTC Oco='' Filled=0 Fill price=0 Error='No error' Native error='',
7/20/2026 6:59:18 AM,Order,Order='2828957176/PA-APEX-422136-07' Name='Entry' New state='Working' Instrument='MES SEP26' Action='Buy' Limit price=7514.25 Stop price=0 Quantity=13 Type='Limit' Time in force=GTC Oco='' Filled=0 Fill price=0 Error='No error' Native error='',
7/20/2026 6:59:18 AM,Order,Order='2828957176/PA-APEX-422136-07' Name='Entry' New state='Change submitted' Instrument='MES SEP26' Action='Buy' Limit price=7514.25 Stop price=0 Quantity=13 Type='Limit' Time in force=GTC Oco='' Filled=0 Fill price=0 Error='No error' Native error='',
7/20/2026 6:59:18 AM,Order,Order='2828963022/PA-APEX-422136-03' Name='Entry' New state='Accepted' Instrument='MES SEP26' Action='Buy' Limit price=7514.25 Stop price=0 Quantity=13 Type='Limit' Time in force=GTC Oco='' Filled=0 Fill price=0 Error='No error' Native error='',
7/20/2026 6:59:18 AM,Order,Order='2828963022/PA-APEX-422136-03' Name='Entry' New state='Working' Instrument='MES SEP26' Action='Buy' Limit price=7514.25 Stop price=0 Quantity=13 Type='Limit' Time in force=GTC Oco='' Filled=0 Fill price=0 Error='No error' Native error='',
7/20/2026 6:59:17 AM,Order,Order='2828963022/PA-APEX-422136-03' Name='Entry' New state='Change submitted' Instrument='MES SEP26' Action='Buy' Limit price=7514.25 Stop price=0 Quantity=13 Type='Limit' Time in force=GTC Oco='' Filled=0 Fill price=0 Error='No error' Native error='',
7/20/2026 6:59:17 AM,Order,Order='2828972431/PA-APEX-422136-01' Name='Entry' New state='Working' Instrument='MES SEP26' Action='Buy' Limit price=7514.25 Stop price=0 Quantity=13 Type='Limit' Time in force=GTC Oco='' Filled=0 Fill price=0 Error='No error' Native error='',
7/20/2026 6:59:17 AM,Order,Order='2828972431/PA-APEX-422136-01' Name='Entry' New state='Accepted' Instrument='MES SEP26' Action='Buy' Limit price=7514.25 Stop price=0 Quantity=13 Type='Limit' Time in force=GTC Oco='' Filled=0 Fill price=0 Error='No error' Native error='',
7/20/2026 6:59:17 AM,Order,Order='2828972431/PA-APEX-422136-01' Name='Entry' New state='Change submitted' Instrument='MES SEP26' Action='Buy' Limit price=7514.25 Stop price=0 Quantity=13 Type='Limit' Time in force=GTC Oco='' Filled=0 Fill price=0 Error='No error' Native error='',
7/20/2026 6:59:16 AM,Order,Order='2828957176/PA-APEX-422136-07' Name='Entry' New state='Accepted' Instrument='MES SEP26' Action='Buy' Limit price=7514.5 Stop price=0 Quantity=13 Type='Limit' Time in force=GTC Oco='' Filled=0 Fill price=0 Error='No error' Native error='',
7/20/2026 6:59:16 AM,Order,Order='2828957176/PA-APEX-422136-07' Name='Entry' New state='Working' Instrument='MES SEP26' Action='Buy' Limit price=7514.5 Stop price=0 Quantity=13 Type='Limit' Time in force=GTC Oco='' Filled=0 Fill price=0 Error='No error' Native error='',
7/20/2026 6:59:16 AM,Order,Order='2828957176/PA-APEX-422136-07' Name='Entry' New state='Change submitted' Instrument='MES SEP26' Action='Buy' Limit price=7514.5 Stop price=0 Quantity=13 Type='Limit' Time in force=GTC Oco='' Filled=0 Fill price=0 Error='No error' Native error='',
7/20/2026 6:59:16 AM,Order,Order='2828963022/PA-APEX-422136-03' Name='Entry' New state='Accepted' Instrument='MES SEP26' Action='Buy' Limit price=7514.5 Stop price=0 Quantity=13 Type='Limit' Time in force=GTC Oco='' Filled=0 Fill price=0 Error='No error' Native error='',
7/20/2026 6:59:16 AM,Order,Order='2828963022/PA-APEX-422136-03' Name='Entry' New state='Working' Instrument='MES SEP26' Action='Buy' Limit price=7514.5 Stop price=0 Quantity=13 Type='Limit' Time in force=GTC Oco='' Filled=0 Fill price=0 Error='No error' Native error='',
7/20/2026 6:59:15 AM,Order,Order='2828963022/PA-APEX-422136-03' Name='Entry' New state='Change submitted' Instrument='MES SEP26' Action='Buy' Limit price=7514.5 Stop price=0 Quantity=13 Type='Limit' Time in force=GTC Oco='' Filled=0 Fill price=0 Error='No error' Native error='',
7/20/2026 6:59:15 AM,Order,Order='2828972431/PA-APEX-422136-01' Name='Entry' New state='Accepted' Instrument='MES SEP26' Action='Buy' Limit price=7514.5 Stop price=0 Quantity=13 Type='Limit' Time in force=GTC Oco='' Filled=0 Fill price=0 Error='No error' Native error='',
7/20/2026 6:59:15 AM,Order,Order='2828972431/PA-APEX-422136-01' Name='Entry' New state='Working' Instrument='MES SEP26' Action='Buy' Limit price=7514.5 Stop price=0 Quantity=13 Type='Limit' Time in force=GTC Oco='' Filled=0 Fill price=0 Error='No error' Native error='',
7/20/2026 6:59:15 AM,Order,Order='2828972431/PA-APEX-422136-01' Name='Entry' New state='Change submitted' Instrument='MES SEP26' Action='Buy' Limit price=7514.5 Stop price=0 Quantity=13 Type='Limit' Time in force=GTC Oco='' Filled=0 Fill price=0 Error='No error' Native error='',
7/20/2026 6:59:14 AM,Order,Order='2828957176/PA-APEX-422136-07' Name='Entry' New state='Working' Instrument='MES SEP26' Action='Buy' Limit price=7514.75 Stop price=0 Quantity=13 Type='Limit' Time in force=GTC Oco='' Filled=0 Fill price=0 Error='No error' Native error='',
7/20/2026 6:59:14 AM,Order,Order='2828957176/PA-APEX-422136-07' Name='Entry' New state='Accepted' Instrument='MES SEP26' Action='Buy' Limit price=7514.75 Stop price=0 Quantity=13 Type='Limit' Time in force=GTC Oco='' Filled=0 Fill price=0 Error='No error' Native error='',
7/20/2026 6:59:14 AM,Order,Order='2828957176/PA-APEX-422136-07' Name='Entry' New state='Change submitted' Instrument='MES SEP26' Action='Buy' Limit price=7514.75 Stop price=0 Quantity=13 Type='Limit' Time in force=GTC Oco='' Filled=0 Fill price=0 Error='No error' Native error='',
7/20/2026 6:59:14 AM,Order,Order='2828963022/PA-APEX-422136-03' Name='Entry' New state='Working' Instrument='MES SEP26' Action='Buy' Limit price=7514.75 Stop price=0 Quantity=13 Type='Limit' Time in force=GTC Oco='' Filled=0 Fill price=0 Error='No error' Native error='',
7/20/2026 6:59:14 AM,Order,Order='2828963022/PA-APEX-422136-03' Name='Entry' New state='Accepted' Instrument='MES SEP26' Action='Buy' Limit price=7514.75 Stop price=0 Quantity=13 Type='Limit' Time in force=GTC Oco='' Filled=0 Fill price=0 Error='No error' Native error='',
7/20/2026 6:59:14 AM,Order,Order='2828963022/PA-APEX-422136-03' Name='Entry' New state='Change submitted' Instrument='MES SEP26' Action='Buy' Limit price=7514.75 Stop price=0 Quantity=13 Type='Limit' Time in force=GTC Oco='' Filled=0 Fill price=0 Error='No error' Native error='',
7/20/2026 6:59:13 AM,Order,Order='2828972431/PA-APEX-422136-01' Name='Entry' New state='Working' Instrument='MES SEP26' Action='Buy' Limit price=7514.75 Stop price=0 Quantity=13 Type='Limit' Time in force=GTC Oco='' Filled=0 Fill price=0 Error='No error' Native error='',
7/20/2026 6:59:13 AM,Order,Order='2828972431/PA-APEX-422136-01' Name='Entry' New state='Accepted' Instrument='MES SEP26' Action='Buy' Limit price=7514.75 Stop price=0 Quantity=13 Type='Limit' Time in force=GTC Oco='' Filled=0 Fill price=0 Error='No error' Native error='',
7/20/2026 6:59:13 AM,Order,Order='2828972431/PA-APEX-422136-01' Name='Entry' New state='Change submitted' Instrument='MES SEP26' Action='Buy' Limit price=7514.75 Stop price=0 Quantity=13 Type='Limit' Time in force=GTC Oco='' Filled=0 Fill price=0 Error='No error' Native error='',
7/20/2026 6:59:13 AM,Order,Order='2828957176/PA-APEX-422136-07' Name='Entry' New state='Accepted' Instrument='MES SEP26' Action='Buy' Limit price=7515 Stop price=0 Quantity=13 Type='Limit' Time in force=GTC Oco='' Filled=0 Fill price=0 Error='No error' Native error='',
7/20/2026 6:59:13 AM,Order,Order='2828957176/PA-APEX-422136-07' Name='Entry' New state='Working' Instrument='MES SEP26' Action='Buy' Limit price=7515 Stop price=0 Quantity=13 Type='Limit' Time in force=GTC Oco='' Filled=0 Fill price=0 Error='No error' Native error='',
7/20/2026 6:59:13 AM,Order,Order='2828957176/PA-APEX-422136-07' Name='Entry' New state='Change submitted' Instrument='MES SEP26' Action='Buy' Limit price=7515 Stop price=0 Quantity=13 Type='Limit' Time in force=GTC Oco='' Filled=0 Fill price=0 Error='No error' Native error='',
7/20/2026 6:59:12 AM,Order,Order='2828963022/PA-APEX-422136-03' Name='Entry' New state='Working' Instrument='MES SEP26' Action='Buy' Limit price=7515 Stop price=0 Quantity=13 Type='Limit' Time in force=GTC Oco='' Filled=0 Fill price=0 Error='No error' Native error='',
7/20/2026 6:59:12 AM,Order,Order='2828963022/PA-APEX-422136-03' Name='Entry' New state='Accepted' Instrument='MES SEP26' Action='Buy' Limit price=7515 Stop price=0 Quantity=13 Type='Limit' Time in force=GTC Oco='' Filled=0 Fill price=0 Error='No error' Native error='',
7/20/2026 6:59:12 AM,Order,Order='2828963022/PA-APEX-422136-03' Name='Entry' New state='Change submitted' Instrument='MES SEP26' Action='Buy' Limit price=7515 Stop price=0 Quantity=13 Type='Limit' Time in force=GTC Oco='' Filled=0 Fill price=0 Error='No error' Native error='',
7/20/2026 6:59:12 AM,Order,Order='2828972431/PA-APEX-422136-01' Name='Entry' New state='Accepted' Instrument='MES SEP26' Action='Buy' Limit price=7515 Stop price=0 Quantity=13 Type='Limit' Time in force=GTC Oco='' Filled=0 Fill price=0 Error='No error' Native error='',
7/20/2026 6:59:12 AM,Order,Order='2828972431/PA-APEX-422136-01' Name='Entry' New state='Working' Instrument='MES SEP26' Action='Buy' Limit price=7515 Stop price=0 Quantity=13 Type='Limit' Time in force=GTC Oco='' Filled=0 Fill price=0 Error='No error' Native error='',
7/20/2026 6:59:12 AM,Order,Order='2828972431/PA-APEX-422136-01' Name='Entry' New state='Change submitted' Instrument='MES SEP26' Action='Buy' Limit price=7515 Stop price=0 Quantity=13 Type='Limit' Time in force=GTC Oco='' Filled=0 Fill price=0 Error='No error' Native error='',
7/20/2026 6:59:12 AM,Order,Order='2828957176/PA-APEX-422136-07' Name='Entry' New state='Accepted' Instrument='MES SEP26' Action='Buy' Limit price=7515.25 Stop price=0 Quantity=13 Type='Limit' Time in force=GTC Oco='' Filled=0 Fill price=0 Error='No error' Native error='',
7/20/2026 6:59:12 AM,Order,Order='2828957176/PA-APEX-422136-07' Name='Entry' New state='Working' Instrument='MES SEP26' Action='Buy' Limit price=7515.25 Stop price=0 Quantity=13 Type='Limit' Time in force=GTC Oco='' Filled=0 Fill price=0 Error='No error' Native error='',
7/20/2026 6:59:12 AM,Order,Order='2828957176/PA-APEX-422136-07' Name='Entry' New state='Change submitted' Instrument='MES SEP26' Action='Buy' Limit price=7515.25 Stop price=0 Quantity=13 Type='Limit' Time in force=GTC Oco='' Filled=0 Fill price=0 Error='No error' Native error='',
7/20/2026 6:59:11 AM,Order,Order='2828963022/PA-APEX-422136-03' Name='Entry' New state='Accepted' Instrument='MES SEP26' Action='Buy' Limit price=7515.25 Stop price=0 Quantity=13 Type='Limit' Time in force=GTC Oco='' Filled=0 Fill price=0 Error='No error' Native error='',
7/20/2026 6:59:11 AM,Order,Order='2828963022/PA-APEX-422136-03' Name='Entry' New state='Working' Instrument='MES SEP26' Action='Buy' Limit price=7515.25 Stop price=0 Quantity=13 Type='Limit' Time in force=GTC Oco='' Filled=0 Fill price=0 Error='No error' Native error='',
7/20/2026 6:59:11 AM,Order,Order='2828963022/PA-APEX-422136-03' Name='Entry' New state='Change submitted' Instrument='MES SEP26' Action='Buy' Limit price=7515.25 Stop price=0 Quantity=13 Type='Limit' Time in force=GTC Oco='' Filled=0 Fill price=0 Error='No error' Native error='',
7/20/2026 6:59:11 AM,Order,Order='2828972431/PA-APEX-422136-01' Name='Entry' New state='Accepted' Instrument='MES SEP26' Action='Buy' Limit price=7515.25 Stop price=0 Quantity=13 Type='Limit' Time in force=GTC Oco='' Filled=0 Fill price=0 Error='No error' Native error='',
7/20/2026 6:59:11 AM,Order,Order='2828972431/PA-APEX-422136-01' Name='Entry' New state='Working' Instrument='MES SEP26' Action='Buy' Limit price=7515.25 Stop price=0 Quantity=13 Type='Limit' Time in force=GTC Oco='' Filled=0 Fill price=0 Error='No error' Native error='',
7/20/2026 6:59:11 AM,Order,Order='2828972431/PA-APEX-422136-01' Name='Entry' New state='Change submitted' Instrument='MES SEP26' Action='Buy' Limit price=7515.25 Stop price=0 Quantity=13 Type='Limit' Time in force=GTC Oco='' Filled=0 Fill price=0 Error='No error' Native error='',
7/20/2026 6:59:11 AM,Order,Order='2828963022/PA-APEX-422136-03' Name='Entry' New state='Accepted' Instrument='MES SEP26' Action='Buy' Limit price=7515.5 Stop price=0 Quantity=13 Type='Limit' Time in force=GTC Oco='' Filled=0 Fill price=0 Error='No error' Native error='',
7/20/2026 6:59:11 AM,Order,Order='2828963022/PA-APEX-422136-03' Name='Entry' New state='Working' Instrument='MES SEP26' Action='Buy' Limit price=7515.5 Stop price=0 Quantity=13 Type='Limit' Time in force=GTC Oco='' Filled=0 Fill price=0 Error='No error' Native error='',
7/20/2026 6:59:11 AM,Order,Order='2828963022/PA-APEX-422136-03' Name='Entry' New state='Change submitted' Instrument='MES SEP26' Action='Buy' Limit price=7515.5 Stop price=0 Quantity=13 Type='Limit' Time in force=GTC Oco='' Filled=0 Fill price=0 Error='No error' Native error='',
7/20/2026 6:59:10 AM,Order,Order='2828963022/PA-APEX-422136-03' Name='Entry' New state='Accepted' Instrument='MES SEP26' Action='Buy' Limit price=7515.75 Stop price=0 Quantity=13 Type='Limit' Time in force=GTC Oco='' Filled=0 Fill price=0 Error='No error' Native error='',
7/20/2026 6:59:10 AM,Order,Order='2828963022/PA-APEX-422136-03' Name='Entry' New state='Working' Instrument='MES SEP26' Action='Buy' Limit price=7515.75 Stop price=0 Quantity=13 Type='Limit' Time in force=GTC Oco='' Filled=0 Fill price=0 Error='No error' Native error='',
7/20/2026 6:59:10 AM,Order,Order='2828963022/PA-APEX-422136-03' Name='Entry' New state='Change submitted' Instrument='MES SEP26' Action='Buy' Limit price=7515.75 Stop price=0 Quantity=13 Type='Limit' Time in force=GTC Oco='' Filled=0 Fill price=0 Error='No error' Native error='',
7/20/2026 6:59:09 AM,Order,Order='2828957176/PA-APEX-422136-07' Name='Entry' New state='Accepted' Instrument='MES SEP26' Action='Buy' Limit price=7515.5 Stop price=0 Quantity=13 Type='Limit' Time in force=GTC Oco='' Filled=0 Fill price=0 Error='No error' Native error='',
7/20/2026 6:59:09 AM,Order,Order='2828957176/PA-APEX-422136-07' Name='Entry' New state='Working' Instrument='MES SEP26' Action='Buy' Limit price=7515.5 Stop price=0 Quantity=13 Type='Limit' Time in force=GTC Oco='' Filled=0 Fill price=0 Error='No error' Native error='',
7/20/2026 6:59:09 AM,Order,Order='2828957176/PA-APEX-422136-07' Name='Entry' New state='Change submitted' Instrument='MES SEP26' Action='Buy' Limit price=7515.5 Stop price=0 Quantity=13 Type='Limit' Time in force=GTC Oco='' Filled=0 Fill price=0 Error='No error' Native error='',
7/20/2026 6:59:08 AM,Order,Order='2828972431/PA-APEX-422136-01' Name='Entry' New state='Working' Instrument='MES SEP26' Action='Buy' Limit price=7515.5 Stop price=0 Quantity=13 Type='Limit' Time in force=GTC Oco='' Filled=0 Fill price=0 Error='No error' Native error='',
7/20/2026 6:59:08 AM,Order,Order='2828972431/PA-APEX-422136-01' Name='Entry' New state='Accepted' Instrument='MES SEP26' Action='Buy' Limit price=7515.5 Stop price=0 Quantity=13 Type='Limit' Time in force=GTC Oco='' Filled=0 Fill price=0 Error='No error' Native error='',
7/20/2026 6:59:08 AM,Order,Order='2828972431/PA-APEX-422136-01' Name='Entry' New state='Change submitted' Instrument='MES SEP26' Action='Buy' Limit price=7515.5 Stop price=0 Quantity=13 Type='Limit' Time in force=GTC Oco='' Filled=0 Fill price=0 Error='No error' Native error='',
7/20/2026 6:59:07 AM,Order,Order='2828957176/PA-APEX-422136-07' Name='Entry' New state='Working' Instrument='MES SEP26' Action='Buy' Limit price=7515.75 Stop price=0 Quantity=13 Type='Limit' Time in force=GTC Oco='' Filled=0 Fill price=0 Error='No error' Native error='',
7/20/2026 6:59:07 AM,Order,Order='2828957176/PA-APEX-422136-07' Name='Entry' New state='Accepted' Instrument='MES SEP26' Action='Buy' Limit price=7515.75 Stop price=0 Quantity=13 Type='Limit' Time in force=GTC Oco='' Filled=0 Fill price=0 Error='No error' Native error='',
7/20/2026 6:59:07 AM,Order,Order='2828957176/PA-APEX-422136-07' Name='Entry' New state='Change submitted' Instrument='MES SEP26' Action='Buy' Limit price=7515.75 Stop price=0 Quantity=13 Type='Limit' Time in force=GTC Oco='' Filled=0 Fill price=0 Error='No error' Native error='',
7/20/2026 6:58:59 AM,Order,Order='2828972431/PA-APEX-422136-01' Name='Entry' New state='Accepted' Instrument='MES SEP26' Action='Buy' Limit price=7515.75 Stop price=0 Quantity=13 Type='Limit' Time in force=GTC Oco='' Filled=0 Fill price=0 Error='No error' Native error='',
7/20/2026 6:58:59 AM,Order,Order='2828972431/PA-APEX-422136-01' Name='Entry' New state='Working' Instrument='MES SEP26' Action='Buy' Limit price=7515.75 Stop price=0 Quantity=13 Type='Limit' Time in force=GTC Oco='' Filled=0 Fill price=0 Error='No error' Native error='',
7/20/2026 6:58:59 AM,Order,Order='9181b8d608a34164bc01cb8db69c7797/PA-APEX-422136-01' Name='Entry' New state='Submitted' Instrument='MES SEP26' Action='Buy' Limit price=7515.75 Stop price=0 Quantity=13 Type='Limit' Time in force=GTC Oco='' Filled=0 Fill price=0 Error='No error' Native error='',
7/20/2026 6:58:59 AM,Order,Chart Trader submitting order with strategy 'MES MIN SL6 - 3' (Ticks),
7/20/2026 6:57:35 AM,Order,Order='2828963022/PA-APEX-422136-03' Name='Entry' New state='Accepted' Instrument='MES SEP26' Action='Buy' Limit price=7516 Stop price=0 Quantity=13 Type='Limit' Time in force=GTC Oco='' Filled=0 Fill price=0 Error='No error' Native error='',
7/20/2026 6:57:35 AM,Order,Order='2828963022/PA-APEX-422136-03' Name='Entry' New state='Working' Instrument='MES SEP26' Action='Buy' Limit price=7516 Stop price=0 Quantity=13 Type='Limit' Time in force=GTC Oco='' Filled=0 Fill price=0 Error='No error' Native error='',
7/20/2026 6:57:35 AM,Order,Order='2828963022/PA-APEX-422136-03' Name='Entry' New state='Change submitted' Instrument='MES SEP26' Action='Buy' Limit price=7516 Stop price=0 Quantity=13 Type='Limit' Time in force=GTC Oco='' Filled=0 Fill price=0 Error='No error' Native error='',
7/20/2026 6:57:32 AM,Order,Order='2828963022/PA-APEX-422136-03' Name='Entry' New state='Accepted' Instrument='MES SEP26' Action='Buy' Limit price=7515.75 Stop price=0 Quantity=13 Type='Limit' Time in force=GTC Oco='' Filled=0 Fill price=0 Error='No error' Native error='',
7/20/2026 6:57:32 AM,Order,Order='2828963022/PA-APEX-422136-03' Name='Entry' New state='Working' Instrument='MES SEP26' Action='Buy' Limit price=7515.75 Stop price=0 Quantity=13 Type='Limit' Time in force=GTC Oco='' Filled=0 Fill price=0 Error='No error' Native error='',
7/20/2026 6:57:32 AM,Order,Order='19d5dec2d8ab4970a0e95a8fd13b8878/PA-APEX-422136-03' Name='Entry' New state='Submitted' Instrument='MES SEP26' Action='Buy' Limit price=7515.75 Stop price=0 Quantity=13 Type='Limit' Time in force=GTC Oco='' Filled=0 Fill price=0 Error='No error' Native error='',
7/20/2026 6:57:32 AM,Order,Chart Trader submitting order with strategy 'MES MIN SL6 - 2' (Ticks),
7/20/2026 6:56:49 AM,Order,Order='2828957176/PA-APEX-422136-07' Name='Entry' New state='Working' Instrument='MES SEP26' Action='Buy' Limit price=7516 Stop price=0 Quantity=13 Type='Limit' Time in force=GTC Oco='' Filled=0 Fill price=0 Error='No error' Native error='',
7/20/2026 6:56:49 AM,Order,Order='2828957176/PA-APEX-422136-07' Name='Entry' New state='Accepted' Instrument='MES SEP26' Action='Buy' Limit price=7516 Stop price=0 Quantity=13 Type='Limit' Time in force=GTC Oco='' Filled=0 Fill price=0 Error='No error' Native error='',
7/20/2026 6:56:49 AM,Order,Order='7dcf48a430e94b4f9d455abee93ae3dc/PA-APEX-422136-07' Name='Entry' New state='Submitted' Instrument='MES SEP26' Action='Buy' Limit price=7516 Stop price=0 Quantity=13 Type='Limit' Time in force=GTC Oco='' Filled=0 Fill price=0 Error='No error' Native error='',
7/20/2026 6:56:49 AM,Order,Chart Trader submitting order with strategy 'MES MIN SL6 - 1' (Ticks),
7/20/2026 6:53:16 AM,Order,Order='2828919665/PA-APEX-422136-05' Name='Target2' New state='Cancelled' Instrument='MES SEP26' Action='Sell' Limit price=7535.25 Stop price=0 Quantity=8 Type='Limit' Time in force=GTC Oco='aa7b358191654e0e9d8d3e1e97425f38' Filled=0 Fill price=0 Error='No error' Native error='',
7/20/2026 6:53:16 AM,Order,Order='2828919628/PA-APEX-422136-04' Name='Target2' New state='Cancelled' Instrument='MES SEP26' Action='Sell' Limit price=7535.25 Stop price=0 Quantity=8 Type='Limit' Time in force=GTC Oco='1e5135872ce04d2fa9bfc1cde9864a96' Filled=0 Fill price=0 Error='No error' Native error='',
7/20/2026 6:53:16 AM,Order,Order='2828919627/PA-APEX-422136-06' Name='Target2' New state='Cancelled' Instrument='MES SEP26' Action='Sell' Limit price=7535.25 Stop price=0 Quantity=8 Type='Limit' Time in force=GTC Oco='ace26793977a4127a88c5b9d86073096' Filled=0 Fill price=0 Error='No error' Native error='',
7/20/2026 6:53:16 AM,Order,Order='2828919621/PA-APEX-422136-06' Name='Target1' New state='Cancelled' Instrument='MES SEP26' Action='Sell' Limit price=7535 Stop price=0 Quantity=8 Type='Limit' Time in force=GTC Oco='6913217ccc074221b9d84f337d0fcdd8' Filled=0 Fill price=0 Error='No error' Native error='',
7/20/2026 6:53:16 AM,Order,Order='2828919626/PA-APEX-422136-05' Name='Target1' New state='Cancelled' Instrument='MES SEP26' Action='Sell' Limit price=7535 Stop price=0 Quantity=8 Type='Limit' Time in force=GTC Oco='eb46f11074c34d1196207e70c80238a8' Filled=0 Fill price=0 Error='No error' Native error='',
7/20/2026 6:53:16 AM,Order,Order='2828919622/PA-APEX-422136-04' Name='Target1' New state='Cancelled' Instrument='MES SEP26' Action='Sell' Limit price=7535 Stop price=0 Quantity=8 Type='Limit' Time in force=GTC Oco='c1eff3ccbb0b4c759ad078b4f670d262' Filled=0 Fill price=0 Error='No error' Native error='',
7/20/2026 6:53:16 AM,Strategy,Cancelling any remaining strategy orders,
7/20/2026 6:53:16 AM,Order,Order='2828919628/PA-APEX-422136-04' Name='Target2' New state='Cancel submitted' Instrument='MES SEP26' Action='Sell' Limit price=7535.25 Stop price=0 Quantity=8 Type='Limit' Time in force=GTC Oco='1e5135872ce04d2fa9bfc1cde9864a96' Filled=0 Fill price=0 Error='No error' Native error='',
7/20/2026 6:53:16 AM,Execution,Execution='1081883,
7/20/2026 6:53:16 AM,Order,Order='2828919624/PA-APEX-422136-04' Name='Stop2' New state='Filled' Instrument='MES SEP26' Action='Sell' Limit price=0 Stop price=7528 Quantity=8 Type='Stop Market' Time in force=GTC Oco='1e5135872ce04d2fa9bfc1cde9864a96' Filled=8 Fill price=7528 Error='No error' Native error='',
7/20/2026 6:53:16 AM,Strategy,Cancelling any remaining strategy orders,
7/20/2026 6:53:16 AM,Order,Order='2828919624/PA-APEX-422136-04' Name='Stop2' New state='Working' Instrument='MES SEP26' Action='Sell' Limit price=0 Stop price=7528 Quantity=8 Type='Stop Market' Time in force=GTC Oco='1e5135872ce04d2fa9bfc1cde9864a96' Filled=0 Fill price=0 Error='No error' Native error='',
7/20/2026 6:53:16 AM,Order,Order='2828919665/PA-APEX-422136-05' Name='Target2' New state='Cancel submitted' Instrument='MES SEP26' Action='Sell' Limit price=7535.25 Stop price=0 Quantity=8 Type='Limit' Time in force=GTC Oco='aa7b358191654e0e9d8d3e1e97425f38' Filled=0 Fill price=0 Error='No error' Native error='',
7/20/2026 6:53:16 AM,Order,Order='2828919664/PA-APEX-422136-05' Name='Stop2' New state='Filled' Instrument='MES SEP26' Action='Sell' Limit price=0 Stop price=7528 Quantity=8 Type='Stop Market' Time in force=GTC Oco='aa7b358191654e0e9d8d3e1e97425f38' Filled=8 Fill price=7528 Error='No error' Native error='',
7/20/2026 6:53:16 AM,Strategy,Cancelling any remaining strategy orders,
7/20/2026 6:53:16 AM,Execution,Execution='1082310,
7/20/2026 6:53:16 AM,Order,Order='2828919664/PA-APEX-422136-05' Name='Stop2' New state='Working' Instrument='MES SEP26' Action='Sell' Limit price=0 Stop price=7528 Quantity=8 Type='Stop Market' Time in force=GTC Oco='aa7b358191654e0e9d8d3e1e97425f38' Filled=0 Fill price=0 Error='No error' Native error='',
7/20/2026 6:53:16 AM,Order,Order='2828919627/PA-APEX-422136-06' Name='Target2' New state='Cancel submitted' Instrument='MES SEP26' Action='Sell' Limit price=7535.25 Stop price=0 Quantity=8 Type='Limit' Time in force=GTC Oco='ace26793977a4127a88c5b9d86073096' Filled=0 Fill price=0 Error='No error' Native error='',
7/20/2026 6:53:16 AM,Order,Order='2828919623/PA-APEX-422136-06' Name='Stop2' New state='Filled' Instrument='MES SEP26' Action='Sell' Limit price=0 Stop price=7528 Quantity=8 Type='Stop Market' Time in force=GTC Oco='ace26793977a4127a88c5b9d86073096' Filled=8 Fill price=7528 Error='No error' Native error='',
7/20/2026 6:53:16 AM,Execution,Execution='1083782,
7/20/2026 6:53:16 AM,Order,Order='2828919626/PA-APEX-422136-05' Name='Target1' New state='Cancel submitted' Instrument='MES SEP26' Action='Sell' Limit price=7535 Stop price=0 Quantity=8 Type='Limit' Time in force=GTC Oco='eb46f11074c34d1196207e70c80238a8' Filled=0 Fill price=0 Error='No error' Native error='',
7/20/2026 6:53:16 AM,Order,Order='2828919623/PA-APEX-422136-06' Name='Stop2' New state='Working' Instrument='MES SEP26' Action='Sell' Limit price=0 Stop price=7528 Quantity=8 Type='Stop Market' Time in force=GTC Oco='ace26793977a4127a88c5b9d86073096' Filled=0 Fill price=0 Error='No error' Native error='',
7/20/2026 6:53:16 AM,Order,Order='2828919625/PA-APEX-422136-05' Name='Stop1' New state='Filled' Instrument='MES SEP26' Action='Sell' Limit price=0 Stop price=7528 Quantity=8 Type='Stop Market' Time in force=GTC Oco='eb46f11074c34d1196207e70c80238a8' Filled=8 Fill price=7528 Error='No error' Native error='',
7/20/2026 6:53:16 AM,Execution,Execution='1083325,
7/20/2026 6:53:16 AM,Order,Order='2828919625/PA-APEX-422136-05' Name='Stop1' New state='Working' Instrument='MES SEP26' Action='Sell' Limit price=0 Stop price=7528 Quantity=8 Type='Stop Market' Time in force=GTC Oco='eb46f11074c34d1196207e70c80238a8' Filled=0 Fill price=0 Error='No error' Native error='',
7/20/2026 6:53:16 AM,Order,Order='2828919621/PA-APEX-422136-06' Name='Target1' New state='Cancel submitted' Instrument='MES SEP26' Action='Sell' Limit price=7535 Stop price=0 Quantity=8 Type='Limit' Time in force=GTC Oco='6913217ccc074221b9d84f337d0fcdd8' Filled=0 Fill price=0 Error='No error' Native error='',
7/20/2026 6:53:16 AM,Order,Order='2828919620/PA-APEX-422136-06' Name='Stop1' New state='Filled' Instrument='MES SEP26' Action='Sell' Limit price=0 Stop price=7528 Quantity=8 Type='Stop Market' Time in force=GTC Oco='6913217ccc074221b9d84f337d0fcdd8' Filled=8 Fill price=7528 Error='No error' Native error='',
7/20/2026 6:53:16 AM,Execution,Execution='1083545,
7/20/2026 6:53:16 AM,Position,Instrument='MES SEP26' Account='PA-APEX-422136-04' Average price=7533 Quantity=8 Market position=Flat Operation=Remove,
7/20/2026 6:53:16 AM,Order,Order='2828919622/PA-APEX-422136-04' Name='Target1' New state='Cancel submitted' Instrument='MES SEP26' Action='Sell' Limit price=7535 Stop price=0 Quantity=8 Type='Limit' Time in force=GTC Oco='c1eff3ccbb0b4c759ad078b4f670d262' Filled=0 Fill price=0 Error='No error' Native error='',
7/20/2026 6:53:16 AM,Position,Instrument='MES SEP26' Account='PA-APEX-422136-06' Average price=7533 Quantity=8 Market position=Flat Operation=Remove,
7/20/2026 6:53:16 AM,Order,Order='2828919620/PA-APEX-422136-06' Name='Stop1' New state='Working' Instrument='MES SEP26' Action='Sell' Limit price=0 Stop price=7528 Quantity=8 Type='Stop Market' Time in force=GTC Oco='6913217ccc074221b9d84f337d0fcdd8' Filled=0 Fill price=0 Error='No error' Native error='',
7/20/2026 6:53:16 AM,Position,Instrument='MES SEP26' Account='PA-APEX-422136-05' Average price=7533 Quantity=16 Market position=Flat Operation=Remove,
7/20/2026 6:53:16 AM,Position,Instrument='MES SEP26' Account='PA-APEX-422136-06' Average price=7533 Quantity=8 Market position=Long Operation=Update,
7/20/2026 6:53:16 AM,Order,Order='2828919619/PA-APEX-422136-04' Name='Stop1' New state='Filled' Instrument='MES SEP26' Action='Sell' Limit price=0 Stop price=7528 Quantity=8 Type='Stop Market' Time in force=GTC Oco='c1eff3ccbb0b4c759ad078b4f670d262' Filled=8 Fill price=7528 Error='No error' Native error='',
7/20/2026 6:53:16 AM,Execution,Execution='1082069,
7/20/2026 6:53:16 AM,Position,Instrument='MES SEP26' Account='PA-APEX-422136-04' Average price=7533 Quantity=8 Market position=Long Operation=Update,
7/20/2026 6:53:16 AM,Order,Order='2828919619/PA-APEX-422136-04' Name='Stop1' New state='Working' Instrument='MES SEP26' Action='Sell' Limit price=0 Stop price=7528 Quantity=8 Type='Stop Market' Time in force=GTC Oco='c1eff3ccbb0b4c759ad078b4f670d262' Filled=0 Fill price=0 Error='No error' Native error='',
7/20/2026 6:52:21 AM,Order,Order='2828919625/PA-APEX-422136-05' Name='Stop1' New state='Accepted' Instrument='MES SEP26' Action='Sell' Limit price=0 Stop price=7528 Quantity=8 Type='Stop Market' Time in force=GTC Oco='eb46f11074c34d1196207e70c80238a8' Filled=0 Fill price=0 Error='No error' Native error='',
7/20/2026 6:52:21 AM,Order,Order='2828919622/PA-APEX-422136-04' Name='Target1' New state='Accepted' Instrument='MES SEP26' Action='Sell' Limit price=7535 Stop price=0 Quantity=8 Type='Limit' Time in force=GTC Oco='c1eff3ccbb0b4c759ad078b4f670d262' Filled=0 Fill price=0 Error='No error' Native error='',
7/20/2026 6:52:21 AM,Order,Order='2828919622/PA-APEX-422136-04' Name='Target1' New state='Working' Instrument='MES SEP26' Action='Sell' Limit price=7535 Stop price=0 Quantity=8 Type='Limit' Time in force=GTC Oco='c1eff3ccbb0b4c759ad078b4f670d262' Filled=0 Fill price=0 Error='No error' Native error='',
7/20/2026 6:52:21 AM,Order,Order='2828919620/PA-APEX-422136-06' Name='Stop1' New state='Accepted' Instrument='MES SEP26' Action='Sell' Limit price=0 Stop price=7528 Quantity=8 Type='Stop Market' Time in force=GTC Oco='6913217ccc074221b9d84f337d0fcdd8' Filled=0 Fill price=0 Error='No error' Native error='',
7/20/2026 6:52:21 AM,Order,Order='2828919619/PA-APEX-422136-04' Name='Stop1' New state='Accepted' Instrument='MES SEP26' Action='Sell' Limit price=0 Stop price=7528 Quantity=8 Type='Stop Market' Time in force=GTC Oco='c1eff3ccbb0b4c759ad078b4f670d262' Filled=0 Fill price=0 Error='No error' Native error='',
7/20/2026 6:52:21 AM,Order,Order='2828919621/PA-APEX-422136-06' Name='Target1' New state='Accepted' Instrument='MES SEP26' Action='Sell' Limit price=7535 Stop price=0 Quantity=8 Type='Limit' Time in force=GTC Oco='6913217ccc074221b9d84f337d0fcdd8' Filled=0 Fill price=0 Error='No error' Native error='',
7/20/2026 6:52:21 AM,Order,Order='2828919621/PA-APEX-422136-06' Name='Target1' New state='Working' Instrument='MES SEP26' Action='Sell' Limit price=7535 Stop price=0 Quantity=8 Type='Limit' Time in force=GTC Oco='6913217ccc074221b9d84f337d0fcdd8' Filled=0 Fill price=0 Error='No error' Native error='',
7/20/2026 6:52:21 AM,Order,Order='2828919623/PA-APEX-422136-06' Name='Stop2' New state='Accepted' Instrument='MES SEP26' Action='Sell' Limit price=0 Stop price=7528 Quantity=8 Type='Stop Market' Time in force=GTC Oco='ace26793977a4127a88c5b9d86073096' Filled=0 Fill price=0 Error='No error' Native error='',
7/20/2026 6:52:21 AM,Order,Order='2828919665/PA-APEX-422136-05' Name='Target2' New state='Accepted' Instrument='MES SEP26' Action='Sell' Limit price=7535.25 Stop price=0 Quantity=8 Type='Limit' Time in force=GTC Oco='aa7b358191654e0e9d8d3e1e97425f38' Filled=0 Fill price=0 Error='No error' Native error='',
7/20/2026 6:52:21 AM,Order,Order='2828919665/PA-APEX-422136-05' Name='Target2' New state='Working' Instrument='MES SEP26' Action='Sell' Limit price=7535.25 Stop price=0 Quantity=8 Type='Limit' Time in force=GTC Oco='aa7b358191654e0e9d8d3e1e97425f38' Filled=0 Fill price=0 Error='No error' Native error='',
7/20/2026 6:52:21 AM,Order,Order='2828919664/PA-APEX-422136-05' Name='Stop2' New state='Accepted' Instrument='MES SEP26' Action='Sell' Limit price=0 Stop price=7528 Quantity=8 Type='Stop Market' Time in force=GTC Oco='aa7b358191654e0e9d8d3e1e97425f38' Filled=0 Fill price=0 Error='No error' Native error='',
7/20/2026 6:52:21 AM,Order,Order='2828919626/PA-APEX-422136-05' Name='Target1' New state='Working' Instrument='MES SEP26' Action='Sell' Limit price=7535 Stop price=0 Quantity=8 Type='Limit' Time in force=GTC Oco='eb46f11074c34d1196207e70c80238a8' Filled=0 Fill price=0 Error='No error' Native error='',
7/20/2026 6:52:21 AM,Order,Order='2828919624/PA-APEX-422136-04' Name='Stop2' New state='Accepted' Instrument='MES SEP26' Action='Sell' Limit price=0 Stop price=7528 Quantity=8 Type='Stop Market' Time in force=GTC Oco='1e5135872ce04d2fa9bfc1cde9864a96' Filled=0 Fill price=0 Error='No error' Native error='',
7/20/2026 6:52:21 AM,Order,Order='2828919627/PA-APEX-422136-06' Name='Target2' New state='Working' Instrument='MES SEP26' Action='Sell' Limit price=7535.25 Stop price=0 Quantity=8 Type='Limit' Time in force=GTC Oco='ace26793977a4127a88c5b9d86073096' Filled=0 Fill price=0 Error='No error' Native error='',
7/20/2026 6:52:21 AM,Order,Order='2828919626/PA-APEX-422136-05' Name='Target1' New state='Accepted' Instrument='MES SEP26' Action='Sell' Limit price=7535 Stop price=0 Quantity=8 Type='Limit' Time in force=GTC Oco='eb46f11074c34d1196207e70c80238a8' Filled=0 Fill price=0 Error='No error' Native error='',
7/20/2026 6:52:21 AM,Order,Order='2828919628/PA-APEX-422136-04' Name='Target2' New state='Accepted' Instrument='MES SEP26' Action='Sell' Limit price=7535.25 Stop price=0 Quantity=8 Type='Limit' Time in force=GTC Oco='1e5135872ce04d2fa9bfc1cde9864a96' Filled=0 Fill price=0 Error='No error' Native error='',
7/20/2026 6:52:21 AM,Order,Order='2828919628/PA-APEX-422136-04' Name='Target2' New state='Working' Instrument='MES SEP26' Action='Sell' Limit price=7535.25 Stop price=0 Quantity=8 Type='Limit' Time in force=GTC Oco='1e5135872ce04d2fa9bfc1cde9864a96' Filled=0 Fill price=0 Error='No error' Native error='',
7/20/2026 6:52:21 AM,Order,Order='2828919627/PA-APEX-422136-06' Name='Target2' New state='Accepted' Instrument='MES SEP26' Action='Sell' Limit price=7535.25 Stop price=0 Quantity=8 Type='Limit' Time in force=GTC Oco='ace26793977a4127a88c5b9d86073096' Filled=0 Fill price=0 Error='No error' Native error='',
7/20/2026 6:52:20 AM,Order,Order='79e564d6f1074d3c8384806c145d4870/PA-APEX-422136-05' Name='Target2' New state='Submitted' Instrument='MES SEP26' Action='Sell' Limit price=7535.25 Stop price=0 Quantity=8 Type='Limit' Time in force=GTC Oco='aa7b358191654e0e9d8d3e1e97425f38' Filled=0 Fill price=0 Error='No error' Native error='',
7/20/2026 6:52:20 AM,Order,Order='c7b8d431666f445aa01be374d92036a0/PA-APEX-422136-05' Name='Stop2' New state='Submitted' Instrument='MES SEP26' Action='Sell' Limit price=0 Stop price=7528 Quantity=8 Type='Stop Market' Time in force=GTC Oco='aa7b358191654e0e9d8d3e1e97425f38' Filled=0 Fill price=0 Error='No error' Native error='',
7/20/2026 6:52:20 AM,Order,Order='56c8d67de4d4486c95dbe7a4558a40fe/PA-APEX-422136-06' Name='Target2' New state='Submitted' Instrument='MES SEP26' Action='Sell' Limit price=7535.25 Stop price=0 Quantity=8 Type='Limit' Time in force=GTC Oco='ace26793977a4127a88c5b9d86073096' Filled=0 Fill price=0 Error='No error' Native error='',
7/20/2026 6:52:20 AM,Order,Order='d1827732551c42f5a70400fdc4b6fb57/PA-APEX-422136-04' Name='Target2' New state='Submitted' Instrument='MES SEP26' Action='Sell' Limit price=7535.25 Stop price=0 Quantity=8 Type='Limit' Time in force=GTC Oco='1e5135872ce04d2fa9bfc1cde9864a96' Filled=0 Fill price=0 Error='No error' Native error='',
7/20/2026 6:52:20 AM,Order,Order='537e3be0b3ee422a9bf10e67fe29117b/PA-APEX-422136-05' Name='Target1' New state='Submitted' Instrument='MES SEP26' Action='Sell' Limit price=7535 Stop price=0 Quantity=8 Type='Limit' Time in force=GTC Oco='eb46f11074c34d1196207e70c80238a8' Filled=0 Fill price=0 Error='No error' Native error='',
7/20/2026 6:52:20 AM,Order,Order='30e718104dca40a3b996d7b52536bd74/PA-APEX-422136-05' Name='Stop1' New state='Submitted' Instrument='MES SEP26' Action='Sell' Limit price=0 Stop price=7528 Quantity=8 Type='Stop Market' Time in force=GTC Oco='eb46f11074c34d1196207e70c80238a8' Filled=0 Fill price=0 Error='No error' Native error='',
7/20/2026 6:52:20 AM,Order,Order='8329d999d6f244f7a2baf677f1eecb70/PA-APEX-422136-06' Name='Stop2' New state='Submitted' Instrument='MES SEP26' Action='Sell' Limit price=0 Stop price=7528 Quantity=8 Type='Stop Market' Time in force=GTC Oco='ace26793977a4127a88c5b9d86073096' Filled=0 Fill price=0 Error='No error' Native error='',
7/20/2026 6:52:20 AM,Order,Order='e70ada0554dc493ba490afc4d3b0af05/PA-APEX-422136-04' Name='Stop2' New state='Submitted' Instrument='MES SEP26' Action='Sell' Limit price=0 Stop price=7528 Quantity=8 Type='Stop Market' Time in force=GTC Oco='1e5135872ce04d2fa9bfc1cde9864a96' Filled=0 Fill price=0 Error='No error' Native error='',
7/20/2026 6:52:20 AM,Order,Order='8651219584e5446d8960bc2997370133/PA-APEX-422136-06' Name='Target1' New state='Submitted' Instrument='MES SEP26' Action='Sell' Limit price=7535 Stop price=0 Quantity=8 Type='Limit' Time in force=GTC Oco='6913217ccc074221b9d84f337d0fcdd8' Filled=0 Fill price=0 Error='No error' Native error='',
7/20/2026 6:52:20 AM,Order,Order='c7d4ffd9dcd6416eae3caf172242ff11/PA-APEX-422136-04' Name='Target1' New state='Submitted' Instrument='MES SEP26' Action='Sell' Limit price=7535 Stop price=0 Quantity=8 Type='Limit' Time in force=GTC Oco='c1eff3ccbb0b4c759ad078b4f670d262' Filled=0 Fill price=0 Error='No error' Native error='',
7/20/2026 6:52:20 AM,Order,Order='26380f9a1e254250a474c12605c6cb82/PA-APEX-422136-04' Name='Stop1' New state='Submitted' Instrument='MES SEP26' Action='Sell' Limit price=0 Stop price=7528 Quantity=8 Type='Stop Market' Time in force=GTC Oco='c1eff3ccbb0b4c759ad078b4f670d262' Filled=0 Fill price=0 Error='No error' Native error='',
7/20/2026 6:52:20 AM,Order,Order='2828917494/PA-APEX-422136-05' Name='Entry' New state='Filled' Instrument='MES SEP26' Action='Buy' Limit price=7533 Stop price=0 Quantity=16 Type='Limit' Time in force=GTC Oco='' Filled=16 Fill price=7533 Error='No error' Native error='',
7/20/2026 6:52:20 AM,Order,Order='bbbbfd8750d34364befde8eb145e565d/PA-APEX-422136-06' Name='Stop1' New state='Submitted' Instrument='MES SEP26' Action='Sell' Limit price=0 Stop price=7528 Quantity=8 Type='Stop Market' Time in force=GTC Oco='6913217ccc074221b9d84f337d0fcdd8' Filled=0 Fill price=0 Error='No error' Native error='',
7/20/2026 6:52:20 AM,Execution,Execution='1080998,
7/20/2026 6:52:20 AM,Execution,Execution='1080995,
7/20/2026 6:52:20 AM,Order,Order='2828917494/PA-APEX-422136-05' Name='Entry' New state='Partially filled' Instrument='MES SEP26' Action='Buy' Limit price=7533 Stop price=0 Quantity=16 Type='Limit' Time in force=GTC Oco='' Filled=15 Fill price=7533 Error='No error' Native error='',
7/20/2026 6:52:20 AM,Order,Order='2828908118/PA-APEX-422136-06' Name='Entry' New state='Filled' Instrument='MES SEP26' Action='Buy' Limit price=7533 Stop price=0 Quantity=16 Type='Limit' Time in force=GTC Oco='' Filled=16 Fill price=7533 Error='No error' Native error='',
7/20/2026 6:52:20 AM,Execution,Execution='1080878,
7/20/2026 6:52:20 AM,Execution,Execution='1082516,
7/20/2026 6:52:20 AM,Order,Order='2828919380/PA-APEX-422136-04' Name='Entry' New state='Filled' Instrument='MES SEP26' Action='Buy' Limit price=7533 Stop price=0 Quantity=16 Type='Limit' Time in force=GTC Oco='' Filled=16 Fill price=7533 Error='No error' Native error='',
7/20/2026 6:52:20 AM,Position,Instrument='MES SEP26' Account='PA-APEX-422136-06' Average price=7533 Quantity=16 Market position=Long Operation=Operation_Add,
7/20/2026 6:52:20 AM,Position,Instrument='MES SEP26' Account='PA-APEX-422136-05' Average price=7533 Quantity=15 Market position=Long Operation=Operation_Add,
7/20/2026 6:52:20 AM,Position,Instrument='MES SEP26' Account='PA-APEX-422136-05' Average price=7533 Quantity=16 Market position=Long Operation=Update,
7/20/2026 6:52:20 AM,Position,Instrument='MES SEP26' Account='PA-APEX-422136-04' Average price=7533 Quantity=16 Market position=Long Operation=Operation_Add,
7/20/2026 6:52:20 AM,Order,Order='2828919380/PA-APEX-422136-04' Name='Entry' New state='Accepted' Instrument='MES SEP26' Action='Buy' Limit price=7533 Stop price=0 Quantity=16 Type='Limit' Time in force=GTC Oco='' Filled=0 Fill price=0 Error='No error' Native error='',
7/20/2026 6:52:20 AM,Order,Order='2828919380/PA-APEX-422136-04' Name='Entry' New state='Working' Instrument='MES SEP26' Action='Buy' Limit price=7533 Stop price=0 Quantity=16 Type='Limit' Time in force=GTC Oco='' Filled=0 Fill price=0 Error='No error' Native error='',
7/20/2026 6:52:20 AM,Order,Order='17d43044eaf54316bf512a1a4c290f33/PA-APEX-422136-04' Name='Entry' New state='Submitted' Instrument='MES SEP26' Action='Buy' Limit price=7533 Stop price=0 Quantity=16 Type='Limit' Time in force=GTC Oco='' Filled=0 Fill price=0 Error='No error' Native error='',
7/20/2026 6:52:20 AM,Order,Chart Trader submitting order with strategy 'MES MIN SL5 - 3' (Ticks),
7/20/2026 6:52:08 AM,Order,Order='2828917494/PA-APEX-422136-05' Name='Entry' New state='Accepted' Instrument='MES SEP26' Action='Buy' Limit price=7533 Stop price=0 Quantity=16 Type='Limit' Time in force=GTC Oco='' Filled=0 Fill price=0 Error='No error' Native error='',
7/20/2026 6:52:08 AM,Order,Order='2828917494/PA-APEX-422136-05' Name='Entry' New state='Working' Instrument='MES SEP26' Action='Buy' Limit price=7533 Stop price=0 Quantity=16 Type='Limit' Time in force=GTC Oco='' Filled=0 Fill price=0 Error='No error' Native error='',
7/20/2026 6:52:08 AM,Order,Order='e97dc36f2e9e4a7e9a3679ba05595774/PA-APEX-422136-05' Name='Entry' New state='Submitted' Instrument='MES SEP26' Action='Buy' Limit price=7533 Stop price=0 Quantity=16 Type='Limit' Time in force=GTC Oco='' Filled=0 Fill price=0 Error='No error' Native error='',
7/20/2026 6:52:08 AM,Order,Chart Trader submitting order with strategy 'MES MIN SL5 - 2' (Ticks),
7/20/2026 6:51:01 AM,Order,Order='2828908118/PA-APEX-422136-06' Name='Entry' New state='Accepted' Instrument='MES SEP26' Action='Buy' Limit price=7533 Stop price=0 Quantity=16 Type='Limit' Time in force=GTC Oco='' Filled=0 Fill price=0 Error='No error' Native error='',
7/20/2026 6:51:01 AM,Order,Order='2828908118/PA-APEX-422136-06' Name='Entry' New state='Working' Instrument='MES SEP26' Action='Buy' Limit price=7533 Stop price=0 Quantity=16 Type='Limit' Time in force=GTC Oco='' Filled=0 Fill price=0 Error='No error' Native error='',
7/20/2026 6:51:01 AM,Order,Order='ff6658bce4644242b2ec7b1956a64312/PA-APEX-422136-06' Name='Entry' New state='Submitted' Instrument='MES SEP26' Action='Buy' Limit price=7533 Stop price=0 Quantity=16 Type='Limit' Time in force=GTC Oco='' Filled=0 Fill price=0 Error='No error' Native error='',
7/20/2026 6:51:01 AM,Order,Chart Trader submitting order with strategy 'MES MIN SL5 - 1' (Ticks),
7/20/2026 6:50:50 AM,Order,Order='2828887676/PA-APEX-422136-06' Name='Entry' New state='Cancelled' Instrument='MES SEP26' Action='Buy' Limit price=7537 Stop price=0 Quantity=16 Type='Limit' Time in force=GTC Oco='' Filled=0 Fill price=0 Error='No error' Native error='',
7/20/2026 6:50:50 AM,Order,Order='2828887676/PA-APEX-422136-06' Name='Entry' New state='Cancel submitted' Instrument='MES SEP26' Action='Buy' Limit price=7537 Stop price=0 Quantity=16 Type='Limit' Time in force=GTC Oco='' Filled=0 Fill price=0 Error='No error' Native error='',
7/20/2026 6:50:36 AM,Order,Order='2828888993/PA-APEX-422136-04' Name='Entry' New state='Cancelled' Instrument='MES SEP26' Action='Buy' Limit price=7537 Stop price=0 Quantity=16 Type='Limit' Time in force=GTC Oco='' Filled=0 Fill price=0 Error='No error' Native error='',
7/20/2026 6:50:36 AM,Order,Order='2828888993/PA-APEX-422136-04' Name='Entry' New state='Cancel submitted' Instrument='MES SEP26' Action='Buy' Limit price=7537 Stop price=0 Quantity=16 Type='Limit' Time in force=GTC Oco='' Filled=0 Fill price=0 Error='No error' Native error='',
7/20/2026 6:50:35 AM,Order,Order='2828878555/PA-APEX-422136-05' Name='Entry' New state='Cancelled' Instrument='MES SEP26' Action='Buy' Limit price=7537 Stop price=0 Quantity=16 Type='Limit' Time in force=GTC Oco='' Filled=0 Fill price=0 Error='No error' Native error='',
7/20/2026 6:50:35 AM,Order,Order='2828878555/PA-APEX-422136-05' Name='Entry' New state='Cancel submitted' Instrument='MES SEP26' Action='Buy' Limit price=7537 Stop price=0 Quantity=16 Type='Limit' Time in force=GTC Oco='' Filled=0 Fill price=0 Error='No error' Native error='',
7/20/2026 6:50:06 AM,Order,Order='2828867940/PA-APEX-422136-05' Name='Entry' New state='Cancelled' Instrument='MES SEP26' Action='Sell' Limit price=7555 Stop price=0 Quantity=16 Type='Limit' Time in force=GTC Oco='' Filled=0 Fill price=0 Error='No error' Native error='',
7/20/2026 6:50:06 AM,Order,Order='2828867940/PA-APEX-422136-05' Name='Entry' New state='Cancel submitted' Instrument='MES SEP26' Action='Sell' Limit price=7555 Stop price=0 Quantity=16 Type='Limit' Time in force=GTC Oco='' Filled=0 Fill price=0 Error='No error' Native error='',
7/20/2026 6:50:04 AM,Order,Order='2828868618/PA-APEX-422136-04' Name='Entry' New state='Cancelled' Instrument='MES SEP26' Action='Sell' Limit price=7555 Stop price=0 Quantity=16 Type='Limit' Time in force=GTC Oco='' Filled=0 Fill price=0 Error='No error' Native error='',
7/20/2026 6:50:04 AM,Order,Order='2828868618/PA-APEX-422136-04' Name='Entry' New state='Cancel submitted' Instrument='MES SEP26' Action='Sell' Limit price=7555 Stop price=0 Quantity=16 Type='Limit' Time in force=GTC Oco='' Filled=0 Fill price=0 Error='No error' Native error='',
7/20/2026 6:50:04 AM,Order,Order='2828872397/PA-APEX-422136-06' Name='Entry' New state='Cancelled' Instrument='MES SEP26' Action='Sell' Limit price=7555 Stop price=0 Quantity=16 Type='Limit' Time in force=GTC Oco='' Filled=0 Fill price=0 Error='No error' Native error='',
7/20/2026 6:50:04 AM,Order,Order='2828872397/PA-APEX-422136-06' Name='Entry' New state='Cancel submitted' Instrument='MES SEP26' Action='Sell' Limit price=7555 Stop price=0 Quantity=16 Type='Limit' Time in force=GTC Oco='' Filled=0 Fill price=0 Error='No error' Native error='',
7/20/2026 6:48:10 AM,Order,Order='2828888993/PA-APEX-422136-04' Name='Entry' New state='Working' Instrument='MES SEP26' Action='Buy' Limit price=7537 Stop price=0 Quantity=16 Type='Limit' Time in force=GTC Oco='' Filled=0 Fill price=0 Error='No error' Native error='',
7/20/2026 6:48:10 AM,Order,Order='2828888993/PA-APEX-422136-04' Name='Entry' New state='Accepted' Instrument='MES SEP26' Action='Buy' Limit price=7537 Stop price=0 Quantity=16 Type='Limit' Time in force=GTC Oco='' Filled=0 Fill price=0 Error='No error' Native error='',
7/20/2026 6:48:10 AM,Order,Order='3538824f6bed43ea8daa37f66905d2e8/PA-APEX-422136-04' Name='Entry' New state='Submitted' Instrument='MES SEP26' Action='Buy' Limit price=7537 Stop price=0 Quantity=16 Type='Limit' Time in force=GTC Oco='' Filled=0 Fill price=0 Error='No error' Native error='',
7/20/2026 6:48:10 AM,Order,Chart Trader submitting order with strategy 'MES MIN SL5 - 11' (Ticks),
7/20/2026 6:47:58 AM,Order,Order='2828887676/PA-APEX-422136-06' Name='Entry' New state='Working' Instrument='MES SEP26' Action='Buy' Limit price=7537 Stop price=0 Quantity=16 Type='Limit' Time in force=GTC Oco='' Filled=0 Fill price=0 Error='No error' Native error='',
7/20/2026 6:47:58 AM,Order,Order='2828887676/PA-APEX-422136-06' Name='Entry' New state='Accepted' Instrument='MES SEP26' Action='Buy' Limit price=7537 Stop price=0 Quantity=16 Type='Limit' Time in force=GTC Oco='' Filled=0 Fill price=0 Error='No error' Native error='',
7/20/2026 6:47:58 AM,Order,Order='0b824ad116774b808e5c105cf27a0c18/PA-APEX-422136-06' Name='Entry' New state='Submitted' Instrument='MES SEP26' Action='Buy' Limit price=7537 Stop price=0 Quantity=16 Type='Limit' Time in force=GTC Oco='' Filled=0 Fill price=0 Error='No error' Native error='',
7/20/2026 6:47:58 AM,Order,Chart Trader submitting order with strategy 'MES MIN SL5 - 10' (Ticks),
7/20/2026 6:47:29 AM,Order,Order='2828878555/PA-APEX-422136-05' Name='Entry' New state='Working' Instrument='MES SEP26' Action='Buy' Limit price=7537 Stop price=0 Quantity=16 Type='Limit' Time in force=GTC Oco='' Filled=0 Fill price=0 Error='No error' Native error='',
7/20/2026 6:47:29 AM,Order,Order='2828878555/PA-APEX-422136-05' Name='Entry' New state='Accepted' Instrument='MES SEP26' Action='Buy' Limit price=7537 Stop price=0 Quantity=16 Type='Limit' Time in force=GTC Oco='' Filled=0 Fill price=0 Error='No error' Native error='',
7/20/2026 6:47:29 AM,Order,Order='2828878555/PA-APEX-422136-05' Name='Entry' New state='Change submitted' Instrument='MES SEP26' Action='Buy' Limit price=7537 Stop price=0 Quantity=16 Type='Limit' Time in force=GTC Oco='' Filled=0 Fill price=0 Error='No error' Native error='',
7/20/2026 6:47:26 AM,Order,Order='2828878555/PA-APEX-422136-05' Name='Entry' New state='Accepted' Instrument='MES SEP26' Action='Buy' Limit price=7537.25 Stop price=0 Quantity=16 Type='Limit' Time in force=GTC Oco='' Filled=0 Fill price=0 Error='No error' Native error='',
7/20/2026 6:47:26 AM,Order,Order='2828878555/PA-APEX-422136-05' Name='Entry' New state='Working' Instrument='MES SEP26' Action='Buy' Limit price=7537.25 Stop price=0 Quantity=16 Type='Limit' Time in force=GTC Oco='' Filled=0 Fill price=0 Error='No error' Native error='',
7/20/2026 6:47:26 AM,Order,Order='2828878555/PA-APEX-422136-05' Name='Entry' New state='Change submitted' Instrument='MES SEP26' Action='Buy' Limit price=7537.25 Stop price=0 Quantity=16 Type='Limit' Time in force=GTC Oco='' Filled=0 Fill price=0 Error='No error' Native error='',
7/20/2026 6:47:15 AM,Order,Order='2828878555/PA-APEX-422136-05' Name='Entry' New state='Accepted' Instrument='MES SEP26' Action='Buy' Limit price=7540 Stop price=0 Quantity=16 Type='Limit' Time in force=GTC Oco='' Filled=0 Fill price=0 Error='No error' Native error='',
7/20/2026 6:47:15 AM,Order,Order='2828878555/PA-APEX-422136-05' Name='Entry' New state='Working' Instrument='MES SEP26' Action='Buy' Limit price=7540 Stop price=0 Quantity=16 Type='Limit' Time in force=GTC Oco='' Filled=0 Fill price=0 Error='No error' Native error='',
7/20/2026 6:47:14 AM,Order,Order='2828878555/PA-APEX-422136-05' Name='Entry' New state='Change submitted' Instrument='MES SEP26' Action='Buy' Limit price=7540 Stop price=0 Quantity=16 Type='Limit' Time in force=GTC Oco='' Filled=0 Fill price=0 Error='No error' Native error='',
7/20/2026 6:47:11 AM,Order,Order='2828878555/PA-APEX-422136-05' Name='Entry' New state='Accepted' Instrument='MES SEP26' Action='Buy' Limit price=7539.75 Stop price=0 Quantity=16 Type='Limit' Time in force=GTC Oco='' Filled=0 Fill price=0 Error='No error' Native error='',
7/20/2026 6:47:11 AM,Order,Order='2828878555/PA-APEX-422136-05' Name='Entry' New state='Working' Instrument='MES SEP26' Action='Buy' Limit price=7539.75 Stop price=0 Quantity=16 Type='Limit' Time in force=GTC Oco='' Filled=0 Fill price=0 Error='No error' Native error='',
7/20/2026 6:47:11 AM,Order,Order='2828878555/PA-APEX-422136-05' Name='Entry' New state='Change submitted' Instrument='MES SEP26' Action='Buy' Limit price=7539.75 Stop price=0 Quantity=16 Type='Limit' Time in force=GTC Oco='' Filled=0 Fill price=0 Error='No error' Native error='',
7/20/2026 6:47:06 AM,Order,Order='2828878555/PA-APEX-422136-05' Name='Entry' New state='Accepted' Instrument='MES SEP26' Action='Buy' Limit price=7540 Stop price=0 Quantity=16 Type='Limit' Time in force=GTC Oco='' Filled=0 Fill price=0 Error='No error' Native error='',
7/20/2026 6:47:06 AM,Order,Order='2828878555/PA-APEX-422136-05' Name='Entry' New state='Working' Instrument='MES SEP26' Action='Buy' Limit price=7540 Stop price=0 Quantity=16 Type='Limit' Time in force=GTC Oco='' Filled=0 Fill price=0 Error='No error' Native error='',
7/20/2026 6:47:06 AM,Order,Order='2828878555/PA-APEX-422136-05' Name='Entry' New state='Change submitted' Instrument='MES SEP26' Action='Buy' Limit price=7540 Stop price=0 Quantity=16 Type='Limit' Time in force=GTC Oco='' Filled=0 Fill price=0 Error='No error' Native error='',
7/20/2026 6:46:47 AM,Order,Order='2828878555/PA-APEX-422136-05' Name='Entry' New state='Accepted' Instrument='MES SEP26' Action='Buy' Limit price=7537 Stop price=0 Quantity=16 Type='Limit' Time in force=GTC Oco='' Filled=0 Fill price=0 Error='No error' Native error='',
7/20/2026 6:46:47 AM,Order,Order='2828878555/PA-APEX-422136-05' Name='Entry' New state='Working' Instrument='MES SEP26' Action='Buy' Limit price=7537 Stop price=0 Quantity=16 Type='Limit' Time in force=GTC Oco='' Filled=0 Fill price=0 Error='No error' Native error='',
7/20/2026 6:46:47 AM,Order,Order='11daad2cb2034b4c8afdfed2cb840b3c/PA-APEX-422136-05' Name='Entry' New state='Submitted' Instrument='MES SEP26' Action='Buy' Limit price=7537 Stop price=0 Quantity=16 Type='Limit' Time in force=GTC Oco='' Filled=0 Fill price=0 Error='No error' Native error='',
7/20/2026 6:46:47 AM,Order,Chart Trader submitting order with strategy 'MES MIN SL5 - 9' (Ticks),
7/20/2026 6:46:06 AM,Order,Order='2828872397/PA-APEX-422136-06' Name='Entry' New state='Working' Instrument='MES SEP26' Action='Sell' Limit price=7555 Stop price=0 Quantity=16 Type='Limit' Time in force=GTC Oco='' Filled=0 Fill price=0 Error='No error' Native error='',
7/20/2026 6:46:06 AM,Order,Order='2828872397/PA-APEX-422136-06' Name='Entry' New state='Accepted' Instrument='MES SEP26' Action='Sell' Limit price=7555 Stop price=0 Quantity=16 Type='Limit' Time in force=GTC Oco='' Filled=0 Fill price=0 Error='No error' Native error='',
7/20/2026 6:46:06 AM,Order,Order='d7a8a979c46d4e199d31713b239be6aa/PA-APEX-422136-06' Name='Entry' New state='Submitted' Instrument='MES SEP26' Action='Sell' Limit price=7555 Stop price=0 Quantity=16 Type='Limit' Time in force=GTC Oco='' Filled=0 Fill price=0 Error='No error' Native error='',
7/20/2026 6:46:06 AM,Order,Chart Trader submitting order with strategy 'MES MIN SL5 - 8' (Ticks),
7/20/2026 6:45:55 AM,Order,Order='2828811449/PA-APEX-422136-06' Name='Entry' New state='Cancelled' Instrument='MES SEP26' Action='Sell' Limit price=7555 Stop price=0 Quantity=20 Type='Limit' Time in force=GTC Oco='' Filled=0 Fill price=0 Error='No error' Native error='',
7/20/2026 6:45:55 AM,Order,Order='2828745894/PA-APEX-422136-06' Name='Entry' New state='Cancelled' Instrument='MES SEP26' Action='Buy' Limit price=7538 Stop price=0 Quantity=20 Type='Limit' Time in force=GTC Oco='' Filled=0 Fill price=0 Error='No error' Native error='',
7/20/2026 6:45:55 AM,Order,Order='2828745894/PA-APEX-422136-06' Name='Entry' New state='Cancel submitted' Instrument='MES SEP26' Action='Buy' Limit price=7538 Stop price=0 Quantity=20 Type='Limit' Time in force=GTC Oco='' Filled=0 Fill price=0 Error='No error' Native error='',
7/20/2026 6:45:55 AM,Order,Order='2828811449/PA-APEX-422136-06' Name='Entry' New state='Cancel submitted' Instrument='MES SEP26' Action='Sell' Limit price=7555 Stop price=0 Quantity=20 Type='Limit' Time in force=GTC Oco='' Filled=0 Fill price=0 Error='No error' Native error='',
7/20/2026 6:45:55 AM,Default,Chart Trader close position,
7/20/2026 6:45:55 AM,Default,Cancel all orders account='PA-APEX-422136-06',
7/20/2026 6:45:45 AM,Order,Order='2828868618/PA-APEX-422136-04' Name='Entry' New state='Accepted' Instrument='MES SEP26' Action='Sell' Limit price=7555 Stop price=0 Quantity=16 Type='Limit' Time in force=GTC Oco='' Filled=0 Fill price=0 Error='No error' Native error='',
7/20/2026 6:45:45 AM,Order,Order='2828868618/PA-APEX-422136-04' Name='Entry' New state='Working' Instrument='MES SEP26' Action='Sell' Limit price=7555 Stop price=0 Quantity=16 Type='Limit' Time in force=GTC Oco='' Filled=0 Fill price=0 Error='No error' Native error='',
7/20/2026 6:45:45 AM,Order,Order='5234abd3839545dfb5eedd0e9d21fe2a/PA-APEX-422136-04' Name='Entry' New state='Submitted' Instrument='MES SEP26' Action='Sell' Limit price=7555 Stop price=0 Quantity=16 Type='Limit' Time in force=GTC Oco='' Filled=0 Fill price=0 Error='No error' Native error='',
7/20/2026 6:45:45 AM,Order,Chart Trader submitting order with strategy 'MES MIN SL5 - 7' (Ticks),
7/20/2026 6:45:34 AM,Order,Order='2828867940/PA-APEX-422136-05' Name='Entry' New state='Accepted' Instrument='MES SEP26' Action='Sell' Limit price=7555 Stop price=0 Quantity=16 Type='Limit' Time in force=GTC Oco='' Filled=0 Fill price=0 Error='No error' Native error='',
7/20/2026 6:45:34 AM,Order,Order='2828867940/PA-APEX-422136-05' Name='Entry' New state='Working' Instrument='MES SEP26' Action='Sell' Limit price=7555 Stop price=0 Quantity=16 Type='Limit' Time in force=GTC Oco='' Filled=0 Fill price=0 Error='No error' Native error='',
7/20/2026 6:45:34 AM,Order,Order='13764b41e4984560ace81951ebaadcd1/PA-APEX-422136-05' Name='Entry' New state='Submitted' Instrument='MES SEP26' Action='Sell' Limit price=7555 Stop price=0 Quantity=16 Type='Limit' Time in force=GTC Oco='' Filled=0 Fill price=0 Error='No error' Native error='',
7/20/2026 6:45:34 AM,Order,Chart Trader submitting order with strategy 'MES MIN SL5 - 6' (Ticks),
7/20/2026 6:44:45 AM,Order,Order='2828745894/PA-APEX-422136-06' Name='Entry' New state='Accepted' Instrument='MES SEP26' Action='Buy' Limit price=7538 Stop price=0 Quantity=20 Type='Limit' Time in force=GTC Oco='' Filled=0 Fill price=0 Error='No error' Native error='',
7/20/2026 6:44:45 AM,Order,Order='2828745894/PA-APEX-422136-06' Name='Entry' New state='Working' Instrument='MES SEP26' Action='Buy' Limit price=7538 Stop price=0 Quantity=20 Type='Limit' Time in force=GTC Oco='' Filled=0 Fill price=0 Error='No error' Native error='',
7/20/2026 6:44:45 AM,Order,Order='2828745894/PA-APEX-422136-06' Name='Entry' New state='Change submitted' Instrument='MES SEP26' Action='Buy' Limit price=7538 Stop price=0 Quantity=20 Type='Limit' Time in force=GTC Oco='' Filled=0 Fill price=0 Error='No error' Native error='',
7/20/2026 6:41:09 AM,Order,Order='2828745894/PA-APEX-422136-06' Name='Entry' New state='Accepted' Instrument='MES SEP26' Action='Buy' Limit price=7533 Stop price=0 Quantity=20 Type='Limit' Time in force=GTC Oco='' Filled=0 Fill price=0 Error='No error' Native error='',
7/20/2026 6:41:09 AM,Order,Order='2828745894/PA-APEX-422136-06' Name='Entry' New state='Working' Instrument='MES SEP26' Action='Buy' Limit price=7533 Stop price=0 Quantity=20 Type='Limit' Time in force=GTC Oco='' Filled=0 Fill price=0 Error='No error' Native error='',
7/20/2026 6:41:09 AM,Order,Order='2828745894/PA-APEX-422136-06' Name='Entry' New state='Change submitted' Instrument='MES SEP26' Action='Buy' Limit price=7533 Stop price=0 Quantity=20 Type='Limit' Time in force=GTC Oco='' Filled=0 Fill price=0 Error='No error' Native error='',
7/20/2026 6:41:09 AM,Order,Order='2828745894/PA-APEX-422136-06' Name='Entry' New state='Accepted' Instrument='MES SEP26' Action='Buy' Limit price=7533.25 Stop price=0 Quantity=20 Type='Limit' Time in force=GTC Oco='' Filled=0 Fill price=0 Error='No error' Native error='',
7/20/2026 6:41:09 AM,Order,Order='2828745894/PA-APEX-422136-06' Name='Entry' New state='Working' Instrument='MES SEP26' Action='Buy' Limit price=7533.25 Stop price=0 Quantity=20 Type='Limit' Time in force=GTC Oco='' Filled=0 Fill price=0 Error='No error' Native error='',
7/20/2026 6:41:09 AM,Order,Order='2828745894/PA-APEX-422136-06' Name='Entry' New state='Change submitted' Instrument='MES SEP26' Action='Buy' Limit price=7533.25 Stop price=0 Quantity=20 Type='Limit' Time in force=GTC Oco='' Filled=0 Fill price=0 Error='No error' Native error='',
7/20/2026 6:41:08 AM,Order,Order='2828745894/PA-APEX-422136-06' Name='Entry' New state='Working' Instrument='MES SEP26' Action='Buy' Limit price=7533.5 Stop price=0 Quantity=20 Type='Limit' Time in force=GTC Oco='' Filled=0 Fill price=0 Error='No error' Native error='',
7/20/2026 6:41:08 AM,Order,Order='2828745894/PA-APEX-422136-06' Name='Entry' New state='Accepted' Instrument='MES SEP26' Action='Buy' Limit price=7533.5 Stop price=0 Quantity=20 Type='Limit' Time in force=GTC Oco='' Filled=0 Fill price=0 Error='No error' Native error='',
7/20/2026 6:41:08 AM,Order,Order='2828745894/PA-APEX-422136-06' Name='Entry' New state='Change submitted' Instrument='MES SEP26' Action='Buy' Limit price=7533.5 Stop price=0 Quantity=20 Type='Limit' Time in force=GTC Oco='' Filled=0 Fill price=0 Error='No error' Native error='',
7/20/2026 6:41:08 AM,Order,Order='2828745894/PA-APEX-422136-06' Name='Entry' New state='Accepted' Instrument='MES SEP26' Action='Buy' Limit price=7533.75 Stop price=0 Quantity=20 Type='Limit' Time in force=GTC Oco='' Filled=0 Fill price=0 Error='No error' Native error='',
7/20/2026 6:41:08 AM,Order,Order='2828745894/PA-APEX-422136-06' Name='Entry' New state='Working' Instrument='MES SEP26' Action='Buy' Limit price=7533.75 Stop price=0 Quantity=20 Type='Limit' Time in force=GTC Oco='' Filled=0 Fill price=0 Error='No error' Native error='',
7/20/2026 6:41:08 AM,Order,Order='2828745894/PA-APEX-422136-06' Name='Entry' New state='Change submitted' Instrument='MES SEP26' Action='Buy' Limit price=7533.75 Stop price=0 Quantity=20 Type='Limit' Time in force=GTC Oco='' Filled=0 Fill price=0 Error='No error' Native error='',
7/20/2026 6:41:01 AM,Order,Order='2828836123/PA-APEX-422136-06' Name='Entry' New state='Cancelled' Instrument='MES SEP26' Action='Buy' Limit price=7534 Stop price=0 Quantity=1 Type='Limit' Time in force=GTC Oco='' Filled=0 Fill price=0 Error='No error' Native error='',
7/20/2026 6:41:01 AM,Order,Order='2828836123/PA-APEX-422136-06' Name='Entry' New state='Cancel submitted' Instrument='MES SEP26' Action='Buy' Limit price=7534 Stop price=0 Quantity=1 Type='Limit' Time in force=GTC Oco='' Filled=0 Fill price=0 Error='No error' Native error='',
7/20/2026 6:40:44 AM,Order,Order='2828836123/PA-APEX-422136-06' Name='Entry' New state='Working' Instrument='MES SEP26' Action='Buy' Limit price=7534 Stop price=0 Quantity=1 Type='Limit' Time in force=GTC Oco='' Filled=0 Fill price=0 Error='No error' Native error='',
7/20/2026 6:40:44 AM,Order,Order='2828836123/PA-APEX-422136-06' Name='Entry' New state='Accepted' Instrument='MES SEP26' Action='Buy' Limit price=7534 Stop price=0 Quantity=1 Type='Limit' Time in force=GTC Oco='' Filled=0 Fill price=0 Error='No error' Native error='',
7/20/2026 6:40:44 AM,Order,Order='2828836123/PA-APEX-422136-06' Name='Entry' New state='Change submitted' Instrument='MES SEP26' Action='Buy' Limit price=7534 Stop price=0 Quantity=1 Type='Limit' Time in force=GTC Oco='' Filled=0 Fill price=0 Error='No error' Native error='',
7/20/2026 6:40:40 AM,Order,Order='2828745894/PA-APEX-422136-06' Name='Entry' New state='Accepted' Instrument='MES SEP26' Action='Buy' Limit price=7534 Stop price=0 Quantity=20 Type='Limit' Time in force=GTC Oco='' Filled=0 Fill price=0 Error='No error' Native error='',
7/20/2026 6:40:40 AM,Order,Order='2828745894/PA-APEX-422136-06' Name='Entry' New state='Working' Instrument='MES SEP26' Action='Buy' Limit price=7534 Stop price=0 Quantity=20 Type='Limit' Time in force=GTC Oco='' Filled=0 Fill price=0 Error='No error' Native error='',
7/20/2026 6:40:40 AM,Order,Order='2828745894/PA-APEX-422136-06' Name='Entry' New state='Change submitted' Instrument='MES SEP26' Action='Buy' Limit price=7534 Stop price=0 Quantity=20 Type='Limit' Time in force=GTC Oco='' Filled=0 Fill price=0 Error='No error' Native error='',
7/20/2026 6:40:37 AM,Order,Order='2828836123/PA-APEX-422136-06' Name='Entry' New state='Working' Instrument='MES SEP26' Action='Buy' Limit price=7533.75 Stop price=0 Quantity=1 Type='Limit' Time in force=GTC Oco='' Filled=0 Fill price=0 Error='No error' Native error='',
7/20/2026 6:40:37 AM,Order,Order='2828836123/PA-APEX-422136-06' Name='Entry' New state='Accepted' Instrument='MES SEP26' Action='Buy' Limit price=7533.75 Stop price=0 Quantity=1 Type='Limit' Time in force=GTC Oco='' Filled=0 Fill price=0 Error='No error' Native error='',
7/20/2026 6:40:37 AM,Order,Order='2828745894/PA-APEX-422136-06' Name='Entry' New state='Accepted' Instrument='MES SEP26' Action='Buy' Limit price=7533.75 Stop price=0 Quantity=20 Type='Limit' Time in force=GTC Oco='' Filled=0 Fill price=0 Error='No error' Native error='',
7/20/2026 6:40:37 AM,Order,Order='2828745894/PA-APEX-422136-06' Name='Entry' New state='Working' Instrument='MES SEP26' Action='Buy' Limit price=7533.75 Stop price=0 Quantity=20 Type='Limit' Time in force=GTC Oco='' Filled=0 Fill price=0 Error='No error' Native error='',
7/20/2026 6:40:37 AM,Order,Order='2828745894/PA-APEX-422136-06' Name='Entry' New state='Change submitted' Instrument='MES SEP26' Action='Buy' Limit price=7533.75 Stop price=0 Quantity=20 Type='Limit' Time in force=GTC Oco='' Filled=0 Fill price=0 Error='No error' Native error='',
7/20/2026 6:40:37 AM,Order,Order='2828836123/PA-APEX-422136-06' Name='Entry' New state='Change submitted' Instrument='MES SEP26' Action='Buy' Limit price=7533.75 Stop price=0 Quantity=1 Type='Limit' Time in force=GTC Oco='' Filled=0 Fill price=0 Error='No error' Native error='',
7/20/2026 6:40:34 AM,Order,Order='2828836123/PA-APEX-422136-06' Name='Entry' New state='Accepted' Instrument='MES SEP26' Action='Buy' Limit price=7533 Stop price=0 Quantity=1 Type='Limit' Time in force=GTC Oco='' Filled=0 Fill price=0 Error='No error' Native error='',
7/20/2026 6:40:34 AM,Order,Order='2828836123/PA-APEX-422136-06' Name='Entry' New state='Working' Instrument='MES SEP26' Action='Buy' Limit price=7533 Stop price=0 Quantity=1 Type='Limit' Time in force=GTC Oco='' Filled=0 Fill price=0 Error='No error' Native error='',
7/20/2026 6:40:34 AM,Order,Order='2482c50b2f3f48dc8b4c5cd8d91c3f35/PA-APEX-422136-06' Name='Entry' New state='Submitted' Instrument='MES SEP26' Action='Buy' Limit price=7533 Stop price=0 Quantity=1 Type='Limit' Time in force=GTC Oco='' Filled=0 Fill price=0 Error='No error' Native error='',
7/20/2026 6:39:53 AM,Order,Order='2828819472/PA-APEX-422136-05' Name='Entry' New state='Cancelled' Instrument='MES SEP26' Action='Sell' Limit price=7555 Stop price=0 Quantity=20 Type='Limit' Time in force=GTC Oco='' Filled=0 Fill price=0 Error='No error' Native error='',
7/20/2026 6:39:52 AM,Order,Order='2828819472/PA-APEX-422136-05' Name='Entry' New state='Cancel submitted' Instrument='MES SEP26' Action='Sell' Limit price=7555 Stop price=0 Quantity=20 Type='Limit' Time in force=GTC Oco='' Filled=0 Fill price=0 Error='No error' Native error='',
7/20/2026 6:39:51 AM,Order,Order='2828821125/PA-APEX-422136-04' Name='Entry' New state='Cancelled' Instrument='MES SEP26' Action='Sell' Limit price=7555 Stop price=0 Quantity=20 Type='Limit' Time in force=GTC Oco='' Filled=0 Fill price=0 Error='No error' Native error='',
7/20/2026 6:39:51 AM,Order,Order='2828821125/PA-APEX-422136-04' Name='Entry' New state='Cancel submitted' Instrument='MES SEP26' Action='Sell' Limit price=7555 Stop price=0 Quantity=20 Type='Limit' Time in force=GTC Oco='' Filled=0 Fill price=0 Error='No error' Native error='',
7/20/2026 6:38:32 AM,Order,Order='2828821125/PA-APEX-422136-04' Name='Entry' New state='Working' Instrument='MES SEP26' Action='Sell' Limit price=7555 Stop price=0 Quantity=20 Type='Limit' Time in force=GTC Oco='' Filled=0 Fill price=0 Error='No error' Native error='',
7/20/2026 6:38:32 AM,Order,Order='2828821125/PA-APEX-422136-04' Name='Entry' New state='Accepted' Instrument='MES SEP26' Action='Sell' Limit price=7555 Stop price=0 Quantity=20 Type='Limit' Time in force=GTC Oco='' Filled=0 Fill price=0 Error='No error' Native error='',
7/20/2026 6:38:32 AM,Order,Order='3a72ec41c1fa43849ada7b023214b843/PA-APEX-422136-04' Name='Entry' New state='Submitted' Instrument='MES SEP26' Action='Sell' Limit price=7555 Stop price=0 Quantity=20 Type='Limit' Time in force=GTC Oco='' Filled=0 Fill price=0 Error='No error' Native error='',
7/20/2026 6:38:32 AM,Order,Chart Trader submitting order with strategy 'MES MIN SL4 - 7' (Ticks),
7/20/2026 6:38:13 AM,Order,Order='2828819472/PA-APEX-422136-05' Name='Entry' New state='Accepted' Instrument='MES SEP26' Action='Sell' Limit price=7555 Stop price=0 Quantity=20 Type='Limit' Time in force=GTC Oco='' Filled=0 Fill price=0 Error='No error' Native error='',
7/20/2026 6:38:13 AM,Order,Order='2828819472/PA-APEX-422136-05' Name='Entry' New state='Working' Instrument='MES SEP26' Action='Sell' Limit price=7555 Stop price=0 Quantity=20 Type='Limit' Time in force=GTC Oco='' Filled=0 Fill price=0 Error='No error' Native error='',
7/20/2026 6:38:13 AM,Order,Order='7ade60e9a0ae4344b9a42364e405bebc/PA-APEX-422136-05' Name='Entry' New state='Submitted' Instrument='MES SEP26' Action='Sell' Limit price=7555 Stop price=0 Quantity=20 Type='Limit' Time in force=GTC Oco='' Filled=0 Fill price=0 Error='No error' Native error='',
7/20/2026 6:38:13 AM,Order,Chart Trader submitting order with strategy 'MES MIN SL4 - 6' (Ticks),
7/20/2026 6:37:23 AM,Order,Order='2828745894/PA-APEX-422136-06' Name='Entry' New state='Accepted' Instrument='MES SEP26' Action='Buy' Limit price=7533 Stop price=0 Quantity=20 Type='Limit' Time in force=GTC Oco='' Filled=0 Fill price=0 Error='No error' Native error='',
7/20/2026 6:37:23 AM,Order,Order='2828745894/PA-APEX-422136-06' Name='Entry' New state='Working' Instrument='MES SEP26' Action='Buy' Limit price=7533 Stop price=0 Quantity=20 Type='Limit' Time in force=GTC Oco='' Filled=0 Fill price=0 Error='No error' Native error='',
7/20/2026 6:37:23 AM,Order,Order='2828745894/PA-APEX-422136-06' Name='Entry' New state='Change submitted' Instrument='MES SEP26' Action='Buy' Limit price=7533 Stop price=0 Quantity=20 Type='Limit' Time in force=GTC Oco='' Filled=0 Fill price=0 Error='No error' Native error='',
7/20/2026 6:37:07 AM,Order,Order='2828811449/PA-APEX-422136-06' Name='Entry' New state='Accepted' Instrument='MES SEP26' Action='Sell' Limit price=7555 Stop price=0 Quantity=20 Type='Limit' Time in force=GTC Oco='' Filled=0 Fill price=0 Error='No error' Native error='',
7/20/2026 6:37:07 AM,Order,Order='2828811449/PA-APEX-422136-06' Name='Entry' New state='Working' Instrument='MES SEP26' Action='Sell' Limit price=7555 Stop price=0 Quantity=20 Type='Limit' Time in force=GTC Oco='' Filled=0 Fill price=0 Error='No error' Native error='',
7/20/2026 6:37:07 AM,Order,Order='2828811449/PA-APEX-422136-06' Name='Entry' New state='Change submitted' Instrument='MES SEP26' Action='Sell' Limit price=7555 Stop price=0 Quantity=20 Type='Limit' Time in force=GTC Oco='' Filled=0 Fill price=0 Error='No error' Native error='',
7/20/2026 6:36:57 AM,Order,Order='2828811449/PA-APEX-422136-06' Name='Entry' New state='Accepted' Instrument='MES SEP26' Action='Sell' Limit price=7555.25 Stop price=0 Quantity=20 Type='Limit' Time in force=GTC Oco='' Filled=0 Fill price=0 Error='No error' Native error='',
7/20/2026 6:36:57 AM,Order,Order='2828811449/PA-APEX-422136-06' Name='Entry' New state='Working' Instrument='MES SEP26' Action='Sell' Limit price=7555.25 Stop price=0 Quantity=20 Type='Limit' Time in force=GTC Oco='' Filled=0 Fill price=0 Error='No error' Native error='',
7/20/2026 6:36:57 AM,Order,Order='d88fb4315b7f4de5a7f3767bf55c8fe8/PA-APEX-422136-06' Name='Entry' New state='Submitted' Instrument='MES SEP26' Action='Sell' Limit price=7555.25 Stop price=0 Quantity=20 Type='Limit' Time in force=GTC Oco='' Filled=0 Fill price=0 Error='No error' Native error='',
7/20/2026 6:36:57 AM,Order,Chart Trader submitting order with strategy 'MES MIN SL4 - 5' (Ticks),
7/20/2026 6:35:56 AM,Order,Order='2828763898/PA-APEX-422136-06' Name='Entry' New state='Cancelled' Instrument='MES SEP26' Action='Sell' Limit price=7549 Stop price=0 Quantity=20 Type='Limit' Time in force=GTC Oco='' Filled=0 Fill price=0 Error='No error' Native error='',
7/20/2026 6:35:55 AM,Order,Order='2828763898/PA-APEX-422136-06' Name='Entry' New state='Cancel submitted' Instrument='MES SEP26' Action='Sell' Limit price=7549 Stop price=0 Quantity=20 Type='Limit' Time in force=GTC Oco='' Filled=0 Fill price=0 Error='No error' Native error='',
7/20/2026 6:35:55 AM,Order,Order='2828778605/PA-APEX-422136-04' Name='Entry' New state='Cancelled' Instrument='MES SEP26' Action='Sell' Limit price=7549 Stop price=0 Quantity=20 Type='Limit' Time in force=GTC Oco='' Filled=0 Fill price=0 Error='No error' Native error='',
7/20/2026 6:35:55 AM,Order,Order='2828778605/PA-APEX-422136-04' Name='Entry' New state='Cancel submitted' Instrument='MES SEP26' Action='Sell' Limit price=7549 Stop price=0 Quantity=20 Type='Limit' Time in force=GTC Oco='' Filled=0 Fill price=0 Error='No error' Native error='',
7/20/2026 6:35:54 AM,Order,Order='2828782256/PA-APEX-422136-05' Name='Entry' New state='Cancelled' Instrument='MES SEP26' Action='Sell' Limit price=7549 Stop price=0 Quantity=20 Type='Limit' Time in force=GTC Oco='' Filled=0 Fill price=0 Error='No error' Native error='',
7/20/2026 6:35:54 AM,Order,Order='2828782256/PA-APEX-422136-05' Name='Entry' New state='Cancel submitted' Instrument='MES SEP26' Action='Sell' Limit price=7549 Stop price=0 Quantity=20 Type='Limit' Time in force=GTC Oco='' Filled=0 Fill price=0 Error='No error' Native error='',
7/20/2026 6:34:21 AM,Order,Order='2828745894/PA-APEX-422136-06' Name='Entry' New state='Accepted' Instrument='MES SEP26' Action='Buy' Limit price=7529 Stop price=0 Quantity=20 Type='Limit' Time in force=GTC Oco='' Filled=0 Fill price=0 Error='No error' Native error='',
7/20/2026 6:34:21 AM,Order,Order='2828745894/PA-APEX-422136-06' Name='Entry' New state='Working' Instrument='MES SEP26' Action='Buy' Limit price=7529 Stop price=0 Quantity=20 Type='Limit' Time in force=GTC Oco='' Filled=0 Fill price=0 Error='No error' Native error='',
7/20/2026 6:34:21 AM,Order,Order='2828745894/PA-APEX-422136-06' Name='Entry' New state='Change submitted' Instrument='MES SEP26' Action='Buy' Limit price=7529 Stop price=0 Quantity=20 Type='Limit' Time in force=GTC Oco='' Filled=0 Fill price=0 Error='No error' Native error='',
7/20/2026 6:34:15 AM,Order,Order='2828745894/PA-APEX-422136-06' Name='Entry' New state='Accepted' Instrument='MES SEP26' Action='Buy' Limit price=7528.75 Stop price=0 Quantity=20 Type='Limit' Time in force=GTC Oco='' Filled=0 Fill price=0 Error='No error' Native error='',
7/20/2026 6:34:15 AM,Order,Order='2828745894/PA-APEX-422136-06' Name='Entry' New state='Working' Instrument='MES SEP26' Action='Buy' Limit price=7528.75 Stop price=0 Quantity=20 Type='Limit' Time in force=GTC Oco='' Filled=0 Fill price=0 Error='No error' Native error='',
7/20/2026 6:34:15 AM,Order,Order='2828745894/PA-APEX-422136-06' Name='Entry' New state='Change submitted' Instrument='MES SEP26' Action='Buy' Limit price=7528.75 Stop price=0 Quantity=20 Type='Limit' Time in force=GTC Oco='' Filled=0 Fill price=0 Error='No error' Native error='',
7/20/2026 6:32:15 AM,Order,Order='2828782256/PA-APEX-422136-05' Name='Entry' New state='Accepted' Instrument='MES SEP26' Action='Sell' Limit price=7549 Stop price=0 Quantity=20 Type='Limit' Time in force=GTC Oco='' Filled=0 Fill price=0 Error='No error' Native error='',
7/20/2026 6:32:15 AM,Order,Order='2828782256/PA-APEX-422136-05' Name='Entry' New state='Working' Instrument='MES SEP26' Action='Sell' Limit price=7549 Stop price=0 Quantity=20 Type='Limit' Time in force=GTC Oco='' Filled=0 Fill price=0 Error='No error' Native error='',
7/20/2026 6:32:15 AM,Order,Order='98fe8de6cf954a7e82654937d33bfd37/PA-APEX-422136-05' Name='Entry' New state='Submitted' Instrument='MES SEP26' Action='Sell' Limit price=7549 Stop price=0 Quantity=20 Type='Limit' Time in force=GTC Oco='' Filled=0 Fill price=0 Error='No error' Native error='',
7/20/2026 6:32:15 AM,Order,Chart Trader submitting order with strategy 'MES MIN SL4 - 7' (Ticks),
7/20/2026 6:31:53 AM,Order,Order='2828778605/PA-APEX-422136-04' Name='Entry' New state='Accepted' Instrument='MES SEP26' Action='Sell' Limit price=7549 Stop price=0 Quantity=20 Type='Limit' Time in force=GTC Oco='' Filled=0 Fill price=0 Error='No error' Native error='',
7/20/2026 6:31:53 AM,Order,Order='2828778605/PA-APEX-422136-04' Name='Entry' New state='Working' Instrument='MES SEP26' Action='Sell' Limit price=7549 Stop price=0 Quantity=20 Type='Limit' Time in force=GTC Oco='' Filled=0 Fill price=0 Error='No error' Native error='',
7/20/2026 6:31:53 AM,Order,Order='d1dfec3af136400481467406afdc163a/PA-APEX-422136-04' Name='Entry' New state='Submitted' Instrument='MES SEP26' Action='Sell' Limit price=7549 Stop price=0 Quantity=20 Type='Limit' Time in force=GTC Oco='' Filled=0 Fill price=0 Error='No error' Native error='',
7/20/2026 6:31:53 AM,Order,Chart Trader submitting order with strategy 'MES MIN SL4 - 6' (Ticks),
7/20/2026 6:29:14 AM,Order,Order='2828745894/PA-APEX-422136-06' Name='Entry' New state='Accepted' Instrument='MES SEP26' Action='Buy' Limit price=7516 Stop price=0 Quantity=20 Type='Limit' Time in force=GTC Oco='' Filled=0 Fill price=0 Error='No error' Native error='',
7/20/2026 6:29:14 AM,Order,Order='2828745894/PA-APEX-422136-06' Name='Entry' New state='Working' Instrument='MES SEP26' Action='Buy' Limit price=7516 Stop price=0 Quantity=20 Type='Limit' Time in force=GTC Oco='' Filled=0 Fill price=0 Error='No error' Native error='',
7/20/2026 6:29:14 AM,Order,Order='2828745894/PA-APEX-422136-06' Name='Entry' New state='Change submitted' Instrument='MES SEP26' Action='Buy' Limit price=7516 Stop price=0 Quantity=20 Type='Limit' Time in force=GTC Oco='' Filled=0 Fill price=0 Error='No error' Native error='',
7/20/2026 6:29:01 AM,Order,Order='2828763898/PA-APEX-422136-06' Name='Entry' New state='Working' Instrument='MES SEP26' Action='Sell' Limit price=7549 Stop price=0 Quantity=20 Type='Limit' Time in force=GTC Oco='' Filled=0 Fill price=0 Error='No error' Native error='',
7/20/2026 6:29:01 AM,Order,Order='2828763898/PA-APEX-422136-06' Name='Entry' New state='Accepted' Instrument='MES SEP26' Action='Sell' Limit price=7549 Stop price=0 Quantity=20 Type='Limit' Time in force=GTC Oco='' Filled=0 Fill price=0 Error='No error' Native error='',
7/20/2026 6:29:01 AM,Order,Order='28410189c8254635aaec5e4eef2d551c/PA-APEX-422136-06' Name='Entry' New state='Submitted' Instrument='MES SEP26' Action='Sell' Limit price=7549 Stop price=0 Quantity=20 Type='Limit' Time in force=GTC Oco='' Filled=0 Fill price=0 Error='No error' Native error='',
7/20/2026 6:29:01 AM,Order,Chart Trader submitting order with strategy 'MES MIN SL4 - 5' (Ticks),
7/20/2026 6:28:52 AM,Order,Order='2828733546/PA-APEX-422136-06' Name='Entry' New state='Cancelled' Instrument='MES SEP26' Action='Sell' Limit price=7545 Stop price=0 Quantity=20 Type='Limit' Time in force=GTC Oco='' Filled=0 Fill price=0 Error='No error' Native error='',
7/20/2026 6:28:52 AM,Order,Order='2828733546/PA-APEX-422136-06' Name='Entry' New state='Cancel submitted' Instrument='MES SEP26' Action='Sell' Limit price=7545 Stop price=0 Quantity=20 Type='Limit' Time in force=GTC Oco='' Filled=0 Fill price=0 Error='No error' Native error='',
7/20/2026 6:08:27 AM,Order,Order='2828745894/PA-APEX-422136-06' Name='Entry' New state='Accepted' Instrument='MES SEP26' Action='Buy' Limit price=7511 Stop price=0 Quantity=20 Type='Limit' Time in force=GTC Oco='' Filled=0 Fill price=0 Error='No error' Native error='',
7/20/2026 6:08:27 AM,Order,Order='2828745894/PA-APEX-422136-06' Name='Entry' New state='Working' Instrument='MES SEP26' Action='Buy' Limit price=7511 Stop price=0 Quantity=20 Type='Limit' Time in force=GTC Oco='' Filled=0 Fill price=0 Error='No error' Native error='',
7/20/2026 6:08:27 AM,Order,Order='0f126add42bd4689bc46de9c16acb0d9/PA-APEX-422136-06' Name='Entry' New state='Submitted' Instrument='MES SEP26' Action='Buy' Limit price=7511 Stop price=0 Quantity=20 Type='Limit' Time in force=GTC Oco='' Filled=0 Fill price=0 Error='No error' Native error='',
7/20/2026 6:08:27 AM,Order,Chart Trader submitting order with strategy 'MES MIN SL4 - 4' (Ticks),
7/20/2026 6:01:59 AM,Order,Order='2828732895/PA-APEX-422136-05' Name='Entry' New state='Cancelled' Instrument='MGC AUG26' Action='Buy' Limit price=4005 Stop price=0 Quantity=10 Type='Limit' Time in force=GTC Oco='' Filled=0 Fill price=0 Error='No error' Native error='',
7/20/2026 6:01:59 AM,Order,Order='2828732464/PA-APEX-422136-05' Name='Entry' New state='Cancelled' Instrument='MGC AUG26' Action='Sell' Limit price=4028 Stop price=0 Quantity=10 Type='Limit' Time in force=GTC Oco='' Filled=0 Fill price=0 Error='No error' Native error='',
7/20/2026 6:01:59 AM,Order,Order='2828732895/PA-APEX-422136-05' Name='Entry' New state='Cancel submitted' Instrument='MGC AUG26' Action='Buy' Limit price=4005 Stop price=0 Quantity=10 Type='Limit' Time in force=GTC Oco='' Filled=0 Fill price=0 Error='No error' Native error='',
7/20/2026 6:01:59 AM,Order,Order='2828732464/PA-APEX-422136-05' Name='Entry' New state='Cancel submitted' Instrument='MGC AUG26' Action='Sell' Limit price=4028 Stop price=0 Quantity=10 Type='Limit' Time in force=GTC Oco='' Filled=0 Fill price=0 Error='No error' Native error='',
7/20/2026 6:01:59 AM,Default,Cancel all orders account='PA-APEX-422136-05',
7/20/2026 6:01:59 AM,Default,Chart Trader close position,
7/20/2026 5:57:01 AM,Order,Order='2828733546/PA-APEX-422136-06' Name='Entry' New state='Accepted' Instrument='MES SEP26' Action='Sell' Limit price=7545 Stop price=0 Quantity=20 Type='Limit' Time in force=GTC Oco='' Filled=0 Fill price=0 Error='No error' Native error='',
7/20/2026 5:57:01 AM,Order,Order='2828733546/PA-APEX-422136-06' Name='Entry' New state='Working' Instrument='MES SEP26' Action='Sell' Limit price=7545 Stop price=0 Quantity=20 Type='Limit' Time in force=GTC Oco='' Filled=0 Fill price=0 Error='No error' Native error='',
7/20/2026 5:57:01 AM,Order,Order='15cd04d1d66243e8aafb8103b1aa32f8/PA-APEX-422136-06' Name='Entry' New state='Submitted' Instrument='MES SEP26' Action='Sell' Limit price=7545 Stop price=0 Quantity=20 Type='Limit' Time in force=GTC Oco='' Filled=0 Fill price=0 Error='No error' Native error='',
7/20/2026 5:57:01 AM,Order,Chart Trader submitting order with strategy 'MES MIN SL4 - 3' (Ticks),
7/20/2026 5:56:05 AM,Order,Order='2828732895/PA-APEX-422136-05' Name='Entry' New state='Accepted' Instrument='MGC AUG26' Action='Buy' Limit price=4005 Stop price=0 Quantity=10 Type='Limit' Time in force=GTC Oco='' Filled=0 Fill price=0 Error='No error' Native error='',
7/20/2026 5:56:05 AM,Order,Order='2828732895/PA-APEX-422136-05' Name='Entry' New state='Working' Instrument='MGC AUG26' Action='Buy' Limit price=4005 Stop price=0 Quantity=10 Type='Limit' Time in force=GTC Oco='' Filled=0 Fill price=0 Error='No error' Native error='',
7/20/2026 5:56:05 AM,Order,Order='2828732895/PA-APEX-422136-05' Name='Entry' New state='Change submitted' Instrument='MGC AUG26' Action='Buy' Limit price=4005 Stop price=0 Quantity=10 Type='Limit' Time in force=GTC Oco='' Filled=0 Fill price=0 Error='No error' Native error='',
7/20/2026 5:56:01 AM,Order,Order='2828732895/PA-APEX-422136-05' Name='Entry' New state='Working' Instrument='MGC AUG26' Action='Buy' Limit price=4004.9 Stop price=0 Quantity=10 Type='Limit' Time in force=GTC Oco='' Filled=0 Fill price=0 Error='No error' Native error='',
7/20/2026 5:56:01 AM,Order,Order='2828732895/PA-APEX-422136-05' Name='Entry' New state='Accepted' Instrument='MGC AUG26' Action='Buy' Limit price=4004.9 Stop price=0 Quantity=10 Type='Limit' Time in force=GTC Oco='' Filled=0 Fill price=0 Error='No error' Native error='',
7/20/2026 5:56:01 AM,Order,Order='de6353a6784c4570a557730d6eba56fb/PA-APEX-422136-05' Name='Entry' New state='Submitted' Instrument='MGC AUG26' Action='Buy' Limit price=4004.9 Stop price=0 Quantity=10 Type='Limit' Time in force=GTC Oco='' Filled=0 Fill price=0 Error='No error' Native error='',
7/20/2026 5:56:01 AM,Order,Chart Trader submitting order with strategy 'MGC MIN SL4 - 2' (Ticks),
7/20/2026 5:55:42 AM,Order,Order='2828732464/PA-APEX-422136-05' Name='Entry' New state='Accepted' Instrument='MGC AUG26' Action='Sell' Limit price=4028 Stop price=0 Quantity=10 Type='Limit' Time in force=GTC Oco='' Filled=0 Fill price=0 Error='No error' Native error='',
7/20/2026 5:55:42 AM,Order,Order='2828732464/PA-APEX-422136-05' Name='Entry' New state='Working' Instrument='MGC AUG26' Action='Sell' Limit price=4028 Stop price=0 Quantity=10 Type='Limit' Time in force=GTC Oco='' Filled=0 Fill price=0 Error='No error' Native error='',
7/20/2026 5:55:42 AM,Order,Order='2828732464/PA-APEX-422136-05' Name='Entry' New state='Change submitted' Instrument='MGC AUG26' Action='Sell' Limit price=4028 Stop price=0 Quantity=10 Type='Limit' Time in force=GTC Oco='' Filled=0 Fill price=0 Error='No error' Native error='',
7/20/2026 5:55:40 AM,Order,Order='2828732464/PA-APEX-422136-05' Name='Entry' New state='Working' Instrument='MGC AUG26' Action='Sell' Limit price=4028.1000000000004 Stop price=0 Quantity=10 Type='Limit' Time in force=GTC Oco='' Filled=0 Fill price=0 Error='No error' Native error='',
7/20/2026 5:55:40 AM,Order,Order='2828732464/PA-APEX-422136-05' Name='Entry' New state='Accepted' Instrument='MGC AUG26' Action='Sell' Limit price=4028.1000000000004 Stop price=0 Quantity=10 Type='Limit' Time in force=GTC Oco='' Filled=0 Fill price=0 Error='No error' Native error='',
7/20/2026 5:55:40 AM,Order,Order='0ebb899ba5ae4aedbf27abbae08c3ba4/PA-APEX-422136-05' Name='Entry' New state='Submitted' Instrument='MGC AUG26' Action='Sell' Limit price=4028.1 Stop price=0 Quantity=10 Type='Limit' Time in force=GTC Oco='' Filled=0 Fill price=0 Error='No error' Native error='',
7/20/2026 5:55:40 AM,Order,Chart Trader submitting order with strategy 'MGC MIN SL4 - 1' (Ticks),
7/20/2026 5:50:07 AM,Order,Order='2828723244/PA-APEX-422136-05' Name='Entry' New state='Cancelled' Instrument='MGC AUG26' Action='Buy' Limit price=4005 Stop price=0 Quantity=10 Type='Limit' Time in force=GTC Oco='' Filled=0 Fill price=0 Error='No error' Native error='',
7/20/2026 5:50:07 AM,Order,Order='2828723244/PA-APEX-422136-05' Name='Entry' New state='Cancel submitted' Instrument='MGC AUG26' Action='Buy' Limit price=4005 Stop price=0 Quantity=10 Type='Limit' Time in force=GTC Oco='' Filled=0 Fill price=0 Error='No error' Native error='',
7/20/2026 5:50:07 AM,Order,Order='2828722913/PA-APEX-422136-05' Name='Entry' New state='Cancelled' Instrument='MGC AUG26' Action='Sell' Limit price=4028 Stop price=0 Quantity=10 Type='Limit' Time in force=GTC Oco='' Filled=0 Fill price=0 Error='No error' Native error='',
7/20/2026 5:50:07 AM,Order,Order='2828722913/PA-APEX-422136-05' Name='Entry' New state='Cancel submitted' Instrument='MGC AUG26' Action='Sell' Limit price=4028 Stop price=0 Quantity=10 Type='Limit' Time in force=GTC Oco='' Filled=0 Fill price=0 Error='No error' Native error='',
7/20/2026 5:50:06 AM,Order,Order='2828721804/PA-APEX-422136-06' Name='Entry' New state='Cancelled' Instrument='MES SEP26' Action='Sell' Limit price=7545 Stop price=0 Quantity=20 Type='Limit' Time in force=GTC Oco='' Filled=0 Fill price=0 Error='No error' Native error='',
7/20/2026 5:50:06 AM,Order,Order='2828721804/PA-APEX-422136-06' Name='Entry' New state='Cancel submitted' Instrument='MES SEP26' Action='Sell' Limit price=7545 Stop price=0 Quantity=20 Type='Limit' Time in force=GTC Oco='' Filled=0 Fill price=0 Error='No error' Native error='',
7/20/2026 5:44:27 AM,Order,Order='2828723244/PA-APEX-422136-05' Name='Entry' New state='Accepted' Instrument='MGC AUG26' Action='Buy' Limit price=4005 Stop price=0 Quantity=10 Type='Limit' Time in force=GTC Oco='' Filled=0 Fill price=0 Error='No error' Native error='',
7/20/2026 5:44:27 AM,Order,Order='2828723244/PA-APEX-422136-05' Name='Entry' New state='Working' Instrument='MGC AUG26' Action='Buy' Limit price=4005 Stop price=0 Quantity=10 Type='Limit' Time in force=GTC Oco='' Filled=0 Fill price=0 Error='No error' Native error='',
7/20/2026 5:44:27 AM,Order,Order='2828723244/PA-APEX-422136-05' Name='Entry' New state='Change submitted' Instrument='MGC AUG26' Action='Buy' Limit price=4005 Stop price=0 Quantity=10 Type='Limit' Time in force=GTC Oco='' Filled=0 Fill price=0 Error='No error' Native error='',
7/20/2026 5:44:24 AM,Order,Order='2828723244/PA-APEX-422136-05' Name='Entry' New state='Accepted' Instrument='MGC AUG26' Action='Buy' Limit price=4004.9 Stop price=0 Quantity=10 Type='Limit' Time in force=GTC Oco='' Filled=0 Fill price=0 Error='No error' Native error='',
7/20/2026 5:44:24 AM,Order,Order='2828723244/PA-APEX-422136-05' Name='Entry' New state='Working' Instrument='MGC AUG26' Action='Buy' Limit price=4004.9 Stop price=0 Quantity=10 Type='Limit' Time in force=GTC Oco='' Filled=0 Fill price=0 Error='No error' Native error='',
7/20/2026 5:44:24 AM,Order,Order='e111836545bc47eaa39de4d830cb4c17/PA-APEX-422136-05' Name='Entry' New state='Submitted' Instrument='MGC AUG26' Action='Buy' Limit price=4004.9 Stop price=0 Quantity=10 Type='Limit' Time in force=GTC Oco='' Filled=0 Fill price=0 Error='No error' Native error='',
7/20/2026 5:44:24 AM,Order,Chart Trader submitting order with strategy 'MGC MIN SL4 - 3' (Ticks),
7/20/2026 5:44:14 AM,Order,Order='2828722913/PA-APEX-422136-05' Name='Entry' New state='Accepted' Instrument='MGC AUG26' Action='Sell' Limit price=4028 Stop price=0 Quantity=10 Type='Limit' Time in force=GTC Oco='' Filled=0 Fill price=0 Error='No error' Native error='',
7/20/2026 5:44:14 AM,Order,Order='2828722913/PA-APEX-422136-05' Name='Entry' New state='Working' Instrument='MGC AUG26' Action='Sell' Limit price=4028 Stop price=0 Quantity=10 Type='Limit' Time in force=GTC Oco='' Filled=0 Fill price=0 Error='No error' Native error='',
7/20/2026 5:44:14 AM,Order,Order='2828722913/PA-APEX-422136-05' Name='Entry' New state='Change submitted' Instrument='MGC AUG26' Action='Sell' Limit price=4028 Stop price=0 Quantity=10 Type='Limit' Time in force=GTC Oco='' Filled=0 Fill price=0 Error='No error' Native error='',
7/20/2026 5:44:08 AM,Order,Order='2828722913/PA-APEX-422136-05' Name='Entry' New state='Accepted' Instrument='MGC AUG26' Action='Sell' Limit price=4028.1000000000004 Stop price=0 Quantity=10 Type='Limit' Time in force=GTC Oco='' Filled=0 Fill price=0 Error='No error' Native error='',
7/20/2026 5:44:08 AM,Order,Order='2828722913/PA-APEX-422136-05' Name='Entry' New state='Working' Instrument='MGC AUG26' Action='Sell' Limit price=4028.1000000000004 Stop price=0 Quantity=10 Type='Limit' Time in force=GTC Oco='' Filled=0 Fill price=0 Error='No error' Native error='',
7/20/2026 5:44:08 AM,Order,Order='750b827a939d4910b4dc7b9db7e176d4/PA-APEX-422136-05' Name='Entry' New state='Submitted' Instrument='MGC AUG26' Action='Sell' Limit price=4028.1 Stop price=0 Quantity=10 Type='Limit' Time in force=GTC Oco='' Filled=0 Fill price=0 Error='No error' Native error='',
7/20/2026 5:44:08 AM,Order,Chart Trader submitting order with strategy 'MGC MIN SL4 - 2' (Ticks),
7/20/2026 5:42:34 AM,Order,Order='2828721804/PA-APEX-422136-06' Name='Entry' New state='Working' Instrument='MES SEP26' Action='Sell' Limit price=7545 Stop price=0 Quantity=20 Type='Limit' Time in force=GTC Oco='' Filled=0 Fill price=0 Error='No error' Native error='',
7/20/2026 5:42:34 AM,Order,Order='2828721804/PA-APEX-422136-06' Name='Entry' New state='Accepted' Instrument='MES SEP26' Action='Sell' Limit price=7545 Stop price=0 Quantity=20 Type='Limit' Time in force=GTC Oco='' Filled=0 Fill price=0 Error='No error' Native error='',
7/20/2026 5:42:34 AM,Order,Order='7d3f54a15f5c4274802520524f7e3878/PA-APEX-422136-06' Name='Entry' New state='Submitted' Instrument='MES SEP26' Action='Sell' Limit price=7545 Stop price=0 Quantity=20 Type='Limit' Time in force=GTC Oco='' Filled=0 Fill price=0 Error='No error' Native error='',
7/20/2026 5:42:34 AM,Order,Chart Trader submitting order with strategy 'MES MIN SL4 - 1' (Ticks),
7/20/2026 5:20:11 AM,Connection,Using HDS (hds-us-nt-014.ninjatrader.com/31655),
7/20/2026 5:20:11 AM,Connection,Time to auto close position='12:00:00 AM' Enabled=False,
7/20/2026 5:20:11 AM,Connection,My Rithmic for NinjaTrader Brokerage: Primary connection=Connected Price feed=Connected,
7/20/2026 5:19:59 AM,Default,Restoring workspace 'Testing'...,
7/20/2026 5:19:56 AM,Default,Restoring workspace '3'...,
7/20/2026 5:19:54 AM,Default,Auto close enabled=False,
7/20/2026 5:19:54 AM,Order,Order entry hot keys disabled,
7/20/2026 5:19:54 AM,Connection,My Rithmic for NinjaTrader Brokerage: Primary connection=Connecting Price feed=Connecting,
7/20/2026 5:19:54 AM,Default,Auto connecting 'My Rithmic for NinjaTrader Brokerage'...,
7/20/2026 5:19:54 AM,Default,Automated trading disabled,
7/20/2026 5:19:54 AM,Connection,Using IS (is-us-nt-006.ninjatrader.com/31658),
7/20/2026 5:19:51 AM,Default,Global simulation mode disabled,
7/20/2026 5:19:31 AM,Default,Session Break (Version 8.1.7.2),
7/20/2026 12:05:39 AM,Connection,My Rithmic for NinjaTrader Brokerage: Primary connection=Disconnected Price feed=Disconnected,
7/20/2026 12:05:38 AM,Connection,My Rithmic for NinjaTrader Brokerage: Primary connection=Disconnecting Price feed=Disconnecting,
7/20/2026 12:05:37 AM,Default,Workspace Testing not saved,
7/20/2026 12:05:37 AM,Default,Workspace 3 not saved,
7/20/2026 12:05:24 AM,Connection,Simulation account 'Sim102' reset,
7/20/2026 12:05:13 AM,Connection,Simulation account 'Sim101' reset,
7/20/2026 12:02:00 AM,Position,Instrument='MES SEP26' Account='Sim101' Average price=0 Quantity=0 Market position=Flat Operation=Remove,
7/20/2026 12:02:00 AM,Execution,Execution='a7f5753f72524d7d98348a66b5bd9357' Instrument='MES SEP26' Account='Sim101' Exchange=Default Price=7502 Quantity=13 Market position=Long Operation=Operation_Add Order='a85a96a5ea1b43c9a7a3016de9070da1' Time='7/20/2026 12:02 AM',
7/20/2026 12:02:00 AM,Order,Order='a85a96a5ea1b43c9a7a3016de9070da1/Sim101' Name='Close' New state='Filled' Instrument='MES SEP26' Action='Buy to cover' Limit price=0 Stop price=0 Quantity=13 Type='Market' Time in force=DAY Oco='' Filled=13 Fill price=7502 Error='No error' Native error='',
7/20/2026 12:02:00 AM,Order,Order='a85a96a5ea1b43c9a7a3016de9070da1/Sim101' Name='Close' New state='Accepted' Instrument='MES SEP26' Action='Buy to cover' Limit price=0 Stop price=0 Quantity=13 Type='Market' Time in force=DAY Oco='' Filled=0 Fill price=0 Error='No error' Native error='',
7/20/2026 12:02:00 AM,Order,Order='a85a96a5ea1b43c9a7a3016de9070da1/Sim101' Name='Close' New state='Working' Instrument='MES SEP26' Action='Buy to cover' Limit price=0 Stop price=0 Quantity=13 Type='Market' Time in force=DAY Oco='' Filled=0 Fill price=0 Error='No error' Native error='',
7/20/2026 12:02:00 AM,Order,Order='a85a96a5ea1b43c9a7a3016de9070da1/Sim101' Name='Close' New state='Submitted' Instrument='MES SEP26' Action='Buy to cover' Limit price=0 Stop price=0 Quantity=13 Type='Market' Time in force=DAY Oco='' Filled=0 Fill price=0 Error='No error' Native error='',
7/20/2026 12:02:00 AM,Order,Order='0423f60534e24d1787c6bfb56771d9a7/Sim101' Name='Target2' New state='Cancelled' Instrument='MES SEP26' Action='Buy to cover' Limit price=7496.25 Stop price=0 Quantity=7 Type='Limit' Time in force=GTC Oco='8b432e26688444d28d45a45278e47b07' Filled=0 Fill price=0 Error='No error' Native error='',
7/20/2026 12:02:00 AM,Order,Order='d3c17e46a9f34913bb5d3ffe4236d53e/Sim101' Name='Stop2' New state='Cancelled' Instrument='MES SEP26' Action='Buy to cover' Limit price=0 Stop price=7505.5 Quantity=7 Type='Stop Market' Time in force=GTC Oco='8b432e26688444d28d45a45278e47b07' Filled=0 Fill price=0 Error='No error' Native error='',
7/20/2026 12:02:00 AM,Order,Order='63411f5822d24ce19d4b673ba8d22246/Sim101' Name='Target1' New state='Cancelled' Instrument='MES SEP26' Action='Buy to cover' Limit price=7497.5 Stop price=0 Quantity=6 Type='Limit' Time in force=GTC Oco='167c57d760d148bea9aec0afd47e3f21' Filled=0 Fill price=0 Error='No error' Native error='',
7/20/2026 12:02:00 AM,Order,Order='0e96f3607e1443e0beded4a0acd55033/Sim101' Name='Stop1' New state='Cancelled' Instrument='MES SEP26' Action='Buy to cover' Limit price=0 Stop price=7505.5 Quantity=6 Type='Stop Market' Time in force=GTC Oco='167c57d760d148bea9aec0afd47e3f21' Filled=0 Fill price=0 Error='No error' Native error='',
7/20/2026 12:02:00 AM,Order,Order='d3c17e46a9f34913bb5d3ffe4236d53e/Sim101' Name='Stop2' New state='Cancel submitted' Instrument='MES SEP26' Action='Buy to cover' Limit price=0 Stop price=7505.5 Quantity=7 Type='Stop Market' Time in force=GTC Oco='8b432e26688444d28d45a45278e47b07' Filled=0 Fill price=0 Error='No error' Native error='',
7/20/2026 12:02:00 AM,Order,Order='0e96f3607e1443e0beded4a0acd55033/Sim101' Name='Stop1' New state='Cancel submitted' Instrument='MES SEP26' Action='Buy to cover' Limit price=0 Stop price=7505.5 Quantity=6 Type='Stop Market' Time in force=GTC Oco='167c57d760d148bea9aec0afd47e3f21' Filled=0 Fill price=0 Error='No error' Native error='',
7/20/2026 12:02:00 AM,Order,Order='0423f60534e24d1787c6bfb56771d9a7/Sim101' Name='Target2' New state='Cancel submitted' Instrument='MES SEP26' Action='Buy to cover' Limit price=7496.25 Stop price=0 Quantity=7 Type='Limit' Time in force=GTC Oco='8b432e26688444d28d45a45278e47b07' Filled=0 Fill price=0 Error='No error' Native error='',
7/20/2026 12:02:00 AM,Order,Order='63411f5822d24ce19d4b673ba8d22246/Sim101' Name='Target1' New state='Cancel submitted' Instrument='MES SEP26' Action='Buy to cover' Limit price=7497.5 Stop price=0 Quantity=6 Type='Limit' Time in force=GTC Oco='167c57d760d148bea9aec0afd47e3f21' Filled=0 Fill price=0 Error='No error' Native error='',
7/20/2026 12:02:00 AM,Default,Chart Trader close position,
7/20/2026 12:02:00 AM,Position,Instrument='MES SEP26' Account='Sim102' Average price=0 Quantity=0 Market position=Flat Operation=Remove,
7/20/2026 12:01:59 AM,Execution,Execution='058f314a12c84adaa7c7b93699708b71' Instrument='MES SEP26' Account='Sim102' Exchange=Default Price=7501.75 Quantity=7 Market position=Short Operation=Operation_Add Order='71af319761f34e75bc5da1fab0a54607' Time='7/20/2026 12:01 AM',
7/20/2026 12:01:59 AM,Order,Order='71af319761f34e75bc5da1fab0a54607/Sim102' Name='Close' New state='Filled' Instrument='MES SEP26' Action='Sell' Limit price=0 Stop price=0 Quantity=7 Type='Market' Time in force=DAY Oco='' Filled=7 Fill price=7501.75 Error='No error' Native error='',
7/20/2026 12:01:59 AM,Order,Order='71af319761f34e75bc5da1fab0a54607/Sim102' Name='Close' New state='Accepted' Instrument='MES SEP26' Action='Sell' Limit price=0 Stop price=0 Quantity=7 Type='Market' Time in force=DAY Oco='' Filled=0 Fill price=0 Error='No error' Native error='',
7/20/2026 12:01:59 AM,Order,Order='71af319761f34e75bc5da1fab0a54607/Sim102' Name='Close' New state='Working' Instrument='MES SEP26' Action='Sell' Limit price=0 Stop price=0 Quantity=7 Type='Market' Time in force=DAY Oco='' Filled=0 Fill price=0 Error='No error' Native error='',
7/20/2026 12:01:59 AM,Order,Order='71af319761f34e75bc5da1fab0a54607/Sim102' Name='Close' New state='Submitted' Instrument='MES SEP26' Action='Sell' Limit price=0 Stop price=0 Quantity=7 Type='Market' Time in force=DAY Oco='' Filled=0 Fill price=0 Error='No error' Native error='',
7/20/2026 12:01:59 AM,Order,Order='982214daf8a147d29dca730c0329bc72/Sim102' Name='Target2' New state='Cancelled' Instrument='MES SEP26' Action='Sell' Limit price=7503 Stop price=0 Quantity=7 Type='Limit' Time in force=GTC Oco='93f80f225aca4159bb444b0bd65f5605' Filled=0 Fill price=0 Error='No error' Native error='',
7/20/2026 12:01:59 AM,Order,Order='63940fc9fa2b41d7bc3603758cd7a141/Sim102' Name='Stop2' New state='Cancelled' Instrument='MES SEP26' Action='Sell' Limit price=0 Stop price=7500 Quantity=7 Type='Stop Market' Time in force=GTC Oco='93f80f225aca4159bb444b0bd65f5605' Filled=0 Fill price=0 Error='No error' Native error='',
7/20/2026 12:01:59 AM,Order,Order='63940fc9fa2b41d7bc3603758cd7a141/Sim102' Name='Stop2' New state='Cancel submitted' Instrument='MES SEP26' Action='Sell' Limit price=0 Stop price=7500 Quantity=7 Type='Stop Market' Time in force=GTC Oco='93f80f225aca4159bb444b0bd65f5605' Filled=0 Fill price=0 Error='No error' Native error='',
7/20/2026 12:01:59 AM,Order,Order='982214daf8a147d29dca730c0329bc72/Sim102' Name='Target2' New state='Cancel submitted' Instrument='MES SEP26' Action='Sell' Limit price=7503 Stop price=0 Quantity=7 Type='Limit' Time in force=GTC Oco='93f80f225aca4159bb444b0bd65f5605' Filled=0 Fill price=0 Error='No error' Native error='',
7/20/2026 12:01:59 AM,Default,Chart Trader close position,
7/20/2026 12:01:41 AM,Position,Instrument='MES SEP26' Account='Sim102' Average price=7499.75 Quantity=7 Market position=Long Operation=Update,
7/20/2026 12:01:41 AM,Order,Order='b3e0c9ac86e641f5b4d3929236be8406/Sim102' Name='Stop1' New state='Cancelled' Instrument='MES SEP26' Action='Sell' Limit price=0 Stop price=7493.75 Quantity=6 Type='Stop Market' Time in force=GTC Oco='08aaed2c76534fb29ad837b6fb5cf289' Filled=0 Fill price=0 Error='No error' Native error='',
7/20/2026 12:01:41 AM,Order,Order='b3e0c9ac86e641f5b4d3929236be8406/Sim102' Name='Stop1' New state='Cancel submitted' Instrument='MES SEP26' Action='Sell' Limit price=0 Stop price=7493.75 Quantity=6 Type='Stop Market' Time in force=GTC Oco='08aaed2c76534fb29ad837b6fb5cf289' Filled=0 Fill price=0 Error='No error' Native error='',
7/20/2026 12:01:41 AM,Execution,Execution='6c6f28a612664ee7a03b5d33c8c8c969' Instrument='MES SEP26' Account='Sim102' Exchange=Default Price=7501.75 Quantity=6 Market position=Short Operation=Operation_Add Order='87f72b8f56e44c3c97e5398db06c00ab' Time='7/20/2026 12:01 AM',
7/20/2026 12:01:41 AM,Order,Order='87f72b8f56e44c3c97e5398db06c00ab/Sim102' Name='Target1' New state='Filled' Instrument='MES SEP26' Action='Sell' Limit price=7501.75 Stop price=0 Quantity=6 Type='Limit' Time in force=GTC Oco='08aaed2c76534fb29ad837b6fb5cf289' Filled=6 Fill price=7501.75 Error='No error' Native error='',
7/20/2026 12:01:38 AM,Order,Order='63940fc9fa2b41d7bc3603758cd7a141/Sim102' Name='Stop2' New state='Accepted' Instrument='MES SEP26' Action='Sell' Limit price=0 Stop price=7500 Quantity=7 Type='Stop Market' Time in force=GTC Oco='93f80f225aca4159bb444b0bd65f5605' Filled=0 Fill price=0 Error='No error' Native error='',
7/20/2026 12:01:38 AM,Order,Order='63940fc9fa2b41d7bc3603758cd7a141/Sim102' Name='Stop2' New state='Change submitted' Instrument='MES SEP26' Action='Sell' Limit price=0 Stop price=7500 Quantity=7 Type='Stop Market' Time in force=GTC Oco='93f80f225aca4159bb444b0bd65f5605' Filled=0 Fill price=0 Error='No error' Native error='',
7/20/2026 12:01:38 AM,Order,Auto breakeven price modification from '7493.75' to '7500.00',
7/20/2026 12:01:33 AM,Order,Order='b3e0c9ac86e641f5b4d3929236be8406/Sim102' Name='Stop1' New state='Accepted' Instrument='MES SEP26' Action='Sell' Limit price=0 Stop price=7493.75 Quantity=6 Type='Stop Market' Time in force=GTC Oco='08aaed2c76534fb29ad837b6fb5cf289' Filled=0 Fill price=0 Error='No error' Native error='',
7/20/2026 12:01:33 AM,Order,Order='63940fc9fa2b41d7bc3603758cd7a141/Sim102' Name='Stop2' New state='Accepted' Instrument='MES SEP26' Action='Sell' Limit price=0 Stop price=7493.75 Quantity=7 Type='Stop Market' Time in force=GTC Oco='93f80f225aca4159bb444b0bd65f5605' Filled=0 Fill price=0 Error='No error' Native error='',
7/20/2026 12:01:32 AM,Order,Order='63940fc9fa2b41d7bc3603758cd7a141/Sim102' Name='Stop2' New state='Change submitted' Instrument='MES SEP26' Action='Sell' Limit price=0 Stop price=7493.75 Quantity=7 Type='Stop Market' Time in force=GTC Oco='93f80f225aca4159bb444b0bd65f5605' Filled=0 Fill price=0 Error='No error' Native error='',
7/20/2026 12:01:32 AM,Order,Order='b3e0c9ac86e641f5b4d3929236be8406/Sim102' Name='Stop1' New state='Change submitted' Instrument='MES SEP26' Action='Sell' Limit price=0 Stop price=7493.75 Quantity=6 Type='Stop Market' Time in force=GTC Oco='08aaed2c76534fb29ad837b6fb5cf289' Filled=0 Fill price=0 Error='No error' Native error='',
7/20/2026 12:01:20 AM,Order,Order='982214daf8a147d29dca730c0329bc72/Sim102' Name='Target2' New state='Accepted' Instrument='MES SEP26' Action='Sell' Limit price=7503 Stop price=0 Quantity=7 Type='Limit' Time in force=GTC Oco='93f80f225aca4159bb444b0bd65f5605' Filled=0 Fill price=0 Error='No error' Native error='',
7/20/2026 12:01:20 AM,Order,Order='982214daf8a147d29dca730c0329bc72/Sim102' Name='Target2' New state='Working' Instrument='MES SEP26' Action='Sell' Limit price=7503 Stop price=0 Quantity=7 Type='Limit' Time in force=GTC Oco='93f80f225aca4159bb444b0bd65f5605' Filled=0 Fill price=0 Error='No error' Native error='',
7/20/2026 12:01:20 AM,Order,Order='63940fc9fa2b41d7bc3603758cd7a141/Sim102' Name='Stop2' New state='Accepted' Instrument='MES SEP26' Action='Sell' Limit price=0 Stop price=7493.75 Quantity=7 Type='Stop Market' Time in force=GTC Oco='93f80f225aca4159bb444b0bd65f5605' Filled=0 Fill price=0 Error='No error' Native error='',
7/20/2026 12:01:20 AM,Order,Order='87f72b8f56e44c3c97e5398db06c00ab/Sim102' Name='Target1' New state='Accepted' Instrument='MES SEP26' Action='Sell' Limit price=7501.75 Stop price=0 Quantity=6 Type='Limit' Time in force=GTC Oco='08aaed2c76534fb29ad837b6fb5cf289' Filled=0 Fill price=0 Error='No error' Native error='',
7/20/2026 12:01:20 AM,Order,Order='87f72b8f56e44c3c97e5398db06c00ab/Sim102' Name='Target1' New state='Working' Instrument='MES SEP26' Action='Sell' Limit price=7501.75 Stop price=0 Quantity=6 Type='Limit' Time in force=GTC Oco='08aaed2c76534fb29ad837b6fb5cf289' Filled=0 Fill price=0 Error='No error' Native error='',
7/20/2026 12:01:20 AM,Order,Order='b3e0c9ac86e641f5b4d3929236be8406/Sim102' Name='Stop1' New state='Accepted' Instrument='MES SEP26' Action='Sell' Limit price=0 Stop price=7493.75 Quantity=6 Type='Stop Market' Time in force=GTC Oco='08aaed2c76534fb29ad837b6fb5cf289' Filled=0 Fill price=0 Error='No error' Native error='',
7/20/2026 12:01:20 AM,Order,Order='982214daf8a147d29dca730c0329bc72/Sim102' Name='Target2' New state='Submitted' Instrument='MES SEP26' Action='Sell' Limit price=7503 Stop price=0 Quantity=7 Type='Limit' Time in force=GTC Oco='93f80f225aca4159bb444b0bd65f5605' Filled=0 Fill price=0 Error='No error' Native error='',
7/20/2026 12:01:20 AM,Order,Order='63940fc9fa2b41d7bc3603758cd7a141/Sim102' Name='Stop2' New state='Submitted' Instrument='MES SEP26' Action='Sell' Limit price=0 Stop price=7493.75 Quantity=7 Type='Stop Market' Time in force=GTC Oco='93f80f225aca4159bb444b0bd65f5605' Filled=0 Fill price=0 Error='No error' Native error='',
7/20/2026 12:01:20 AM,Order,Order='87f72b8f56e44c3c97e5398db06c00ab/Sim102' Name='Target1' New state='Submitted' Instrument='MES SEP26' Action='Sell' Limit price=7501.75 Stop price=0 Quantity=6 Type='Limit' Time in force=GTC Oco='08aaed2c76534fb29ad837b6fb5cf289' Filled=0 Fill price=0 Error='No error' Native error='',
7/20/2026 12:01:20 AM,Order,Order='b3e0c9ac86e641f5b4d3929236be8406/Sim102' Name='Stop1' New state='Submitted' Instrument='MES SEP26' Action='Sell' Limit price=0 Stop price=7493.75 Quantity=6 Type='Stop Market' Time in force=GTC Oco='08aaed2c76534fb29ad837b6fb5cf289' Filled=0 Fill price=0 Error='No error' Native error='',
7/20/2026 12:01:20 AM,Execution,Execution='e623362be10d4b3ea43487afd6a04967' Instrument='MES SEP26' Account='Sim102' Exchange=Default Price=7499.75 Quantity=13 Market position=Long Operation=Operation_Add Order='fa3ce8a444aa42a1beb7e8faa88446d9' Time='7/20/2026 12:01 AM',
7/20/2026 12:01:20 AM,Position,Instrument='MES SEP26' Account='Sim102' Average price=7499.75 Quantity=13 Market position=Long Operation=Operation_Add,
7/20/2026 12:01:20 AM,Order,Order='fa3ce8a444aa42a1beb7e8faa88446d9/Sim102' Name='Entry' New state='Filled' Instrument='MES SEP26' Action='Buy' Limit price=0 Stop price=0 Quantity=13 Type='Market' Time in force=GTC Oco='' Filled=13 Fill price=7499.75 Error='No error' Native error='',
7/20/2026 12:01:20 AM,Order,Order='fa3ce8a444aa42a1beb7e8faa88446d9/Sim102' Name='Entry' New state='Accepted' Instrument='MES SEP26' Action='Buy' Limit price=0 Stop price=0 Quantity=13 Type='Market' Time in force=GTC Oco='' Filled=0 Fill price=0 Error='No error' Native error='',
7/20/2026 12:01:20 AM,Order,Order='fa3ce8a444aa42a1beb7e8faa88446d9/Sim102' Name='Entry' New state='Working' Instrument='MES SEP26' Action='Buy' Limit price=0 Stop price=0 Quantity=13 Type='Market' Time in force=GTC Oco='' Filled=0 Fill price=0 Error='No error' Native error='',
7/20/2026 12:01:20 AM,Order,Order='fa3ce8a444aa42a1beb7e8faa88446d9/Sim102' Name='Entry' New state='Submitted' Instrument='MES SEP26' Action='Buy' Limit price=0 Stop price=0 Quantity=13 Type='Market' Time in force=GTC Oco='' Filled=0 Fill price=0 Error='No error' Native error='',
7/20/2026 12:01:20 AM,Order,Chart Trader submitting order with strategy 'MES MIN SL6 - 2' (Ticks),
7/20/2026 12:01:16 AM,Order,Order='0423f60534e24d1787c6bfb56771d9a7/Sim101' Name='Target2' New state='Accepted' Instrument='MES SEP26' Action='Buy to cover' Limit price=7496.25 Stop price=0 Quantity=7 Type='Limit' Time in force=GTC Oco='8b432e26688444d28d45a45278e47b07' Filled=0 Fill price=0 Error='No error' Native error='',
7/20/2026 12:01:16 AM,Order,Order='0423f60534e24d1787c6bfb56771d9a7/Sim101' Name='Target2' New state='Working' Instrument='MES SEP26' Action='Buy to cover' Limit price=7496.25 Stop price=0 Quantity=7 Type='Limit' Time in force=GTC Oco='8b432e26688444d28d45a45278e47b07' Filled=0 Fill price=0 Error='No error' Native error='',
7/20/2026 12:01:16 AM,Order,Order='63411f5822d24ce19d4b673ba8d22246/Sim101' Name='Target1' New state='Accepted' Instrument='MES SEP26' Action='Buy to cover' Limit price=7497.5 Stop price=0 Quantity=6 Type='Limit' Time in force=GTC Oco='167c57d760d148bea9aec0afd47e3f21' Filled=0 Fill price=0 Error='No error' Native error='',
7/20/2026 12:01:16 AM,Order,Order='63411f5822d24ce19d4b673ba8d22246/Sim101' Name='Target1' New state='Working' Instrument='MES SEP26' Action='Buy to cover' Limit price=7497.5 Stop price=0 Quantity=6 Type='Limit' Time in force=GTC Oco='167c57d760d148bea9aec0afd47e3f21' Filled=0 Fill price=0 Error='No error' Native error='',
7/20/2026 12:01:16 AM,Order,Order='d3c17e46a9f34913bb5d3ffe4236d53e/Sim101' Name='Stop2' New state='Accepted' Instrument='MES SEP26' Action='Buy to cover' Limit price=0 Stop price=7505.5 Quantity=7 Type='Stop Market' Time in force=GTC Oco='8b432e26688444d28d45a45278e47b07' Filled=0 Fill price=0 Error='No error' Native error='',
7/20/2026 12:01:16 AM,Order,Order='0e96f3607e1443e0beded4a0acd55033/Sim101' Name='Stop1' New state='Accepted' Instrument='MES SEP26' Action='Buy to cover' Limit price=0 Stop price=7505.5 Quantity=6 Type='Stop Market' Time in force=GTC Oco='167c57d760d148bea9aec0afd47e3f21' Filled=0 Fill price=0 Error='No error' Native error='',
7/20/2026 12:01:16 AM,Order,Order='0423f60534e24d1787c6bfb56771d9a7/Sim101' Name='Target2' New state='Submitted' Instrument='MES SEP26' Action='Buy to cover' Limit price=7496.25 Stop price=0 Quantity=7 Type='Limit' Time in force=GTC Oco='8b432e26688444d28d45a45278e47b07' Filled=0 Fill price=0 Error='No error' Native error='',
7/20/2026 12:01:16 AM,Order,Order='d3c17e46a9f34913bb5d3ffe4236d53e/Sim101' Name='Stop2' New state='Submitted' Instrument='MES SEP26' Action='Buy to cover' Limit price=0 Stop price=7505.5 Quantity=7 Type='Stop Market' Time in force=GTC Oco='8b432e26688444d28d45a45278e47b07' Filled=0 Fill price=0 Error='No error' Native error='',
7/20/2026 12:01:16 AM,Position,Instrument='MES SEP26' Account='Sim101' Average price=7499.5 Quantity=13 Market position=Short Operation=Operation_Add,
7/20/2026 12:01:16 AM,Order,Order='63411f5822d24ce19d4b673ba8d22246/Sim101' Name='Target1' New state='Submitted' Instrument='MES SEP26' Action='Buy to cover' Limit price=7497.5 Stop price=0 Quantity=6 Type='Limit' Time in force=GTC Oco='167c57d760d148bea9aec0afd47e3f21' Filled=0 Fill price=0 Error='No error' Native error='',
7/20/2026 12:01:16 AM,Order,Order='0e96f3607e1443e0beded4a0acd55033/Sim101' Name='Stop1' New state='Submitted' Instrument='MES SEP26' Action='Buy to cover' Limit price=0 Stop price=7505.5 Quantity=6 Type='Stop Market' Time in force=GTC Oco='167c57d760d148bea9aec0afd47e3f21' Filled=0 Fill price=0 Error='No error' Native error='',
7/20/2026 12:01:16 AM,Execution,Execution='3bba4a22d6d94936aafd5bbde2f44567' Instrument='MES SEP26' Account='Sim101' Exchange=Default Price=7499.5 Quantity=13 Market position=Short Operation=Operation_Add Order='3295b3c296d1449db0fc57aa98425012' Time='7/20/2026 12:01 AM',
7/20/2026 12:01:16 AM,Order,Order='3295b3c296d1449db0fc57aa98425012/Sim101' Name='Entry' New state='Filled' Instrument='MES SEP26' Action='Sell' Limit price=0 Stop price=0 Quantity=13 Type='Market' Time in force=GTC Oco='' Filled=13 Fill price=7499.5 Error='No error' Native error='',
7/20/2026 12:01:16 AM,Order,Order='3295b3c296d1449db0fc57aa98425012/Sim101' Name='Entry' New state='Accepted' Instrument='MES SEP26' Action='Sell' Limit price=0 Stop price=0 Quantity=13 Type='Market' Time in force=GTC Oco='' Filled=0 Fill price=0 Error='No error' Native error='',
7/20/2026 12:01:16 AM,Order,Order='3295b3c296d1449db0fc57aa98425012/Sim101' Name='Entry' New state='Working' Instrument='MES SEP26' Action='Sell' Limit price=0 Stop price=0 Quantity=13 Type='Market' Time in force=GTC Oco='' Filled=0 Fill price=0 Error='No error' Native error='',
7/20/2026 12:01:16 AM,Order,Order='3295b3c296d1449db0fc57aa98425012/Sim101' Name='Entry' New state='Submitted' Instrument='MES SEP26' Action='Sell' Limit price=0 Stop price=0 Quantity=13 Type='Market' Time in force=GTC Oco='' Filled=0 Fill price=0 Error='No error' Native error='',
7/20/2026 12:01:16 AM,Order,Chart Trader submitting order with strategy 'MES MIN SL6 - 1' (Ticks),
7/20/2026 12:01:00 AM,Connection,Using HDS (hds-us-nt-011.ninjatrader.com/31655),
7/20/2026 12:01:00 AM,Connection,Time to auto close position='12:00:00 AM' Enabled=False,
7/20/2026 12:00:59 AM,Connection,My Rithmic for NinjaTrader Brokerage: Primary connection=Connected Price feed=Connected,
7/20/2026 12:00:50 AM,Default,Restoring workspace 'Testing'...,
7/20/2026 12:00:45 AM,Default,Restoring workspace '3'...,
7/20/2026 12:00:43 AM,Default,Auto close enabled=False,
7/20/2026 12:00:43 AM,Order,Order entry hot keys disabled,
7/20/2026 12:00:43 AM,Connection,My Rithmic for NinjaTrader Brokerage: Primary connection=Connecting Price feed=Connecting,
7/20/2026 12:00:43 AM,Default,Auto connecting 'My Rithmic for NinjaTrader Brokerage'...,
7/20/2026 12:00:43 AM,Default,Automated trading disabled,
7/20/2026 12:00:43 AM,Connection,Using IS (is-us-nt-005.ninjatrader.com/31658),
7/20/2026 12:00:41 AM,Default,Global simulation mode disabled,
7/20/2026 12:00:27 AM,Default,Session Break (Version 8.1.7.2),
7/20/2026 12:00:23 AM,Connection,My Rithmic for NinjaTrader Brokerage: Primary connection=Disconnected Price feed=Disconnected,
7/20/2026 12:00:23 AM,Connection,My Rithmic for NinjaTrader Brokerage: Primary connection=Disconnecting Price feed=Disconnecting,
7/20/2026 12:00:15 AM,Default,Workspace Testing not saved,
7/20/2026 12:00:14 AM,Default,Workspace 3 not saved,
