Time,Category,Message,
7/24/2026 11:43:10 AM,Default,Restoring workspace '3'...,
7/24/2026 11:43:08 AM,Connection,Using HDS (hds-us-nt-020.ninjatrader.com/31655),
7/24/2026 11:43:08 AM,Connection,Time to auto close position='12:00:00 AM' Enabled=False,
7/24/2026 11:43:08 AM,Connection,My Rithmic for NinjaTrader Brokerage: Primary connection=Connected Price feed=Connected,
7/24/2026 11:42:53 AM,Default,Restoring workspace 'Testing'...,
7/24/2026 11:42:52 AM,Default,Auto close enabled=False,
7/24/2026 11:42:52 AM,Order,Order entry hot keys disabled,
7/24/2026 11:42:51 AM,Connection,My Rithmic for NinjaTrader Brokerage: Primary connection=Connecting Price feed=Connecting,
7/24/2026 11:42:51 AM,Default,Auto connecting 'My Rithmic for NinjaTrader Brokerage'...,
7/24/2026 11:42:51 AM,Default,Automated trading disabled,
7/24/2026 11:42:51 AM,Connection,Using IS (is-us-nt-005.ninjatrader.com/31658),
7/24/2026 11:42:45 AM,Default,Global simulation mode disabled,
7/24/2026 11:42:25 AM,Default,Session Break (Version 8.1.7.2),
7/24/2026 9:05:12 AM,Connection,My Rithmic for NinjaTrader Brokerage: Primary connection=Disconnected Price feed=Disconnected,
7/24/2026 9:05:12 AM,Connection,My Rithmic for NinjaTrader Brokerage: Primary connection=Disconnecting Price feed=Disconnecting,
7/24/2026 9:05:10 AM,Default,Workspace Testing not saved,
7/24/2026 9:05:10 AM,Default,Workspace 3 not saved,
7/24/2026 7:50:10 AM,Connection,Simulation account 'Sim102' reset,
7/24/2026 7:42:31 AM,Order,Order='2836564989/PA-APEX-422136-08' Name='Entry' New state='Cancelled' Instrument='MES SEP26' Action='Buy' Limit price=7431 Stop price=0 Quantity=11 Type='Limit' Time in force=GTC Oco='' Filled=0 Fill price=0 Error='No error' Native error='',
7/24/2026 7:42:31 AM,Order,Order='2836564989/PA-APEX-422136-08' Name='Entry' New state='Cancel submitted' Instrument='MES SEP26' Action='Buy' Limit price=7431 Stop price=0 Quantity=11 Type='Limit' Time in force=GTC Oco='' Filled=0 Fill price=0 Error='No error' Native error='',
7/24/2026 7:42:30 AM,Order,Order='2836566026/PA-APEX-422136-07' Name='Entry' New state='Cancelled' Instrument='MES SEP26' Action='Buy' Limit price=7431 Stop price=0 Quantity=11 Type='Limit' Time in force=GTC Oco='' Filled=0 Fill price=0 Error='No error' Native error='',
7/24/2026 7:42:30 AM,Order,Order='2836566026/PA-APEX-422136-07' Name='Entry' New state='Cancel submitted' Instrument='MES SEP26' Action='Buy' Limit price=7431 Stop price=0 Quantity=11 Type='Limit' Time in force=GTC Oco='' Filled=0 Fill price=0 Error='No error' Native error='',
7/24/2026 7:41:25 AM,Order,Order='2836566026/PA-APEX-422136-07' Name='Entry' New state='Accepted' Instrument='MES SEP26' Action='Buy' Limit price=7431 Stop price=0 Quantity=11 Type='Limit' Time in force=GTC Oco='' Filled=0 Fill price=0 Error='No error' Native error='',
7/24/2026 7:41:25 AM,Order,Order='2836566026/PA-APEX-422136-07' Name='Entry' New state='Working' Instrument='MES SEP26' Action='Buy' Limit price=7431 Stop price=0 Quantity=11 Type='Limit' Time in force=GTC Oco='' Filled=0 Fill price=0 Error='No error' Native error='',
7/24/2026 7:41:24 AM,Order,Order='2669f866b68145a28836dd8fbcf4d2e3/PA-APEX-422136-07' Name='Entry' New state='Submitted' Instrument='MES SEP26' Action='Buy' Limit price=7431 Stop price=0 Quantity=11 Type='Limit' Time in force=GTC Oco='' Filled=0 Fill price=0 Error='No error' Native error='',
7/24/2026 7:41:24 AM,Order,Chart Trader submitting order with strategy 'MES MIN SL7 - 2' (Ticks),
7/24/2026 7:41:16 AM,Order,Order='2836564989/PA-APEX-422136-08' Name='Entry' New state='Accepted' Instrument='MES SEP26' Action='Buy' Limit price=7431 Stop price=0 Quantity=11 Type='Limit' Time in force=GTC Oco='' Filled=0 Fill price=0 Error='No error' Native error='',
7/24/2026 7:41:16 AM,Order,Order='2836564989/PA-APEX-422136-08' Name='Entry' New state='Working' Instrument='MES SEP26' Action='Buy' Limit price=7431 Stop price=0 Quantity=11 Type='Limit' Time in force=GTC Oco='' Filled=0 Fill price=0 Error='No error' Native error='',
7/24/2026 7:41:16 AM,Order,Order='900e00236586417fb3308ec2970e1867/PA-APEX-422136-08' Name='Entry' New state='Submitted' Instrument='MES SEP26' Action='Buy' Limit price=7431 Stop price=0 Quantity=11 Type='Limit' Time in force=GTC Oco='' Filled=0 Fill price=0 Error='No error' Native error='',
7/24/2026 7:41:16 AM,Order,Chart Trader submitting order with strategy 'MES MIN SL7 - 1' (Ticks),
7/24/2026 7:17:59 AM,Order,Order='2836432171/PA-APEX-422136-07' Name='Close' New state='Filled' Instrument='MES SEP26' Action='Sell' Limit price=0 Stop price=0 Quantity=11 Type='Market' Time in force=DAY Oco='' Filled=11 Fill price=7444.20454545 Error='No error' Native error='',
7/24/2026 7:17:59 AM,Execution,Execution='2085414,
7/24/2026 7:17:59 AM,Order,Order='2836432171/PA-APEX-422136-07' Name='Close' New state='Partially filled' Instrument='MES SEP26' Action='Sell' Limit price=0 Stop price=0 Quantity=11 Type='Market' Time in force=DAY Oco='' Filled=9 Fill price=7444.25 Error='No error' Native error='',
7/24/2026 7:17:59 AM,Execution,Execution='2085413,
7/24/2026 7:17:59 AM,Order,Order='2836432171/PA-APEX-422136-07' Name='Close' New state='Working' Instrument='MES SEP26' Action='Sell' Limit price=0 Stop price=0 Quantity=11 Type='Market' Time in force=DAY Oco='' Filled=0 Fill price=0 Error='No error' Native error='',
7/24/2026 7:17:59 AM,Order,Order='2836432171/PA-APEX-422136-07' Name='Close' New state='Accepted' Instrument='MES SEP26' Action='Sell' Limit price=0 Stop price=0 Quantity=11 Type='Market' Time in force=DAY Oco='' Filled=0 Fill price=0 Error='No error' Native error='',
7/24/2026 7:17:58 AM,Position,Instrument='MES SEP26' Account='PA-APEX-422136-07' Average price=7443.25 Quantity=2 Market position=Flat Operation=Remove,
7/24/2026 7:17:58 AM,Position,Instrument='MES SEP26' Account='PA-APEX-422136-07' Average price=7443.25 Quantity=2 Market position=Long Operation=Update,
7/24/2026 7:17:58 AM,Order,Order='09c52b3793174054878d5cbe04be7b51/PA-APEX-422136-07' Name='Close' New state='Submitted' Instrument='MES SEP26' Action='Sell' Limit price=0 Stop price=0 Quantity=11 Type='Market' Time in force=DAY Oco='' Filled=0 Fill price=0 Error='No error' Native error='',
7/24/2026 7:17:58 AM,Execution,Execution='2078930,
7/24/2026 7:17:58 AM,Order,Order='2836432158/PA-APEX-422136-08' Name='Close' New state='Filled' Instrument='MES SEP26' Action='Sell' Limit price=0 Stop price=0 Quantity=11 Type='Market' Time in force=DAY Oco='' Filled=11 Fill price=7444 Error='No error' Native error='',
7/24/2026 7:17:58 AM,Order,Order='2836432158/PA-APEX-422136-08' Name='Close' New state='Working' Instrument='MES SEP26' Action='Sell' Limit price=0 Stop price=0 Quantity=11 Type='Market' Time in force=DAY Oco='' Filled=0 Fill price=0 Error='No error' Native error='',
7/24/2026 7:17:58 AM,Order,Order='2836432158/PA-APEX-422136-08' Name='Close' New state='Accepted' Instrument='MES SEP26' Action='Sell' Limit price=0 Stop price=0 Quantity=11 Type='Market' Time in force=DAY Oco='' Filled=0 Fill price=0 Error='No error' Native error='',
7/24/2026 7:17:58 AM,Order,Order='2836429468/PA-APEX-422136-07' Name='Stop1' New state='Cancelled' Instrument='MES SEP26' Action='Sell' Limit price=0 Stop price=7436.25 Quantity=5 Type='Stop Market' Time in force=GTC Oco='072b02deb20242d39200a647c835f5eb' Filled=0 Fill price=0 Error='No error' Native error='',
7/24/2026 7:17:58 AM,Order,Order='2836429476/PA-APEX-422136-07' Name='Stop2' New state='Cancelled' Instrument='MES SEP26' Action='Sell' Limit price=0 Stop price=7436.25 Quantity=6 Type='Stop Market' Time in force=GTC Oco='687431d632fe44f7973e1bc1d83b16fa' Filled=0 Fill price=0 Error='No error' Native error='',
7/24/2026 7:17:58 AM,Order,Order='2836409276/PA-APEX-422136-07' Name='Entry' New state='Cancelled' Instrument='MES SEP26' Action='Sell' Limit price=7463 Stop price=0 Quantity=11 Type='Limit' Time in force=GTC Oco='' Filled=0 Fill price=0 Error='No error' Native error='',
7/24/2026 7:17:58 AM,Order,Order='2836429484/PA-APEX-422136-07' Name='Target2' New state='Cancelled' Instrument='MES SEP26' Action='Sell' Limit price=7446.75 Stop price=0 Quantity=6 Type='Limit' Time in force=GTC Oco='687431d632fe44f7973e1bc1d83b16fa' Filled=0 Fill price=0 Error='No error' Native error='',
7/24/2026 7:17:58 AM,Position,Instrument='MES SEP26' Account='PA-APEX-422136-08' Average price=7443.25 Quantity=11 Market position=Flat Operation=Remove,
7/24/2026 7:17:58 AM,Order,Order='2cfaaa3ea1cc40eab7c3ec1bfd63f0b6/PA-APEX-422136-08' Name='Close' New state='Submitted' Instrument='MES SEP26' Action='Sell' Limit price=0 Stop price=0 Quantity=11 Type='Market' Time in force=DAY Oco='' Filled=0 Fill price=0 Error='No error' Native error='',
7/24/2026 7:17:58 AM,Order,Order='2836429471/PA-APEX-422136-07' Name='Target1' New state='Cancelled' Instrument='MES SEP26' Action='Sell' Limit price=7446 Stop price=0 Quantity=5 Type='Limit' Time in force=GTC Oco='072b02deb20242d39200a647c835f5eb' Filled=0 Fill price=0 Error='No error' Native error='',
7/24/2026 7:17:58 AM,Order,Order='2836429469/PA-APEX-422136-08' Name='Stop1' New state='Cancelled' Instrument='MES SEP26' Action='Sell' Limit price=0 Stop price=7436.25 Quantity=5 Type='Stop Market' Time in force=GTC Oco='f2c58176fd3546a0bc6400fd714ac145' Filled=0 Fill price=0 Error='No error' Native error='',
7/24/2026 7:17:58 AM,Order,Order='2836429477/PA-APEX-422136-08' Name='Stop2' New state='Cancelled' Instrument='MES SEP26' Action='Sell' Limit price=0 Stop price=7436.25 Quantity=6 Type='Stop Market' Time in force=GTC Oco='0d73d35987e84bdc84d473a3bb3e0978' Filled=0 Fill price=0 Error='No error' Native error='',
7/24/2026 7:17:58 AM,Order,Order='2836410518/PA-APEX-422136-08' Name='Entry' New state='Cancelled' Instrument='MES SEP26' Action='Sell' Limit price=7463 Stop price=0 Quantity=11 Type='Limit' Time in force=GTC Oco='' Filled=0 Fill price=0 Error='No error' Native error='',
7/24/2026 7:17:58 AM,Order,Order='2836429478/PA-APEX-422136-08' Name='Target2' New state='Cancelled' Instrument='MES SEP26' Action='Sell' Limit price=7446.75 Stop price=0 Quantity=6 Type='Limit' Time in force=GTC Oco='0d73d35987e84bdc84d473a3bb3e0978' Filled=0 Fill price=0 Error='No error' Native error='',
7/24/2026 7:17:58 AM,Order,Order='2836429470/PA-APEX-422136-08' Name='Target1' New state='Cancelled' Instrument='MES SEP26' Action='Sell' Limit price=7446 Stop price=0 Quantity=5 Type='Limit' Time in force=GTC Oco='f2c58176fd3546a0bc6400fd714ac145' Filled=0 Fill price=0 Error='No error' Native error='',
7/24/2026 7:17:58 AM,Position,Flatten account='PA-APEX-422136-01',
7/24/2026 7:17:58 AM,Order,Order='2836409276/PA-APEX-422136-07' Name='Entry' New state='Cancel submitted' Instrument='MES SEP26' Action='Sell' Limit price=7463 Stop price=0 Quantity=11 Type='Limit' Time in force=GTC Oco='' Filled=0 Fill price=0 Error='No error' Native error='',
7/24/2026 7:17:58 AM,Order,Order='2836429484/PA-APEX-422136-07' Name='Target2' New state='Cancel submitted' Instrument='MES SEP26' Action='Sell' Limit price=7446.75 Stop price=0 Quantity=6 Type='Limit' Time in force=GTC Oco='687431d632fe44f7973e1bc1d83b16fa' Filled=0 Fill price=0 Error='No error' Native error='',
7/24/2026 7:17:58 AM,Order,Order='2836429468/PA-APEX-422136-07' Name='Stop1' New state='Cancel submitted' Instrument='MES SEP26' Action='Sell' Limit price=0 Stop price=7436.25 Quantity=5 Type='Stop Market' Time in force=GTC Oco='072b02deb20242d39200a647c835f5eb' Filled=0 Fill price=0 Error='No error' Native error='',
7/24/2026 7:17:58 AM,Position,Flatten account='PA-APEX-422136-03',
7/24/2026 7:17:58 AM,Order,Order='2836429476/PA-APEX-422136-07' Name='Stop2' New state='Cancel submitted' Instrument='MES SEP26' Action='Sell' Limit price=0 Stop price=7436.25 Quantity=6 Type='Stop Market' Time in force=GTC Oco='687431d632fe44f7973e1bc1d83b16fa' Filled=0 Fill price=0 Error='No error' Native error='',
7/24/2026 7:17:58 AM,Position,Flatten account='PA-APEX-422136-06',
7/24/2026 7:17:58 AM,Order,Order='2836429471/PA-APEX-422136-07' Name='Target1' New state='Cancel submitted' Instrument='MES SEP26' Action='Sell' Limit price=7446 Stop price=0 Quantity=5 Type='Limit' Time in force=GTC Oco='072b02deb20242d39200a647c835f5eb' Filled=0 Fill price=0 Error='No error' Native error='',
7/24/2026 7:17:58 AM,Position,Flatten account='PA-APEX-422136-04',
7/24/2026 7:17:58 AM,Position,Flatten account='PA-APEX-422136-05',
7/24/2026 7:17:58 AM,Order,Order='2836429469/PA-APEX-422136-08' Name='Stop1' New state='Cancel submitted' Instrument='MES SEP26' Action='Sell' Limit price=0 Stop price=7436.25 Quantity=5 Type='Stop Market' Time in force=GTC Oco='f2c58176fd3546a0bc6400fd714ac145' Filled=0 Fill price=0 Error='No error' Native error='',
7/24/2026 7:17:58 AM,Order,Order='2836429477/PA-APEX-422136-08' Name='Stop2' New state='Cancel submitted' Instrument='MES SEP26' Action='Sell' Limit price=0 Stop price=7436.25 Quantity=6 Type='Stop Market' Time in force=GTC Oco='0d73d35987e84bdc84d473a3bb3e0978' Filled=0 Fill price=0 Error='No error' Native error='',
7/24/2026 7:17:58 AM,Order,Order='2836410518/PA-APEX-422136-08' Name='Entry' New state='Cancel submitted' Instrument='MES SEP26' Action='Sell' Limit price=7463 Stop price=0 Quantity=11 Type='Limit' Time in force=GTC Oco='' Filled=0 Fill price=0 Error='No error' Native error='',
7/24/2026 7:17:58 AM,Order,Order='2836429478/PA-APEX-422136-08' Name='Target2' New state='Cancel submitted' Instrument='MES SEP26' Action='Sell' Limit price=7446.75 Stop price=0 Quantity=6 Type='Limit' Time in force=GTC Oco='0d73d35987e84bdc84d473a3bb3e0978' Filled=0 Fill price=0 Error='No error' Native error='',
7/24/2026 7:17:58 AM,Order,Order='2836429470/PA-APEX-422136-08' Name='Target1' New state='Cancel submitted' Instrument='MES SEP26' Action='Sell' Limit price=7446 Stop price=0 Quantity=5 Type='Limit' Time in force=GTC Oco='f2c58176fd3546a0bc6400fd714ac145' Filled=0 Fill price=0 Error='No error' Native error='',
7/24/2026 7:17:58 AM,Position,Flatten account='PA-APEX-422136-07',
7/24/2026 7:17:58 AM,Position,Flatten account='Sim102',
7/24/2026 7:17:58 AM,Position,Flatten account='PA-APEX-422136-09',
7/24/2026 7:17:58 AM,Position,Flatten account='PA-APEX-422136-08',
7/24/2026 7:17:58 AM,Default,Terminating any NinjaScript strategies invoked by Flatten Everything command,
7/24/2026 7:17:58 AM,Position,Flatten account='Sim101',
7/24/2026 7:17:33 AM,Order,Order='2836429484/PA-APEX-422136-07' Name='Target2' New state='Working' Instrument='MES SEP26' Action='Sell' Limit price=7446.75 Stop price=0 Quantity=6 Type='Limit' Time in force=GTC Oco='687431d632fe44f7973e1bc1d83b16fa' Filled=0 Fill price=0 Error='No error' Native error='',
7/24/2026 7:17:33 AM,Order,Order='2836429484/PA-APEX-422136-07' Name='Target2' New state='Accepted' Instrument='MES SEP26' Action='Sell' Limit price=7446.75 Stop price=0 Quantity=6 Type='Limit' Time in force=GTC Oco='687431d632fe44f7973e1bc1d83b16fa' Filled=0 Fill price=0 Error='No error' Native error='',
7/24/2026 7:17:33 AM,Order,Order='2836429478/PA-APEX-422136-08' Name='Target2' New state='Accepted' Instrument='MES SEP26' Action='Sell' Limit price=7446.75 Stop price=0 Quantity=6 Type='Limit' Time in force=GTC Oco='0d73d35987e84bdc84d473a3bb3e0978' Filled=0 Fill price=0 Error='No error' Native error='',
7/24/2026 7:17:33 AM,Order,Order='2836429478/PA-APEX-422136-08' Name='Target2' New state='Working' Instrument='MES SEP26' Action='Sell' Limit price=7446.75 Stop price=0 Quantity=6 Type='Limit' Time in force=GTC Oco='0d73d35987e84bdc84d473a3bb3e0978' Filled=0 Fill price=0 Error='No error' Native error='',
7/24/2026 7:17:33 AM,Order,Order='2836429476/PA-APEX-422136-07' Name='Stop2' New state='Accepted' Instrument='MES SEP26' Action='Sell' Limit price=0 Stop price=7436.25 Quantity=6 Type='Stop Market' Time in force=GTC Oco='687431d632fe44f7973e1bc1d83b16fa' Filled=0 Fill price=0 Error='No error' Native error='',
7/24/2026 7:17:33 AM,Order,Order='2836429477/PA-APEX-422136-08' Name='Stop2' New state='Accepted' Instrument='MES SEP26' Action='Sell' Limit price=0 Stop price=7436.25 Quantity=6 Type='Stop Market' Time in force=GTC Oco='0d73d35987e84bdc84d473a3bb3e0978' Filled=0 Fill price=0 Error='No error' Native error='',
7/24/2026 7:17:33 AM,Order,Order='2836429471/PA-APEX-422136-07' Name='Target1' New state='Working' Instrument='MES SEP26' Action='Sell' Limit price=7446 Stop price=0 Quantity=5 Type='Limit' Time in force=GTC Oco='072b02deb20242d39200a647c835f5eb' Filled=0 Fill price=0 Error='No error' Native error='',
7/24/2026 7:17:33 AM,Order,Order='2836429471/PA-APEX-422136-07' Name='Target1' New state='Accepted' Instrument='MES SEP26' Action='Sell' Limit price=7446 Stop price=0 Quantity=5 Type='Limit' Time in force=GTC Oco='072b02deb20242d39200a647c835f5eb' Filled=0 Fill price=0 Error='No error' Native error='',
7/24/2026 7:17:33 AM,Order,Order='2836429470/PA-APEX-422136-08' Name='Target1' New state='Accepted' Instrument='MES SEP26' Action='Sell' Limit price=7446 Stop price=0 Quantity=5 Type='Limit' Time in force=GTC Oco='f2c58176fd3546a0bc6400fd714ac145' Filled=0 Fill price=0 Error='No error' Native error='',
7/24/2026 7:17:33 AM,Order,Order='2836429470/PA-APEX-422136-08' Name='Target1' New state='Working' Instrument='MES SEP26' Action='Sell' Limit price=7446 Stop price=0 Quantity=5 Type='Limit' Time in force=GTC Oco='f2c58176fd3546a0bc6400fd714ac145' Filled=0 Fill price=0 Error='No error' Native error='',
7/24/2026 7:17:33 AM,Order,Order='2836429469/PA-APEX-422136-08' Name='Stop1' New state='Accepted' Instrument='MES SEP26' Action='Sell' Limit price=0 Stop price=7436.25 Quantity=5 Type='Stop Market' Time in force=GTC Oco='f2c58176fd3546a0bc6400fd714ac145' Filled=0 Fill price=0 Error='No error' Native error='',
7/24/2026 7:17:33 AM,Order,Order='2836429468/PA-APEX-422136-07' Name='Stop1' New state='Accepted' Instrument='MES SEP26' Action='Sell' Limit price=0 Stop price=7436.25 Quantity=5 Type='Stop Market' Time in force=GTC Oco='072b02deb20242d39200a647c835f5eb' Filled=0 Fill price=0 Error='No error' Native error='',
7/24/2026 7:17:33 AM,Order,Order='b64a5bb8f7024644bac876403fac615b/PA-APEX-422136-08' Name='Target2' New state='Submitted' Instrument='MES SEP26' Action='Sell' Limit price=7446.75 Stop price=0 Quantity=6 Type='Limit' Time in force=GTC Oco='0d73d35987e84bdc84d473a3bb3e0978' Filled=0 Fill price=0 Error='No error' Native error='',
7/24/2026 7:17:33 AM,Order,Order='786b0a63a93849e888b1e27c970a22f6/PA-APEX-422136-07' Name='Target2' New state='Submitted' Instrument='MES SEP26' Action='Sell' Limit price=7446.75 Stop price=0 Quantity=6 Type='Limit' Time in force=GTC Oco='687431d632fe44f7973e1bc1d83b16fa' Filled=0 Fill price=0 Error='No error' Native error='',
7/24/2026 7:17:33 AM,Order,Order='239ca5e06a6e4dfc9c2f2244d44edadb/PA-APEX-422136-07' Name='Stop2' New state='Submitted' Instrument='MES SEP26' Action='Sell' Limit price=0 Stop price=7436.25 Quantity=6 Type='Stop Market' Time in force=GTC Oco='687431d632fe44f7973e1bc1d83b16fa' Filled=0 Fill price=0 Error='No error' Native error='',
7/24/2026 7:17:33 AM,Order,Order='2491663080384cadabf2043440042773/PA-APEX-422136-08' Name='Stop2' New state='Submitted' Instrument='MES SEP26' Action='Sell' Limit price=0 Stop price=7436.25 Quantity=6 Type='Stop Market' Time in force=GTC Oco='0d73d35987e84bdc84d473a3bb3e0978' Filled=0 Fill price=0 Error='No error' Native error='',
7/24/2026 7:17:33 AM,Order,Order='36799aeb97f245ecb6d19308a26461f9/PA-APEX-422136-08' Name='Target1' New state='Submitted' Instrument='MES SEP26' Action='Sell' Limit price=7446 Stop price=0 Quantity=5 Type='Limit' Time in force=GTC Oco='f2c58176fd3546a0bc6400fd714ac145' Filled=0 Fill price=0 Error='No error' Native error='',
7/24/2026 7:17:33 AM,Order,Order='8f2c992f1e6943458b530aeef8fbe5c4/PA-APEX-422136-07' Name='Target1' New state='Submitted' Instrument='MES SEP26' Action='Sell' Limit price=7446 Stop price=0 Quantity=5 Type='Limit' Time in force=GTC Oco='072b02deb20242d39200a647c835f5eb' Filled=0 Fill price=0 Error='No error' Native error='',
7/24/2026 7:17:33 AM,Order,Order='0efc17bde6ee44a7a3126aaddaeee2c3/PA-APEX-422136-07' Name='Stop1' New state='Submitted' Instrument='MES SEP26' Action='Sell' Limit price=0 Stop price=7436.25 Quantity=5 Type='Stop Market' Time in force=GTC Oco='072b02deb20242d39200a647c835f5eb' Filled=0 Fill price=0 Error='No error' Native error='',
7/24/2026 7:17:33 AM,Order,Order='d3feab288730498a93ab6e0a24dd10a0/PA-APEX-422136-08' Name='Stop1' New state='Submitted' Instrument='MES SEP26' Action='Sell' Limit price=0 Stop price=7436.25 Quantity=5 Type='Stop Market' Time in force=GTC Oco='f2c58176fd3546a0bc6400fd714ac145' Filled=0 Fill price=0 Error='No error' Native error='',
7/24/2026 7:17:33 AM,Order,Order='2836421690/PA-APEX-422136-07' Name='Entry' New state='Filled' Instrument='MES SEP26' Action='Buy' Limit price=7443.25 Stop price=0 Quantity=11 Type='Limit' Time in force=GTC Oco='' Filled=11 Fill price=7443.25 Error='No error' Native error='',
7/24/2026 7:17:33 AM,Execution,Execution='2084075,
7/24/2026 7:17:33 AM,Order,Order='2836421690/PA-APEX-422136-07' Name='Entry' New state='Accepted' Instrument='MES SEP26' Action='Buy' Limit price=7443.25 Stop price=0 Quantity=11 Type='Limit' Time in force=GTC Oco='' Filled=0 Fill price=0 Error='No error' Native error='',
7/24/2026 7:17:33 AM,Order,Order='2836421690/PA-APEX-422136-07' Name='Entry' New state='Working' Instrument='MES SEP26' Action='Buy' Limit price=7443.25 Stop price=0 Quantity=11 Type='Limit' Time in force=GTC Oco='' Filled=0 Fill price=0 Error='No error' Native error='',
7/24/2026 7:17:33 AM,Order,Order='2836420889/PA-APEX-422136-08' Name='Entry' New state='Filled' Instrument='MES SEP26' Action='Buy' Limit price=7443.25 Stop price=0 Quantity=11 Type='Limit' Time in force=GTC Oco='' Filled=11 Fill price=7443.25 Error='No error' Native error='',
7/24/2026 7:17:33 AM,Position,Instrument='MES SEP26' Account='PA-APEX-422136-07' Average price=7443.25 Quantity=11 Market position=Long Operation=Operation_Add,
7/24/2026 7:17:33 AM,Execution,Execution='2083823,
7/24/2026 7:17:33 AM,Position,Instrument='MES SEP26' Account='PA-APEX-422136-08' Average price=7443.25 Quantity=11 Market position=Long Operation=Update,
7/24/2026 7:17:33 AM,Execution,Execution='2083822,
7/24/2026 7:17:33 AM,Order,Order='2836420889/PA-APEX-422136-08' Name='Entry' New state='Partially filled' Instrument='MES SEP26' Action='Buy' Limit price=7443.25 Stop price=0 Quantity=11 Type='Limit' Time in force=GTC Oco='' Filled=3 Fill price=7443.25 Error='No error' Native error='',
7/24/2026 7:17:33 AM,Position,Instrument='MES SEP26' Account='PA-APEX-422136-08' Average price=7443.25 Quantity=3 Market position=Long Operation=Operation_Add,
7/24/2026 7:17:33 AM,Order,Order='2836420889/PA-APEX-422136-08' Name='Entry' New state='Accepted' Instrument='MES SEP26' Action='Buy' Limit price=7443.25 Stop price=0 Quantity=11 Type='Limit' Time in force=GTC Oco='' Filled=0 Fill price=0 Error='No error' Native error='',
7/24/2026 7:17:33 AM,Order,Order='2836420889/PA-APEX-422136-08' Name='Entry' New state='Working' Instrument='MES SEP26' Action='Buy' Limit price=7443.25 Stop price=0 Quantity=11 Type='Limit' Time in force=GTC Oco='' Filled=0 Fill price=0 Error='No error' Native error='',
7/24/2026 7:17:33 AM,Order,Auto chase price modification to '7443.25',
7/24/2026 7:17:33 AM,Order,Order='2836421690/PA-APEX-422136-07' Name='Entry' New state='Change submitted' Instrument='MES SEP26' Action='Buy' Limit price=7443.25 Stop price=0 Quantity=11 Type='Limit' Time in force=GTC Oco='' Filled=0 Fill price=0 Error='No error' Native error='',
7/24/2026 7:17:33 AM,Order,Order='2836420889/PA-APEX-422136-08' Name='Entry' New state='Change submitted' Instrument='MES SEP26' Action='Buy' Limit price=7443.25 Stop price=0 Quantity=11 Type='Limit' Time in force=GTC Oco='' Filled=0 Fill price=0 Error='No error' Native error='',
7/24/2026 7:17:33 AM,Order,Auto chase price modification to '7443.25',
7/24/2026 7:16:29 AM,Order,Order='2836421690/PA-APEX-422136-07' Name='Entry' New state='Working' Instrument='MES SEP26' Action='Buy' Limit price=7443 Stop price=0 Quantity=11 Type='Limit' Time in force=GTC Oco='' Filled=0 Fill price=0 Error='No error' Native error='',
7/24/2026 7:16:29 AM,Order,Order='2836421690/PA-APEX-422136-07' Name='Entry' New state='Accepted' Instrument='MES SEP26' Action='Buy' Limit price=7443 Stop price=0 Quantity=11 Type='Limit' Time in force=GTC Oco='' Filled=0 Fill price=0 Error='No error' Native error='',
7/24/2026 7:16:29 AM,Order,Order='259025cce2934a1c9fbf8ac3a173dfe9/PA-APEX-422136-07' Name='Entry' New state='Submitted' Instrument='MES SEP26' Action='Buy' Limit price=7443 Stop price=0 Quantity=11 Type='Limit' Time in force=GTC Oco='' Filled=0 Fill price=0 Error='No error' Native error='',
7/24/2026 7:16:29 AM,Order,Chart Trader submitting order with strategy 'MES MIN SL7 - 4' (Ticks),
7/24/2026 7:16:23 AM,Order,Order='2836420889/PA-APEX-422136-08' Name='Entry' New state='Working' Instrument='MES SEP26' Action='Buy' Limit price=7443 Stop price=0 Quantity=11 Type='Limit' Time in force=GTC Oco='' Filled=0 Fill price=0 Error='No error' Native error='',
7/24/2026 7:16:23 AM,Order,Order='2836420889/PA-APEX-422136-08' Name='Entry' New state='Accepted' Instrument='MES SEP26' Action='Buy' Limit price=7443 Stop price=0 Quantity=11 Type='Limit' Time in force=GTC Oco='' Filled=0 Fill price=0 Error='No error' Native error='',
7/24/2026 7:16:23 AM,Order,Order='172760b7ba6248b8bc755b1a23a9307b/PA-APEX-422136-08' Name='Entry' New state='Submitted' Instrument='MES SEP26' Action='Buy' Limit price=7443 Stop price=0 Quantity=11 Type='Limit' Time in force=GTC Oco='' Filled=0 Fill price=0 Error='No error' Native error='',
7/24/2026 7:16:23 AM,Order,Chart Trader submitting order with strategy 'MES MIN SL7 - 3' (Ticks),
7/24/2026 7:15:25 AM,Order,Order='2836409276/PA-APEX-422136-07' Name='Entry' New state='Accepted' Instrument='MES SEP26' Action='Sell' Limit price=7463 Stop price=0 Quantity=11 Type='Limit' Time in force=GTC Oco='' Filled=0 Fill price=0 Error='No error' Native error='',
7/24/2026 7:15:25 AM,Order,Order='2836409276/PA-APEX-422136-07' Name='Entry' New state='Working' Instrument='MES SEP26' Action='Sell' Limit price=7463 Stop price=0 Quantity=11 Type='Limit' Time in force=GTC Oco='' Filled=0 Fill price=0 Error='No error' Native error='',
7/24/2026 7:15:25 AM,Order,Order='2836409276/PA-APEX-422136-07' Name='Entry' New state='Change submitted' Instrument='MES SEP26' Action='Sell' Limit price=7463 Stop price=0 Quantity=11 Type='Limit' Time in force=GTC Oco='' Filled=0 Fill price=0 Error='No error' Native error='',
7/24/2026 7:15:18 AM,Order,Order='2836410518/PA-APEX-422136-08' Name='Entry' New state='Accepted' Instrument='MES SEP26' Action='Sell' Limit price=7463 Stop price=0 Quantity=11 Type='Limit' Time in force=GTC Oco='' Filled=0 Fill price=0 Error='No error' Native error='',
7/24/2026 7:15:18 AM,Order,Order='2836410518/PA-APEX-422136-08' Name='Entry' New state='Working' Instrument='MES SEP26' Action='Sell' Limit price=7463 Stop price=0 Quantity=11 Type='Limit' Time in force=GTC Oco='' Filled=0 Fill price=0 Error='No error' Native error='',
7/24/2026 7:15:18 AM,Order,Order='17ca9e7aa59a45e2b2795d9b3466a097/PA-APEX-422136-08' Name='Entry' New state='Submitted' Instrument='MES SEP26' Action='Sell' Limit price=7463 Stop price=0 Quantity=11 Type='Limit' Time in force=GTC Oco='' Filled=0 Fill price=0 Error='No error' Native error='',
7/24/2026 7:15:18 AM,Order,Chart Trader submitting order with strategy 'MES MIN SL7 - 2' (Ticks),
7/24/2026 7:15:08 AM,Order,Order='2836409276/PA-APEX-422136-07' Name='Entry' New state='Accepted' Instrument='MES SEP26' Action='Sell' Limit price=7463.25 Stop price=0 Quantity=11 Type='Limit' Time in force=GTC Oco='' Filled=0 Fill price=0 Error='No error' Native error='',
7/24/2026 7:15:08 AM,Order,Order='2836409276/PA-APEX-422136-07' Name='Entry' New state='Working' Instrument='MES SEP26' Action='Sell' Limit price=7463.25 Stop price=0 Quantity=11 Type='Limit' Time in force=GTC Oco='' Filled=0 Fill price=0 Error='No error' Native error='',
7/24/2026 7:15:08 AM,Order,Order='6c71468c68d846ba917cbfba2aa240cd/PA-APEX-422136-07' Name='Entry' New state='Submitted' Instrument='MES SEP26' Action='Sell' Limit price=7463.25 Stop price=0 Quantity=11 Type='Limit' Time in force=GTC Oco='' Filled=0 Fill price=0 Error='No error' Native error='',
7/24/2026 7:15:08 AM,Order,Chart Trader submitting order with strategy 'MES MIN SL7 - 1' (Ticks),
7/24/2026 7:14:59 AM,Order,Order='2836407883/PA-APEX-422136-07' Name='Entry' New state='Cancelled' Instrument='MES SEP26' Action='Sell' Limit price=7463.25 Stop price=0 Quantity=13 Type='Limit' Time in force=GTC Oco='' Filled=0 Fill price=0 Error='No error' Native error='',
7/24/2026 7:14:59 AM,Order,Order='2836407883/PA-APEX-422136-07' Name='Entry' New state='Cancel submitted' Instrument='MES SEP26' Action='Sell' Limit price=7463.25 Stop price=0 Quantity=13 Type='Limit' Time in force=GTC Oco='' Filled=0 Fill price=0 Error='No error' Native error='',
7/24/2026 7:14:59 AM,Default,Cancel all orders account='PA-APEX-422136-07',
7/24/2026 7:14:59 AM,Default,Chart Trader close position,
7/24/2026 7:14:57 AM,Order,Order='2836407883/PA-APEX-422136-07' Name='Entry' New state='Accepted' Instrument='MES SEP26' Action='Sell' Limit price=7463.25 Stop price=0 Quantity=13 Type='Limit' Time in force=GTC Oco='' Filled=0 Fill price=0 Error='No error' Native error='',
7/24/2026 7:14:57 AM,Order,Order='2836407883/PA-APEX-422136-07' Name='Entry' New state='Working' Instrument='MES SEP26' Action='Sell' Limit price=7463.25 Stop price=0 Quantity=13 Type='Limit' Time in force=GTC Oco='' Filled=0 Fill price=0 Error='No error' Native error='',
7/24/2026 7:14:57 AM,Order,Order='5724c24990d74f7b8637ddf4a26b1c15/PA-APEX-422136-07' Name='Entry' New state='Submitted' Instrument='MES SEP26' Action='Sell' Limit price=7463.25 Stop price=0 Quantity=13 Type='Limit' Time in force=GTC Oco='' Filled=0 Fill price=0 Error='No error' Native error='',
7/24/2026 7:14:57 AM,Order,Chart Trader submitting order with strategy 'MES MIN SL6 - 1' (Ticks),
7/24/2026 7:12:40 AM,Order,Order='2836388532/PA-APEX-422136-07' Name='Close' New state='Filled' Instrument='MES SEP26' Action='Buy to cover' Limit price=0 Stop price=0 Quantity=13 Type='Market' Time in force=DAY Oco='' Filled=13 Fill price=7449.75 Error='No error' Native error='',
7/24/2026 7:12:40 AM,Execution,Execution='2076319,
7/24/2026 7:12:40 AM,Position,Instrument='MES SEP26' Account='PA-APEX-422136-07' Average price=7449.75 Quantity=13 Market position=Flat Operation=Remove,
7/24/2026 7:12:40 AM,Order,Order='2836388532/PA-APEX-422136-07' Name='Close' New state='Working' Instrument='MES SEP26' Action='Buy to cover' Limit price=0 Stop price=0 Quantity=13 Type='Market' Time in force=DAY Oco='' Filled=0 Fill price=0 Error='No error' Native error='',
7/24/2026 7:12:40 AM,Order,Order='2836388532/PA-APEX-422136-07' Name='Close' New state='Accepted' Instrument='MES SEP26' Action='Buy to cover' Limit price=0 Stop price=0 Quantity=13 Type='Market' Time in force=DAY Oco='' Filled=0 Fill price=0 Error='No error' Native error='',
7/24/2026 7:12:40 AM,Order,Order='478d24caaa994e5ca4cf486ea10383c2/PA-APEX-422136-07' Name='Close' New state='Submitted' Instrument='MES SEP26' Action='Buy to cover' Limit price=0 Stop price=0 Quantity=13 Type='Market' Time in force=DAY Oco='' Filled=0 Fill price=0 Error='No error' Native error='',
7/24/2026 7:12:40 AM,Order,Order='2836388501/PA-APEX-422136-08' Name='Close' New state='Filled' Instrument='MES SEP26' Action='Buy to cover' Limit price=0 Stop price=0 Quantity=13 Type='Market' Time in force=DAY Oco='' Filled=13 Fill price=7449.75 Error='No error' Native error='',
7/24/2026 7:12:40 AM,Execution,Execution='2078586,
7/24/2026 7:12:40 AM,Position,Instrument='MES SEP26' Account='PA-APEX-422136-08' Average price=7449.75 Quantity=13 Market position=Flat Operation=Remove,
7/24/2026 7:12:40 AM,Order,Order='2836388501/PA-APEX-422136-08' Name='Close' New state='Working' Instrument='MES SEP26' Action='Buy to cover' Limit price=0 Stop price=0 Quantity=13 Type='Market' Time in force=DAY Oco='' Filled=0 Fill price=0 Error='No error' Native error='',
7/24/2026 7:12:40 AM,Order,Order='2836388501/PA-APEX-422136-08' Name='Close' New state='Accepted' Instrument='MES SEP26' Action='Buy to cover' Limit price=0 Stop price=0 Quantity=13 Type='Market' Time in force=DAY Oco='' Filled=0 Fill price=0 Error='No error' Native error='',
7/24/2026 7:12:40 AM,Order,Order='2836366770/PA-APEX-422136-07' Name='Stop2' New state='Cancelled' Instrument='MES SEP26' Action='Buy to cover' Limit price=0 Stop price=7455.75 Quantity=7 Type='Stop Market' Time in force=GTC Oco='00eeb97a3de8410da85be002d9c677e8' Filled=0 Fill price=0 Error='No error' Native error='',
7/24/2026 7:12:40 AM,Order,Order='2836366760/PA-APEX-422136-07' Name='Stop1' New state='Cancelled' Instrument='MES SEP26' Action='Buy to cover' Limit price=0 Stop price=7455.75 Quantity=6 Type='Stop Market' Time in force=GTC Oco='6e9d1452a8f64f1ba2c863db0aff5098' Filled=0 Fill price=0 Error='No error' Native error='',
7/24/2026 7:12:40 AM,Order,Order='2836341628/PA-APEX-422136-07' Name='Entry' New state='Cancelled' Instrument='MES SEP26' Action='Buy' Limit price=7426 Stop price=0 Quantity=13 Type='Limit' Time in force=GTC Oco='' Filled=0 Fill price=0 Error='No error' Native error='',
7/24/2026 7:12:40 AM,Order,Order='05420fc376a844bfa006d8bfac935be1/PA-APEX-422136-08' Name='Close' New state='Submitted' Instrument='MES SEP26' Action='Buy to cover' Limit price=0 Stop price=0 Quantity=13 Type='Market' Time in force=DAY Oco='' Filled=0 Fill price=0 Error='No error' Native error='',
7/24/2026 7:12:40 AM,Order,Order='2836366771/PA-APEX-422136-07' Name='Target2' New state='Cancelled' Instrument='MES SEP26' Action='Buy to cover' Limit price=7446.75 Stop price=0 Quantity=7 Type='Limit' Time in force=GTC Oco='00eeb97a3de8410da85be002d9c677e8' Filled=0 Fill price=0 Error='No error' Native error='',
7/24/2026 7:12:40 AM,Order,Order='2836366763/PA-APEX-422136-07' Name='Target1' New state='Cancelled' Instrument='MES SEP26' Action='Buy to cover' Limit price=7447.25 Stop price=0 Quantity=6 Type='Limit' Time in force=GTC Oco='6e9d1452a8f64f1ba2c863db0aff5098' Filled=0 Fill price=0 Error='No error' Native error='',
7/24/2026 7:12:40 AM,Order,Order='2836366769/PA-APEX-422136-08' Name='Stop2' New state='Cancelled' Instrument='MES SEP26' Action='Buy to cover' Limit price=0 Stop price=7455.75 Quantity=7 Type='Stop Market' Time in force=GTC Oco='d27ba2dd05a14c088c7624dfa790e495' Filled=0 Fill price=0 Error='No error' Native error='',
7/24/2026 7:12:40 AM,Order,Order='2836366761/PA-APEX-422136-08' Name='Stop1' New state='Cancelled' Instrument='MES SEP26' Action='Buy to cover' Limit price=0 Stop price=7455.75 Quantity=6 Type='Stop Market' Time in force=GTC Oco='aca8b1b714bc4d72a30dcfbf7b9ee944' Filled=0 Fill price=0 Error='No error' Native error='',
7/24/2026 7:12:40 AM,Order,Order='2836340630/PA-APEX-422136-08' Name='Entry' New state='Cancelled' Instrument='MES SEP26' Action='Buy' Limit price=7426 Stop price=0 Quantity=13 Type='Limit' Time in force=GTC Oco='' Filled=0 Fill price=0 Error='No error' Native error='',
7/24/2026 7:12:40 AM,Order,Order='2836366775/PA-APEX-422136-08' Name='Target2' New state='Cancelled' Instrument='MES SEP26' Action='Buy to cover' Limit price=7446.75 Stop price=0 Quantity=7 Type='Limit' Time in force=GTC Oco='d27ba2dd05a14c088c7624dfa790e495' Filled=0 Fill price=0 Error='No error' Native error='',
7/24/2026 7:12:40 AM,Order,Order='2836366762/PA-APEX-422136-08' Name='Target1' New state='Cancelled' Instrument='MES SEP26' Action='Buy to cover' Limit price=7447.25 Stop price=0 Quantity=6 Type='Limit' Time in force=GTC Oco='aca8b1b714bc4d72a30dcfbf7b9ee944' Filled=0 Fill price=0 Error='No error' Native error='',
7/24/2026 7:12:40 AM,Position,Flatten account='PA-APEX-422136-05',
7/24/2026 7:12:40 AM,Position,Flatten account='PA-APEX-422136-04',
7/24/2026 7:12:40 AM,Order,Order='2836366771/PA-APEX-422136-07' Name='Target2' New state='Cancel submitted' Instrument='MES SEP26' Action='Buy to cover' Limit price=7446.75 Stop price=0 Quantity=7 Type='Limit' Time in force=GTC Oco='00eeb97a3de8410da85be002d9c677e8' Filled=0 Fill price=0 Error='No error' Native error='',
7/24/2026 7:12:40 AM,Position,Flatten account='PA-APEX-422136-06',
7/24/2026 7:12:40 AM,Order,Order='2836341628/PA-APEX-422136-07' Name='Entry' New state='Cancel submitted' Instrument='MES SEP26' Action='Buy' Limit price=7426 Stop price=0 Quantity=13 Type='Limit' Time in force=GTC Oco='' Filled=0 Fill price=0 Error='No error' Native error='',
7/24/2026 7:12:40 AM,Order,Order='2836366760/PA-APEX-422136-07' Name='Stop1' New state='Cancel submitted' Instrument='MES SEP26' Action='Buy to cover' Limit price=0 Stop price=7455.75 Quantity=6 Type='Stop Market' Time in force=GTC Oco='6e9d1452a8f64f1ba2c863db0aff5098' Filled=0 Fill price=0 Error='No error' Native error='',
7/24/2026 7:12:40 AM,Order,Order='2836366770/PA-APEX-422136-07' Name='Stop2' New state='Cancel submitted' Instrument='MES SEP26' Action='Buy to cover' Limit price=0 Stop price=7455.75 Quantity=7 Type='Stop Market' Time in force=GTC Oco='00eeb97a3de8410da85be002d9c677e8' Filled=0 Fill price=0 Error='No error' Native error='',
7/24/2026 7:12:40 AM,Position,Flatten account='PA-APEX-422136-03',
7/24/2026 7:12:40 AM,Position,Flatten account='PA-APEX-422136-01',
7/24/2026 7:12:40 AM,Order,Order='2836366763/PA-APEX-422136-07' Name='Target1' New state='Cancel submitted' Instrument='MES SEP26' Action='Buy to cover' Limit price=7447.25 Stop price=0 Quantity=6 Type='Limit' Time in force=GTC Oco='6e9d1452a8f64f1ba2c863db0aff5098' Filled=0 Fill price=0 Error='No error' Native error='',
7/24/2026 7:12:40 AM,Position,Flatten account='PA-APEX-422136-07',
7/24/2026 7:12:40 AM,Order,Order='2836340630/PA-APEX-422136-08' Name='Entry' New state='Cancel submitted' Instrument='MES SEP26' Action='Buy' Limit price=7426 Stop price=0 Quantity=13 Type='Limit' Time in force=GTC Oco='' Filled=0 Fill price=0 Error='No error' Native error='',
7/24/2026 7:12:40 AM,Order,Order='2836366761/PA-APEX-422136-08' Name='Stop1' New state='Cancel submitted' Instrument='MES SEP26' Action='Buy to cover' Limit price=0 Stop price=7455.75 Quantity=6 Type='Stop Market' Time in force=GTC Oco='aca8b1b714bc4d72a30dcfbf7b9ee944' Filled=0 Fill price=0 Error='No error' Native error='',
7/24/2026 7:12:40 AM,Order,Order='2836366769/PA-APEX-422136-08' Name='Stop2' New state='Cancel submitted' Instrument='MES SEP26' Action='Buy to cover' Limit price=0 Stop price=7455.75 Quantity=7 Type='Stop Market' Time in force=GTC Oco='d27ba2dd05a14c088c7624dfa790e495' Filled=0 Fill price=0 Error='No error' Native error='',
7/24/2026 7:12:40 AM,Order,Order='2836366775/PA-APEX-422136-08' Name='Target2' New state='Cancel submitted' Instrument='MES SEP26' Action='Buy to cover' Limit price=7446.75 Stop price=0 Quantity=7 Type='Limit' Time in force=GTC Oco='d27ba2dd05a14c088c7624dfa790e495' Filled=0 Fill price=0 Error='No error' Native error='',
7/24/2026 7:12:40 AM,Order,Order='2836366762/PA-APEX-422136-08' Name='Target1' New state='Cancel submitted' Instrument='MES SEP26' Action='Buy to cover' Limit price=7447.25 Stop price=0 Quantity=6 Type='Limit' Time in force=GTC Oco='aca8b1b714bc4d72a30dcfbf7b9ee944' Filled=0 Fill price=0 Error='No error' Native error='',
7/24/2026 7:12:40 AM,Position,Flatten account='PA-APEX-422136-08',
7/24/2026 7:12:40 AM,Position,Flatten account='PA-APEX-422136-09',
7/24/2026 7:12:40 AM,Position,Flatten account='Sim102',
7/24/2026 7:12:40 AM,Position,Flatten account='Sim101',
7/24/2026 7:12:40 AM,Default,Terminating any NinjaScript strategies invoked by Flatten Everything command,
7/24/2026 7:09:25 AM,Order,Order='2836366769/PA-APEX-422136-08' Name='Stop2' New state='Accepted' Instrument='MES SEP26' Action='Buy to cover' Limit price=0 Stop price=7455.75 Quantity=7 Type='Stop Market' Time in force=GTC Oco='d27ba2dd05a14c088c7624dfa790e495' Filled=0 Fill price=0 Error='No error' Native error='',
7/24/2026 7:09:25 AM,Order,Order='2836366775/PA-APEX-422136-08' Name='Target2' New state='Working' Instrument='MES SEP26' Action='Buy to cover' Limit price=7446.75 Stop price=0 Quantity=7 Type='Limit' Time in force=GTC Oco='d27ba2dd05a14c088c7624dfa790e495' Filled=0 Fill price=0 Error='No error' Native error='',
7/24/2026 7:09:25 AM,Order,Order='2836366775/PA-APEX-422136-08' Name='Target2' New state='Accepted' Instrument='MES SEP26' Action='Buy to cover' Limit price=7446.75 Stop price=0 Quantity=7 Type='Limit' Time in force=GTC Oco='d27ba2dd05a14c088c7624dfa790e495' Filled=0 Fill price=0 Error='No error' Native error='',
7/24/2026 7:09:25 AM,Order,Order='2836366771/PA-APEX-422136-07' Name='Target2' New state='Accepted' Instrument='MES SEP26' Action='Buy to cover' Limit price=7446.75 Stop price=0 Quantity=7 Type='Limit' Time in force=GTC Oco='00eeb97a3de8410da85be002d9c677e8' Filled=0 Fill price=0 Error='No error' Native error='',
7/24/2026 7:09:25 AM,Order,Order='2836366771/PA-APEX-422136-07' Name='Target2' New state='Working' Instrument='MES SEP26' Action='Buy to cover' Limit price=7446.75 Stop price=0 Quantity=7 Type='Limit' Time in force=GTC Oco='00eeb97a3de8410da85be002d9c677e8' Filled=0 Fill price=0 Error='No error' Native error='',
7/24/2026 7:09:25 AM,Order,Order='2836366770/PA-APEX-422136-07' Name='Stop2' New state='Accepted' Instrument='MES SEP26' Action='Buy to cover' Limit price=0 Stop price=7455.75 Quantity=7 Type='Stop Market' Time in force=GTC Oco='00eeb97a3de8410da85be002d9c677e8' Filled=0 Fill price=0 Error='No error' Native error='',
7/24/2026 7:09:25 AM,Order,Order='2836366763/PA-APEX-422136-07' Name='Target1' New state='Accepted' Instrument='MES SEP26' Action='Buy to cover' Limit price=7447.25 Stop price=0 Quantity=6 Type='Limit' Time in force=GTC Oco='6e9d1452a8f64f1ba2c863db0aff5098' Filled=0 Fill price=0 Error='No error' Native error='',
7/24/2026 7:09:25 AM,Order,Order='2836366763/PA-APEX-422136-07' Name='Target1' New state='Working' Instrument='MES SEP26' Action='Buy to cover' Limit price=7447.25 Stop price=0 Quantity=6 Type='Limit' Time in force=GTC Oco='6e9d1452a8f64f1ba2c863db0aff5098' Filled=0 Fill price=0 Error='No error' Native error='',
7/24/2026 7:09:25 AM,Order,Order='2836366762/PA-APEX-422136-08' Name='Target1' New state='Accepted' Instrument='MES SEP26' Action='Buy to cover' Limit price=7447.25 Stop price=0 Quantity=6 Type='Limit' Time in force=GTC Oco='aca8b1b714bc4d72a30dcfbf7b9ee944' Filled=0 Fill price=0 Error='No error' Native error='',
7/24/2026 7:09:25 AM,Order,Order='2836366762/PA-APEX-422136-08' Name='Target1' New state='Working' Instrument='MES SEP26' Action='Buy to cover' Limit price=7447.25 Stop price=0 Quantity=6 Type='Limit' Time in force=GTC Oco='aca8b1b714bc4d72a30dcfbf7b9ee944' Filled=0 Fill price=0 Error='No error' Native error='',
7/24/2026 7:09:25 AM,Order,Order='2836366761/PA-APEX-422136-08' Name='Stop1' New state='Accepted' Instrument='MES SEP26' Action='Buy to cover' Limit price=0 Stop price=7455.75 Quantity=6 Type='Stop Market' Time in force=GTC Oco='aca8b1b714bc4d72a30dcfbf7b9ee944' Filled=0 Fill price=0 Error='No error' Native error='',
7/24/2026 7:09:25 AM,Order,Order='2836366760/PA-APEX-422136-07' Name='Stop1' New state='Accepted' Instrument='MES SEP26' Action='Buy to cover' Limit price=0 Stop price=7455.75 Quantity=6 Type='Stop Market' Time in force=GTC Oco='6e9d1452a8f64f1ba2c863db0aff5098' Filled=0 Fill price=0 Error='No error' Native error='',
7/24/2026 7:09:25 AM,Order,Order='1b1c8cdef0ac4907bf0c2f5f558fb5fa/PA-APEX-422136-08' Name='Target2' New state='Submitted' Instrument='MES SEP26' Action='Buy to cover' Limit price=7446.75 Stop price=0 Quantity=7 Type='Limit' Time in force=GTC Oco='d27ba2dd05a14c088c7624dfa790e495' Filled=0 Fill price=0 Error='No error' Native error='',
7/24/2026 7:09:25 AM,Order,Order='28c04594e4f44bd7a414cca8151ad2b5/PA-APEX-422136-07' Name='Target2' New state='Submitted' Instrument='MES SEP26' Action='Buy to cover' Limit price=7446.75 Stop price=0 Quantity=7 Type='Limit' Time in force=GTC Oco='00eeb97a3de8410da85be002d9c677e8' Filled=0 Fill price=0 Error='No error' Native error='',
7/24/2026 7:09:25 AM,Order,Order='e07e7f43de1a4a19a2670a39acdbf849/PA-APEX-422136-08' Name='Stop2' New state='Submitted' Instrument='MES SEP26' Action='Buy to cover' Limit price=0 Stop price=7455.75 Quantity=7 Type='Stop Market' Time in force=GTC Oco='d27ba2dd05a14c088c7624dfa790e495' Filled=0 Fill price=0 Error='No error' Native error='',
7/24/2026 7:09:25 AM,Order,Order='f788d0576d0f463f8772cab35f7f2465/PA-APEX-422136-07' Name='Stop2' New state='Submitted' Instrument='MES SEP26' Action='Buy to cover' Limit price=0 Stop price=7455.75 Quantity=7 Type='Stop Market' Time in force=GTC Oco='00eeb97a3de8410da85be002d9c677e8' Filled=0 Fill price=0 Error='No error' Native error='',
7/24/2026 7:09:25 AM,Order,Order='abc71dd13f40453b9351485f04b2ce64/PA-APEX-422136-08' Name='Target1' New state='Submitted' Instrument='MES SEP26' Action='Buy to cover' Limit price=7447.25 Stop price=0 Quantity=6 Type='Limit' Time in force=GTC Oco='aca8b1b714bc4d72a30dcfbf7b9ee944' Filled=0 Fill price=0 Error='No error' Native error='',
7/24/2026 7:09:25 AM,Order,Order='91effdff988242168a854f36e8e7fa15/PA-APEX-422136-07' Name='Target1' New state='Submitted' Instrument='MES SEP26' Action='Buy to cover' Limit price=7447.25 Stop price=0 Quantity=6 Type='Limit' Time in force=GTC Oco='6e9d1452a8f64f1ba2c863db0aff5098' Filled=0 Fill price=0 Error='No error' Native error='',
7/24/2026 7:09:25 AM,Order,Order='9e829e60d16b4659947e887aaeef5772/PA-APEX-422136-08' Name='Stop1' New state='Submitted' Instrument='MES SEP26' Action='Buy to cover' Limit price=0 Stop price=7455.75 Quantity=6 Type='Stop Market' Time in force=GTC Oco='aca8b1b714bc4d72a30dcfbf7b9ee944' Filled=0 Fill price=0 Error='No error' Native error='',
7/24/2026 7:09:25 AM,Order,Order='b9a47bd5fc054df891417ba27c4c7420/PA-APEX-422136-07' Name='Stop1' New state='Submitted' Instrument='MES SEP26' Action='Buy to cover' Limit price=0 Stop price=7455.75 Quantity=6 Type='Stop Market' Time in force=GTC Oco='6e9d1452a8f64f1ba2c863db0aff5098' Filled=0 Fill price=0 Error='No error' Native error='',
7/24/2026 7:09:25 AM,Order,Order='2836334078/PA-APEX-422136-07' Name='Entry' New state='Filled' Instrument='MES SEP26' Action='Sell' Limit price=7449.75 Stop price=0 Quantity=13 Type='Limit' Time in force=GTC Oco='' Filled=13 Fill price=7449.75 Error='No error' Native error='',
7/24/2026 7:09:24 AM,Execution,Execution='2070280,
7/24/2026 7:09:24 AM,Order,Order='2836332651/PA-APEX-422136-08' Name='Entry' New state='Filled' Instrument='MES SEP26' Action='Sell' Limit price=7449.75 Stop price=0 Quantity=13 Type='Limit' Time in force=GTC Oco='' Filled=13 Fill price=7449.75 Error='No error' Native error='',
7/24/2026 7:09:24 AM,Position,Instrument='MES SEP26' Account='PA-APEX-422136-07' Average price=7449.75 Quantity=13 Market position=Short Operation=Operation_Add,
7/24/2026 7:09:24 AM,Execution,Execution='2074843,
7/24/2026 7:09:24 AM,Position,Instrument='MES SEP26' Account='PA-APEX-422136-08' Average price=7449.75 Quantity=13 Market position=Short Operation=Operation_Add,
7/24/2026 7:09:24 AM,Order,Order='2836334078/PA-APEX-422136-07' Name='Entry' New state='Working' Instrument='MES SEP26' Action='Sell' Limit price=7449.75 Stop price=0 Quantity=13 Type='Limit' Time in force=GTC Oco='' Filled=0 Fill price=0 Error='No error' Native error='',
7/24/2026 7:09:24 AM,Order,Order='2836334078/PA-APEX-422136-07' Name='Entry' New state='Accepted' Instrument='MES SEP26' Action='Sell' Limit price=7449.75 Stop price=0 Quantity=13 Type='Limit' Time in force=GTC Oco='' Filled=0 Fill price=0 Error='No error' Native error='',
7/24/2026 7:09:24 AM,Order,Order='2836332651/PA-APEX-422136-08' Name='Entry' New state='Accepted' Instrument='MES SEP26' Action='Sell' Limit price=7449.75 Stop price=0 Quantity=13 Type='Limit' Time in force=GTC Oco='' Filled=0 Fill price=0 Error='No error' Native error='',
7/24/2026 7:09:24 AM,Order,Order='2836332651/PA-APEX-422136-08' Name='Entry' New state='Working' Instrument='MES SEP26' Action='Sell' Limit price=7449.75 Stop price=0 Quantity=13 Type='Limit' Time in force=GTC Oco='' Filled=0 Fill price=0 Error='No error' Native error='',
7/24/2026 7:09:24 AM,Order,Order='2836334078/PA-APEX-422136-07' Name='Entry' New state='Change submitted' Instrument='MES SEP26' Action='Sell' Limit price=7449.75 Stop price=0 Quantity=13 Type='Limit' Time in force=GTC Oco='' Filled=0 Fill price=0 Error='No error' Native error='',
7/24/2026 7:09:24 AM,Order,Auto chase price modification to '7449.75',
7/24/2026 7:09:24 AM,Order,Order='2836332651/PA-APEX-422136-08' Name='Entry' New state='Change submitted' Instrument='MES SEP26' Action='Sell' Limit price=7449.75 Stop price=0 Quantity=13 Type='Limit' Time in force=GTC Oco='' Filled=0 Fill price=0 Error='No error' Native error='',
7/24/2026 7:09:24 AM,Order,Auto chase price modification to '7449.75',
7/24/2026 7:07:45 AM,Order,Order='2836332651/PA-APEX-422136-08' Name='Entry' New state='Working' Instrument='MES SEP26' Action='Sell' Limit price=7450 Stop price=0 Quantity=13 Type='Limit' Time in force=GTC Oco='' Filled=0 Fill price=0 Error='No error' Native error='',
7/24/2026 7:07:45 AM,Order,Order='2836332651/PA-APEX-422136-08' Name='Entry' New state='Accepted' Instrument='MES SEP26' Action='Sell' Limit price=7450 Stop price=0 Quantity=13 Type='Limit' Time in force=GTC Oco='' Filled=0 Fill price=0 Error='No error' Native error='',
7/24/2026 7:07:45 AM,Order,Order='2836332651/PA-APEX-422136-08' Name='Entry' New state='Change submitted' Instrument='MES SEP26' Action='Sell' Limit price=7450 Stop price=0 Quantity=13 Type='Limit' Time in force=GTC Oco='' Filled=0 Fill price=0 Error='No error' Native error='',
7/24/2026 7:07:44 AM,Order,Order='2836334078/PA-APEX-422136-07' Name='Entry' New state='Accepted' Instrument='MES SEP26' Action='Sell' Limit price=7450 Stop price=0 Quantity=13 Type='Limit' Time in force=GTC Oco='' Filled=0 Fill price=0 Error='No error' Native error='',
7/24/2026 7:07:44 AM,Order,Order='2836334078/PA-APEX-422136-07' Name='Entry' New state='Working' Instrument='MES SEP26' Action='Sell' Limit price=7450 Stop price=0 Quantity=13 Type='Limit' Time in force=GTC Oco='' Filled=0 Fill price=0 Error='No error' Native error='',
7/24/2026 7:07:44 AM,Order,Order='2836334078/PA-APEX-422136-07' Name='Entry' New state='Change submitted' Instrument='MES SEP26' Action='Sell' Limit price=7450 Stop price=0 Quantity=13 Type='Limit' Time in force=GTC Oco='' Filled=0 Fill price=0 Error='No error' Native error='',
7/24/2026 7:07:44 AM,Order,Order='2836332651/PA-APEX-422136-08' Name='Entry' New state='Accepted' Instrument='MES SEP26' Action='Sell' Limit price=7450.25 Stop price=0 Quantity=13 Type='Limit' Time in force=GTC Oco='' Filled=0 Fill price=0 Error='No error' Native error='',
7/24/2026 7:07:44 AM,Order,Order='2836332651/PA-APEX-422136-08' Name='Entry' New state='Working' Instrument='MES SEP26' Action='Sell' Limit price=7450.25 Stop price=0 Quantity=13 Type='Limit' Time in force=GTC Oco='' Filled=0 Fill price=0 Error='No error' Native error='',
7/24/2026 7:07:44 AM,Order,Order='2836332651/PA-APEX-422136-08' Name='Entry' New state='Change submitted' Instrument='MES SEP26' Action='Sell' Limit price=7450.25 Stop price=0 Quantity=13 Type='Limit' Time in force=GTC Oco='' Filled=0 Fill price=0 Error='No error' Native error='',
7/24/2026 7:07:42 AM,Order,Order='2836334078/PA-APEX-422136-07' Name='Entry' New state='Accepted' Instrument='MES SEP26' Action='Sell' Limit price=7450.25 Stop price=0 Quantity=13 Type='Limit' Time in force=GTC Oco='' Filled=0 Fill price=0 Error='No error' Native error='',
7/24/2026 7:07:42 AM,Order,Order='2836334078/PA-APEX-422136-07' Name='Entry' New state='Working' Instrument='MES SEP26' Action='Sell' Limit price=7450.25 Stop price=0 Quantity=13 Type='Limit' Time in force=GTC Oco='' Filled=0 Fill price=0 Error='No error' Native error='',
7/24/2026 7:07:42 AM,Order,Order='2836334078/PA-APEX-422136-07' Name='Entry' New state='Change submitted' Instrument='MES SEP26' Action='Sell' Limit price=7450.25 Stop price=0 Quantity=13 Type='Limit' Time in force=GTC Oco='' Filled=0 Fill price=0 Error='No error' Native error='',
7/24/2026 7:07:42 AM,Order,Order='2836332651/PA-APEX-422136-08' Name='Entry' New state='Accepted' Instrument='MES SEP26' Action='Sell' Limit price=7450.5 Stop price=0 Quantity=13 Type='Limit' Time in force=GTC Oco='' Filled=0 Fill price=0 Error='No error' Native error='',
7/24/2026 7:07:42 AM,Order,Order='2836332651/PA-APEX-422136-08' Name='Entry' New state='Working' Instrument='MES SEP26' Action='Sell' Limit price=7450.5 Stop price=0 Quantity=13 Type='Limit' Time in force=GTC Oco='' Filled=0 Fill price=0 Error='No error' Native error='',
7/24/2026 7:07:42 AM,Order,Order='2836332651/PA-APEX-422136-08' Name='Entry' New state='Change submitted' Instrument='MES SEP26' Action='Sell' Limit price=7450.5 Stop price=0 Quantity=13 Type='Limit' Time in force=GTC Oco='' Filled=0 Fill price=0 Error='No error' Native error='',
7/24/2026 7:07:42 AM,Order,Order='2836334078/PA-APEX-422136-07' Name='Entry' New state='Accepted' Instrument='MES SEP26' Action='Sell' Limit price=7450.5 Stop price=0 Quantity=13 Type='Limit' Time in force=GTC Oco='' Filled=0 Fill price=0 Error='No error' Native error='',
7/24/2026 7:07:42 AM,Order,Order='2836334078/PA-APEX-422136-07' Name='Entry' New state='Working' Instrument='MES SEP26' Action='Sell' Limit price=7450.5 Stop price=0 Quantity=13 Type='Limit' Time in force=GTC Oco='' Filled=0 Fill price=0 Error='No error' Native error='',
7/24/2026 7:07:42 AM,Order,Order='2836334078/PA-APEX-422136-07' Name='Entry' New state='Change submitted' Instrument='MES SEP26' Action='Sell' Limit price=7450.5 Stop price=0 Quantity=13 Type='Limit' Time in force=GTC Oco='' Filled=0 Fill price=0 Error='No error' Native error='',
7/24/2026 7:07:41 AM,Order,Order='2836332651/PA-APEX-422136-08' Name='Entry' New state='Working' Instrument='MES SEP26' Action='Sell' Limit price=7450.75 Stop price=0 Quantity=13 Type='Limit' Time in force=GTC Oco='' Filled=0 Fill price=0 Error='No error' Native error='',
7/24/2026 7:07:41 AM,Order,Order='2836332651/PA-APEX-422136-08' Name='Entry' New state='Accepted' Instrument='MES SEP26' Action='Sell' Limit price=7450.75 Stop price=0 Quantity=13 Type='Limit' Time in force=GTC Oco='' Filled=0 Fill price=0 Error='No error' Native error='',
7/24/2026 7:07:41 AM,Order,Order='2836332651/PA-APEX-422136-08' Name='Entry' New state='Change submitted' Instrument='MES SEP26' Action='Sell' Limit price=7450.75 Stop price=0 Quantity=13 Type='Limit' Time in force=GTC Oco='' Filled=0 Fill price=0 Error='No error' Native error='',
7/24/2026 7:07:41 AM,Order,Order='2836334078/PA-APEX-422136-07' Name='Entry' New state='Accepted' Instrument='MES SEP26' Action='Sell' Limit price=7450.75 Stop price=0 Quantity=13 Type='Limit' Time in force=GTC Oco='' Filled=0 Fill price=0 Error='No error' Native error='',
7/24/2026 7:07:41 AM,Order,Order='2836334078/PA-APEX-422136-07' Name='Entry' New state='Working' Instrument='MES SEP26' Action='Sell' Limit price=7450.75 Stop price=0 Quantity=13 Type='Limit' Time in force=GTC Oco='' Filled=0 Fill price=0 Error='No error' Native error='',
7/24/2026 7:07:41 AM,Order,Order='2836334078/PA-APEX-422136-07' Name='Entry' New state='Change submitted' Instrument='MES SEP26' Action='Sell' Limit price=7450.75 Stop price=0 Quantity=13 Type='Limit' Time in force=GTC Oco='' Filled=0 Fill price=0 Error='No error' Native error='',
7/24/2026 7:07:08 AM,Order,Order='2836332651/PA-APEX-422136-08' Name='Entry' New state='Accepted' Instrument='MES SEP26' Action='Sell' Limit price=7451 Stop price=0 Quantity=13 Type='Limit' Time in force=GTC Oco='' Filled=0 Fill price=0 Error='No error' Native error='',
7/24/2026 7:07:08 AM,Order,Order='2836332651/PA-APEX-422136-08' Name='Entry' New state='Working' Instrument='MES SEP26' Action='Sell' Limit price=7451 Stop price=0 Quantity=13 Type='Limit' Time in force=GTC Oco='' Filled=0 Fill price=0 Error='No error' Native error='',
7/24/2026 7:07:08 AM,Order,Order='2836332651/PA-APEX-422136-08' Name='Entry' New state='Change submitted' Instrument='MES SEP26' Action='Sell' Limit price=7451 Stop price=0 Quantity=13 Type='Limit' Time in force=GTC Oco='' Filled=0 Fill price=0 Error='No error' Native error='',
7/24/2026 7:07:04 AM,Order,Order='2836334078/PA-APEX-422136-07' Name='Entry' New state='Working' Instrument='MES SEP26' Action='Sell' Limit price=7451 Stop price=0 Quantity=13 Type='Limit' Time in force=GTC Oco='' Filled=0 Fill price=0 Error='No error' Native error='',
7/24/2026 7:07:04 AM,Order,Order='2836334078/PA-APEX-422136-07' Name='Entry' New state='Accepted' Instrument='MES SEP26' Action='Sell' Limit price=7451 Stop price=0 Quantity=13 Type='Limit' Time in force=GTC Oco='' Filled=0 Fill price=0 Error='No error' Native error='',
7/24/2026 7:07:04 AM,Order,Order='2836334078/PA-APEX-422136-07' Name='Entry' New state='Change submitted' Instrument='MES SEP26' Action='Sell' Limit price=7451 Stop price=0 Quantity=13 Type='Limit' Time in force=GTC Oco='' Filled=0 Fill price=0 Error='No error' Native error='',
7/24/2026 7:07:04 AM,Order,Order='2836332651/PA-APEX-422136-08' Name='Entry' New state='Accepted' Instrument='MES SEP26' Action='Sell' Limit price=7451.25 Stop price=0 Quantity=13 Type='Limit' Time in force=GTC Oco='' Filled=0 Fill price=0 Error='No error' Native error='',
7/24/2026 7:07:04 AM,Order,Order='2836332651/PA-APEX-422136-08' Name='Entry' New state='Working' Instrument='MES SEP26' Action='Sell' Limit price=7451.25 Stop price=0 Quantity=13 Type='Limit' Time in force=GTC Oco='' Filled=0 Fill price=0 Error='No error' Native error='',
7/24/2026 7:07:04 AM,Order,Order='2836332651/PA-APEX-422136-08' Name='Entry' New state='Change submitted' Instrument='MES SEP26' Action='Sell' Limit price=7451.25 Stop price=0 Quantity=13 Type='Limit' Time in force=GTC Oco='' Filled=0 Fill price=0 Error='No error' Native error='',
7/24/2026 7:07:03 AM,Order,Order='2836334078/PA-APEX-422136-07' Name='Entry' New state='Accepted' Instrument='MES SEP26' Action='Sell' Limit price=7451.25 Stop price=0 Quantity=13 Type='Limit' Time in force=GTC Oco='' Filled=0 Fill price=0 Error='No error' Native error='',
7/24/2026 7:07:03 AM,Order,Order='2836334078/PA-APEX-422136-07' Name='Entry' New state='Working' Instrument='MES SEP26' Action='Sell' Limit price=7451.25 Stop price=0 Quantity=13 Type='Limit' Time in force=GTC Oco='' Filled=0 Fill price=0 Error='No error' Native error='',
7/24/2026 7:07:03 AM,Order,Order='2836334078/PA-APEX-422136-07' Name='Entry' New state='Change submitted' Instrument='MES SEP26' Action='Sell' Limit price=7451.25 Stop price=0 Quantity=13 Type='Limit' Time in force=GTC Oco='' Filled=0 Fill price=0 Error='No error' Native error='',
7/24/2026 7:06:07 AM,Order,Order='2836341628/PA-APEX-422136-07' Name='Entry' New state='Working' Instrument='MES SEP26' Action='Buy' Limit price=7426 Stop price=0 Quantity=13 Type='Limit' Time in force=GTC Oco='' Filled=0 Fill price=0 Error='No error' Native error='',
7/24/2026 7:06:07 AM,Order,Order='2836341628/PA-APEX-422136-07' Name='Entry' New state='Accepted' Instrument='MES SEP26' Action='Buy' Limit price=7426 Stop price=0 Quantity=13 Type='Limit' Time in force=GTC Oco='' Filled=0 Fill price=0 Error='No error' Native error='',
7/24/2026 7:06:07 AM,Order,Order='3730e151462d495f9d0556d392822fa3/PA-APEX-422136-07' Name='Entry' New state='Submitted' Instrument='MES SEP26' Action='Buy' Limit price=7426 Stop price=0 Quantity=13 Type='Limit' Time in force=GTC Oco='' Filled=0 Fill price=0 Error='No error' Native error='',
7/24/2026 7:06:07 AM,Order,Chart Trader submitting order with strategy 'MES MIN SL6 - 4' (Ticks),
7/24/2026 7:06:01 AM,Order,Order='2836340630/PA-APEX-422136-08' Name='Entry' New state='Accepted' Instrument='MES SEP26' Action='Buy' Limit price=7426 Stop price=0 Quantity=13 Type='Limit' Time in force=GTC Oco='' Filled=0 Fill price=0 Error='No error' Native error='',
7/24/2026 7:06:01 AM,Order,Order='2836340630/PA-APEX-422136-08' Name='Entry' New state='Working' Instrument='MES SEP26' Action='Buy' Limit price=7426 Stop price=0 Quantity=13 Type='Limit' Time in force=GTC Oco='' Filled=0 Fill price=0 Error='No error' Native error='',
7/24/2026 7:06:01 AM,Order,Order='d7aa8d32b57e49fca94a667a0f4159a6/PA-APEX-422136-08' Name='Entry' New state='Submitted' Instrument='MES SEP26' Action='Buy' Limit price=7426 Stop price=0 Quantity=13 Type='Limit' Time in force=GTC Oco='' Filled=0 Fill price=0 Error='No error' Native error='',
7/24/2026 7:06:01 AM,Order,Chart Trader submitting order with strategy 'MES MIN SL6 - 3' (Ticks),
7/24/2026 7:05:07 AM,Order,Order='2836334078/PA-APEX-422136-07' Name='Entry' New state='Accepted' Instrument='MES SEP26' Action='Sell' Limit price=7451.5 Stop price=0 Quantity=13 Type='Limit' Time in force=GTC Oco='' Filled=0 Fill price=0 Error='No error' Native error='',
7/24/2026 7:05:07 AM,Order,Order='2836334078/PA-APEX-422136-07' Name='Entry' New state='Working' Instrument='MES SEP26' Action='Sell' Limit price=7451.5 Stop price=0 Quantity=13 Type='Limit' Time in force=GTC Oco='' Filled=0 Fill price=0 Error='No error' Native error='',
7/24/2026 7:05:07 AM,Order,Order='c7248779ef57434d98a33ae36146586b/PA-APEX-422136-07' Name='Entry' New state='Submitted' Instrument='MES SEP26' Action='Sell' Limit price=7451.5 Stop price=0 Quantity=13 Type='Limit' Time in force=GTC Oco='' Filled=0 Fill price=0 Error='No error' Native error='',
7/24/2026 7:05:07 AM,Order,Chart Trader submitting order with strategy 'MES MIN SL6 - 2' (Ticks),
7/24/2026 7:04:56 AM,Order,Order='2836332651/PA-APEX-422136-08' Name='Entry' New state='Accepted' Instrument='MES SEP26' Action='Sell' Limit price=7451.5 Stop price=0 Quantity=13 Type='Limit' Time in force=GTC Oco='' Filled=0 Fill price=0 Error='No error' Native error='',
7/24/2026 7:04:56 AM,Order,Order='2836332651/PA-APEX-422136-08' Name='Entry' New state='Working' Instrument='MES SEP26' Action='Sell' Limit price=7451.5 Stop price=0 Quantity=13 Type='Limit' Time in force=GTC Oco='' Filled=0 Fill price=0 Error='No error' Native error='',
7/24/2026 7:04:56 AM,Order,Order='f4ad801c1f994f11ac535bb2d3a877d8/PA-APEX-422136-08' Name='Entry' New state='Submitted' Instrument='MES SEP26' Action='Sell' Limit price=7451.5 Stop price=0 Quantity=13 Type='Limit' Time in force=GTC Oco='' Filled=0 Fill price=0 Error='No error' Native error='',
7/24/2026 7:04:56 AM,Order,Chart Trader submitting order with strategy 'MES MIN SL6 - 1' (Ticks),
7/24/2026 7:04:13 AM,Order,Order='2836322829/PA-APEX-422136-07' Name='Entry' New state='Cancelled' Instrument='MES SEP26' Action='Sell' Limit price=7447 Stop price=0 Quantity=13 Type='Limit' Time in force=GTC Oco='' Filled=0 Fill price=0 Error='No error' Native error='',
7/24/2026 7:04:13 AM,Order,Order='2836322829/PA-APEX-422136-07' Name='Entry' New state='Cancel submitted' Instrument='MES SEP26' Action='Sell' Limit price=7447 Stop price=0 Quantity=13 Type='Limit' Time in force=GTC Oco='' Filled=0 Fill price=0 Error='No error' Native error='',
7/24/2026 7:04:12 AM,Order,Order='2836323616/PA-APEX-422136-08' Name='Entry' New state='Cancelled' Instrument='MES SEP26' Action='Sell' Limit price=7447 Stop price=0 Quantity=13 Type='Limit' Time in force=GTC Oco='' Filled=0 Fill price=0 Error='No error' Native error='',
7/24/2026 7:04:12 AM,Order,Order='2836323616/PA-APEX-422136-08' Name='Entry' New state='Cancel submitted' Instrument='MES SEP26' Action='Sell' Limit price=7447 Stop price=0 Quantity=13 Type='Limit' Time in force=GTC Oco='' Filled=0 Fill price=0 Error='No error' Native error='',
7/24/2026 7:04:01 AM,Order,Order='2836322829/PA-APEX-422136-07' Name='Entry' New state='Working' Instrument='MES SEP26' Action='Sell' Limit price=7447 Stop price=0 Quantity=13 Type='Limit' Time in force=GTC Oco='' Filled=0 Fill price=0 Error='No error' Native error='',
7/24/2026 7:04:01 AM,Order,Order='2836322829/PA-APEX-422136-07' Name='Entry' New state='Accepted' Instrument='MES SEP26' Action='Sell' Limit price=7447 Stop price=0 Quantity=13 Type='Limit' Time in force=GTC Oco='' Filled=0 Fill price=0 Error='No error' Native error='',
7/24/2026 7:04:01 AM,Order,Order='2836322829/PA-APEX-422136-07' Name='Entry' New state='Change submitted' Instrument='MES SEP26' Action='Sell' Limit price=7447 Stop price=0 Quantity=13 Type='Limit' Time in force=GTC Oco='' Filled=0 Fill price=0 Error='No error' Native error='',
7/24/2026 7:03:59 AM,Order,Order='2836323616/PA-APEX-422136-08' Name='Entry' New state='Accepted' Instrument='MES SEP26' Action='Sell' Limit price=7447 Stop price=0 Quantity=13 Type='Limit' Time in force=GTC Oco='' Filled=0 Fill price=0 Error='No error' Native error='',
7/24/2026 7:03:59 AM,Order,Order='2836323616/PA-APEX-422136-08' Name='Entry' New state='Working' Instrument='MES SEP26' Action='Sell' Limit price=7447 Stop price=0 Quantity=13 Type='Limit' Time in force=GTC Oco='' Filled=0 Fill price=0 Error='No error' Native error='',
7/24/2026 7:03:59 AM,Order,Order='8a8bfc58748f4cca9fab2ed34f7055cd/PA-APEX-422136-08' Name='Entry' New state='Submitted' Instrument='MES SEP26' Action='Sell' Limit price=7447 Stop price=0 Quantity=13 Type='Limit' Time in force=GTC Oco='' Filled=0 Fill price=0 Error='No error' Native error='',
7/24/2026 7:03:59 AM,Order,Chart Trader submitting order with strategy 'MES MIN SL6 - 2' (Ticks),
7/24/2026 7:03:53 AM,Order,Order='2836322829/PA-APEX-422136-07' Name='Entry' New state='Working' Instrument='MES SEP26' Action='Sell' Limit price=7447.25 Stop price=0 Quantity=13 Type='Limit' Time in force=GTC Oco='' Filled=0 Fill price=0 Error='No error' Native error='',
7/24/2026 7:03:53 AM,Order,Order='2836322829/PA-APEX-422136-07' Name='Entry' New state='Accepted' Instrument='MES SEP26' Action='Sell' Limit price=7447.25 Stop price=0 Quantity=13 Type='Limit' Time in force=GTC Oco='' Filled=0 Fill price=0 Error='No error' Native error='',
7/24/2026 7:03:53 AM,Order,Order='e64245a354064172a2718bd27b7ab7ae/PA-APEX-422136-07' Name='Entry' New state='Submitted' Instrument='MES SEP26' Action='Sell' Limit price=7447.25 Stop price=0 Quantity=13 Type='Limit' Time in force=GTC Oco='' Filled=0 Fill price=0 Error='No error' Native error='',
7/24/2026 7:03:53 AM,Order,Chart Trader submitting order with strategy 'MES MIN SL6 - 1' (Ticks),
7/24/2026 7:03:43 AM,Order,Order='2836307532/PA-APEX-422136-07' Name='Entry' New state='Cancelled' Instrument='MES SEP26' Action='Buy' Limit price=7411 Stop price=0 Quantity=13 Type='Limit' Time in force=GTC Oco='' Filled=0 Fill price=0 Error='No error' Native error='',
7/24/2026 7:03:43 AM,Order,Order='2836300718/PA-APEX-422136-07' Name='Entry' New state='Cancelled' Instrument='MES SEP26' Action='Sell' Limit price=7455 Stop price=0 Quantity=13 Type='Limit' Time in force=GTC Oco='' Filled=0 Fill price=0 Error='No error' Native error='',
7/24/2026 7:03:43 AM,Order,Order='2836312187/PA-APEX-422136-08' Name='Entry' New state='Cancelled' Instrument='MES SEP26' Action='Sell' Limit price=7449 Stop price=0 Quantity=13 Type='Limit' Time in force=GTC Oco='' Filled=0 Fill price=0 Error='No error' Native error='',
7/24/2026 7:03:43 AM,Order,Order='2836305017/PA-APEX-422136-08' Name='Entry' New state='Cancelled' Instrument='MES SEP26' Action='Buy' Limit price=7411 Stop price=0 Quantity=13 Type='Limit' Time in force=GTC Oco='' Filled=0 Fill price=0 Error='No error' Native error='',
7/24/2026 7:03:43 AM,Order,Order='2836300139/PA-APEX-422136-08' Name='Entry' New state='Cancelled' Instrument='MES SEP26' Action='Sell' Limit price=7455 Stop price=0 Quantity=13 Type='Limit' Time in force=GTC Oco='' Filled=0 Fill price=0 Error='No error' Native error='',
7/24/2026 7:03:43 AM,Order,Order='2836312187/PA-APEX-422136-08' Name='Entry' New state='Cancel submitted' Instrument='MES SEP26' Action='Sell' Limit price=7449 Stop price=0 Quantity=13 Type='Limit' Time in force=GTC Oco='' Filled=0 Fill price=0 Error='No error' Native error='',
7/24/2026 7:03:43 AM,Order,Order='2836305017/PA-APEX-422136-08' Name='Entry' New state='Cancel submitted' Instrument='MES SEP26' Action='Buy' Limit price=7411 Stop price=0 Quantity=13 Type='Limit' Time in force=GTC Oco='' Filled=0 Fill price=0 Error='No error' Native error='',
7/24/2026 7:03:43 AM,Order,Order='2836307532/PA-APEX-422136-07' Name='Entry' New state='Cancel submitted' Instrument='MES SEP26' Action='Buy' Limit price=7411 Stop price=0 Quantity=13 Type='Limit' Time in force=GTC Oco='' Filled=0 Fill price=0 Error='No error' Native error='',
7/24/2026 7:03:43 AM,Order,Order='2836300718/PA-APEX-422136-07' Name='Entry' New state='Cancel submitted' Instrument='MES SEP26' Action='Sell' Limit price=7455 Stop price=0 Quantity=13 Type='Limit' Time in force=GTC Oco='' Filled=0 Fill price=0 Error='No error' Native error='',
7/24/2026 7:03:43 AM,Default,Cancel all orders account='PA-APEX-422136-04',
7/24/2026 7:03:43 AM,Default,Cancel all orders account='PA-APEX-422136-05',
7/24/2026 7:03:43 AM,Default,Cancel all orders account='PA-APEX-422136-06',
7/24/2026 7:03:43 AM,Order,Order='2836300139/PA-APEX-422136-08' Name='Entry' New state='Cancel submitted' Instrument='MES SEP26' Action='Sell' Limit price=7455 Stop price=0 Quantity=13 Type='Limit' Time in force=GTC Oco='' Filled=0 Fill price=0 Error='No error' Native error='',
7/24/2026 7:03:43 AM,Default,Cancel all orders account='PA-APEX-422136-01',
7/24/2026 7:03:43 AM,Default,Cancel all orders account='PA-APEX-422136-03',
7/24/2026 7:03:43 AM,Default,Cancel all orders account='PA-APEX-422136-07',
7/24/2026 7:03:43 AM,Default,Cancel all orders account='Sim102',
7/24/2026 7:03:43 AM,Default,Cancel all orders account='PA-APEX-422136-09',
7/24/2026 7:03:43 AM,Default,Cancel all orders account='PA-APEX-422136-08',
7/24/2026 7:03:43 AM,Default,Cancel all orders account='Sim101',
7/24/2026 7:02:58 AM,Order,Order='2836312187/PA-APEX-422136-08' Name='Entry' New state='Accepted' Instrument='MES SEP26' Action='Sell' Limit price=7449 Stop price=0 Quantity=13 Type='Limit' Time in force=GTC Oco='' Filled=0 Fill price=0 Error='No error' Native error='',
7/24/2026 7:02:58 AM,Order,Order='2836312187/PA-APEX-422136-08' Name='Entry' New state='Working' Instrument='MES SEP26' Action='Sell' Limit price=7449 Stop price=0 Quantity=13 Type='Limit' Time in force=GTC Oco='' Filled=0 Fill price=0 Error='No error' Native error='',
7/24/2026 7:02:58 AM,Order,Order='4794a98c9b0e48398ebeaf237ed0f746/PA-APEX-422136-08' Name='Entry' New state='Submitted' Instrument='MES SEP26' Action='Sell' Limit price=7449 Stop price=0 Quantity=13 Type='Limit' Time in force=GTC Oco='' Filled=0 Fill price=0 Error='No error' Native error='',
7/24/2026 7:02:58 AM,Order,Chart Trader submitting order with strategy 'MES MIN SL6 - 5' (Ticks),
7/24/2026 7:02:27 AM,Order,Order='2836307532/PA-APEX-422136-07' Name='Entry' New state='Accepted' Instrument='MES SEP26' Action='Buy' Limit price=7411 Stop price=0 Quantity=13 Type='Limit' Time in force=GTC Oco='' Filled=0 Fill price=0 Error='No error' Native error='',
7/24/2026 7:02:27 AM,Order,Order='2836307532/PA-APEX-422136-07' Name='Entry' New state='Working' Instrument='MES SEP26' Action='Buy' Limit price=7411 Stop price=0 Quantity=13 Type='Limit' Time in force=GTC Oco='' Filled=0 Fill price=0 Error='No error' Native error='',
7/24/2026 7:02:27 AM,Order,Order='dac3fbb2c19c492992f80a07332a9fb5/PA-APEX-422136-07' Name='Entry' New state='Submitted' Instrument='MES SEP26' Action='Buy' Limit price=7411 Stop price=0 Quantity=13 Type='Limit' Time in force=GTC Oco='' Filled=0 Fill price=0 Error='No error' Native error='',
7/24/2026 7:02:27 AM,Order,Chart Trader submitting order with strategy 'MES MIN SL6 - 4' (Ticks),
7/24/2026 7:02:13 AM,Order,Order='2836305017/PA-APEX-422136-08' Name='Entry' New state='Working' Instrument='MES SEP26' Action='Buy' Limit price=7411 Stop price=0 Quantity=13 Type='Limit' Time in force=GTC Oco='' Filled=0 Fill price=0 Error='No error' Native error='',
7/24/2026 7:02:13 AM,Order,Order='2836305017/PA-APEX-422136-08' Name='Entry' New state='Accepted' Instrument='MES SEP26' Action='Buy' Limit price=7411 Stop price=0 Quantity=13 Type='Limit' Time in force=GTC Oco='' Filled=0 Fill price=0 Error='No error' Native error='',
7/24/2026 7:02:13 AM,Order,Order='d83b6cf638274320b5d5747bd8751a1d/PA-APEX-422136-08' Name='Entry' New state='Submitted' Instrument='MES SEP26' Action='Buy' Limit price=7411 Stop price=0 Quantity=13 Type='Limit' Time in force=GTC Oco='' Filled=0 Fill price=0 Error='No error' Native error='',
7/24/2026 7:02:13 AM,Order,Chart Trader submitting order with strategy 'MES MIN SL6 - 3' (Ticks),
7/24/2026 7:01:50 AM,Order,Order='2836300718/PA-APEX-422136-07' Name='Entry' New state='Working' Instrument='MES SEP26' Action='Sell' Limit price=7455 Stop price=0 Quantity=13 Type='Limit' Time in force=GTC Oco='' Filled=0 Fill price=0 Error='No error' Native error='',
7/24/2026 7:01:50 AM,Order,Order='2836300718/PA-APEX-422136-07' Name='Entry' New state='Accepted' Instrument='MES SEP26' Action='Sell' Limit price=7455 Stop price=0 Quantity=13 Type='Limit' Time in force=GTC Oco='' Filled=0 Fill price=0 Error='No error' Native error='',
7/24/2026 7:01:50 AM,Order,Order='3907fcb8ccfc460499b149696d3a1317/PA-APEX-422136-07' Name='Entry' New state='Submitted' Instrument='MES SEP26' Action='Sell' Limit price=7455 Stop price=0 Quantity=13 Type='Limit' Time in force=GTC Oco='' Filled=0 Fill price=0 Error='No error' Native error='',
7/24/2026 7:01:50 AM,Order,Chart Trader submitting order with strategy 'MES MIN SL6 - 2' (Ticks),
7/24/2026 7:01:44 AM,Order,Order='2836300139/PA-APEX-422136-08' Name='Entry' New state='Working' Instrument='MES SEP26' Action='Sell' Limit price=7455 Stop price=0 Quantity=13 Type='Limit' Time in force=GTC Oco='' Filled=0 Fill price=0 Error='No error' Native error='',
7/24/2026 7:01:44 AM,Order,Order='2836300139/PA-APEX-422136-08' Name='Entry' New state='Accepted' Instrument='MES SEP26' Action='Sell' Limit price=7455 Stop price=0 Quantity=13 Type='Limit' Time in force=GTC Oco='' Filled=0 Fill price=0 Error='No error' Native error='',
7/24/2026 7:01:44 AM,Order,Order='bd97868399c74003b71ec124ea7d73ba/PA-APEX-422136-08' Name='Entry' New state='Submitted' Instrument='MES SEP26' Action='Sell' Limit price=7455 Stop price=0 Quantity=13 Type='Limit' Time in force=GTC Oco='' Filled=0 Fill price=0 Error='No error' Native error='',
7/24/2026 7:01:44 AM,Order,Chart Trader submitting order with strategy 'MES MIN SL6 - 1' (Ticks),
7/24/2026 6:54:36 AM,Order,Order='2836178229/PA-APEX-422136-07' Name='Entry' New state='Cancelled' Instrument='MES SEP26' Action='Buy' Limit price=7433 Stop price=0 Quantity=20 Type='Limit' Time in force=GTC Oco='' Filled=0 Fill price=0 Error='No error' Native error='',
7/24/2026 6:54:36 AM,Order,Order='2836178229/PA-APEX-422136-07' Name='Entry' New state='Cancel submitted' Instrument='MES SEP26' Action='Buy' Limit price=7433 Stop price=0 Quantity=20 Type='Limit' Time in force=GTC Oco='' Filled=0 Fill price=0 Error='No error' Native error='',
7/24/2026 6:54:34 AM,Order,Order='2836176079/PA-APEX-422136-08' Name='Entry' New state='Cancelled' Instrument='MES SEP26' Action='Buy' Limit price=7433 Stop price=0 Quantity=20 Type='Limit' Time in force=GTC Oco='' Filled=0 Fill price=0 Error='No error' Native error='',
7/24/2026 6:54:34 AM,Order,Order='2836176079/PA-APEX-422136-08' Name='Entry' New state='Cancel submitted' Instrument='MES SEP26' Action='Buy' Limit price=7433 Stop price=0 Quantity=20 Type='Limit' Time in force=GTC Oco='' Filled=0 Fill price=0 Error='No error' Native error='',
7/24/2026 6:48:10 AM,Order,Order='2836180942/PA-APEX-422136-07' Name='Stop1' New state='Cancelled' Instrument='MES SEP26' Action='Buy to cover' Limit price=0 Stop price=7460 Quantity=20 Type='Stop Market' Time in force=GTC Oco='a21faca3bf124f8db426cfad301405dd' Filled=0 Fill price=0 Error='No error' Native error='',
7/24/2026 6:48:10 AM,Execution,Execution='2050791,
7/24/2026 6:48:10 AM,Order,Order='2836180942/PA-APEX-422136-07' Name='Stop1' New state='Cancel submitted' Instrument='MES SEP26' Action='Buy to cover' Limit price=0 Stop price=7460 Quantity=20 Type='Stop Market' Time in force=GTC Oco='a21faca3bf124f8db426cfad301405dd' Filled=0 Fill price=0 Error='No error' Native error='',
7/24/2026 6:48:10 AM,Order,Order='2836180950/PA-APEX-422136-07' Name='Target1' New state='Filled' Instrument='MES SEP26' Action='Buy to cover' Limit price=7454 Stop price=0 Quantity=20 Type='Limit' Time in force=GTC Oco='a21faca3bf124f8db426cfad301405dd' Filled=20 Fill price=7454 Error='No error' Native error='',
7/24/2026 6:48:10 AM,Position,Instrument='MES SEP26' Account='PA-APEX-422136-07' Average price=7456 Quantity=20 Market position=Flat Operation=Remove,
7/24/2026 6:48:10 AM,Order,Order='2836180950/PA-APEX-422136-07' Name='Target1' New state='Accepted' Instrument='MES SEP26' Action='Buy to cover' Limit price=7454 Stop price=0 Quantity=20 Type='Limit' Time in force=GTC Oco='a21faca3bf124f8db426cfad301405dd' Filled=0 Fill price=0 Error='No error' Native error='',
7/24/2026 6:48:10 AM,Order,Order='2836180950/PA-APEX-422136-07' Name='Target1' New state='Working' Instrument='MES SEP26' Action='Buy to cover' Limit price=7454 Stop price=0 Quantity=20 Type='Limit' Time in force=GTC Oco='a21faca3bf124f8db426cfad301405dd' Filled=0 Fill price=0 Error='No error' Native error='',
7/24/2026 6:48:10 AM,Order,Order='2836180942/PA-APEX-422136-07' Name='Stop1' New state='Accepted' Instrument='MES SEP26' Action='Buy to cover' Limit price=0 Stop price=7460 Quantity=20 Type='Stop Market' Time in force=GTC Oco='a21faca3bf124f8db426cfad301405dd' Filled=0 Fill price=0 Error='No error' Native error='',
7/24/2026 6:48:10 AM,Order,Order='ff978bb3155547f38fa03fb339291824/PA-APEX-422136-07' Name='Target1' New state='Submitted' Instrument='MES SEP26' Action='Buy to cover' Limit price=7454 Stop price=0 Quantity=20 Type='Limit' Time in force=GTC Oco='a21faca3bf124f8db426cfad301405dd' Filled=0 Fill price=0 Error='No error' Native error='',
7/24/2026 6:48:10 AM,Execution,Execution='2048352,
7/24/2026 6:48:10 AM,Order,Order='e6b5da61c8a54fa1bc80570efa4272dc/PA-APEX-422136-07' Name='Stop1' New state='Submitted' Instrument='MES SEP26' Action='Buy to cover' Limit price=0 Stop price=7460 Quantity=20 Type='Stop Market' Time in force=GTC Oco='a21faca3bf124f8db426cfad301405dd' Filled=0 Fill price=0 Error='No error' Native error='',
7/24/2026 6:48:10 AM,Execution,Execution='2048351,
7/24/2026 6:48:10 AM,Execution,Execution='2048350,
7/24/2026 6:48:10 AM,Execution,Execution='2048349,
7/24/2026 6:48:10 AM,Execution,Execution='2048348,
7/24/2026 6:48:10 AM,Execution,Execution='2048346,
7/24/2026 6:48:10 AM,Execution,Execution='2048347,
7/24/2026 6:48:10 AM,Execution,Execution='2048345,
7/24/2026 6:48:09 AM,Execution,Execution='2048343,
7/24/2026 6:48:09 AM,Execution,Execution='2048344,
7/24/2026 6:48:09 AM,Execution,Execution='2048342,
7/24/2026 6:48:09 AM,Execution,Execution='2048341,
7/24/2026 6:48:09 AM,Position,Instrument='MES SEP26' Account='PA-APEX-422136-07' Average price=7456 Quantity=20 Market position=Short Operation=Update,
7/24/2026 6:48:09 AM,Position,Instrument='MES SEP26' Account='PA-APEX-422136-07' Average price=7456 Quantity=18 Market position=Short Operation=Update,
7/24/2026 6:48:09 AM,Position,Instrument='MES SEP26' Account='PA-APEX-422136-07' Average price=7456 Quantity=19 Market position=Short Operation=Update,
7/24/2026 6:48:09 AM,Position,Instrument='MES SEP26' Account='PA-APEX-422136-07' Average price=7456 Quantity=15 Market position=Short Operation=Update,
7/24/2026 6:48:09 AM,Position,Instrument='MES SEP26' Account='PA-APEX-422136-07' Average price=7456 Quantity=16 Market position=Short Operation=Update,
7/24/2026 6:48:09 AM,Position,Instrument='MES SEP26' Account='PA-APEX-422136-07' Average price=7456 Quantity=17 Market position=Short Operation=Update,
7/24/2026 6:48:09 AM,Position,Instrument='MES SEP26' Account='PA-APEX-422136-07' Average price=7456 Quantity=4 Market position=Short Operation=Update,
7/24/2026 6:48:09 AM,Position,Instrument='MES SEP26' Account='PA-APEX-422136-07' Average price=7456 Quantity=3 Market position=Short Operation=Update,
7/24/2026 6:48:09 AM,Position,Instrument='MES SEP26' Account='PA-APEX-422136-07' Average price=7456 Quantity=14 Market position=Short Operation=Update,
7/24/2026 6:48:09 AM,Position,Instrument='MES SEP26' Account='PA-APEX-422136-07' Average price=7456 Quantity=9 Market position=Short Operation=Update,
7/24/2026 6:48:09 AM,Position,Instrument='MES SEP26' Account='PA-APEX-422136-07' Average price=7456 Quantity=2 Market position=Short Operation=Update,
7/24/2026 6:48:09 AM,Order,Order='2836180235/PA-APEX-422136-07' Name='Entry' New state='Filled' Instrument='MES SEP26' Action='Sell' Limit price=7456 Stop price=0 Quantity=20 Type='Limit' Time in force=GTC Oco='' Filled=20 Fill price=7456 Error='No error' Native error='',
7/24/2026 6:48:09 AM,Order,Order='2836180235/PA-APEX-422136-07' Name='Entry' New state='Partially filled' Instrument='MES SEP26' Action='Sell' Limit price=7456 Stop price=0 Quantity=20 Type='Limit' Time in force=GTC Oco='' Filled=19 Fill price=7456 Error='No error' Native error='',
7/24/2026 6:48:09 AM,Order,Order='2836180235/PA-APEX-422136-07' Name='Entry' New state='Partially filled' Instrument='MES SEP26' Action='Sell' Limit price=7456 Stop price=0 Quantity=20 Type='Limit' Time in force=GTC Oco='' Filled=18 Fill price=7456 Error='No error' Native error='',
7/24/2026 6:48:09 AM,Order,Order='2836180235/PA-APEX-422136-07' Name='Entry' New state='Partially filled' Instrument='MES SEP26' Action='Sell' Limit price=7456 Stop price=0 Quantity=20 Type='Limit' Time in force=GTC Oco='' Filled=17 Fill price=7456 Error='No error' Native error='',
7/24/2026 6:48:09 AM,Order,Order='2836180235/PA-APEX-422136-07' Name='Entry' New state='Partially filled' Instrument='MES SEP26' Action='Sell' Limit price=7456 Stop price=0 Quantity=20 Type='Limit' Time in force=GTC Oco='' Filled=16 Fill price=7456 Error='No error' Native error='',
7/24/2026 6:48:09 AM,Order,Order='2836180235/PA-APEX-422136-07' Name='Entry' New state='Partially filled' Instrument='MES SEP26' Action='Sell' Limit price=7456 Stop price=0 Quantity=20 Type='Limit' Time in force=GTC Oco='' Filled=15 Fill price=7456 Error='No error' Native error='',
7/24/2026 6:48:09 AM,Order,Order='2836180235/PA-APEX-422136-07' Name='Entry' New state='Partially filled' Instrument='MES SEP26' Action='Sell' Limit price=7456 Stop price=0 Quantity=20 Type='Limit' Time in force=GTC Oco='' Filled=14 Fill price=7456 Error='No error' Native error='',
7/24/2026 6:48:09 AM,Order,Order='2836180235/PA-APEX-422136-07' Name='Entry' New state='Partially filled' Instrument='MES SEP26' Action='Sell' Limit price=7456 Stop price=0 Quantity=20 Type='Limit' Time in force=GTC Oco='' Filled=9 Fill price=7456 Error='No error' Native error='',
7/24/2026 6:48:09 AM,Order,Order='2836180235/PA-APEX-422136-07' Name='Entry' New state='Partially filled' Instrument='MES SEP26' Action='Sell' Limit price=7456 Stop price=0 Quantity=20 Type='Limit' Time in force=GTC Oco='' Filled=4 Fill price=7456 Error='No error' Native error='',
7/24/2026 6:48:09 AM,Order,Order='2836180235/PA-APEX-422136-07' Name='Entry' New state='Partially filled' Instrument='MES SEP26' Action='Sell' Limit price=7456 Stop price=0 Quantity=20 Type='Limit' Time in force=GTC Oco='' Filled=3 Fill price=7456 Error='No error' Native error='',
7/24/2026 6:48:09 AM,Order,Order='2836180235/PA-APEX-422136-07' Name='Entry' New state='Partially filled' Instrument='MES SEP26' Action='Sell' Limit price=7456 Stop price=0 Quantity=20 Type='Limit' Time in force=GTC Oco='' Filled=2 Fill price=7456 Error='No error' Native error='',
7/24/2026 6:48:09 AM,Position,Instrument='MES SEP26' Account='PA-APEX-422136-07' Average price=7456 Quantity=1 Market position=Short Operation=Operation_Add,
7/24/2026 6:48:09 AM,Order,Order='2836180235/PA-APEX-422136-07' Name='Entry' New state='Partially filled' Instrument='MES SEP26' Action='Sell' Limit price=7456 Stop price=0 Quantity=20 Type='Limit' Time in force=GTC Oco='' Filled=1 Fill price=7456 Error='No error' Native error='',
7/24/2026 6:48:07 AM,Order,Order='2836180235/PA-APEX-422136-07' Name='Entry' New state='Accepted' Instrument='MES SEP26' Action='Sell' Limit price=7456 Stop price=0 Quantity=20 Type='Limit' Time in force=GTC Oco='' Filled=0 Fill price=0 Error='No error' Native error='',
7/24/2026 6:48:07 AM,Order,Order='2836180235/PA-APEX-422136-07' Name='Entry' New state='Working' Instrument='MES SEP26' Action='Sell' Limit price=7456 Stop price=0 Quantity=20 Type='Limit' Time in force=GTC Oco='' Filled=0 Fill price=0 Error='No error' Native error='',
7/24/2026 6:48:07 AM,Order,Order='6309d00278ef4dfaaa6e0c1f80f93dec/PA-APEX-422136-07' Name='Entry' New state='Submitted' Instrument='MES SEP26' Action='Sell' Limit price=7456 Stop price=0 Quantity=20 Type='Limit' Time in force=GTC Oco='' Filled=0 Fill price=0 Error='No error' Native error='',
7/24/2026 6:48:07 AM,Order,Chart Trader submitting order with strategy 'MES MIN SL4 - 5' (Ticks),
7/24/2026 6:47:59 AM,Order,Order='2836174033/PA-APEX-422136-08' Name='Entry' New state='Cancelled' Instrument='MES SEP26' Action='Sell' Limit price=7456 Stop price=0 Quantity=20 Type='Limit' Time in force=GTC Oco='' Filled=0 Fill price=0 Error='No error' Native error='',
7/24/2026 6:47:59 AM,Order,Order='2836174033/PA-APEX-422136-08' Name='Entry' New state='Cancel submitted' Instrument='MES SEP26' Action='Sell' Limit price=7456 Stop price=0 Quantity=20 Type='Limit' Time in force=GTC Oco='' Filled=0 Fill price=0 Error='No error' Native error='',
7/24/2026 6:47:58 AM,Order,Order='2836177010/PA-APEX-422136-07' Name='Entry' New state='Cancelled' Instrument='MES SEP26' Action='Sell' Limit price=7456 Stop price=0 Quantity=20 Type='Limit' Time in force=GTC Oco='' Filled=0 Fill price=0 Error='No error' Native error='',
7/24/2026 6:47:58 AM,Order,Order='2836177010/PA-APEX-422136-07' Name='Entry' New state='Cancel submitted' Instrument='MES SEP26' Action='Sell' Limit price=7456 Stop price=0 Quantity=20 Type='Limit' Time in force=GTC Oco='' Filled=0 Fill price=0 Error='No error' Native error='',
7/24/2026 6:47:43 AM,Order,Order='2836178229/PA-APEX-422136-07' Name='Entry' New state='Working' Instrument='MES SEP26' Action='Buy' Limit price=7433 Stop price=0 Quantity=20 Type='Limit' Time in force=GTC Oco='' Filled=0 Fill price=0 Error='No error' Native error='',
7/24/2026 6:47:43 AM,Order,Order='2836178229/PA-APEX-422136-07' Name='Entry' New state='Accepted' Instrument='MES SEP26' Action='Buy' Limit price=7433 Stop price=0 Quantity=20 Type='Limit' Time in force=GTC Oco='' Filled=0 Fill price=0 Error='No error' Native error='',
7/24/2026 6:47:43 AM,Order,Order='332c17cc737d4f1eabba4d9408cc505a/PA-APEX-422136-07' Name='Entry' New state='Submitted' Instrument='MES SEP26' Action='Buy' Limit price=7433 Stop price=0 Quantity=20 Type='Limit' Time in force=GTC Oco='' Filled=0 Fill price=0 Error='No error' Native error='',
7/24/2026 6:47:43 AM,Order,Chart Trader submitting order with strategy 'MES MIN SL4 - 4' (Ticks),
7/24/2026 6:47:30 AM,Order,Order='2836177010/PA-APEX-422136-07' Name='Entry' New state='Accepted' Instrument='MES SEP26' Action='Sell' Limit price=7456 Stop price=0 Quantity=20 Type='Limit' Time in force=GTC Oco='' Filled=0 Fill price=0 Error='No error' Native error='',
7/24/2026 6:47:30 AM,Order,Order='2836177010/PA-APEX-422136-07' Name='Entry' New state='Working' Instrument='MES SEP26' Action='Sell' Limit price=7456 Stop price=0 Quantity=20 Type='Limit' Time in force=GTC Oco='' Filled=0 Fill price=0 Error='No error' Native error='',
7/24/2026 6:47:30 AM,Order,Order='0cba8879e4fe486db46dcb155714c07a/PA-APEX-422136-07' Name='Entry' New state='Submitted' Instrument='MES SEP26' Action='Sell' Limit price=7456 Stop price=0 Quantity=20 Type='Limit' Time in force=GTC Oco='' Filled=0 Fill price=0 Error='No error' Native error='',
7/24/2026 6:47:30 AM,Order,Chart Trader submitting order with strategy 'MES MIN SL4 - 3' (Ticks),
7/24/2026 6:47:22 AM,Order,Order='2836176079/PA-APEX-422136-08' Name='Entry' New state='Accepted' Instrument='MES SEP26' Action='Buy' Limit price=7433 Stop price=0 Quantity=20 Type='Limit' Time in force=GTC Oco='' Filled=0 Fill price=0 Error='No error' Native error='',
7/24/2026 6:47:22 AM,Order,Order='2836176079/PA-APEX-422136-08' Name='Entry' New state='Working' Instrument='MES SEP26' Action='Buy' Limit price=7433 Stop price=0 Quantity=20 Type='Limit' Time in force=GTC Oco='' Filled=0 Fill price=0 Error='No error' Native error='',
7/24/2026 6:47:22 AM,Order,Order='3eb6a17d4a8e4d17baf2f58533f088b2/PA-APEX-422136-08' Name='Entry' New state='Submitted' Instrument='MES SEP26' Action='Buy' Limit price=7433 Stop price=0 Quantity=20 Type='Limit' Time in force=GTC Oco='' Filled=0 Fill price=0 Error='No error' Native error='',
7/24/2026 6:47:22 AM,Order,Chart Trader submitting order with strategy 'MES MIN SL4 - 2' (Ticks),
7/24/2026 6:47:08 AM,Order,Order='2836174033/PA-APEX-422136-08' Name='Entry' New state='Accepted' Instrument='MES SEP26' Action='Sell' Limit price=7456 Stop price=0 Quantity=20 Type='Limit' Time in force=GTC Oco='' Filled=0 Fill price=0 Error='No error' Native error='',
7/24/2026 6:47:08 AM,Order,Order='2836174033/PA-APEX-422136-08' Name='Entry' New state='Working' Instrument='MES SEP26' Action='Sell' Limit price=7456 Stop price=0 Quantity=20 Type='Limit' Time in force=GTC Oco='' Filled=0 Fill price=0 Error='No error' Native error='',
7/24/2026 6:47:08 AM,Order,Order='c29f3c3bbaf9440aa348f05030cb401f/PA-APEX-422136-08' Name='Entry' New state='Submitted' Instrument='MES SEP26' Action='Sell' Limit price=7456 Stop price=0 Quantity=20 Type='Limit' Time in force=GTC Oco='' Filled=0 Fill price=0 Error='No error' Native error='',
7/24/2026 6:47:08 AM,Order,Chart Trader submitting order with strategy 'MES MIN SL4 - 1' (Ticks),
7/24/2026 6:42:40 AM,Order,Order='2836043195/PA-APEX-422136-08' Name='Entry' New state='Cancelled' Instrument='MES SEP26' Action='Buy' Limit price=7442.5 Stop price=0 Quantity=20 Type='Limit' Time in force=GTC Oco='' Filled=0 Fill price=0 Error='No error' Native error='',
7/24/2026 6:42:40 AM,Order,Order='2836043195/PA-APEX-422136-08' Name='Entry' New state='Cancel submitted' Instrument='MES SEP26' Action='Buy' Limit price=7442.5 Stop price=0 Quantity=20 Type='Limit' Time in force=GTC Oco='' Filled=0 Fill price=0 Error='No error' Native error='',
7/24/2026 6:42:40 AM,Order,Order='2836043967/PA-APEX-422136-07' Name='Entry' New state='Cancelled' Instrument='MES SEP26' Action='Buy' Limit price=7442.5 Stop price=0 Quantity=20 Type='Limit' Time in force=GTC Oco='' Filled=0 Fill price=0 Error='No error' Native error='',
7/24/2026 6:42:39 AM,Order,Order='2836043967/PA-APEX-422136-07' Name='Entry' New state='Cancel submitted' Instrument='MES SEP26' Action='Buy' Limit price=7442.5 Stop price=0 Quantity=20 Type='Limit' Time in force=GTC Oco='' Filled=0 Fill price=0 Error='No error' Native error='',
7/24/2026 6:42:39 AM,Order,Order='2836101957/PA-APEX-422136-07' Name='Entry' New state='Cancelled' Instrument='MES SEP26' Action='Sell' Limit price=7460 Stop price=0 Quantity=20 Type='Limit' Time in force=GTC Oco='' Filled=0 Fill price=0 Error='No error' Native error='',
7/24/2026 6:42:39 AM,Order,Order='2836101957/PA-APEX-422136-07' Name='Entry' New state='Cancel submitted' Instrument='MES SEP26' Action='Sell' Limit price=7460 Stop price=0 Quantity=20 Type='Limit' Time in force=GTC Oco='' Filled=0 Fill price=0 Error='No error' Native error='',
7/24/2026 6:42:39 AM,Order,Order='2836103635/PA-APEX-422136-08' Name='Entry' New state='Cancelled' Instrument='MES SEP26' Action='Sell' Limit price=7460 Stop price=0 Quantity=20 Type='Limit' Time in force=GTC Oco='' Filled=0 Fill price=0 Error='No error' Native error='',
7/24/2026 6:42:39 AM,Order,Order='2836103635/PA-APEX-422136-08' Name='Entry' New state='Cancel submitted' Instrument='MES SEP26' Action='Sell' Limit price=7460 Stop price=0 Quantity=20 Type='Limit' Time in force=GTC Oco='' Filled=0 Fill price=0 Error='No error' Native error='',
7/24/2026 6:37:43 AM,Order,Order='2836103635/PA-APEX-422136-08' Name='Entry' New state='Accepted' Instrument='MES SEP26' Action='Sell' Limit price=7460 Stop price=0 Quantity=20 Type='Limit' Time in force=GTC Oco='' Filled=0 Fill price=0 Error='No error' Native error='',
7/24/2026 6:37:43 AM,Order,Order='2836103635/PA-APEX-422136-08' Name='Entry' New state='Working' Instrument='MES SEP26' Action='Sell' Limit price=7460 Stop price=0 Quantity=20 Type='Limit' Time in force=GTC Oco='' Filled=0 Fill price=0 Error='No error' Native error='',
7/24/2026 6:37:43 AM,Order,Order='e1928958408d4c73b4541bea546f8277/PA-APEX-422136-08' Name='Entry' New state='Submitted' Instrument='MES SEP26' Action='Sell' Limit price=7460 Stop price=0 Quantity=20 Type='Limit' Time in force=GTC Oco='' Filled=0 Fill price=0 Error='No error' Native error='',
7/24/2026 6:37:43 AM,Order,Chart Trader submitting order with strategy 'MES MIN SL4 - 4' (Ticks),
7/24/2026 6:37:29 AM,Order,Order='2836101957/PA-APEX-422136-07' Name='Entry' New state='Accepted' Instrument='MES SEP26' Action='Sell' Limit price=7460 Stop price=0 Quantity=20 Type='Limit' Time in force=GTC Oco='' Filled=0 Fill price=0 Error='No error' Native error='',
7/24/2026 6:37:29 AM,Order,Order='2836101957/PA-APEX-422136-07' Name='Entry' New state='Working' Instrument='MES SEP26' Action='Sell' Limit price=7460 Stop price=0 Quantity=20 Type='Limit' Time in force=GTC Oco='' Filled=0 Fill price=0 Error='No error' Native error='',
7/24/2026 6:37:29 AM,Order,Order='11feb21229384f01b9407c65e0c912b3/PA-APEX-422136-07' Name='Entry' New state='Submitted' Instrument='MES SEP26' Action='Sell' Limit price=7460 Stop price=0 Quantity=20 Type='Limit' Time in force=GTC Oco='' Filled=0 Fill price=0 Error='No error' Native error='',
7/24/2026 6:37:29 AM,Order,Chart Trader submitting order with strategy 'MES MIN SL4 - 3' (Ticks),
7/24/2026 6:35:44 AM,Order,Order='2836043967/PA-APEX-422136-07' Name='Entry' New state='Working' Instrument='MES SEP26' Action='Buy' Limit price=7442.5 Stop price=0 Quantity=20 Type='Limit' Time in force=GTC Oco='' Filled=0 Fill price=0 Error='No error' Native error='',
7/24/2026 6:35:44 AM,Order,Order='2836043967/PA-APEX-422136-07' Name='Entry' New state='Accepted' Instrument='MES SEP26' Action='Buy' Limit price=7442.5 Stop price=0 Quantity=20 Type='Limit' Time in force=GTC Oco='' Filled=0 Fill price=0 Error='No error' Native error='',
7/24/2026 6:35:44 AM,Order,Order='2836043967/PA-APEX-422136-07' Name='Entry' New state='Change submitted' Instrument='MES SEP26' Action='Buy' Limit price=7442.5 Stop price=0 Quantity=20 Type='Limit' Time in force=GTC Oco='' Filled=0 Fill price=0 Error='No error' Native error='',
7/24/2026 6:35:39 AM,Order,Order='2836043195/PA-APEX-422136-08' Name='Entry' New state='Working' Instrument='MES SEP26' Action='Buy' Limit price=7442.5 Stop price=0 Quantity=20 Type='Limit' Time in force=GTC Oco='' Filled=0 Fill price=0 Error='No error' Native error='',
7/24/2026 6:35:39 AM,Order,Order='2836043195/PA-APEX-422136-08' Name='Entry' New state='Accepted' Instrument='MES SEP26' Action='Buy' Limit price=7442.5 Stop price=0 Quantity=20 Type='Limit' Time in force=GTC Oco='' Filled=0 Fill price=0 Error='No error' Native error='',
7/24/2026 6:35:39 AM,Order,Order='2836043195/PA-APEX-422136-08' Name='Entry' New state='Change submitted' Instrument='MES SEP26' Action='Buy' Limit price=7442.5 Stop price=0 Quantity=20 Type='Limit' Time in force=GTC Oco='' Filled=0 Fill price=0 Error='No error' Native error='',
7/24/2026 6:35:20 AM,Order,Order='2836047404/PA-APEX-422136-08' Name='Entry' New state='Cancelled' Instrument='MES SEP26' Action='Sell' Limit price=7456 Stop price=0 Quantity=20 Type='Limit' Time in force=GTC Oco='' Filled=0 Fill price=0 Error='No error' Native error='',
7/24/2026 6:35:20 AM,Order,Order='2836047404/PA-APEX-422136-08' Name='Entry' New state='Cancel submitted' Instrument='MES SEP26' Action='Sell' Limit price=7456 Stop price=0 Quantity=20 Type='Limit' Time in force=GTC Oco='' Filled=0 Fill price=0 Error='No error' Native error='',
7/24/2026 6:35:20 AM,Order,Order='2836048150/PA-APEX-422136-07' Name='Entry' New state='Cancelled' Instrument='MES SEP26' Action='Sell' Limit price=7456 Stop price=0 Quantity=20 Type='Limit' Time in force=GTC Oco='' Filled=0 Fill price=0 Error='No error' Native error='',
7/24/2026 6:35:20 AM,Order,Order='2836048150/PA-APEX-422136-07' Name='Entry' New state='Cancel submitted' Instrument='MES SEP26' Action='Sell' Limit price=7456 Stop price=0 Quantity=20 Type='Limit' Time in force=GTC Oco='' Filled=0 Fill price=0 Error='No error' Native error='',
7/24/2026 6:31:23 AM,Order,Order='2836048150/PA-APEX-422136-07' Name='Entry' New state='Accepted' Instrument='MES SEP26' Action='Sell' Limit price=7456 Stop price=0 Quantity=20 Type='Limit' Time in force=GTC Oco='' Filled=0 Fill price=0 Error='No error' Native error='',
7/24/2026 6:31:23 AM,Order,Order='2836048150/PA-APEX-422136-07' Name='Entry' New state='Working' Instrument='MES SEP26' Action='Sell' Limit price=7456 Stop price=0 Quantity=20 Type='Limit' Time in force=GTC Oco='' Filled=0 Fill price=0 Error='No error' Native error='',
7/24/2026 6:31:23 AM,Order,Order='b6c17ff9ef0d4cf589480d25a2b9f997/PA-APEX-422136-07' Name='Entry' New state='Submitted' Instrument='MES SEP26' Action='Sell' Limit price=7456 Stop price=0 Quantity=20 Type='Limit' Time in force=GTC Oco='' Filled=0 Fill price=0 Error='No error' Native error='',
7/24/2026 6:31:23 AM,Order,Chart Trader submitting order with strategy 'MES MIN SL4 - 4' (Ticks),
7/24/2026 6:31:19 AM,Order,Order='2836047404/PA-APEX-422136-08' Name='Entry' New state='Accepted' Instrument='MES SEP26' Action='Sell' Limit price=7456 Stop price=0 Quantity=20 Type='Limit' Time in force=GTC Oco='' Filled=0 Fill price=0 Error='No error' Native error='',
7/24/2026 6:31:19 AM,Order,Order='2836047404/PA-APEX-422136-08' Name='Entry' New state='Working' Instrument='MES SEP26' Action='Sell' Limit price=7456 Stop price=0 Quantity=20 Type='Limit' Time in force=GTC Oco='' Filled=0 Fill price=0 Error='No error' Native error='',
7/24/2026 6:31:19 AM,Order,Order='099f0295ec664eb3bcfe356bba12031f/PA-APEX-422136-08' Name='Entry' New state='Submitted' Instrument='MES SEP26' Action='Sell' Limit price=7456 Stop price=0 Quantity=20 Type='Limit' Time in force=GTC Oco='' Filled=0 Fill price=0 Error='No error' Native error='',
7/24/2026 6:31:18 AM,Order,Chart Trader submitting order with strategy 'MES MIN SL4 - 3' (Ticks),
7/24/2026 6:30:49 AM,Order,Order='2836043967/PA-APEX-422136-07' Name='Entry' New state='Accepted' Instrument='MES SEP26' Action='Buy' Limit price=7438.5 Stop price=0 Quantity=20 Type='Limit' Time in force=GTC Oco='' Filled=0 Fill price=0 Error='No error' Native error='',
7/24/2026 6:30:49 AM,Order,Order='2836043967/PA-APEX-422136-07' Name='Entry' New state='Working' Instrument='MES SEP26' Action='Buy' Limit price=7438.5 Stop price=0 Quantity=20 Type='Limit' Time in force=GTC Oco='' Filled=0 Fill price=0 Error='No error' Native error='',
7/24/2026 6:30:49 AM,Order,Order='fbfab72e60c04dfbbb045ed0979e8b97/PA-APEX-422136-07' Name='Entry' New state='Submitted' Instrument='MES SEP26' Action='Buy' Limit price=7438.5 Stop price=0 Quantity=20 Type='Limit' Time in force=GTC Oco='' Filled=0 Fill price=0 Error='No error' Native error='',
7/24/2026 6:30:49 AM,Order,Chart Trader submitting order with strategy 'MES MIN SL4 - 2' (Ticks),
7/24/2026 6:30:40 AM,Order,Order='2836043195/PA-APEX-422136-08' Name='Entry' New state='Accepted' Instrument='MES SEP26' Action='Buy' Limit price=7438.5 Stop price=0 Quantity=20 Type='Limit' Time in force=GTC Oco='' Filled=0 Fill price=0 Error='No error' Native error='',
7/24/2026 6:30:40 AM,Order,Order='2836043195/PA-APEX-422136-08' Name='Entry' New state='Working' Instrument='MES SEP26' Action='Buy' Limit price=7438.5 Stop price=0 Quantity=20 Type='Limit' Time in force=GTC Oco='' Filled=0 Fill price=0 Error='No error' Native error='',
7/24/2026 6:30:40 AM,Order,Order='3fc720d12e9b44eba2374aa4f83d3b11/PA-APEX-422136-08' Name='Entry' New state='Submitted' Instrument='MES SEP26' Action='Buy' Limit price=7438.5 Stop price=0 Quantity=20 Type='Limit' Time in force=GTC Oco='' Filled=0 Fill price=0 Error='No error' Native error='',
7/24/2026 6:30:40 AM,Order,Chart Trader submitting order with strategy 'MES MIN SL4 - 1' (Ticks),
7/24/2026 6:30:12 AM,Order,Order='2835987874/PA-APEX-422136-07' Name='Entry' New state='Cancelled' Instrument='MES SEP26' Action='Buy' Limit price=7440 Stop price=0 Quantity=20 Type='Limit' Time in force=GTC Oco='' Filled=0 Fill price=0 Error='No error' Native error='',
7/24/2026 6:30:11 AM,Order,Order='2835987874/PA-APEX-422136-07' Name='Entry' New state='Cancel submitted' Instrument='MES SEP26' Action='Buy' Limit price=7440 Stop price=0 Quantity=20 Type='Limit' Time in force=GTC Oco='' Filled=0 Fill price=0 Error='No error' Native error='',
7/24/2026 6:30:10 AM,Order,Order='2835988388/PA-APEX-422136-08' Name='Entry' New state='Cancelled' Instrument='MES SEP26' Action='Buy' Limit price=7440 Stop price=0 Quantity=20 Type='Limit' Time in force=GTC Oco='' Filled=0 Fill price=0 Error='No error' Native error='',
7/24/2026 6:30:10 AM,Order,Order='2835988388/PA-APEX-422136-08' Name='Entry' New state='Cancel submitted' Instrument='MES SEP26' Action='Buy' Limit price=7440 Stop price=0 Quantity=20 Type='Limit' Time in force=GTC Oco='' Filled=0 Fill price=0 Error='No error' Native error='',
7/24/2026 6:10:00 AM,Order,Order='2835987874/PA-APEX-422136-07' Name='Entry' New state='Accepted' Instrument='MES SEP26' Action='Buy' Limit price=7440 Stop price=0 Quantity=20 Type='Limit' Time in force=GTC Oco='' Filled=0 Fill price=0 Error='No error' Native error='',
7/24/2026 6:10:00 AM,Order,Order='2835987874/PA-APEX-422136-07' Name='Entry' New state='Working' Instrument='MES SEP26' Action='Buy' Limit price=7440 Stop price=0 Quantity=20 Type='Limit' Time in force=GTC Oco='' Filled=0 Fill price=0 Error='No error' Native error='',
7/24/2026 6:10:00 AM,Order,Order='2835987874/PA-APEX-422136-07' Name='Entry' New state='Change submitted' Instrument='MES SEP26' Action='Buy' Limit price=7440 Stop price=0 Quantity=20 Type='Limit' Time in force=GTC Oco='' Filled=0 Fill price=0 Error='No error' Native error='',
7/24/2026 6:09:54 AM,Order,Order='2835988388/PA-APEX-422136-08' Name='Entry' New state='Working' Instrument='MES SEP26' Action='Buy' Limit price=7440 Stop price=0 Quantity=20 Type='Limit' Time in force=GTC Oco='' Filled=0 Fill price=0 Error='No error' Native error='',
7/24/2026 6:09:54 AM,Order,Order='2835988388/PA-APEX-422136-08' Name='Entry' New state='Accepted' Instrument='MES SEP26' Action='Buy' Limit price=7440 Stop price=0 Quantity=20 Type='Limit' Time in force=GTC Oco='' Filled=0 Fill price=0 Error='No error' Native error='',
7/24/2026 6:09:54 AM,Order,Order='2835988388/PA-APEX-422136-08' Name='Entry' New state='Change submitted' Instrument='MES SEP26' Action='Buy' Limit price=7440 Stop price=0 Quantity=20 Type='Limit' Time in force=GTC Oco='' Filled=0 Fill price=0 Error='No error' Native error='',
7/24/2026 5:58:28 AM,Order,Order='2835988388/PA-APEX-422136-08' Name='Entry' New state='Accepted' Instrument='MES SEP26' Action='Buy' Limit price=7442 Stop price=0 Quantity=20 Type='Limit' Time in force=GTC Oco='' Filled=0 Fill price=0 Error='No error' Native error='',
7/24/2026 5:58:28 AM,Order,Order='2835988388/PA-APEX-422136-08' Name='Entry' New state='Working' Instrument='MES SEP26' Action='Buy' Limit price=7442 Stop price=0 Quantity=20 Type='Limit' Time in force=GTC Oco='' Filled=0 Fill price=0 Error='No error' Native error='',
7/24/2026 5:58:28 AM,Order,Order='2835988388/PA-APEX-422136-08' Name='Entry' New state='Change submitted' Instrument='MES SEP26' Action='Buy' Limit price=7442 Stop price=0 Quantity=20 Type='Limit' Time in force=GTC Oco='' Filled=0 Fill price=0 Error='No error' Native error='',
7/24/2026 5:58:25 AM,Order,Order='2835988388/PA-APEX-422136-08' Name='Entry' New state='Accepted' Instrument='MES SEP26' Action='Buy' Limit price=7442.25 Stop price=0 Quantity=20 Type='Limit' Time in force=GTC Oco='' Filled=0 Fill price=0 Error='No error' Native error='',
7/24/2026 5:58:25 AM,Order,Order='2835988388/PA-APEX-422136-08' Name='Entry' New state='Working' Instrument='MES SEP26' Action='Buy' Limit price=7442.25 Stop price=0 Quantity=20 Type='Limit' Time in force=GTC Oco='' Filled=0 Fill price=0 Error='No error' Native error='',
7/24/2026 5:58:25 AM,Order,Order='ea2ded95d21444ca81b0cd48cf1b78c3/PA-APEX-422136-08' Name='Entry' New state='Submitted' Instrument='MES SEP26' Action='Buy' Limit price=7442.25 Stop price=0 Quantity=20 Type='Limit' Time in force=GTC Oco='' Filled=0 Fill price=0 Error='No error' Native error='',
7/24/2026 5:58:25 AM,Order,Chart Trader submitting order with strategy 'MES MIN SL4 - 2' (Ticks),
7/24/2026 5:58:00 AM,Order,Order='2835987874/PA-APEX-422136-07' Name='Entry' New state='Working' Instrument='MES SEP26' Action='Buy' Limit price=7442 Stop price=0 Quantity=20 Type='Limit' Time in force=GTC Oco='' Filled=0 Fill price=0 Error='No error' Native error='',
7/24/2026 5:58:00 AM,Order,Order='2835987874/PA-APEX-422136-07' Name='Entry' New state='Accepted' Instrument='MES SEP26' Action='Buy' Limit price=7442 Stop price=0 Quantity=20 Type='Limit' Time in force=GTC Oco='' Filled=0 Fill price=0 Error='No error' Native error='',
7/24/2026 5:58:00 AM,Order,Order='5d8823f3a67a4024b1d3922c24441d8f/PA-APEX-422136-07' Name='Entry' New state='Submitted' Instrument='MES SEP26' Action='Buy' Limit price=7442 Stop price=0 Quantity=20 Type='Limit' Time in force=GTC Oco='' Filled=0 Fill price=0 Error='No error' Native error='',
7/24/2026 5:58:00 AM,Order,Chart Trader submitting order with strategy 'MES MIN SL4 - 1' (Ticks),
7/24/2026 5:57:56 AM,Order,Order='2835986994/PA-APEX-422136-07' Name='Entry' New state='Cancelled' Instrument='MES SEP26' Action='Buy' Limit price=7447 Stop price=0 Quantity=20 Type='Limit' Time in force=GTC Oco='' Filled=0 Fill price=0 Error='No error' Native error='',
7/24/2026 5:57:56 AM,Order,Order='2835986994/PA-APEX-422136-07' Name='Entry' New state='Cancel submitted' Instrument='MES SEP26' Action='Buy' Limit price=7447 Stop price=0 Quantity=20 Type='Limit' Time in force=GTC Oco='' Filled=0 Fill price=0 Error='No error' Native error='',
7/24/2026 5:57:53 AM,Order,Order='2835986313/PA-APEX-422136-08' Name='Entry' New state='Cancelled' Instrument='MES SEP26' Action='Buy' Limit price=7447 Stop price=0 Quantity=20 Type='Limit' Time in force=GTC Oco='' Filled=0 Fill price=0 Error='No error' Native error='',
7/24/2026 5:57:53 AM,Order,Order='2835986313/PA-APEX-422136-08' Name='Entry' New state='Cancel submitted' Instrument='MES SEP26' Action='Buy' Limit price=7447 Stop price=0 Quantity=20 Type='Limit' Time in force=GTC Oco='' Filled=0 Fill price=0 Error='No error' Native error='',
7/24/2026 5:57:19 AM,Order,Order='27e474579c0a40d19f2c8b99eb0dedf7/PA-APEX-422136-07' Name='Entry' New state='Submitted' Instrument='MES SEP26' Action='Buy' Limit price=7447 Stop price=0 Quantity=20 Type='Limit' Time in force=GTC Oco='' Filled=0 Fill price=0 Error='No error' Native error='',
7/24/2026 5:57:19 AM,Order,Order='2835986994/PA-APEX-422136-07' Name='Entry' New state='Accepted' Instrument='MES SEP26' Action='Buy' Limit price=7447 Stop price=0 Quantity=20 Type='Limit' Time in force=GTC Oco='' Filled=0 Fill price=0 Error='No error' Native error='',
7/24/2026 5:57:19 AM,Order,Order='2835986994/PA-APEX-422136-07' Name='Entry' New state='Working' Instrument='MES SEP26' Action='Buy' Limit price=7447 Stop price=0 Quantity=20 Type='Limit' Time in force=GTC Oco='' Filled=0 Fill price=0 Error='No error' Native error='',
7/24/2026 5:57:17 AM,Order,Chart Trader submitting order with strategy 'MES MIN SL4 - 2' (Ticks),
7/24/2026 5:57:07 AM,Order,Order='2835986562/PA-APEX-422136-07' Name='Entry' New state='Cancelled' Instrument='MES SEP26' Action='Buy' Limit price=7447 Stop price=0 Quantity=6 Type='Limit' Time in force=GTC Oco='' Filled=0 Fill price=0 Error='No error' Native error='',
7/24/2026 5:57:07 AM,Order,Order='2835986562/PA-APEX-422136-07' Name='Entry' New state='Cancel submitted' Instrument='MES SEP26' Action='Buy' Limit price=7447 Stop price=0 Quantity=6 Type='Limit' Time in force=GTC Oco='' Filled=0 Fill price=0 Error='No error' Native error='',
7/24/2026 5:57:00 AM,Order,Order='2835986562/PA-APEX-422136-07' Name='Entry' New state='Working' Instrument='MES SEP26' Action='Buy' Limit price=7447 Stop price=0 Quantity=6 Type='Limit' Time in force=GTC Oco='' Filled=0 Fill price=0 Error='No error' Native error='',
7/24/2026 5:57:00 AM,Order,Order='2835986562/PA-APEX-422136-07' Name='Entry' New state='Accepted' Instrument='MES SEP26' Action='Buy' Limit price=7447 Stop price=0 Quantity=6 Type='Limit' Time in force=GTC Oco='' Filled=0 Fill price=0 Error='No error' Native error='',
7/24/2026 5:57:00 AM,Order,Order='ff793a1d713d4fe891ad579b78ee1d4a/PA-APEX-422136-07' Name='Entry' New state='Submitted' Instrument='MES SEP26' Action='Buy' Limit price=7447 Stop price=0 Quantity=6 Type='Limit' Time in force=GTC Oco='' Filled=0 Fill price=0 Error='No error' Native error='',
7/24/2026 5:57:00 AM,Order,Chart Trader submitting order with strategy 'MGC MIN SL6 - 2' (Ticks),
7/24/2026 5:56:52 AM,Order,Order='2835986313/PA-APEX-422136-08' Name='Entry' New state='Accepted' Instrument='MES SEP26' Action='Buy' Limit price=7447 Stop price=0 Quantity=20 Type='Limit' Time in force=GTC Oco='' Filled=0 Fill price=0 Error='No error' Native error='',
7/24/2026 5:56:52 AM,Order,Order='2835986313/PA-APEX-422136-08' Name='Entry' New state='Working' Instrument='MES SEP26' Action='Buy' Limit price=7447 Stop price=0 Quantity=20 Type='Limit' Time in force=GTC Oco='' Filled=0 Fill price=0 Error='No error' Native error='',
7/24/2026 5:56:52 AM,Order,Order='9185f97110d942c3a12973a8693f8d6b/PA-APEX-422136-08' Name='Entry' New state='Submitted' Instrument='MES SEP26' Action='Buy' Limit price=7447 Stop price=0 Quantity=20 Type='Limit' Time in force=GTC Oco='' Filled=0 Fill price=0 Error='No error' Native error='',
7/24/2026 5:56:52 AM,Order,Chart Trader submitting order with strategy 'MES MIN SL4 - 1' (Ticks),
7/24/2026 5:47:18 AM,Order,Order='2835966763/PA-APEX-422136-08' Name='Entry' New state='Cancelled' Instrument='MES SEP26' Action='Sell' Limit price=7472 Stop price=0 Quantity=20 Type='Limit' Time in force=GTC Oco='' Filled=0 Fill price=0 Error='No error' Native error='',
7/24/2026 5:47:18 AM,Order,Order='2835966763/PA-APEX-422136-08' Name='Entry' New state='Cancel submitted' Instrument='MES SEP26' Action='Sell' Limit price=7472 Stop price=0 Quantity=20 Type='Limit' Time in force=GTC Oco='' Filled=0 Fill price=0 Error='No error' Native error='',
7/24/2026 5:45:06 AM,Order,Order='2835966524/PA-APEX-422136-08' Name='Entry' New state='Cancelled' Instrument='MES SEP26' Action='Buy' Limit price=7453 Stop price=0 Quantity=20 Type='Limit' Time in force=GTC Oco='' Filled=0 Fill price=0 Error='No error' Native error='',
7/24/2026 5:45:06 AM,Order,Order='2835966524/PA-APEX-422136-08' Name='Entry' New state='Cancel submitted' Instrument='MES SEP26' Action='Buy' Limit price=7453 Stop price=0 Quantity=20 Type='Limit' Time in force=GTC Oco='' Filled=0 Fill price=0 Error='No error' Native error='',
7/24/2026 5:45:05 AM,Order,Order='2835973030/PA-APEX-422136-07' Name='Entry' New state='Cancelled' Instrument='MES SEP26' Action='Buy' Limit price=7453 Stop price=0 Quantity=20 Type='Limit' Time in force=GTC Oco='' Filled=0 Fill price=0 Error='No error' Native error='',
7/24/2026 5:45:05 AM,Order,Order='2835973030/PA-APEX-422136-07' Name='Entry' New state='Cancel submitted' Instrument='MES SEP26' Action='Buy' Limit price=7453 Stop price=0 Quantity=20 Type='Limit' Time in force=GTC Oco='' Filled=0 Fill price=0 Error='No error' Native error='',
7/24/2026 5:42:18 AM,Order,Order='2835973030/PA-APEX-422136-07' Name='Entry' New state='Working' Instrument='MES SEP26' Action='Buy' Limit price=7453 Stop price=0 Quantity=20 Type='Limit' Time in force=GTC Oco='' Filled=0 Fill price=0 Error='No error' Native error='',
7/24/2026 5:42:18 AM,Order,Order='2835973030/PA-APEX-422136-07' Name='Entry' New state='Accepted' Instrument='MES SEP26' Action='Buy' Limit price=7453 Stop price=0 Quantity=20 Type='Limit' Time in force=GTC Oco='' Filled=0 Fill price=0 Error='No error' Native error='',
7/24/2026 5:42:18 AM,Order,Order='2835973030/PA-APEX-422136-07' Name='Entry' New state='Change submitted' Instrument='MES SEP26' Action='Buy' Limit price=7453 Stop price=0 Quantity=20 Type='Limit' Time in force=GTC Oco='' Filled=0 Fill price=0 Error='No error' Native error='',
7/24/2026 5:42:14 AM,Order,Order='2835973030/PA-APEX-422136-07' Name='Entry' New state='Accepted' Instrument='MES SEP26' Action='Buy' Limit price=7452.75 Stop price=0 Quantity=20 Type='Limit' Time in force=GTC Oco='' Filled=0 Fill price=0 Error='No error' Native error='',
7/24/2026 5:42:14 AM,Order,Order='2835973030/PA-APEX-422136-07' Name='Entry' New state='Working' Instrument='MES SEP26' Action='Buy' Limit price=7452.75 Stop price=0 Quantity=20 Type='Limit' Time in force=GTC Oco='' Filled=0 Fill price=0 Error='No error' Native error='',
7/24/2026 5:42:14 AM,Order,Order='03df8bf4ad8146bbb896cc87ec9813a3/PA-APEX-422136-07' Name='Entry' New state='Submitted' Instrument='MES SEP26' Action='Buy' Limit price=7452.75 Stop price=0 Quantity=20 Type='Limit' Time in force=GTC Oco='' Filled=0 Fill price=0 Error='No error' Native error='',
7/24/2026 5:42:14 AM,Order,Chart Trader submitting order with strategy 'MES MIN SL4 - 3' (Ticks),
7/24/2026 5:36:09 AM,Order,Order='2835966763/PA-APEX-422136-08' Name='Entry' New state='Working' Instrument='MES SEP26' Action='Sell' Limit price=7472 Stop price=0 Quantity=20 Type='Limit' Time in force=GTC Oco='' Filled=0 Fill price=0 Error='No error' Native error='',
7/24/2026 5:36:09 AM,Order,Order='2835966763/PA-APEX-422136-08' Name='Entry' New state='Accepted' Instrument='MES SEP26' Action='Sell' Limit price=7472 Stop price=0 Quantity=20 Type='Limit' Time in force=GTC Oco='' Filled=0 Fill price=0 Error='No error' Native error='',
7/24/2026 5:36:09 AM,Order,Order='58b9dc73794d47618f1458309948baa6/PA-APEX-422136-08' Name='Entry' New state='Submitted' Instrument='MES SEP26' Action='Sell' Limit price=7472 Stop price=0 Quantity=20 Type='Limit' Time in force=GTC Oco='' Filled=0 Fill price=0 Error='No error' Native error='',
7/24/2026 5:36:09 AM,Order,Chart Trader submitting order with strategy 'MES MIN SL4 - 2' (Ticks),
7/24/2026 5:35:56 AM,Order,Order='2835966524/PA-APEX-422136-08' Name='Entry' New state='Accepted' Instrument='MES SEP26' Action='Buy' Limit price=7453 Stop price=0 Quantity=20 Type='Limit' Time in force=GTC Oco='' Filled=0 Fill price=0 Error='No error' Native error='',
7/24/2026 5:35:56 AM,Order,Order='2835966524/PA-APEX-422136-08' Name='Entry' New state='Working' Instrument='MES SEP26' Action='Buy' Limit price=7453 Stop price=0 Quantity=20 Type='Limit' Time in force=GTC Oco='' Filled=0 Fill price=0 Error='No error' Native error='',
7/24/2026 5:35:56 AM,Order,Order='10269e116a7543e9be836b50d18b1ff0/PA-APEX-422136-08' Name='Entry' New state='Submitted' Instrument='MES SEP26' Action='Buy' Limit price=7453 Stop price=0 Quantity=20 Type='Limit' Time in force=GTC Oco='' Filled=0 Fill price=0 Error='No error' Native error='',
7/24/2026 5:35:56 AM,Order,Chart Trader submitting order with strategy 'MES MIN SL4 - 1' (Ticks),
7/24/2026 5:29:49 AM,Connection,Using HDS (hds-us-nt-009.ninjatrader.com/31655),
7/24/2026 5:29:49 AM,Connection,Time to auto close position='12:00:00 AM' Enabled=False,
7/24/2026 5:29:48 AM,Connection,My Rithmic for NinjaTrader Brokerage: Primary connection=Connected Price feed=Connected,
7/24/2026 5:29:46 AM,Default,Restoring workspace '3'...,
7/24/2026 5:29:34 AM,Default,Restoring workspace 'Testing'...,
7/24/2026 5:29:32 AM,Default,Auto close enabled=False,
7/24/2026 5:29:32 AM,Order,Order entry hot keys disabled,
7/24/2026 5:29:31 AM,Connection,My Rithmic for NinjaTrader Brokerage: Primary connection=Connecting Price feed=Connecting,
7/24/2026 5:29:31 AM,Default,Auto connecting 'My Rithmic for NinjaTrader Brokerage'...,
7/24/2026 5:29:31 AM,Default,Automated trading disabled,
7/24/2026 5:29:31 AM,Connection,Using IS (is-us-nt-005.ninjatrader.com/31658),
7/24/2026 5:29:28 AM,Default,Global simulation mode disabled,
7/24/2026 5:29:06 AM,Default,Session Break (Version 8.1.7.2),
