Time,Category,Message,
7/17/2026 8:04:42 AM,Default,Cancel all orders account='Sim101',
7/17/2026 8:04:42 AM,Default,Chart Trader close position,
7/17/2026 8:04:42 AM,Default,Cancel all orders account='Sim101',
7/17/2026 8:04:42 AM,Default,Chart Trader close position,
7/17/2026 8:04:42 AM,Position,Instrument='MES SEP26' Account='Sim101' Average price=0 Quantity=0 Market position=Flat Operation=Remove,
7/17/2026 8:04:42 AM,Execution,Execution='7bfb59a0a058411a8271329c6c555cc0' Instrument='MES SEP26' Account='Sim101' Exchange=Default Price=7507.5 Quantity=3 Market position=Short Operation=Operation_Add Order='28e792e9da2a4a2fa2f0afd522baddee' Time='7/17/2026 8:04 AM',
7/17/2026 8:04:42 AM,Order,Order='28e792e9da2a4a2fa2f0afd522baddee/Sim101' Name='Close' New state='Filled' Instrument='MES SEP26' Action='Sell' Limit price=0 Stop price=0 Quantity=3 Type='Market' Time in force=DAY Oco='' Filled=3 Fill price=7507.5 Error='No error' Native error='',
7/17/2026 8:04:42 AM,Order,Order='28e792e9da2a4a2fa2f0afd522baddee/Sim101' Name='Close' New state='Working' Instrument='MES SEP26' Action='Sell' Limit price=0 Stop price=0 Quantity=3 Type='Market' Time in force=DAY Oco='' Filled=0 Fill price=0 Error='No error' Native error='',
7/17/2026 8:04:42 AM,Order,Order='28e792e9da2a4a2fa2f0afd522baddee/Sim101' Name='Close' New state='Accepted' Instrument='MES SEP26' Action='Sell' Limit price=0 Stop price=0 Quantity=3 Type='Market' Time in force=DAY Oco='' Filled=0 Fill price=0 Error='No error' Native error='',
7/17/2026 8:04:42 AM,Order,Order='28e792e9da2a4a2fa2f0afd522baddee/Sim101' Name='Close' New state='Submitted' Instrument='MES SEP26' Action='Sell' Limit price=0 Stop price=0 Quantity=3 Type='Market' Time in force=DAY Oco='' Filled=0 Fill price=0 Error='No error' Native error='',
7/17/2026 8:04:42 AM,Default,Chart Trader close position,
7/17/2026 8:04:36 AM,Position,Close operation failed. Operation timed out. Manually close your position,
7/17/2026 8:04:35 AM,Default,Chart Trader close position,
7/17/2026 8:04:34 AM,Default,Chart Trader close position,
7/17/2026 8:04:32 AM,Default,Chart Trader close position,
7/17/2026 8:04:31 AM,Order,Order='663e6215decc4f3d9eeee48639171034/Sim101' Name='Target4' New state='Cancelled' Instrument='MES SEP26' Action='Sell' Limit price=7512.25 Stop price=0 Quantity=1 Type='Limit' Time in force=GTC Oco='34ff574519ef486da080cff78afa2d9c' Filled=0 Fill price=0 Error='No error' Native error='',
7/17/2026 8:04:31 AM,Order,Order='87f4c9c33ad2470e90c286d65db75bf4/Sim101' Name='Target3' New state='Cancelled' Instrument='MES SEP26' Action='Sell' Limit price=7511.25 Stop price=0 Quantity=1 Type='Limit' Time in force=GTC Oco='316cbe585a72431b94af83e230d65fa0' Filled=0 Fill price=0 Error='No error' Native error='',
7/17/2026 8:04:31 AM,Order,Order='4708576d22204c948b441cc2922f3b72/Sim101' Name='Stop4' New state='Cancelled' Instrument='MES SEP26' Action='Sell' Limit price=0 Stop price=7504.25 Quantity=1 Type='Stop Market' Time in force=GTC Oco='34ff574519ef486da080cff78afa2d9c' Filled=0 Fill price=0 Error='No error' Native error='',
7/17/2026 8:04:31 AM,Order,Order='ad9394911f7e4a398958a612101bbec5/Sim101' Name='Stop3' New state='Cancelled' Instrument='MES SEP26' Action='Sell' Limit price=0 Stop price=7504.25 Quantity=1 Type='Stop Market' Time in force=GTC Oco='316cbe585a72431b94af83e230d65fa0' Filled=0 Fill price=0 Error='No error' Native error='',
7/17/2026 8:04:31 AM,Order,Order='7182bdac3c2340d6936827a667b40fc1/Sim101' Name='Stop2' New state='Cancelled' Instrument='MES SEP26' Action='Sell' Limit price=0 Stop price=7504.25 Quantity=1 Type='Stop Market' Time in force=GTC Oco='3ceff6263c9148f7bfc2342393cd148d' Filled=0 Fill price=0 Error='No error' Native error='',
7/17/2026 8:04:31 AM,Order,Order='3ee11b1f74864b78b5bf26a60226f83f/Sim101' Name='Target2' New state='Cancelled' Instrument='MES SEP26' Action='Sell' Limit price=7510.25 Stop price=0 Quantity=1 Type='Limit' Time in force=GTC Oco='3ceff6263c9148f7bfc2342393cd148d' Filled=0 Fill price=0 Error='No error' Native error='',
7/17/2026 8:04:31 AM,Order,Order='4708576d22204c948b441cc2922f3b72/Sim101' Name='Stop4' New state='Cancel submitted' Instrument='MES SEP26' Action='Sell' Limit price=0 Stop price=7504.25 Quantity=1 Type='Stop Market' Time in force=GTC Oco='34ff574519ef486da080cff78afa2d9c' Filled=0 Fill price=0 Error='No error' Native error='',
7/17/2026 8:04:31 AM,Order,Order='ad9394911f7e4a398958a612101bbec5/Sim101' Name='Stop3' New state='Cancel submitted' Instrument='MES SEP26' Action='Sell' Limit price=0 Stop price=7504.25 Quantity=1 Type='Stop Market' Time in force=GTC Oco='316cbe585a72431b94af83e230d65fa0' Filled=0 Fill price=0 Error='No error' Native error='',
7/17/2026 8:04:31 AM,Order,Order='7182bdac3c2340d6936827a667b40fc1/Sim101' Name='Stop2' New state='Cancel submitted' Instrument='MES SEP26' Action='Sell' Limit price=0 Stop price=7504.25 Quantity=1 Type='Stop Market' Time in force=GTC Oco='3ceff6263c9148f7bfc2342393cd148d' Filled=0 Fill price=0 Error='No error' Native error='',
7/17/2026 8:04:31 AM,Order,Order='663e6215decc4f3d9eeee48639171034/Sim101' Name='Target4' New state='Cancel submitted' Instrument='MES SEP26' Action='Sell' Limit price=7512.25 Stop price=0 Quantity=1 Type='Limit' Time in force=GTC Oco='34ff574519ef486da080cff78afa2d9c' Filled=0 Fill price=0 Error='No error' Native error='',
7/17/2026 8:04:31 AM,Order,Order='87f4c9c33ad2470e90c286d65db75bf4/Sim101' Name='Target3' New state='Cancel submitted' Instrument='MES SEP26' Action='Sell' Limit price=7511.25 Stop price=0 Quantity=1 Type='Limit' Time in force=GTC Oco='316cbe585a72431b94af83e230d65fa0' Filled=0 Fill price=0 Error='No error' Native error='',
7/17/2026 8:04:31 AM,Order,Order='3ee11b1f74864b78b5bf26a60226f83f/Sim101' Name='Target2' New state='Cancel submitted' Instrument='MES SEP26' Action='Sell' Limit price=7510.25 Stop price=0 Quantity=1 Type='Limit' Time in force=GTC Oco='3ceff6263c9148f7bfc2342393cd148d' Filled=0 Fill price=0 Error='No error' Native error='',
7/17/2026 8:04:31 AM,Default,Chart Trader close position,
7/17/2026 8:04:26 AM,Order,Order='a7b98b3be5bd4b429a0fd37c1bf4ed11/Sim101' Name='Stop1' New state='Cancelled' Instrument='MES SEP26' Action='Sell' Limit price=0 Stop price=7504.25 Quantity=9 Type='Stop Market' Time in force=GTC Oco='b90cf30e66424c60a5be23850d55a599' Filled=0 Fill price=0 Error='No error' Native error='',
7/17/2026 8:04:26 AM,Position,Instrument='MES SEP26' Account='Sim101' Average price=7508.25 Quantity=3 Market position=Long Operation=Update,
7/17/2026 8:04:26 AM,Execution,Execution='3eb3478d159647c8930b9fade043290f' Instrument='MES SEP26' Account='Sim101' Exchange=Default Price=7509.25 Quantity=9 Market position=Short Operation=Operation_Add Order='02c18746fcfc439c9836e1134d5881c5' Time='7/17/2026 8:04 AM',
7/17/2026 8:04:26 AM,Order,Order='a7b98b3be5bd4b429a0fd37c1bf4ed11/Sim101' Name='Stop1' New state='Cancel submitted' Instrument='MES SEP26' Action='Sell' Limit price=0 Stop price=7504.25 Quantity=9 Type='Stop Market' Time in force=GTC Oco='b90cf30e66424c60a5be23850d55a599' Filled=0 Fill price=0 Error='No error' Native error='',
7/17/2026 8:04:26 AM,Order,Order='02c18746fcfc439c9836e1134d5881c5/Sim101' Name='Target1' New state='Filled' Instrument='MES SEP26' Action='Sell' Limit price=7509.25 Stop price=0 Quantity=9 Type='Limit' Time in force=GTC Oco='b90cf30e66424c60a5be23850d55a599' Filled=9 Fill price=7509.25 Error='No error' Native error='',
7/17/2026 8:04:16 AM,Order,Order='663e6215decc4f3d9eeee48639171034/Sim101' Name='Target4' New state='Accepted' Instrument='MES SEP26' Action='Sell' Limit price=7512.25 Stop price=0 Quantity=1 Type='Limit' Time in force=GTC Oco='34ff574519ef486da080cff78afa2d9c' Filled=0 Fill price=0 Error='No error' Native error='',
7/17/2026 8:04:16 AM,Order,Order='663e6215decc4f3d9eeee48639171034/Sim101' Name='Target4' New state='Working' Instrument='MES SEP26' Action='Sell' Limit price=7512.25 Stop price=0 Quantity=1 Type='Limit' Time in force=GTC Oco='34ff574519ef486da080cff78afa2d9c' Filled=0 Fill price=0 Error='No error' Native error='',
7/17/2026 8:04:16 AM,Order,Order='4708576d22204c948b441cc2922f3b72/Sim101' Name='Stop4' New state='Accepted' Instrument='MES SEP26' Action='Sell' Limit price=0 Stop price=7504.25 Quantity=1 Type='Stop Market' Time in force=GTC Oco='34ff574519ef486da080cff78afa2d9c' Filled=0 Fill price=0 Error='No error' Native error='',
7/17/2026 8:04:16 AM,Order,Order='87f4c9c33ad2470e90c286d65db75bf4/Sim101' Name='Target3' New state='Working' Instrument='MES SEP26' Action='Sell' Limit price=7511.25 Stop price=0 Quantity=1 Type='Limit' Time in force=GTC Oco='316cbe585a72431b94af83e230d65fa0' Filled=0 Fill price=0 Error='No error' Native error='',
7/17/2026 8:04:16 AM,Order,Order='3ee11b1f74864b78b5bf26a60226f83f/Sim101' Name='Target2' New state='Accepted' Instrument='MES SEP26' Action='Sell' Limit price=7510.25 Stop price=0 Quantity=1 Type='Limit' Time in force=GTC Oco='3ceff6263c9148f7bfc2342393cd148d' Filled=0 Fill price=0 Error='No error' Native error='',
7/17/2026 8:04:16 AM,Order,Order='ad9394911f7e4a398958a612101bbec5/Sim101' Name='Stop3' New state='Accepted' Instrument='MES SEP26' Action='Sell' Limit price=0 Stop price=7504.25 Quantity=1 Type='Stop Market' Time in force=GTC Oco='316cbe585a72431b94af83e230d65fa0' Filled=0 Fill price=0 Error='No error' Native error='',
7/17/2026 8:04:16 AM,Order,Order='3ee11b1f74864b78b5bf26a60226f83f/Sim101' Name='Target2' New state='Working' Instrument='MES SEP26' Action='Sell' Limit price=7510.25 Stop price=0 Quantity=1 Type='Limit' Time in force=GTC Oco='3ceff6263c9148f7bfc2342393cd148d' Filled=0 Fill price=0 Error='No error' Native error='',
7/17/2026 8:04:16 AM,Order,Order='87f4c9c33ad2470e90c286d65db75bf4/Sim101' Name='Target3' New state='Accepted' Instrument='MES SEP26' Action='Sell' Limit price=7511.25 Stop price=0 Quantity=1 Type='Limit' Time in force=GTC Oco='316cbe585a72431b94af83e230d65fa0' Filled=0 Fill price=0 Error='No error' Native error='',
7/17/2026 8:04:16 AM,Order,Order='02c18746fcfc439c9836e1134d5881c5/Sim101' Name='Target1' New state='Accepted' Instrument='MES SEP26' Action='Sell' Limit price=7509.25 Stop price=0 Quantity=9 Type='Limit' Time in force=GTC Oco='b90cf30e66424c60a5be23850d55a599' Filled=0 Fill price=0 Error='No error' Native error='',
7/17/2026 8:04:16 AM,Order,Order='02c18746fcfc439c9836e1134d5881c5/Sim101' Name='Target1' New state='Working' Instrument='MES SEP26' Action='Sell' Limit price=7509.25 Stop price=0 Quantity=9 Type='Limit' Time in force=GTC Oco='b90cf30e66424c60a5be23850d55a599' Filled=0 Fill price=0 Error='No error' Native error='',
7/17/2026 8:04:16 AM,Order,Order='a7b98b3be5bd4b429a0fd37c1bf4ed11/Sim101' Name='Stop1' New state='Accepted' Instrument='MES SEP26' Action='Sell' Limit price=0 Stop price=7504.25 Quantity=9 Type='Stop Market' Time in force=GTC Oco='b90cf30e66424c60a5be23850d55a599' Filled=0 Fill price=0 Error='No error' Native error='',
7/17/2026 8:04:16 AM,Order,Order='7182bdac3c2340d6936827a667b40fc1/Sim101' Name='Stop2' New state='Accepted' Instrument='MES SEP26' Action='Sell' Limit price=0 Stop price=7504.25 Quantity=1 Type='Stop Market' Time in force=GTC Oco='3ceff6263c9148f7bfc2342393cd148d' Filled=0 Fill price=0 Error='No error' Native error='',
7/17/2026 8:04:16 AM,Order,Order='663e6215decc4f3d9eeee48639171034/Sim101' Name='Target4' New state='Submitted' Instrument='MES SEP26' Action='Sell' Limit price=7512.25 Stop price=0 Quantity=1 Type='Limit' Time in force=GTC Oco='34ff574519ef486da080cff78afa2d9c' Filled=0 Fill price=0 Error='No error' Native error='',
7/17/2026 8:04:16 AM,Order,Order='4708576d22204c948b441cc2922f3b72/Sim101' Name='Stop4' New state='Submitted' Instrument='MES SEP26' Action='Sell' Limit price=0 Stop price=7504.25 Quantity=1 Type='Stop Market' Time in force=GTC Oco='34ff574519ef486da080cff78afa2d9c' Filled=0 Fill price=0 Error='No error' Native error='',
7/17/2026 8:04:16 AM,Order,Order='87f4c9c33ad2470e90c286d65db75bf4/Sim101' Name='Target3' New state='Submitted' Instrument='MES SEP26' Action='Sell' Limit price=7511.25 Stop price=0 Quantity=1 Type='Limit' Time in force=GTC Oco='316cbe585a72431b94af83e230d65fa0' Filled=0 Fill price=0 Error='No error' Native error='',
7/17/2026 8:04:16 AM,Order,Order='ad9394911f7e4a398958a612101bbec5/Sim101' Name='Stop3' New state='Submitted' Instrument='MES SEP26' Action='Sell' Limit price=0 Stop price=7504.25 Quantity=1 Type='Stop Market' Time in force=GTC Oco='316cbe585a72431b94af83e230d65fa0' Filled=0 Fill price=0 Error='No error' Native error='',
7/17/2026 8:04:16 AM,Order,Order='3ee11b1f74864b78b5bf26a60226f83f/Sim101' Name='Target2' New state='Submitted' Instrument='MES SEP26' Action='Sell' Limit price=7510.25 Stop price=0 Quantity=1 Type='Limit' Time in force=GTC Oco='3ceff6263c9148f7bfc2342393cd148d' Filled=0 Fill price=0 Error='No error' Native error='',
7/17/2026 8:04:16 AM,Order,Order='7182bdac3c2340d6936827a667b40fc1/Sim101' Name='Stop2' New state='Submitted' Instrument='MES SEP26' Action='Sell' Limit price=0 Stop price=7504.25 Quantity=1 Type='Stop Market' Time in force=GTC Oco='3ceff6263c9148f7bfc2342393cd148d' Filled=0 Fill price=0 Error='No error' Native error='',
7/17/2026 8:04:16 AM,Order,Order='02c18746fcfc439c9836e1134d5881c5/Sim101' Name='Target1' New state='Submitted' Instrument='MES SEP26' Action='Sell' Limit price=7509.25 Stop price=0 Quantity=9 Type='Limit' Time in force=GTC Oco='b90cf30e66424c60a5be23850d55a599' Filled=0 Fill price=0 Error='No error' Native error='',
7/17/2026 8:04:16 AM,Order,Order='a7b98b3be5bd4b429a0fd37c1bf4ed11/Sim101' Name='Stop1' New state='Submitted' Instrument='MES SEP26' Action='Sell' Limit price=0 Stop price=7504.25 Quantity=9 Type='Stop Market' Time in force=GTC Oco='b90cf30e66424c60a5be23850d55a599' Filled=0 Fill price=0 Error='No error' Native error='',
7/17/2026 8:04:16 AM,Position,Instrument='MES SEP26' Account='Sim101' Average price=7508.25 Quantity=12 Market position=Long Operation=Operation_Add,
7/17/2026 8:04:16 AM,Execution,Execution='e3f421b231b94b58a1d4d0b6c968b547' Instrument='MES SEP26' Account='Sim101' Exchange=Default Price=7508.25 Quantity=12 Market position=Long Operation=Operation_Add Order='5e116a4db12748c9b7cb6312f7cbdabf' Time='7/17/2026 8:04 AM',
7/17/2026 8:04:16 AM,Order,Order='5e116a4db12748c9b7cb6312f7cbdabf/Sim101' Name='Entry' New state='Filled' Instrument='MES SEP26' Action='Buy' Limit price=0 Stop price=0 Quantity=12 Type='Market' Time in force=GTC Oco='' Filled=12 Fill price=7508.25 Error='No error' Native error='',
7/17/2026 8:04:16 AM,Order,Order='5e116a4db12748c9b7cb6312f7cbdabf/Sim101' Name='Entry' New state='Working' Instrument='MES SEP26' Action='Buy' Limit price=0 Stop price=0 Quantity=12 Type='Market' Time in force=GTC Oco='' Filled=0 Fill price=0 Error='No error' Native error='',
7/17/2026 8:04:16 AM,Order,Order='5e116a4db12748c9b7cb6312f7cbdabf/Sim101' Name='Entry' New state='Accepted' Instrument='MES SEP26' Action='Buy' Limit price=0 Stop price=0 Quantity=12 Type='Market' Time in force=GTC Oco='' Filled=0 Fill price=0 Error='No error' Native error='',
7/17/2026 8:04:15 AM,Order,Order='5e116a4db12748c9b7cb6312f7cbdabf/Sim101' Name='Entry' New state='Submitted' Instrument='MES SEP26' Action='Buy' Limit price=0 Stop price=0 Quantity=12 Type='Market' Time in force=GTC Oco='' Filled=0 Fill price=0 Error='No error' Native error='',
7/17/2026 8:04:15 AM,Order,Chart Trader submitting order with strategy 'MES RMA 4SL 12Q - 1' (Ticks),
7/17/2026 8:02:12 AM,Order,Order='9950a4d3a02648c8bfaf30ef6ad3910b/Sim102' Name='Target4' New state='Cancelled' Instrument='MES SEP26' Action='Buy to cover' Limit price=7504.75 Stop price=0 Quantity=1 Type='Limit' Time in force=GTC Oco='a5f060cbf5b942eaa273315032ff6c32' Filled=0 Fill price=0 Error='No error' Native error='',
7/17/2026 8:02:12 AM,Strategy,Cancelling any remaining strategy orders,
7/17/2026 8:02:12 AM,Position,Instrument='MES SEP26' Account='Sim102' Average price=0 Quantity=0 Market position=Flat Operation=Remove,
7/17/2026 8:02:12 AM,Order,Order='670e648acedd4fb4832b7273984103bb/Sim102' Name='Target3' New state='Cancelled' Instrument='MES SEP26' Action='Buy to cover' Limit price=7505.75 Stop price=0 Quantity=1 Type='Limit' Time in force=GTC Oco='05ef42b3d06748448e962149a4ff5f24' Filled=0 Fill price=0 Error='No error' Native error='',
7/17/2026 8:02:12 AM,Execution,Execution='79500b7c666a4f3ba49b7af1eac6ff70' Instrument='MES SEP26' Account='Sim102' Exchange=Default Price=7512.75 Quantity=1 Market position=Long Operation=Operation_Add Order='ef861dc7df194ab49047b5145109a38d' Time='7/17/2026 8:02 AM',
7/17/2026 8:02:12 AM,Order,Order='9950a4d3a02648c8bfaf30ef6ad3910b/Sim102' Name='Target4' New state='Cancel submitted' Instrument='MES SEP26' Action='Buy to cover' Limit price=7504.75 Stop price=0 Quantity=1 Type='Limit' Time in force=GTC Oco='a5f060cbf5b942eaa273315032ff6c32' Filled=0 Fill price=0 Error='No error' Native error='',
7/17/2026 8:02:12 AM,Order,Order='ef861dc7df194ab49047b5145109a38d/Sim102' Name='Stop4' New state='Filled' Instrument='MES SEP26' Action='Buy to cover' Limit price=0 Stop price=7512.75 Quantity=1 Type='Stop Market' Time in force=GTC Oco='a5f060cbf5b942eaa273315032ff6c32' Filled=1 Fill price=7512.75 Error='No error' Native error='',
7/17/2026 8:02:12 AM,Position,Instrument='MES SEP26' Account='Sim102' Average price=7508.75 Quantity=1 Market position=Short Operation=Update,
7/17/2026 8:02:11 AM,Order,Order='8e355713f3404e8fa23646add9a339fc/Sim102' Name='Target2' New state='Cancelled' Instrument='MES SEP26' Action='Buy to cover' Limit price=7506.75 Stop price=0 Quantity=1 Type='Limit' Time in force=GTC Oco='a110a85608124820a88d111112bb5d1b' Filled=0 Fill price=0 Error='No error' Native error='',
7/17/2026 8:02:11 AM,Order,Order='670e648acedd4fb4832b7273984103bb/Sim102' Name='Target3' New state='Cancel submitted' Instrument='MES SEP26' Action='Buy to cover' Limit price=7505.75 Stop price=0 Quantity=1 Type='Limit' Time in force=GTC Oco='05ef42b3d06748448e962149a4ff5f24' Filled=0 Fill price=0 Error='No error' Native error='',
7/17/2026 8:02:11 AM,Execution,Execution='613c5453162049a9b5d9f3d140dd5713' Instrument='MES SEP26' Account='Sim102' Exchange=Default Price=7512.75 Quantity=1 Market position=Long Operation=Operation_Add Order='6222c87700db48f18d5723867d0b4222' Time='7/17/2026 8:02 AM',
7/17/2026 8:02:11 AM,Order,Order='6222c87700db48f18d5723867d0b4222/Sim102' Name='Stop3' New state='Filled' Instrument='MES SEP26' Action='Buy to cover' Limit price=0 Stop price=7512.75 Quantity=1 Type='Stop Market' Time in force=GTC Oco='05ef42b3d06748448e962149a4ff5f24' Filled=1 Fill price=7512.75 Error='No error' Native error='',
7/17/2026 8:02:11 AM,Position,Instrument='MES SEP26' Account='Sim102' Average price=7508.75 Quantity=2 Market position=Short Operation=Update,
7/17/2026 8:02:11 AM,Execution,Execution='18b58773c3ad4ba4b0579e2e113a5175' Instrument='MES SEP26' Account='Sim102' Exchange=Default Price=7512.75 Quantity=1 Market position=Long Operation=Operation_Add Order='46a4f3f2dcc146b785fae71f59d8ccc2' Time='7/17/2026 8:02 AM',
7/17/2026 8:02:11 AM,Order,Order='8e355713f3404e8fa23646add9a339fc/Sim102' Name='Target2' New state='Cancel submitted' Instrument='MES SEP26' Action='Buy to cover' Limit price=7506.75 Stop price=0 Quantity=1 Type='Limit' Time in force=GTC Oco='a110a85608124820a88d111112bb5d1b' Filled=0 Fill price=0 Error='No error' Native error='',
7/17/2026 8:02:11 AM,Order,Order='46a4f3f2dcc146b785fae71f59d8ccc2/Sim102' Name='Stop2' New state='Filled' Instrument='MES SEP26' Action='Buy to cover' Limit price=0 Stop price=7512.75 Quantity=1 Type='Stop Market' Time in force=GTC Oco='a110a85608124820a88d111112bb5d1b' Filled=1 Fill price=7512.75 Error='No error' Native error='',
7/17/2026 8:02:11 AM,Order,Order='709ed4ca30b34d9c9ba728643b3b8e9b/Sim102' Name='Target1' New state='Cancelled' Instrument='MES SEP26' Action='Buy to cover' Limit price=7507.75 Stop price=0 Quantity=9 Type='Limit' Time in force=GTC Oco='a2066903da964346b258889c124ec868' Filled=0 Fill price=0 Error='No error' Native error='',
7/17/2026 8:02:11 AM,Position,Instrument='MES SEP26' Account='Sim102' Average price=7508.75 Quantity=3 Market position=Short Operation=Update,
7/17/2026 8:02:11 AM,Execution,Execution='556ee59b6ad042ffb091dcde64764ea5' Instrument='MES SEP26' Account='Sim102' Exchange=Default Price=7512.75 Quantity=9 Market position=Long Operation=Operation_Add Order='f9addcdd851e425e82f72f7fff8ee645' Time='7/17/2026 8:02 AM',
7/17/2026 8:02:11 AM,Order,Order='709ed4ca30b34d9c9ba728643b3b8e9b/Sim102' Name='Target1' New state='Cancel submitted' Instrument='MES SEP26' Action='Buy to cover' Limit price=7507.75 Stop price=0 Quantity=9 Type='Limit' Time in force=GTC Oco='a2066903da964346b258889c124ec868' Filled=0 Fill price=0 Error='No error' Native error='',
7/17/2026 8:02:11 AM,Order,Order='f9addcdd851e425e82f72f7fff8ee645/Sim102' Name='Stop1' New state='Filled' Instrument='MES SEP26' Action='Buy to cover' Limit price=0 Stop price=7512.75 Quantity=9 Type='Stop Market' Time in force=GTC Oco='a2066903da964346b258889c124ec868' Filled=9 Fill price=7512.75 Error='No error' Native error='',
7/17/2026 8:02:11 AM,Order,Order='ef861dc7df194ab49047b5145109a38d/Sim102' Name='Stop4' New state='Working' Instrument='MES SEP26' Action='Buy to cover' Limit price=0 Stop price=7512.75 Quantity=1 Type='Stop Market' Time in force=GTC Oco='a5f060cbf5b942eaa273315032ff6c32' Filled=0 Fill price=0 Error='No error' Native error='',
7/17/2026 8:02:11 AM,Order,Order='6222c87700db48f18d5723867d0b4222/Sim102' Name='Stop3' New state='Working' Instrument='MES SEP26' Action='Buy to cover' Limit price=0 Stop price=7512.75 Quantity=1 Type='Stop Market' Time in force=GTC Oco='05ef42b3d06748448e962149a4ff5f24' Filled=0 Fill price=0 Error='No error' Native error='',
7/17/2026 8:02:11 AM,Order,Order='46a4f3f2dcc146b785fae71f59d8ccc2/Sim102' Name='Stop2' New state='Working' Instrument='MES SEP26' Action='Buy to cover' Limit price=0 Stop price=7512.75 Quantity=1 Type='Stop Market' Time in force=GTC Oco='a110a85608124820a88d111112bb5d1b' Filled=0 Fill price=0 Error='No error' Native error='',
7/17/2026 8:02:11 AM,Order,Order='f9addcdd851e425e82f72f7fff8ee645/Sim102' Name='Stop1' New state='Working' Instrument='MES SEP26' Action='Buy to cover' Limit price=0 Stop price=7512.75 Quantity=9 Type='Stop Market' Time in force=GTC Oco='a2066903da964346b258889c124ec868' Filled=0 Fill price=0 Error='No error' Native error='',
7/17/2026 8:02:01 AM,Order,Order='5e1099c762884d77ac892c28e06426ab/Sim101' Name='Target4' New state='Cancelled' Instrument='MES SEP26' Action='Sell' Limit price=7514 Stop price=0 Quantity=1 Type='Limit' Time in force=GTC Oco='03dd12f2b04d4be3bc2d5252d21f940a' Filled=0 Fill price=0 Error='No error' Native error='',
7/17/2026 8:02:01 AM,Strategy,Cancelling any remaining strategy orders,
7/17/2026 8:02:01 AM,Position,Instrument='MES SEP26' Account='Sim101' Average price=0 Quantity=0 Market position=Flat Operation=Remove,
7/17/2026 8:02:01 AM,Order,Order='b8884845c7c04a15bb655adc7324c329/Sim101' Name='Target3' New state='Cancelled' Instrument='MES SEP26' Action='Sell' Limit price=7513 Stop price=0 Quantity=1 Type='Limit' Time in force=GTC Oco='884adc30c31a431a972074c5e75d772f' Filled=0 Fill price=0 Error='No error' Native error='',
7/17/2026 8:02:01 AM,Execution,Execution='a04ab55a4db940cda4c957738642992d' Instrument='MES SEP26' Account='Sim101' Exchange=Default Price=7510.25 Quantity=1 Market position=Short Operation=Operation_Add Order='65d553c742f54c39b10df9b3e6132321' Time='7/17/2026 8:02 AM',
7/17/2026 8:02:01 AM,Order,Order='5e1099c762884d77ac892c28e06426ab/Sim101' Name='Target4' New state='Cancel submitted' Instrument='MES SEP26' Action='Sell' Limit price=7514 Stop price=0 Quantity=1 Type='Limit' Time in force=GTC Oco='03dd12f2b04d4be3bc2d5252d21f940a' Filled=0 Fill price=0 Error='No error' Native error='',
7/17/2026 8:02:01 AM,Order,Order='65d553c742f54c39b10df9b3e6132321/Sim101' Name='Stop4' New state='Filled' Instrument='MES SEP26' Action='Sell' Limit price=0 Stop price=7510.25 Quantity=1 Type='Stop Market' Time in force=GTC Oco='03dd12f2b04d4be3bc2d5252d21f940a' Filled=1 Fill price=7510.25 Error='No error' Native error='',
7/17/2026 8:02:01 AM,Position,Instrument='MES SEP26' Account='Sim101' Average price=7510 Quantity=1 Market position=Long Operation=Update,
7/17/2026 8:02:01 AM,Order,Order='573c773ae9004a02b8c6825f8028c530/Sim101' Name='Target2' New state='Cancelled' Instrument='MES SEP26' Action='Sell' Limit price=7512 Stop price=0 Quantity=1 Type='Limit' Time in force=GTC Oco='4bf8a32fb96848c2bef999c0784e36ba' Filled=0 Fill price=0 Error='No error' Native error='',
7/17/2026 8:02:01 AM,Execution,Execution='98079934fbcf4ad894aa6c60e9a1e117' Instrument='MES SEP26' Account='Sim101' Exchange=Default Price=7510.25 Quantity=1 Market position=Short Operation=Operation_Add Order='82af6d74653c4e168b9c40f9708ccbdf' Time='7/17/2026 8:02 AM',
7/17/2026 8:02:01 AM,Order,Order='b8884845c7c04a15bb655adc7324c329/Sim101' Name='Target3' New state='Cancel submitted' Instrument='MES SEP26' Action='Sell' Limit price=7513 Stop price=0 Quantity=1 Type='Limit' Time in force=GTC Oco='884adc30c31a431a972074c5e75d772f' Filled=0 Fill price=0 Error='No error' Native error='',
7/17/2026 8:02:01 AM,Order,Order='82af6d74653c4e168b9c40f9708ccbdf/Sim101' Name='Stop3' New state='Filled' Instrument='MES SEP26' Action='Sell' Limit price=0 Stop price=7510.25 Quantity=1 Type='Stop Market' Time in force=GTC Oco='884adc30c31a431a972074c5e75d772f' Filled=1 Fill price=7510.25 Error='No error' Native error='',
7/17/2026 8:02:01 AM,Position,Instrument='MES SEP26' Account='Sim101' Average price=7510 Quantity=2 Market position=Long Operation=Update,
7/17/2026 8:02:01 AM,Execution,Execution='929cb91c881544e4aa6531e9d9f65f5b' Instrument='MES SEP26' Account='Sim101' Exchange=Default Price=7510.25 Quantity=1 Market position=Short Operation=Operation_Add Order='ed3f4b75212e47a7bc59033d5772570b' Time='7/17/2026 8:02 AM',
7/17/2026 8:02:01 AM,Order,Order='573c773ae9004a02b8c6825f8028c530/Sim101' Name='Target2' New state='Cancel submitted' Instrument='MES SEP26' Action='Sell' Limit price=7512 Stop price=0 Quantity=1 Type='Limit' Time in force=GTC Oco='4bf8a32fb96848c2bef999c0784e36ba' Filled=0 Fill price=0 Error='No error' Native error='',
7/17/2026 8:02:01 AM,Order,Order='ed3f4b75212e47a7bc59033d5772570b/Sim101' Name='Stop2' New state='Filled' Instrument='MES SEP26' Action='Sell' Limit price=0 Stop price=7510.25 Quantity=1 Type='Stop Market' Time in force=GTC Oco='4bf8a32fb96848c2bef999c0784e36ba' Filled=1 Fill price=7510.25 Error='No error' Native error='',
7/17/2026 8:02:01 AM,Order,Order='82af6d74653c4e168b9c40f9708ccbdf/Sim101' Name='Stop3' New state='Working' Instrument='MES SEP26' Action='Sell' Limit price=0 Stop price=7510.25 Quantity=1 Type='Stop Market' Time in force=GTC Oco='884adc30c31a431a972074c5e75d772f' Filled=0 Fill price=0 Error='No error' Native error='',
7/17/2026 8:02:01 AM,Order,Order='65d553c742f54c39b10df9b3e6132321/Sim101' Name='Stop4' New state='Working' Instrument='MES SEP26' Action='Sell' Limit price=0 Stop price=7510.25 Quantity=1 Type='Stop Market' Time in force=GTC Oco='03dd12f2b04d4be3bc2d5252d21f940a' Filled=0 Fill price=0 Error='No error' Native error='',
7/17/2026 8:02:01 AM,Order,Order='ed3f4b75212e47a7bc59033d5772570b/Sim101' Name='Stop2' New state='Working' Instrument='MES SEP26' Action='Sell' Limit price=0 Stop price=7510.25 Quantity=1 Type='Stop Market' Time in force=GTC Oco='4bf8a32fb96848c2bef999c0784e36ba' Filled=0 Fill price=0 Error='No error' Native error='',
7/17/2026 8:01:59 AM,Order,Order='65d553c742f54c39b10df9b3e6132321/Sim101' Name='Stop4' New state='Accepted' Instrument='MES SEP26' Action='Sell' Limit price=0 Stop price=7510.25 Quantity=1 Type='Stop Market' Time in force=GTC Oco='03dd12f2b04d4be3bc2d5252d21f940a' Filled=0 Fill price=0 Error='No error' Native error='',
7/17/2026 8:01:59 AM,Order,Order='82af6d74653c4e168b9c40f9708ccbdf/Sim101' Name='Stop3' New state='Accepted' Instrument='MES SEP26' Action='Sell' Limit price=0 Stop price=7510.25 Quantity=1 Type='Stop Market' Time in force=GTC Oco='884adc30c31a431a972074c5e75d772f' Filled=0 Fill price=0 Error='No error' Native error='',
7/17/2026 8:01:59 AM,Order,Order='ed3f4b75212e47a7bc59033d5772570b/Sim101' Name='Stop2' New state='Accepted' Instrument='MES SEP26' Action='Sell' Limit price=0 Stop price=7510.25 Quantity=1 Type='Stop Market' Time in force=GTC Oco='4bf8a32fb96848c2bef999c0784e36ba' Filled=0 Fill price=0 Error='No error' Native error='',
7/17/2026 8:01:59 AM,Order,Order='65d553c742f54c39b10df9b3e6132321/Sim101' Name='Stop4' New state='Change submitted' Instrument='MES SEP26' Action='Sell' Limit price=0 Stop price=7510.25 Quantity=1 Type='Stop Market' Time in force=GTC Oco='03dd12f2b04d4be3bc2d5252d21f940a' Filled=0 Fill price=0 Error='No error' Native error='',
7/17/2026 8:01:59 AM,Order,Auto breakeven price modification from '7506.00' to '7510.25',
7/17/2026 8:01:59 AM,Order,Order='82af6d74653c4e168b9c40f9708ccbdf/Sim101' Name='Stop3' New state='Change submitted' Instrument='MES SEP26' Action='Sell' Limit price=0 Stop price=7510.25 Quantity=1 Type='Stop Market' Time in force=GTC Oco='884adc30c31a431a972074c5e75d772f' Filled=0 Fill price=0 Error='No error' Native error='',
7/17/2026 8:01:59 AM,Order,Auto breakeven price modification from '7506.00' to '7510.25',
7/17/2026 8:01:59 AM,Order,Order='ed3f4b75212e47a7bc59033d5772570b/Sim101' Name='Stop2' New state='Change submitted' Instrument='MES SEP26' Action='Sell' Limit price=0 Stop price=7510.25 Quantity=1 Type='Stop Market' Time in force=GTC Oco='4bf8a32fb96848c2bef999c0784e36ba' Filled=0 Fill price=0 Error='No error' Native error='',
7/17/2026 8:01:59 AM,Order,Order='d2b4c283946245569f7bba8902aef3fa/Sim101' Name='Stop1' New state='Cancelled' Instrument='MES SEP26' Action='Sell' Limit price=0 Stop price=7506 Quantity=9 Type='Stop Market' Time in force=GTC Oco='1aff3693f0b647cd86eeff8ae39fd519' Filled=0 Fill price=0 Error='No error' Native error='',
7/17/2026 8:01:59 AM,Order,Auto breakeven price modification from '7506.00' to '7510.25',
7/17/2026 8:01:59 AM,Position,Instrument='MES SEP26' Account='Sim101' Average price=7510 Quantity=3 Market position=Long Operation=Update,
7/17/2026 8:01:59 AM,Execution,Execution='7d5f168973ec44888105f8d3ac0dd2ad' Instrument='MES SEP26' Account='Sim101' Exchange=Default Price=7511 Quantity=9 Market position=Short Operation=Operation_Add Order='eb6e81c4e2f744979e1cb67f6dce3cc5' Time='7/17/2026 8:01 AM',
7/17/2026 8:01:59 AM,Order,Order='d2b4c283946245569f7bba8902aef3fa/Sim101' Name='Stop1' New state='Cancel submitted' Instrument='MES SEP26' Action='Sell' Limit price=0 Stop price=7506 Quantity=9 Type='Stop Market' Time in force=GTC Oco='1aff3693f0b647cd86eeff8ae39fd519' Filled=0 Fill price=0 Error='No error' Native error='',
7/17/2026 8:01:59 AM,Order,Order='eb6e81c4e2f744979e1cb67f6dce3cc5/Sim101' Name='Target1' New state='Filled' Instrument='MES SEP26' Action='Sell' Limit price=7511 Stop price=0 Quantity=9 Type='Limit' Time in force=GTC Oco='1aff3693f0b647cd86eeff8ae39fd519' Filled=9 Fill price=7511 Error='No error' Native error='',
7/17/2026 8:01:35 AM,Order,Order='9950a4d3a02648c8bfaf30ef6ad3910b/Sim102' Name='Target4' New state='Working' Instrument='MES SEP26' Action='Buy to cover' Limit price=7504.75 Stop price=0 Quantity=1 Type='Limit' Time in force=GTC Oco='a5f060cbf5b942eaa273315032ff6c32' Filled=0 Fill price=0 Error='No error' Native error='',
7/17/2026 8:01:35 AM,Order,Order='9950a4d3a02648c8bfaf30ef6ad3910b/Sim102' Name='Target4' New state='Accepted' Instrument='MES SEP26' Action='Buy to cover' Limit price=7504.75 Stop price=0 Quantity=1 Type='Limit' Time in force=GTC Oco='a5f060cbf5b942eaa273315032ff6c32' Filled=0 Fill price=0 Error='No error' Native error='',
7/17/2026 8:01:35 AM,Order,Order='ef861dc7df194ab49047b5145109a38d/Sim102' Name='Stop4' New state='Accepted' Instrument='MES SEP26' Action='Buy to cover' Limit price=0 Stop price=7512.75 Quantity=1 Type='Stop Market' Time in force=GTC Oco='a5f060cbf5b942eaa273315032ff6c32' Filled=0 Fill price=0 Error='No error' Native error='',
7/17/2026 8:01:35 AM,Order,Order='670e648acedd4fb4832b7273984103bb/Sim102' Name='Target3' New state='Accepted' Instrument='MES SEP26' Action='Buy to cover' Limit price=7505.75 Stop price=0 Quantity=1 Type='Limit' Time in force=GTC Oco='05ef42b3d06748448e962149a4ff5f24' Filled=0 Fill price=0 Error='No error' Native error='',
7/17/2026 8:01:35 AM,Order,Order='670e648acedd4fb4832b7273984103bb/Sim102' Name='Target3' New state='Working' Instrument='MES SEP26' Action='Buy to cover' Limit price=7505.75 Stop price=0 Quantity=1 Type='Limit' Time in force=GTC Oco='05ef42b3d06748448e962149a4ff5f24' Filled=0 Fill price=0 Error='No error' Native error='',
7/17/2026 8:01:35 AM,Order,Order='6222c87700db48f18d5723867d0b4222/Sim102' Name='Stop3' New state='Accepted' Instrument='MES SEP26' Action='Buy to cover' Limit price=0 Stop price=7512.75 Quantity=1 Type='Stop Market' Time in force=GTC Oco='05ef42b3d06748448e962149a4ff5f24' Filled=0 Fill price=0 Error='No error' Native error='',
7/17/2026 8:01:35 AM,Order,Order='8e355713f3404e8fa23646add9a339fc/Sim102' Name='Target2' New state='Working' Instrument='MES SEP26' Action='Buy to cover' Limit price=7506.75 Stop price=0 Quantity=1 Type='Limit' Time in force=GTC Oco='a110a85608124820a88d111112bb5d1b' Filled=0 Fill price=0 Error='No error' Native error='',
7/17/2026 8:01:35 AM,Order,Order='46a4f3f2dcc146b785fae71f59d8ccc2/Sim102' Name='Stop2' New state='Accepted' Instrument='MES SEP26' Action='Buy to cover' Limit price=0 Stop price=7512.75 Quantity=1 Type='Stop Market' Time in force=GTC Oco='a110a85608124820a88d111112bb5d1b' Filled=0 Fill price=0 Error='No error' Native error='',
7/17/2026 8:01:35 AM,Order,Order='8e355713f3404e8fa23646add9a339fc/Sim102' Name='Target2' New state='Accepted' Instrument='MES SEP26' Action='Buy to cover' Limit price=7506.75 Stop price=0 Quantity=1 Type='Limit' Time in force=GTC Oco='a110a85608124820a88d111112bb5d1b' Filled=0 Fill price=0 Error='No error' Native error='',
7/17/2026 8:01:35 AM,Order,Order='709ed4ca30b34d9c9ba728643b3b8e9b/Sim102' Name='Target1' New state='Working' Instrument='MES SEP26' Action='Buy to cover' Limit price=7507.75 Stop price=0 Quantity=9 Type='Limit' Time in force=GTC Oco='a2066903da964346b258889c124ec868' Filled=0 Fill price=0 Error='No error' Native error='',
7/17/2026 8:01:35 AM,Order,Order='709ed4ca30b34d9c9ba728643b3b8e9b/Sim102' Name='Target1' New state='Accepted' Instrument='MES SEP26' Action='Buy to cover' Limit price=7507.75 Stop price=0 Quantity=9 Type='Limit' Time in force=GTC Oco='a2066903da964346b258889c124ec868' Filled=0 Fill price=0 Error='No error' Native error='',
7/17/2026 8:01:35 AM,Order,Order='f9addcdd851e425e82f72f7fff8ee645/Sim102' Name='Stop1' New state='Accepted' Instrument='MES SEP26' Action='Buy to cover' Limit price=0 Stop price=7512.75 Quantity=9 Type='Stop Market' Time in force=GTC Oco='a2066903da964346b258889c124ec868' Filled=0 Fill price=0 Error='No error' Native error='',
7/17/2026 8:01:35 AM,Order,Order='9950a4d3a02648c8bfaf30ef6ad3910b/Sim102' Name='Target4' New state='Submitted' Instrument='MES SEP26' Action='Buy to cover' Limit price=7504.75 Stop price=0 Quantity=1 Type='Limit' Time in force=GTC Oco='a5f060cbf5b942eaa273315032ff6c32' Filled=0 Fill price=0 Error='No error' Native error='',
7/17/2026 8:01:35 AM,Order,Order='ef861dc7df194ab49047b5145109a38d/Sim102' Name='Stop4' New state='Submitted' Instrument='MES SEP26' Action='Buy to cover' Limit price=0 Stop price=7512.75 Quantity=1 Type='Stop Market' Time in force=GTC Oco='a5f060cbf5b942eaa273315032ff6c32' Filled=0 Fill price=0 Error='No error' Native error='',
7/17/2026 8:01:35 AM,Order,Order='670e648acedd4fb4832b7273984103bb/Sim102' Name='Target3' New state='Submitted' Instrument='MES SEP26' Action='Buy to cover' Limit price=7505.75 Stop price=0 Quantity=1 Type='Limit' Time in force=GTC Oco='05ef42b3d06748448e962149a4ff5f24' Filled=0 Fill price=0 Error='No error' Native error='',
7/17/2026 8:01:35 AM,Order,Order='6222c87700db48f18d5723867d0b4222/Sim102' Name='Stop3' New state='Submitted' Instrument='MES SEP26' Action='Buy to cover' Limit price=0 Stop price=7512.75 Quantity=1 Type='Stop Market' Time in force=GTC Oco='05ef42b3d06748448e962149a4ff5f24' Filled=0 Fill price=0 Error='No error' Native error='',
7/17/2026 8:01:35 AM,Order,Order='8e355713f3404e8fa23646add9a339fc/Sim102' Name='Target2' New state='Submitted' Instrument='MES SEP26' Action='Buy to cover' Limit price=7506.75 Stop price=0 Quantity=1 Type='Limit' Time in force=GTC Oco='a110a85608124820a88d111112bb5d1b' Filled=0 Fill price=0 Error='No error' Native error='',
7/17/2026 8:01:35 AM,Order,Order='46a4f3f2dcc146b785fae71f59d8ccc2/Sim102' Name='Stop2' New state='Submitted' Instrument='MES SEP26' Action='Buy to cover' Limit price=0 Stop price=7512.75 Quantity=1 Type='Stop Market' Time in force=GTC Oco='a110a85608124820a88d111112bb5d1b' Filled=0 Fill price=0 Error='No error' Native error='',
7/17/2026 8:01:35 AM,Order,Order='709ed4ca30b34d9c9ba728643b3b8e9b/Sim102' Name='Target1' New state='Submitted' Instrument='MES SEP26' Action='Buy to cover' Limit price=7507.75 Stop price=0 Quantity=9 Type='Limit' Time in force=GTC Oco='a2066903da964346b258889c124ec868' Filled=0 Fill price=0 Error='No error' Native error='',
7/17/2026 8:01:35 AM,Order,Order='f9addcdd851e425e82f72f7fff8ee645/Sim102' Name='Stop1' New state='Submitted' Instrument='MES SEP26' Action='Buy to cover' Limit price=0 Stop price=7512.75 Quantity=9 Type='Stop Market' Time in force=GTC Oco='a2066903da964346b258889c124ec868' Filled=0 Fill price=0 Error='No error' Native error='',
7/17/2026 8:01:35 AM,Position,Instrument='MES SEP26' Account='Sim102' Average price=7508.75 Quantity=12 Market position=Short Operation=Operation_Add,
7/17/2026 8:01:35 AM,Execution,Execution='c719d9f9191746cea774461ae9fbeef5' Instrument='MES SEP26' Account='Sim102' Exchange=Default Price=7508.75 Quantity=12 Market position=Short Operation=Operation_Add Order='4ae0ee6348f94579be08e043029d4c6e' Time='7/17/2026 8:01 AM',
7/17/2026 8:01:35 AM,Order,Order='4ae0ee6348f94579be08e043029d4c6e/Sim102' Name='Entry' New state='Filled' Instrument='MES SEP26' Action='Sell' Limit price=0 Stop price=0 Quantity=12 Type='Market' Time in force=GTC Oco='' Filled=12 Fill price=7508.75 Error='No error' Native error='',
7/17/2026 8:01:35 AM,Order,Order='4ae0ee6348f94579be08e043029d4c6e/Sim102' Name='Entry' New state='Working' Instrument='MES SEP26' Action='Sell' Limit price=0 Stop price=0 Quantity=12 Type='Market' Time in force=GTC Oco='' Filled=0 Fill price=0 Error='No error' Native error='',
7/17/2026 8:01:35 AM,Order,Order='4ae0ee6348f94579be08e043029d4c6e/Sim102' Name='Entry' New state='Accepted' Instrument='MES SEP26' Action='Sell' Limit price=0 Stop price=0 Quantity=12 Type='Market' Time in force=GTC Oco='' Filled=0 Fill price=0 Error='No error' Native error='',
7/17/2026 8:01:35 AM,Order,Order='4ae0ee6348f94579be08e043029d4c6e/Sim102' Name='Entry' New state='Submitted' Instrument='MES SEP26' Action='Sell' Limit price=0 Stop price=0 Quantity=12 Type='Market' Time in force=GTC Oco='' Filled=0 Fill price=0 Error='No error' Native error='',
7/17/2026 8:01:35 AM,Order,Chart Trader submitting order with strategy 'MES RMA 4SL 12Q - 2' (Ticks),
7/17/2026 8:01:34 AM,Order,Order='5e1099c762884d77ac892c28e06426ab/Sim101' Name='Target4' New state='Working' Instrument='MES SEP26' Action='Sell' Limit price=7514 Stop price=0 Quantity=1 Type='Limit' Time in force=GTC Oco='03dd12f2b04d4be3bc2d5252d21f940a' Filled=0 Fill price=0 Error='No error' Native error='',
7/17/2026 8:01:34 AM,Order,Order='5e1099c762884d77ac892c28e06426ab/Sim101' Name='Target4' New state='Accepted' Instrument='MES SEP26' Action='Sell' Limit price=7514 Stop price=0 Quantity=1 Type='Limit' Time in force=GTC Oco='03dd12f2b04d4be3bc2d5252d21f940a' Filled=0 Fill price=0 Error='No error' Native error='',
7/17/2026 8:01:34 AM,Order,Order='b8884845c7c04a15bb655adc7324c329/Sim101' Name='Target3' New state='Working' Instrument='MES SEP26' Action='Sell' Limit price=7513 Stop price=0 Quantity=1 Type='Limit' Time in force=GTC Oco='884adc30c31a431a972074c5e75d772f' Filled=0 Fill price=0 Error='No error' Native error='',
7/17/2026 8:01:34 AM,Order,Order='65d553c742f54c39b10df9b3e6132321/Sim101' Name='Stop4' New state='Accepted' Instrument='MES SEP26' Action='Sell' Limit price=0 Stop price=7506 Quantity=1 Type='Stop Market' Time in force=GTC Oco='03dd12f2b04d4be3bc2d5252d21f940a' Filled=0 Fill price=0 Error='No error' Native error='',
7/17/2026 8:01:34 AM,Order,Order='b8884845c7c04a15bb655adc7324c329/Sim101' Name='Target3' New state='Accepted' Instrument='MES SEP26' Action='Sell' Limit price=7513 Stop price=0 Quantity=1 Type='Limit' Time in force=GTC Oco='884adc30c31a431a972074c5e75d772f' Filled=0 Fill price=0 Error='No error' Native error='',
7/17/2026 8:01:34 AM,Order,Order='573c773ae9004a02b8c6825f8028c530/Sim101' Name='Target2' New state='Working' Instrument='MES SEP26' Action='Sell' Limit price=7512 Stop price=0 Quantity=1 Type='Limit' Time in force=GTC Oco='4bf8a32fb96848c2bef999c0784e36ba' Filled=0 Fill price=0 Error='No error' Native error='',
7/17/2026 8:01:34 AM,Order,Order='82af6d74653c4e168b9c40f9708ccbdf/Sim101' Name='Stop3' New state='Accepted' Instrument='MES SEP26' Action='Sell' Limit price=0 Stop price=7506 Quantity=1 Type='Stop Market' Time in force=GTC Oco='884adc30c31a431a972074c5e75d772f' Filled=0 Fill price=0 Error='No error' Native error='',
7/17/2026 8:01:34 AM,Order,Order='573c773ae9004a02b8c6825f8028c530/Sim101' Name='Target2' New state='Accepted' Instrument='MES SEP26' Action='Sell' Limit price=7512 Stop price=0 Quantity=1 Type='Limit' Time in force=GTC Oco='4bf8a32fb96848c2bef999c0784e36ba' Filled=0 Fill price=0 Error='No error' Native error='',
7/17/2026 8:01:34 AM,Order,Order='ed3f4b75212e47a7bc59033d5772570b/Sim101' Name='Stop2' New state='Accepted' Instrument='MES SEP26' Action='Sell' Limit price=0 Stop price=7506 Quantity=1 Type='Stop Market' Time in force=GTC Oco='4bf8a32fb96848c2bef999c0784e36ba' Filled=0 Fill price=0 Error='No error' Native error='',
7/17/2026 8:01:34 AM,Order,Order='eb6e81c4e2f744979e1cb67f6dce3cc5/Sim101' Name='Target1' New state='Working' Instrument='MES SEP26' Action='Sell' Limit price=7511 Stop price=0 Quantity=9 Type='Limit' Time in force=GTC Oco='1aff3693f0b647cd86eeff8ae39fd519' Filled=0 Fill price=0 Error='No error' Native error='',
7/17/2026 8:01:34 AM,Order,Order='eb6e81c4e2f744979e1cb67f6dce3cc5/Sim101' Name='Target1' New state='Accepted' Instrument='MES SEP26' Action='Sell' Limit price=7511 Stop price=0 Quantity=9 Type='Limit' Time in force=GTC Oco='1aff3693f0b647cd86eeff8ae39fd519' Filled=0 Fill price=0 Error='No error' Native error='',
7/17/2026 8:01:34 AM,Order,Order='d2b4c283946245569f7bba8902aef3fa/Sim101' Name='Stop1' New state='Accepted' Instrument='MES SEP26' Action='Sell' Limit price=0 Stop price=7506 Quantity=9 Type='Stop Market' Time in force=GTC Oco='1aff3693f0b647cd86eeff8ae39fd519' Filled=0 Fill price=0 Error='No error' Native error='',
7/17/2026 8:01:34 AM,Order,Order='5e1099c762884d77ac892c28e06426ab/Sim101' Name='Target4' New state='Submitted' Instrument='MES SEP26' Action='Sell' Limit price=7514 Stop price=0 Quantity=1 Type='Limit' Time in force=GTC Oco='03dd12f2b04d4be3bc2d5252d21f940a' Filled=0 Fill price=0 Error='No error' Native error='',
7/17/2026 8:01:34 AM,Order,Order='65d553c742f54c39b10df9b3e6132321/Sim101' Name='Stop4' New state='Submitted' Instrument='MES SEP26' Action='Sell' Limit price=0 Stop price=7506 Quantity=1 Type='Stop Market' Time in force=GTC Oco='03dd12f2b04d4be3bc2d5252d21f940a' Filled=0 Fill price=0 Error='No error' Native error='',
7/17/2026 8:01:34 AM,Order,Order='b8884845c7c04a15bb655adc7324c329/Sim101' Name='Target3' New state='Submitted' Instrument='MES SEP26' Action='Sell' Limit price=7513 Stop price=0 Quantity=1 Type='Limit' Time in force=GTC Oco='884adc30c31a431a972074c5e75d772f' Filled=0 Fill price=0 Error='No error' Native error='',
7/17/2026 8:01:34 AM,Order,Order='82af6d74653c4e168b9c40f9708ccbdf/Sim101' Name='Stop3' New state='Submitted' Instrument='MES SEP26' Action='Sell' Limit price=0 Stop price=7506 Quantity=1 Type='Stop Market' Time in force=GTC Oco='884adc30c31a431a972074c5e75d772f' Filled=0 Fill price=0 Error='No error' Native error='',
7/17/2026 8:01:34 AM,Order,Order='573c773ae9004a02b8c6825f8028c530/Sim101' Name='Target2' New state='Submitted' Instrument='MES SEP26' Action='Sell' Limit price=7512 Stop price=0 Quantity=1 Type='Limit' Time in force=GTC Oco='4bf8a32fb96848c2bef999c0784e36ba' Filled=0 Fill price=0 Error='No error' Native error='',
7/17/2026 8:01:34 AM,Order,Order='ed3f4b75212e47a7bc59033d5772570b/Sim101' Name='Stop2' New state='Submitted' Instrument='MES SEP26' Action='Sell' Limit price=0 Stop price=7506 Quantity=1 Type='Stop Market' Time in force=GTC Oco='4bf8a32fb96848c2bef999c0784e36ba' Filled=0 Fill price=0 Error='No error' Native error='',
7/17/2026 8:01:34 AM,Order,Order='eb6e81c4e2f744979e1cb67f6dce3cc5/Sim101' Name='Target1' New state='Submitted' Instrument='MES SEP26' Action='Sell' Limit price=7511 Stop price=0 Quantity=9 Type='Limit' Time in force=GTC Oco='1aff3693f0b647cd86eeff8ae39fd519' Filled=0 Fill price=0 Error='No error' Native error='',
7/17/2026 8:01:34 AM,Order,Order='d2b4c283946245569f7bba8902aef3fa/Sim101' Name='Stop1' New state='Submitted' Instrument='MES SEP26' Action='Sell' Limit price=0 Stop price=7506 Quantity=9 Type='Stop Market' Time in force=GTC Oco='1aff3693f0b647cd86eeff8ae39fd519' Filled=0 Fill price=0 Error='No error' Native error='',
7/17/2026 8:01:34 AM,Position,Instrument='MES SEP26' Account='Sim101' Average price=7510 Quantity=12 Market position=Long Operation=Operation_Add,
7/17/2026 8:01:34 AM,Execution,Execution='04a26cc35a574cdc9f1b1dbdc24ec684' Instrument='MES SEP26' Account='Sim101' Exchange=Default Price=7510 Quantity=12 Market position=Long Operation=Operation_Add Order='75ea3fbb65f6428a97d4b33971d661d7' Time='7/17/2026 8:01 AM',
7/17/2026 8:01:34 AM,Order,Order='75ea3fbb65f6428a97d4b33971d661d7/Sim101' Name='Entry' New state='Filled' Instrument='MES SEP26' Action='Buy' Limit price=0 Stop price=0 Quantity=12 Type='Market' Time in force=GTC Oco='' Filled=12 Fill price=7510 Error='No error' Native error='',
7/17/2026 8:01:34 AM,Order,Order='75ea3fbb65f6428a97d4b33971d661d7/Sim101' Name='Entry' New state='Working' Instrument='MES SEP26' Action='Buy' Limit price=0 Stop price=0 Quantity=12 Type='Market' Time in force=GTC Oco='' Filled=0 Fill price=0 Error='No error' Native error='',
7/17/2026 8:01:34 AM,Order,Order='75ea3fbb65f6428a97d4b33971d661d7/Sim101' Name='Entry' New state='Accepted' Instrument='MES SEP26' Action='Buy' Limit price=0 Stop price=0 Quantity=12 Type='Market' Time in force=GTC Oco='' Filled=0 Fill price=0 Error='No error' Native error='',
7/17/2026 8:01:34 AM,Order,Order='75ea3fbb65f6428a97d4b33971d661d7/Sim101' Name='Entry' New state='Submitted' Instrument='MES SEP26' Action='Buy' Limit price=0 Stop price=0 Quantity=12 Type='Market' Time in force=GTC Oco='' Filled=0 Fill price=0 Error='No error' Native error='',
7/17/2026 8:01:33 AM,Order,Chart Trader submitting order with strategy 'MES RMA 4SL 12Q - 1' (Ticks),
7/17/2026 7:59:18 AM,Default,Restoring workspace 'Testing'...,
7/17/2026 7:59:11 AM,Connection,Using HDS (hds-us-nt-009.ninjatrader.com/31655),
7/17/2026 7:59:11 AM,Connection,Time to auto close position='12:00:00 AM' Enabled=False,
7/17/2026 7:59:11 AM,Connection,My Rithmic for NinjaTrader Brokerage: Primary connection=Connected Price feed=Connected,
7/17/2026 7:58:56 AM,Default,Restoring workspace '3'...,
7/17/2026 7:58:55 AM,Default,Auto close enabled=False,
7/17/2026 7:58:55 AM,Order,Order entry hot keys disabled,
7/17/2026 7:58:55 AM,Connection,My Rithmic for NinjaTrader Brokerage: Primary connection=Connecting Price feed=Connecting,
7/17/2026 7:58:55 AM,Default,Auto connecting 'My Rithmic for NinjaTrader Brokerage'...,
7/17/2026 7:58:55 AM,Default,Automated trading disabled,
7/17/2026 7:58:55 AM,Connection,Using IS (is-us-nt-005.ninjatrader.com/31658),
7/17/2026 7:58:53 AM,Default,Global simulation mode disabled,
7/17/2026 7:58:38 AM,Default,Session Break (Version 8.1.7.2),
7/17/2026 7:58:32 AM,Connection,My Rithmic for NinjaTrader Brokerage: Primary connection=Disconnected Price feed=Disconnected,
7/17/2026 7:58:32 AM,Connection,My Rithmic for NinjaTrader Brokerage: Primary connection=Disconnecting Price feed=Disconnecting,
7/17/2026 7:58:32 AM,Default,Workspace 3 not saved,
7/17/2026 7:35:17 AM,Connection,Simulation account 'Sim101' reset,
7/17/2026 7:32:19 AM,Position,Instrument='MES SEP26' Account='Sim102' Average price=0 Quantity=0 Market position=Flat Operation=Remove,
7/17/2026 7:32:19 AM,Order,Order='a476d4bb021a4f4b83e22be4ee3bfacc/Sim102' Name='Close' New state='Filled' Instrument='MES SEP26' Action='Sell' Limit price=0 Stop price=0 Quantity=6 Type='Market' Time in force=DAY Oco='' Filled=6 Fill price=7526.75 Error='No error' Native error='',
7/17/2026 7:32:19 AM,Execution,Execution='ef8f02689f544af68a294e1cad90223e' Instrument='MES SEP26' Account='Sim102' Exchange=Default Price=7526.75 Quantity=6 Market position=Short Operation=Operation_Add Order='a476d4bb021a4f4b83e22be4ee3bfacc' Time='7/17/2026 7:32 AM',
7/17/2026 7:32:19 AM,Order,Order='a476d4bb021a4f4b83e22be4ee3bfacc/Sim102' Name='Close' New state='Working' Instrument='MES SEP26' Action='Sell' Limit price=0 Stop price=0 Quantity=6 Type='Market' Time in force=DAY Oco='' Filled=0 Fill price=0 Error='No error' Native error='',
7/17/2026 7:32:19 AM,Order,Order='a476d4bb021a4f4b83e22be4ee3bfacc/Sim102' Name='Close' New state='Accepted' Instrument='MES SEP26' Action='Sell' Limit price=0 Stop price=0 Quantity=6 Type='Market' Time in force=DAY Oco='' Filled=0 Fill price=0 Error='No error' Native error='',
7/17/2026 7:32:18 AM,Order,Order='a476d4bb021a4f4b83e22be4ee3bfacc/Sim102' Name='Close' New state='Submitted' Instrument='MES SEP26' Action='Sell' Limit price=0 Stop price=0 Quantity=6 Type='Market' Time in force=DAY Oco='' Filled=0 Fill price=0 Error='No error' Native error='',
7/17/2026 7:32:18 AM,Order,Order='46086d35093946e4a3bc8e4904b330db/Sim102' Name='Stop3' New state='Cancelled' Instrument='MES SEP26' Action='Sell' Limit price=0 Stop price=7522 Quantity=1 Type='Stop Market' Time in force=GTC Oco='d7f9bcffaa984b18aad42d427485e139' Filled=0 Fill price=0 Error='No error' Native error='',
7/17/2026 7:32:18 AM,Order,Order='1b30f0dce18d4afcada8b2b5d664ba3c/Sim102' Name='Stop1' New state='Cancelled' Instrument='MES SEP26' Action='Sell' Limit price=0 Stop price=7522 Quantity=3 Type='Stop Market' Time in force=GTC Oco='2b170a1bd1e54415b5981968153f9449' Filled=0 Fill price=0 Error='No error' Native error='',
7/17/2026 7:32:18 AM,Order,Order='b4b9f668744c48e485727c0e6da1fb45/Sim102' Name='Target4' New state='Cancelled' Instrument='MES SEP26' Action='Sell' Limit price=7533 Stop price=0 Quantity=1 Type='Limit' Time in force=GTC Oco='6c1d51cac18440f78cf3fef4bf56c504' Filled=0 Fill price=0 Error='No error' Native error='',
7/17/2026 7:32:18 AM,Order,Order='172a2b44ef9744f7aeac96822abbed8e/Sim102' Name='Stop4' New state='Cancelled' Instrument='MES SEP26' Action='Sell' Limit price=0 Stop price=7522 Quantity=1 Type='Stop Market' Time in force=GTC Oco='6c1d51cac18440f78cf3fef4bf56c504' Filled=0 Fill price=0 Error='No error' Native error='',
7/17/2026 7:32:18 AM,Order,Order='6d1761c955db40dbb1416bc58fb039a3/Sim102' Name='Target2' New state='Cancelled' Instrument='MES SEP26' Action='Sell' Limit price=7531 Stop price=0 Quantity=1 Type='Limit' Time in force=GTC Oco='5538f806969f42f08218c541b3f0fcbf' Filled=0 Fill price=0 Error='No error' Native error='',
7/17/2026 7:32:18 AM,Order,Order='194bb4ffe3b04ae3beb0098c30d249bd/Sim102' Name='Target3' New state='Cancelled' Instrument='MES SEP26' Action='Sell' Limit price=7532 Stop price=0 Quantity=1 Type='Limit' Time in force=GTC Oco='d7f9bcffaa984b18aad42d427485e139' Filled=0 Fill price=0 Error='No error' Native error='',
7/17/2026 7:32:18 AM,Order,Order='6ed64823e9fc498c9ee76831675b8cd2/Sim102' Name='Stop2' New state='Cancelled' Instrument='MES SEP26' Action='Sell' Limit price=0 Stop price=7522 Quantity=1 Type='Stop Market' Time in force=GTC Oco='5538f806969f42f08218c541b3f0fcbf' Filled=0 Fill price=0 Error='No error' Native error='',
7/17/2026 7:32:18 AM,Order,Order='4c4073b12a6744e99e6246fe9ed14de1/Sim102' Name='Target1' New state='Cancelled' Instrument='MES SEP26' Action='Sell' Limit price=7530 Stop price=0 Quantity=3 Type='Limit' Time in force=GTC Oco='2b170a1bd1e54415b5981968153f9449' Filled=0 Fill price=0 Error='No error' Native error='',
7/17/2026 7:32:18 AM,Order,Order='172a2b44ef9744f7aeac96822abbed8e/Sim102' Name='Stop4' New state='Cancel submitted' Instrument='MES SEP26' Action='Sell' Limit price=0 Stop price=7522 Quantity=1 Type='Stop Market' Time in force=GTC Oco='6c1d51cac18440f78cf3fef4bf56c504' Filled=0 Fill price=0 Error='No error' Native error='',
7/17/2026 7:32:18 AM,Order,Order='46086d35093946e4a3bc8e4904b330db/Sim102' Name='Stop3' New state='Cancel submitted' Instrument='MES SEP26' Action='Sell' Limit price=0 Stop price=7522 Quantity=1 Type='Stop Market' Time in force=GTC Oco='d7f9bcffaa984b18aad42d427485e139' Filled=0 Fill price=0 Error='No error' Native error='',
7/17/2026 7:32:18 AM,Order,Order='6ed64823e9fc498c9ee76831675b8cd2/Sim102' Name='Stop2' New state='Cancel submitted' Instrument='MES SEP26' Action='Sell' Limit price=0 Stop price=7522 Quantity=1 Type='Stop Market' Time in force=GTC Oco='5538f806969f42f08218c541b3f0fcbf' Filled=0 Fill price=0 Error='No error' Native error='',
7/17/2026 7:32:18 AM,Order,Order='1b30f0dce18d4afcada8b2b5d664ba3c/Sim102' Name='Stop1' New state='Cancel submitted' Instrument='MES SEP26' Action='Sell' Limit price=0 Stop price=7522 Quantity=3 Type='Stop Market' Time in force=GTC Oco='2b170a1bd1e54415b5981968153f9449' Filled=0 Fill price=0 Error='No error' Native error='',
7/17/2026 7:32:18 AM,Order,Order='b4b9f668744c48e485727c0e6da1fb45/Sim102' Name='Target4' New state='Cancel submitted' Instrument='MES SEP26' Action='Sell' Limit price=7533 Stop price=0 Quantity=1 Type='Limit' Time in force=GTC Oco='6c1d51cac18440f78cf3fef4bf56c504' Filled=0 Fill price=0 Error='No error' Native error='',
7/17/2026 7:32:18 AM,Order,Order='194bb4ffe3b04ae3beb0098c30d249bd/Sim102' Name='Target3' New state='Cancel submitted' Instrument='MES SEP26' Action='Sell' Limit price=7532 Stop price=0 Quantity=1 Type='Limit' Time in force=GTC Oco='d7f9bcffaa984b18aad42d427485e139' Filled=0 Fill price=0 Error='No error' Native error='',
7/17/2026 7:32:18 AM,Order,Order='6d1761c955db40dbb1416bc58fb039a3/Sim102' Name='Target2' New state='Cancel submitted' Instrument='MES SEP26' Action='Sell' Limit price=7531 Stop price=0 Quantity=1 Type='Limit' Time in force=GTC Oco='5538f806969f42f08218c541b3f0fcbf' Filled=0 Fill price=0 Error='No error' Native error='',
7/17/2026 7:32:18 AM,Order,Order='4c4073b12a6744e99e6246fe9ed14de1/Sim102' Name='Target1' New state='Cancel submitted' Instrument='MES SEP26' Action='Sell' Limit price=7530 Stop price=0 Quantity=3 Type='Limit' Time in force=GTC Oco='2b170a1bd1e54415b5981968153f9449' Filled=0 Fill price=0 Error='No error' Native error='',
7/17/2026 7:32:18 AM,Default,Chart Trader close position,
7/17/2026 7:31:42 AM,Order,Order='172a2b44ef9744f7aeac96822abbed8e/Sim102' Name='Stop4' New state='Accepted' Instrument='MES SEP26' Action='Sell' Limit price=0 Stop price=7522 Quantity=1 Type='Stop Market' Time in force=GTC Oco='6c1d51cac18440f78cf3fef4bf56c504' Filled=0 Fill price=0 Error='No error' Native error='',
7/17/2026 7:31:42 AM,Order,Order='b4b9f668744c48e485727c0e6da1fb45/Sim102' Name='Target4' New state='Accepted' Instrument='MES SEP26' Action='Sell' Limit price=7533 Stop price=0 Quantity=1 Type='Limit' Time in force=GTC Oco='6c1d51cac18440f78cf3fef4bf56c504' Filled=0 Fill price=0 Error='No error' Native error='',
7/17/2026 7:31:42 AM,Order,Order='b4b9f668744c48e485727c0e6da1fb45/Sim102' Name='Target4' New state='Working' Instrument='MES SEP26' Action='Sell' Limit price=7533 Stop price=0 Quantity=1 Type='Limit' Time in force=GTC Oco='6c1d51cac18440f78cf3fef4bf56c504' Filled=0 Fill price=0 Error='No error' Native error='',
7/17/2026 7:31:42 AM,Order,Order='194bb4ffe3b04ae3beb0098c30d249bd/Sim102' Name='Target3' New state='Accepted' Instrument='MES SEP26' Action='Sell' Limit price=7532 Stop price=0 Quantity=1 Type='Limit' Time in force=GTC Oco='d7f9bcffaa984b18aad42d427485e139' Filled=0 Fill price=0 Error='No error' Native error='',
7/17/2026 7:31:42 AM,Order,Order='194bb4ffe3b04ae3beb0098c30d249bd/Sim102' Name='Target3' New state='Working' Instrument='MES SEP26' Action='Sell' Limit price=7532 Stop price=0 Quantity=1 Type='Limit' Time in force=GTC Oco='d7f9bcffaa984b18aad42d427485e139' Filled=0 Fill price=0 Error='No error' Native error='',
7/17/2026 7:31:42 AM,Order,Order='6d1761c955db40dbb1416bc58fb039a3/Sim102' Name='Target2' New state='Working' Instrument='MES SEP26' Action='Sell' Limit price=7531 Stop price=0 Quantity=1 Type='Limit' Time in force=GTC Oco='5538f806969f42f08218c541b3f0fcbf' Filled=0 Fill price=0 Error='No error' Native error='',
7/17/2026 7:31:42 AM,Order,Order='46086d35093946e4a3bc8e4904b330db/Sim102' Name='Stop3' New state='Accepted' Instrument='MES SEP26' Action='Sell' Limit price=0 Stop price=7522 Quantity=1 Type='Stop Market' Time in force=GTC Oco='d7f9bcffaa984b18aad42d427485e139' Filled=0 Fill price=0 Error='No error' Native error='',
7/17/2026 7:31:42 AM,Order,Order='6d1761c955db40dbb1416bc58fb039a3/Sim102' Name='Target2' New state='Accepted' Instrument='MES SEP26' Action='Sell' Limit price=7531 Stop price=0 Quantity=1 Type='Limit' Time in force=GTC Oco='5538f806969f42f08218c541b3f0fcbf' Filled=0 Fill price=0 Error='No error' Native error='',
7/17/2026 7:31:42 AM,Order,Order='4c4073b12a6744e99e6246fe9ed14de1/Sim102' Name='Target1' New state='Accepted' Instrument='MES SEP26' Action='Sell' Limit price=7530 Stop price=0 Quantity=3 Type='Limit' Time in force=GTC Oco='2b170a1bd1e54415b5981968153f9449' Filled=0 Fill price=0 Error='No error' Native error='',
7/17/2026 7:31:42 AM,Order,Order='4c4073b12a6744e99e6246fe9ed14de1/Sim102' Name='Target1' New state='Working' Instrument='MES SEP26' Action='Sell' Limit price=7530 Stop price=0 Quantity=3 Type='Limit' Time in force=GTC Oco='2b170a1bd1e54415b5981968153f9449' Filled=0 Fill price=0 Error='No error' Native error='',
7/17/2026 7:31:42 AM,Order,Order='6ed64823e9fc498c9ee76831675b8cd2/Sim102' Name='Stop2' New state='Accepted' Instrument='MES SEP26' Action='Sell' Limit price=0 Stop price=7522 Quantity=1 Type='Stop Market' Time in force=GTC Oco='5538f806969f42f08218c541b3f0fcbf' Filled=0 Fill price=0 Error='No error' Native error='',
7/17/2026 7:31:42 AM,Order,Order='1b30f0dce18d4afcada8b2b5d664ba3c/Sim102' Name='Stop1' New state='Accepted' Instrument='MES SEP26' Action='Sell' Limit price=0 Stop price=7522 Quantity=3 Type='Stop Market' Time in force=GTC Oco='2b170a1bd1e54415b5981968153f9449' Filled=0 Fill price=0 Error='No error' Native error='',
7/17/2026 7:31:42 AM,Order,Order='b4b9f668744c48e485727c0e6da1fb45/Sim102' Name='Target4' New state='Submitted' Instrument='MES SEP26' Action='Sell' Limit price=7533 Stop price=0 Quantity=1 Type='Limit' Time in force=GTC Oco='6c1d51cac18440f78cf3fef4bf56c504' Filled=0 Fill price=0 Error='No error' Native error='',
7/17/2026 7:31:42 AM,Order,Order='172a2b44ef9744f7aeac96822abbed8e/Sim102' Name='Stop4' New state='Submitted' Instrument='MES SEP26' Action='Sell' Limit price=0 Stop price=7522 Quantity=1 Type='Stop Market' Time in force=GTC Oco='6c1d51cac18440f78cf3fef4bf56c504' Filled=0 Fill price=0 Error='No error' Native error='',
7/17/2026 7:31:42 AM,Order,Order='194bb4ffe3b04ae3beb0098c30d249bd/Sim102' Name='Target3' New state='Submitted' Instrument='MES SEP26' Action='Sell' Limit price=7532 Stop price=0 Quantity=1 Type='Limit' Time in force=GTC Oco='d7f9bcffaa984b18aad42d427485e139' Filled=0 Fill price=0 Error='No error' Native error='',
7/17/2026 7:31:42 AM,Order,Order='46086d35093946e4a3bc8e4904b330db/Sim102' Name='Stop3' New state='Submitted' Instrument='MES SEP26' Action='Sell' Limit price=0 Stop price=7522 Quantity=1 Type='Stop Market' Time in force=GTC Oco='d7f9bcffaa984b18aad42d427485e139' Filled=0 Fill price=0 Error='No error' Native error='',
7/17/2026 7:31:42 AM,Order,Order='6d1761c955db40dbb1416bc58fb039a3/Sim102' Name='Target2' New state='Submitted' Instrument='MES SEP26' Action='Sell' Limit price=7531 Stop price=0 Quantity=1 Type='Limit' Time in force=GTC Oco='5538f806969f42f08218c541b3f0fcbf' Filled=0 Fill price=0 Error='No error' Native error='',
7/17/2026 7:31:42 AM,Order,Order='6ed64823e9fc498c9ee76831675b8cd2/Sim102' Name='Stop2' New state='Submitted' Instrument='MES SEP26' Action='Sell' Limit price=0 Stop price=7522 Quantity=1 Type='Stop Market' Time in force=GTC Oco='5538f806969f42f08218c541b3f0fcbf' Filled=0 Fill price=0 Error='No error' Native error='',
7/17/2026 7:31:42 AM,Order,Order='4c4073b12a6744e99e6246fe9ed14de1/Sim102' Name='Target1' New state='Submitted' Instrument='MES SEP26' Action='Sell' Limit price=7530 Stop price=0 Quantity=3 Type='Limit' Time in force=GTC Oco='2b170a1bd1e54415b5981968153f9449' Filled=0 Fill price=0 Error='No error' Native error='',
7/17/2026 7:31:42 AM,Order,Order='1b30f0dce18d4afcada8b2b5d664ba3c/Sim102' Name='Stop1' New state='Submitted' Instrument='MES SEP26' Action='Sell' Limit price=0 Stop price=7522 Quantity=3 Type='Stop Market' Time in force=GTC Oco='2b170a1bd1e54415b5981968153f9449' Filled=0 Fill price=0 Error='No error' Native error='',
7/17/2026 7:31:42 AM,Position,Instrument='MES SEP26' Account='Sim102' Average price=7529 Quantity=6 Market position=Long Operation=Operation_Add,
7/17/2026 7:31:42 AM,Order,Order='5edb5e767d524830b97481a55a62850c/Sim102' Name='Entry' New state='Filled' Instrument='MES SEP26' Action='Buy' Limit price=0 Stop price=0 Quantity=6 Type='Market' Time in force=GTC Oco='' Filled=6 Fill price=7529 Error='No error' Native error='',
7/17/2026 7:31:42 AM,Execution,Execution='9fe343a76a3645a1986dda4377561fb8' Instrument='MES SEP26' Account='Sim102' Exchange=Default Price=7529 Quantity=6 Market position=Long Operation=Operation_Add Order='5edb5e767d524830b97481a55a62850c' Time='7/17/2026 7:31 AM',
7/17/2026 7:31:42 AM,Order,Order='5edb5e767d524830b97481a55a62850c/Sim102' Name='Entry' New state='Accepted' Instrument='MES SEP26' Action='Buy' Limit price=0 Stop price=0 Quantity=6 Type='Market' Time in force=GTC Oco='' Filled=0 Fill price=0 Error='No error' Native error='',
7/17/2026 7:31:42 AM,Order,Order='5edb5e767d524830b97481a55a62850c/Sim102' Name='Entry' New state='Working' Instrument='MES SEP26' Action='Buy' Limit price=0 Stop price=0 Quantity=6 Type='Market' Time in force=GTC Oco='' Filled=0 Fill price=0 Error='No error' Native error='',
7/17/2026 7:31:42 AM,Order,Order='5edb5e767d524830b97481a55a62850c/Sim102' Name='Entry' New state='Submitted' Instrument='MES SEP26' Action='Buy' Limit price=0 Stop price=0 Quantity=6 Type='Market' Time in force=GTC Oco='' Filled=0 Fill price=0 Error='No error' Native error='',
7/17/2026 7:31:42 AM,Order,Chart Trader submitting order with strategy 'MES RMA 7SL 6Q - 1' (Ticks),
7/17/2026 7:31:30 AM,Position,Instrument='MES SEP26' Account='Sim101' Average price=0 Quantity=0 Market position=Flat Operation=Remove,
7/17/2026 7:31:30 AM,Order,Order='9abcab175ab14ae8afc9e2d76994e057/Sim101' Name='Close' New state='Filled' Instrument='MES SEP26' Action='Sell' Limit price=0 Stop price=0 Quantity=6 Type='Market' Time in force=DAY Oco='' Filled=6 Fill price=7529.75 Error='No error' Native error='',
7/17/2026 7:31:30 AM,Execution,Execution='2b4e5e77c8d04454bb6dd8c205e99ebe' Instrument='MES SEP26' Account='Sim101' Exchange=Default Price=7529.75 Quantity=6 Market position=Short Operation=Operation_Add Order='9abcab175ab14ae8afc9e2d76994e057' Time='7/17/2026 7:31 AM',
7/17/2026 7:31:30 AM,Order,Order='9abcab175ab14ae8afc9e2d76994e057/Sim101' Name='Close' New state='Accepted' Instrument='MES SEP26' Action='Sell' Limit price=0 Stop price=0 Quantity=6 Type='Market' Time in force=DAY Oco='' Filled=0 Fill price=0 Error='No error' Native error='',
7/17/2026 7:31:30 AM,Order,Order='9abcab175ab14ae8afc9e2d76994e057/Sim101' Name='Close' New state='Working' Instrument='MES SEP26' Action='Sell' Limit price=0 Stop price=0 Quantity=6 Type='Market' Time in force=DAY Oco='' Filled=0 Fill price=0 Error='No error' Native error='',
7/17/2026 7:31:30 AM,Order,Order='9abcab175ab14ae8afc9e2d76994e057/Sim101' Name='Close' New state='Submitted' Instrument='MES SEP26' Action='Sell' Limit price=0 Stop price=0 Quantity=6 Type='Market' Time in force=DAY Oco='' Filled=0 Fill price=0 Error='No error' Native error='',
7/17/2026 7:31:30 AM,Default,Chart Trader close position,
7/17/2026 7:31:28 AM,Position,Close operation failed. Operation timed out. Manually close your position,
7/17/2026 7:31:23 AM,Order,Order='fda1c04d5c044656803b23111b989561/Sim101' Name='Stop4' New state='Cancelled' Instrument='MES SEP26' Action='Sell' Limit price=0 Stop price=7524.5 Quantity=1 Type='Stop Market' Time in force=GTC Oco='d73aeefec9204b0ab42e5d3292ec4c59' Filled=0 Fill price=0 Error='No error' Native error='',
7/17/2026 7:31:23 AM,Order,Order='e1d3cae59d1d4d2fa9f1959494b9ad66/Sim101' Name='Stop3' New state='Cancelled' Instrument='MES SEP26' Action='Sell' Limit price=0 Stop price=7524.5 Quantity=1 Type='Stop Market' Time in force=GTC Oco='9e39b9b362c44dd583b4c062b7f9ca96' Filled=0 Fill price=0 Error='No error' Native error='',
7/17/2026 7:31:23 AM,Order,Order='3802ae197f764a28a759b6ddf9e9259f/Sim101' Name='Stop2' New state='Cancelled' Instrument='MES SEP26' Action='Sell' Limit price=0 Stop price=7524.5 Quantity=1 Type='Stop Market' Time in force=GTC Oco='ee7fb80a16ef4c5790cd68bd2afe3be6' Filled=0 Fill price=0 Error='No error' Native error='',
7/17/2026 7:31:23 AM,Order,Order='16d18396416d4a37af03291e58194c8d/Sim101' Name='Target4' New state='Cancelled' Instrument='MES SEP26' Action='Sell' Limit price=7535.5 Stop price=0 Quantity=1 Type='Limit' Time in force=GTC Oco='d73aeefec9204b0ab42e5d3292ec4c59' Filled=0 Fill price=0 Error='No error' Native error='',
7/17/2026 7:31:23 AM,Order,Order='2162cf8c925442618a12c2822162ce93/Sim101' Name='Stop1' New state='Cancelled' Instrument='MES SEP26' Action='Sell' Limit price=0 Stop price=7524.5 Quantity=3 Type='Stop Market' Time in force=GTC Oco='63819a967ae840c28f562cdbf6cc22ee' Filled=0 Fill price=0 Error='No error' Native error='',
7/17/2026 7:31:23 AM,Order,Order='317e37bee9264a2da2877dbb462eb404/Sim101' Name='Target2' New state='Cancelled' Instrument='MES SEP26' Action='Sell' Limit price=7533.5 Stop price=0 Quantity=1 Type='Limit' Time in force=GTC Oco='ee7fb80a16ef4c5790cd68bd2afe3be6' Filled=0 Fill price=0 Error='No error' Native error='',
7/17/2026 7:31:23 AM,Order,Order='61b2d9428024477ea45d5c24cc914c57/Sim101' Name='Target3' New state='Cancelled' Instrument='MES SEP26' Action='Sell' Limit price=7534.5 Stop price=0 Quantity=1 Type='Limit' Time in force=GTC Oco='9e39b9b362c44dd583b4c062b7f9ca96' Filled=0 Fill price=0 Error='No error' Native error='',
7/17/2026 7:31:23 AM,Order,Order='c349b05074a5481e89f8a1abf2e32e6a/Sim101' Name='Target1' New state='Cancelled' Instrument='MES SEP26' Action='Sell' Limit price=7532.5 Stop price=0 Quantity=3 Type='Limit' Time in force=GTC Oco='63819a967ae840c28f562cdbf6cc22ee' Filled=0 Fill price=0 Error='No error' Native error='',
7/17/2026 7:31:23 AM,Order,Order='fda1c04d5c044656803b23111b989561/Sim101' Name='Stop4' New state='Cancel submitted' Instrument='MES SEP26' Action='Sell' Limit price=0 Stop price=7524.5 Quantity=1 Type='Stop Market' Time in force=GTC Oco='d73aeefec9204b0ab42e5d3292ec4c59' Filled=0 Fill price=0 Error='No error' Native error='',
7/17/2026 7:31:23 AM,Order,Order='e1d3cae59d1d4d2fa9f1959494b9ad66/Sim101' Name='Stop3' New state='Cancel submitted' Instrument='MES SEP26' Action='Sell' Limit price=0 Stop price=7524.5 Quantity=1 Type='Stop Market' Time in force=GTC Oco='9e39b9b362c44dd583b4c062b7f9ca96' Filled=0 Fill price=0 Error='No error' Native error='',
7/17/2026 7:31:23 AM,Order,Order='3802ae197f764a28a759b6ddf9e9259f/Sim101' Name='Stop2' New state='Cancel submitted' Instrument='MES SEP26' Action='Sell' Limit price=0 Stop price=7524.5 Quantity=1 Type='Stop Market' Time in force=GTC Oco='ee7fb80a16ef4c5790cd68bd2afe3be6' Filled=0 Fill price=0 Error='No error' Native error='',
7/17/2026 7:31:23 AM,Order,Order='2162cf8c925442618a12c2822162ce93/Sim101' Name='Stop1' New state='Cancel submitted' Instrument='MES SEP26' Action='Sell' Limit price=0 Stop price=7524.5 Quantity=3 Type='Stop Market' Time in force=GTC Oco='63819a967ae840c28f562cdbf6cc22ee' Filled=0 Fill price=0 Error='No error' Native error='',
7/17/2026 7:31:23 AM,Order,Order='16d18396416d4a37af03291e58194c8d/Sim101' Name='Target4' New state='Cancel submitted' Instrument='MES SEP26' Action='Sell' Limit price=7535.5 Stop price=0 Quantity=1 Type='Limit' Time in force=GTC Oco='d73aeefec9204b0ab42e5d3292ec4c59' Filled=0 Fill price=0 Error='No error' Native error='',
7/17/2026 7:31:23 AM,Order,Order='61b2d9428024477ea45d5c24cc914c57/Sim101' Name='Target3' New state='Cancel submitted' Instrument='MES SEP26' Action='Sell' Limit price=7534.5 Stop price=0 Quantity=1 Type='Limit' Time in force=GTC Oco='9e39b9b362c44dd583b4c062b7f9ca96' Filled=0 Fill price=0 Error='No error' Native error='',
7/17/2026 7:31:23 AM,Order,Order='317e37bee9264a2da2877dbb462eb404/Sim101' Name='Target2' New state='Cancel submitted' Instrument='MES SEP26' Action='Sell' Limit price=7533.5 Stop price=0 Quantity=1 Type='Limit' Time in force=GTC Oco='ee7fb80a16ef4c5790cd68bd2afe3be6' Filled=0 Fill price=0 Error='No error' Native error='',
7/17/2026 7:31:23 AM,Order,Order='c349b05074a5481e89f8a1abf2e32e6a/Sim101' Name='Target1' New state='Cancel submitted' Instrument='MES SEP26' Action='Sell' Limit price=7532.5 Stop price=0 Quantity=3 Type='Limit' Time in force=GTC Oco='63819a967ae840c28f562cdbf6cc22ee' Filled=0 Fill price=0 Error='No error' Native error='',
7/17/2026 7:31:23 AM,Default,Chart Trader close position,
7/17/2026 7:31:08 AM,Order,Order='16d18396416d4a37af03291e58194c8d/Sim101' Name='Target4' New state='Accepted' Instrument='MES SEP26' Action='Sell' Limit price=7535.5 Stop price=0 Quantity=1 Type='Limit' Time in force=GTC Oco='d73aeefec9204b0ab42e5d3292ec4c59' Filled=0 Fill price=0 Error='No error' Native error='',
7/17/2026 7:31:08 AM,Order,Order='16d18396416d4a37af03291e58194c8d/Sim101' Name='Target4' New state='Working' Instrument='MES SEP26' Action='Sell' Limit price=7535.5 Stop price=0 Quantity=1 Type='Limit' Time in force=GTC Oco='d73aeefec9204b0ab42e5d3292ec4c59' Filled=0 Fill price=0 Error='No error' Native error='',
7/17/2026 7:31:08 AM,Order,Order='fda1c04d5c044656803b23111b989561/Sim101' Name='Stop4' New state='Accepted' Instrument='MES SEP26' Action='Sell' Limit price=0 Stop price=7524.5 Quantity=1 Type='Stop Market' Time in force=GTC Oco='d73aeefec9204b0ab42e5d3292ec4c59' Filled=0 Fill price=0 Error='No error' Native error='',
7/17/2026 7:31:08 AM,Order,Order='61b2d9428024477ea45d5c24cc914c57/Sim101' Name='Target3' New state='Accepted' Instrument='MES SEP26' Action='Sell' Limit price=7534.5 Stop price=0 Quantity=1 Type='Limit' Time in force=GTC Oco='9e39b9b362c44dd583b4c062b7f9ca96' Filled=0 Fill price=0 Error='No error' Native error='',
7/17/2026 7:31:08 AM,Order,Order='61b2d9428024477ea45d5c24cc914c57/Sim101' Name='Target3' New state='Working' Instrument='MES SEP26' Action='Sell' Limit price=7534.5 Stop price=0 Quantity=1 Type='Limit' Time in force=GTC Oco='9e39b9b362c44dd583b4c062b7f9ca96' Filled=0 Fill price=0 Error='No error' Native error='',
7/17/2026 7:31:08 AM,Order,Order='317e37bee9264a2da2877dbb462eb404/Sim101' Name='Target2' New state='Accepted' Instrument='MES SEP26' Action='Sell' Limit price=7533.5 Stop price=0 Quantity=1 Type='Limit' Time in force=GTC Oco='ee7fb80a16ef4c5790cd68bd2afe3be6' Filled=0 Fill price=0 Error='No error' Native error='',
7/17/2026 7:31:08 AM,Order,Order='317e37bee9264a2da2877dbb462eb404/Sim101' Name='Target2' New state='Working' Instrument='MES SEP26' Action='Sell' Limit price=7533.5 Stop price=0 Quantity=1 Type='Limit' Time in force=GTC Oco='ee7fb80a16ef4c5790cd68bd2afe3be6' Filled=0 Fill price=0 Error='No error' Native error='',
7/17/2026 7:31:08 AM,Order,Order='e1d3cae59d1d4d2fa9f1959494b9ad66/Sim101' Name='Stop3' New state='Accepted' Instrument='MES SEP26' Action='Sell' Limit price=0 Stop price=7524.5 Quantity=1 Type='Stop Market' Time in force=GTC Oco='9e39b9b362c44dd583b4c062b7f9ca96' Filled=0 Fill price=0 Error='No error' Native error='',
7/17/2026 7:31:08 AM,Order,Order='3802ae197f764a28a759b6ddf9e9259f/Sim101' Name='Stop2' New state='Accepted' Instrument='MES SEP26' Action='Sell' Limit price=0 Stop price=7524.5 Quantity=1 Type='Stop Market' Time in force=GTC Oco='ee7fb80a16ef4c5790cd68bd2afe3be6' Filled=0 Fill price=0 Error='No error' Native error='',
7/17/2026 7:31:08 AM,Order,Order='c349b05074a5481e89f8a1abf2e32e6a/Sim101' Name='Target1' New state='Working' Instrument='MES SEP26' Action='Sell' Limit price=7532.5 Stop price=0 Quantity=3 Type='Limit' Time in force=GTC Oco='63819a967ae840c28f562cdbf6cc22ee' Filled=0 Fill price=0 Error='No error' Native error='',
7/17/2026 7:31:08 AM,Order,Order='c349b05074a5481e89f8a1abf2e32e6a/Sim101' Name='Target1' New state='Accepted' Instrument='MES SEP26' Action='Sell' Limit price=7532.5 Stop price=0 Quantity=3 Type='Limit' Time in force=GTC Oco='63819a967ae840c28f562cdbf6cc22ee' Filled=0 Fill price=0 Error='No error' Native error='',
7/17/2026 7:31:08 AM,Order,Order='2162cf8c925442618a12c2822162ce93/Sim101' Name='Stop1' New state='Accepted' Instrument='MES SEP26' Action='Sell' Limit price=0 Stop price=7524.5 Quantity=3 Type='Stop Market' Time in force=GTC Oco='63819a967ae840c28f562cdbf6cc22ee' Filled=0 Fill price=0 Error='No error' Native error='',
7/17/2026 7:31:08 AM,Order,Order='16d18396416d4a37af03291e58194c8d/Sim101' Name='Target4' New state='Submitted' Instrument='MES SEP26' Action='Sell' Limit price=7535.5 Stop price=0 Quantity=1 Type='Limit' Time in force=GTC Oco='d73aeefec9204b0ab42e5d3292ec4c59' Filled=0 Fill price=0 Error='No error' Native error='',
7/17/2026 7:31:08 AM,Order,Order='fda1c04d5c044656803b23111b989561/Sim101' Name='Stop4' New state='Submitted' Instrument='MES SEP26' Action='Sell' Limit price=0 Stop price=7524.5 Quantity=1 Type='Stop Market' Time in force=GTC Oco='d73aeefec9204b0ab42e5d3292ec4c59' Filled=0 Fill price=0 Error='No error' Native error='',
7/17/2026 7:31:08 AM,Order,Order='61b2d9428024477ea45d5c24cc914c57/Sim101' Name='Target3' New state='Submitted' Instrument='MES SEP26' Action='Sell' Limit price=7534.5 Stop price=0 Quantity=1 Type='Limit' Time in force=GTC Oco='9e39b9b362c44dd583b4c062b7f9ca96' Filled=0 Fill price=0 Error='No error' Native error='',
7/17/2026 7:31:08 AM,Order,Order='e1d3cae59d1d4d2fa9f1959494b9ad66/Sim101' Name='Stop3' New state='Submitted' Instrument='MES SEP26' Action='Sell' Limit price=0 Stop price=7524.5 Quantity=1 Type='Stop Market' Time in force=GTC Oco='9e39b9b362c44dd583b4c062b7f9ca96' Filled=0 Fill price=0 Error='No error' Native error='',
7/17/2026 7:31:08 AM,Order,Order='317e37bee9264a2da2877dbb462eb404/Sim101' Name='Target2' New state='Submitted' Instrument='MES SEP26' Action='Sell' Limit price=7533.5 Stop price=0 Quantity=1 Type='Limit' Time in force=GTC Oco='ee7fb80a16ef4c5790cd68bd2afe3be6' Filled=0 Fill price=0 Error='No error' Native error='',
7/17/2026 7:31:08 AM,Order,Order='3802ae197f764a28a759b6ddf9e9259f/Sim101' Name='Stop2' New state='Submitted' Instrument='MES SEP26' Action='Sell' Limit price=0 Stop price=7524.5 Quantity=1 Type='Stop Market' Time in force=GTC Oco='ee7fb80a16ef4c5790cd68bd2afe3be6' Filled=0 Fill price=0 Error='No error' Native error='',
7/17/2026 7:31:08 AM,Order,Order='c349b05074a5481e89f8a1abf2e32e6a/Sim101' Name='Target1' New state='Submitted' Instrument='MES SEP26' Action='Sell' Limit price=7532.5 Stop price=0 Quantity=3 Type='Limit' Time in force=GTC Oco='63819a967ae840c28f562cdbf6cc22ee' Filled=0 Fill price=0 Error='No error' Native error='',
7/17/2026 7:31:08 AM,Order,Order='2162cf8c925442618a12c2822162ce93/Sim101' Name='Stop1' New state='Submitted' Instrument='MES SEP26' Action='Sell' Limit price=0 Stop price=7524.5 Quantity=3 Type='Stop Market' Time in force=GTC Oco='63819a967ae840c28f562cdbf6cc22ee' Filled=0 Fill price=0 Error='No error' Native error='',
7/17/2026 7:31:08 AM,Execution,Execution='d5a239ea41db4495a7033af1e3bd0d0f' Instrument='MES SEP26' Account='Sim101' Exchange=Default Price=7531.5 Quantity=6 Market position=Long Operation=Operation_Add Order='cc26471c15d048e2b23826c882727e88' Time='7/17/2026 7:31 AM',
7/17/2026 7:31:08 AM,Position,Instrument='MES SEP26' Account='Sim101' Average price=7531.5 Quantity=6 Market position=Long Operation=Operation_Add,
7/17/2026 7:31:08 AM,Order,Order='cc26471c15d048e2b23826c882727e88/Sim101' Name='Entry' New state='Filled' Instrument='MES SEP26' Action='Buy' Limit price=0 Stop price=0 Quantity=6 Type='Market' Time in force=GTC Oco='' Filled=6 Fill price=7531.5 Error='No error' Native error='',
7/17/2026 7:31:08 AM,Order,Order='cc26471c15d048e2b23826c882727e88/Sim101' Name='Entry' New state='Accepted' Instrument='MES SEP26' Action='Buy' Limit price=0 Stop price=0 Quantity=6 Type='Market' Time in force=GTC Oco='' Filled=0 Fill price=0 Error='No error' Native error='',
7/17/2026 7:31:08 AM,Order,Order='cc26471c15d048e2b23826c882727e88/Sim101' Name='Entry' New state='Working' Instrument='MES SEP26' Action='Buy' Limit price=0 Stop price=0 Quantity=6 Type='Market' Time in force=GTC Oco='' Filled=0 Fill price=0 Error='No error' Native error='',
7/17/2026 7:31:08 AM,Order,Order='cc26471c15d048e2b23826c882727e88/Sim101' Name='Entry' New state='Submitted' Instrument='MES SEP26' Action='Buy' Limit price=0 Stop price=0 Quantity=6 Type='Market' Time in force=GTC Oco='' Filled=0 Fill price=0 Error='No error' Native error='',
7/17/2026 7:31:08 AM,Order,Chart Trader submitting order with strategy 'MES RMA 7SL 6Q - 1' (Ticks),
7/17/2026 7:31:03 AM,Position,Instrument='MES SEP26' Account='Sim101' Average price=0 Quantity=0 Market position=Flat Operation=Remove,
7/17/2026 7:31:03 AM,Order,Order='2887472832734fa2a2a48008d08e71d8/Sim101' Name='Target4' New state='Cancelled' Instrument='MES SEP26' Action='Sell' Limit price=7533.5 Stop price=0 Quantity=1 Type='Limit' Time in force=GTC Oco='a33ad328d9474beab7d9b884734de77a' Filled=0 Fill price=0 Error='No error' Native error='',
7/17/2026 7:31:03 AM,Order,Order='2887472832734fa2a2a48008d08e71d8/Sim101' Name='Target4' New state='Cancel submitted' Instrument='MES SEP26' Action='Sell' Limit price=7533.5 Stop price=0 Quantity=1 Type='Limit' Time in force=GTC Oco='a33ad328d9474beab7d9b884734de77a' Filled=0 Fill price=0 Error='No error' Native error='',
7/17/2026 7:31:03 AM,Execution,Execution='b9aaf96df10b4e689a55717b4589f8d7' Instrument='MES SEP26' Account='Sim101' Exchange=Default Price=7530.25 Quantity=1 Market position=Short Operation=Operation_Add Order='54de54e568d14eeb8989d3ef6a562cca' Time='7/17/2026 7:31 AM',
7/17/2026 7:31:03 AM,Order,Order='54de54e568d14eeb8989d3ef6a562cca/Sim101' Name='Stop4' New state='Filled' Instrument='MES SEP26' Action='Sell' Limit price=0 Stop price=7530.25 Quantity=1 Type='Stop Market' Time in force=GTC Oco='a33ad328d9474beab7d9b884734de77a' Filled=1 Fill price=7530.25 Error='No error' Native error='',
7/17/2026 7:31:03 AM,Order,Order='87b7356015314f3ba82a7b7399f1248e/Sim101' Name='Target3' New state='Cancelled' Instrument='MES SEP26' Action='Sell' Limit price=7532.5 Stop price=0 Quantity=1 Type='Limit' Time in force=GTC Oco='16b2f900e1674add91928246b34342ba' Filled=0 Fill price=0 Error='No error' Native error='',
7/17/2026 7:31:03 AM,Position,Instrument='MES SEP26' Account='Sim101' Average price=7529.5 Quantity=1 Market position=Long Operation=Update,
7/17/2026 7:31:03 AM,Execution,Execution='0b7ad8e21b52489e8701f306cb5de503' Instrument='MES SEP26' Account='Sim101' Exchange=Default Price=7530.25 Quantity=1 Market position=Short Operation=Operation_Add Order='2e758fef52cb4a03a773572023724343' Time='7/17/2026 7:31 AM',
7/17/2026 7:31:03 AM,Order,Order='87b7356015314f3ba82a7b7399f1248e/Sim101' Name='Target3' New state='Cancel submitted' Instrument='MES SEP26' Action='Sell' Limit price=7532.5 Stop price=0 Quantity=1 Type='Limit' Time in force=GTC Oco='16b2f900e1674add91928246b34342ba' Filled=0 Fill price=0 Error='No error' Native error='',
7/17/2026 7:31:03 AM,Order,Order='2e758fef52cb4a03a773572023724343/Sim101' Name='Stop3' New state='Filled' Instrument='MES SEP26' Action='Sell' Limit price=0 Stop price=7530.25 Quantity=1 Type='Stop Market' Time in force=GTC Oco='16b2f900e1674add91928246b34342ba' Filled=1 Fill price=7530.25 Error='No error' Native error='',
7/17/2026 7:31:03 AM,Order,Order='54de54e568d14eeb8989d3ef6a562cca/Sim101' Name='Stop4' New state='Working' Instrument='MES SEP26' Action='Sell' Limit price=0 Stop price=7530.25 Quantity=1 Type='Stop Market' Time in force=GTC Oco='a33ad328d9474beab7d9b884734de77a' Filled=0 Fill price=0 Error='No error' Native error='',
7/17/2026 7:31:03 AM,Order,Order='2e758fef52cb4a03a773572023724343/Sim101' Name='Stop3' New state='Working' Instrument='MES SEP26' Action='Sell' Limit price=0 Stop price=7530.25 Quantity=1 Type='Stop Market' Time in force=GTC Oco='16b2f900e1674add91928246b34342ba' Filled=0 Fill price=0 Error='No error' Native error='',
7/17/2026 7:31:02 AM,Order,Order='54de54e568d14eeb8989d3ef6a562cca/Sim101' Name='Stop4' New state='Accepted' Instrument='MES SEP26' Action='Sell' Limit price=0 Stop price=7530.25 Quantity=1 Type='Stop Market' Time in force=GTC Oco='a33ad328d9474beab7d9b884734de77a' Filled=0 Fill price=0 Error='No error' Native error='',
7/17/2026 7:31:02 AM,Order,Order='2e758fef52cb4a03a773572023724343/Sim101' Name='Stop3' New state='Accepted' Instrument='MES SEP26' Action='Sell' Limit price=0 Stop price=7530.25 Quantity=1 Type='Stop Market' Time in force=GTC Oco='16b2f900e1674add91928246b34342ba' Filled=0 Fill price=0 Error='No error' Native error='',
7/17/2026 7:31:02 AM,Order,Order='54de54e568d14eeb8989d3ef6a562cca/Sim101' Name='Stop4' New state='Change submitted' Instrument='MES SEP26' Action='Sell' Limit price=0 Stop price=7530.25 Quantity=1 Type='Stop Market' Time in force=GTC Oco='a33ad328d9474beab7d9b884734de77a' Filled=0 Fill price=0 Error='No error' Native error='',
7/17/2026 7:31:02 AM,Order,Auto trail price modification from '7529.75' to '7530.25',
7/17/2026 7:31:02 AM,Order,Order='2e758fef52cb4a03a773572023724343/Sim101' Name='Stop3' New state='Change submitted' Instrument='MES SEP26' Action='Sell' Limit price=0 Stop price=7530.25 Quantity=1 Type='Stop Market' Time in force=GTC Oco='16b2f900e1674add91928246b34342ba' Filled=0 Fill price=0 Error='No error' Native error='',
7/17/2026 7:31:02 AM,Order,Auto trail price modification from '7529.75' to '7530.25',
7/17/2026 7:31:01 AM,Order,Order='e2a3adad21b9454ea68352a1274371c3/Sim101' Name='Stop2' New state='Cancelled' Instrument='MES SEP26' Action='Sell' Limit price=0 Stop price=7529.75 Quantity=1 Type='Stop Market' Time in force=GTC Oco='d659ddacb618473684ae9d70b3a5bb63' Filled=0 Fill price=0 Error='No error' Native error='',
7/17/2026 7:31:01 AM,Position,Instrument='MES SEP26' Account='Sim101' Average price=7529.5 Quantity=2 Market position=Long Operation=Update,
7/17/2026 7:31:01 AM,Execution,Execution='253f2e4a0467401b83cb6db50f23d760' Instrument='MES SEP26' Account='Sim101' Exchange=Default Price=7531.5 Quantity=1 Market position=Short Operation=Operation_Add Order='fb4e00509c36447f8e3853792fc40263' Time='7/17/2026 7:31 AM',
7/17/2026 7:31:01 AM,Order,Order='54de54e568d14eeb8989d3ef6a562cca/Sim101' Name='Stop4' New state='Accepted' Instrument='MES SEP26' Action='Sell' Limit price=0 Stop price=7529.75 Quantity=1 Type='Stop Market' Time in force=GTC Oco='a33ad328d9474beab7d9b884734de77a' Filled=0 Fill price=0 Error='No error' Native error='',
7/17/2026 7:31:01 AM,Order,Order='fb4e00509c36447f8e3853792fc40263/Sim101' Name='Target2' New state='Filled' Instrument='MES SEP26' Action='Sell' Limit price=7531.5 Stop price=0 Quantity=1 Type='Limit' Time in force=GTC Oco='d659ddacb618473684ae9d70b3a5bb63' Filled=1 Fill price=7531.5 Error='No error' Native error='',
7/17/2026 7:31:01 AM,Order,Order='e2a3adad21b9454ea68352a1274371c3/Sim101' Name='Stop2' New state='Cancel submitted' Instrument='MES SEP26' Action='Sell' Limit price=0 Stop price=7529.75 Quantity=1 Type='Stop Market' Time in force=GTC Oco='d659ddacb618473684ae9d70b3a5bb63' Filled=0 Fill price=0 Error='No error' Native error='',
7/17/2026 7:31:01 AM,Order,Order='2e758fef52cb4a03a773572023724343/Sim101' Name='Stop3' New state='Accepted' Instrument='MES SEP26' Action='Sell' Limit price=0 Stop price=7529.75 Quantity=1 Type='Stop Market' Time in force=GTC Oco='16b2f900e1674add91928246b34342ba' Filled=0 Fill price=0 Error='No error' Native error='',
7/17/2026 7:31:01 AM,Order,Order='e2a3adad21b9454ea68352a1274371c3/Sim101' Name='Stop2' New state='Accepted' Instrument='MES SEP26' Action='Sell' Limit price=0 Stop price=7529.75 Quantity=1 Type='Stop Market' Time in force=GTC Oco='d659ddacb618473684ae9d70b3a5bb63' Filled=0 Fill price=0 Error='No error' Native error='',
7/17/2026 7:31:01 AM,Order,Order='54de54e568d14eeb8989d3ef6a562cca/Sim101' Name='Stop4' New state='Change submitted' Instrument='MES SEP26' Action='Sell' Limit price=0 Stop price=7529.75 Quantity=1 Type='Stop Market' Time in force=GTC Oco='a33ad328d9474beab7d9b884734de77a' Filled=0 Fill price=0 Error='No error' Native error='',
7/17/2026 7:31:01 AM,Order,Order='2e758fef52cb4a03a773572023724343/Sim101' Name='Stop3' New state='Change submitted' Instrument='MES SEP26' Action='Sell' Limit price=0 Stop price=7529.75 Quantity=1 Type='Stop Market' Time in force=GTC Oco='16b2f900e1674add91928246b34342ba' Filled=0 Fill price=0 Error='No error' Native error='',
7/17/2026 7:31:01 AM,Order,Auto breakeven price modification from '7522.50' to '7529.75',
7/17/2026 7:31:01 AM,Order,Order='e2a3adad21b9454ea68352a1274371c3/Sim101' Name='Stop2' New state='Change submitted' Instrument='MES SEP26' Action='Sell' Limit price=0 Stop price=7529.75 Quantity=1 Type='Stop Market' Time in force=GTC Oco='d659ddacb618473684ae9d70b3a5bb63' Filled=0 Fill price=0 Error='No error' Native error='',
7/17/2026 7:31:01 AM,Order,Auto breakeven price modification from '7522.50' to '7529.75',
7/17/2026 7:31:01 AM,Order,Auto breakeven price modification from '7522.50' to '7529.75',
7/17/2026 7:30:59 AM,Order,Order='75fab3b833d943ab96928aefac7d28c2/Sim101' Name='Stop1' New state='Cancelled' Instrument='MES SEP26' Action='Sell' Limit price=0 Stop price=7522.5 Quantity=3 Type='Stop Market' Time in force=GTC Oco='4ca8bff84cb94768905691cf98e9628d' Filled=0 Fill price=0 Error='No error' Native error='',
7/17/2026 7:30:59 AM,Position,Instrument='MES SEP26' Account='Sim101' Average price=7529.5 Quantity=3 Market position=Long Operation=Update,
7/17/2026 7:30:59 AM,Order,Order='d458fb1e82c747eb999645a317724364/Sim101' Name='Target1' New state='Filled' Instrument='MES SEP26' Action='Sell' Limit price=7530.5 Stop price=0 Quantity=3 Type='Limit' Time in force=GTC Oco='4ca8bff84cb94768905691cf98e9628d' Filled=3 Fill price=7530.5 Error='No error' Native error='',
7/17/2026 7:30:59 AM,Order,Order='75fab3b833d943ab96928aefac7d28c2/Sim101' Name='Stop1' New state='Cancel submitted' Instrument='MES SEP26' Action='Sell' Limit price=0 Stop price=7522.5 Quantity=3 Type='Stop Market' Time in force=GTC Oco='4ca8bff84cb94768905691cf98e9628d' Filled=0 Fill price=0 Error='No error' Native error='',
7/17/2026 7:30:59 AM,Execution,Execution='01e4ad50279040208c7dcd524dfecf68' Instrument='MES SEP26' Account='Sim101' Exchange=Default Price=7530.5 Quantity=3 Market position=Short Operation=Operation_Add Order='d458fb1e82c747eb999645a317724364' Time='7/17/2026 7:30 AM',
7/17/2026 7:30:59 AM,Order,Order='2887472832734fa2a2a48008d08e71d8/Sim101' Name='Target4' New state='Accepted' Instrument='MES SEP26' Action='Sell' Limit price=7533.5 Stop price=0 Quantity=1 Type='Limit' Time in force=GTC Oco='a33ad328d9474beab7d9b884734de77a' Filled=0 Fill price=0 Error='No error' Native error='',
7/17/2026 7:30:59 AM,Order,Order='2887472832734fa2a2a48008d08e71d8/Sim101' Name='Target4' New state='Working' Instrument='MES SEP26' Action='Sell' Limit price=7533.5 Stop price=0 Quantity=1 Type='Limit' Time in force=GTC Oco='a33ad328d9474beab7d9b884734de77a' Filled=0 Fill price=0 Error='No error' Native error='',
7/17/2026 7:30:59 AM,Order,Order='87b7356015314f3ba82a7b7399f1248e/Sim101' Name='Target3' New state='Accepted' Instrument='MES SEP26' Action='Sell' Limit price=7532.5 Stop price=0 Quantity=1 Type='Limit' Time in force=GTC Oco='16b2f900e1674add91928246b34342ba' Filled=0 Fill price=0 Error='No error' Native error='',
7/17/2026 7:30:59 AM,Order,Order='87b7356015314f3ba82a7b7399f1248e/Sim101' Name='Target3' New state='Working' Instrument='MES SEP26' Action='Sell' Limit price=7532.5 Stop price=0 Quantity=1 Type='Limit' Time in force=GTC Oco='16b2f900e1674add91928246b34342ba' Filled=0 Fill price=0 Error='No error' Native error='',
7/17/2026 7:30:59 AM,Order,Order='54de54e568d14eeb8989d3ef6a562cca/Sim101' Name='Stop4' New state='Accepted' Instrument='MES SEP26' Action='Sell' Limit price=0 Stop price=7522.5 Quantity=1 Type='Stop Market' Time in force=GTC Oco='a33ad328d9474beab7d9b884734de77a' Filled=0 Fill price=0 Error='No error' Native error='',
7/17/2026 7:30:59 AM,Order,Order='2e758fef52cb4a03a773572023724343/Sim101' Name='Stop3' New state='Accepted' Instrument='MES SEP26' Action='Sell' Limit price=0 Stop price=7522.5 Quantity=1 Type='Stop Market' Time in force=GTC Oco='16b2f900e1674add91928246b34342ba' Filled=0 Fill price=0 Error='No error' Native error='',
7/17/2026 7:30:59 AM,Order,Order='fb4e00509c36447f8e3853792fc40263/Sim101' Name='Target2' New state='Accepted' Instrument='MES SEP26' Action='Sell' Limit price=7531.5 Stop price=0 Quantity=1 Type='Limit' Time in force=GTC Oco='d659ddacb618473684ae9d70b3a5bb63' Filled=0 Fill price=0 Error='No error' Native error='',
7/17/2026 7:30:59 AM,Order,Order='fb4e00509c36447f8e3853792fc40263/Sim101' Name='Target2' New state='Working' Instrument='MES SEP26' Action='Sell' Limit price=7531.5 Stop price=0 Quantity=1 Type='Limit' Time in force=GTC Oco='d659ddacb618473684ae9d70b3a5bb63' Filled=0 Fill price=0 Error='No error' Native error='',
7/17/2026 7:30:59 AM,Order,Order='e2a3adad21b9454ea68352a1274371c3/Sim101' Name='Stop2' New state='Accepted' Instrument='MES SEP26' Action='Sell' Limit price=0 Stop price=7522.5 Quantity=1 Type='Stop Market' Time in force=GTC Oco='d659ddacb618473684ae9d70b3a5bb63' Filled=0 Fill price=0 Error='No error' Native error='',
7/17/2026 7:30:59 AM,Order,Order='d458fb1e82c747eb999645a317724364/Sim101' Name='Target1' New state='Accepted' Instrument='MES SEP26' Action='Sell' Limit price=7530.5 Stop price=0 Quantity=3 Type='Limit' Time in force=GTC Oco='4ca8bff84cb94768905691cf98e9628d' Filled=0 Fill price=0 Error='No error' Native error='',
7/17/2026 7:30:59 AM,Order,Order='d458fb1e82c747eb999645a317724364/Sim101' Name='Target1' New state='Working' Instrument='MES SEP26' Action='Sell' Limit price=7530.5 Stop price=0 Quantity=3 Type='Limit' Time in force=GTC Oco='4ca8bff84cb94768905691cf98e9628d' Filled=0 Fill price=0 Error='No error' Native error='',
7/17/2026 7:30:59 AM,Order,Order='75fab3b833d943ab96928aefac7d28c2/Sim101' Name='Stop1' New state='Accepted' Instrument='MES SEP26' Action='Sell' Limit price=0 Stop price=7522.5 Quantity=3 Type='Stop Market' Time in force=GTC Oco='4ca8bff84cb94768905691cf98e9628d' Filled=0 Fill price=0 Error='No error' Native error='',
7/17/2026 7:30:59 AM,Order,Order='2887472832734fa2a2a48008d08e71d8/Sim101' Name='Target4' New state='Submitted' Instrument='MES SEP26' Action='Sell' Limit price=7533.5 Stop price=0 Quantity=1 Type='Limit' Time in force=GTC Oco='a33ad328d9474beab7d9b884734de77a' Filled=0 Fill price=0 Error='No error' Native error='',
7/17/2026 7:30:59 AM,Order,Order='54de54e568d14eeb8989d3ef6a562cca/Sim101' Name='Stop4' New state='Submitted' Instrument='MES SEP26' Action='Sell' Limit price=0 Stop price=7522.5 Quantity=1 Type='Stop Market' Time in force=GTC Oco='a33ad328d9474beab7d9b884734de77a' Filled=0 Fill price=0 Error='No error' Native error='',
7/17/2026 7:30:59 AM,Order,Order='87b7356015314f3ba82a7b7399f1248e/Sim101' Name='Target3' New state='Submitted' Instrument='MES SEP26' Action='Sell' Limit price=7532.5 Stop price=0 Quantity=1 Type='Limit' Time in force=GTC Oco='16b2f900e1674add91928246b34342ba' Filled=0 Fill price=0 Error='No error' Native error='',
7/17/2026 7:30:59 AM,Order,Order='2e758fef52cb4a03a773572023724343/Sim101' Name='Stop3' New state='Submitted' Instrument='MES SEP26' Action='Sell' Limit price=0 Stop price=7522.5 Quantity=1 Type='Stop Market' Time in force=GTC Oco='16b2f900e1674add91928246b34342ba' Filled=0 Fill price=0 Error='No error' Native error='',
7/17/2026 7:30:59 AM,Order,Order='fb4e00509c36447f8e3853792fc40263/Sim101' Name='Target2' New state='Submitted' Instrument='MES SEP26' Action='Sell' Limit price=7531.5 Stop price=0 Quantity=1 Type='Limit' Time in force=GTC Oco='d659ddacb618473684ae9d70b3a5bb63' Filled=0 Fill price=0 Error='No error' Native error='',
7/17/2026 7:30:59 AM,Order,Order='e2a3adad21b9454ea68352a1274371c3/Sim101' Name='Stop2' New state='Submitted' Instrument='MES SEP26' Action='Sell' Limit price=0 Stop price=7522.5 Quantity=1 Type='Stop Market' Time in force=GTC Oco='d659ddacb618473684ae9d70b3a5bb63' Filled=0 Fill price=0 Error='No error' Native error='',
7/17/2026 7:30:59 AM,Order,Order='d458fb1e82c747eb999645a317724364/Sim101' Name='Target1' New state='Submitted' Instrument='MES SEP26' Action='Sell' Limit price=7530.5 Stop price=0 Quantity=3 Type='Limit' Time in force=GTC Oco='4ca8bff84cb94768905691cf98e9628d' Filled=0 Fill price=0 Error='No error' Native error='',
7/17/2026 7:30:59 AM,Order,Order='75fab3b833d943ab96928aefac7d28c2/Sim101' Name='Stop1' New state='Submitted' Instrument='MES SEP26' Action='Sell' Limit price=0 Stop price=7522.5 Quantity=3 Type='Stop Market' Time in force=GTC Oco='4ca8bff84cb94768905691cf98e9628d' Filled=0 Fill price=0 Error='No error' Native error='',
7/17/2026 7:30:59 AM,Position,Instrument='MES SEP26' Account='Sim101' Average price=7529.5 Quantity=6 Market position=Long Operation=Operation_Add,
7/17/2026 7:30:59 AM,Execution,Execution='8498823d9e5048ef8e07146756216172' Instrument='MES SEP26' Account='Sim101' Exchange=Default Price=7529.5 Quantity=6 Market position=Long Operation=Operation_Add Order='6531415907934e18ac90ebbdc44d79dc' Time='7/17/2026 7:30 AM',
7/17/2026 7:30:59 AM,Order,Order='6531415907934e18ac90ebbdc44d79dc/Sim101' Name='Entry' New state='Filled' Instrument='MES SEP26' Action='Buy' Limit price=0 Stop price=0 Quantity=6 Type='Market' Time in force=GTC Oco='' Filled=6 Fill price=7529.5 Error='No error' Native error='',
7/17/2026 7:30:58 AM,Order,Order='6531415907934e18ac90ebbdc44d79dc/Sim101' Name='Entry' New state='Accepted' Instrument='MES SEP26' Action='Buy' Limit price=0 Stop price=0 Quantity=6 Type='Market' Time in force=GTC Oco='' Filled=0 Fill price=0 Error='No error' Native error='',
7/17/2026 7:30:58 AM,Order,Order='6531415907934e18ac90ebbdc44d79dc/Sim101' Name='Entry' New state='Working' Instrument='MES SEP26' Action='Buy' Limit price=0 Stop price=0 Quantity=6 Type='Market' Time in force=GTC Oco='' Filled=0 Fill price=0 Error='No error' Native error='',
7/17/2026 7:30:58 AM,Order,Order='6531415907934e18ac90ebbdc44d79dc/Sim101' Name='Entry' New state='Submitted' Instrument='MES SEP26' Action='Buy' Limit price=0 Stop price=0 Quantity=6 Type='Market' Time in force=GTC Oco='' Filled=0 Fill price=0 Error='No error' Native error='',
7/17/2026 7:30:58 AM,Order,Chart Trader submitting order with strategy 'MES RMA 7SL 6Q - 1' (Ticks),
7/17/2026 7:30:14 AM,Order,Order='e705318a5bfe42babbf6c08e30c05893/Sim101' Name='Target4' New state='Cancelled' Instrument='MES SEP26' Action='Sell' Limit price=7533.25 Stop price=0 Quantity=1 Type='Limit' Time in force=GTC Oco='ff62602165a34ad083c68ebe0f32de1e' Filled=0 Fill price=0 Error='No error' Native error='',
7/17/2026 7:30:14 AM,Strategy,Cancelling any remaining strategy orders,
7/17/2026 7:30:14 AM,Position,Instrument='MES SEP26' Account='Sim101' Average price=0 Quantity=0 Market position=Flat Operation=Remove,
7/17/2026 7:30:14 AM,Order,Order='a1655180f39048c6810dcd29a2461473/Sim101' Name='Target3' New state='Cancelled' Instrument='MES SEP26' Action='Sell' Limit price=7532.25 Stop price=0 Quantity=1 Type='Limit' Time in force=GTC Oco='05b0ee9a36fd49daa71540e8bcd5ae8f' Filled=0 Fill price=0 Error='No error' Native error='',
7/17/2026 7:30:14 AM,Order,Order='e705318a5bfe42babbf6c08e30c05893/Sim101' Name='Target4' New state='Cancel submitted' Instrument='MES SEP26' Action='Sell' Limit price=7533.25 Stop price=0 Quantity=1 Type='Limit' Time in force=GTC Oco='ff62602165a34ad083c68ebe0f32de1e' Filled=0 Fill price=0 Error='No error' Native error='',
7/17/2026 7:30:14 AM,Execution,Execution='92da7fa71e804b0ea911ba36653b2516' Instrument='MES SEP26' Account='Sim101' Exchange=Default Price=7529.5 Quantity=1 Market position=Short Operation=Operation_Add Order='e74c8a24865240f1b1c9864366057b8d' Time='7/17/2026 7:30 AM',
7/17/2026 7:30:14 AM,Order,Order='e74c8a24865240f1b1c9864366057b8d/Sim101' Name='Stop4' New state='Filled' Instrument='MES SEP26' Action='Sell' Limit price=0 Stop price=7529.5 Quantity=1 Type='Stop Market' Time in force=GTC Oco='ff62602165a34ad083c68ebe0f32de1e' Filled=1 Fill price=7529.5 Error='No error' Native error='',
7/17/2026 7:30:14 AM,Position,Instrument='MES SEP26' Account='Sim101' Average price=7529.25 Quantity=1 Market position=Long Operation=Update,
7/17/2026 7:30:14 AM,Order,Order='a1655180f39048c6810dcd29a2461473/Sim101' Name='Target3' New state='Cancel submitted' Instrument='MES SEP26' Action='Sell' Limit price=7532.25 Stop price=0 Quantity=1 Type='Limit' Time in force=GTC Oco='05b0ee9a36fd49daa71540e8bcd5ae8f' Filled=0 Fill price=0 Error='No error' Native error='',
7/17/2026 7:30:14 AM,Execution,Execution='72773f7bbb65443892e21fd4952e5c78' Instrument='MES SEP26' Account='Sim101' Exchange=Default Price=7529.5 Quantity=1 Market position=Short Operation=Operation_Add Order='7711f17b55ad494ba013d5f65628a9dc' Time='7/17/2026 7:30 AM',
7/17/2026 7:30:14 AM,Order,Order='7711f17b55ad494ba013d5f65628a9dc/Sim101' Name='Stop3' New state='Filled' Instrument='MES SEP26' Action='Sell' Limit price=0 Stop price=7529.5 Quantity=1 Type='Stop Market' Time in force=GTC Oco='05b0ee9a36fd49daa71540e8bcd5ae8f' Filled=1 Fill price=7529.5 Error='No error' Native error='',
7/17/2026 7:30:14 AM,Order,Order='e74c8a24865240f1b1c9864366057b8d/Sim101' Name='Stop4' New state='Working' Instrument='MES SEP26' Action='Sell' Limit price=0 Stop price=7529.5 Quantity=1 Type='Stop Market' Time in force=GTC Oco='ff62602165a34ad083c68ebe0f32de1e' Filled=0 Fill price=0 Error='No error' Native error='',
7/17/2026 7:30:14 AM,Order,Order='7711f17b55ad494ba013d5f65628a9dc/Sim101' Name='Stop3' New state='Working' Instrument='MES SEP26' Action='Sell' Limit price=0 Stop price=7529.5 Quantity=1 Type='Stop Market' Time in force=GTC Oco='05b0ee9a36fd49daa71540e8bcd5ae8f' Filled=0 Fill price=0 Error='No error' Native error='',
7/17/2026 7:30:04 AM,Order,Order='814e2f54bf2b49d28af7c866724ef58e/Sim101' Name='Stop2' New state='Cancelled' Instrument='MES SEP26' Action='Sell' Limit price=0 Stop price=7529.5 Quantity=1 Type='Stop Market' Time in force=GTC Oco='875735a425c04561b66167cec6a2c878' Filled=0 Fill price=0 Error='No error' Native error='',
7/17/2026 7:30:04 AM,Position,Instrument='MES SEP26' Account='Sim101' Average price=7529.25 Quantity=2 Market position=Long Operation=Update,
7/17/2026 7:30:04 AM,Order,Order='814e2f54bf2b49d28af7c866724ef58e/Sim101' Name='Stop2' New state='Cancel submitted' Instrument='MES SEP26' Action='Sell' Limit price=0 Stop price=7529.5 Quantity=1 Type='Stop Market' Time in force=GTC Oco='875735a425c04561b66167cec6a2c878' Filled=0 Fill price=0 Error='No error' Native error='',
7/17/2026 7:30:04 AM,Execution,Execution='08084af4a0274f5299984c4a1aa41b39' Instrument='MES SEP26' Account='Sim101' Exchange=Default Price=7531.25 Quantity=1 Market position=Short Operation=Operation_Add Order='37a918aabeb94fa9bce4c7885acc51d5' Time='7/17/2026 7:30 AM',
7/17/2026 7:30:04 AM,Order,Order='37a918aabeb94fa9bce4c7885acc51d5/Sim101' Name='Target2' New state='Filled' Instrument='MES SEP26' Action='Sell' Limit price=7531.25 Stop price=0 Quantity=1 Type='Limit' Time in force=GTC Oco='875735a425c04561b66167cec6a2c878' Filled=1 Fill price=7531.25 Error='No error' Native error='',
7/17/2026 7:30:04 AM,Order,Order='e74c8a24865240f1b1c9864366057b8d/Sim101' Name='Stop4' New state='Accepted' Instrument='MES SEP26' Action='Sell' Limit price=0 Stop price=7529.5 Quantity=1 Type='Stop Market' Time in force=GTC Oco='ff62602165a34ad083c68ebe0f32de1e' Filled=0 Fill price=0 Error='No error' Native error='',
7/17/2026 7:30:04 AM,Order,Order='7711f17b55ad494ba013d5f65628a9dc/Sim101' Name='Stop3' New state='Accepted' Instrument='MES SEP26' Action='Sell' Limit price=0 Stop price=7529.5 Quantity=1 Type='Stop Market' Time in force=GTC Oco='05b0ee9a36fd49daa71540e8bcd5ae8f' Filled=0 Fill price=0 Error='No error' Native error='',
7/17/2026 7:30:04 AM,Order,Order='814e2f54bf2b49d28af7c866724ef58e/Sim101' Name='Stop2' New state='Accepted' Instrument='MES SEP26' Action='Sell' Limit price=0 Stop price=7529.5 Quantity=1 Type='Stop Market' Time in force=GTC Oco='875735a425c04561b66167cec6a2c878' Filled=0 Fill price=0 Error='No error' Native error='',
7/17/2026 7:30:04 AM,Order,Order='e74c8a24865240f1b1c9864366057b8d/Sim101' Name='Stop4' New state='Change submitted' Instrument='MES SEP26' Action='Sell' Limit price=0 Stop price=7529.5 Quantity=1 Type='Stop Market' Time in force=GTC Oco='ff62602165a34ad083c68ebe0f32de1e' Filled=0 Fill price=0 Error='No error' Native error='',
7/17/2026 7:30:04 AM,Order,Auto breakeven price modification from '7522.25' to '7529.50',
7/17/2026 7:30:04 AM,Order,Order='7711f17b55ad494ba013d5f65628a9dc/Sim101' Name='Stop3' New state='Change submitted' Instrument='MES SEP26' Action='Sell' Limit price=0 Stop price=7529.5 Quantity=1 Type='Stop Market' Time in force=GTC Oco='05b0ee9a36fd49daa71540e8bcd5ae8f' Filled=0 Fill price=0 Error='No error' Native error='',
7/17/2026 7:30:04 AM,Order,Auto breakeven price modification from '7522.25' to '7529.50',
7/17/2026 7:30:04 AM,Order,Order='814e2f54bf2b49d28af7c866724ef58e/Sim101' Name='Stop2' New state='Change submitted' Instrument='MES SEP26' Action='Sell' Limit price=0 Stop price=7529.5 Quantity=1 Type='Stop Market' Time in force=GTC Oco='875735a425c04561b66167cec6a2c878' Filled=0 Fill price=0 Error='No error' Native error='',
7/17/2026 7:30:04 AM,Order,Order='848f34f26a924cffa064d34bded2c012/Sim101' Name='Stop1' New state='Cancelled' Instrument='MES SEP26' Action='Sell' Limit price=0 Stop price=7522.25 Quantity=3 Type='Stop Market' Time in force=GTC Oco='7b77dd1fff524ddcabb8138e29e1590f' Filled=0 Fill price=0 Error='No error' Native error='',
7/17/2026 7:30:04 AM,Order,Auto breakeven price modification from '7522.25' to '7529.50',
7/17/2026 7:30:04 AM,Position,Instrument='MES SEP26' Account='Sim101' Average price=7529.25 Quantity=3 Market position=Long Operation=Update,
7/17/2026 7:30:04 AM,Order,Order='848f34f26a924cffa064d34bded2c012/Sim101' Name='Stop1' New state='Cancel submitted' Instrument='MES SEP26' Action='Sell' Limit price=0 Stop price=7522.25 Quantity=3 Type='Stop Market' Time in force=GTC Oco='7b77dd1fff524ddcabb8138e29e1590f' Filled=0 Fill price=0 Error='No error' Native error='',
7/17/2026 7:30:04 AM,Execution,Execution='bad726fd48fc4e9183975834af34cf5e' Instrument='MES SEP26' Account='Sim101' Exchange=Default Price=7530.25 Quantity=3 Market position=Short Operation=Operation_Add Order='1f884b5affe94568886411126fe44eed' Time='7/17/2026 7:30 AM',
7/17/2026 7:30:04 AM,Order,Order='1f884b5affe94568886411126fe44eed/Sim101' Name='Target1' New state='Filled' Instrument='MES SEP26' Action='Sell' Limit price=7530.25 Stop price=0 Quantity=3 Type='Limit' Time in force=GTC Oco='7b77dd1fff524ddcabb8138e29e1590f' Filled=3 Fill price=7530.25 Error='No error' Native error='',
7/17/2026 7:29:50 AM,Order,Order='e705318a5bfe42babbf6c08e30c05893/Sim101' Name='Target4' New state='Accepted' Instrument='MES SEP26' Action='Sell' Limit price=7533.25 Stop price=0 Quantity=1 Type='Limit' Time in force=GTC Oco='ff62602165a34ad083c68ebe0f32de1e' Filled=0 Fill price=0 Error='No error' Native error='',
7/17/2026 7:29:50 AM,Order,Order='e705318a5bfe42babbf6c08e30c05893/Sim101' Name='Target4' New state='Working' Instrument='MES SEP26' Action='Sell' Limit price=7533.25 Stop price=0 Quantity=1 Type='Limit' Time in force=GTC Oco='ff62602165a34ad083c68ebe0f32de1e' Filled=0 Fill price=0 Error='No error' Native error='',
7/17/2026 7:29:50 AM,Order,Order='e74c8a24865240f1b1c9864366057b8d/Sim101' Name='Stop4' New state='Accepted' Instrument='MES SEP26' Action='Sell' Limit price=0 Stop price=7522.25 Quantity=1 Type='Stop Market' Time in force=GTC Oco='ff62602165a34ad083c68ebe0f32de1e' Filled=0 Fill price=0 Error='No error' Native error='',
7/17/2026 7:29:50 AM,Order,Order='a1655180f39048c6810dcd29a2461473/Sim101' Name='Target3' New state='Accepted' Instrument='MES SEP26' Action='Sell' Limit price=7532.25 Stop price=0 Quantity=1 Type='Limit' Time in force=GTC Oco='05b0ee9a36fd49daa71540e8bcd5ae8f' Filled=0 Fill price=0 Error='No error' Native error='',
7/17/2026 7:29:50 AM,Order,Order='a1655180f39048c6810dcd29a2461473/Sim101' Name='Target3' New state='Working' Instrument='MES SEP26' Action='Sell' Limit price=7532.25 Stop price=0 Quantity=1 Type='Limit' Time in force=GTC Oco='05b0ee9a36fd49daa71540e8bcd5ae8f' Filled=0 Fill price=0 Error='No error' Native error='',
7/17/2026 7:29:50 AM,Order,Order='7711f17b55ad494ba013d5f65628a9dc/Sim101' Name='Stop3' New state='Accepted' Instrument='MES SEP26' Action='Sell' Limit price=0 Stop price=7522.25 Quantity=1 Type='Stop Market' Time in force=GTC Oco='05b0ee9a36fd49daa71540e8bcd5ae8f' Filled=0 Fill price=0 Error='No error' Native error='',
7/17/2026 7:29:50 AM,Order,Order='814e2f54bf2b49d28af7c866724ef58e/Sim101' Name='Stop2' New state='Accepted' Instrument='MES SEP26' Action='Sell' Limit price=0 Stop price=7522.25 Quantity=1 Type='Stop Market' Time in force=GTC Oco='875735a425c04561b66167cec6a2c878' Filled=0 Fill price=0 Error='No error' Native error='',
7/17/2026 7:29:50 AM,Order,Order='37a918aabeb94fa9bce4c7885acc51d5/Sim101' Name='Target2' New state='Accepted' Instrument='MES SEP26' Action='Sell' Limit price=7531.25 Stop price=0 Quantity=1 Type='Limit' Time in force=GTC Oco='875735a425c04561b66167cec6a2c878' Filled=0 Fill price=0 Error='No error' Native error='',
7/17/2026 7:29:50 AM,Order,Order='37a918aabeb94fa9bce4c7885acc51d5/Sim101' Name='Target2' New state='Working' Instrument='MES SEP26' Action='Sell' Limit price=7531.25 Stop price=0 Quantity=1 Type='Limit' Time in force=GTC Oco='875735a425c04561b66167cec6a2c878' Filled=0 Fill price=0 Error='No error' Native error='',
7/17/2026 7:29:50 AM,Order,Order='1f884b5affe94568886411126fe44eed/Sim101' Name='Target1' New state='Working' Instrument='MES SEP26' Action='Sell' Limit price=7530.25 Stop price=0 Quantity=3 Type='Limit' Time in force=GTC Oco='7b77dd1fff524ddcabb8138e29e1590f' Filled=0 Fill price=0 Error='No error' Native error='',
7/17/2026 7:29:50 AM,Order,Order='1f884b5affe94568886411126fe44eed/Sim101' Name='Target1' New state='Accepted' Instrument='MES SEP26' Action='Sell' Limit price=7530.25 Stop price=0 Quantity=3 Type='Limit' Time in force=GTC Oco='7b77dd1fff524ddcabb8138e29e1590f' Filled=0 Fill price=0 Error='No error' Native error='',
7/17/2026 7:29:50 AM,Order,Order='848f34f26a924cffa064d34bded2c012/Sim101' Name='Stop1' New state='Accepted' Instrument='MES SEP26' Action='Sell' Limit price=0 Stop price=7522.25 Quantity=3 Type='Stop Market' Time in force=GTC Oco='7b77dd1fff524ddcabb8138e29e1590f' Filled=0 Fill price=0 Error='No error' Native error='',
7/17/2026 7:29:50 AM,Order,Order='e705318a5bfe42babbf6c08e30c05893/Sim101' Name='Target4' New state='Submitted' Instrument='MES SEP26' Action='Sell' Limit price=7533.25 Stop price=0 Quantity=1 Type='Limit' Time in force=GTC Oco='ff62602165a34ad083c68ebe0f32de1e' Filled=0 Fill price=0 Error='No error' Native error='',
7/17/2026 7:29:50 AM,Order,Order='e74c8a24865240f1b1c9864366057b8d/Sim101' Name='Stop4' New state='Submitted' Instrument='MES SEP26' Action='Sell' Limit price=0 Stop price=7522.25 Quantity=1 Type='Stop Market' Time in force=GTC Oco='ff62602165a34ad083c68ebe0f32de1e' Filled=0 Fill price=0 Error='No error' Native error='',
7/17/2026 7:29:50 AM,Order,Order='a1655180f39048c6810dcd29a2461473/Sim101' Name='Target3' New state='Submitted' Instrument='MES SEP26' Action='Sell' Limit price=7532.25 Stop price=0 Quantity=1 Type='Limit' Time in force=GTC Oco='05b0ee9a36fd49daa71540e8bcd5ae8f' Filled=0 Fill price=0 Error='No error' Native error='',
7/17/2026 7:29:50 AM,Order,Order='7711f17b55ad494ba013d5f65628a9dc/Sim101' Name='Stop3' New state='Submitted' Instrument='MES SEP26' Action='Sell' Limit price=0 Stop price=7522.25 Quantity=1 Type='Stop Market' Time in force=GTC Oco='05b0ee9a36fd49daa71540e8bcd5ae8f' Filled=0 Fill price=0 Error='No error' Native error='',
7/17/2026 7:29:50 AM,Order,Order='37a918aabeb94fa9bce4c7885acc51d5/Sim101' Name='Target2' New state='Submitted' Instrument='MES SEP26' Action='Sell' Limit price=7531.25 Stop price=0 Quantity=1 Type='Limit' Time in force=GTC Oco='875735a425c04561b66167cec6a2c878' Filled=0 Fill price=0 Error='No error' Native error='',
7/17/2026 7:29:50 AM,Order,Order='814e2f54bf2b49d28af7c866724ef58e/Sim101' Name='Stop2' New state='Submitted' Instrument='MES SEP26' Action='Sell' Limit price=0 Stop price=7522.25 Quantity=1 Type='Stop Market' Time in force=GTC Oco='875735a425c04561b66167cec6a2c878' Filled=0 Fill price=0 Error='No error' Native error='',
7/17/2026 7:29:50 AM,Order,Order='1f884b5affe94568886411126fe44eed/Sim101' Name='Target1' New state='Submitted' Instrument='MES SEP26' Action='Sell' Limit price=7530.25 Stop price=0 Quantity=3 Type='Limit' Time in force=GTC Oco='7b77dd1fff524ddcabb8138e29e1590f' Filled=0 Fill price=0 Error='No error' Native error='',
7/17/2026 7:29:50 AM,Order,Order='848f34f26a924cffa064d34bded2c012/Sim101' Name='Stop1' New state='Submitted' Instrument='MES SEP26' Action='Sell' Limit price=0 Stop price=7522.25 Quantity=3 Type='Stop Market' Time in force=GTC Oco='7b77dd1fff524ddcabb8138e29e1590f' Filled=0 Fill price=0 Error='No error' Native error='',
7/17/2026 7:29:50 AM,Position,Instrument='MES SEP26' Account='Sim101' Average price=7529.25 Quantity=6 Market position=Long Operation=Operation_Add,
7/17/2026 7:29:50 AM,Execution,Execution='aaac6c2371694c41bc87845d1f3aaefb' Instrument='MES SEP26' Account='Sim101' Exchange=Default Price=7529.25 Quantity=6 Market position=Long Operation=Operation_Add Order='3b2f13e42e904487b02f762ca496766d' Time='7/17/2026 7:29 AM',
7/17/2026 7:29:50 AM,Order,Order='3b2f13e42e904487b02f762ca496766d/Sim101' Name='Entry' New state='Filled' Instrument='MES SEP26' Action='Buy' Limit price=0 Stop price=0 Quantity=6 Type='Market' Time in force=GTC Oco='' Filled=6 Fill price=7529.25 Error='No error' Native error='',
7/17/2026 7:29:50 AM,Order,Order='3b2f13e42e904487b02f762ca496766d/Sim101' Name='Entry' New state='Accepted' Instrument='MES SEP26' Action='Buy' Limit price=0 Stop price=0 Quantity=6 Type='Market' Time in force=GTC Oco='' Filled=0 Fill price=0 Error='No error' Native error='',
7/17/2026 7:29:50 AM,Order,Order='3b2f13e42e904487b02f762ca496766d/Sim101' Name='Entry' New state='Working' Instrument='MES SEP26' Action='Buy' Limit price=0 Stop price=0 Quantity=6 Type='Market' Time in force=GTC Oco='' Filled=0 Fill price=0 Error='No error' Native error='',
7/17/2026 7:29:49 AM,Order,Order='3b2f13e42e904487b02f762ca496766d/Sim101' Name='Entry' New state='Submitted' Instrument='MES SEP26' Action='Buy' Limit price=0 Stop price=0 Quantity=6 Type='Market' Time in force=GTC Oco='' Filled=0 Fill price=0 Error='No error' Native error='',
7/17/2026 7:29:49 AM,Order,Chart Trader submitting order with strategy 'MES RMA 7SL 6Q - 1' (Ticks),
7/17/2026 7:05:37 AM,Order,Order='2827377732/PA-APEX-422136-01' Name='Target4' New state='Cancelled' Instrument='MES SEP26' Action='Buy to cover' Limit price=7522 Stop price=0 Quantity=1 Type='Limit' Time in force=GTC Oco='6b8b4226de7145dca513f3b00492d1aa' Filled=0 Fill price=0 Error='No error' Native error='',
7/17/2026 7:05:37 AM,Strategy,Cancelling any remaining strategy orders,
7/17/2026 7:05:37 AM,Order,Order='2827377712/PA-APEX-422136-05' Name='Target3' New state='Cancelled' Instrument='MES SEP26' Action='Buy to cover' Limit price=7523 Stop price=0 Quantity=1 Type='Limit' Time in force=GTC Oco='969884bf477849d78f9b3754e7e07dd7' Filled=0 Fill price=0 Error='No error' Native error='',
7/17/2026 7:05:37 AM,Order,Order='2827377692/PA-APEX-422136-04' Name='Target3' New state='Cancelled' Instrument='MES SEP26' Action='Buy to cover' Limit price=7523 Stop price=0 Quantity=1 Type='Limit' Time in force=GTC Oco='7ebd7de049dc4f9583abb82664cf35db' Filled=0 Fill price=0 Error='No error' Native error='',
7/17/2026 7:05:37 AM,Order,Order='2827377729/PA-APEX-422136-01' Name='Target3' New state='Cancelled' Instrument='MES SEP26' Action='Buy to cover' Limit price=7523 Stop price=0 Quantity=1 Type='Limit' Time in force=GTC Oco='8630aea299cc4aa8a2c294c54aed4074' Filled=0 Fill price=0 Error='No error' Native error='',
7/17/2026 7:05:37 AM,Order,Order='2827377724/PA-APEX-422136-01' Name='Target2' New state='Cancelled' Instrument='MES SEP26' Action='Buy to cover' Limit price=7524 Stop price=0 Quantity=1 Type='Limit' Time in force=GTC Oco='cd2c5aeb763f4243947159e0ab37e1b3' Filled=0 Fill price=0 Error='No error' Native error='',
7/17/2026 7:05:37 AM,Order,Order='2827377710/PA-APEX-422136-05' Name='Target2' New state='Cancelled' Instrument='MES SEP26' Action='Buy to cover' Limit price=7524 Stop price=0 Quantity=1 Type='Limit' Time in force=GTC Oco='5ecc48b9f6584f89a3c944a4cf3befaf' Filled=0 Fill price=0 Error='No error' Native error='',
7/17/2026 7:05:37 AM,Order,Order='2827377686/PA-APEX-422136-04' Name='Target2' New state='Cancelled' Instrument='MES SEP26' Action='Buy to cover' Limit price=7524 Stop price=0 Quantity=1 Type='Limit' Time in force=GTC Oco='f15d0ab87eb24289afb817e44727db04' Filled=0 Fill price=0 Error='No error' Native error='',
7/17/2026 7:05:37 AM,Order,Order='2827377700/PA-APEX-422136-04' Name='Target4' New state='Cancelled' Instrument='MES SEP26' Action='Buy to cover' Limit price=7522 Stop price=0 Quantity=1 Type='Limit' Time in force=GTC Oco='1960c25511e34542b77b937d7de36278' Filled=0 Fill price=0 Error='No error' Native error='',
7/17/2026 7:05:37 AM,Order,Order='2827377720/PA-APEX-422136-05' Name='Target4' New state='Cancelled' Instrument='MES SEP26' Action='Buy to cover' Limit price=7522 Stop price=0 Quantity=1 Type='Limit' Time in force=GTC Oco='a6dbb7c8cf1f4fa8a9ae18ed4f319385' Filled=0 Fill price=0 Error='No error' Native error='',
7/17/2026 7:05:37 AM,Order,Order='2827377732/PA-APEX-422136-01' Name='Target4' New state='Cancel submitted' Instrument='MES SEP26' Action='Buy to cover' Limit price=7522 Stop price=0 Quantity=1 Type='Limit' Time in force=GTC Oco='6b8b4226de7145dca513f3b00492d1aa' Filled=0 Fill price=0 Error='No error' Native error='',
7/17/2026 7:05:37 AM,Order,Order='2827377731/PA-APEX-422136-01' Name='Stop4' New state='Filled' Instrument='MES SEP26' Action='Buy to cover' Limit price=0 Stop price=7525.75 Quantity=1 Type='Stop Market' Time in force=GTC Oco='6b8b4226de7145dca513f3b00492d1aa' Filled=1 Fill price=7525.75 Error='No error' Native error='',
7/17/2026 7:05:37 AM,Strategy,Cancelling any remaining strategy orders,
7/17/2026 7:05:37 AM,Execution,Execution='2047872,
7/17/2026 7:05:37 AM,Order,Order='2827377731/PA-APEX-422136-01' Name='Stop4' New state='Working' Instrument='MES SEP26' Action='Buy to cover' Limit price=0 Stop price=7525.75 Quantity=1 Type='Stop Market' Time in force=GTC Oco='6b8b4226de7145dca513f3b00492d1aa' Filled=0 Fill price=0 Error='No error' Native error='',
7/17/2026 7:05:37 AM,Order,Order='2827377712/PA-APEX-422136-05' Name='Target3' New state='Cancel submitted' Instrument='MES SEP26' Action='Buy to cover' Limit price=7523 Stop price=0 Quantity=1 Type='Limit' Time in force=GTC Oco='969884bf477849d78f9b3754e7e07dd7' Filled=0 Fill price=0 Error='No error' Native error='',
7/17/2026 7:05:37 AM,Order,Order='2827377711/PA-APEX-422136-05' Name='Stop3' New state='Filled' Instrument='MES SEP26' Action='Buy to cover' Limit price=0 Stop price=7525.75 Quantity=1 Type='Stop Market' Time in force=GTC Oco='969884bf477849d78f9b3754e7e07dd7' Filled=1 Fill price=7525.75 Error='No error' Native error='',
7/17/2026 7:05:37 AM,Execution,Execution='2047870,
7/17/2026 7:05:37 AM,Strategy,Cancelling any remaining strategy orders,
7/17/2026 7:05:37 AM,Order,Order='2827377711/PA-APEX-422136-05' Name='Stop3' New state='Working' Instrument='MES SEP26' Action='Buy to cover' Limit price=0 Stop price=7525.75 Quantity=1 Type='Stop Market' Time in force=GTC Oco='969884bf477849d78f9b3754e7e07dd7' Filled=0 Fill price=0 Error='No error' Native error='',
7/17/2026 7:05:37 AM,Order,Order='2827377692/PA-APEX-422136-04' Name='Target3' New state='Cancel submitted' Instrument='MES SEP26' Action='Buy to cover' Limit price=7523 Stop price=0 Quantity=1 Type='Limit' Time in force=GTC Oco='7ebd7de049dc4f9583abb82664cf35db' Filled=0 Fill price=0 Error='No error' Native error='',
7/17/2026 7:05:37 AM,Execution,Execution='2047868,
7/17/2026 7:05:37 AM,Order,Order='2827377691/PA-APEX-422136-04' Name='Stop3' New state='Filled' Instrument='MES SEP26' Action='Buy to cover' Limit price=0 Stop price=7525.75 Quantity=1 Type='Stop Market' Time in force=GTC Oco='7ebd7de049dc4f9583abb82664cf35db' Filled=1 Fill price=7525.75 Error='No error' Native error='',
7/17/2026 7:05:37 AM,Order,Order='2827377691/PA-APEX-422136-04' Name='Stop3' New state='Working' Instrument='MES SEP26' Action='Buy to cover' Limit price=0 Stop price=7525.75 Quantity=1 Type='Stop Market' Time in force=GTC Oco='7ebd7de049dc4f9583abb82664cf35db' Filled=0 Fill price=0 Error='No error' Native error='',
7/17/2026 7:05:37 AM,Execution,Execution='2054230,
7/17/2026 7:05:37 AM,Order,Order='2827377729/PA-APEX-422136-01' Name='Target3' New state='Cancel submitted' Instrument='MES SEP26' Action='Buy to cover' Limit price=7523 Stop price=0 Quantity=1 Type='Limit' Time in force=GTC Oco='8630aea299cc4aa8a2c294c54aed4074' Filled=0 Fill price=0 Error='No error' Native error='',
7/17/2026 7:05:37 AM,Order,Order='2827377728/PA-APEX-422136-01' Name='Stop3' New state='Filled' Instrument='MES SEP26' Action='Buy to cover' Limit price=0 Stop price=7525.75 Quantity=1 Type='Stop Market' Time in force=GTC Oco='8630aea299cc4aa8a2c294c54aed4074' Filled=1 Fill price=7525.75 Error='No error' Native error='',
7/17/2026 7:05:37 AM,Order,Order='2827377728/PA-APEX-422136-01' Name='Stop3' New state='Working' Instrument='MES SEP26' Action='Buy to cover' Limit price=0 Stop price=7525.75 Quantity=1 Type='Stop Market' Time in force=GTC Oco='8630aea299cc4aa8a2c294c54aed4074' Filled=0 Fill price=0 Error='No error' Native error='',
7/17/2026 7:05:37 AM,Order,Order='2827377724/PA-APEX-422136-01' Name='Target2' New state='Cancel submitted' Instrument='MES SEP26' Action='Buy to cover' Limit price=7524 Stop price=0 Quantity=1 Type='Limit' Time in force=GTC Oco='cd2c5aeb763f4243947159e0ab37e1b3' Filled=0 Fill price=0 Error='No error' Native error='',
7/17/2026 7:05:37 AM,Execution,Execution='2053949,
7/17/2026 7:05:37 AM,Order,Order='2827377723/PA-APEX-422136-01' Name='Stop2' New state='Filled' Instrument='MES SEP26' Action='Buy to cover' Limit price=0 Stop price=7525.75 Quantity=1 Type='Stop Market' Time in force=GTC Oco='cd2c5aeb763f4243947159e0ab37e1b3' Filled=1 Fill price=7525.75 Error='No error' Native error='',
7/17/2026 7:05:37 AM,Order,Order='2827377723/PA-APEX-422136-01' Name='Stop2' New state='Working' Instrument='MES SEP26' Action='Buy to cover' Limit price=0 Stop price=7525.75 Quantity=1 Type='Stop Market' Time in force=GTC Oco='cd2c5aeb763f4243947159e0ab37e1b3' Filled=0 Fill price=0 Error='No error' Native error='',
7/17/2026 7:05:37 AM,Order,Order='2827377710/PA-APEX-422136-05' Name='Target2' New state='Cancel submitted' Instrument='MES SEP26' Action='Buy to cover' Limit price=7524 Stop price=0 Quantity=1 Type='Limit' Time in force=GTC Oco='5ecc48b9f6584f89a3c944a4cf3befaf' Filled=0 Fill price=0 Error='No error' Native error='',
7/17/2026 7:05:37 AM,Order,Order='2827377705/PA-APEX-422136-05' Name='Stop2' New state='Filled' Instrument='MES SEP26' Action='Buy to cover' Limit price=0 Stop price=7525.75 Quantity=1 Type='Stop Market' Time in force=GTC Oco='5ecc48b9f6584f89a3c944a4cf3befaf' Filled=1 Fill price=7525.75 Error='No error' Native error='',
7/17/2026 7:05:37 AM,Execution,Execution='2049650,
7/17/2026 7:05:37 AM,Order,Order='2827377705/PA-APEX-422136-05' Name='Stop2' New state='Working' Instrument='MES SEP26' Action='Buy to cover' Limit price=0 Stop price=7525.75 Quantity=1 Type='Stop Market' Time in force=GTC Oco='5ecc48b9f6584f89a3c944a4cf3befaf' Filled=0 Fill price=0 Error='No error' Native error='',
7/17/2026 7:05:37 AM,Execution,Execution='2049648,
7/17/2026 7:05:37 AM,Order,Order='2827377686/PA-APEX-422136-04' Name='Target2' New state='Cancel submitted' Instrument='MES SEP26' Action='Buy to cover' Limit price=7524 Stop price=0 Quantity=1 Type='Limit' Time in force=GTC Oco='f15d0ab87eb24289afb817e44727db04' Filled=0 Fill price=0 Error='No error' Native error='',
7/17/2026 7:05:37 AM,Order,Order='2827377685/PA-APEX-422136-04' Name='Stop2' New state='Filled' Instrument='MES SEP26' Action='Buy to cover' Limit price=0 Stop price=7525.75 Quantity=1 Type='Stop Market' Time in force=GTC Oco='f15d0ab87eb24289afb817e44727db04' Filled=1 Fill price=7525.75 Error='No error' Native error='',
7/17/2026 7:05:37 AM,Order,Order='2827377685/PA-APEX-422136-04' Name='Stop2' New state='Working' Instrument='MES SEP26' Action='Buy to cover' Limit price=0 Stop price=7525.75 Quantity=1 Type='Stop Market' Time in force=GTC Oco='f15d0ab87eb24289afb817e44727db04' Filled=0 Fill price=0 Error='No error' Native error='',
7/17/2026 7:05:37 AM,Order,Order='2827377720/PA-APEX-422136-05' Name='Target4' New state='Cancel submitted' Instrument='MES SEP26' Action='Buy to cover' Limit price=7522 Stop price=0 Quantity=1 Type='Limit' Time in force=GTC Oco='a6dbb7c8cf1f4fa8a9ae18ed4f319385' Filled=0 Fill price=0 Error='No error' Native error='',
7/17/2026 7:05:37 AM,Position,Instrument='MES SEP26' Account='PA-APEX-422136-04' Average price=7526 Quantity=3 Market position=Flat Operation=Remove,
7/17/2026 7:05:37 AM,Order,Order='2827377719/PA-APEX-422136-05' Name='Stop4' New state='Filled' Instrument='MES SEP26' Action='Buy to cover' Limit price=0 Stop price=7525.75 Quantity=1 Type='Stop Market' Time in force=GTC Oco='a6dbb7c8cf1f4fa8a9ae18ed4f319385' Filled=1 Fill price=7525.75 Error='No error' Native error='',
7/17/2026 7:05:37 AM,Order,Order='2827377700/PA-APEX-422136-04' Name='Target4' New state='Cancel submitted' Instrument='MES SEP26' Action='Buy to cover' Limit price=7522 Stop price=0 Quantity=1 Type='Limit' Time in force=GTC Oco='1960c25511e34542b77b937d7de36278' Filled=0 Fill price=0 Error='No error' Native error='',
7/17/2026 7:05:37 AM,Execution,Execution='2047844,
7/17/2026 7:05:37 AM,Position,Instrument='MES SEP26' Account='PA-APEX-422136-01' Average price=7526 Quantity=1 Market position=Flat Operation=Remove,
7/17/2026 7:05:37 AM,Order,Order='2827377719/PA-APEX-422136-05' Name='Stop4' New state='Working' Instrument='MES SEP26' Action='Buy to cover' Limit price=0 Stop price=7525.75 Quantity=1 Type='Stop Market' Time in force=GTC Oco='a6dbb7c8cf1f4fa8a9ae18ed4f319385' Filled=0 Fill price=0 Error='No error' Native error='',
7/17/2026 7:05:37 AM,Position,Instrument='MES SEP26' Account='PA-APEX-422136-01' Average price=7526 Quantity=1 Market position=Short Operation=Update,
7/17/2026 7:05:37 AM,Position,Instrument='MES SEP26' Account='PA-APEX-422136-05' Average price=7526 Quantity=1 Market position=Flat Operation=Remove,
7/17/2026 7:05:37 AM,Position,Instrument='MES SEP26' Account='PA-APEX-422136-01' Average price=7526 Quantity=2 Market position=Short Operation=Update,
7/17/2026 7:05:37 AM,Position,Instrument='MES SEP26' Account='PA-APEX-422136-05' Average price=7526 Quantity=1 Market position=Short Operation=Update,
7/17/2026 7:05:37 AM,Position,Instrument='MES SEP26' Account='PA-APEX-422136-05' Average price=7526 Quantity=2 Market position=Short Operation=Update,
7/17/2026 7:05:37 AM,Order,Order='2827377699/PA-APEX-422136-04' Name='Stop4' New state='Filled' Instrument='MES SEP26' Action='Buy to cover' Limit price=0 Stop price=7525.75 Quantity=1 Type='Stop Market' Time in force=GTC Oco='1960c25511e34542b77b937d7de36278' Filled=1 Fill price=7525.75 Error='No error' Native error='',
7/17/2026 7:05:37 AM,Execution,Execution='2047842,
7/17/2026 7:05:37 AM,Order,Order='2827377699/PA-APEX-422136-04' Name='Stop4' New state='Working' Instrument='MES SEP26' Action='Buy to cover' Limit price=0 Stop price=7525.75 Quantity=1 Type='Stop Market' Time in force=GTC Oco='1960c25511e34542b77b937d7de36278' Filled=0 Fill price=0 Error='No error' Native error='',
7/17/2026 7:05:31 AM,Order,Order='2827377731/PA-APEX-422136-01' Name='Stop4' New state='Accepted' Instrument='MES SEP26' Action='Buy to cover' Limit price=0 Stop price=7525.75 Quantity=1 Type='Stop Market' Time in force=GTC Oco='6b8b4226de7145dca513f3b00492d1aa' Filled=0 Fill price=0 Error='No error' Native error='',
7/17/2026 7:05:31 AM,Order,Order='2827377723/PA-APEX-422136-01' Name='Stop2' New state='Accepted' Instrument='MES SEP26' Action='Buy to cover' Limit price=0 Stop price=7525.75 Quantity=1 Type='Stop Market' Time in force=GTC Oco='cd2c5aeb763f4243947159e0ab37e1b3' Filled=0 Fill price=0 Error='No error' Native error='',
7/17/2026 7:05:31 AM,Order,Order='2827377728/PA-APEX-422136-01' Name='Stop3' New state='Accepted' Instrument='MES SEP26' Action='Buy to cover' Limit price=0 Stop price=7525.75 Quantity=1 Type='Stop Market' Time in force=GTC Oco='8630aea299cc4aa8a2c294c54aed4074' Filled=0 Fill price=0 Error='No error' Native error='',
7/17/2026 7:05:31 AM,Order,Order='2827377731/PA-APEX-422136-01' Name='Stop4' New state='Change submitted' Instrument='MES SEP26' Action='Buy to cover' Limit price=0 Stop price=7525.75 Quantity=1 Type='Stop Market' Time in force=GTC Oco='6b8b4226de7145dca513f3b00492d1aa' Filled=0 Fill price=0 Error='No error' Native error='',
7/17/2026 7:05:31 AM,Order,Order='2827377711/PA-APEX-422136-05' Name='Stop3' New state='Accepted' Instrument='MES SEP26' Action='Buy to cover' Limit price=0 Stop price=7525.75 Quantity=1 Type='Stop Market' Time in force=GTC Oco='969884bf477849d78f9b3754e7e07dd7' Filled=0 Fill price=0 Error='No error' Native error='',
7/17/2026 7:05:31 AM,Order,Order='2827377719/PA-APEX-422136-05' Name='Stop4' New state='Accepted' Instrument='MES SEP26' Action='Buy to cover' Limit price=0 Stop price=7525.75 Quantity=1 Type='Stop Market' Time in force=GTC Oco='a6dbb7c8cf1f4fa8a9ae18ed4f319385' Filled=0 Fill price=0 Error='No error' Native error='',
7/17/2026 7:05:31 AM,Order,Order='2827377705/PA-APEX-422136-05' Name='Stop2' New state='Accepted' Instrument='MES SEP26' Action='Buy to cover' Limit price=0 Stop price=7525.75 Quantity=1 Type='Stop Market' Time in force=GTC Oco='5ecc48b9f6584f89a3c944a4cf3befaf' Filled=0 Fill price=0 Error='No error' Native error='',
7/17/2026 7:05:31 AM,Order,Auto breakeven price modification from '7533.00' to '7525.75',
7/17/2026 7:05:31 AM,Order,Order='2827377728/PA-APEX-422136-01' Name='Stop3' New state='Change submitted' Instrument='MES SEP26' Action='Buy to cover' Limit price=0 Stop price=7525.75 Quantity=1 Type='Stop Market' Time in force=GTC Oco='8630aea299cc4aa8a2c294c54aed4074' Filled=0 Fill price=0 Error='No error' Native error='',
7/17/2026 7:05:31 AM,Order,Order='2827377723/PA-APEX-422136-01' Name='Stop2' New state='Change submitted' Instrument='MES SEP26' Action='Buy to cover' Limit price=0 Stop price=7525.75 Quantity=1 Type='Stop Market' Time in force=GTC Oco='cd2c5aeb763f4243947159e0ab37e1b3' Filled=0 Fill price=0 Error='No error' Native error='',
7/17/2026 7:05:31 AM,Order,Auto breakeven price modification from '7533.00' to '7525.75',
7/17/2026 7:05:31 AM,Order,Order='2827377691/PA-APEX-422136-04' Name='Stop3' New state='Accepted' Instrument='MES SEP26' Action='Buy to cover' Limit price=0 Stop price=7525.75 Quantity=1 Type='Stop Market' Time in force=GTC Oco='7ebd7de049dc4f9583abb82664cf35db' Filled=0 Fill price=0 Error='No error' Native error='',
7/17/2026 7:05:31 AM,Order,Order='2827377699/PA-APEX-422136-04' Name='Stop4' New state='Accepted' Instrument='MES SEP26' Action='Buy to cover' Limit price=0 Stop price=7525.75 Quantity=1 Type='Stop Market' Time in force=GTC Oco='1960c25511e34542b77b937d7de36278' Filled=0 Fill price=0 Error='No error' Native error='',
7/17/2026 7:05:31 AM,Order,Order='2827377719/PA-APEX-422136-05' Name='Stop4' New state='Change submitted' Instrument='MES SEP26' Action='Buy to cover' Limit price=0 Stop price=7525.75 Quantity=1 Type='Stop Market' Time in force=GTC Oco='a6dbb7c8cf1f4fa8a9ae18ed4f319385' Filled=0 Fill price=0 Error='No error' Native error='',
7/17/2026 7:05:31 AM,Order,Auto breakeven price modification from '7533.00' to '7525.75',
7/17/2026 7:05:31 AM,Order,Auto breakeven price modification from '7533.00' to '7525.75',
7/17/2026 7:05:31 AM,Order,Order='2827377711/PA-APEX-422136-05' Name='Stop3' New state='Change submitted' Instrument='MES SEP26' Action='Buy to cover' Limit price=0 Stop price=7525.75 Quantity=1 Type='Stop Market' Time in force=GTC Oco='969884bf477849d78f9b3754e7e07dd7' Filled=0 Fill price=0 Error='No error' Native error='',
7/17/2026 7:05:31 AM,Order,Order='2827377705/PA-APEX-422136-05' Name='Stop2' New state='Change submitted' Instrument='MES SEP26' Action='Buy to cover' Limit price=0 Stop price=7525.75 Quantity=1 Type='Stop Market' Time in force=GTC Oco='5ecc48b9f6584f89a3c944a4cf3befaf' Filled=0 Fill price=0 Error='No error' Native error='',
7/17/2026 7:05:31 AM,Order,Auto breakeven price modification from '7533.00' to '7525.75',
7/17/2026 7:05:31 AM,Order,Order='2827377685/PA-APEX-422136-04' Name='Stop2' New state='Accepted' Instrument='MES SEP26' Action='Buy to cover' Limit price=0 Stop price=7525.75 Quantity=1 Type='Stop Market' Time in force=GTC Oco='f15d0ab87eb24289afb817e44727db04' Filled=0 Fill price=0 Error='No error' Native error='',
7/17/2026 7:05:31 AM,Order,Order='2827377699/PA-APEX-422136-04' Name='Stop4' New state='Change submitted' Instrument='MES SEP26' Action='Buy to cover' Limit price=0 Stop price=7525.75 Quantity=1 Type='Stop Market' Time in force=GTC Oco='1960c25511e34542b77b937d7de36278' Filled=0 Fill price=0 Error='No error' Native error='',
7/17/2026 7:05:31 AM,Order,Auto breakeven price modification from '7533.00' to '7525.75',
7/17/2026 7:05:31 AM,Order,Order='2827377691/PA-APEX-422136-04' Name='Stop3' New state='Change submitted' Instrument='MES SEP26' Action='Buy to cover' Limit price=0 Stop price=7525.75 Quantity=1 Type='Stop Market' Time in force=GTC Oco='7ebd7de049dc4f9583abb82664cf35db' Filled=0 Fill price=0 Error='No error' Native error='',
7/17/2026 7:05:31 AM,Order,Auto breakeven price modification from '7533.00' to '7525.75',
7/17/2026 7:05:31 AM,Order,Order='2827377685/PA-APEX-422136-04' Name='Stop2' New state='Change submitted' Instrument='MES SEP26' Action='Buy to cover' Limit price=0 Stop price=7525.75 Quantity=1 Type='Stop Market' Time in force=GTC Oco='f15d0ab87eb24289afb817e44727db04' Filled=0 Fill price=0 Error='No error' Native error='',
7/17/2026 7:05:31 AM,Order,Auto breakeven price modification from '7533.00' to '7525.75',
7/17/2026 7:05:31 AM,Order,Auto breakeven price modification from '7533.00' to '7525.75',
7/17/2026 7:05:30 AM,Order,Order='2827377701/PA-APEX-422136-05' Name='Stop1' New state='Cancelled' Instrument='MES SEP26' Action='Buy to cover' Limit price=0 Stop price=7533 Quantity=3 Type='Stop Market' Time in force=GTC Oco='efd1af761c27462dad8ac64d879fecdb' Filled=0 Fill price=0 Error='No error' Native error='',
7/17/2026 7:05:30 AM,Order,Order='2827377640/PA-APEX-422136-04' Name='Stop1' New state='Cancelled' Instrument='MES SEP26' Action='Buy to cover' Limit price=0 Stop price=7533 Quantity=3 Type='Stop Market' Time in force=GTC Oco='15f815158bbf436c853470b22b446729' Filled=0 Fill price=0 Error='No error' Native error='',
7/17/2026 7:05:30 AM,Order,Order='2827377701/PA-APEX-422136-05' Name='Stop1' New state='Cancel submitted' Instrument='MES SEP26' Action='Buy to cover' Limit price=0 Stop price=7533 Quantity=3 Type='Stop Market' Time in force=GTC Oco='efd1af761c27462dad8ac64d879fecdb' Filled=0 Fill price=0 Error='No error' Native error='',
7/17/2026 7:05:30 AM,Order,Order='2827377718/PA-APEX-422136-01' Name='Stop1' New state='Cancelled' Instrument='MES SEP26' Action='Buy to cover' Limit price=0 Stop price=7533 Quantity=3 Type='Stop Market' Time in force=GTC Oco='5c0f5ae4c8bf4d748dc984b33256f804' Filled=0 Fill price=0 Error='No error' Native error='',
7/17/2026 7:05:30 AM,Position,Instrument='MES SEP26' Account='PA-APEX-422136-01' Average price=7526 Quantity=3 Market position=Short Operation=Update,
7/17/2026 7:05:30 AM,Order,Order='2827377704/PA-APEX-422136-05' Name='Target1' New state='Filled' Instrument='MES SEP26' Action='Buy to cover' Limit price=7525 Stop price=0 Quantity=3 Type='Limit' Time in force=GTC Oco='efd1af761c27462dad8ac64d879fecdb' Filled=3 Fill price=7525 Error='No error' Native error='',
7/17/2026 7:05:30 AM,Execution,Execution='2042074,
7/17/2026 7:05:30 AM,Order,Order='2827377640/PA-APEX-422136-04' Name='Stop1' New state='Cancel submitted' Instrument='MES SEP26' Action='Buy to cover' Limit price=0 Stop price=7533 Quantity=3 Type='Stop Market' Time in force=GTC Oco='15f815158bbf436c853470b22b446729' Filled=0 Fill price=0 Error='No error' Native error='',
7/17/2026 7:05:30 AM,Order,Order='2827377684/PA-APEX-422136-04' Name='Target1' New state='Filled' Instrument='MES SEP26' Action='Buy to cover' Limit price=7525 Stop price=0 Quantity=3 Type='Limit' Time in force=GTC Oco='15f815158bbf436c853470b22b446729' Filled=3 Fill price=7525 Error='No error' Native error='',
7/17/2026 7:05:30 AM,Execution,Execution='2042073,
7/17/2026 7:05:30 AM,Order,Order='2827377718/PA-APEX-422136-01' Name='Stop1' New state='Cancel submitted' Instrument='MES SEP26' Action='Buy to cover' Limit price=0 Stop price=7533 Quantity=3 Type='Stop Market' Time in force=GTC Oco='5c0f5ae4c8bf4d748dc984b33256f804' Filled=0 Fill price=0 Error='No error' Native error='',
7/17/2026 7:05:30 AM,Position,Instrument='MES SEP26' Account='PA-APEX-422136-05' Average price=7526 Quantity=3 Market position=Short Operation=Update,
7/17/2026 7:05:30 AM,Position,Instrument='MES SEP26' Account='PA-APEX-422136-04' Average price=7526 Quantity=3 Market position=Short Operation=Update,
7/17/2026 7:05:30 AM,Order,Order='2827377722/PA-APEX-422136-01' Name='Target1' New state='Filled' Instrument='MES SEP26' Action='Buy to cover' Limit price=7525 Stop price=0 Quantity=3 Type='Limit' Time in force=GTC Oco='5c0f5ae4c8bf4d748dc984b33256f804' Filled=3 Fill price=7525 Error='No error' Native error='',
7/17/2026 7:05:30 AM,Execution,Execution='2053925,
7/17/2026 7:05:25 AM,Order,Order='2827377732/PA-APEX-422136-01' Name='Target4' New state='Accepted' Instrument='MES SEP26' Action='Buy to cover' Limit price=7522 Stop price=0 Quantity=1 Type='Limit' Time in force=GTC Oco='6b8b4226de7145dca513f3b00492d1aa' Filled=0 Fill price=0 Error='No error' Native error='',
7/17/2026 7:05:25 AM,Order,Order='2827377732/PA-APEX-422136-01' Name='Target4' New state='Working' Instrument='MES SEP26' Action='Buy to cover' Limit price=7522 Stop price=0 Quantity=1 Type='Limit' Time in force=GTC Oco='6b8b4226de7145dca513f3b00492d1aa' Filled=0 Fill price=0 Error='No error' Native error='',
7/17/2026 7:05:25 AM,Order,Order='2827377731/PA-APEX-422136-01' Name='Stop4' New state='Accepted' Instrument='MES SEP26' Action='Buy to cover' Limit price=0 Stop price=7533 Quantity=1 Type='Stop Market' Time in force=GTC Oco='6b8b4226de7145dca513f3b00492d1aa' Filled=0 Fill price=0 Error='No error' Native error='',
7/17/2026 7:05:25 AM,Order,Order='2827377728/PA-APEX-422136-01' Name='Stop3' New state='Accepted' Instrument='MES SEP26' Action='Buy to cover' Limit price=0 Stop price=7533 Quantity=1 Type='Stop Market' Time in force=GTC Oco='8630aea299cc4aa8a2c294c54aed4074' Filled=0 Fill price=0 Error='No error' Native error='',
7/17/2026 7:05:25 AM,Order,Order='2827377729/PA-APEX-422136-01' Name='Target3' New state='Accepted' Instrument='MES SEP26' Action='Buy to cover' Limit price=7523 Stop price=0 Quantity=1 Type='Limit' Time in force=GTC Oco='8630aea299cc4aa8a2c294c54aed4074' Filled=0 Fill price=0 Error='No error' Native error='',
7/17/2026 7:05:25 AM,Order,Order='2827377729/PA-APEX-422136-01' Name='Target3' New state='Working' Instrument='MES SEP26' Action='Buy to cover' Limit price=7523 Stop price=0 Quantity=1 Type='Limit' Time in force=GTC Oco='8630aea299cc4aa8a2c294c54aed4074' Filled=0 Fill price=0 Error='No error' Native error='',
7/17/2026 7:05:25 AM,Order,Order='2827377724/PA-APEX-422136-01' Name='Target2' New state='Working' Instrument='MES SEP26' Action='Buy to cover' Limit price=7524 Stop price=0 Quantity=1 Type='Limit' Time in force=GTC Oco='cd2c5aeb763f4243947159e0ab37e1b3' Filled=0 Fill price=0 Error='No error' Native error='',
7/17/2026 7:05:25 AM,Order,Order='2827377722/PA-APEX-422136-01' Name='Target1' New state='Working' Instrument='MES SEP26' Action='Buy to cover' Limit price=7525 Stop price=0 Quantity=3 Type='Limit' Time in force=GTC Oco='5c0f5ae4c8bf4d748dc984b33256f804' Filled=0 Fill price=0 Error='No error' Native error='',
7/17/2026 7:05:25 AM,Order,Order='2827377724/PA-APEX-422136-01' Name='Target2' New state='Accepted' Instrument='MES SEP26' Action='Buy to cover' Limit price=7524 Stop price=0 Quantity=1 Type='Limit' Time in force=GTC Oco='cd2c5aeb763f4243947159e0ab37e1b3' Filled=0 Fill price=0 Error='No error' Native error='',
7/17/2026 7:05:25 AM,Order,Order='2827377723/PA-APEX-422136-01' Name='Stop2' New state='Accepted' Instrument='MES SEP26' Action='Buy to cover' Limit price=0 Stop price=7533 Quantity=1 Type='Stop Market' Time in force=GTC Oco='cd2c5aeb763f4243947159e0ab37e1b3' Filled=0 Fill price=0 Error='No error' Native error='',
7/17/2026 7:05:25 AM,Order,Order='2827377722/PA-APEX-422136-01' Name='Target1' New state='Accepted' Instrument='MES SEP26' Action='Buy to cover' Limit price=7525 Stop price=0 Quantity=3 Type='Limit' Time in force=GTC Oco='5c0f5ae4c8bf4d748dc984b33256f804' Filled=0 Fill price=0 Error='No error' Native error='',
7/17/2026 7:05:25 AM,Order,Order='2827377719/PA-APEX-422136-05' Name='Stop4' New state='Accepted' Instrument='MES SEP26' Action='Buy to cover' Limit price=0 Stop price=7533 Quantity=1 Type='Stop Market' Time in force=GTC Oco='a6dbb7c8cf1f4fa8a9ae18ed4f319385' Filled=0 Fill price=0 Error='No error' Native error='',
7/17/2026 7:05:25 AM,Order,Order='2827377718/PA-APEX-422136-01' Name='Stop1' New state='Accepted' Instrument='MES SEP26' Action='Buy to cover' Limit price=0 Stop price=7533 Quantity=3 Type='Stop Market' Time in force=GTC Oco='5c0f5ae4c8bf4d748dc984b33256f804' Filled=0 Fill price=0 Error='No error' Native error='',
7/17/2026 7:05:25 AM,Order,Order='2827377720/PA-APEX-422136-05' Name='Target4' New state='Working' Instrument='MES SEP26' Action='Buy to cover' Limit price=7522 Stop price=0 Quantity=1 Type='Limit' Time in force=GTC Oco='a6dbb7c8cf1f4fa8a9ae18ed4f319385' Filled=0 Fill price=0 Error='No error' Native error='',
7/17/2026 7:05:25 AM,Order,Order='2827377720/PA-APEX-422136-05' Name='Target4' New state='Accepted' Instrument='MES SEP26' Action='Buy to cover' Limit price=7522 Stop price=0 Quantity=1 Type='Limit' Time in force=GTC Oco='a6dbb7c8cf1f4fa8a9ae18ed4f319385' Filled=0 Fill price=0 Error='No error' Native error='',
7/17/2026 7:05:25 AM,Order,Order='50e3666d5d7a44129a6988ed426243ab/PA-APEX-422136-01' Name='Target4' New state='Submitted' Instrument='MES SEP26' Action='Buy to cover' Limit price=7522 Stop price=0 Quantity=1 Type='Limit' Time in force=GTC Oco='6b8b4226de7145dca513f3b00492d1aa' Filled=0 Fill price=0 Error='No error' Native error='',
7/17/2026 7:05:25 AM,Order,Order='2827377712/PA-APEX-422136-05' Name='Target3' New state='Accepted' Instrument='MES SEP26' Action='Buy to cover' Limit price=7523 Stop price=0 Quantity=1 Type='Limit' Time in force=GTC Oco='969884bf477849d78f9b3754e7e07dd7' Filled=0 Fill price=0 Error='No error' Native error='',
7/17/2026 7:05:25 AM,Order,Order='2827377712/PA-APEX-422136-05' Name='Target3' New state='Working' Instrument='MES SEP26' Action='Buy to cover' Limit price=7523 Stop price=0 Quantity=1 Type='Limit' Time in force=GTC Oco='969884bf477849d78f9b3754e7e07dd7' Filled=0 Fill price=0 Error='No error' Native error='',
7/17/2026 7:05:25 AM,Order,Order='2827377710/PA-APEX-422136-05' Name='Target2' New state='Accepted' Instrument='MES SEP26' Action='Buy to cover' Limit price=7524 Stop price=0 Quantity=1 Type='Limit' Time in force=GTC Oco='5ecc48b9f6584f89a3c944a4cf3befaf' Filled=0 Fill price=0 Error='No error' Native error='',
7/17/2026 7:05:25 AM,Order,Order='2c30286f1b7f42c4beb8ebf7e7a137af/PA-APEX-422136-01' Name='Stop4' New state='Submitted' Instrument='MES SEP26' Action='Buy to cover' Limit price=0 Stop price=7533 Quantity=1 Type='Stop Market' Time in force=GTC Oco='6b8b4226de7145dca513f3b00492d1aa' Filled=0 Fill price=0 Error='No error' Native error='',
7/17/2026 7:05:25 AM,Order,Order='2827377711/PA-APEX-422136-05' Name='Stop3' New state='Accepted' Instrument='MES SEP26' Action='Buy to cover' Limit price=0 Stop price=7533 Quantity=1 Type='Stop Market' Time in force=GTC Oco='969884bf477849d78f9b3754e7e07dd7' Filled=0 Fill price=0 Error='No error' Native error='',
7/17/2026 7:05:25 AM,Order,Order='2827377710/PA-APEX-422136-05' Name='Target2' New state='Working' Instrument='MES SEP26' Action='Buy to cover' Limit price=7524 Stop price=0 Quantity=1 Type='Limit' Time in force=GTC Oco='5ecc48b9f6584f89a3c944a4cf3befaf' Filled=0 Fill price=0 Error='No error' Native error='',
7/17/2026 7:05:25 AM,Order,Order='25ee27584eee4c9ebee37712ee2c05b3/PA-APEX-422136-01' Name='Target3' New state='Submitted' Instrument='MES SEP26' Action='Buy to cover' Limit price=7523 Stop price=0 Quantity=1 Type='Limit' Time in force=GTC Oco='8630aea299cc4aa8a2c294c54aed4074' Filled=0 Fill price=0 Error='No error' Native error='',
7/17/2026 7:05:25 AM,Order,Order='dcc522247c3744d598ba4e04c7e873a6/PA-APEX-422136-01' Name='Stop3' New state='Submitted' Instrument='MES SEP26' Action='Buy to cover' Limit price=0 Stop price=7533 Quantity=1 Type='Stop Market' Time in force=GTC Oco='8630aea299cc4aa8a2c294c54aed4074' Filled=0 Fill price=0 Error='No error' Native error='',
7/17/2026 7:05:25 AM,Order,Order='2827377705/PA-APEX-422136-05' Name='Stop2' New state='Accepted' Instrument='MES SEP26' Action='Buy to cover' Limit price=0 Stop price=7533 Quantity=1 Type='Stop Market' Time in force=GTC Oco='5ecc48b9f6584f89a3c944a4cf3befaf' Filled=0 Fill price=0 Error='No error' Native error='',
7/17/2026 7:05:25 AM,Order,Order='2827377704/PA-APEX-422136-05' Name='Target1' New state='Accepted' Instrument='MES SEP26' Action='Buy to cover' Limit price=7525 Stop price=0 Quantity=3 Type='Limit' Time in force=GTC Oco='efd1af761c27462dad8ac64d879fecdb' Filled=0 Fill price=0 Error='No error' Native error='',
7/17/2026 7:05:25 AM,Order,Order='2827377704/PA-APEX-422136-05' Name='Target1' New state='Working' Instrument='MES SEP26' Action='Buy to cover' Limit price=7525 Stop price=0 Quantity=3 Type='Limit' Time in force=GTC Oco='efd1af761c27462dad8ac64d879fecdb' Filled=0 Fill price=0 Error='No error' Native error='',
7/17/2026 7:05:25 AM,Order,Order='2827377700/PA-APEX-422136-04' Name='Target4' New state='Working' Instrument='MES SEP26' Action='Buy to cover' Limit price=7522 Stop price=0 Quantity=1 Type='Limit' Time in force=GTC Oco='1960c25511e34542b77b937d7de36278' Filled=0 Fill price=0 Error='No error' Native error='',
7/17/2026 7:05:25 AM,Order,Order='2827377701/PA-APEX-422136-05' Name='Stop1' New state='Accepted' Instrument='MES SEP26' Action='Buy to cover' Limit price=0 Stop price=7533 Quantity=3 Type='Stop Market' Time in force=GTC Oco='efd1af761c27462dad8ac64d879fecdb' Filled=0 Fill price=0 Error='No error' Native error='',
7/17/2026 7:05:25 AM,Order,Order='496370f6ca824249a29f056336f0e969/PA-APEX-422136-01' Name='Target2' New state='Submitted' Instrument='MES SEP26' Action='Buy to cover' Limit price=7524 Stop price=0 Quantity=1 Type='Limit' Time in force=GTC Oco='cd2c5aeb763f4243947159e0ab37e1b3' Filled=0 Fill price=0 Error='No error' Native error='',
7/17/2026 7:05:25 AM,Order,Order='2827377699/PA-APEX-422136-04' Name='Stop4' New state='Accepted' Instrument='MES SEP26' Action='Buy to cover' Limit price=0 Stop price=7533 Quantity=1 Type='Stop Market' Time in force=GTC Oco='1960c25511e34542b77b937d7de36278' Filled=0 Fill price=0 Error='No error' Native error='',
7/17/2026 7:05:25 AM,Order,Order='2827377700/PA-APEX-422136-04' Name='Target4' New state='Accepted' Instrument='MES SEP26' Action='Buy to cover' Limit price=7522 Stop price=0 Quantity=1 Type='Limit' Time in force=GTC Oco='1960c25511e34542b77b937d7de36278' Filled=0 Fill price=0 Error='No error' Native error='',
7/17/2026 7:05:25 AM,Order,Order='90b7bdc450f048e288cf4586ff617556/PA-APEX-422136-01' Name='Stop2' New state='Submitted' Instrument='MES SEP26' Action='Buy to cover' Limit price=0 Stop price=7533 Quantity=1 Type='Stop Market' Time in force=GTC Oco='cd2c5aeb763f4243947159e0ab37e1b3' Filled=0 Fill price=0 Error='No error' Native error='',
7/17/2026 7:05:25 AM,Order,Order='dac3862c437e41498aac4c77399e2c2a/PA-APEX-422136-01' Name='Target1' New state='Submitted' Instrument='MES SEP26' Action='Buy to cover' Limit price=7525 Stop price=0 Quantity=3 Type='Limit' Time in force=GTC Oco='5c0f5ae4c8bf4d748dc984b33256f804' Filled=0 Fill price=0 Error='No error' Native error='',
7/17/2026 7:05:25 AM,Order,Order='2d5e4178156e4b35938b568a8afdc31d/PA-APEX-422136-05' Name='Target4' New state='Submitted' Instrument='MES SEP26' Action='Buy to cover' Limit price=7522 Stop price=0 Quantity=1 Type='Limit' Time in force=GTC Oco='a6dbb7c8cf1f4fa8a9ae18ed4f319385' Filled=0 Fill price=0 Error='No error' Native error='',
7/17/2026 7:05:25 AM,Order,Order='2827377692/PA-APEX-422136-04' Name='Target3' New state='Accepted' Instrument='MES SEP26' Action='Buy to cover' Limit price=7523 Stop price=0 Quantity=1 Type='Limit' Time in force=GTC Oco='7ebd7de049dc4f9583abb82664cf35db' Filled=0 Fill price=0 Error='No error' Native error='',
7/17/2026 7:05:25 AM,Order,Order='2827377692/PA-APEX-422136-04' Name='Target3' New state='Working' Instrument='MES SEP26' Action='Buy to cover' Limit price=7523 Stop price=0 Quantity=1 Type='Limit' Time in force=GTC Oco='7ebd7de049dc4f9583abb82664cf35db' Filled=0 Fill price=0 Error='No error' Native error='',
7/17/2026 7:05:25 AM,Order,Order='2827377691/PA-APEX-422136-04' Name='Stop3' New state='Accepted' Instrument='MES SEP26' Action='Buy to cover' Limit price=0 Stop price=7533 Quantity=1 Type='Stop Market' Time in force=GTC Oco='7ebd7de049dc4f9583abb82664cf35db' Filled=0 Fill price=0 Error='No error' Native error='',
7/17/2026 7:05:25 AM,Order,Order='3c5f24daf7cc429291b0884785322086/PA-APEX-422136-05' Name='Stop4' New state='Submitted' Instrument='MES SEP26' Action='Buy to cover' Limit price=0 Stop price=7533 Quantity=1 Type='Stop Market' Time in force=GTC Oco='a6dbb7c8cf1f4fa8a9ae18ed4f319385' Filled=0 Fill price=0 Error='No error' Native error='',
7/17/2026 7:05:25 AM,Order,Order='c1977d84d91d4b779ab32b58d9e1d4ce/PA-APEX-422136-01' Name='Stop1' New state='Submitted' Instrument='MES SEP26' Action='Buy to cover' Limit price=0 Stop price=7533 Quantity=3 Type='Stop Market' Time in force=GTC Oco='5c0f5ae4c8bf4d748dc984b33256f804' Filled=0 Fill price=0 Error='No error' Native error='',
7/17/2026 7:05:25 AM,Order,Order='8fd27f6f3f994d698eae547a870a28dd/PA-APEX-422136-05' Name='Target3' New state='Submitted' Instrument='MES SEP26' Action='Buy to cover' Limit price=7523 Stop price=0 Quantity=1 Type='Limit' Time in force=GTC Oco='969884bf477849d78f9b3754e7e07dd7' Filled=0 Fill price=0 Error='No error' Native error='',
7/17/2026 7:05:25 AM,Order,Order='d8db2339f1a948c09b5d0ce4c6df9809/PA-APEX-422136-05' Name='Stop3' New state='Submitted' Instrument='MES SEP26' Action='Buy to cover' Limit price=0 Stop price=7533 Quantity=1 Type='Stop Market' Time in force=GTC Oco='969884bf477849d78f9b3754e7e07dd7' Filled=0 Fill price=0 Error='No error' Native error='',
7/17/2026 7:05:25 AM,Order,Order='2827377685/PA-APEX-422136-04' Name='Stop2' New state='Accepted' Instrument='MES SEP26' Action='Buy to cover' Limit price=0 Stop price=7533 Quantity=1 Type='Stop Market' Time in force=GTC Oco='f15d0ab87eb24289afb817e44727db04' Filled=0 Fill price=0 Error='No error' Native error='',
7/17/2026 7:05:25 AM,Order,Order='2827377686/PA-APEX-422136-04' Name='Target2' New state='Accepted' Instrument='MES SEP26' Action='Buy to cover' Limit price=7524 Stop price=0 Quantity=1 Type='Limit' Time in force=GTC Oco='f15d0ab87eb24289afb817e44727db04' Filled=0 Fill price=0 Error='No error' Native error='',
7/17/2026 7:05:25 AM,Order,Order='2827377686/PA-APEX-422136-04' Name='Target2' New state='Working' Instrument='MES SEP26' Action='Buy to cover' Limit price=7524 Stop price=0 Quantity=1 Type='Limit' Time in force=GTC Oco='f15d0ab87eb24289afb817e44727db04' Filled=0 Fill price=0 Error='No error' Native error='',
7/17/2026 7:05:25 AM,Order,Order='2827377684/PA-APEX-422136-04' Name='Target1' New state='Working' Instrument='MES SEP26' Action='Buy to cover' Limit price=7525 Stop price=0 Quantity=3 Type='Limit' Time in force=GTC Oco='15f815158bbf436c853470b22b446729' Filled=0 Fill price=0 Error='No error' Native error='',
7/17/2026 7:05:25 AM,Order,Order='2827377684/PA-APEX-422136-04' Name='Target1' New state='Accepted' Instrument='MES SEP26' Action='Buy to cover' Limit price=7525 Stop price=0 Quantity=3 Type='Limit' Time in force=GTC Oco='15f815158bbf436c853470b22b446729' Filled=0 Fill price=0 Error='No error' Native error='',
7/17/2026 7:05:25 AM,Order,Order='d7f2b9d297d84a61a02ec994c17c6094/PA-APEX-422136-05' Name='Target2' New state='Submitted' Instrument='MES SEP26' Action='Buy to cover' Limit price=7524 Stop price=0 Quantity=1 Type='Limit' Time in force=GTC Oco='5ecc48b9f6584f89a3c944a4cf3befaf' Filled=0 Fill price=0 Error='No error' Native error='',
7/17/2026 7:05:25 AM,Order,Order='cf31cd265dbf40efba1a73fc16f4c49f/PA-APEX-422136-05' Name='Stop2' New state='Submitted' Instrument='MES SEP26' Action='Buy to cover' Limit price=0 Stop price=7533 Quantity=1 Type='Stop Market' Time in force=GTC Oco='5ecc48b9f6584f89a3c944a4cf3befaf' Filled=0 Fill price=0 Error='No error' Native error='',
7/17/2026 7:05:25 AM,Order,Order='bb3079542d3d4dc09139b6d4dbc1bb3e/PA-APEX-422136-05' Name='Target1' New state='Submitted' Instrument='MES SEP26' Action='Buy to cover' Limit price=7525 Stop price=0 Quantity=3 Type='Limit' Time in force=GTC Oco='efd1af761c27462dad8ac64d879fecdb' Filled=0 Fill price=0 Error='No error' Native error='',
7/17/2026 7:05:25 AM,Order,Order='23df79f3727245cda674f37bb68ac28c/PA-APEX-422136-05' Name='Stop1' New state='Submitted' Instrument='MES SEP26' Action='Buy to cover' Limit price=0 Stop price=7533 Quantity=3 Type='Stop Market' Time in force=GTC Oco='efd1af761c27462dad8ac64d879fecdb' Filled=0 Fill price=0 Error='No error' Native error='',
7/17/2026 7:05:25 AM,Order,Order='44a81f33641f4b9e9cbc05df29b20232/PA-APEX-422136-04' Name='Target4' New state='Submitted' Instrument='MES SEP26' Action='Buy to cover' Limit price=7522 Stop price=0 Quantity=1 Type='Limit' Time in force=GTC Oco='1960c25511e34542b77b937d7de36278' Filled=0 Fill price=0 Error='No error' Native error='',
7/17/2026 7:05:25 AM,Order,Order='2827377640/PA-APEX-422136-04' Name='Stop1' New state='Accepted' Instrument='MES SEP26' Action='Buy to cover' Limit price=0 Stop price=7533 Quantity=3 Type='Stop Market' Time in force=GTC Oco='15f815158bbf436c853470b22b446729' Filled=0 Fill price=0 Error='No error' Native error='',
7/17/2026 7:05:25 AM,Order,Order='1bdc97a526064260bd1ff826be9b507b/PA-APEX-422136-04' Name='Stop4' New state='Submitted' Instrument='MES SEP26' Action='Buy to cover' Limit price=0 Stop price=7533 Quantity=1 Type='Stop Market' Time in force=GTC Oco='1960c25511e34542b77b937d7de36278' Filled=0 Fill price=0 Error='No error' Native error='',
7/17/2026 7:05:25 AM,Order,Order='2827365786/PA-APEX-422136-01' Name='Entry' New state='Filled' Instrument='MES SEP26' Action='Sell' Limit price=7526 Stop price=0 Quantity=6 Type='Limit' Time in force=GTC Oco='' Filled=6 Fill price=7526 Error='No error' Native error='',
7/17/2026 7:05:25 AM,Order,Order='e97d55a782474e63a8980adcf86acd02/PA-APEX-422136-04' Name='Target3' New state='Submitted' Instrument='MES SEP26' Action='Buy to cover' Limit price=7523 Stop price=0 Quantity=1 Type='Limit' Time in force=GTC Oco='7ebd7de049dc4f9583abb82664cf35db' Filled=0 Fill price=0 Error='No error' Native error='',
7/17/2026 7:05:25 AM,Order,Order='884a061a7dba41d299fb26aaf3418db7/PA-APEX-422136-04' Name='Stop3' New state='Submitted' Instrument='MES SEP26' Action='Buy to cover' Limit price=0 Stop price=7533 Quantity=1 Type='Stop Market' Time in force=GTC Oco='7ebd7de049dc4f9583abb82664cf35db' Filled=0 Fill price=0 Error='No error' Native error='',
7/17/2026 7:05:25 AM,Execution,Execution='2043832,
7/17/2026 7:05:25 AM,Execution,Execution='2043831,
7/17/2026 7:05:25 AM,Execution,Execution='2043830,
7/17/2026 7:05:25 AM,Order,Order='2827365786/PA-APEX-422136-01' Name='Entry' New state='Partially filled' Instrument='MES SEP26' Action='Sell' Limit price=7526 Stop price=0 Quantity=6 Type='Limit' Time in force=GTC Oco='' Filled=3 Fill price=7526 Error='No error' Native error='',
7/17/2026 7:05:25 AM,Execution,Execution='2043829,
7/17/2026 7:05:25 AM,Order,Order='787dad5a03b14004bf789d4e82a8974d/PA-APEX-422136-04' Name='Target2' New state='Submitted' Instrument='MES SEP26' Action='Buy to cover' Limit price=7524 Stop price=0 Quantity=1 Type='Limit' Time in force=GTC Oco='f15d0ab87eb24289afb817e44727db04' Filled=0 Fill price=0 Error='No error' Native error='',
7/17/2026 7:05:25 AM,Order,Order='2827365786/PA-APEX-422136-01' Name='Entry' New state='Partially filled' Instrument='MES SEP26' Action='Sell' Limit price=7526 Stop price=0 Quantity=6 Type='Limit' Time in force=GTC Oco='' Filled=2 Fill price=7526 Error='No error' Native error='',
7/17/2026 7:05:25 AM,Order,Order='2827365786/PA-APEX-422136-01' Name='Entry' New state='Partially filled' Instrument='MES SEP26' Action='Sell' Limit price=7526 Stop price=0 Quantity=6 Type='Limit' Time in force=GTC Oco='' Filled=1 Fill price=7526 Error='No error' Native error='',
7/17/2026 7:05:25 AM,Order,Order='2827371477/PA-APEX-422136-05' Name='Entry' New state='Filled' Instrument='MES SEP26' Action='Sell' Limit price=7526 Stop price=0 Quantity=6 Type='Limit' Time in force=GTC Oco='' Filled=6 Fill price=7526 Error='No error' Native error='',
7/17/2026 7:05:25 AM,Order,Order='1b4e2fdb921c4a29980cc987408146ee/PA-APEX-422136-04' Name='Stop2' New state='Submitted' Instrument='MES SEP26' Action='Buy to cover' Limit price=0 Stop price=7533 Quantity=1 Type='Stop Market' Time in force=GTC Oco='f15d0ab87eb24289afb817e44727db04' Filled=0 Fill price=0 Error='No error' Native error='',
7/17/2026 7:05:25 AM,Order,Order='287ca67f18f6407e80251bc4484f9d54/PA-APEX-422136-04' Name='Target1' New state='Submitted' Instrument='MES SEP26' Action='Buy to cover' Limit price=7525 Stop price=0 Quantity=3 Type='Limit' Time in force=GTC Oco='15f815158bbf436c853470b22b446729' Filled=0 Fill price=0 Error='No error' Native error='',
7/17/2026 7:05:25 AM,Order,Order='885d480df0ff41fea0d59e1e2ae592eb/PA-APEX-422136-04' Name='Stop1' New state='Submitted' Instrument='MES SEP26' Action='Buy to cover' Limit price=0 Stop price=7533 Quantity=3 Type='Stop Market' Time in force=GTC Oco='15f815158bbf436c853470b22b446729' Filled=0 Fill price=0 Error='No error' Native error='',
7/17/2026 7:05:25 AM,Execution,Execution='2050306,
7/17/2026 7:05:25 AM,Position,Instrument='MES SEP26' Account='PA-APEX-422136-01' Average price=7526 Quantity=6 Market position=Short Operation=Update,
7/17/2026 7:05:25 AM,Execution,Execution='2050307,
7/17/2026 7:05:25 AM,Execution,Execution='2050305,
7/17/2026 7:05:25 AM,Position,Instrument='MES SEP26' Account='PA-APEX-422136-01' Average price=7526 Quantity=2 Market position=Short Operation=Update,
7/17/2026 7:05:25 AM,Position,Instrument='MES SEP26' Account='PA-APEX-422136-01' Average price=7526 Quantity=3 Market position=Short Operation=Update,
7/17/2026 7:05:25 AM,Order,Order='2827371477/PA-APEX-422136-05' Name='Entry' New state='Partially filled' Instrument='MES SEP26' Action='Sell' Limit price=7526 Stop price=0 Quantity=6 Type='Limit' Time in force=GTC Oco='' Filled=3 Fill price=7526 Error='No error' Native error='',
7/17/2026 7:05:25 AM,Position,Instrument='MES SEP26' Account='PA-APEX-422136-01' Average price=7526 Quantity=1 Market position=Short Operation=Operation_Add,
7/17/2026 7:05:25 AM,Order,Order='2827371477/PA-APEX-422136-05' Name='Entry' New state='Partially filled' Instrument='MES SEP26' Action='Sell' Limit price=7526 Stop price=0 Quantity=6 Type='Limit' Time in force=GTC Oco='' Filled=2 Fill price=7526 Error='No error' Native error='',
7/17/2026 7:05:25 AM,Order,Order='2827371477/PA-APEX-422136-05' Name='Entry' New state='Partially filled' Instrument='MES SEP26' Action='Sell' Limit price=7526 Stop price=0 Quantity=6 Type='Limit' Time in force=GTC Oco='' Filled=1 Fill price=7526 Error='No error' Native error='',
7/17/2026 7:05:25 AM,Execution,Execution='2050304,
7/17/2026 7:05:25 AM,Order,Order='2827377383/PA-APEX-422136-04' Name='Entry' New state='Filled' Instrument='MES SEP26' Action='Sell' Limit price=7526 Stop price=0 Quantity=6 Type='Limit' Time in force=GTC Oco='' Filled=6 Fill price=7526 Error='No error' Native error='',
7/17/2026 7:05:25 AM,Position,Instrument='MES SEP26' Account='PA-APEX-422136-05' Average price=7526 Quantity=6 Market position=Short Operation=Update,
7/17/2026 7:05:25 AM,Position,Instrument='MES SEP26' Account='PA-APEX-422136-05' Average price=7526 Quantity=3 Market position=Short Operation=Update,
7/17/2026 7:05:25 AM,Position,Instrument='MES SEP26' Account='PA-APEX-422136-05' Average price=7526 Quantity=2 Market position=Short Operation=Update,
7/17/2026 7:05:25 AM,Position,Instrument='MES SEP26' Account='PA-APEX-422136-05' Average price=7526 Quantity=1 Market position=Short Operation=Operation_Add,
7/17/2026 7:05:25 AM,Position,Instrument='MES SEP26' Account='PA-APEX-422136-04' Average price=7526 Quantity=6 Market position=Short Operation=Operation_Add,
7/17/2026 7:05:25 AM,Execution,Execution='2047270,
7/17/2026 7:05:23 AM,Order,Order='2827377383/PA-APEX-422136-04' Name='Entry' New state='Accepted' Instrument='MES SEP26' Action='Sell' Limit price=7526 Stop price=0 Quantity=6 Type='Limit' Time in force=GTC Oco='' Filled=0 Fill price=0 Error='No error' Native error='',
7/17/2026 7:05:23 AM,Order,Order='2827377383/PA-APEX-422136-04' Name='Entry' New state='Working' Instrument='MES SEP26' Action='Sell' Limit price=7526 Stop price=0 Quantity=6 Type='Limit' Time in force=GTC Oco='' Filled=0 Fill price=0 Error='No error' Native error='',
7/17/2026 7:05:23 AM,Order,Order='84e9bb4138a7461c85df52003916793a/PA-APEX-422136-04' Name='Entry' New state='Submitted' Instrument='MES SEP26' Action='Sell' Limit price=7526 Stop price=0 Quantity=6 Type='Limit' Time in force=GTC Oco='' Filled=0 Fill price=0 Error='No error' Native error='',
7/17/2026 7:05:23 AM,Order,Chart Trader submitting order with strategy 'MES RMA 7SL 6Q - 3' (Ticks),
7/17/2026 7:04:54 AM,Order,Order='2827371477/PA-APEX-422136-05' Name='Entry' New state='Working' Instrument='MES SEP26' Action='Sell' Limit price=7526 Stop price=0 Quantity=6 Type='Limit' Time in force=GTC Oco='' Filled=0 Fill price=0 Error='No error' Native error='',
7/17/2026 7:04:54 AM,Order,Order='2827371477/PA-APEX-422136-05' Name='Entry' New state='Accepted' Instrument='MES SEP26' Action='Sell' Limit price=7526 Stop price=0 Quantity=6 Type='Limit' Time in force=GTC Oco='' Filled=0 Fill price=0 Error='No error' Native error='',
7/17/2026 7:04:54 AM,Order,Order='12d0cda0d1c54459b8f184adbf8be8ea/PA-APEX-422136-05' Name='Entry' New state='Submitted' Instrument='MES SEP26' Action='Sell' Limit price=7526 Stop price=0 Quantity=6 Type='Limit' Time in force=GTC Oco='' Filled=0 Fill price=0 Error='No error' Native error='',
7/17/2026 7:04:54 AM,Order,Chart Trader submitting order with strategy 'MES RMA 7SL 6Q - 2' (Ticks),
7/17/2026 7:04:38 AM,Order,Order='2827365786/PA-APEX-422136-01' Name='Entry' New state='Accepted' Instrument='MES SEP26' Action='Sell' Limit price=7526 Stop price=0 Quantity=6 Type='Limit' Time in force=GTC Oco='' Filled=0 Fill price=0 Error='No error' Native error='',
7/17/2026 7:04:38 AM,Order,Order='2827365786/PA-APEX-422136-01' Name='Entry' New state='Working' Instrument='MES SEP26' Action='Sell' Limit price=7526 Stop price=0 Quantity=6 Type='Limit' Time in force=GTC Oco='' Filled=0 Fill price=0 Error='No error' Native error='',
7/17/2026 7:04:38 AM,Order,Order='2827365786/PA-APEX-422136-01' Name='Entry' New state='Change submitted' Instrument='MES SEP26' Action='Sell' Limit price=7526 Stop price=0 Quantity=6 Type='Limit' Time in force=GTC Oco='' Filled=0 Fill price=0 Error='No error' Native error='',
7/17/2026 7:04:37 AM,Order,Order='2827365786/PA-APEX-422136-01' Name='Entry' New state='Working' Instrument='MES SEP26' Action='Sell' Limit price=7526.25 Stop price=0 Quantity=6 Type='Limit' Time in force=GTC Oco='' Filled=0 Fill price=0 Error='No error' Native error='',
7/17/2026 7:04:37 AM,Order,Order='2827365786/PA-APEX-422136-01' Name='Entry' New state='Accepted' Instrument='MES SEP26' Action='Sell' Limit price=7526.25 Stop price=0 Quantity=6 Type='Limit' Time in force=GTC Oco='' Filled=0 Fill price=0 Error='No error' Native error='',
7/17/2026 7:04:37 AM,Order,Order='2827365786/PA-APEX-422136-01' Name='Entry' New state='Change submitted' Instrument='MES SEP26' Action='Sell' Limit price=7526.25 Stop price=0 Quantity=6 Type='Limit' Time in force=GTC Oco='' Filled=0 Fill price=0 Error='No error' Native error='',
7/17/2026 7:04:36 AM,Order,Order='2827365786/PA-APEX-422136-01' Name='Entry' New state='Accepted' Instrument='MES SEP26' Action='Sell' Limit price=7526.5 Stop price=0 Quantity=6 Type='Limit' Time in force=GTC Oco='' Filled=0 Fill price=0 Error='No error' Native error='',
7/17/2026 7:04:36 AM,Order,Order='2827365786/PA-APEX-422136-01' Name='Entry' New state='Working' Instrument='MES SEP26' Action='Sell' Limit price=7526.5 Stop price=0 Quantity=6 Type='Limit' Time in force=GTC Oco='' Filled=0 Fill price=0 Error='No error' Native error='',
7/17/2026 7:04:36 AM,Order,Order='2827365786/PA-APEX-422136-01' Name='Entry' New state='Change submitted' Instrument='MES SEP26' Action='Sell' Limit price=7526.5 Stop price=0 Quantity=6 Type='Limit' Time in force=GTC Oco='' Filled=0 Fill price=0 Error='No error' Native error='',
7/17/2026 7:04:05 AM,Order,Order='2827365786/PA-APEX-422136-01' Name='Entry' New state='Accepted' Instrument='MES SEP26' Action='Sell' Limit price=7526.75 Stop price=0 Quantity=6 Type='Limit' Time in force=GTC Oco='' Filled=0 Fill price=0 Error='No error' Native error='',
7/17/2026 7:04:05 AM,Order,Order='2827365786/PA-APEX-422136-01' Name='Entry' New state='Working' Instrument='MES SEP26' Action='Sell' Limit price=7526.75 Stop price=0 Quantity=6 Type='Limit' Time in force=GTC Oco='' Filled=0 Fill price=0 Error='No error' Native error='',
7/17/2026 7:04:05 AM,Order,Order='82a83240d4c847afbb00727ffa3b7db6/PA-APEX-422136-01' Name='Entry' New state='Submitted' Instrument='MES SEP26' Action='Sell' Limit price=7526.75 Stop price=0 Quantity=6 Type='Limit' Time in force=GTC Oco='' Filled=0 Fill price=0 Error='No error' Native error='',
7/17/2026 7:04:05 AM,Order,Chart Trader submitting order with strategy 'MES RMA 7SL 6Q - 1' (Ticks),
7/17/2026 6:54:23 AM,Order,Order='2827298153/PA-APEX-422136-04' Name='Close' New state='Filled' Instrument='MES SEP26' Action='Buy to cover' Limit price=0 Stop price=0 Quantity=8 Type='Market' Time in force=DAY Oco='' Filled=8 Fill price=7505.75 Error='No error' Native error='',
7/17/2026 6:54:23 AM,Execution,Execution='2038601,
7/17/2026 6:54:23 AM,Order,Order='2827298153/PA-APEX-422136-04' Name='Close' New state='Working' Instrument='MES SEP26' Action='Buy to cover' Limit price=0 Stop price=0 Quantity=8 Type='Market' Time in force=DAY Oco='' Filled=0 Fill price=0 Error='No error' Native error='',
7/17/2026 6:54:23 AM,Order,Order='2827298153/PA-APEX-422136-04' Name='Close' New state='Accepted' Instrument='MES SEP26' Action='Buy to cover' Limit price=0 Stop price=0 Quantity=8 Type='Market' Time in force=DAY Oco='' Filled=0 Fill price=0 Error='No error' Native error='',
7/17/2026 6:54:23 AM,Position,Instrument='MES SEP26' Account='PA-APEX-422136-04' Average price=7504.75 Quantity=8 Market position=Flat Operation=Remove,
7/17/2026 6:54:23 AM,Order,Order='2827298141/PA-APEX-422136-05' Name='Close' New state='Filled' Instrument='MES SEP26' Action='Buy to cover' Limit price=0 Stop price=0 Quantity=8 Type='Market' Time in force=DAY Oco='' Filled=8 Fill price=7505.75 Error='No error' Native error='',
7/17/2026 6:54:23 AM,Execution,Execution='2039541,
7/17/2026 6:54:23 AM,Position,Instrument='MES SEP26' Account='PA-APEX-422136-05' Average price=7504.75 Quantity=8 Market position=Flat Operation=Remove,
7/17/2026 6:54:23 AM,Order,Order='2827298141/PA-APEX-422136-05' Name='Close' New state='Working' Instrument='MES SEP26' Action='Buy to cover' Limit price=0 Stop price=0 Quantity=8 Type='Market' Time in force=DAY Oco='' Filled=0 Fill price=0 Error='No error' Native error='',
7/17/2026 6:54:23 AM,Order,Order='2827298141/PA-APEX-422136-05' Name='Close' New state='Accepted' Instrument='MES SEP26' Action='Buy to cover' Limit price=0 Stop price=0 Quantity=8 Type='Market' Time in force=DAY Oco='' Filled=0 Fill price=0 Error='No error' Native error='',
7/17/2026 6:54:23 AM,Order,Order='ab3f6bba55e24d4e876db9e7da2da057/PA-APEX-422136-04' Name='Close' New state='Submitted' Instrument='MES SEP26' Action='Buy to cover' Limit price=0 Stop price=0 Quantity=8 Type='Market' Time in force=DAY Oco='' Filled=0 Fill price=0 Error='No error' Native error='',
7/17/2026 6:54:23 AM,Order,Order='4498c3a7eb82456bb6defab43a4aa34e/PA-APEX-422136-05' Name='Close' New state='Submitted' Instrument='MES SEP26' Action='Buy to cover' Limit price=0 Stop price=0 Quantity=8 Type='Market' Time in force=DAY Oco='' Filled=0 Fill price=0 Error='No error' Native error='',
7/17/2026 6:54:23 AM,Order,Order='2827291440/PA-APEX-422136-04' Name='Stop1' New state='Cancelled' Instrument='MES SEP26' Action='Buy to cover' Limit price=0 Stop price=7510.75 Quantity=8 Type='Stop Market' Time in force=GTC Oco='5e2aab5835b641a2b41049a1d1738827' Filled=0 Fill price=0 Error='No error' Native error='',
7/17/2026 6:54:23 AM,Order,Order='2827291449/PA-APEX-422136-04' Name='Target1' New state='Cancelled' Instrument='MES SEP26' Action='Buy to cover' Limit price=7502 Stop price=0 Quantity=8 Type='Limit' Time in force=GTC Oco='5e2aab5835b641a2b41049a1d1738827' Filled=0 Fill price=0 Error='No error' Native error='',
7/17/2026 6:54:23 AM,Order,Order='2827291450/PA-APEX-422136-05' Name='Stop1' New state='Cancelled' Instrument='MES SEP26' Action='Buy to cover' Limit price=0 Stop price=7510.75 Quantity=8 Type='Stop Market' Time in force=GTC Oco='6d776bdde8e74f49ae9999122c30c1e8' Filled=0 Fill price=0 Error='No error' Native error='',
7/17/2026 6:54:23 AM,Order,Order='2827291452/PA-APEX-422136-05' Name='Target1' New state='Cancelled' Instrument='MES SEP26' Action='Buy to cover' Limit price=7502 Stop price=0 Quantity=8 Type='Limit' Time in force=GTC Oco='6d776bdde8e74f49ae9999122c30c1e8' Filled=0 Fill price=0 Error='No error' Native error='',
7/17/2026 6:54:23 AM,Order,Order='2827291440/PA-APEX-422136-04' Name='Stop1' New state='Cancel submitted' Instrument='MES SEP26' Action='Buy to cover' Limit price=0 Stop price=7510.75 Quantity=8 Type='Stop Market' Time in force=GTC Oco='5e2aab5835b641a2b41049a1d1738827' Filled=0 Fill price=0 Error='No error' Native error='',
7/17/2026 6:54:23 AM,Order,Order='2827291449/PA-APEX-422136-04' Name='Target1' New state='Cancel submitted' Instrument='MES SEP26' Action='Buy to cover' Limit price=7502 Stop price=0 Quantity=8 Type='Limit' Time in force=GTC Oco='5e2aab5835b641a2b41049a1d1738827' Filled=0 Fill price=0 Error='No error' Native error='',
7/17/2026 6:54:23 AM,Order,Order='2827291450/PA-APEX-422136-05' Name='Stop1' New state='Cancel submitted' Instrument='MES SEP26' Action='Buy to cover' Limit price=0 Stop price=7510.75 Quantity=8 Type='Stop Market' Time in force=GTC Oco='6d776bdde8e74f49ae9999122c30c1e8' Filled=0 Fill price=0 Error='No error' Native error='',
7/17/2026 6:54:23 AM,Order,Order='2827291452/PA-APEX-422136-05' Name='Target1' New state='Cancel submitted' Instrument='MES SEP26' Action='Buy to cover' Limit price=7502 Stop price=0 Quantity=8 Type='Limit' Time in force=GTC Oco='6d776bdde8e74f49ae9999122c30c1e8' Filled=0 Fill price=0 Error='No error' Native error='',
7/17/2026 6:54:23 AM,Position,Flatten account='PA-APEX-422136-01',
7/17/2026 6:54:23 AM,Position,Flatten account='PA-APEX-422136-03',
7/17/2026 6:54:23 AM,Position,Flatten account='PA-APEX-422136-04',
7/17/2026 6:54:23 AM,Position,Flatten account='PA-APEX-422136-09',
7/17/2026 6:54:23 AM,Position,Flatten account='Sim102',
7/17/2026 6:54:23 AM,Position,Flatten account='Sim101',
7/17/2026 6:54:23 AM,Position,Flatten account='PA-APEX-422136-08',
7/17/2026 6:54:23 AM,Position,Flatten account='PA-APEX-422136-05',
7/17/2026 6:54:23 AM,Position,Flatten account='PA-APEX-422136-06',
7/17/2026 6:54:23 AM,Position,Flatten account='PA-APEX-422136-07',
7/17/2026 6:54:23 AM,Default,Terminating any NinjaScript strategies invoked by Flatten Everything command,
7/17/2026 6:54:01 AM,Order,Order='2827291383/PA-APEX-422136-01' Name='Target1' New state='Cancelled' Instrument='MES SEP26' Action='Buy to cover' Limit price=7502.25 Stop price=0 Quantity=7 Type='Limit' Time in force=GTC Oco='73b9346e711c474f86fc9c32e9c89f3d' Filled=0 Fill price=0 Error='No error' Native error='',
7/17/2026 6:54:01 AM,Strategy,Cancelling any remaining strategy orders,
7/17/2026 6:54:01 AM,Order,Order='2827291383/PA-APEX-422136-01' Name='Target1' New state='Cancel submitted' Instrument='MES SEP26' Action='Buy to cover' Limit price=7502.25 Stop price=0 Quantity=7 Type='Limit' Time in force=GTC Oco='73b9346e711c474f86fc9c32e9c89f3d' Filled=0 Fill price=0 Error='No error' Native error='',
7/17/2026 6:54:01 AM,Order,Order='2827291454/PA-APEX-422136-01' Name='Target1' New state='Cancelled' Instrument='MES SEP26' Action='Buy to cover' Limit price=7502.25 Stop price=0 Quantity=1 Type='Limit' Time in force=GTC Oco='3501744100124acd90a379e848bf561b' Filled=0 Fill price=0 Error='No error' Native error='',
7/17/2026 6:54:01 AM,Order,Order='2827291370/PA-APEX-422136-01' Name='Stop1' New state='Filled' Instrument='MES SEP26' Action='Buy to cover' Limit price=0 Stop price=7506.5 Quantity=7 Type='Stop Market' Time in force=GTC Oco='73b9346e711c474f86fc9c32e9c89f3d' Filled=7 Fill price=7506.5 Error='No error' Native error='',
7/17/2026 6:54:01 AM,Execution,Execution='2036251,
7/17/2026 6:54:01 AM,Order,Order='2827291454/PA-APEX-422136-01' Name='Target1' New state='Cancel submitted' Instrument='MES SEP26' Action='Buy to cover' Limit price=7502.25 Stop price=0 Quantity=1 Type='Limit' Time in force=GTC Oco='3501744100124acd90a379e848bf561b' Filled=0 Fill price=0 Error='No error' Native error='',
7/17/2026 6:54:01 AM,Position,Instrument='MES SEP26' Account='PA-APEX-422136-01' Average price=7504.96428571 Quantity=7 Market position=Flat Operation=Remove,
7/17/2026 6:54:01 AM,Order,Order='2827291370/PA-APEX-422136-01' Name='Stop1' New state='Working' Instrument='MES SEP26' Action='Buy to cover' Limit price=0 Stop price=7506.5 Quantity=7 Type='Stop Market' Time in force=GTC Oco='73b9346e711c474f86fc9c32e9c89f3d' Filled=0 Fill price=0 Error='No error' Native error='',
7/17/2026 6:54:01 AM,Position,Instrument='MES SEP26' Account='PA-APEX-422136-01' Average price=7504.96428571 Quantity=7 Market position=Short Operation=Update,
7/17/2026 6:54:01 AM,Order,Order='2827291453/PA-APEX-422136-01' Name='Stop1' New state='Filled' Instrument='MES SEP26' Action='Buy to cover' Limit price=0 Stop price=7506.5 Quantity=1 Type='Stop Market' Time in force=GTC Oco='3501744100124acd90a379e848bf561b' Filled=1 Fill price=7506.5 Error='No error' Native error='',
7/17/2026 6:54:01 AM,Execution,Execution='2042587,
7/17/2026 6:54:01 AM,Order,Order='2827291453/PA-APEX-422136-01' Name='Stop1' New state='Working' Instrument='MES SEP26' Action='Buy to cover' Limit price=0 Stop price=7506.5 Quantity=1 Type='Stop Market' Time in force=GTC Oco='3501744100124acd90a379e848bf561b' Filled=0 Fill price=0 Error='No error' Native error='',
7/17/2026 6:53:45 AM,Order,Order='2827291453/PA-APEX-422136-01' Name='Stop1' New state='Accepted' Instrument='MES SEP26' Action='Buy to cover' Limit price=0 Stop price=7506.5 Quantity=1 Type='Stop Market' Time in force=GTC Oco='3501744100124acd90a379e848bf561b' Filled=0 Fill price=0 Error='No error' Native error='',
7/17/2026 6:53:45 AM,Order,Order='2827291370/PA-APEX-422136-01' Name='Stop1' New state='Accepted' Instrument='MES SEP26' Action='Buy to cover' Limit price=0 Stop price=7506.5 Quantity=7 Type='Stop Market' Time in force=GTC Oco='73b9346e711c474f86fc9c32e9c89f3d' Filled=0 Fill price=0 Error='No error' Native error='',
7/17/2026 6:53:45 AM,Order,Order='2827291453/PA-APEX-422136-01' Name='Stop1' New state='Change submitted' Instrument='MES SEP26' Action='Buy to cover' Limit price=0 Stop price=7506.5 Quantity=1 Type='Stop Market' Time in force=GTC Oco='3501744100124acd90a379e848bf561b' Filled=0 Fill price=0 Error='No error' Native error='',
7/17/2026 6:53:45 AM,Order,Auto trail price modification from '7511.00' to '7506.50',
7/17/2026 6:53:45 AM,Order,Order='2827291370/PA-APEX-422136-01' Name='Stop1' New state='Change submitted' Instrument='MES SEP26' Action='Buy to cover' Limit price=0 Stop price=7506.5 Quantity=7 Type='Stop Market' Time in force=GTC Oco='73b9346e711c474f86fc9c32e9c89f3d' Filled=0 Fill price=0 Error='No error' Native error='',
7/17/2026 6:53:45 AM,Order,Auto trail price modification from '7511.00' to '7506.50',
7/17/2026 6:53:39 AM,Order,Order='2827291454/PA-APEX-422136-01' Name='Target1' New state='Accepted' Instrument='MES SEP26' Action='Buy to cover' Limit price=7502.25 Stop price=0 Quantity=1 Type='Limit' Time in force=GTC Oco='3501744100124acd90a379e848bf561b' Filled=0 Fill price=0 Error='No error' Native error='',
7/17/2026 6:53:39 AM,Order,Order='2827291454/PA-APEX-422136-01' Name='Target1' New state='Working' Instrument='MES SEP26' Action='Buy to cover' Limit price=7502.25 Stop price=0 Quantity=1 Type='Limit' Time in force=GTC Oco='3501744100124acd90a379e848bf561b' Filled=0 Fill price=0 Error='No error' Native error='',
7/17/2026 6:53:39 AM,Order,Order='2827291452/PA-APEX-422136-05' Name='Target1' New state='Working' Instrument='MES SEP26' Action='Buy to cover' Limit price=7502 Stop price=0 Quantity=8 Type='Limit' Time in force=GTC Oco='6d776bdde8e74f49ae9999122c30c1e8' Filled=0 Fill price=0 Error='No error' Native error='',
7/17/2026 6:53:39 AM,Order,Order='2827291453/PA-APEX-422136-01' Name='Stop1' New state='Accepted' Instrument='MES SEP26' Action='Buy to cover' Limit price=0 Stop price=7511 Quantity=1 Type='Stop Market' Time in force=GTC Oco='3501744100124acd90a379e848bf561b' Filled=0 Fill price=0 Error='No error' Native error='',
7/17/2026 6:53:39 AM,Order,Order='2827291452/PA-APEX-422136-05' Name='Target1' New state='Accepted' Instrument='MES SEP26' Action='Buy to cover' Limit price=7502 Stop price=0 Quantity=8 Type='Limit' Time in force=GTC Oco='6d776bdde8e74f49ae9999122c30c1e8' Filled=0 Fill price=0 Error='No error' Native error='',
7/17/2026 6:53:39 AM,Order,Order='2827291449/PA-APEX-422136-04' Name='Target1' New state='Accepted' Instrument='MES SEP26' Action='Buy to cover' Limit price=7502 Stop price=0 Quantity=8 Type='Limit' Time in force=GTC Oco='5e2aab5835b641a2b41049a1d1738827' Filled=0 Fill price=0 Error='No error' Native error='',
7/17/2026 6:53:39 AM,Order,Order='2827291449/PA-APEX-422136-04' Name='Target1' New state='Working' Instrument='MES SEP26' Action='Buy to cover' Limit price=7502 Stop price=0 Quantity=8 Type='Limit' Time in force=GTC Oco='5e2aab5835b641a2b41049a1d1738827' Filled=0 Fill price=0 Error='No error' Native error='',
7/17/2026 6:53:39 AM,Order,Order='2827291450/PA-APEX-422136-05' Name='Stop1' New state='Accepted' Instrument='MES SEP26' Action='Buy to cover' Limit price=0 Stop price=7510.75 Quantity=8 Type='Stop Market' Time in force=GTC Oco='6d776bdde8e74f49ae9999122c30c1e8' Filled=0 Fill price=0 Error='No error' Native error='',
7/17/2026 6:53:39 AM,Order,Order='7b86b0a435334dce8ede9a453582326e/PA-APEX-422136-01' Name='Target1' New state='Submitted' Instrument='MES SEP26' Action='Buy to cover' Limit price=7502.25 Stop price=0 Quantity=1 Type='Limit' Time in force=GTC Oco='3501744100124acd90a379e848bf561b' Filled=0 Fill price=0 Error='No error' Native error='',
7/17/2026 6:53:39 AM,Order,Order='aa7127dca0c44d20a0dcae922f569804/PA-APEX-422136-01' Name='Stop1' New state='Submitted' Instrument='MES SEP26' Action='Buy to cover' Limit price=0 Stop price=7511 Quantity=1 Type='Stop Market' Time in force=GTC Oco='3501744100124acd90a379e848bf561b' Filled=0 Fill price=0 Error='No error' Native error='',
7/17/2026 6:53:39 AM,Order,Order='bd262e80bb244f28b77a6cb84a49bb57/PA-APEX-422136-05' Name='Target1' New state='Submitted' Instrument='MES SEP26' Action='Buy to cover' Limit price=7502 Stop price=0 Quantity=8 Type='Limit' Time in force=GTC Oco='6d776bdde8e74f49ae9999122c30c1e8' Filled=0 Fill price=0 Error='No error' Native error='',
7/17/2026 6:53:39 AM,Order,Order='2827291440/PA-APEX-422136-04' Name='Stop1' New state='Accepted' Instrument='MES SEP26' Action='Buy to cover' Limit price=0 Stop price=7510.75 Quantity=8 Type='Stop Market' Time in force=GTC Oco='5e2aab5835b641a2b41049a1d1738827' Filled=0 Fill price=0 Error='No error' Native error='',
7/17/2026 6:53:39 AM,Order,Order='2827278104/PA-APEX-422136-01' Name='Entry' New state='Filled' Instrument='MES SEP26' Action='Sell' Limit price=7504.75 Stop price=0 Quantity=8 Type='Limit' Time in force=GTC Oco='' Filled=8 Fill price=7504.96875 Error='No error' Native error='',
7/17/2026 6:53:39 AM,Order,Order='0030e1ced97e44c8a51f93b962945697/PA-APEX-422136-05' Name='Stop1' New state='Submitted' Instrument='MES SEP26' Action='Buy to cover' Limit price=0 Stop price=7510.75 Quantity=8 Type='Stop Market' Time in force=GTC Oco='6d776bdde8e74f49ae9999122c30c1e8' Filled=0 Fill price=0 Error='No error' Native error='',
7/17/2026 6:53:39 AM,Execution,Execution='2034374,
7/17/2026 6:53:39 AM,Order,Order='2827287787/PA-APEX-422136-05' Name='Entry' New state='Filled' Instrument='MES SEP26' Action='Sell' Limit price=7504.75 Stop price=0 Quantity=8 Type='Limit' Time in force=GTC Oco='' Filled=8 Fill price=7504.75 Error='No error' Native error='',
7/17/2026 6:53:39 AM,Order,Order='5a92163b4bcb45e394ad042fbdb2cb7a/PA-APEX-422136-04' Name='Target1' New state='Submitted' Instrument='MES SEP26' Action='Buy to cover' Limit price=7502 Stop price=0 Quantity=8 Type='Limit' Time in force=GTC Oco='5e2aab5835b641a2b41049a1d1738827' Filled=0 Fill price=0 Error='No error' Native error='',
7/17/2026 6:53:39 AM,Order,Order='ea09f556ac91444b8c0fe2d59635767c/PA-APEX-422136-04' Name='Stop1' New state='Submitted' Instrument='MES SEP26' Action='Buy to cover' Limit price=0 Stop price=7510.75 Quantity=8 Type='Stop Market' Time in force=GTC Oco='5e2aab5835b641a2b41049a1d1738827' Filled=0 Fill price=0 Error='No error' Native error='',
7/17/2026 6:53:39 AM,Execution,Execution='2038132,
7/17/2026 6:53:39 AM,Order,Order='2827288618/PA-APEX-422136-04' Name='Entry' New state='Filled' Instrument='MES SEP26' Action='Sell' Limit price=7504.75 Stop price=0 Quantity=8 Type='Limit' Time in force=GTC Oco='' Filled=8 Fill price=7504.75 Error='No error' Native error='',
7/17/2026 6:53:39 AM,Position,Instrument='MES SEP26' Account='PA-APEX-422136-01' Average price=7504.96875 Quantity=8 Market position=Short Operation=Update,
7/17/2026 6:53:39 AM,Position,Instrument='MES SEP26' Account='PA-APEX-422136-05' Average price=7504.75 Quantity=8 Market position=Short Operation=Operation_Add,
7/17/2026 6:53:39 AM,Position,Instrument='MES SEP26' Account='PA-APEX-422136-04' Average price=7504.75 Quantity=8 Market position=Short Operation=Operation_Add,
7/17/2026 6:53:39 AM,Execution,Execution='2041877,
7/17/2026 6:53:39 AM,Order,Order='2827291383/PA-APEX-422136-01' Name='Target1' New state='Working' Instrument='MES SEP26' Action='Buy to cover' Limit price=7502.25 Stop price=0 Quantity=7 Type='Limit' Time in force=GTC Oco='73b9346e711c474f86fc9c32e9c89f3d' Filled=0 Fill price=0 Error='No error' Native error='',
7/17/2026 6:53:39 AM,Order,Order='2827291383/PA-APEX-422136-01' Name='Target1' New state='Accepted' Instrument='MES SEP26' Action='Buy to cover' Limit price=7502.25 Stop price=0 Quantity=7 Type='Limit' Time in force=GTC Oco='73b9346e711c474f86fc9c32e9c89f3d' Filled=0 Fill price=0 Error='No error' Native error='',
7/17/2026 6:53:39 AM,Order,Order='2827291370/PA-APEX-422136-01' Name='Stop1' New state='Accepted' Instrument='MES SEP26' Action='Buy to cover' Limit price=0 Stop price=7511 Quantity=7 Type='Stop Market' Time in force=GTC Oco='73b9346e711c474f86fc9c32e9c89f3d' Filled=0 Fill price=0 Error='No error' Native error='',
7/17/2026 6:53:39 AM,Order,Order='4632dd4e9e8f4c4782aa6a20d027e4dc/PA-APEX-422136-01' Name='Target1' New state='Submitted' Instrument='MES SEP26' Action='Buy to cover' Limit price=7502.25 Stop price=0 Quantity=7 Type='Limit' Time in force=GTC Oco='73b9346e711c474f86fc9c32e9c89f3d' Filled=0 Fill price=0 Error='No error' Native error='',
7/17/2026 6:53:39 AM,Order,Order='cc3846060edb49f795a9387bfef3761e/PA-APEX-422136-01' Name='Stop1' New state='Submitted' Instrument='MES SEP26' Action='Buy to cover' Limit price=0 Stop price=7511 Quantity=7 Type='Stop Market' Time in force=GTC Oco='73b9346e711c474f86fc9c32e9c89f3d' Filled=0 Fill price=0 Error='No error' Native error='',
7/17/2026 6:53:38 AM,Order,Order='2827288618/PA-APEX-422136-04' Name='Entry' New state='Working' Instrument='MES SEP26' Action='Sell' Limit price=7504.75 Stop price=0 Quantity=8 Type='Limit' Time in force=GTC Oco='' Filled=0 Fill price=0 Error='No error' Native error='',
7/17/2026 6:53:38 AM,Order,Order='2827287787/PA-APEX-422136-05' Name='Entry' New state='Working' Instrument='MES SEP26' Action='Sell' Limit price=7504.75 Stop price=0 Quantity=8 Type='Limit' Time in force=GTC Oco='' Filled=0 Fill price=0 Error='No error' Native error='',
7/17/2026 6:53:38 AM,Order,Order='2827288618/PA-APEX-422136-04' Name='Entry' New state='Accepted' Instrument='MES SEP26' Action='Sell' Limit price=7504.75 Stop price=0 Quantity=8 Type='Limit' Time in force=GTC Oco='' Filled=0 Fill price=0 Error='No error' Native error='',
7/17/2026 6:53:38 AM,Order,Order='2827287787/PA-APEX-422136-05' Name='Entry' New state='Accepted' Instrument='MES SEP26' Action='Sell' Limit price=7504.75 Stop price=0 Quantity=8 Type='Limit' Time in force=GTC Oco='' Filled=0 Fill price=0 Error='No error' Native error='',
7/17/2026 6:53:38 AM,Order,Order='2827278104/PA-APEX-422136-01' Name='Entry' New state='Accepted' Instrument='MES SEP26' Action='Sell' Limit price=7504.75 Stop price=0 Quantity=8 Type='Limit' Time in force=GTC Oco='' Filled=7 Fill price=7505 Error='No error' Native error='',
7/17/2026 6:53:38 AM,Order,Order='2827278104/PA-APEX-422136-01' Name='Entry' New state='Working' Instrument='MES SEP26' Action='Sell' Limit price=7504.75 Stop price=0 Quantity=8 Type='Limit' Time in force=GTC Oco='' Filled=7 Fill price=7505 Error='No error' Native error='',
7/17/2026 6:53:38 AM,Order,Order='2827288618/PA-APEX-422136-04' Name='Entry' New state='Change submitted' Instrument='MES SEP26' Action='Sell' Limit price=7504.75 Stop price=0 Quantity=8 Type='Limit' Time in force=GTC Oco='' Filled=0 Fill price=0 Error='No error' Native error='',
7/17/2026 6:53:38 AM,Order,Auto chase price modification to '7504.75',
7/17/2026 6:53:38 AM,Order,Order='2827287787/PA-APEX-422136-05' Name='Entry' New state='Change submitted' Instrument='MES SEP26' Action='Sell' Limit price=7504.75 Stop price=0 Quantity=8 Type='Limit' Time in force=GTC Oco='' Filled=0 Fill price=0 Error='No error' Native error='',
7/17/2026 6:53:38 AM,Order,Auto chase price modification to '7504.75',
7/17/2026 6:53:38 AM,Order,Order='2827278104/PA-APEX-422136-01' Name='Entry' New state='Change submitted' Instrument='MES SEP26' Action='Sell' Limit price=7504.75 Stop price=0 Quantity=8 Type='Limit' Time in force=GTC Oco='' Filled=7 Fill price=7505 Error='No error' Native error='',
7/17/2026 6:53:38 AM,Order,Auto chase price modification to '7504.75',
7/17/2026 6:53:38 AM,Position,Instrument='MES SEP26' Account='PA-APEX-422136-01' Average price=7505 Quantity=7 Market position=Short Operation=Update,
7/17/2026 6:53:38 AM,Position,Instrument='MES SEP26' Account='PA-APEX-422136-01' Average price=7505 Quantity=6 Market position=Short Operation=Update,
7/17/2026 6:53:38 AM,Order,Order='2827278104/PA-APEX-422136-01' Name='Entry' New state='Partially filled' Instrument='MES SEP26' Action='Sell' Limit price=7505 Stop price=0 Quantity=8 Type='Limit' Time in force=GTC Oco='' Filled=7 Fill price=7505 Error='No error' Native error='',
7/17/2026 6:53:38 AM,Position,Instrument='MES SEP26' Account='PA-APEX-422136-01' Average price=7505 Quantity=5 Market position=Short Operation=Operation_Add,
7/17/2026 6:53:38 AM,Execution,Execution='2034336,
7/17/2026 6:53:38 AM,Execution,Execution='2034335,
7/17/2026 6:53:38 AM,Order,Order='2827278104/PA-APEX-422136-01' Name='Entry' New state='Partially filled' Instrument='MES SEP26' Action='Sell' Limit price=7505 Stop price=0 Quantity=8 Type='Limit' Time in force=GTC Oco='' Filled=6 Fill price=7505 Error='No error' Native error='',
7/17/2026 6:53:38 AM,Execution,Execution='2034334,
7/17/2026 6:53:38 AM,Order,Order='2827278104/PA-APEX-422136-01' Name='Entry' New state='Partially filled' Instrument='MES SEP26' Action='Sell' Limit price=7505 Stop price=0 Quantity=8 Type='Limit' Time in force=GTC Oco='' Filled=5 Fill price=7505 Error='No error' Native error='',
7/17/2026 6:53:20 AM,Order,Order='2827288618/PA-APEX-422136-04' Name='Entry' New state='Working' Instrument='MES SEP26' Action='Sell' Limit price=7505 Stop price=0 Quantity=8 Type='Limit' Time in force=GTC Oco='' Filled=0 Fill price=0 Error='No error' Native error='',
7/17/2026 6:53:20 AM,Order,Order='2827288618/PA-APEX-422136-04' Name='Entry' New state='Accepted' Instrument='MES SEP26' Action='Sell' Limit price=7505 Stop price=0 Quantity=8 Type='Limit' Time in force=GTC Oco='' Filled=0 Fill price=0 Error='No error' Native error='',
7/17/2026 6:53:20 AM,Order,Order='15d037728fd042f8873d193f1b246cb0/PA-APEX-422136-04' Name='Entry' New state='Submitted' Instrument='MES SEP26' Action='Sell' Limit price=7505 Stop price=0 Quantity=8 Type='Limit' Time in force=GTC Oco='' Filled=0 Fill price=0 Error='No error' Native error='',
7/17/2026 6:53:20 AM,Order,Chart Trader submitting order with strategy '11t MES RMA 6SL 8Q - 4' (Ticks),
7/17/2026 6:53:14 AM,Order,Order='2827287787/PA-APEX-422136-05' Name='Entry' New state='Working' Instrument='MES SEP26' Action='Sell' Limit price=7505 Stop price=0 Quantity=8 Type='Limit' Time in force=GTC Oco='' Filled=0 Fill price=0 Error='No error' Native error='',
7/17/2026 6:53:14 AM,Order,Order='2827287787/PA-APEX-422136-05' Name='Entry' New state='Accepted' Instrument='MES SEP26' Action='Sell' Limit price=7505 Stop price=0 Quantity=8 Type='Limit' Time in force=GTC Oco='' Filled=0 Fill price=0 Error='No error' Native error='',
7/17/2026 6:53:14 AM,Order,Order='78ed932e7eba41449792f01edfb87158/PA-APEX-422136-05' Name='Entry' New state='Submitted' Instrument='MES SEP26' Action='Sell' Limit price=7505 Stop price=0 Quantity=8 Type='Limit' Time in force=GTC Oco='' Filled=0 Fill price=0 Error='No error' Native error='',
7/17/2026 6:53:14 AM,Order,Chart Trader submitting order with strategy '11t MES RMA 6SL 8Q - 3' (Ticks),
7/17/2026 6:52:59 AM,Order,Order='2827277534/PA-APEX-422136-05' Name='Entry' New state='Cancelled' Instrument='MES SEP26' Action='Sell' Limit price=7505 Stop price=0 Quantity=8 Type='Limit' Time in force=GTC Oco='' Filled=0 Fill price=0 Error='No error' Native error='',
7/17/2026 6:52:59 AM,Order,Order='2827277534/PA-APEX-422136-05' Name='Entry' New state='Cancel submitted' Instrument='MES SEP26' Action='Sell' Limit price=7505 Stop price=0 Quantity=8 Type='Limit' Time in force=GTC Oco='' Filled=0 Fill price=0 Error='No error' Native error='',
7/17/2026 6:52:59 AM,Default,Chart Trader close position,
7/17/2026 6:52:59 AM,Default,Cancel all orders account='PA-APEX-422136-05',
7/17/2026 6:52:49 AM,Order,Order='2827284868/PA-APEX-422136-04' Name='Entry' New state='Cancelled' Instrument='MES SEP26' Action='Sell' Limit price=7505 Stop price=0 Quantity=20 Type='Limit' Time in force=GTC Oco='' Filled=0 Fill price=0 Error='No error' Native error='',
7/17/2026 6:52:49 AM,Order,Order='2827284868/PA-APEX-422136-04' Name='Entry' New state='Cancel submitted' Instrument='MES SEP26' Action='Sell' Limit price=7505 Stop price=0 Quantity=20 Type='Limit' Time in force=GTC Oco='' Filled=0 Fill price=0 Error='No error' Native error='',
7/17/2026 6:52:49 AM,Default,Chart Trader close position,
7/17/2026 6:52:49 AM,Default,Cancel all orders account='PA-APEX-422136-04',
7/17/2026 6:52:46 AM,Order,Order='2827284868/PA-APEX-422136-04' Name='Entry' New state='Working' Instrument='MES SEP26' Action='Sell' Limit price=7505 Stop price=0 Quantity=20 Type='Limit' Time in force=GTC Oco='' Filled=0 Fill price=0 Error='No error' Native error='',
7/17/2026 6:52:46 AM,Order,Order='2827284868/PA-APEX-422136-04' Name='Entry' New state='Accepted' Instrument='MES SEP26' Action='Sell' Limit price=7505 Stop price=0 Quantity=20 Type='Limit' Time in force=GTC Oco='' Filled=0 Fill price=0 Error='No error' Native error='',
7/17/2026 6:52:46 AM,Order,Order='c3d0d6bfb7f147c0a2008aadc31d4924/PA-APEX-422136-04' Name='Entry' New state='Submitted' Instrument='MES SEP26' Action='Sell' Limit price=7505 Stop price=0 Quantity=20 Type='Limit' Time in force=GTC Oco='' Filled=0 Fill price=0 Error='No error' Native error='',
7/17/2026 6:52:46 AM,Order,Chart Trader submitting order with strategy '7t MES RMA 4SL 20Q - 3' (Ticks),
7/17/2026 6:52:06 AM,Order,Order='2827278104/PA-APEX-422136-01' Name='Entry' New state='Accepted' Instrument='MES SEP26' Action='Sell' Limit price=7505 Stop price=0 Quantity=8 Type='Limit' Time in force=GTC Oco='' Filled=0 Fill price=0 Error='No error' Native error='',
7/17/2026 6:52:06 AM,Order,Order='2827278104/PA-APEX-422136-01' Name='Entry' New state='Working' Instrument='MES SEP26' Action='Sell' Limit price=7505 Stop price=0 Quantity=8 Type='Limit' Time in force=GTC Oco='' Filled=0 Fill price=0 Error='No error' Native error='',
7/17/2026 6:52:06 AM,Order,Order='6bfa7352637c44b581f597943681f218/PA-APEX-422136-01' Name='Entry' New state='Submitted' Instrument='MES SEP26' Action='Sell' Limit price=7505 Stop price=0 Quantity=8 Type='Limit' Time in force=GTC Oco='' Filled=0 Fill price=0 Error='No error' Native error='',
7/17/2026 6:52:06 AM,Order,Chart Trader submitting order with strategy '11t MES RMA 6SL 8Q - 2' (Ticks),
7/17/2026 6:51:57 AM,Order,Order='2827277534/PA-APEX-422136-05' Name='Entry' New state='Working' Instrument='MES SEP26' Action='Sell' Limit price=7505 Stop price=0 Quantity=8 Type='Limit' Time in force=GTC Oco='' Filled=0 Fill price=0 Error='No error' Native error='',
7/17/2026 6:51:57 AM,Order,Order='2827277534/PA-APEX-422136-05' Name='Entry' New state='Accepted' Instrument='MES SEP26' Action='Sell' Limit price=7505 Stop price=0 Quantity=8 Type='Limit' Time in force=GTC Oco='' Filled=0 Fill price=0 Error='No error' Native error='',
7/17/2026 6:51:57 AM,Order,Order='ec46d5dd19cb4743af8ca215be082e33/PA-APEX-422136-05' Name='Entry' New state='Submitted' Instrument='MES SEP26' Action='Sell' Limit price=7505 Stop price=0 Quantity=8 Type='Limit' Time in force=GTC Oco='' Filled=0 Fill price=0 Error='No error' Native error='',
7/17/2026 6:51:57 AM,Order,Chart Trader submitting order with strategy '7t MES RMA 4SL 20Q - 1' (Ticks),
7/17/2026 6:51:04 AM,Strategy,Cancelling any remaining strategy orders,
7/17/2026 6:51:04 AM,Order,Order='2827268761/PA-APEX-422136-05' Name='Target1' New state='Cancelled' Instrument='MES SEP26' Action='Buy to cover' Limit price=7497 Stop price=0 Quantity=8 Type='Limit' Time in force=GTC Oco='5eec3e5a6389497ab5fd2108e31ae4ed' Filled=0 Fill price=0 Error='No error' Native error='',
7/17/2026 6:51:04 AM,Order,Order='2827268761/PA-APEX-422136-05' Name='Target1' New state='Cancel submitted' Instrument='MES SEP26' Action='Buy to cover' Limit price=7497 Stop price=0 Quantity=8 Type='Limit' Time in force=GTC Oco='5eec3e5a6389497ab5fd2108e31ae4ed' Filled=0 Fill price=0 Error='No error' Native error='',
7/17/2026 6:51:04 AM,Execution,Execution='2032154,
7/17/2026 6:51:04 AM,Order,Order='2827268760/PA-APEX-422136-05' Name='Stop1' New state='Filled' Instrument='MES SEP26' Action='Buy to cover' Limit price=0 Stop price=7499.75 Quantity=8 Type='Stop Market' Time in force=GTC Oco='5eec3e5a6389497ab5fd2108e31ae4ed' Filled=8 Fill price=7500 Error='No error' Native error='',
7/17/2026 6:51:04 AM,Position,Instrument='MES SEP26' Account='PA-APEX-422136-05' Average price=7498.75 Quantity=8 Market position=Flat Operation=Remove,
7/17/2026 6:51:04 AM,Order,Order='2827268760/PA-APEX-422136-05' Name='Stop1' New state='Working' Instrument='MES SEP26' Action='Buy to cover' Limit price=0 Stop price=7499.75 Quantity=8 Type='Stop Market' Time in force=GTC Oco='5eec3e5a6389497ab5fd2108e31ae4ed' Filled=0 Fill price=0 Error='No error' Native error='',
7/17/2026 6:50:54 AM,Order,Order='2827268760/PA-APEX-422136-05' Name='Stop1' New state='Accepted' Instrument='MES SEP26' Action='Buy to cover' Limit price=0 Stop price=7499.75 Quantity=8 Type='Stop Market' Time in force=GTC Oco='5eec3e5a6389497ab5fd2108e31ae4ed' Filled=0 Fill price=0 Error='No error' Native error='',
7/17/2026 6:50:54 AM,Order,Order='2827268760/PA-APEX-422136-05' Name='Stop1' New state='Change submitted' Instrument='MES SEP26' Action='Buy to cover' Limit price=0 Stop price=7499.75 Quantity=8 Type='Stop Market' Time in force=GTC Oco='5eec3e5a6389497ab5fd2108e31ae4ed' Filled=0 Fill price=0 Error='No error' Native error='',
7/17/2026 6:50:54 AM,Order,Order='2827268760/PA-APEX-422136-05' Name='Stop1' New state='Accepted' Instrument='MES SEP26' Action='Buy to cover' Limit price=0 Stop price=7498.5 Quantity=8 Type='Stop Market' Time in force=GTC Oco='5eec3e5a6389497ab5fd2108e31ae4ed' Filled=0 Fill price=0 Error='No error' Native error='',
7/17/2026 6:50:54 AM,Order,Auto trail price modification from '7500.25' to '7499.75',
7/17/2026 6:50:54 AM,Order,Order='2827268760/PA-APEX-422136-05' Name='Stop1' New state='Change submitted' Instrument='MES SEP26' Action='Buy to cover' Limit price=0 Stop price=7498.5 Quantity=8 Type='Stop Market' Time in force=GTC Oco='5eec3e5a6389497ab5fd2108e31ae4ed' Filled=0 Fill price=0 Error='No error' Native error='',
7/17/2026 6:50:54 AM,Order,Auto breakeven price modification from '7500.25' to '7498.50',
7/17/2026 6:50:49 AM,Order,Order='2827269819/PA-APEX-422136-01' Name='Close' New state='Filled' Instrument='MES SEP26' Action='Buy to cover' Limit price=0 Stop price=0 Quantity=8 Type='Market' Time in force=DAY Oco='' Filled=8 Fill price=7498.5 Error='No error' Native error='',
7/17/2026 6:50:49 AM,Execution,Execution='2027744,
7/17/2026 6:50:49 AM,Position,Instrument='MES SEP26' Account='PA-APEX-422136-01' Average price=7498.75 Quantity=8 Market position=Flat Operation=Remove,
7/17/2026 6:50:49 AM,Order,Order='2827269819/PA-APEX-422136-01' Name='Close' New state='Working' Instrument='MES SEP26' Action='Buy to cover' Limit price=0 Stop price=0 Quantity=8 Type='Market' Time in force=DAY Oco='' Filled=0 Fill price=0 Error='No error' Native error='',
7/17/2026 6:50:49 AM,Order,Order='2827269819/PA-APEX-422136-01' Name='Close' New state='Accepted' Instrument='MES SEP26' Action='Buy to cover' Limit price=0 Stop price=0 Quantity=8 Type='Market' Time in force=DAY Oco='' Filled=0 Fill price=0 Error='No error' Native error='',
7/17/2026 6:50:49 AM,Order,Order='c0275fdea21e4897947c0a3bc4bbd29f/PA-APEX-422136-01' Name='Close' New state='Submitted' Instrument='MES SEP26' Action='Buy to cover' Limit price=0 Stop price=0 Quantity=8 Type='Market' Time in force=DAY Oco='' Filled=0 Fill price=0 Error='No error' Native error='',
7/17/2026 6:50:49 AM,Order,Order='2827268752/PA-APEX-422136-01' Name='Stop1' New state='Cancelled' Instrument='MES SEP26' Action='Buy to cover' Limit price=0 Stop price=7500.25 Quantity=8 Type='Stop Market' Time in force=GTC Oco='96ab02b2174d4e53af0954f6459bad80' Filled=0 Fill price=0 Error='No error' Native error='',
7/17/2026 6:50:49 AM,Order,Order='2827268759/PA-APEX-422136-01' Name='Target1' New state='Cancelled' Instrument='MES SEP26' Action='Buy to cover' Limit price=7496 Stop price=0 Quantity=8 Type='Limit' Time in force=GTC Oco='96ab02b2174d4e53af0954f6459bad80' Filled=0 Fill price=0 Error='No error' Native error='',
7/17/2026 6:50:49 AM,Order,Order='2827268759/PA-APEX-422136-01' Name='Target1' New state='Cancel submitted' Instrument='MES SEP26' Action='Buy to cover' Limit price=7496 Stop price=0 Quantity=8 Type='Limit' Time in force=GTC Oco='96ab02b2174d4e53af0954f6459bad80' Filled=0 Fill price=0 Error='No error' Native error='',
7/17/2026 6:50:49 AM,Order,Order='2827268752/PA-APEX-422136-01' Name='Stop1' New state='Cancel submitted' Instrument='MES SEP26' Action='Buy to cover' Limit price=0 Stop price=7500.25 Quantity=8 Type='Stop Market' Time in force=GTC Oco='96ab02b2174d4e53af0954f6459bad80' Filled=0 Fill price=0 Error='No error' Native error='',
7/17/2026 6:50:49 AM,Default,Position grid close position,
7/17/2026 6:50:45 AM,Order,Order='2827268760/PA-APEX-422136-05' Name='Stop1' New state='Accepted' Instrument='MES SEP26' Action='Buy to cover' Limit price=0 Stop price=7500.25 Quantity=8 Type='Stop Market' Time in force=GTC Oco='5eec3e5a6389497ab5fd2108e31ae4ed' Filled=0 Fill price=0 Error='No error' Native error='',
7/17/2026 6:50:45 AM,Order,Order='2827268752/PA-APEX-422136-01' Name='Stop1' New state='Accepted' Instrument='MES SEP26' Action='Buy to cover' Limit price=0 Stop price=7500.25 Quantity=8 Type='Stop Market' Time in force=GTC Oco='96ab02b2174d4e53af0954f6459bad80' Filled=0 Fill price=0 Error='No error' Native error='',
7/17/2026 6:50:45 AM,Order,Order='2827268760/PA-APEX-422136-05' Name='Stop1' New state='Change submitted' Instrument='MES SEP26' Action='Buy to cover' Limit price=0 Stop price=7500.25 Quantity=8 Type='Stop Market' Time in force=GTC Oco='5eec3e5a6389497ab5fd2108e31ae4ed' Filled=0 Fill price=0 Error='No error' Native error='',
7/17/2026 6:50:45 AM,Order,Order='2827268752/PA-APEX-422136-01' Name='Stop1' New state='Change submitted' Instrument='MES SEP26' Action='Buy to cover' Limit price=0 Stop price=7500.25 Quantity=8 Type='Stop Market' Time in force=GTC Oco='96ab02b2174d4e53af0954f6459bad80' Filled=0 Fill price=0 Error='No error' Native error='',
7/17/2026 6:50:45 AM,Order,Auto trail price modification from '7502.75' to '7500.25',
7/17/2026 6:50:45 AM,Order,Auto trail price modification from '7504.75' to '7500.25',
7/17/2026 6:50:42 AM,Order,Order='2827268761/PA-APEX-422136-05' Name='Target1' New state='Working' Instrument='MES SEP26' Action='Buy to cover' Limit price=7497 Stop price=0 Quantity=8 Type='Limit' Time in force=GTC Oco='5eec3e5a6389497ab5fd2108e31ae4ed' Filled=0 Fill price=0 Error='No error' Native error='',
7/17/2026 6:50:42 AM,Order,Order='2827268759/PA-APEX-422136-01' Name='Target1' New state='Accepted' Instrument='MES SEP26' Action='Buy to cover' Limit price=7496 Stop price=0 Quantity=8 Type='Limit' Time in force=GTC Oco='96ab02b2174d4e53af0954f6459bad80' Filled=0 Fill price=0 Error='No error' Native error='',
7/17/2026 6:50:42 AM,Order,Order='2827268759/PA-APEX-422136-01' Name='Target1' New state='Working' Instrument='MES SEP26' Action='Buy to cover' Limit price=7496 Stop price=0 Quantity=8 Type='Limit' Time in force=GTC Oco='96ab02b2174d4e53af0954f6459bad80' Filled=0 Fill price=0 Error='No error' Native error='',
7/17/2026 6:50:42 AM,Order,Order='2827268761/PA-APEX-422136-05' Name='Target1' New state='Accepted' Instrument='MES SEP26' Action='Buy to cover' Limit price=7497 Stop price=0 Quantity=8 Type='Limit' Time in force=GTC Oco='5eec3e5a6389497ab5fd2108e31ae4ed' Filled=0 Fill price=0 Error='No error' Native error='',
7/17/2026 6:50:42 AM,Order,Order='2827268760/PA-APEX-422136-05' Name='Stop1' New state='Accepted' Instrument='MES SEP26' Action='Buy to cover' Limit price=0 Stop price=7502.75 Quantity=8 Type='Stop Market' Time in force=GTC Oco='5eec3e5a6389497ab5fd2108e31ae4ed' Filled=0 Fill price=0 Error='No error' Native error='',
7/17/2026 6:50:42 AM,Order,Order='2827268752/PA-APEX-422136-01' Name='Stop1' New state='Accepted' Instrument='MES SEP26' Action='Buy to cover' Limit price=0 Stop price=7504.75 Quantity=8 Type='Stop Market' Time in force=GTC Oco='96ab02b2174d4e53af0954f6459bad80' Filled=0 Fill price=0 Error='No error' Native error='',
7/17/2026 6:50:42 AM,Order,Order='ba89f5ec0cc34d118b913e7a61cc8130/PA-APEX-422136-05' Name='Target1' New state='Submitted' Instrument='MES SEP26' Action='Buy to cover' Limit price=7497 Stop price=0 Quantity=8 Type='Limit' Time in force=GTC Oco='5eec3e5a6389497ab5fd2108e31ae4ed' Filled=0 Fill price=0 Error='No error' Native error='',
7/17/2026 6:50:42 AM,Order,Order='8bf73228f97c4d87b54683d10e29cc10/PA-APEX-422136-05' Name='Stop1' New state='Submitted' Instrument='MES SEP26' Action='Buy to cover' Limit price=0 Stop price=7502.75 Quantity=8 Type='Stop Market' Time in force=GTC Oco='5eec3e5a6389497ab5fd2108e31ae4ed' Filled=0 Fill price=0 Error='No error' Native error='',
7/17/2026 6:50:42 AM,Execution,Execution='2039197,
7/17/2026 6:50:42 AM,Order,Order='2827265351/PA-APEX-422136-05' Name='Entry' New state='Filled' Instrument='MES SEP26' Action='Sell' Limit price=7498.75 Stop price=0 Quantity=8 Type='Limit' Time in force=GTC Oco='' Filled=8 Fill price=7498.75 Error='No error' Native error='',
7/17/2026 6:50:42 AM,Order,Order='48273b27677947a28406bc96756347a3/PA-APEX-422136-01' Name='Target1' New state='Submitted' Instrument='MES SEP26' Action='Buy to cover' Limit price=7496 Stop price=0 Quantity=8 Type='Limit' Time in force=GTC Oco='96ab02b2174d4e53af0954f6459bad80' Filled=0 Fill price=0 Error='No error' Native error='',
7/17/2026 6:50:42 AM,Order,Order='686dac08d6f3460cb0a83adb37244856/PA-APEX-422136-01' Name='Stop1' New state='Submitted' Instrument='MES SEP26' Action='Buy to cover' Limit price=0 Stop price=7504.75 Quantity=8 Type='Stop Market' Time in force=GTC Oco='96ab02b2174d4e53af0954f6459bad80' Filled=0 Fill price=0 Error='No error' Native error='',
7/17/2026 6:50:42 AM,Order,Order='2827265351/PA-APEX-422136-05' Name='Entry' New state='Accepted' Instrument='MES SEP26' Action='Sell' Limit price=7498.75 Stop price=0 Quantity=8 Type='Limit' Time in force=GTC Oco='' Filled=0 Fill price=0 Error='No error' Native error='',
7/17/2026 6:50:42 AM,Order,Order='2827265351/PA-APEX-422136-05' Name='Entry' New state='Working' Instrument='MES SEP26' Action='Sell' Limit price=7498.75 Stop price=0 Quantity=8 Type='Limit' Time in force=GTC Oco='' Filled=0 Fill price=0 Error='No error' Native error='',
7/17/2026 6:50:42 AM,Order,Order='2827264433/PA-APEX-422136-01' Name='Entry' New state='Filled' Instrument='MES SEP26' Action='Sell' Limit price=7498.75 Stop price=0 Quantity=8 Type='Limit' Time in force=GTC Oco='' Filled=8 Fill price=7498.75 Error='No error' Native error='',
7/17/2026 6:50:42 AM,Position,Instrument='MES SEP26' Account='PA-APEX-422136-05' Average price=7498.75 Quantity=8 Market position=Short Operation=Operation_Add,
7/17/2026 6:50:42 AM,Execution,Execution='2030817,
7/17/2026 6:50:42 AM,Position,Instrument='MES SEP26' Account='PA-APEX-422136-01' Average price=7498.75 Quantity=8 Market position=Short Operation=Update,
7/17/2026 6:50:42 AM,Position,Instrument='MES SEP26' Account='PA-APEX-422136-01' Average price=7498.75 Quantity=6 Market position=Short Operation=Update,
7/17/2026 6:50:42 AM,Execution,Execution='2030814,
7/17/2026 6:50:42 AM,Order,Order='2827264433/PA-APEX-422136-01' Name='Entry' New state='Partially filled' Instrument='MES SEP26' Action='Sell' Limit price=7498.75 Stop price=0 Quantity=8 Type='Limit' Time in force=GTC Oco='' Filled=6 Fill price=7498.75 Error='No error' Native error='',
7/17/2026 6:50:42 AM,Execution,Execution='2030813,
7/17/2026 6:50:42 AM,Position,Instrument='MES SEP26' Account='PA-APEX-422136-01' Average price=7498.75 Quantity=5 Market position=Short Operation=Operation_Add,
7/17/2026 6:50:42 AM,Order,Order='2827264433/PA-APEX-422136-01' Name='Entry' New state='Partially filled' Instrument='MES SEP26' Action='Sell' Limit price=7498.75 Stop price=0 Quantity=8 Type='Limit' Time in force=GTC Oco='' Filled=5 Fill price=7498.75 Error='No error' Native error='',
7/17/2026 6:50:42 AM,Order,Order='2827264433/PA-APEX-422136-01' Name='Entry' New state='Accepted' Instrument='MES SEP26' Action='Sell' Limit price=7498.75 Stop price=0 Quantity=8 Type='Limit' Time in force=GTC Oco='' Filled=0 Fill price=0 Error='No error' Native error='',
7/17/2026 6:50:42 AM,Order,Order='2827264433/PA-APEX-422136-01' Name='Entry' New state='Working' Instrument='MES SEP26' Action='Sell' Limit price=7498.75 Stop price=0 Quantity=8 Type='Limit' Time in force=GTC Oco='' Filled=0 Fill price=0 Error='No error' Native error='',
7/17/2026 6:50:42 AM,Order,Order='2827265351/PA-APEX-422136-05' Name='Entry' New state='Change submitted' Instrument='MES SEP26' Action='Sell' Limit price=7498.75 Stop price=0 Quantity=8 Type='Limit' Time in force=GTC Oco='' Filled=0 Fill price=0 Error='No error' Native error='',
7/17/2026 6:50:42 AM,Order,Auto chase price modification to '7498.75',
7/17/2026 6:50:42 AM,Order,Order='2827264433/PA-APEX-422136-01' Name='Entry' New state='Change submitted' Instrument='MES SEP26' Action='Sell' Limit price=7498.75 Stop price=0 Quantity=8 Type='Limit' Time in force=GTC Oco='' Filled=0 Fill price=0 Error='No error' Native error='',
7/17/2026 6:50:42 AM,Order,Auto chase price modification to '7498.75',
7/17/2026 6:50:21 AM,Order,Order='2827265351/PA-APEX-422136-05' Name='Entry' New state='Working' Instrument='MES SEP26' Action='Sell' Limit price=7499 Stop price=0 Quantity=8 Type='Limit' Time in force=GTC Oco='' Filled=0 Fill price=0 Error='No error' Native error='',
7/17/2026 6:50:21 AM,Order,Order='2827265351/PA-APEX-422136-05' Name='Entry' New state='Accepted' Instrument='MES SEP26' Action='Sell' Limit price=7499 Stop price=0 Quantity=8 Type='Limit' Time in force=GTC Oco='' Filled=0 Fill price=0 Error='No error' Native error='',
7/17/2026 6:50:21 AM,Order,Order='44c30d1a8f854199a5f2bde7b83f645e/PA-APEX-422136-05' Name='Entry' New state='Submitted' Instrument='MES SEP26' Action='Sell' Limit price=7499 Stop price=0 Quantity=8 Type='Limit' Time in force=GTC Oco='' Filled=0 Fill price=0 Error='No error' Native error='',
7/17/2026 6:50:21 AM,Order,Chart Trader submitting order with strategy '7t MES RMA 4SL 20Q - 2' (Ticks),
7/17/2026 6:50:16 AM,Order,Order='2827264433/PA-APEX-422136-01' Name='Entry' New state='Accepted' Instrument='MES SEP26' Action='Sell' Limit price=7499 Stop price=0 Quantity=8 Type='Limit' Time in force=GTC Oco='' Filled=0 Fill price=0 Error='No error' Native error='',
7/17/2026 6:50:16 AM,Order,Order='2827264433/PA-APEX-422136-01' Name='Entry' New state='Working' Instrument='MES SEP26' Action='Sell' Limit price=7499 Stop price=0 Quantity=8 Type='Limit' Time in force=GTC Oco='' Filled=0 Fill price=0 Error='No error' Native error='',
7/17/2026 6:50:16 AM,Order,Order='2827264433/PA-APEX-422136-01' Name='Entry' New state='Change submitted' Instrument='MES SEP26' Action='Sell' Limit price=7499 Stop price=0 Quantity=8 Type='Limit' Time in force=GTC Oco='' Filled=0 Fill price=0 Error='No error' Native error='',
7/17/2026 6:50:16 AM,Order,Order='2827264433/PA-APEX-422136-01' Name='Entry' New state='Working' Instrument='MES SEP26' Action='Sell' Limit price=7499.25 Stop price=0 Quantity=8 Type='Limit' Time in force=GTC Oco='' Filled=0 Fill price=0 Error='No error' Native error='',
7/17/2026 6:50:16 AM,Order,Order='2827264433/PA-APEX-422136-01' Name='Entry' New state='Accepted' Instrument='MES SEP26' Action='Sell' Limit price=7499.25 Stop price=0 Quantity=8 Type='Limit' Time in force=GTC Oco='' Filled=0 Fill price=0 Error='No error' Native error='',
7/17/2026 6:50:16 AM,Order,Order='2827264433/PA-APEX-422136-01' Name='Entry' New state='Change submitted' Instrument='MES SEP26' Action='Sell' Limit price=7499.25 Stop price=0 Quantity=8 Type='Limit' Time in force=GTC Oco='' Filled=0 Fill price=0 Error='No error' Native error='',
7/17/2026 6:50:13 AM,Order,Order='2827264433/PA-APEX-422136-01' Name='Entry' New state='Working' Instrument='MES SEP26' Action='Sell' Limit price=7499.5 Stop price=0 Quantity=8 Type='Limit' Time in force=GTC Oco='' Filled=0 Fill price=0 Error='No error' Native error='',
7/17/2026 6:50:13 AM,Order,Order='2827264433/PA-APEX-422136-01' Name='Entry' New state='Accepted' Instrument='MES SEP26' Action='Sell' Limit price=7499.5 Stop price=0 Quantity=8 Type='Limit' Time in force=GTC Oco='' Filled=0 Fill price=0 Error='No error' Native error='',
7/17/2026 6:50:13 AM,Order,Order='fb373dd8d3cf49c4a12038c4412acb7c/PA-APEX-422136-01' Name='Entry' New state='Submitted' Instrument='MES SEP26' Action='Sell' Limit price=7499.5 Stop price=0 Quantity=8 Type='Limit' Time in force=GTC Oco='' Filled=0 Fill price=0 Error='No error' Native error='',
7/17/2026 6:50:13 AM,Order,Chart Trader submitting order with strategy '11t MES RMA 6SL 8Q - 1' (Ticks),
7/17/2026 6:49:13 AM,Order,Order='2827254668/PA-APEX-422136-06' Name='Stop1' New state='Cancelled' Instrument='MES SEP26' Action='Buy to cover' Limit price=0 Stop price=7496.75 Quantity=2 Type='Stop Market' Time in force=GTC Oco='9b776ac3a94e496f8ff7cc7d311b2c5d' Filled=0 Fill price=0 Error='No error' Native error='',
7/17/2026 6:49:13 AM,Strategy,Cancelling any remaining strategy orders,
7/17/2026 6:49:13 AM,Order,Order='2827254668/PA-APEX-422136-06' Name='Stop1' New state='Cancel submitted' Instrument='MES SEP26' Action='Buy to cover' Limit price=0 Stop price=7496.75 Quantity=2 Type='Stop Market' Time in force=GTC Oco='9b776ac3a94e496f8ff7cc7d311b2c5d' Filled=0 Fill price=0 Error='No error' Native error='',
7/17/2026 6:49:13 AM,Order,Order='2827254668/PA-APEX-422136-06' Name='Stop1' New state='Accepted' Instrument='MES SEP26' Action='Buy to cover' Limit price=0 Stop price=7496.75 Quantity=2 Type='Stop Market' Time in force=GTC Oco='9b776ac3a94e496f8ff7cc7d311b2c5d' Filled=0 Fill price=0 Error='No error' Native error='',
7/17/2026 6:49:13 AM,Order,Order='2827254669/PA-APEX-422136-06' Name='Target1' New state='Filled' Instrument='MES SEP26' Action='Buy to cover' Limit price=7494 Stop price=0 Quantity=8 Type='Limit' Time in force=GTC Oco='9b776ac3a94e496f8ff7cc7d311b2c5d' Filled=8 Fill price=7494 Error='No error' Native error='',
7/17/2026 6:49:13 AM,Execution,Execution='2037574,
7/17/2026 6:49:13 AM,Order,Order='2827254669/PA-APEX-422136-06' Name='Target1' New state='Partially filled' Instrument='MES SEP26' Action='Buy to cover' Limit price=7494 Stop price=0 Quantity=8 Type='Limit' Time in force=GTC Oco='9b776ac3a94e496f8ff7cc7d311b2c5d' Filled=7 Fill price=7494 Error='No error' Native error='',
7/17/2026 6:49:13 AM,Execution,Execution='2037573,
7/17/2026 6:49:12 AM,Order,Order='2827254668/PA-APEX-422136-06' Name='Stop1' New state='Change submitted' Instrument='MES SEP26' Action='Buy to cover' Limit price=0 Stop price=7496.75 Quantity=2 Type='Stop Market' Time in force=GTC Oco='9b776ac3a94e496f8ff7cc7d311b2c5d' Filled=0 Fill price=0 Error='No error' Native error='',
7/17/2026 6:49:12 AM,Position,Instrument='MES SEP26' Account='PA-APEX-422136-06' Average price=7496.75 Quantity=1 Market position=Short Operation=Update,
7/17/2026 6:49:12 AM,Position,Instrument='MES SEP26' Account='PA-APEX-422136-06' Average price=7496.75 Quantity=1 Market position=Flat Operation=Remove,
7/17/2026 6:49:12 AM,Position,Instrument='MES SEP26' Account='PA-APEX-422136-06' Average price=7496.75 Quantity=2 Market position=Short Operation=Update,
7/17/2026 6:49:12 AM,Execution,Execution='2037572,
7/17/2026 6:49:12 AM,Order,Order='2827254669/PA-APEX-422136-06' Name='Target1' New state='Partially filled' Instrument='MES SEP26' Action='Buy to cover' Limit price=7494 Stop price=0 Quantity=8 Type='Limit' Time in force=GTC Oco='9b776ac3a94e496f8ff7cc7d311b2c5d' Filled=6 Fill price=7494 Error='No error' Native error='',
7/17/2026 6:49:08 AM,Order,Order='2827254668/PA-APEX-422136-06' Name='Stop1' New state='Accepted' Instrument='MES SEP26' Action='Buy to cover' Limit price=0 Stop price=7496.75 Quantity=8 Type='Stop Market' Time in force=GTC Oco='9b776ac3a94e496f8ff7cc7d311b2c5d' Filled=0 Fill price=0 Error='No error' Native error='',
7/17/2026 6:49:08 AM,Order,Order='2827254668/PA-APEX-422136-06' Name='Stop1' New state='Change submitted' Instrument='MES SEP26' Action='Buy to cover' Limit price=0 Stop price=7496.75 Quantity=8 Type='Stop Market' Time in force=GTC Oco='9b776ac3a94e496f8ff7cc7d311b2c5d' Filled=0 Fill price=0 Error='No error' Native error='',
7/17/2026 6:49:08 AM,Order,Auto trail price modification from '7497.25' to '7496.75',
7/17/2026 6:49:08 AM,Order,Order='2827254668/PA-APEX-422136-06' Name='Stop1' New state='Accepted' Instrument='MES SEP26' Action='Buy to cover' Limit price=0 Stop price=7497.25 Quantity=8 Type='Stop Market' Time in force=GTC Oco='9b776ac3a94e496f8ff7cc7d311b2c5d' Filled=0 Fill price=0 Error='No error' Native error='',
7/17/2026 6:49:08 AM,Order,Order='2827254668/PA-APEX-422136-06' Name='Stop1' New state='Change submitted' Instrument='MES SEP26' Action='Buy to cover' Limit price=0 Stop price=7497.25 Quantity=8 Type='Stop Market' Time in force=GTC Oco='9b776ac3a94e496f8ff7cc7d311b2c5d' Filled=0 Fill price=0 Error='No error' Native error='',
7/17/2026 6:49:08 AM,Order,Auto trail price modification from '7497.75' to '7497.25',
7/17/2026 6:49:08 AM,Order,Order='2827254656/PA-APEX-422136-08' Name='Stop1' New state='Cancelled' Instrument='MES SEP26' Action='Buy to cover' Limit price=0 Stop price=7497.75 Quantity=6 Type='Stop Market' Time in force=GTC Oco='fcef082cf5424aa8912134f747281536' Filled=0 Fill price=0 Error='No error' Native error='',
7/17/2026 6:49:08 AM,Strategy,Cancelling any remaining strategy orders,
7/17/2026 6:49:08 AM,Strategy,Cancelling any remaining strategy orders,
7/17/2026 6:49:08 AM,Strategy,Cancelling any remaining strategy orders,
7/17/2026 6:49:08 AM,Strategy,Cancelling any remaining strategy orders,
7/17/2026 6:49:08 AM,Order,Order='2827254656/PA-APEX-422136-08' Name='Stop1' New state='Cancel submitted' Instrument='MES SEP26' Action='Buy to cover' Limit price=0 Stop price=7497.75 Quantity=6 Type='Stop Market' Time in force=GTC Oco='fcef082cf5424aa8912134f747281536' Filled=0 Fill price=0 Error='No error' Native error='',
7/17/2026 6:49:08 AM,Order,Order='2827254656/PA-APEX-422136-08' Name='Stop1' New state='Accepted' Instrument='MES SEP26' Action='Buy to cover' Limit price=0 Stop price=7497.75 Quantity=6 Type='Stop Market' Time in force=GTC Oco='fcef082cf5424aa8912134f747281536' Filled=0 Fill price=0 Error='No error' Native error='',
7/17/2026 6:49:08 AM,Order,Order='2827254667/PA-APEX-422136-08' Name='Target1' New state='Filled' Instrument='MES SEP26' Action='Buy to cover' Limit price=7495 Stop price=0 Quantity=8 Type='Limit' Time in force=GTC Oco='fcef082cf5424aa8912134f747281536' Filled=8 Fill price=7495 Error='No error' Native error='',
7/17/2026 6:49:07 AM,Execution,Execution='2031720,
7/17/2026 6:49:07 AM,Execution,Execution='2031718,
7/17/2026 6:49:07 AM,Execution,Execution='2031717,
7/17/2026 6:49:07 AM,Position,Instrument='MES SEP26' Account='PA-APEX-422136-08' Average price=7496.75 Quantity=2 Market position=Flat Operation=Remove,
7/17/2026 6:49:07 AM,Position,Instrument='MES SEP26' Account='PA-APEX-422136-08' Average price=7496.75 Quantity=2 Market position=Short Operation=Update,
7/17/2026 6:49:07 AM,Order,Order='2827254667/PA-APEX-422136-08' Name='Target1' New state='Partially filled' Instrument='MES SEP26' Action='Buy to cover' Limit price=7495 Stop price=0 Quantity=8 Type='Limit' Time in force=GTC Oco='fcef082cf5424aa8912134f747281536' Filled=6 Fill price=7495 Error='No error' Native error='',
7/17/2026 6:49:07 AM,Execution,Execution='2031716,
7/17/2026 6:49:07 AM,Position,Instrument='MES SEP26' Account='PA-APEX-422136-08' Average price=7496.75 Quantity=4 Market position=Short Operation=Update,
7/17/2026 6:49:07 AM,Position,Instrument='MES SEP26' Account='PA-APEX-422136-08' Average price=7496.75 Quantity=3 Market position=Short Operation=Update,
7/17/2026 6:49:07 AM,Position,Instrument='MES SEP26' Account='PA-APEX-422136-08' Average price=7496.75 Quantity=6 Market position=Short Operation=Update,
7/17/2026 6:49:07 AM,Order,Order='2827254667/PA-APEX-422136-08' Name='Target1' New state='Partially filled' Instrument='MES SEP26' Action='Buy to cover' Limit price=7495 Stop price=0 Quantity=8 Type='Limit' Time in force=GTC Oco='fcef082cf5424aa8912134f747281536' Filled=5 Fill price=7495 Error='No error' Native error='',
7/17/2026 6:49:07 AM,Order,Order='2827254656/PA-APEX-422136-08' Name='Stop1' New state='Change submitted' Instrument='MES SEP26' Action='Buy to cover' Limit price=0 Stop price=7497.75 Quantity=6 Type='Stop Market' Time in force=GTC Oco='fcef082cf5424aa8912134f747281536' Filled=0 Fill price=0 Error='No error' Native error='',
7/17/2026 6:49:07 AM,Order,Order='2827254667/PA-APEX-422136-08' Name='Target1' New state='Partially filled' Instrument='MES SEP26' Action='Buy to cover' Limit price=7495 Stop price=0 Quantity=8 Type='Limit' Time in force=GTC Oco='fcef082cf5424aa8912134f747281536' Filled=4 Fill price=7495 Error='No error' Native error='',
7/17/2026 6:49:07 AM,Order,Order='2827254667/PA-APEX-422136-08' Name='Target1' New state='Partially filled' Instrument='MES SEP26' Action='Buy to cover' Limit price=7495 Stop price=0 Quantity=8 Type='Limit' Time in force=GTC Oco='fcef082cf5424aa8912134f747281536' Filled=2 Fill price=7495 Error='No error' Native error='',
7/17/2026 6:49:07 AM,Execution,Execution='2031715,
7/17/2026 6:49:04 AM,Order,Order='2827254656/PA-APEX-422136-08' Name='Stop1' New state='Accepted' Instrument='MES SEP26' Action='Buy to cover' Limit price=0 Stop price=7497.75 Quantity=8 Type='Stop Market' Time in force=GTC Oco='fcef082cf5424aa8912134f747281536' Filled=0 Fill price=0 Error='No error' Native error='',
7/17/2026 6:49:04 AM,Order,Order='2827254668/PA-APEX-422136-06' Name='Stop1' New state='Accepted' Instrument='MES SEP26' Action='Buy to cover' Limit price=0 Stop price=7497.75 Quantity=8 Type='Stop Market' Time in force=GTC Oco='9b776ac3a94e496f8ff7cc7d311b2c5d' Filled=0 Fill price=0 Error='No error' Native error='',
7/17/2026 6:49:04 AM,Order,Order='2827254656/PA-APEX-422136-08' Name='Stop1' New state='Change submitted' Instrument='MES SEP26' Action='Buy to cover' Limit price=0 Stop price=7497.75 Quantity=8 Type='Stop Market' Time in force=GTC Oco='fcef082cf5424aa8912134f747281536' Filled=0 Fill price=0 Error='No error' Native error='',
7/17/2026 6:49:04 AM,Order,Order='2827254656/PA-APEX-422136-08' Name='Stop1' New state='Accepted' Instrument='MES SEP26' Action='Buy to cover' Limit price=0 Stop price=7496.5 Quantity=8 Type='Stop Market' Time in force=GTC Oco='fcef082cf5424aa8912134f747281536' Filled=0 Fill price=0 Error='No error' Native error='',
7/17/2026 6:49:04 AM,Order,Order='2827254668/PA-APEX-422136-06' Name='Stop1' New state='Change submitted' Instrument='MES SEP26' Action='Buy to cover' Limit price=0 Stop price=7497.75 Quantity=8 Type='Stop Market' Time in force=GTC Oco='9b776ac3a94e496f8ff7cc7d311b2c5d' Filled=0 Fill price=0 Error='No error' Native error='',
7/17/2026 6:49:04 AM,Order,Order='2827254668/PA-APEX-422136-06' Name='Stop1' New state='Accepted' Instrument='MES SEP26' Action='Buy to cover' Limit price=0 Stop price=7498.25 Quantity=8 Type='Stop Market' Time in force=GTC Oco='9b776ac3a94e496f8ff7cc7d311b2c5d' Filled=0 Fill price=0 Error='No error' Native error='',
7/17/2026 6:49:04 AM,Order,Auto trail price modification from '7498.25' to '7497.75',
7/17/2026 6:49:04 AM,Order,Auto breakeven price modification from '7498.25' to '7496.50',
7/17/2026 6:49:04 AM,Order,Order='2827254656/PA-APEX-422136-08' Name='Stop1' New state='Change submitted' Instrument='MES SEP26' Action='Buy to cover' Limit price=0 Stop price=7496.5 Quantity=8 Type='Stop Market' Time in force=GTC Oco='fcef082cf5424aa8912134f747281536' Filled=0 Fill price=0 Error='No error' Native error='',
7/17/2026 6:49:04 AM,Order,Order='2827254656/PA-APEX-422136-08' Name='Stop1' New state='Accepted' Instrument='MES SEP26' Action='Buy to cover' Limit price=0 Stop price=7498.25 Quantity=8 Type='Stop Market' Time in force=GTC Oco='fcef082cf5424aa8912134f747281536' Filled=0 Fill price=0 Error='No error' Native error='',
7/17/2026 6:49:04 AM,Order,Auto trail price modification from '7498.25' to '7497.75',
7/17/2026 6:49:04 AM,Order,Auto breakeven price modification from '7498.25' to '7496.50',
7/17/2026 6:49:04 AM,Order,Order='2827254668/PA-APEX-422136-06' Name='Stop1' New state='Change submitted' Instrument='MES SEP26' Action='Buy to cover' Limit price=0 Stop price=7498.25 Quantity=8 Type='Stop Market' Time in force=GTC Oco='9b776ac3a94e496f8ff7cc7d311b2c5d' Filled=0 Fill price=0 Error='No error' Native error='',
7/17/2026 6:49:04 AM,Order,Order='2827254656/PA-APEX-422136-08' Name='Stop1' New state='Change submitted' Instrument='MES SEP26' Action='Buy to cover' Limit price=0 Stop price=7498.25 Quantity=8 Type='Stop Market' Time in force=GTC Oco='fcef082cf5424aa8912134f747281536' Filled=0 Fill price=0 Error='No error' Native error='',
7/17/2026 6:49:04 AM,Order,Auto trail price modification from '7502.75' to '7498.25',
7/17/2026 6:49:04 AM,Order,Auto trail price modification from '7500.75' to '7498.25',
7/17/2026 6:49:01 AM,Order,Order='2827254669/PA-APEX-422136-06' Name='Target1' New state='Accepted' Instrument='MES SEP26' Action='Buy to cover' Limit price=7494 Stop price=0 Quantity=8 Type='Limit' Time in force=GTC Oco='9b776ac3a94e496f8ff7cc7d311b2c5d' Filled=0 Fill price=0 Error='No error' Native error='',
7/17/2026 6:49:01 AM,Order,Order='2827254669/PA-APEX-422136-06' Name='Target1' New state='Working' Instrument='MES SEP26' Action='Buy to cover' Limit price=7494 Stop price=0 Quantity=8 Type='Limit' Time in force=GTC Oco='9b776ac3a94e496f8ff7cc7d311b2c5d' Filled=0 Fill price=0 Error='No error' Native error='',
7/17/2026 6:49:01 AM,Order,Order='2827254667/PA-APEX-422136-08' Name='Target1' New state='Working' Instrument='MES SEP26' Action='Buy to cover' Limit price=7495 Stop price=0 Quantity=8 Type='Limit' Time in force=GTC Oco='fcef082cf5424aa8912134f747281536' Filled=0 Fill price=0 Error='No error' Native error='',
7/17/2026 6:49:01 AM,Order,Order='2827254668/PA-APEX-422136-06' Name='Stop1' New state='Accepted' Instrument='MES SEP26' Action='Buy to cover' Limit price=0 Stop price=7502.75 Quantity=8 Type='Stop Market' Time in force=GTC Oco='9b776ac3a94e496f8ff7cc7d311b2c5d' Filled=0 Fill price=0 Error='No error' Native error='',
7/17/2026 6:49:01 AM,Order,Order='2827254667/PA-APEX-422136-08' Name='Target1' New state='Accepted' Instrument='MES SEP26' Action='Buy to cover' Limit price=7495 Stop price=0 Quantity=8 Type='Limit' Time in force=GTC Oco='fcef082cf5424aa8912134f747281536' Filled=0 Fill price=0 Error='No error' Native error='',
7/17/2026 6:49:01 AM,Order,Order='2827254656/PA-APEX-422136-08' Name='Stop1' New state='Accepted' Instrument='MES SEP26' Action='Buy to cover' Limit price=0 Stop price=7500.75 Quantity=8 Type='Stop Market' Time in force=GTC Oco='fcef082cf5424aa8912134f747281536' Filled=0 Fill price=0 Error='No error' Native error='',
7/17/2026 6:49:01 AM,Order,Order='5adbac73c0754cad9dca02f280651fbe/PA-APEX-422136-06' Name='Target1' New state='Submitted' Instrument='MES SEP26' Action='Buy to cover' Limit price=7494 Stop price=0 Quantity=8 Type='Limit' Time in force=GTC Oco='9b776ac3a94e496f8ff7cc7d311b2c5d' Filled=0 Fill price=0 Error='No error' Native error='',
7/17/2026 6:49:01 AM,Order,Order='135ea5d78f794ca08bfb59d2674c37b8/PA-APEX-422136-06' Name='Stop1' New state='Submitted' Instrument='MES SEP26' Action='Buy to cover' Limit price=0 Stop price=7502.75 Quantity=8 Type='Stop Market' Time in force=GTC Oco='9b776ac3a94e496f8ff7cc7d311b2c5d' Filled=0 Fill price=0 Error='No error' Native error='',
7/17/2026 6:49:01 AM,Order,Order='9037fa45a8d64663ada04d9b870013f6/PA-APEX-422136-08' Name='Target1' New state='Submitted' Instrument='MES SEP26' Action='Buy to cover' Limit price=7495 Stop price=0 Quantity=8 Type='Limit' Time in force=GTC Oco='fcef082cf5424aa8912134f747281536' Filled=0 Fill price=0 Error='No error' Native error='',
7/17/2026 6:49:01 AM,Order,Order='d4880db2a4484ff4b7894ee6e31f924b/PA-APEX-422136-08' Name='Stop1' New state='Submitted' Instrument='MES SEP26' Action='Buy to cover' Limit price=0 Stop price=7500.75 Quantity=8 Type='Stop Market' Time in force=GTC Oco='fcef082cf5424aa8912134f747281536' Filled=0 Fill price=0 Error='No error' Native error='',
7/17/2026 6:49:01 AM,Order,Order='2827248421/PA-APEX-422136-06' Name='Entry' New state='Filled' Instrument='MES SEP26' Action='Sell' Limit price=7496.75 Stop price=0 Quantity=8 Type='Limit' Time in force=GTC Oco='' Filled=8 Fill price=7496.75 Error='No error' Native error='',
7/17/2026 6:49:01 AM,Execution,Execution='2034191,
7/17/2026 6:49:01 AM,Order,Order='2827248421/PA-APEX-422136-06' Name='Entry' New state='Partially filled' Instrument='MES SEP26' Action='Sell' Limit price=7496.75 Stop price=0 Quantity=8 Type='Limit' Time in force=GTC Oco='' Filled=7 Fill price=7496.75 Error='No error' Native error='',
7/17/2026 6:49:01 AM,Execution,Execution='2034190,
7/17/2026 6:49:01 AM,Order,Order='2827248421/PA-APEX-422136-06' Name='Entry' New state='Partially filled' Instrument='MES SEP26' Action='Sell' Limit price=7496.75 Stop price=0 Quantity=8 Type='Limit' Time in force=GTC Oco='' Filled=6 Fill price=7496.75 Error='No error' Native error='',
7/17/2026 6:49:01 AM,Execution,Execution='2034189,
7/17/2026 6:49:01 AM,Order,Order='2827248421/PA-APEX-422136-06' Name='Entry' New state='Partially filled' Instrument='MES SEP26' Action='Sell' Limit price=7496.75 Stop price=0 Quantity=8 Type='Limit' Time in force=GTC Oco='' Filled=5 Fill price=7496.75 Error='No error' Native error='',
7/17/2026 6:49:01 AM,Execution,Execution='2034188,
7/17/2026 6:49:01 AM,Execution,Execution='2034187,
7/17/2026 6:49:01 AM,Order,Order='2827248421/PA-APEX-422136-06' Name='Entry' New state='Partially filled' Instrument='MES SEP26' Action='Sell' Limit price=7496.75 Stop price=0 Quantity=8 Type='Limit' Time in force=GTC Oco='' Filled=4 Fill price=7496.75 Error='No error' Native error='',
7/17/2026 6:49:01 AM,Execution,Execution='2034185,
7/17/2026 6:49:01 AM,Order,Order='2827248421/PA-APEX-422136-06' Name='Entry' New state='Partially filled' Instrument='MES SEP26' Action='Sell' Limit price=7496.75 Stop price=0 Quantity=8 Type='Limit' Time in force=GTC Oco='' Filled=3 Fill price=7496.75 Error='No error' Native error='',
7/17/2026 6:49:01 AM,Order,Order='2827252614/PA-APEX-422136-08' Name='Entry' New state='Filled' Instrument='MES SEP26' Action='Sell' Limit price=7496.75 Stop price=0 Quantity=8 Type='Limit' Time in force=GTC Oco='' Filled=8 Fill price=7496.75 Error='No error' Native error='',
7/17/2026 6:49:01 AM,Position,Instrument='MES SEP26' Account='PA-APEX-422136-06' Average price=7496.75 Quantity=8 Market position=Short Operation=Update,
7/17/2026 6:49:01 AM,Position,Instrument='MES SEP26' Account='PA-APEX-422136-06' Average price=7496.75 Quantity=7 Market position=Short Operation=Update,
7/17/2026 6:49:01 AM,Execution,Execution='2037536,
7/17/2026 6:49:01 AM,Execution,Execution='2037534,
7/17/2026 6:49:01 AM,Position,Instrument='MES SEP26' Account='PA-APEX-422136-06' Average price=7496.75 Quantity=4 Market position=Short Operation=Update,
7/17/2026 6:49:01 AM,Position,Instrument='MES SEP26' Account='PA-APEX-422136-06' Average price=7496.75 Quantity=5 Market position=Short Operation=Update,
7/17/2026 6:49:01 AM,Position,Instrument='MES SEP26' Account='PA-APEX-422136-06' Average price=7496.75 Quantity=6 Market position=Short Operation=Update,
7/17/2026 6:49:01 AM,Execution,Execution='2037535,
7/17/2026 6:49:01 AM,Execution,Execution='2037533,
7/17/2026 6:49:01 AM,Order,Order='2827252614/PA-APEX-422136-08' Name='Entry' New state='Partially filled' Instrument='MES SEP26' Action='Sell' Limit price=7496.75 Stop price=0 Quantity=8 Type='Limit' Time in force=GTC Oco='' Filled=6 Fill price=7496.75 Error='No error' Native error='',
7/17/2026 6:49:01 AM,Order,Order='2827252614/PA-APEX-422136-08' Name='Entry' New state='Partially filled' Instrument='MES SEP26' Action='Sell' Limit price=7496.75 Stop price=0 Quantity=8 Type='Limit' Time in force=GTC Oco='' Filled=7 Fill price=7496.75 Error='No error' Native error='',
7/17/2026 6:49:01 AM,Order,Order='2827252614/PA-APEX-422136-08' Name='Entry' New state='Partially filled' Instrument='MES SEP26' Action='Sell' Limit price=7496.75 Stop price=0 Quantity=8 Type='Limit' Time in force=GTC Oco='' Filled=5 Fill price=7496.75 Error='No error' Native error='',
7/17/2026 6:49:01 AM,Position,Instrument='MES SEP26' Account='PA-APEX-422136-06' Average price=7496.75 Quantity=3 Market position=Short Operation=Operation_Add,
7/17/2026 6:49:01 AM,Position,Instrument='MES SEP26' Account='PA-APEX-422136-08' Average price=7496.75 Quantity=8 Market position=Short Operation=Update,
7/17/2026 6:49:01 AM,Order,Order='2827252614/PA-APEX-422136-08' Name='Entry' New state='Partially filled' Instrument='MES SEP26' Action='Sell' Limit price=7496.75 Stop price=0 Quantity=8 Type='Limit' Time in force=GTC Oco='' Filled=4 Fill price=7496.75 Error='No error' Native error='',
7/17/2026 6:49:01 AM,Execution,Execution='2037532,
7/17/2026 6:49:01 AM,Position,Instrument='MES SEP26' Account='PA-APEX-422136-08' Average price=7496.75 Quantity=5 Market position=Short Operation=Update,
7/17/2026 6:49:01 AM,Position,Instrument='MES SEP26' Account='PA-APEX-422136-08' Average price=7496.75 Quantity=6 Market position=Short Operation=Update,
7/17/2026 6:49:01 AM,Position,Instrument='MES SEP26' Account='PA-APEX-422136-08' Average price=7496.75 Quantity=7 Market position=Short Operation=Update,
7/17/2026 6:49:01 AM,Position,Instrument='MES SEP26' Account='PA-APEX-422136-08' Average price=7496.75 Quantity=3 Market position=Short Operation=Operation_Add,
7/17/2026 6:49:01 AM,Position,Instrument='MES SEP26' Account='PA-APEX-422136-08' Average price=7496.75 Quantity=4 Market position=Short Operation=Update,
7/17/2026 6:49:01 AM,Order,Order='2827252614/PA-APEX-422136-08' Name='Entry' New state='Partially filled' Instrument='MES SEP26' Action='Sell' Limit price=7496.75 Stop price=0 Quantity=8 Type='Limit' Time in force=GTC Oco='' Filled=3 Fill price=7496.75 Error='No error' Native error='',
7/17/2026 6:49:01 AM,Execution,Execution='2037530,
7/17/2026 6:48:49 AM,Order,Order='2827252614/PA-APEX-422136-08' Name='Entry' New state='Accepted' Instrument='MES SEP26' Action='Sell' Limit price=7496.75 Stop price=0 Quantity=8 Type='Limit' Time in force=GTC Oco='' Filled=0 Fill price=0 Error='No error' Native error='',
7/17/2026 6:48:49 AM,Order,Order='2827252614/PA-APEX-422136-08' Name='Entry' New state='Working' Instrument='MES SEP26' Action='Sell' Limit price=7496.75 Stop price=0 Quantity=8 Type='Limit' Time in force=GTC Oco='' Filled=0 Fill price=0 Error='No error' Native error='',
7/17/2026 6:48:49 AM,Order,Order='2827248421/PA-APEX-422136-06' Name='Entry' New state='Accepted' Instrument='MES SEP26' Action='Sell' Limit price=7496.75 Stop price=0 Quantity=8 Type='Limit' Time in force=GTC Oco='' Filled=0 Fill price=0 Error='No error' Native error='',
7/17/2026 6:48:49 AM,Order,Order='2827248421/PA-APEX-422136-06' Name='Entry' New state='Working' Instrument='MES SEP26' Action='Sell' Limit price=7496.75 Stop price=0 Quantity=8 Type='Limit' Time in force=GTC Oco='' Filled=0 Fill price=0 Error='No error' Native error='',
7/17/2026 6:48:49 AM,Order,Auto chase price modification to '7496.75',
7/17/2026 6:48:49 AM,Order,Order='2827252614/PA-APEX-422136-08' Name='Entry' New state='Change submitted' Instrument='MES SEP26' Action='Sell' Limit price=7496.75 Stop price=0 Quantity=8 Type='Limit' Time in force=GTC Oco='' Filled=0 Fill price=0 Error='No error' Native error='',
7/17/2026 6:48:49 AM,Order,Auto chase price modification to '7496.75',
7/17/2026 6:48:49 AM,Order,Order='2827248421/PA-APEX-422136-06' Name='Entry' New state='Change submitted' Instrument='MES SEP26' Action='Sell' Limit price=7496.75 Stop price=0 Quantity=8 Type='Limit' Time in force=GTC Oco='' Filled=0 Fill price=0 Error='No error' Native error='',
7/17/2026 6:48:44 AM,Order,Order='2827252614/PA-APEX-422136-08' Name='Entry' New state='Accepted' Instrument='MES SEP26' Action='Sell' Limit price=7497 Stop price=0 Quantity=8 Type='Limit' Time in force=GTC Oco='' Filled=0 Fill price=0 Error='No error' Native error='',
7/17/2026 6:48:44 AM,Order,Order='2827252614/PA-APEX-422136-08' Name='Entry' New state='Working' Instrument='MES SEP26' Action='Sell' Limit price=7497 Stop price=0 Quantity=8 Type='Limit' Time in force=GTC Oco='' Filled=0 Fill price=0 Error='No error' Native error='',
7/17/2026 6:48:44 AM,Order,Order='2827252614/PA-APEX-422136-08' Name='Entry' New state='Change submitted' Instrument='MES SEP26' Action='Sell' Limit price=7497 Stop price=0 Quantity=8 Type='Limit' Time in force=GTC Oco='' Filled=0 Fill price=0 Error='No error' Native error='',
7/17/2026 6:48:43 AM,Order,Order='2827252614/PA-APEX-422136-08' Name='Entry' New state='Accepted' Instrument='MES SEP26' Action='Sell' Limit price=7497.25 Stop price=0 Quantity=8 Type='Limit' Time in force=GTC Oco='' Filled=0 Fill price=0 Error='No error' Native error='',
7/17/2026 6:48:43 AM,Order,Order='2827252614/PA-APEX-422136-08' Name='Entry' New state='Working' Instrument='MES SEP26' Action='Sell' Limit price=7497.25 Stop price=0 Quantity=8 Type='Limit' Time in force=GTC Oco='' Filled=0 Fill price=0 Error='No error' Native error='',
7/17/2026 6:48:43 AM,Order,Order='2827252614/PA-APEX-422136-08' Name='Entry' New state='Change submitted' Instrument='MES SEP26' Action='Sell' Limit price=7497.25 Stop price=0 Quantity=8 Type='Limit' Time in force=GTC Oco='' Filled=0 Fill price=0 Error='No error' Native error='',
7/17/2026 6:48:41 AM,Order,Order='2827252614/PA-APEX-422136-08' Name='Entry' New state='Accepted' Instrument='MES SEP26' Action='Sell' Limit price=7497.5 Stop price=0 Quantity=8 Type='Limit' Time in force=GTC Oco='' Filled=0 Fill price=0 Error='No error' Native error='',
7/17/2026 6:48:41 AM,Order,Order='2827252614/PA-APEX-422136-08' Name='Entry' New state='Working' Instrument='MES SEP26' Action='Sell' Limit price=7497.5 Stop price=0 Quantity=8 Type='Limit' Time in force=GTC Oco='' Filled=0 Fill price=0 Error='No error' Native error='',
7/17/2026 6:48:41 AM,Order,Order='b00220a0dae6405a9d723c19e7005b0d/PA-APEX-422136-08' Name='Entry' New state='Submitted' Instrument='MES SEP26' Action='Sell' Limit price=7497.5 Stop price=0 Quantity=8 Type='Limit' Time in force=GTC Oco='' Filled=0 Fill price=0 Error='No error' Native error='',
7/17/2026 6:48:41 AM,Order,Chart Trader submitting order with strategy '7t MES RMA 4SL 20Q - 2' (Ticks),
7/17/2026 6:48:30 AM,Order,Order='2827249748/PA-APEX-422136-08' Name='Entry' New state='Cancelled' Instrument='MES SEP26' Action='Sell' Limit price=7497 Stop price=0 Quantity=20 Type='Limit' Time in force=GTC Oco='' Filled=0 Fill price=0 Error='No error' Native error='',
7/17/2026 6:48:30 AM,Order,Order='2827249748/PA-APEX-422136-08' Name='Entry' New state='Cancel submitted' Instrument='MES SEP26' Action='Sell' Limit price=7497 Stop price=0 Quantity=20 Type='Limit' Time in force=GTC Oco='' Filled=0 Fill price=0 Error='No error' Native error='',
7/17/2026 6:48:19 AM,Order,Order='2827249748/PA-APEX-422136-08' Name='Entry' New state='Accepted' Instrument='MES SEP26' Action='Sell' Limit price=7497 Stop price=0 Quantity=20 Type='Limit' Time in force=GTC Oco='' Filled=0 Fill price=0 Error='No error' Native error='',
7/17/2026 6:48:19 AM,Order,Order='2827249748/PA-APEX-422136-08' Name='Entry' New state='Working' Instrument='MES SEP26' Action='Sell' Limit price=7497 Stop price=0 Quantity=20 Type='Limit' Time in force=GTC Oco='' Filled=0 Fill price=0 Error='No error' Native error='',
7/17/2026 6:48:19 AM,Order,Order='485896a37ec74950a09d6c6da1852da6/PA-APEX-422136-08' Name='Entry' New state='Submitted' Instrument='MES SEP26' Action='Sell' Limit price=7497 Stop price=0 Quantity=20 Type='Limit' Time in force=GTC Oco='' Filled=0 Fill price=0 Error='No error' Native error='',
7/17/2026 6:48:19 AM,Order,Chart Trader submitting order with strategy '7t MES RMA 4SL 20Q - 2' (Ticks),
7/17/2026 6:48:13 AM,Order,Order='2827248421/PA-APEX-422136-06' Name='Entry' New state='Accepted' Instrument='MES SEP26' Action='Sell' Limit price=7497 Stop price=0 Quantity=8 Type='Limit' Time in force=GTC Oco='' Filled=0 Fill price=0 Error='No error' Native error='',
7/17/2026 6:48:13 AM,Order,Order='2827248421/PA-APEX-422136-06' Name='Entry' New state='Working' Instrument='MES SEP26' Action='Sell' Limit price=7497 Stop price=0 Quantity=8 Type='Limit' Time in force=GTC Oco='' Filled=0 Fill price=0 Error='No error' Native error='',
7/17/2026 6:48:13 AM,Order,Order='be7c34849a1841f68eab5d2aa705364b/PA-APEX-422136-06' Name='Entry' New state='Submitted' Instrument='MES SEP26' Action='Sell' Limit price=7497 Stop price=0 Quantity=8 Type='Limit' Time in force=GTC Oco='' Filled=0 Fill price=0 Error='No error' Native error='',
7/17/2026 6:48:13 AM,Order,Chart Trader submitting order with strategy '11t MES RMA 6SL 8Q - 1' (Ticks),
7/17/2026 6:44:28 AM,Order,Order='2827205011/PA-APEX-422136-06' Name='Entry' New state='Cancelled' Instrument='MES SEP26' Action='Buy' Limit price=7473 Stop price=0 Quantity=12 Type='Limit' Time in force=GTC Oco='' Filled=0 Fill price=0 Error='No error' Native error='',
7/17/2026 6:44:28 AM,Order,Order='2827210263/PA-APEX-422136-07' Name='Entry' New state='Cancelled' Instrument='MES SEP26' Action='Buy' Limit price=7473 Stop price=0 Quantity=12 Type='Limit' Time in force=GTC Oco='' Filled=0 Fill price=0 Error='No error' Native error='',
7/17/2026 6:44:28 AM,Order,Order='2827206295/PA-APEX-422136-08' Name='Entry' New state='Cancelled' Instrument='MES SEP26' Action='Buy' Limit price=7473 Stop price=0 Quantity=12 Type='Limit' Time in force=GTC Oco='' Filled=0 Fill price=0 Error='No error' Native error='',
7/17/2026 6:44:28 AM,Order,Order='2827210263/PA-APEX-422136-07' Name='Entry' New state='Cancel submitted' Instrument='MES SEP26' Action='Buy' Limit price=7473 Stop price=0 Quantity=12 Type='Limit' Time in force=GTC Oco='' Filled=0 Fill price=0 Error='No error' Native error='',
7/17/2026 6:44:28 AM,Order,Order='2827205011/PA-APEX-422136-06' Name='Entry' New state='Cancel submitted' Instrument='MES SEP26' Action='Buy' Limit price=7473 Stop price=0 Quantity=12 Type='Limit' Time in force=GTC Oco='' Filled=0 Fill price=0 Error='No error' Native error='',
7/17/2026 6:44:28 AM,Default,Cancel all orders account='PA-APEX-422136-07',
7/17/2026 6:44:28 AM,Default,Cancel all orders account='PA-APEX-422136-06',
7/17/2026 6:44:28 AM,Default,Cancel all orders account='PA-APEX-422136-08',
7/17/2026 6:44:28 AM,Default,Cancel all orders account='Sim102',
7/17/2026 6:44:28 AM,Default,Cancel all orders account='PA-APEX-422136-09',
7/17/2026 6:44:28 AM,Default,Cancel all orders account='PA-APEX-422136-01',
7/17/2026 6:44:28 AM,Order,Order='2827206295/PA-APEX-422136-08' Name='Entry' New state='Cancel submitted' Instrument='MES SEP26' Action='Buy' Limit price=7473 Stop price=0 Quantity=12 Type='Limit' Time in force=GTC Oco='' Filled=0 Fill price=0 Error='No error' Native error='',
7/17/2026 6:44:28 AM,Default,Cancel all orders account='PA-APEX-422136-03',
7/17/2026 6:44:28 AM,Default,Cancel all orders account='PA-APEX-422136-05',
7/17/2026 6:44:28 AM,Default,Cancel all orders account='PA-APEX-422136-04',
7/17/2026 6:44:28 AM,Default,Cancel all orders account='Sim101',
7/17/2026 6:44:15 AM,Order,Order='2827210263/PA-APEX-422136-07' Name='Entry' New state='Accepted' Instrument='MES SEP26' Action='Buy' Limit price=7473 Stop price=0 Quantity=12 Type='Limit' Time in force=GTC Oco='' Filled=0 Fill price=0 Error='No error' Native error='',
7/17/2026 6:44:15 AM,Order,Order='2827210263/PA-APEX-422136-07' Name='Entry' New state='Working' Instrument='MES SEP26' Action='Buy' Limit price=7473 Stop price=0 Quantity=12 Type='Limit' Time in force=GTC Oco='' Filled=0 Fill price=0 Error='No error' Native error='',
7/17/2026 6:44:15 AM,Order,Order='2827210263/PA-APEX-422136-07' Name='Entry' New state='Change submitted' Instrument='MES SEP26' Action='Buy' Limit price=7473 Stop price=0 Quantity=12 Type='Limit' Time in force=GTC Oco='' Filled=0 Fill price=0 Error='No error' Native error='',
7/17/2026 6:44:13 AM,Order,Order='2827210263/PA-APEX-422136-07' Name='Entry' New state='Accepted' Instrument='MES SEP26' Action='Buy' Limit price=7472.75 Stop price=0 Quantity=12 Type='Limit' Time in force=GTC Oco='' Filled=0 Fill price=0 Error='No error' Native error='',
7/17/2026 6:44:13 AM,Order,Order='2827210263/PA-APEX-422136-07' Name='Entry' New state='Working' Instrument='MES SEP26' Action='Buy' Limit price=7472.75 Stop price=0 Quantity=12 Type='Limit' Time in force=GTC Oco='' Filled=0 Fill price=0 Error='No error' Native error='',
7/17/2026 6:44:12 AM,Order,Order='16f09d4a04394d08bbb659ce31b6e7de/PA-APEX-422136-07' Name='Entry' New state='Submitted' Instrument='MES SEP26' Action='Buy' Limit price=7472.75 Stop price=0 Quantity=12 Type='Limit' Time in force=GTC Oco='' Filled=0 Fill price=0 Error='No error' Native error='',
7/17/2026 6:44:12 AM,Order,Chart Trader submitting order with strategy '7t MES RMA 4SL 20Q - 3' (Ticks),
7/17/2026 6:43:36 AM,Order,Order='2827206295/PA-APEX-422136-08' Name='Entry' New state='Accepted' Instrument='MES SEP26' Action='Buy' Limit price=7473 Stop price=0 Quantity=12 Type='Limit' Time in force=GTC Oco='' Filled=0 Fill price=0 Error='No error' Native error='',
7/17/2026 6:43:36 AM,Order,Order='2827206295/PA-APEX-422136-08' Name='Entry' New state='Working' Instrument='MES SEP26' Action='Buy' Limit price=7473 Stop price=0 Quantity=12 Type='Limit' Time in force=GTC Oco='' Filled=0 Fill price=0 Error='No error' Native error='',
7/17/2026 6:43:36 AM,Order,Order='9ad04be196d1442782427324a7b6c2d9/PA-APEX-422136-08' Name='Entry' New state='Submitted' Instrument='MES SEP26' Action='Buy' Limit price=7473 Stop price=0 Quantity=12 Type='Limit' Time in force=GTC Oco='' Filled=0 Fill price=0 Error='No error' Native error='',
7/17/2026 6:43:36 AM,Order,Chart Trader submitting order with strategy '7t MES RMA 4SL 20Q - 2' (Ticks),
7/17/2026 6:43:25 AM,Order,Order='2827205011/PA-APEX-422136-06' Name='Entry' New state='Working' Instrument='MES SEP26' Action='Buy' Limit price=7473 Stop price=0 Quantity=12 Type='Limit' Time in force=GTC Oco='' Filled=0 Fill price=0 Error='No error' Native error='',
7/17/2026 6:43:25 AM,Order,Order='2827205011/PA-APEX-422136-06' Name='Entry' New state='Accepted' Instrument='MES SEP26' Action='Buy' Limit price=7473 Stop price=0 Quantity=12 Type='Limit' Time in force=GTC Oco='' Filled=0 Fill price=0 Error='No error' Native error='',
7/17/2026 6:43:25 AM,Order,Order='2827205011/PA-APEX-422136-06' Name='Entry' New state='Change submitted' Instrument='MES SEP26' Action='Buy' Limit price=7473 Stop price=0 Quantity=12 Type='Limit' Time in force=GTC Oco='' Filled=0 Fill price=0 Error='No error' Native error='',
7/17/2026 6:43:23 AM,Order,Order='2827205011/PA-APEX-422136-06' Name='Entry' New state='Accepted' Instrument='MES SEP26' Action='Buy' Limit price=7472.75 Stop price=0 Quantity=12 Type='Limit' Time in force=GTC Oco='' Filled=0 Fill price=0 Error='No error' Native error='',
7/17/2026 6:43:23 AM,Order,Order='2827205011/PA-APEX-422136-06' Name='Entry' New state='Working' Instrument='MES SEP26' Action='Buy' Limit price=7472.75 Stop price=0 Quantity=12 Type='Limit' Time in force=GTC Oco='' Filled=0 Fill price=0 Error='No error' Native error='',
7/17/2026 6:43:23 AM,Order,Order='b6028f0d628447ba88475bb04853d850/PA-APEX-422136-06' Name='Entry' New state='Submitted' Instrument='MES SEP26' Action='Buy' Limit price=7472.75 Stop price=0 Quantity=12 Type='Limit' Time in force=GTC Oco='' Filled=0 Fill price=0 Error='No error' Native error='',
7/17/2026 6:43:23 AM,Order,Chart Trader submitting order with strategy '7t MES RMA 4SL 20Q - 1' (Ticks),
7/17/2026 6:41:43 AM,Order,Order='2827188039/PA-APEX-422136-08' Name='Stop1' New state='Cancelled' Instrument='MES SEP26' Action='Buy to cover' Limit price=0 Stop price=7490.75 Quantity=5 Type='Stop Market' Time in force=GTC Oco='e57f4aa0ffd54996be0296f854025d32' Filled=0 Fill price=0 Error='No error' Native error='',
7/17/2026 6:41:43 AM,Order,Order='2827188028/PA-APEX-422136-06' Name='Stop1' New state='Cancelled' Instrument='MES SEP26' Action='Buy to cover' Limit price=0 Stop price=7492 Quantity=12 Type='Stop Market' Time in force=GTC Oco='83bdee686c8a4d1383cf65538b292fd2' Filled=0 Fill price=0 Error='No error' Native error='',
7/17/2026 6:41:43 AM,Strategy,Cancelling any remaining strategy orders,
7/17/2026 6:41:43 AM,Order,Order='2827188039/PA-APEX-422136-08' Name='Stop1' New state='Cancel submitted' Instrument='MES SEP26' Action='Buy to cover' Limit price=0 Stop price=7490.75 Quantity=5 Type='Stop Market' Time in force=GTC Oco='e57f4aa0ffd54996be0296f854025d32' Filled=0 Fill price=0 Error='No error' Native error='',
7/17/2026 6:41:43 AM,Order,Order='2827188039/PA-APEX-422136-08' Name='Stop1' New state='Accepted' Instrument='MES SEP26' Action='Buy to cover' Limit price=0 Stop price=7490.75 Quantity=5 Type='Stop Market' Time in force=GTC Oco='e57f4aa0ffd54996be0296f854025d32' Filled=0 Fill price=0 Error='No error' Native error='',
7/17/2026 6:41:43 AM,Order,Order='2827188028/PA-APEX-422136-06' Name='Stop1' New state='Accepted' Instrument='MES SEP26' Action='Buy to cover' Limit price=0 Stop price=7492 Quantity=12 Type='Stop Market' Time in force=GTC Oco='83bdee686c8a4d1383cf65538b292fd2' Filled=0 Fill price=0 Error='No error' Native error='',
7/17/2026 6:41:43 AM,Order,Order='2827188028/PA-APEX-422136-06' Name='Stop1' New state='Cancel submitted' Instrument='MES SEP26' Action='Buy to cover' Limit price=0 Stop price=7492 Quantity=12 Type='Stop Market' Time in force=GTC Oco='83bdee686c8a4d1383cf65538b292fd2' Filled=0 Fill price=0 Error='No error' Native error='',
7/17/2026 6:41:43 AM,Execution,Execution='2024048,
7/17/2026 6:41:43 AM,Strategy,Cancelling any remaining strategy orders,
7/17/2026 6:41:43 AM,Order,Order='2827188038/PA-APEX-422136-06' Name='Target1' New state='Filled' Instrument='MES SEP26' Action='Buy to cover' Limit price=7489.25 Stop price=0 Quantity=12 Type='Limit' Time in force=GTC Oco='83bdee686c8a4d1383cf65538b292fd2' Filled=12 Fill price=7489.25 Error='No error' Native error='',
7/17/2026 6:41:43 AM,Execution,Execution='2028810,
7/17/2026 6:41:43 AM,Execution,Execution='2028809,
7/17/2026 6:41:43 AM,Order,Order='2827188040/PA-APEX-422136-08' Name='Target1' New state='Filled' Instrument='MES SEP26' Action='Buy to cover' Limit price=7489.25 Stop price=0 Quantity=12 Type='Limit' Time in force=GTC Oco='e57f4aa0ffd54996be0296f854025d32' Filled=12 Fill price=7489.25 Error='No error' Native error='',
7/17/2026 6:41:43 AM,Execution,Execution='2024047,
7/17/2026 6:41:43 AM,Order,Order='2827188039/PA-APEX-422136-08' Name='Stop1' New state='Change submitted' Instrument='MES SEP26' Action='Buy to cover' Limit price=0 Stop price=7490.75 Quantity=5 Type='Stop Market' Time in force=GTC Oco='e57f4aa0ffd54996be0296f854025d32' Filled=0 Fill price=0 Error='No error' Native error='',
7/17/2026 6:41:43 AM,Execution,Execution='2024045,
7/17/2026 6:41:43 AM,Order,Order='2827188040/PA-APEX-422136-08' Name='Target1' New state='Partially filled' Instrument='MES SEP26' Action='Buy to cover' Limit price=7489.25 Stop price=0 Quantity=12 Type='Limit' Time in force=GTC Oco='e57f4aa0ffd54996be0296f854025d32' Filled=7 Fill price=7489.25 Error='No error' Native error='',
7/17/2026 6:41:43 AM,Order,Order='2827188038/PA-APEX-422136-06' Name='Target1' New state='Partially filled' Instrument='MES SEP26' Action='Buy to cover' Limit price=7489.25 Stop price=0 Quantity=12 Type='Limit' Time in force=GTC Oco='83bdee686c8a4d1383cf65538b292fd2' Filled=7 Fill price=7489.25 Error='No error' Native error='',
7/17/2026 6:41:43 AM,Order,Order='2827188039/PA-APEX-422136-08' Name='Stop1' New state='Accepted' Instrument='MES SEP26' Action='Buy to cover' Limit price=0 Stop price=7490.75 Quantity=12 Type='Stop Market' Time in force=GTC Oco='e57f4aa0ffd54996be0296f854025d32' Filled=0 Fill price=0 Error='No error' Native error='',
7/17/2026 6:41:43 AM,Position,Instrument='MES SEP26' Account='PA-APEX-422136-06' Average price=7491 Quantity=5 Market position=Flat Operation=Remove,
7/17/2026 6:41:43 AM,Position,Instrument='MES SEP26' Account='PA-APEX-422136-08' Average price=7491 Quantity=5 Market position=Short Operation=Update,
7/17/2026 6:41:43 AM,Position,Instrument='MES SEP26' Account='PA-APEX-422136-08' Average price=7491 Quantity=5 Market position=Flat Operation=Remove,
7/17/2026 6:41:43 AM,Order,Order='2827188038/PA-APEX-422136-06' Name='Target1' New state='Partially filled' Instrument='MES SEP26' Action='Buy to cover' Limit price=7489.25 Stop price=0 Quantity=12 Type='Limit' Time in force=GTC Oco='83bdee686c8a4d1383cf65538b292fd2' Filled=5 Fill price=7489.25 Error='No error' Native error='',
7/17/2026 6:41:43 AM,Position,Instrument='MES SEP26' Account='PA-APEX-422136-08' Average price=7491 Quantity=7 Market position=Short Operation=Update,
7/17/2026 6:41:43 AM,Position,Instrument='MES SEP26' Account='PA-APEX-422136-06' Average price=7491 Quantity=7 Market position=Short Operation=Update,
7/17/2026 6:41:43 AM,Position,Instrument='MES SEP26' Account='PA-APEX-422136-06' Average price=7491 Quantity=5 Market position=Short Operation=Update,
7/17/2026 6:41:43 AM,Execution,Execution='2028808,
7/17/2026 6:41:43 AM,Order,Order='2827188040/PA-APEX-422136-08' Name='Target1' New state='Partially filled' Instrument='MES SEP26' Action='Buy to cover' Limit price=7489.25 Stop price=0 Quantity=12 Type='Limit' Time in force=GTC Oco='e57f4aa0ffd54996be0296f854025d32' Filled=5 Fill price=7489.25 Error='No error' Native error='',
7/17/2026 6:41:43 AM,Order,Order='2827188028/PA-APEX-422136-06' Name='Stop1' New state='Change submitted' Instrument='MES SEP26' Action='Buy to cover' Limit price=0 Stop price=7492 Quantity=12 Type='Stop Market' Time in force=GTC Oco='83bdee686c8a4d1383cf65538b292fd2' Filled=0 Fill price=0 Error='No error' Native error='',
7/17/2026 6:41:43 AM,Order,Order='2827188028/PA-APEX-422136-06' Name='Stop1' New state='Accepted' Instrument='MES SEP26' Action='Buy to cover' Limit price=0 Stop price=7490.75 Quantity=12 Type='Stop Market' Time in force=GTC Oco='83bdee686c8a4d1383cf65538b292fd2' Filled=0 Fill price=0 Error='No error' Native error='',
7/17/2026 6:41:43 AM,Order,Auto trail price modification from '7492.50' to '7492.00',
7/17/2026 6:41:43 AM,Order,Order='2827188039/PA-APEX-422136-08' Name='Stop1' New state='Change submitted' Instrument='MES SEP26' Action='Buy to cover' Limit price=0 Stop price=7490.75 Quantity=12 Type='Stop Market' Time in force=GTC Oco='e57f4aa0ffd54996be0296f854025d32' Filled=0 Fill price=0 Error='No error' Native error='',
7/17/2026 6:41:43 AM,Order,Auto breakeven price modification from '7492.50' to '7490.75',
7/17/2026 6:41:43 AM,Order,Order='2827188028/PA-APEX-422136-06' Name='Stop1' New state='Change submitted' Instrument='MES SEP26' Action='Buy to cover' Limit price=0 Stop price=7490.75 Quantity=12 Type='Stop Market' Time in force=GTC Oco='83bdee686c8a4d1383cf65538b292fd2' Filled=0 Fill price=0 Error='No error' Native error='',
7/17/2026 6:41:43 AM,Order,Auto trail price modification from '7492.50' to '7492.00',
7/17/2026 6:41:43 AM,Order,Auto breakeven price modification from '7492.50' to '7490.75',
7/17/2026 6:41:41 AM,Order,Order='2827188039/PA-APEX-422136-08' Name='Stop1' New state='Accepted' Instrument='MES SEP26' Action='Buy to cover' Limit price=0 Stop price=7492.5 Quantity=12 Type='Stop Market' Time in force=GTC Oco='e57f4aa0ffd54996be0296f854025d32' Filled=0 Fill price=0 Error='No error' Native error='',
7/17/2026 6:41:41 AM,Order,Order='2827188028/PA-APEX-422136-06' Name='Stop1' New state='Accepted' Instrument='MES SEP26' Action='Buy to cover' Limit price=0 Stop price=7492.5 Quantity=12 Type='Stop Market' Time in force=GTC Oco='83bdee686c8a4d1383cf65538b292fd2' Filled=0 Fill price=0 Error='No error' Native error='',
7/17/2026 6:41:41 AM,Order,Order='2827188039/PA-APEX-422136-08' Name='Stop1' New state='Change submitted' Instrument='MES SEP26' Action='Buy to cover' Limit price=0 Stop price=7492.5 Quantity=12 Type='Stop Market' Time in force=GTC Oco='e57f4aa0ffd54996be0296f854025d32' Filled=0 Fill price=0 Error='No error' Native error='',
7/17/2026 6:41:41 AM,Order,Order='2827188028/PA-APEX-422136-06' Name='Stop1' New state='Change submitted' Instrument='MES SEP26' Action='Buy to cover' Limit price=0 Stop price=7492.5 Quantity=12 Type='Stop Market' Time in force=GTC Oco='83bdee686c8a4d1383cf65538b292fd2' Filled=0 Fill price=0 Error='No error' Native error='',
7/17/2026 6:41:41 AM,Order,Auto trail price modification from '7495.00' to '7492.50',
7/17/2026 6:41:41 AM,Order,Auto trail price modification from '7495.00' to '7492.50',
7/17/2026 6:41:32 AM,Order,Order='2827188040/PA-APEX-422136-08' Name='Target1' New state='Working' Instrument='MES SEP26' Action='Buy to cover' Limit price=7489.25 Stop price=0 Quantity=12 Type='Limit' Time in force=GTC Oco='e57f4aa0ffd54996be0296f854025d32' Filled=0 Fill price=0 Error='No error' Native error='',
7/17/2026 6:41:32 AM,Order,Order='2827188040/PA-APEX-422136-08' Name='Target1' New state='Accepted' Instrument='MES SEP26' Action='Buy to cover' Limit price=7489.25 Stop price=0 Quantity=12 Type='Limit' Time in force=GTC Oco='e57f4aa0ffd54996be0296f854025d32' Filled=0 Fill price=0 Error='No error' Native error='',
7/17/2026 6:41:32 AM,Order,Order='2827188038/PA-APEX-422136-06' Name='Target1' New state='Accepted' Instrument='MES SEP26' Action='Buy to cover' Limit price=7489.25 Stop price=0 Quantity=12 Type='Limit' Time in force=GTC Oco='83bdee686c8a4d1383cf65538b292fd2' Filled=0 Fill price=0 Error='No error' Native error='',
7/17/2026 6:41:32 AM,Order,Order='2827188038/PA-APEX-422136-06' Name='Target1' New state='Working' Instrument='MES SEP26' Action='Buy to cover' Limit price=7489.25 Stop price=0 Quantity=12 Type='Limit' Time in force=GTC Oco='83bdee686c8a4d1383cf65538b292fd2' Filled=0 Fill price=0 Error='No error' Native error='',
7/17/2026 6:41:32 AM,Order,Order='2827188039/PA-APEX-422136-08' Name='Stop1' New state='Accepted' Instrument='MES SEP26' Action='Buy to cover' Limit price=0 Stop price=7495 Quantity=12 Type='Stop Market' Time in force=GTC Oco='e57f4aa0ffd54996be0296f854025d32' Filled=0 Fill price=0 Error='No error' Native error='',
7/17/2026 6:41:32 AM,Order,Order='2827188028/PA-APEX-422136-06' Name='Stop1' New state='Accepted' Instrument='MES SEP26' Action='Buy to cover' Limit price=0 Stop price=7495 Quantity=12 Type='Stop Market' Time in force=GTC Oco='83bdee686c8a4d1383cf65538b292fd2' Filled=0 Fill price=0 Error='No error' Native error='',
7/17/2026 6:41:32 AM,Order,Order='2827184054/PA-APEX-422136-08' Name='Entry' New state='Filled' Instrument='MES SEP26' Action='Sell' Limit price=7491 Stop price=0 Quantity=12 Type='Limit' Time in force=GTC Oco='' Filled=12 Fill price=7491 Error='Unable to change order' Native error='Modification rejected by the Order Management System - Order is complete.',
7/17/2026 6:41:32 AM,Order,PA-APEX-422136-08 Modification rejected by the Order Management System - Order is complete. affected Order: Sell 12 Limit @ 7491,
7/17/2026 6:41:32 AM,Order,PA-APEX-422136-06 Modification rejected by the Order Management System - Order is complete. affected Order: Sell 12 Limit @ 7491,
7/17/2026 6:41:32 AM,Order,Order='2827186942/PA-APEX-422136-06' Name='Entry' New state='Filled' Instrument='MES SEP26' Action='Sell' Limit price=7491 Stop price=0 Quantity=12 Type='Limit' Time in force=GTC Oco='' Filled=12 Fill price=7491 Error='Unable to change order' Native error='Modification rejected by the Order Management System - Order is complete.',
7/17/2026 6:41:32 AM,Order,PA-APEX-422136-08 Modification rejected by the Order Management System - Order is complete. affected Order: Sell 12 Limit @ 7491,
7/17/2026 6:41:32 AM,Order,Order='2827184054/PA-APEX-422136-08' Name='Entry' New state='Filled' Instrument='MES SEP26' Action='Sell' Limit price=7491 Stop price=0 Quantity=12 Type='Limit' Time in force=GTC Oco='' Filled=12 Fill price=7491 Error='Unable to change order' Native error='Modification rejected by the Order Management System - Order is complete.',
7/17/2026 6:41:32 AM,Order,Order='c722d251bbe8453d94225da7dae7969d/PA-APEX-422136-08' Name='Target1' New state='Submitted' Instrument='MES SEP26' Action='Buy to cover' Limit price=7489.25 Stop price=0 Quantity=12 Type='Limit' Time in force=GTC Oco='e57f4aa0ffd54996be0296f854025d32' Filled=0 Fill price=0 Error='No error' Native error='',
7/17/2026 6:41:32 AM,Order,Order='7497157b2db8421fbcf611376acb5a9e/PA-APEX-422136-08' Name='Stop1' New state='Submitted' Instrument='MES SEP26' Action='Buy to cover' Limit price=0 Stop price=7495 Quantity=12 Type='Stop Market' Time in force=GTC Oco='e57f4aa0ffd54996be0296f854025d32' Filled=0 Fill price=0 Error='No error' Native error='',
7/17/2026 6:41:32 AM,Order,Order='98d0f6c33d4443dcb1ab265b50c7dfe7/PA-APEX-422136-06' Name='Target1' New state='Submitted' Instrument='MES SEP26' Action='Buy to cover' Limit price=7489.25 Stop price=0 Quantity=12 Type='Limit' Time in force=GTC Oco='83bdee686c8a4d1383cf65538b292fd2' Filled=0 Fill price=0 Error='No error' Native error='',
7/17/2026 6:41:32 AM,Order,Order='2827184054/PA-APEX-422136-08' Name='Entry' New state='Filled' Instrument='MES SEP26' Action='Sell' Limit price=7491 Stop price=0 Quantity=12 Type='Limit' Time in force=GTC Oco='' Filled=12 Fill price=7491 Error='No error' Native error='',
7/17/2026 6:41:32 AM,Order,Order='0119add78ba04ae09824ef2c30ad857d/PA-APEX-422136-06' Name='Stop1' New state='Submitted' Instrument='MES SEP26' Action='Buy to cover' Limit price=0 Stop price=7495 Quantity=12 Type='Stop Market' Time in force=GTC Oco='83bdee686c8a4d1383cf65538b292fd2' Filled=0 Fill price=0 Error='No error' Native error='',
7/17/2026 6:41:32 AM,Execution,Execution='2020126,
7/17/2026 6:41:32 AM,Execution,Execution='2028507,
7/17/2026 6:41:32 AM,Order,Order='2827186942/PA-APEX-422136-06' Name='Entry' New state='Filled' Instrument='MES SEP26' Action='Sell' Limit price=7491 Stop price=0 Quantity=12 Type='Limit' Time in force=GTC Oco='' Filled=12 Fill price=7491 Error='No error' Native error='',
7/17/2026 6:41:32 AM,Position,Instrument='MES SEP26' Account='PA-APEX-422136-08' Average price=7491 Quantity=12 Market position=Short Operation=Update,
7/17/2026 6:41:32 AM,Position,Instrument='MES SEP26' Account='PA-APEX-422136-06' Average price=7491 Quantity=12 Market position=Short Operation=Operation_Add,
7/17/2026 6:41:32 AM,Order,Auto chase price modification to '7490.75',
7/17/2026 6:41:32 AM,Order,Order='2827184054/PA-APEX-422136-08' Name='Entry' New state='Change submitted' Instrument='MES SEP26' Action='Sell' Limit price=7490.75 Stop price=0 Quantity=12 Type='Limit' Time in force=GTC Oco='' Filled=5 Fill price=7491 Error='No error' Native error='',
7/17/2026 6:41:32 AM,Position,Instrument='MES SEP26' Account='PA-APEX-422136-08' Average price=7491 Quantity=5 Market position=Short Operation=Operation_Add,
7/17/2026 6:41:32 AM,Execution,Execution='2020124,
7/17/2026 6:41:32 AM,Order,Order='2827184054/PA-APEX-422136-08' Name='Entry' New state='Partially filled' Instrument='MES SEP26' Action='Sell' Limit price=7491 Stop price=0 Quantity=12 Type='Limit' Time in force=GTC Oco='' Filled=5 Fill price=7491 Error='No error' Native error='',
7/17/2026 6:41:32 AM,Order,Auto chase price modification to '7490.75',
7/17/2026 6:41:32 AM,Order,Order='2827186942/PA-APEX-422136-06' Name='Entry' New state='Change submitted' Instrument='MES SEP26' Action='Sell' Limit price=7490.75 Stop price=0 Quantity=12 Type='Limit' Time in force=GTC Oco='' Filled=0 Fill price=0 Error='No error' Native error='',
7/17/2026 6:41:32 AM,Order,Auto chase price modification to '7490.75',
7/17/2026 6:41:32 AM,Order,Order='2827184054/PA-APEX-422136-08' Name='Entry' New state='Change submitted' Instrument='MES SEP26' Action='Sell' Limit price=7490.75 Stop price=0 Quantity=12 Type='Limit' Time in force=GTC Oco='' Filled=0 Fill price=0 Error='No error' Native error='',
7/17/2026 6:41:28 AM,Order,Order='2827186942/PA-APEX-422136-06' Name='Entry' New state='Accepted' Instrument='MES SEP26' Action='Sell' Limit price=7491 Stop price=0 Quantity=12 Type='Limit' Time in force=GTC Oco='' Filled=0 Fill price=0 Error='No error' Native error='',
7/17/2026 6:41:28 AM,Order,Order='2827186942/PA-APEX-422136-06' Name='Entry' New state='Working' Instrument='MES SEP26' Action='Sell' Limit price=7491 Stop price=0 Quantity=12 Type='Limit' Time in force=GTC Oco='' Filled=0 Fill price=0 Error='No error' Native error='',
7/17/2026 6:41:28 AM,Order,Order='2827186942/PA-APEX-422136-06' Name='Entry' New state='Change submitted' Instrument='MES SEP26' Action='Sell' Limit price=7491 Stop price=0 Quantity=12 Type='Limit' Time in force=GTC Oco='' Filled=0 Fill price=0 Error='No error' Native error='',
7/17/2026 6:41:26 AM,Order,Order='2827186942/PA-APEX-422136-06' Name='Entry' New state='Accepted' Instrument='MES SEP26' Action='Sell' Limit price=7491.25 Stop price=0 Quantity=12 Type='Limit' Time in force=GTC Oco='' Filled=0 Fill price=0 Error='No error' Native error='',
7/17/2026 6:41:26 AM,Order,Order='2827186942/PA-APEX-422136-06' Name='Entry' New state='Working' Instrument='MES SEP26' Action='Sell' Limit price=7491.25 Stop price=0 Quantity=12 Type='Limit' Time in force=GTC Oco='' Filled=0 Fill price=0 Error='No error' Native error='',
7/17/2026 6:41:26 AM,Order,Order='2827186942/PA-APEX-422136-06' Name='Entry' New state='Change submitted' Instrument='MES SEP26' Action='Sell' Limit price=7491.25 Stop price=0 Quantity=12 Type='Limit' Time in force=GTC Oco='' Filled=0 Fill price=0 Error='No error' Native error='',
7/17/2026 6:41:24 AM,Order,Order='2827186942/PA-APEX-422136-06' Name='Entry' New state='Accepted' Instrument='MES SEP26' Action='Sell' Limit price=7491.5 Stop price=0 Quantity=12 Type='Limit' Time in force=GTC Oco='' Filled=0 Fill price=0 Error='No error' Native error='',
7/17/2026 6:41:24 AM,Order,Order='2827186942/PA-APEX-422136-06' Name='Entry' New state='Working' Instrument='MES SEP26' Action='Sell' Limit price=7491.5 Stop price=0 Quantity=12 Type='Limit' Time in force=GTC Oco='' Filled=0 Fill price=0 Error='No error' Native error='',
7/17/2026 6:41:24 AM,Order,Order='5b1a7c0bc5364e3a8159e65361fd67c9/PA-APEX-422136-06' Name='Entry' New state='Submitted' Instrument='MES SEP26' Action='Sell' Limit price=7491.5 Stop price=0 Quantity=12 Type='Limit' Time in force=GTC Oco='' Filled=0 Fill price=0 Error='No error' Native error='',
7/17/2026 6:41:24 AM,Order,Chart Trader submitting order with strategy '7t MES RMA 4SL 20Q - 2' (Ticks),
7/17/2026 6:41:08 AM,Order,Order='2827184054/PA-APEX-422136-08' Name='Entry' New state='Accepted' Instrument='MES SEP26' Action='Sell' Limit price=7491 Stop price=0 Quantity=12 Type='Limit' Time in force=GTC Oco='' Filled=0 Fill price=0 Error='No error' Native error='',
7/17/2026 6:41:08 AM,Order,Order='2827184054/PA-APEX-422136-08' Name='Entry' New state='Working' Instrument='MES SEP26' Action='Sell' Limit price=7491 Stop price=0 Quantity=12 Type='Limit' Time in force=GTC Oco='' Filled=0 Fill price=0 Error='No error' Native error='',
7/17/2026 6:41:08 AM,Order,Order='d9f1d914bdbe44629970bc6f792e6ff5/PA-APEX-422136-08' Name='Entry' New state='Submitted' Instrument='MES SEP26' Action='Sell' Limit price=7491 Stop price=0 Quantity=12 Type='Limit' Time in force=GTC Oco='' Filled=0 Fill price=0 Error='No error' Native error='',
7/17/2026 6:41:08 AM,Order,Chart Trader submitting order with strategy '7t MES RMA 4SL 20Q - 1' (Ticks),
7/17/2026 6:40:32 AM,Strategy,Cancelling any remaining strategy orders,
7/17/2026 6:40:32 AM,Order,Order='2827177527/PA-APEX-422136-06' Name='Target1' New state='Cancelled' Instrument='MES SEP26' Action='Buy to cover' Limit price=7485 Stop price=0 Quantity=12 Type='Limit' Time in force=GTC Oco='327eac79d9f74950ae49cf21bcbd28bc' Filled=0 Fill price=0 Error='No error' Native error='',
7/17/2026 6:40:32 AM,Execution,Execution='2024286,
7/17/2026 6:40:32 AM,Order,Order='2827177527/PA-APEX-422136-06' Name='Target1' New state='Cancel submitted' Instrument='MES SEP26' Action='Buy to cover' Limit price=7485 Stop price=0 Quantity=12 Type='Limit' Time in force=GTC Oco='327eac79d9f74950ae49cf21bcbd28bc' Filled=0 Fill price=0 Error='No error' Native error='',
7/17/2026 6:40:32 AM,Order,Order='2827177508/PA-APEX-422136-06' Name='Stop1' New state='Filled' Instrument='MES SEP26' Action='Buy to cover' Limit price=0 Stop price=7487.75 Quantity=12 Type='Stop Market' Time in force=GTC Oco='327eac79d9f74950ae49cf21bcbd28bc' Filled=12 Fill price=7488 Error='No error' Native error='',
7/17/2026 6:40:32 AM,Position,Instrument='MES SEP26' Account='PA-APEX-422136-06' Average price=7486.75 Quantity=12 Market position=Flat Operation=Remove,
7/17/2026 6:40:32 AM,Order,Order='2827177508/PA-APEX-422136-06' Name='Stop1' New state='Working' Instrument='MES SEP26' Action='Buy to cover' Limit price=0 Stop price=7487.75 Quantity=12 Type='Stop Market' Time in force=GTC Oco='327eac79d9f74950ae49cf21bcbd28bc' Filled=0 Fill price=0 Error='No error' Native error='',
7/17/2026 6:40:28 AM,Order,Order='2827177508/PA-APEX-422136-06' Name='Stop1' New state='Accepted' Instrument='MES SEP26' Action='Buy to cover' Limit price=0 Stop price=7487.75 Quantity=12 Type='Stop Market' Time in force=GTC Oco='327eac79d9f74950ae49cf21bcbd28bc' Filled=0 Fill price=0 Error='No error' Native error='',
7/17/2026 6:40:28 AM,Order,Order='2827177508/PA-APEX-422136-06' Name='Stop1' New state='Change submitted' Instrument='MES SEP26' Action='Buy to cover' Limit price=0 Stop price=7487.75 Quantity=12 Type='Stop Market' Time in force=GTC Oco='327eac79d9f74950ae49cf21bcbd28bc' Filled=0 Fill price=0 Error='No error' Native error='',
7/17/2026 6:40:28 AM,Order,Order='2827177508/PA-APEX-422136-06' Name='Stop1' New state='Accepted' Instrument='MES SEP26' Action='Buy to cover' Limit price=0 Stop price=7486.5 Quantity=12 Type='Stop Market' Time in force=GTC Oco='327eac79d9f74950ae49cf21bcbd28bc' Filled=0 Fill price=0 Error='No error' Native error='',
7/17/2026 6:40:28 AM,Order,Order='2827177508/PA-APEX-422136-06' Name='Stop1' New state='Change submitted' Instrument='MES SEP26' Action='Buy to cover' Limit price=0 Stop price=7486.5 Quantity=12 Type='Stop Market' Time in force=GTC Oco='327eac79d9f74950ae49cf21bcbd28bc' Filled=0 Fill price=0 Error='No error' Native error='',
7/17/2026 6:40:28 AM,Order,Auto trail price modification from '7488.25' to '7487.75',
7/17/2026 6:40:28 AM,Order,Auto breakeven price modification from '7488.25' to '7486.50',
7/17/2026 6:40:27 AM,Order,Order='2827177508/PA-APEX-422136-06' Name='Stop1' New state='Accepted' Instrument='MES SEP26' Action='Buy to cover' Limit price=0 Stop price=7488.25 Quantity=12 Type='Stop Market' Time in force=GTC Oco='327eac79d9f74950ae49cf21bcbd28bc' Filled=0 Fill price=0 Error='No error' Native error='',
7/17/2026 6:40:27 AM,Order,Order='2827177508/PA-APEX-422136-06' Name='Stop1' New state='Change submitted' Instrument='MES SEP26' Action='Buy to cover' Limit price=0 Stop price=7488.25 Quantity=12 Type='Stop Market' Time in force=GTC Oco='327eac79d9f74950ae49cf21bcbd28bc' Filled=0 Fill price=0 Error='No error' Native error='',
7/17/2026 6:40:27 AM,Order,Auto trail price modification from '7490.75' to '7488.25',
7/17/2026 6:40:25 AM,Order,Order='2827177527/PA-APEX-422136-06' Name='Target1' New state='Working' Instrument='MES SEP26' Action='Buy to cover' Limit price=7485 Stop price=0 Quantity=12 Type='Limit' Time in force=GTC Oco='327eac79d9f74950ae49cf21bcbd28bc' Filled=0 Fill price=0 Error='No error' Native error='',
7/17/2026 6:40:25 AM,Order,Order='2827177527/PA-APEX-422136-06' Name='Target1' New state='Accepted' Instrument='MES SEP26' Action='Buy to cover' Limit price=7485 Stop price=0 Quantity=12 Type='Limit' Time in force=GTC Oco='327eac79d9f74950ae49cf21bcbd28bc' Filled=0 Fill price=0 Error='No error' Native error='',
7/17/2026 6:40:24 AM,Order,Order='2827177508/PA-APEX-422136-06' Name='Stop1' New state='Accepted' Instrument='MES SEP26' Action='Buy to cover' Limit price=0 Stop price=7490.75 Quantity=12 Type='Stop Market' Time in force=GTC Oco='327eac79d9f74950ae49cf21bcbd28bc' Filled=0 Fill price=0 Error='No error' Native error='',
7/17/2026 6:40:24 AM,Order,Order='6d15fc06c30445eea1275cc84f0a996c/PA-APEX-422136-06' Name='Target1' New state='Submitted' Instrument='MES SEP26' Action='Buy to cover' Limit price=7485 Stop price=0 Quantity=12 Type='Limit' Time in force=GTC Oco='327eac79d9f74950ae49cf21bcbd28bc' Filled=0 Fill price=0 Error='No error' Native error='',
7/17/2026 6:40:24 AM,Order,Order='b7a02476537e47bf909e235ca62ba5eb/PA-APEX-422136-06' Name='Stop1' New state='Submitted' Instrument='MES SEP26' Action='Buy to cover' Limit price=0 Stop price=7490.75 Quantity=12 Type='Stop Market' Time in force=GTC Oco='327eac79d9f74950ae49cf21bcbd28bc' Filled=0 Fill price=0 Error='No error' Native error='',
7/17/2026 6:40:24 AM,Execution,Execution='2023539,
7/17/2026 6:40:24 AM,Order,Order='2827157173/PA-APEX-422136-06' Name='Entry' New state='Filled' Instrument='MES SEP26' Action='Sell' Limit price=7486.75 Stop price=0 Quantity=12 Type='Limit' Time in force=GTC Oco='' Filled=12 Fill price=7486.75 Error='No error' Native error='',
7/17/2026 6:40:24 AM,Position,Instrument='MES SEP26' Account='PA-APEX-422136-06' Average price=7486.75 Quantity=12 Market position=Short Operation=Operation_Add,
7/17/2026 6:40:24 AM,Order,Order='2827157173/PA-APEX-422136-06' Name='Entry' New state='Accepted' Instrument='MES SEP26' Action='Sell' Limit price=7486.75 Stop price=0 Quantity=12 Type='Limit' Time in force=GTC Oco='' Filled=0 Fill price=0 Error='No error' Native error='',
7/17/2026 6:40:24 AM,Order,Order='2827157173/PA-APEX-422136-06' Name='Entry' New state='Working' Instrument='MES SEP26' Action='Sell' Limit price=7486.75 Stop price=0 Quantity=12 Type='Limit' Time in force=GTC Oco='' Filled=0 Fill price=0 Error='No error' Native error='',
7/17/2026 6:40:24 AM,Order,Order='2827157173/PA-APEX-422136-06' Name='Entry' New state='Change submitted' Instrument='MES SEP26' Action='Sell' Limit price=7486.75 Stop price=0 Quantity=12 Type='Limit' Time in force=GTC Oco='' Filled=0 Fill price=0 Error='No error' Native error='',
7/17/2026 6:40:24 AM,Order,Auto chase price modification to '7486.75',
7/17/2026 6:39:16 AM,Order,Order='2827076840/PA-APEX-422136-06' Name='Entry' New state='Cancelled' Instrument='MES SEP26' Action='Buy' Limit price=7469 Stop price=0 Quantity=12 Type='Limit' Time in force=GTC Oco='' Filled=0 Fill price=0 Error='No error' Native error='',
7/17/2026 6:39:16 AM,Order,Order='2827076840/PA-APEX-422136-06' Name='Entry' New state='Cancel submitted' Instrument='MES SEP26' Action='Buy' Limit price=7469 Stop price=0 Quantity=12 Type='Limit' Time in force=GTC Oco='' Filled=0 Fill price=0 Error='No error' Native error='',
7/17/2026 6:39:16 AM,Order,Order='2827144754/PA-APEX-422136-08' Name='Entry' New state='Cancelled' Instrument='MES SEP26' Action='Buy' Limit price=7469 Stop price=0 Quantity=12 Type='Limit' Time in force=GTC Oco='' Filled=0 Fill price=0 Error='No error' Native error='',
7/17/2026 6:39:16 AM,Order,Order='2827144754/PA-APEX-422136-08' Name='Entry' New state='Cancel submitted' Instrument='MES SEP26' Action='Buy' Limit price=7469 Stop price=0 Quantity=12 Type='Limit' Time in force=GTC Oco='' Filled=0 Fill price=0 Error='No error' Native error='',
7/17/2026 6:39:16 AM,Order,Order='2827151553/PA-APEX-422136-07' Name='Entry' New state='Cancelled' Instrument='MES SEP26' Action='Buy' Limit price=7469 Stop price=0 Quantity=12 Type='Limit' Time in force=GTC Oco='' Filled=0 Fill price=0 Error='No error' Native error='',
7/17/2026 6:39:16 AM,Order,Order='2827151553/PA-APEX-422136-07' Name='Entry' New state='Cancel submitted' Instrument='MES SEP26' Action='Buy' Limit price=7469 Stop price=0 Quantity=12 Type='Limit' Time in force=GTC Oco='' Filled=0 Fill price=0 Error='No error' Native error='',
7/17/2026 6:37:49 AM,Order,Order='2827157173/PA-APEX-422136-06' Name='Entry' New state='Accepted' Instrument='MES SEP26' Action='Sell' Limit price=7487 Stop price=0 Quantity=12 Type='Limit' Time in force=GTC Oco='' Filled=0 Fill price=0 Error='No error' Native error='',
7/17/2026 6:37:49 AM,Order,Order='2827157173/PA-APEX-422136-06' Name='Entry' New state='Working' Instrument='MES SEP26' Action='Sell' Limit price=7487 Stop price=0 Quantity=12 Type='Limit' Time in force=GTC Oco='' Filled=0 Fill price=0 Error='No error' Native error='',
7/17/2026 6:37:49 AM,Order,Order='4c158a1186f3446b9a42b6f14457183e/PA-APEX-422136-06' Name='Entry' New state='Submitted' Instrument='MES SEP26' Action='Sell' Limit price=7487 Stop price=0 Quantity=12 Type='Limit' Time in force=GTC Oco='' Filled=0 Fill price=0 Error='No error' Native error='',
7/17/2026 6:37:49 AM,Order,Chart Trader submitting order with strategy '7t MES RMA 4SL 20Q - 4' (Ticks),
7/17/2026 6:37:03 AM,Order,Order='2827151553/PA-APEX-422136-07' Name='Entry' New state='Accepted' Instrument='MES SEP26' Action='Buy' Limit price=7469 Stop price=0 Quantity=12 Type='Limit' Time in force=GTC Oco='' Filled=0 Fill price=0 Error='No error' Native error='',
7/17/2026 6:37:03 AM,Order,Order='2827151553/PA-APEX-422136-07' Name='Entry' New state='Working' Instrument='MES SEP26' Action='Buy' Limit price=7469 Stop price=0 Quantity=12 Type='Limit' Time in force=GTC Oco='' Filled=0 Fill price=0 Error='No error' Native error='',
7/17/2026 6:37:03 AM,Order,Order='2827151553/PA-APEX-422136-07' Name='Entry' New state='Change submitted' Instrument='MES SEP26' Action='Buy' Limit price=7469 Stop price=0 Quantity=12 Type='Limit' Time in force=GTC Oco='' Filled=0 Fill price=0 Error='No error' Native error='',
7/17/2026 6:36:59 AM,Order,Order='2827151553/PA-APEX-422136-07' Name='Entry' New state='Accepted' Instrument='MES SEP26' Action='Buy' Limit price=7468.75 Stop price=0 Quantity=12 Type='Limit' Time in force=GTC Oco='' Filled=0 Fill price=0 Error='No error' Native error='',
7/17/2026 6:36:59 AM,Order,Order='2827151553/PA-APEX-422136-07' Name='Entry' New state='Working' Instrument='MES SEP26' Action='Buy' Limit price=7468.75 Stop price=0 Quantity=12 Type='Limit' Time in force=GTC Oco='' Filled=0 Fill price=0 Error='No error' Native error='',
7/17/2026 6:36:59 AM,Order,Order='5cafd665151f410d803127f75324806a/PA-APEX-422136-07' Name='Entry' New state='Submitted' Instrument='MES SEP26' Action='Buy' Limit price=7468.75 Stop price=0 Quantity=12 Type='Limit' Time in force=GTC Oco='' Filled=0 Fill price=0 Error='No error' Native error='',
7/17/2026 6:36:59 AM,Order,Chart Trader submitting order with strategy '7t MES RMA 4SL 20Q - 3' (Ticks),
7/17/2026 6:36:39 AM,Order,Order='2827148175/PA-APEX-422136-07' Name='Entry' New state='Cancelled' Instrument='MES SEP26' Action='Buy' Limit price=7468.75 Stop price=0 Quantity=12 Type='Limit' Time in force=GTC Oco='' Filled=0 Fill price=0 Error='No error' Native error='',
7/17/2026 6:36:39 AM,Order,Order='2827148175/PA-APEX-422136-07' Name='Entry' New state='Cancel submitted' Instrument='MES SEP26' Action='Buy' Limit price=7468.75 Stop price=0 Quantity=12 Type='Limit' Time in force=GTC Oco='' Filled=0 Fill price=0 Error='No error' Native error='',
7/17/2026 6:36:35 AM,Order,Order='2827148175/PA-APEX-422136-07' Name='Entry' New state='Working' Instrument='MES SEP26' Action='Buy' Limit price=7468.75 Stop price=0 Quantity=12 Type='Limit' Time in force=GTC Oco='' Filled=0 Fill price=0 Error='No error' Native error='',
7/17/2026 6:36:35 AM,Order,Order='2827148175/PA-APEX-422136-07' Name='Entry' New state='Accepted' Instrument='MES SEP26' Action='Buy' Limit price=7468.75 Stop price=0 Quantity=12 Type='Limit' Time in force=GTC Oco='' Filled=0 Fill price=0 Error='No error' Native error='',
7/17/2026 6:36:35 AM,Order,Order='e849a456f0c44079a3c142d0b0e0e8c7/PA-APEX-422136-07' Name='Entry' New state='Submitted' Instrument='MES SEP26' Action='Buy' Limit price=7468.75 Stop price=0 Quantity=12 Type='Limit' Time in force=GTC Oco='' Filled=0 Fill price=0 Error='No error' Native error='',
7/17/2026 6:36:35 AM,Order,Chart Trader submitting order with strategy '7t MES RMA 4SL 20Q - 3' (Ticks),
7/17/2026 6:36:13 AM,Order,Order='2827144754/PA-APEX-422136-08' Name='Entry' New state='Accepted' Instrument='MES SEP26' Action='Buy' Limit price=7469 Stop price=0 Quantity=12 Type='Limit' Time in force=GTC Oco='' Filled=0 Fill price=0 Error='No error' Native error='',
7/17/2026 6:36:13 AM,Order,Order='2827144754/PA-APEX-422136-08' Name='Entry' New state='Working' Instrument='MES SEP26' Action='Buy' Limit price=7469 Stop price=0 Quantity=12 Type='Limit' Time in force=GTC Oco='' Filled=0 Fill price=0 Error='No error' Native error='',
7/17/2026 6:36:13 AM,Order,Order='e61e24a8aa4c44b3bc073a5fbce92eda/PA-APEX-422136-08' Name='Entry' New state='Submitted' Instrument='MES SEP26' Action='Buy' Limit price=7469 Stop price=0 Quantity=12 Type='Limit' Time in force=GTC Oco='' Filled=0 Fill price=0 Error='No error' Native error='',
7/17/2026 6:36:13 AM,Order,Chart Trader submitting order with strategy '7t MES RMA 4SL 20Q - 2' (Ticks),
7/17/2026 6:34:21 AM,Order,Order='2827078798/PA-APEX-422136-06' Name='Entry' New state='Cancelled' Instrument='MES SEP26' Action='Sell' Limit price=7509 Stop price=0 Quantity=12 Type='Limit' Time in force=GTC Oco='' Filled=0 Fill price=0 Error='No error' Native error='',
7/17/2026 6:34:21 AM,Order,Order='2827078798/PA-APEX-422136-06' Name='Entry' New state='Cancel submitted' Instrument='MES SEP26' Action='Sell' Limit price=7509 Stop price=0 Quantity=12 Type='Limit' Time in force=GTC Oco='' Filled=0 Fill price=0 Error='No error' Native error='',
7/17/2026 6:24:42 AM,Order,Order='2827078798/PA-APEX-422136-06' Name='Entry' New state='Accepted' Instrument='MES SEP26' Action='Sell' Limit price=7509 Stop price=0 Quantity=12 Type='Limit' Time in force=GTC Oco='' Filled=0 Fill price=0 Error='No error' Native error='',
7/17/2026 6:24:42 AM,Order,Order='2827078798/PA-APEX-422136-06' Name='Entry' New state='Working' Instrument='MES SEP26' Action='Sell' Limit price=7509 Stop price=0 Quantity=12 Type='Limit' Time in force=GTC Oco='' Filled=0 Fill price=0 Error='No error' Native error='',
7/17/2026 6:24:41 AM,Order,Order='2827078798/PA-APEX-422136-06' Name='Entry' New state='Change submitted' Instrument='MES SEP26' Action='Sell' Limit price=7509 Stop price=0 Quantity=12 Type='Limit' Time in force=GTC Oco='' Filled=0 Fill price=0 Error='No error' Native error='',
7/17/2026 6:24:39 AM,Order,Order='2827078798/PA-APEX-422136-06' Name='Entry' New state='Working' Instrument='MES SEP26' Action='Sell' Limit price=7509.25 Stop price=0 Quantity=12 Type='Limit' Time in force=GTC Oco='' Filled=0 Fill price=0 Error='No error' Native error='',
7/17/2026 6:24:39 AM,Order,Order='2827078798/PA-APEX-422136-06' Name='Entry' New state='Accepted' Instrument='MES SEP26' Action='Sell' Limit price=7509.25 Stop price=0 Quantity=12 Type='Limit' Time in force=GTC Oco='' Filled=0 Fill price=0 Error='No error' Native error='',
7/17/2026 6:24:39 AM,Order,Order='da0891fb568040e8b4102e7372da7fe3/PA-APEX-422136-06' Name='Entry' New state='Submitted' Instrument='MES SEP26' Action='Sell' Limit price=7509.25 Stop price=0 Quantity=12 Type='Limit' Time in force=GTC Oco='' Filled=0 Fill price=0 Error='No error' Native error='',
7/17/2026 6:24:39 AM,Order,Chart Trader submitting order with strategy '7t MES RMA 4SL 20Q - 2' (Ticks),
7/17/2026 6:24:16 AM,Order,Order='2827077311/PA-APEX-422136-06' Name='Entry' New state='Cancelled' Instrument='MES SEP26' Action='Sell' Limit price=7517 Stop price=0 Quantity=12 Type='Limit' Time in force=GTC Oco='' Filled=0 Fill price=0 Error='No error' Native error='',
7/17/2026 6:24:16 AM,Order,Order='2827077311/PA-APEX-422136-06' Name='Entry' New state='Cancel submitted' Instrument='MES SEP26' Action='Sell' Limit price=7517 Stop price=0 Quantity=12 Type='Limit' Time in force=GTC Oco='' Filled=0 Fill price=0 Error='No error' Native error='',
7/17/2026 6:23:23 AM,Order,Order='2827077311/PA-APEX-422136-06' Name='Entry' New state='Accepted' Instrument='MES SEP26' Action='Sell' Limit price=7517 Stop price=0 Quantity=12 Type='Limit' Time in force=GTC Oco='' Filled=0 Fill price=0 Error='No error' Native error='',
7/17/2026 6:23:23 AM,Order,Order='2827077311/PA-APEX-422136-06' Name='Entry' New state='Working' Instrument='MES SEP26' Action='Sell' Limit price=7517 Stop price=0 Quantity=12 Type='Limit' Time in force=GTC Oco='' Filled=0 Fill price=0 Error='No error' Native error='',
7/17/2026 6:23:23 AM,Order,Order='2827077311/PA-APEX-422136-06' Name='Entry' New state='Change submitted' Instrument='MES SEP26' Action='Sell' Limit price=7517 Stop price=0 Quantity=12 Type='Limit' Time in force=GTC Oco='' Filled=0 Fill price=0 Error='No error' Native error='',
7/17/2026 6:23:20 AM,Order,Order='2827077311/PA-APEX-422136-06' Name='Entry' New state='Accepted' Instrument='MES SEP26' Action='Sell' Limit price=7517.25 Stop price=0 Quantity=12 Type='Limit' Time in force=GTC Oco='' Filled=0 Fill price=0 Error='No error' Native error='',
7/17/2026 6:23:20 AM,Order,Order='2827077311/PA-APEX-422136-06' Name='Entry' New state='Working' Instrument='MES SEP26' Action='Sell' Limit price=7517.25 Stop price=0 Quantity=12 Type='Limit' Time in force=GTC Oco='' Filled=0 Fill price=0 Error='No error' Native error='',
7/17/2026 6:23:20 AM,Order,Order='526deb940df5489bac8a8809f9825b55/PA-APEX-422136-06' Name='Entry' New state='Submitted' Instrument='MES SEP26' Action='Sell' Limit price=7517.25 Stop price=0 Quantity=12 Type='Limit' Time in force=GTC Oco='' Filled=0 Fill price=0 Error='No error' Native error='',
7/17/2026 6:23:20 AM,Order,Chart Trader submitting order with strategy '7t MES RMA 4SL 20Q - 2' (Ticks),
7/17/2026 6:23:00 AM,Order,Order='2827076840/PA-APEX-422136-06' Name='Entry' New state='Accepted' Instrument='MES SEP26' Action='Buy' Limit price=7469 Stop price=0 Quantity=12 Type='Limit' Time in force=GTC Oco='' Filled=0 Fill price=0 Error='No error' Native error='',
7/17/2026 6:23:00 AM,Order,Order='2827076840/PA-APEX-422136-06' Name='Entry' New state='Working' Instrument='MES SEP26' Action='Buy' Limit price=7469 Stop price=0 Quantity=12 Type='Limit' Time in force=GTC Oco='' Filled=0 Fill price=0 Error='No error' Native error='',
7/17/2026 6:23:00 AM,Order,Order='d19d63dbce4d4ae8b1d757ed4a1f6dda/PA-APEX-422136-06' Name='Entry' New state='Submitted' Instrument='MES SEP26' Action='Buy' Limit price=7469 Stop price=0 Quantity=12 Type='Limit' Time in force=GTC Oco='' Filled=0 Fill price=0 Error='No error' Native error='',
7/17/2026 6:22:59 AM,Order,Chart Trader submitting order with strategy '7t MES RMA 4SL 20Q - 1' (Ticks),
7/17/2026 6:14:45 AM,Connection,Using HDS (hds-us-nt-015.ninjatrader.com/31655),
7/17/2026 6:14:45 AM,Connection,Time to auto close position='12:00:00 AM' Enabled=False,
7/17/2026 6:14:45 AM,Connection,My Rithmic for NinjaTrader Brokerage: Primary connection=Connected Price feed=Connected,
7/17/2026 6:14:30 AM,Default,Restoring workspace '3'...,
7/17/2026 6:14:29 AM,Default,Auto close enabled=False,
7/17/2026 6:14:29 AM,Order,Order entry hot keys disabled,
7/17/2026 6:14:29 AM,Connection,My Rithmic for NinjaTrader Brokerage: Primary connection=Connecting Price feed=Connecting,
7/17/2026 6:14:29 AM,Default,Auto connecting 'My Rithmic for NinjaTrader Brokerage'...,
7/17/2026 6:14:28 AM,Connection,Using IS (is-us-nt-005.ninjatrader.com/31658),
7/17/2026 6:14:28 AM,Default,Automated trading disabled,
7/17/2026 6:14:24 AM,Default,Global simulation mode disabled,
7/17/2026 6:14:06 AM,Default,Session Break (Version 8.1.7.2),
7/17/2026 6:13:59 AM,Connection,My Rithmic for NinjaTrader Brokerage: Primary connection=Disconnected Price feed=Disconnected,
7/17/2026 6:13:58 AM,Connection,My Rithmic for NinjaTrader Brokerage: Primary connection=Disconnecting Price feed=Disconnecting,
7/17/2026 6:13:58 AM,Default,Workspace 3 saved,
7/17/2026 6:10:15 AM,Order,Order='2827054964/PA-APEX-422136-06' Name='Entry' New state='Cancelled' Instrument='MES SEP26' Action='Sell' Limit price=7519 Stop price=0 Quantity=12 Type='Limit' Time in force=GTC Oco='' Filled=0 Fill price=0 Error='No error' Native error='',
7/17/2026 6:10:15 AM,Order,Order='2827054964/PA-APEX-422136-06' Name='Entry' New state='Cancel submitted' Instrument='MES SEP26' Action='Sell' Limit price=7519 Stop price=0 Quantity=12 Type='Limit' Time in force=GTC Oco='' Filled=0 Fill price=0 Error='No error' Native error='',
7/17/2026 6:10:11 AM,Order,Order='2827054514/PA-APEX-422136-06' Name='Entry' New state='Cancelled' Instrument='MES SEP26' Action='Buy' Limit price=7492 Stop price=0 Quantity=12 Type='Limit' Time in force=GTC Oco='' Filled=0 Fill price=0 Error='No error' Native error='',
7/17/2026 6:10:11 AM,Order,Order='2827054514/PA-APEX-422136-06' Name='Entry' New state='Cancel submitted' Instrument='MES SEP26' Action='Buy' Limit price=7492 Stop price=0 Quantity=12 Type='Limit' Time in force=GTC Oco='' Filled=0 Fill price=0 Error='No error' Native error='',
7/17/2026 6:10:11 AM,Order,Order='2827060366/PA-APEX-422136-08' Name='Entry' New state='Cancelled' Instrument='MES SEP26' Action='Buy' Limit price=7492 Stop price=0 Quantity=12 Type='Limit' Time in force=GTC Oco='' Filled=0 Fill price=0 Error='No error' Native error='',
7/17/2026 6:10:11 AM,Order,Order='2827060366/PA-APEX-422136-08' Name='Entry' New state='Cancel submitted' Instrument='MES SEP26' Action='Buy' Limit price=7492 Stop price=0 Quantity=12 Type='Limit' Time in force=GTC Oco='' Filled=0 Fill price=0 Error='No error' Native error='',
7/17/2026 6:10:10 AM,Order,Order='2827060750/PA-APEX-422136-07' Name='Entry' New state='Cancelled' Instrument='MES SEP26' Action='Buy' Limit price=7492 Stop price=0 Quantity=12 Type='Limit' Time in force=GTC Oco='' Filled=0 Fill price=0 Error='No error' Native error='',
7/17/2026 6:10:10 AM,Order,Order='2827060750/PA-APEX-422136-07' Name='Entry' New state='Cancel submitted' Instrument='MES SEP26' Action='Buy' Limit price=7492 Stop price=0 Quantity=12 Type='Limit' Time in force=GTC Oco='' Filled=0 Fill price=0 Error='No error' Native error='',
7/17/2026 6:08:44 AM,Order,Order='2827060750/PA-APEX-422136-07' Name='Entry' New state='Working' Instrument='MES SEP26' Action='Buy' Limit price=7492 Stop price=0 Quantity=12 Type='Limit' Time in force=GTC Oco='' Filled=0 Fill price=0 Error='No error' Native error='',
