Time,Category,Message,
7/21/2026 7:45:21 PM,Position,Instrument='MES SEP26' Account='Sim102' Average price=0 Quantity=0 Market position=Flat Operation=Remove,
7/21/2026 7:45:21 PM,Execution,Execution='f6e8462409024c0f98d2d241588549b1' Instrument='MES SEP26' Account='Sim102' Exchange=Default Price=7541.25 Quantity=13 Market position=Long Operation=Operation_Add Order='c4434b522d314c8ea44ada572b080cb1' Time='7/21/2026 7:45 PM',
7/21/2026 7:45:21 PM,Order,Order='c4434b522d314c8ea44ada572b080cb1/Sim102' Name='Close' New state='Filled' Instrument='MES SEP26' Action='Buy to cover' Limit price=0 Stop price=0 Quantity=13 Type='Market' Time in force=DAY Oco='' Filled=13 Fill price=7541.25 Error='No error' Native error='',
7/21/2026 7:45:21 PM,Order,Order='c4434b522d314c8ea44ada572b080cb1/Sim102' Name='Close' New state='Working' Instrument='MES SEP26' Action='Buy to cover' Limit price=0 Stop price=0 Quantity=13 Type='Market' Time in force=DAY Oco='' Filled=0 Fill price=0 Error='No error' Native error='',
7/21/2026 7:45:21 PM,Order,Order='c4434b522d314c8ea44ada572b080cb1/Sim102' Name='Close' New state='Accepted' Instrument='MES SEP26' Action='Buy to cover' Limit price=0 Stop price=0 Quantity=13 Type='Market' Time in force=DAY Oco='' Filled=0 Fill price=0 Error='No error' Native error='',
7/21/2026 7:45:20 PM,Order,Order='c4434b522d314c8ea44ada572b080cb1/Sim102' Name='Close' New state='Submitted' Instrument='MES SEP26' Action='Buy to cover' Limit price=0 Stop price=0 Quantity=13 Type='Market' Time in force=DAY Oco='' Filled=0 Fill price=0 Error='No error' Native error='',
7/21/2026 7:45:20 PM,Order,Order='3b218d42fa4d477481ef6eef98cb54c3/Sim102' Name='Target1' New state='Cancelled' Instrument='MES SEP26' Action='Buy to cover' Limit price=7538.25 Stop price=0 Quantity=6 Type='Limit' Time in force=GTC Oco='ecec11b07b4b40eb9e830a40b448d764' Filled=0 Fill price=0 Error='No error' Native error='',
7/21/2026 7:45:20 PM,Order,Order='5ed91f2f171244f1b1c9ceb490988d32/Sim102' Name='Stop2' New state='Cancelled' Instrument='MES SEP26' Action='Buy to cover' Limit price=0 Stop price=7546.75 Quantity=7 Type='Stop Market' Time in force=GTC Oco='3c3a4823d37541b193db777ab137c3d6' Filled=0 Fill price=0 Error='No error' Native error='',
7/21/2026 7:45:20 PM,Order,Order='ceab1979735741fc9cca62e4d8ca780a/Sim102' Name='Stop1' New state='Cancelled' Instrument='MES SEP26' Action='Buy to cover' Limit price=0 Stop price=7546.75 Quantity=6 Type='Stop Market' Time in force=GTC Oco='ecec11b07b4b40eb9e830a40b448d764' Filled=0 Fill price=0 Error='No error' Native error='',
7/21/2026 7:45:20 PM,Order,Order='9ccf8bbeb54b430188bf2466fb56d182/Sim102' Name='Target2' New state='Cancelled' Instrument='MES SEP26' Action='Buy to cover' Limit price=7537.75 Stop price=0 Quantity=7 Type='Limit' Time in force=GTC Oco='3c3a4823d37541b193db777ab137c3d6' Filled=0 Fill price=0 Error='No error' Native error='',
7/21/2026 7:45:20 PM,Order,Order='5ed91f2f171244f1b1c9ceb490988d32/Sim102' Name='Stop2' New state='Cancel submitted' Instrument='MES SEP26' Action='Buy to cover' Limit price=0 Stop price=7546.75 Quantity=7 Type='Stop Market' Time in force=GTC Oco='3c3a4823d37541b193db777ab137c3d6' Filled=0 Fill price=0 Error='No error' Native error='',
7/21/2026 7:45:20 PM,Order,Order='ceab1979735741fc9cca62e4d8ca780a/Sim102' Name='Stop1' New state='Cancel submitted' Instrument='MES SEP26' Action='Buy to cover' Limit price=0 Stop price=7546.75 Quantity=6 Type='Stop Market' Time in force=GTC Oco='ecec11b07b4b40eb9e830a40b448d764' Filled=0 Fill price=0 Error='No error' Native error='',
7/21/2026 7:45:20 PM,Order,Order='9ccf8bbeb54b430188bf2466fb56d182/Sim102' Name='Target2' New state='Cancel submitted' Instrument='MES SEP26' Action='Buy to cover' Limit price=7537.75 Stop price=0 Quantity=7 Type='Limit' Time in force=GTC Oco='3c3a4823d37541b193db777ab137c3d6' Filled=0 Fill price=0 Error='No error' Native error='',
7/21/2026 7:45:20 PM,Order,Order='3b218d42fa4d477481ef6eef98cb54c3/Sim102' Name='Target1' New state='Cancel submitted' Instrument='MES SEP26' Action='Buy to cover' Limit price=7538.25 Stop price=0 Quantity=6 Type='Limit' Time in force=GTC Oco='ecec11b07b4b40eb9e830a40b448d764' Filled=0 Fill price=0 Error='No error' Native error='',
7/21/2026 7:45:20 PM,Default,Chart Trader close position,
7/21/2026 7:44:33 PM,Position,Instrument='MES SEP26' Account='Sim101' Average price=0 Quantity=0 Market position=Flat Operation=Remove,
7/21/2026 7:44:33 PM,Execution,Execution='5636c614f286408bb3a28199a2057afe' Instrument='MES SEP26' Account='Sim101' Exchange=Default Price=7541.25 Quantity=13 Market position=Short Operation=Operation_Add Order='400f8613687c46b6bb1601dcfc9f1127' Time='7/21/2026 7:44 PM',
7/21/2026 7:44:33 PM,Order,Order='400f8613687c46b6bb1601dcfc9f1127/Sim101' Name='PTT-BE-Stop' New state='Filled' Instrument='MES SEP26' Action='Sell' Limit price=0 Stop price=7541 Quantity=13 Type='Stop Market' Time in force=DAY Oco='' Filled=13 Fill price=7541.25 Error='No error' Native error='',
7/21/2026 7:44:32 PM,Order,Order='400f8613687c46b6bb1601dcfc9f1127/Sim101' Name='PTT-BE-Stop' New state='Working' Instrument='MES SEP26' Action='Sell' Limit price=0 Stop price=7541 Quantity=13 Type='Stop Market' Time in force=DAY Oco='' Filled=0 Fill price=0 Error='No error' Native error='',
7/21/2026 7:44:32 PM,Order,Order='400f8613687c46b6bb1601dcfc9f1127/Sim101' Name='PTT-BE-Stop' New state='Accepted' Instrument='MES SEP26' Action='Sell' Limit price=0 Stop price=7541 Quantity=13 Type='Stop Market' Time in force=DAY Oco='' Filled=0 Fill price=0 Error='No error' Native error='',
7/21/2026 7:44:32 PM,Order,Order='400f8613687c46b6bb1601dcfc9f1127/Sim101' Name='PTT-BE-Stop' New state='Submitted' Instrument='MES SEP26' Action='Sell' Limit price=0 Stop price=7541 Quantity=13 Type='Stop Market' Time in force=DAY Oco='' Filled=0 Fill price=0 Error='No error' Native error='',
7/21/2026 7:42:57 PM,Order,Order='9ccf8bbeb54b430188bf2466fb56d182/Sim102' Name='Target2' New state='Working' Instrument='MES SEP26' Action='Buy to cover' Limit price=7537.75 Stop price=0 Quantity=7 Type='Limit' Time in force=GTC Oco='3c3a4823d37541b193db777ab137c3d6' Filled=0 Fill price=0 Error='No error' Native error='',
7/21/2026 7:42:57 PM,Order,Order='9ccf8bbeb54b430188bf2466fb56d182/Sim102' Name='Target2' New state='Accepted' Instrument='MES SEP26' Action='Buy to cover' Limit price=7537.75 Stop price=0 Quantity=7 Type='Limit' Time in force=GTC Oco='3c3a4823d37541b193db777ab137c3d6' Filled=0 Fill price=0 Error='No error' Native error='',
7/21/2026 7:42:57 PM,Order,Order='5ed91f2f171244f1b1c9ceb490988d32/Sim102' Name='Stop2' New state='Accepted' Instrument='MES SEP26' Action='Buy to cover' Limit price=0 Stop price=7546.75 Quantity=7 Type='Stop Market' Time in force=GTC Oco='3c3a4823d37541b193db777ab137c3d6' Filled=0 Fill price=0 Error='No error' Native error='',
7/21/2026 7:42:57 PM,Order,Order='3b218d42fa4d477481ef6eef98cb54c3/Sim102' Name='Target1' New state='Working' Instrument='MES SEP26' Action='Buy to cover' Limit price=7538.25 Stop price=0 Quantity=6 Type='Limit' Time in force=GTC Oco='ecec11b07b4b40eb9e830a40b448d764' Filled=0 Fill price=0 Error='No error' Native error='',
7/21/2026 7:42:57 PM,Order,Order='3b218d42fa4d477481ef6eef98cb54c3/Sim102' Name='Target1' New state='Accepted' Instrument='MES SEP26' Action='Buy to cover' Limit price=7538.25 Stop price=0 Quantity=6 Type='Limit' Time in force=GTC Oco='ecec11b07b4b40eb9e830a40b448d764' Filled=0 Fill price=0 Error='No error' Native error='',
7/21/2026 7:42:57 PM,Order,Order='ceab1979735741fc9cca62e4d8ca780a/Sim102' Name='Stop1' New state='Accepted' Instrument='MES SEP26' Action='Buy to cover' Limit price=0 Stop price=7546.75 Quantity=6 Type='Stop Market' Time in force=GTC Oco='ecec11b07b4b40eb9e830a40b448d764' Filled=0 Fill price=0 Error='No error' Native error='',
7/21/2026 7:42:57 PM,Order,Order='9ccf8bbeb54b430188bf2466fb56d182/Sim102' Name='Target2' New state='Submitted' Instrument='MES SEP26' Action='Buy to cover' Limit price=7537.75 Stop price=0 Quantity=7 Type='Limit' Time in force=GTC Oco='3c3a4823d37541b193db777ab137c3d6' Filled=0 Fill price=0 Error='No error' Native error='',
7/21/2026 7:42:57 PM,Order,Order='5ed91f2f171244f1b1c9ceb490988d32/Sim102' Name='Stop2' New state='Submitted' Instrument='MES SEP26' Action='Buy to cover' Limit price=0 Stop price=7546.75 Quantity=7 Type='Stop Market' Time in force=GTC Oco='3c3a4823d37541b193db777ab137c3d6' Filled=0 Fill price=0 Error='No error' Native error='',
7/21/2026 7:42:57 PM,Order,Order='3b218d42fa4d477481ef6eef98cb54c3/Sim102' Name='Target1' New state='Submitted' Instrument='MES SEP26' Action='Buy to cover' Limit price=7538.25 Stop price=0 Quantity=6 Type='Limit' Time in force=GTC Oco='ecec11b07b4b40eb9e830a40b448d764' Filled=0 Fill price=0 Error='No error' Native error='',
7/21/2026 7:42:57 PM,Order,Order='ceab1979735741fc9cca62e4d8ca780a/Sim102' Name='Stop1' New state='Submitted' Instrument='MES SEP26' Action='Buy to cover' Limit price=0 Stop price=7546.75 Quantity=6 Type='Stop Market' Time in force=GTC Oco='ecec11b07b4b40eb9e830a40b448d764' Filled=0 Fill price=0 Error='No error' Native error='',
7/21/2026 7:42:57 PM,Position,Instrument='MES SEP26' Account='Sim102' Average price=7540.75 Quantity=13 Market position=Short Operation=Operation_Add,
7/21/2026 7:42:57 PM,Execution,Execution='4b7d49ddc9eb4e15a6c9544aeea0dfeb' Instrument='MES SEP26' Account='Sim102' Exchange=Default Price=7540.75 Quantity=13 Market position=Short Operation=Operation_Add Order='1bc38bb050ee4a879caacc1c0272c690' Time='7/21/2026 7:42 PM',
7/21/2026 7:42:57 PM,Order,Order='1bc38bb050ee4a879caacc1c0272c690/Sim102' Name='Entry' New state='Filled' Instrument='MES SEP26' Action='Sell' Limit price=0 Stop price=0 Quantity=13 Type='Market' Time in force=GTC Oco='' Filled=13 Fill price=7540.75 Error='No error' Native error='',
7/21/2026 7:42:57 PM,Order,Order='1bc38bb050ee4a879caacc1c0272c690/Sim102' Name='Entry' New state='Working' Instrument='MES SEP26' Action='Sell' Limit price=0 Stop price=0 Quantity=13 Type='Market' Time in force=GTC Oco='' Filled=0 Fill price=0 Error='No error' Native error='',
7/21/2026 7:42:57 PM,Order,Order='1bc38bb050ee4a879caacc1c0272c690/Sim102' Name='Entry' New state='Accepted' Instrument='MES SEP26' Action='Sell' Limit price=0 Stop price=0 Quantity=13 Type='Market' Time in force=GTC Oco='' Filled=0 Fill price=0 Error='No error' Native error='',
7/21/2026 7:42:57 PM,Order,Order='1bc38bb050ee4a879caacc1c0272c690/Sim102' Name='Entry' New state='Submitted' Instrument='MES SEP26' Action='Sell' Limit price=0 Stop price=0 Quantity=13 Type='Market' Time in force=GTC Oco='' Filled=0 Fill price=0 Error='No error' Native error='',
7/21/2026 7:42:57 PM,Order,Chart Trader submitting order with strategy 'MES MIN SL6 - 2' (Ticks),
7/21/2026 7:42:56 PM,Order,Order='6481fcabf798455eab5bb63efbe23e32/Sim101' Name='Target2' New state='Working' Instrument='MES SEP26' Action='Sell' Limit price=7544 Stop price=0 Quantity=7 Type='Limit' Time in force=GTC Oco='ad0a21a406054654bca5bdb1defa107c' Filled=0 Fill price=0 Error='No error' Native error='',
7/21/2026 7:42:56 PM,Order,Order='6481fcabf798455eab5bb63efbe23e32/Sim101' Name='Target2' New state='Accepted' Instrument='MES SEP26' Action='Sell' Limit price=7544 Stop price=0 Quantity=7 Type='Limit' Time in force=GTC Oco='ad0a21a406054654bca5bdb1defa107c' Filled=0 Fill price=0 Error='No error' Native error='',
7/21/2026 7:42:56 PM,Order,Order='3af79fe48ed0474fa6aeeadc40f5a137/Sim101' Name='Stop2' New state='Accepted' Instrument='MES SEP26' Action='Sell' Limit price=0 Stop price=7535 Quantity=7 Type='Stop Market' Time in force=GTC Oco='ad0a21a406054654bca5bdb1defa107c' Filled=0 Fill price=0 Error='No error' Native error='',
7/21/2026 7:42:56 PM,Order,Order='569c36eb5d2248aab2d35e2ea2dc1984/Sim101' Name='Target1' New state='Working' Instrument='MES SEP26' Action='Sell' Limit price=7543.5 Stop price=0 Quantity=6 Type='Limit' Time in force=GTC Oco='7477d6b9262849e885d7454bf0a9bfe6' Filled=0 Fill price=0 Error='No error' Native error='',
7/21/2026 7:42:56 PM,Order,Order='569c36eb5d2248aab2d35e2ea2dc1984/Sim101' Name='Target1' New state='Accepted' Instrument='MES SEP26' Action='Sell' Limit price=7543.5 Stop price=0 Quantity=6 Type='Limit' Time in force=GTC Oco='7477d6b9262849e885d7454bf0a9bfe6' Filled=0 Fill price=0 Error='No error' Native error='',
7/21/2026 7:42:56 PM,Order,Order='1409bd7cdd1e467eabf5a927e1f429f8/Sim101' Name='Stop1' New state='Accepted' Instrument='MES SEP26' Action='Sell' Limit price=0 Stop price=7535 Quantity=6 Type='Stop Market' Time in force=GTC Oco='7477d6b9262849e885d7454bf0a9bfe6' Filled=0 Fill price=0 Error='No error' Native error='',
7/21/2026 7:42:56 PM,Order,Order='6481fcabf798455eab5bb63efbe23e32/Sim101' Name='Target2' New state='Submitted' Instrument='MES SEP26' Action='Sell' Limit price=7544 Stop price=0 Quantity=7 Type='Limit' Time in force=GTC Oco='ad0a21a406054654bca5bdb1defa107c' Filled=0 Fill price=0 Error='No error' Native error='',
7/21/2026 7:42:56 PM,Order,Order='3af79fe48ed0474fa6aeeadc40f5a137/Sim101' Name='Stop2' New state='Submitted' Instrument='MES SEP26' Action='Sell' Limit price=0 Stop price=7535 Quantity=7 Type='Stop Market' Time in force=GTC Oco='ad0a21a406054654bca5bdb1defa107c' Filled=0 Fill price=0 Error='No error' Native error='',
7/21/2026 7:42:56 PM,Order,Order='569c36eb5d2248aab2d35e2ea2dc1984/Sim101' Name='Target1' New state='Submitted' Instrument='MES SEP26' Action='Sell' Limit price=7543.5 Stop price=0 Quantity=6 Type='Limit' Time in force=GTC Oco='7477d6b9262849e885d7454bf0a9bfe6' Filled=0 Fill price=0 Error='No error' Native error='',
7/21/2026 7:42:56 PM,Order,Order='1409bd7cdd1e467eabf5a927e1f429f8/Sim101' Name='Stop1' New state='Submitted' Instrument='MES SEP26' Action='Sell' Limit price=0 Stop price=7535 Quantity=6 Type='Stop Market' Time in force=GTC Oco='7477d6b9262849e885d7454bf0a9bfe6' Filled=0 Fill price=0 Error='No error' Native error='',
7/21/2026 7:42:56 PM,Position,Instrument='MES SEP26' Account='Sim101' Average price=7541.0769230769229 Quantity=13 Market position=Long Operation=Update,
7/21/2026 7:42:56 PM,Execution,Execution='d19d5243f7dd402db79784f5709db996' Instrument='MES SEP26' Account='Sim101' Exchange=Default Price=7541.25 Quantity=4 Market position=Long Operation=Operation_Add Order='ead96ac7c118425da4596e96680f5180' Time='7/21/2026 7:42 PM',
7/21/2026 7:42:56 PM,Order,Order='ead96ac7c118425da4596e96680f5180/Sim101' Name='Entry' New state='Filled' Instrument='MES SEP26' Action='Buy' Limit price=0 Stop price=0 Quantity=13 Type='Market' Time in force=GTC Oco='' Filled=13 Fill price=7541.0769230769229 Error='No error' Native error='',
7/21/2026 7:42:56 PM,Position,Instrument='MES SEP26' Account='Sim101' Average price=7541 Quantity=9 Market position=Long Operation=Operation_Add,
7/21/2026 7:42:56 PM,Execution,Execution='2325031a2edb40b7aff7002480764584' Instrument='MES SEP26' Account='Sim101' Exchange=Default Price=7541 Quantity=9 Market position=Long Operation=Operation_Add Order='ead96ac7c118425da4596e96680f5180' Time='7/21/2026 7:42 PM',
7/21/2026 7:42:56 PM,Order,Order='ead96ac7c118425da4596e96680f5180/Sim101' Name='Entry' New state='Partially filled' Instrument='MES SEP26' Action='Buy' Limit price=0 Stop price=0 Quantity=13 Type='Market' Time in force=GTC Oco='' Filled=9 Fill price=7541 Error='No error' Native error='',
7/21/2026 7:42:56 PM,Order,Order='ead96ac7c118425da4596e96680f5180/Sim101' Name='Entry' New state='Working' Instrument='MES SEP26' Action='Buy' Limit price=0 Stop price=0 Quantity=13 Type='Market' Time in force=GTC Oco='' Filled=0 Fill price=0 Error='No error' Native error='',
7/21/2026 7:42:56 PM,Order,Order='ead96ac7c118425da4596e96680f5180/Sim101' Name='Entry' New state='Accepted' Instrument='MES SEP26' Action='Buy' Limit price=0 Stop price=0 Quantity=13 Type='Market' Time in force=GTC Oco='' Filled=0 Fill price=0 Error='No error' Native error='',
7/21/2026 7:42:56 PM,Order,Order='ead96ac7c118425da4596e96680f5180/Sim101' Name='Entry' New state='Submitted' Instrument='MES SEP26' Action='Buy' Limit price=0 Stop price=0 Quantity=13 Type='Market' Time in force=GTC Oco='' Filled=0 Fill price=0 Error='No error' Native error='',
7/21/2026 7:42:55 PM,Order,Chart Trader submitting order with strategy 'MES MIN SL6 - 1' (Ticks),
7/21/2026 7:42:29 PM,Connection,Using HDS (hds-us-nt-009.ninjatrader.com/31655),
7/21/2026 7:42:29 PM,Connection,Time to auto close position='12:00:00 AM' Enabled=False,
7/21/2026 7:42:28 PM,Connection,My Rithmic for NinjaTrader Brokerage: Primary connection=Connected Price feed=Connected,
7/21/2026 7:42:21 PM,Default,Restoring workspace 'Testing'...,
7/21/2026 7:42:14 PM,Default,Restoring workspace '3'...,
7/21/2026 7:42:11 PM,Default,Auto close enabled=False,
7/21/2026 7:42:11 PM,Order,Order entry hot keys disabled,
7/21/2026 7:42:11 PM,Connection,My Rithmic for NinjaTrader Brokerage: Primary connection=Connecting Price feed=Connecting,
7/21/2026 7:42:11 PM,Default,Auto connecting 'My Rithmic for NinjaTrader Brokerage'...,
7/21/2026 7:42:11 PM,Connection,Using IS (is-us-nt-005.ninjatrader.com/31658),
7/21/2026 7:42:11 PM,Default,Automated trading disabled,
7/21/2026 7:42:06 PM,Default,Global simulation mode disabled,
7/21/2026 7:41:50 PM,Default,Session Break (Version 8.1.7.2),
7/21/2026 7:41:41 PM,Connection,My Rithmic for NinjaTrader Brokerage: Primary connection=Disconnected Price feed=Disconnected,
7/21/2026 7:41:40 PM,Connection,My Rithmic for NinjaTrader Brokerage: Primary connection=Disconnecting Price feed=Disconnecting,
7/21/2026 7:41:40 PM,Default,Workspace Testing not saved,
7/21/2026 7:41:39 PM,Default,Workspace 3 not saved,
7/21/2026 7:41:32 PM,Connection,Simulation account 'Sim102' reset,
7/21/2026 7:02:42 PM,Position,Instrument='MES SEP26' Account='Sim102' Average price=0 Quantity=0 Market position=Flat Operation=Remove,
7/21/2026 7:02:41 PM,Execution,Execution='8d66114bb57847ee88d8936545c6af50' Instrument='MES SEP26' Account='Sim102' Exchange=Default Price=7537.5 Quantity=13 Market position=Long Operation=Operation_Add Order='85a1cc76b12443a0ac00064ee393d71b' Time='7/21/2026 7:02 PM',
7/21/2026 7:02:41 PM,Order,Order='85a1cc76b12443a0ac00064ee393d71b/Sim102' Name='Close' New state='Filled' Instrument='MES SEP26' Action='Buy to cover' Limit price=0 Stop price=0 Quantity=13 Type='Market' Time in force=DAY Oco='' Filled=13 Fill price=7537.5 Error='No error' Native error='',
7/21/2026 7:02:41 PM,Order,Order='85a1cc76b12443a0ac00064ee393d71b/Sim102' Name='Close' New state='Accepted' Instrument='MES SEP26' Action='Buy to cover' Limit price=0 Stop price=0 Quantity=13 Type='Market' Time in force=DAY Oco='' Filled=0 Fill price=0 Error='No error' Native error='',
7/21/2026 7:02:41 PM,Order,Order='85a1cc76b12443a0ac00064ee393d71b/Sim102' Name='Close' New state='Working' Instrument='MES SEP26' Action='Buy to cover' Limit price=0 Stop price=0 Quantity=13 Type='Market' Time in force=DAY Oco='' Filled=0 Fill price=0 Error='No error' Native error='',
7/21/2026 7:02:41 PM,Order,Order='85a1cc76b12443a0ac00064ee393d71b/Sim102' Name='Close' New state='Submitted' Instrument='MES SEP26' Action='Buy to cover' Limit price=0 Stop price=0 Quantity=13 Type='Market' Time in force=DAY Oco='' Filled=0 Fill price=0 Error='No error' Native error='',
7/21/2026 7:02:41 PM,Default,Position grid close position,
7/21/2026 7:00:21 PM,Position,Close operation failed. Operation timed out. Manually close your position,
7/21/2026 7:00:19 PM,Default,Chart Trader close position,
7/21/2026 7:00:16 PM,Order,Order='806fbf9514b64221a9dc525c27a5cc19/Sim102' Name='Target2' New state='Cancelled' Instrument='MES SEP26' Action='Buy to cover' Limit price=7538 Stop price=0 Quantity=7 Type='Limit' Time in force=GTC Oco='646d86274ca74403a76a7080e3eac5a0' Filled=0 Fill price=0 Error='No error' Native error='',
7/21/2026 7:00:16 PM,Order,Order='5e4d7afe031344499b7768f24fe6608c/Sim102' Name='Target1' New state='Cancelled' Instrument='MES SEP26' Action='Buy to cover' Limit price=7538.5 Stop price=0 Quantity=6 Type='Limit' Time in force=GTC Oco='32cb38fb1d74439bb27ef5493e908683' Filled=0 Fill price=0 Error='No error' Native error='',
7/21/2026 7:00:16 PM,Order,Order='49f37468bb724c579162f2f162ca8048/Sim102' Name='Stop2' New state='Cancelled' Instrument='MES SEP26' Action='Buy to cover' Limit price=0 Stop price=7547 Quantity=7 Type='Stop Market' Time in force=GTC Oco='646d86274ca74403a76a7080e3eac5a0' Filled=0 Fill price=0 Error='No error' Native error='',
7/21/2026 7:00:16 PM,Order,Order='0457e0f1f11f4b3688cd30c18a9e0bc0/Sim102' Name='Stop1' New state='Cancelled' Instrument='MES SEP26' Action='Buy to cover' Limit price=0 Stop price=7547 Quantity=6 Type='Stop Market' Time in force=GTC Oco='32cb38fb1d74439bb27ef5493e908683' Filled=0 Fill price=0 Error='No error' Native error='',
7/21/2026 7:00:16 PM,Order,Order='49f37468bb724c579162f2f162ca8048/Sim102' Name='Stop2' New state='Cancel submitted' Instrument='MES SEP26' Action='Buy to cover' Limit price=0 Stop price=7547 Quantity=7 Type='Stop Market' Time in force=GTC Oco='646d86274ca74403a76a7080e3eac5a0' Filled=0 Fill price=0 Error='No error' Native error='',
7/21/2026 7:00:16 PM,Order,Order='0457e0f1f11f4b3688cd30c18a9e0bc0/Sim102' Name='Stop1' New state='Cancel submitted' Instrument='MES SEP26' Action='Buy to cover' Limit price=0 Stop price=7547 Quantity=6 Type='Stop Market' Time in force=GTC Oco='32cb38fb1d74439bb27ef5493e908683' Filled=0 Fill price=0 Error='No error' Native error='',
7/21/2026 7:00:16 PM,Order,Order='806fbf9514b64221a9dc525c27a5cc19/Sim102' Name='Target2' New state='Cancel submitted' Instrument='MES SEP26' Action='Buy to cover' Limit price=7538 Stop price=0 Quantity=7 Type='Limit' Time in force=GTC Oco='646d86274ca74403a76a7080e3eac5a0' Filled=0 Fill price=0 Error='No error' Native error='',
7/21/2026 7:00:16 PM,Order,Order='5e4d7afe031344499b7768f24fe6608c/Sim102' Name='Target1' New state='Cancel submitted' Instrument='MES SEP26' Action='Buy to cover' Limit price=7538.5 Stop price=0 Quantity=6 Type='Limit' Time in force=GTC Oco='32cb38fb1d74439bb27ef5493e908683' Filled=0 Fill price=0 Error='No error' Native error='',
7/21/2026 7:00:16 PM,Default,Chart Trader close position,
7/21/2026 6:59:27 PM,Order,Order='806fbf9514b64221a9dc525c27a5cc19/Sim102' Name='Target2' New state='Accepted' Instrument='MES SEP26' Action='Buy to cover' Limit price=7538 Stop price=0 Quantity=7 Type='Limit' Time in force=GTC Oco='646d86274ca74403a76a7080e3eac5a0' Filled=0 Fill price=0 Error='No error' Native error='',
7/21/2026 6:59:27 PM,Order,Order='806fbf9514b64221a9dc525c27a5cc19/Sim102' Name='Target2' New state='Working' Instrument='MES SEP26' Action='Buy to cover' Limit price=7538 Stop price=0 Quantity=7 Type='Limit' Time in force=GTC Oco='646d86274ca74403a76a7080e3eac5a0' Filled=0 Fill price=0 Error='No error' Native error='',
7/21/2026 6:59:27 PM,Order,Order='49f37468bb724c579162f2f162ca8048/Sim102' Name='Stop2' New state='Accepted' Instrument='MES SEP26' Action='Buy to cover' Limit price=0 Stop price=7547 Quantity=7 Type='Stop Market' Time in force=GTC Oco='646d86274ca74403a76a7080e3eac5a0' Filled=0 Fill price=0 Error='No error' Native error='',
7/21/2026 6:59:27 PM,Order,Order='5e4d7afe031344499b7768f24fe6608c/Sim102' Name='Target1' New state='Accepted' Instrument='MES SEP26' Action='Buy to cover' Limit price=7538.5 Stop price=0 Quantity=6 Type='Limit' Time in force=GTC Oco='32cb38fb1d74439bb27ef5493e908683' Filled=0 Fill price=0 Error='No error' Native error='',
7/21/2026 6:59:27 PM,Order,Order='5e4d7afe031344499b7768f24fe6608c/Sim102' Name='Target1' New state='Working' Instrument='MES SEP26' Action='Buy to cover' Limit price=7538.5 Stop price=0 Quantity=6 Type='Limit' Time in force=GTC Oco='32cb38fb1d74439bb27ef5493e908683' Filled=0 Fill price=0 Error='No error' Native error='',
7/21/2026 6:59:27 PM,Order,Order='0457e0f1f11f4b3688cd30c18a9e0bc0/Sim102' Name='Stop1' New state='Accepted' Instrument='MES SEP26' Action='Buy to cover' Limit price=0 Stop price=7547 Quantity=6 Type='Stop Market' Time in force=GTC Oco='32cb38fb1d74439bb27ef5493e908683' Filled=0 Fill price=0 Error='No error' Native error='',
7/21/2026 6:59:27 PM,Order,Order='806fbf9514b64221a9dc525c27a5cc19/Sim102' Name='Target2' New state='Submitted' Instrument='MES SEP26' Action='Buy to cover' Limit price=7538 Stop price=0 Quantity=7 Type='Limit' Time in force=GTC Oco='646d86274ca74403a76a7080e3eac5a0' Filled=0 Fill price=0 Error='No error' Native error='',
7/21/2026 6:59:27 PM,Order,Order='49f37468bb724c579162f2f162ca8048/Sim102' Name='Stop2' New state='Submitted' Instrument='MES SEP26' Action='Buy to cover' Limit price=0 Stop price=7547 Quantity=7 Type='Stop Market' Time in force=GTC Oco='646d86274ca74403a76a7080e3eac5a0' Filled=0 Fill price=0 Error='No error' Native error='',
7/21/2026 6:59:27 PM,Order,Order='5e4d7afe031344499b7768f24fe6608c/Sim102' Name='Target1' New state='Submitted' Instrument='MES SEP26' Action='Buy to cover' Limit price=7538.5 Stop price=0 Quantity=6 Type='Limit' Time in force=GTC Oco='32cb38fb1d74439bb27ef5493e908683' Filled=0 Fill price=0 Error='No error' Native error='',
7/21/2026 6:59:27 PM,Position,Instrument='MES SEP26' Account='Sim102' Average price=7541 Quantity=13 Market position=Short Operation=Operation_Add,
7/21/2026 6:59:27 PM,Order,Order='0457e0f1f11f4b3688cd30c18a9e0bc0/Sim102' Name='Stop1' New state='Submitted' Instrument='MES SEP26' Action='Buy to cover' Limit price=0 Stop price=7547 Quantity=6 Type='Stop Market' Time in force=GTC Oco='32cb38fb1d74439bb27ef5493e908683' Filled=0 Fill price=0 Error='No error' Native error='',
7/21/2026 6:59:27 PM,Execution,Execution='d03d47e72cd146d1bf654e77e67df6d8' Instrument='MES SEP26' Account='Sim102' Exchange=Default Price=7541 Quantity=13 Market position=Short Operation=Operation_Add Order='45bcac19b41d4ecaae943f44f1c4179b' Time='7/21/2026 6:59 PM',
7/21/2026 6:59:27 PM,Order,Order='45bcac19b41d4ecaae943f44f1c4179b/Sim102' Name='Entry' New state='Filled' Instrument='MES SEP26' Action='Sell' Limit price=0 Stop price=0 Quantity=13 Type='Market' Time in force=GTC Oco='' Filled=13 Fill price=7541 Error='No error' Native error='',
7/21/2026 6:59:27 PM,Order,Order='45bcac19b41d4ecaae943f44f1c4179b/Sim102' Name='Entry' New state='Working' Instrument='MES SEP26' Action='Sell' Limit price=0 Stop price=0 Quantity=13 Type='Market' Time in force=GTC Oco='' Filled=0 Fill price=0 Error='No error' Native error='',
7/21/2026 6:59:27 PM,Order,Order='45bcac19b41d4ecaae943f44f1c4179b/Sim102' Name='Entry' New state='Accepted' Instrument='MES SEP26' Action='Sell' Limit price=0 Stop price=0 Quantity=13 Type='Market' Time in force=GTC Oco='' Filled=0 Fill price=0 Error='No error' Native error='',
7/21/2026 6:59:27 PM,Order,Order='45bcac19b41d4ecaae943f44f1c4179b/Sim102' Name='Entry' New state='Submitted' Instrument='MES SEP26' Action='Sell' Limit price=0 Stop price=0 Quantity=13 Type='Market' Time in force=GTC Oco='' Filled=0 Fill price=0 Error='No error' Native error='',
7/21/2026 6:59:26 PM,Order,Chart Trader submitting order with strategy 'MES MIN SL6 - 1' (Ticks),
7/21/2026 6:58:12 PM,Connection,Using HDS (hds-us-nt-017.ninjatrader.com/31655),
7/21/2026 6:58:12 PM,Connection,Time to auto close position='12:00:00 AM' Enabled=False,
7/21/2026 6:58:11 PM,Connection,My Rithmic for NinjaTrader Brokerage: Primary connection=Connected Price feed=Connected,
7/21/2026 6:58:03 PM,Default,Restoring workspace 'Testing'...,
7/21/2026 6:57:56 PM,Default,Restoring workspace '3'...,
7/21/2026 6:57:53 PM,Default,Auto close enabled=False,
7/21/2026 6:57:53 PM,Order,Order entry hot keys disabled,
7/21/2026 6:57:53 PM,Connection,My Rithmic for NinjaTrader Brokerage: Primary connection=Connecting Price feed=Connecting,
7/21/2026 6:57:53 PM,Default,Auto connecting 'My Rithmic for NinjaTrader Brokerage'...,
7/21/2026 6:57:53 PM,Default,Automated trading disabled,
7/21/2026 6:57:53 PM,Connection,Using IS (is-us-nt-005.ninjatrader.com/31658),
7/21/2026 6:57:47 PM,Default,Global simulation mode disabled,
7/21/2026 6:57:20 PM,Default,Session Break (Version 8.1.7.2),
7/21/2026 6:14:14 PM,Connection,My Rithmic for NinjaTrader Brokerage: Primary connection=Disconnected Price feed=Disconnected,
7/21/2026 6:14:13 PM,Connection,My Rithmic for NinjaTrader Brokerage: Primary connection=Disconnecting Price feed=Disconnecting,
7/21/2026 6:14:10 PM,Default,Workspace Testing not saved,
7/21/2026 6:14:09 PM,Default,Workspace 3 not saved,
7/21/2026 6:13:36 PM,Default,Restoring workspace 'Testing'...,
7/21/2026 6:13:24 PM,Connection,My Rithmic for NinjaTrader Brokerage: Primary connection=Connected Price feed=Connected,
7/21/2026 6:13:09 PM,Connection,Connection restored to the NinjaTrader Historical Data Server: hds-us-nt-020.ninjatrader.com,
7/21/2026 6:13:08 PM,Connection,Using HDS (hds-us-nt-020.ninjatrader.com/31655),
7/21/2026 6:13:04 PM,Connection,Market data failed for 'MES SEP26': 'get_order_book error : 13',
7/21/2026 6:13:04 PM,Connection,Market data failed for 'MGC AUG26': 'get_order_book error : 13',
7/21/2026 6:13:04 PM,Connection,My Rithmic for NinjaTrader Brokerage: Primary connection=Connection lost Price feed=Connected,
7/21/2026 6:12:58 PM,Connection,My Rithmic for NinjaTrader Brokerage: Primary connection=Connection lost Price feed=Connection lost,
7/21/2026 6:12:58 PM,Connection,My Rithmic for NinjaTrader Brokerage: Primary connection=Connection lost Price feed=Connected,
7/21/2026 6:12:56 PM,Connection,Connection lost to the NinjaTrader Historical Data Server: hds-us-nt-016.ninjatrader.com,
7/21/2026 8:45:19 AM,Order,Order='2831324103/PA-APEX-422136-01' Name='Entry' New state='Cancelled' Instrument='MES SEP26' Action='Buy' Limit price=7531 Stop price=0 Quantity=13 Type='Limit' Time in force=GTC Oco='' Filled=0 Fill price=0 Error='No error' Native error='',
7/21/2026 8:45:19 AM,Order,Order='2831324103/PA-APEX-422136-01' Name='Entry' New state='Cancel submitted' Instrument='MES SEP26' Action='Buy' Limit price=7531 Stop price=0 Quantity=13 Type='Limit' Time in force=GTC Oco='' Filled=0 Fill price=0 Error='No error' Native error='',
7/21/2026 8:45:19 AM,Default,Chart Trader close position,
7/21/2026 8:45:19 AM,Default,Cancel all orders account='PA-APEX-422136-01',
7/21/2026 8:38:45 AM,Order,Order='2831324103/PA-APEX-422136-01' Name='Entry' New state='Accepted' Instrument='MES SEP26' Action='Buy' Limit price=7531 Stop price=0 Quantity=13 Type='Limit' Time in force=GTC Oco='' Filled=0 Fill price=0 Error='No error' Native error='',
7/21/2026 8:38:45 AM,Order,Order='2831324103/PA-APEX-422136-01' Name='Entry' New state='Working' Instrument='MES SEP26' Action='Buy' Limit price=7531 Stop price=0 Quantity=13 Type='Limit' Time in force=GTC Oco='' Filled=0 Fill price=0 Error='No error' Native error='',
7/21/2026 8:38:45 AM,Order,Order='2831324103/PA-APEX-422136-01' Name='Entry' New state='Change submitted' Instrument='MES SEP26' Action='Buy' Limit price=7531 Stop price=0 Quantity=13 Type='Limit' Time in force=GTC Oco='' Filled=0 Fill price=0 Error='No error' Native error='',
7/21/2026 8:38:40 AM,Order,Order='2831323592/PA-APEX-422136-01' Name='Entry' New state='Cancelled' Instrument='MES SEP26' Action='Sell' Limit price=7552 Stop price=0 Quantity=13 Type='Limit' Time in force=GTC Oco='' Filled=0 Fill price=0 Error='No error' Native error='',
7/21/2026 8:38:40 AM,Order,Order='2831323592/PA-APEX-422136-01' Name='Entry' New state='Cancel submitted' Instrument='MES SEP26' Action='Sell' Limit price=7552 Stop price=0 Quantity=13 Type='Limit' Time in force=GTC Oco='' Filled=0 Fill price=0 Error='No error' Native error='',
7/21/2026 8:30:50 AM,Order,Order='2831324103/PA-APEX-422136-01' Name='Entry' New state='Accepted' Instrument='MES SEP26' Action='Buy' Limit price=7530 Stop price=0 Quantity=13 Type='Limit' Time in force=GTC Oco='' Filled=0 Fill price=0 Error='No error' Native error='',
7/21/2026 8:30:50 AM,Order,Order='2831324103/PA-APEX-422136-01' Name='Entry' New state='Working' Instrument='MES SEP26' Action='Buy' Limit price=7530 Stop price=0 Quantity=13 Type='Limit' Time in force=GTC Oco='' Filled=0 Fill price=0 Error='No error' Native error='',
7/21/2026 8:30:50 AM,Order,Order='f9fdbd63035f491793e0c1c77fa8075d/PA-APEX-422136-01' Name='Entry' New state='Submitted' Instrument='MES SEP26' Action='Buy' Limit price=7530 Stop price=0 Quantity=13 Type='Limit' Time in force=GTC Oco='' Filled=0 Fill price=0 Error='No error' Native error='',
7/21/2026 8:30:50 AM,Order,Chart Trader submitting order with strategy 'MES MIN SL6 - 2' (Ticks),
7/21/2026 8:30:33 AM,Order,Order='2831323592/PA-APEX-422136-01' Name='Entry' New state='Accepted' Instrument='MES SEP26' Action='Sell' Limit price=7552 Stop price=0 Quantity=13 Type='Limit' Time in force=GTC Oco='' Filled=0 Fill price=0 Error='No error' Native error='',
7/21/2026 8:30:33 AM,Order,Order='2831323592/PA-APEX-422136-01' Name='Entry' New state='Working' Instrument='MES SEP26' Action='Sell' Limit price=7552 Stop price=0 Quantity=13 Type='Limit' Time in force=GTC Oco='' Filled=0 Fill price=0 Error='No error' Native error='',
7/21/2026 8:30:33 AM,Order,Order='faf58c0d91fe444ea740aaad11ef9ce9/PA-APEX-422136-01' Name='Entry' New state='Submitted' Instrument='MES SEP26' Action='Sell' Limit price=7552 Stop price=0 Quantity=13 Type='Limit' Time in force=GTC Oco='' Filled=0 Fill price=0 Error='No error' Native error='',
7/21/2026 8:30:33 AM,Order,Chart Trader submitting order with strategy 'MES MIN SL6 - 1' (Ticks),
7/21/2026 7:55:20 AM,Order,Order='2831095134/PA-APEX-422136-01' Name='Entry' New state='Cancelled' Instrument='MGC AUG26' Action='Buy' Limit price=4062 Stop price=0 Quantity=8 Type='Limit' Time in force=GTC Oco='' Filled=0 Fill price=0 Error='No error' Native error='',
7/21/2026 7:55:20 AM,Order,Order='2831095134/PA-APEX-422136-01' Name='Entry' New state='Cancel submitted' Instrument='MGC AUG26' Action='Buy' Limit price=4062 Stop price=0 Quantity=8 Type='Limit' Time in force=GTC Oco='' Filled=0 Fill price=0 Error='No error' Native error='',
7/21/2026 7:55:20 AM,Default,Cancel all orders account='PA-APEX-422136-01',
7/21/2026 7:55:20 AM,Default,Chart Trader close position,
7/21/2026 7:55:19 AM,Order,Order='2831166235/PA-APEX-422136-01' Name='Entry' New state='Cancelled' Instrument='MES SEP26' Action='Buy' Limit price=7524 Stop price=0 Quantity=13 Type='Limit' Time in force=GTC Oco='' Filled=0 Fill price=0 Error='No error' Native error='',
7/21/2026 7:55:19 AM,Order,Order='2831155497/PA-APEX-422136-01' Name='Entry' New state='Cancelled' Instrument='MES SEP26' Action='Sell' Limit price=7545 Stop price=0 Quantity=13 Type='Limit' Time in force=GTC Oco='' Filled=0 Fill price=0 Error='No error' Native error='',
7/21/2026 7:55:19 AM,Order,Order='2831155497/PA-APEX-422136-01' Name='Entry' New state='Cancel submitted' Instrument='MES SEP26' Action='Sell' Limit price=7545 Stop price=0 Quantity=13 Type='Limit' Time in force=GTC Oco='' Filled=0 Fill price=0 Error='No error' Native error='',
7/21/2026 7:55:19 AM,Order,Order='2831166235/PA-APEX-422136-01' Name='Entry' New state='Cancel submitted' Instrument='MES SEP26' Action='Buy' Limit price=7524 Stop price=0 Quantity=13 Type='Limit' Time in force=GTC Oco='' Filled=0 Fill price=0 Error='No error' Native error='',
7/21/2026 7:55:18 AM,Default,Cancel all orders account='PA-APEX-422136-01',
7/21/2026 7:55:18 AM,Default,Chart Trader close position,
7/21/2026 7:49:11 AM,Order,Order='2831166235/PA-APEX-422136-01' Name='Entry' New state='Working' Instrument='MES SEP26' Action='Buy' Limit price=7524 Stop price=0 Quantity=13 Type='Limit' Time in force=GTC Oco='' Filled=0 Fill price=0 Error='No error' Native error='',
7/21/2026 7:49:11 AM,Order,Order='2831166235/PA-APEX-422136-01' Name='Entry' New state='Accepted' Instrument='MES SEP26' Action='Buy' Limit price=7524 Stop price=0 Quantity=13 Type='Limit' Time in force=GTC Oco='' Filled=0 Fill price=0 Error='No error' Native error='',
7/21/2026 7:49:10 AM,Order,Order='4347841a9ab540aa83c8d65f9f09dcdc/PA-APEX-422136-01' Name='Entry' New state='Submitted' Instrument='MES SEP26' Action='Buy' Limit price=7524 Stop price=0 Quantity=13 Type='Limit' Time in force=GTC Oco='' Filled=0 Fill price=0 Error='No error' Native error='',
7/21/2026 7:49:10 AM,Order,Chart Trader submitting order with strategy 'MES MIN SL6 - 6' (Ticks),
7/21/2026 7:49:01 AM,Order,Order='2831131061/PA-APEX-422136-01' Name='Entry' New state='Cancelled' Instrument='MES SEP26' Action='Buy' Limit price=7518 Stop price=0 Quantity=13 Type='Limit' Time in force=GTC Oco='' Filled=0 Fill price=0 Error='No error' Native error='',
7/21/2026 7:49:01 AM,Order,Order='2831131061/PA-APEX-422136-01' Name='Entry' New state='Cancel submitted' Instrument='MES SEP26' Action='Buy' Limit price=7518 Stop price=0 Quantity=13 Type='Limit' Time in force=GTC Oco='' Filled=0 Fill price=0 Error='No error' Native error='',
7/21/2026 7:47:52 AM,Order,Order='2831155497/PA-APEX-422136-01' Name='Entry' New state='Working' Instrument='MES SEP26' Action='Sell' Limit price=7545 Stop price=0 Quantity=13 Type='Limit' Time in force=GTC Oco='' Filled=0 Fill price=0 Error='No error' Native error='',
7/21/2026 7:47:52 AM,Order,Order='2831155497/PA-APEX-422136-01' Name='Entry' New state='Accepted' Instrument='MES SEP26' Action='Sell' Limit price=7545 Stop price=0 Quantity=13 Type='Limit' Time in force=GTC Oco='' Filled=0 Fill price=0 Error='No error' Native error='',
7/21/2026 7:47:52 AM,Order,Order='f52089ab37724c199556f81ae1d2d28c/PA-APEX-422136-01' Name='Entry' New state='Submitted' Instrument='MES SEP26' Action='Sell' Limit price=7545 Stop price=0 Quantity=13 Type='Limit' Time in force=GTC Oco='' Filled=0 Fill price=0 Error='No error' Native error='',
7/21/2026 7:47:52 AM,Order,Chart Trader submitting order with strategy 'MES MIN SL6 - 5' (Ticks),
7/21/2026 7:44:14 AM,Order,Order='2831131061/PA-APEX-422136-01' Name='Entry' New state='Accepted' Instrument='MES SEP26' Action='Buy' Limit price=7518 Stop price=0 Quantity=13 Type='Limit' Time in force=GTC Oco='' Filled=0 Fill price=0 Error='No error' Native error='',
7/21/2026 7:44:14 AM,Order,Order='2831131061/PA-APEX-422136-01' Name='Entry' New state='Working' Instrument='MES SEP26' Action='Buy' Limit price=7518 Stop price=0 Quantity=13 Type='Limit' Time in force=GTC Oco='' Filled=0 Fill price=0 Error='No error' Native error='',
7/21/2026 7:44:13 AM,Order,Order='2831131061/PA-APEX-422136-01' Name='Entry' New state='Change submitted' Instrument='MES SEP26' Action='Buy' Limit price=7518 Stop price=0 Quantity=13 Type='Limit' Time in force=GTC Oco='' Filled=0 Fill price=0 Error='No error' Native error='',
7/21/2026 7:43:30 AM,Order,Order='2831131061/PA-APEX-422136-01' Name='Entry' New state='Accepted' Instrument='MES SEP26' Action='Buy' Limit price=7514 Stop price=0 Quantity=13 Type='Limit' Time in force=GTC Oco='' Filled=0 Fill price=0 Error='No error' Native error='',
7/21/2026 7:43:30 AM,Order,Order='2831131061/PA-APEX-422136-01' Name='Entry' New state='Working' Instrument='MES SEP26' Action='Buy' Limit price=7514 Stop price=0 Quantity=13 Type='Limit' Time in force=GTC Oco='' Filled=0 Fill price=0 Error='No error' Native error='',
7/21/2026 7:43:30 AM,Order,Order='f570a12d681e4a779d0863fcc934325e/PA-APEX-422136-01' Name='Entry' New state='Submitted' Instrument='MES SEP26' Action='Buy' Limit price=7514 Stop price=0 Quantity=13 Type='Limit' Time in force=GTC Oco='' Filled=0 Fill price=0 Error='No error' Native error='',
7/21/2026 7:43:30 AM,Order,Chart Trader submitting order with strategy 'MES MIN SL6 - 4' (Ticks),
7/21/2026 7:43:22 AM,Order,Order='2831074556/PA-APEX-422136-01' Name='Entry' New state='Cancelled' Instrument='MES SEP26' Action='Buy' Limit price=7519 Stop price=0 Quantity=13 Type='Limit' Time in force=GTC Oco='' Filled=0 Fill price=0 Error='No error' Native error='',
7/21/2026 7:43:22 AM,Order,Order='2831074556/PA-APEX-422136-01' Name='Entry' New state='Cancel submitted' Instrument='MES SEP26' Action='Buy' Limit price=7519 Stop price=0 Quantity=13 Type='Limit' Time in force=GTC Oco='' Filled=0 Fill price=0 Error='No error' Native error='',
7/21/2026 7:43:19 AM,Order,Order='2831116608/PA-APEX-422136-08' Name='Entry' New state='Cancelled' Instrument='MES SEP26' Action='Buy' Limit price=7513.5 Stop price=0 Quantity=13 Type='Limit' Time in force=GTC Oco='' Filled=0 Fill price=0 Error='No error' Native error='',
7/21/2026 7:43:19 AM,Order,Order='2831116608/PA-APEX-422136-08' Name='Entry' New state='Cancel submitted' Instrument='MES SEP26' Action='Buy' Limit price=7513.5 Stop price=0 Quantity=13 Type='Limit' Time in force=GTC Oco='' Filled=0 Fill price=0 Error='No error' Native error='',
7/21/2026 7:43:17 AM,Order,Order='2831116608/PA-APEX-422136-08' Name='Entry' New state='Accepted' Instrument='MES SEP26' Action='Buy' Limit price=7513.5 Stop price=0 Quantity=13 Type='Limit' Time in force=GTC Oco='' Filled=0 Fill price=0 Error='No error' Native error='',
7/21/2026 7:43:17 AM,Order,Order='2831116608/PA-APEX-422136-08' Name='Entry' New state='Working' Instrument='MES SEP26' Action='Buy' Limit price=7513.5 Stop price=0 Quantity=13 Type='Limit' Time in force=GTC Oco='' Filled=0 Fill price=0 Error='No error' Native error='',
7/21/2026 7:43:17 AM,Order,Order='2831116608/PA-APEX-422136-08' Name='Entry' New state='Change submitted' Instrument='MES SEP26' Action='Buy' Limit price=7513.5 Stop price=0 Quantity=13 Type='Limit' Time in force=GTC Oco='' Filled=0 Fill price=0 Error='No error' Native error='',
7/21/2026 7:41:47 AM,Order,Order='2831116608/PA-APEX-422136-08' Name='Entry' New state='Working' Instrument='MES SEP26' Action='Buy' Limit price=7519 Stop price=0 Quantity=13 Type='Limit' Time in force=GTC Oco='' Filled=0 Fill price=0 Error='No error' Native error='',
7/21/2026 7:41:47 AM,Order,Order='2831116608/PA-APEX-422136-08' Name='Entry' New state='Accepted' Instrument='MES SEP26' Action='Buy' Limit price=7519 Stop price=0 Quantity=13 Type='Limit' Time in force=GTC Oco='' Filled=0 Fill price=0 Error='No error' Native error='',
7/21/2026 7:41:47 AM,Order,Order='8224faff8a0c4a6dae7fa56a48f987a7/PA-APEX-422136-08' Name='Entry' New state='Submitted' Instrument='MES SEP26' Action='Buy' Limit price=7519 Stop price=0 Quantity=13 Type='Limit' Time in force=GTC Oco='' Filled=0 Fill price=0 Error='No error' Native error='',
7/21/2026 7:41:47 AM,Order,Chart Trader submitting order with strategy 'MES MIN SL6 - 4' (Ticks),
7/21/2026 7:39:24 AM,Order,Order='2831073042/PA-APEX-422136-01' Name='Entry' New state='Cancelled' Instrument='MES SEP26' Action='Sell' Limit price=7545 Stop price=0 Quantity=13 Type='Limit' Time in force=GTC Oco='' Filled=0 Fill price=0 Error='No error' Native error='',
7/21/2026 7:39:24 AM,Order,Order='2831073042/PA-APEX-422136-01' Name='Entry' New state='Cancel submitted' Instrument='MES SEP26' Action='Sell' Limit price=7545 Stop price=0 Quantity=13 Type='Limit' Time in force=GTC Oco='' Filled=0 Fill price=0 Error='No error' Native error='',
7/21/2026 7:38:42 AM,Order,Order='2831095134/PA-APEX-422136-01' Name='Entry' New state='Working' Instrument='MGC AUG26' Action='Buy' Limit price=4062 Stop price=0 Quantity=8 Type='Limit' Time in force=GTC Oco='' Filled=0 Fill price=0 Error='No error' Native error='',
7/21/2026 7:38:42 AM,Order,Order='2831095134/PA-APEX-422136-01' Name='Entry' New state='Accepted' Instrument='MGC AUG26' Action='Buy' Limit price=4062 Stop price=0 Quantity=8 Type='Limit' Time in force=GTC Oco='' Filled=0 Fill price=0 Error='No error' Native error='',
7/21/2026 7:38:42 AM,Order,Order='0b3bd33d442f4d71a5212818fa2c4f83/PA-APEX-422136-01' Name='Entry' New state='Submitted' Instrument='MGC AUG26' Action='Buy' Limit price=4062 Stop price=0 Quantity=8 Type='Limit' Time in force=GTC Oco='' Filled=0 Fill price=0 Error='No error' Native error='',
7/21/2026 7:38:42 AM,Order,Chart Trader submitting order with strategy 'MGC MIN SL5 - 3' (Ticks),
7/21/2026 7:37:38 AM,Order,Order='2831088578/PA-APEX-422136-01' Name='Entry' New state='Cancelled' Instrument='MGC AUG26' Action='Buy' Limit price=4062 Stop price=0 Quantity=20 Type='Limit' Time in force=GTC Oco='' Filled=0 Fill price=0 Error='No error' Native error='',
7/21/2026 7:37:38 AM,Order,Order='2831088578/PA-APEX-422136-01' Name='Entry' New state='Cancel submitted' Instrument='MGC AUG26' Action='Buy' Limit price=4062 Stop price=0 Quantity=20 Type='Limit' Time in force=GTC Oco='' Filled=0 Fill price=0 Error='No error' Native error='',
7/21/2026 7:37:38 AM,Default,Cancel all orders account='PA-APEX-422136-01',
7/21/2026 7:37:38 AM,Default,Chart Trader close position,
7/21/2026 7:37:36 AM,Order,Order='2831088578/PA-APEX-422136-01' Name='Entry' New state='Working' Instrument='MGC AUG26' Action='Buy' Limit price=4062 Stop price=0 Quantity=20 Type='Limit' Time in force=GTC Oco='' Filled=0 Fill price=0 Error='No error' Native error='',
7/21/2026 7:37:36 AM,Order,Order='2831088578/PA-APEX-422136-01' Name='Entry' New state='Accepted' Instrument='MGC AUG26' Action='Buy' Limit price=4062 Stop price=0 Quantity=20 Type='Limit' Time in force=GTC Oco='' Filled=0 Fill price=0 Error='No error' Native error='',
7/21/2026 7:37:36 AM,Order,Order='0064bb0bc70e495bbbc22e88266b16ec/PA-APEX-422136-01' Name='Entry' New state='Submitted' Instrument='MGC AUG26' Action='Buy' Limit price=4062 Stop price=0 Quantity=20 Type='Limit' Time in force=GTC Oco='' Filled=0 Fill price=0 Error='No error' Native error='',
7/21/2026 7:37:36 AM,Order,Chart Trader submitting order with strategy 'MES MIN SL4 - 3' (Ticks),
7/21/2026 7:34:58 AM,Order,Order='2831074556/PA-APEX-422136-01' Name='Entry' New state='Accepted' Instrument='MES SEP26' Action='Buy' Limit price=7519 Stop price=0 Quantity=13 Type='Limit' Time in force=GTC Oco='' Filled=0 Fill price=0 Error='No error' Native error='',
7/21/2026 7:34:58 AM,Order,Order='2831074556/PA-APEX-422136-01' Name='Entry' New state='Working' Instrument='MES SEP26' Action='Buy' Limit price=7519 Stop price=0 Quantity=13 Type='Limit' Time in force=GTC Oco='' Filled=0 Fill price=0 Error='No error' Native error='',
7/21/2026 7:34:58 AM,Order,Order='ba59d9a43bba4831b8f5e27e5e30df0f/PA-APEX-422136-01' Name='Entry' New state='Submitted' Instrument='MES SEP26' Action='Buy' Limit price=7519 Stop price=0 Quantity=13 Type='Limit' Time in force=GTC Oco='' Filled=0 Fill price=0 Error='No error' Native error='',
7/21/2026 7:34:58 AM,Order,Chart Trader submitting order with strategy 'MES MIN SL6 - 2' (Ticks),
7/21/2026 7:34:39 AM,Order,Order='2831073042/PA-APEX-422136-01' Name='Entry' New state='Accepted' Instrument='MES SEP26' Action='Sell' Limit price=7545 Stop price=0 Quantity=13 Type='Limit' Time in force=GTC Oco='' Filled=0 Fill price=0 Error='No error' Native error='',
7/21/2026 7:34:39 AM,Order,Order='2831073042/PA-APEX-422136-01' Name='Entry' New state='Working' Instrument='MES SEP26' Action='Sell' Limit price=7545 Stop price=0 Quantity=13 Type='Limit' Time in force=GTC Oco='' Filled=0 Fill price=0 Error='No error' Native error='',
7/21/2026 7:34:39 AM,Order,Order='598e3b051fee4e2eb3a2b3fe5acae73e/PA-APEX-422136-01' Name='Entry' New state='Submitted' Instrument='MES SEP26' Action='Sell' Limit price=7545 Stop price=0 Quantity=13 Type='Limit' Time in force=GTC Oco='' Filled=0 Fill price=0 Error='No error' Native error='',
7/21/2026 7:34:39 AM,Order,Chart Trader submitting order with strategy 'MES MIN SL6 - 1' (Ticks),
7/21/2026 7:34:18 AM,Order,Order='2831064018/PA-APEX-422136-01' Name='Entry' New state='Cancelled' Instrument='MES SEP26' Action='Buy' Limit price=7514 Stop price=0 Quantity=13 Type='Limit' Time in force=GTC Oco='' Filled=0 Fill price=0 Error='No error' Native error='',
7/21/2026 7:34:18 AM,Order,Order='2831064018/PA-APEX-422136-01' Name='Entry' New state='Cancel submitted' Instrument='MES SEP26' Action='Buy' Limit price=7514 Stop price=0 Quantity=13 Type='Limit' Time in force=GTC Oco='' Filled=0 Fill price=0 Error='No error' Native error='',
7/21/2026 7:32:49 AM,Order,Order='2831064018/PA-APEX-422136-01' Name='Entry' New state='Working' Instrument='MES SEP26' Action='Buy' Limit price=7514 Stop price=0 Quantity=13 Type='Limit' Time in force=GTC Oco='' Filled=0 Fill price=0 Error='No error' Native error='',
7/21/2026 7:32:49 AM,Order,Order='2831064018/PA-APEX-422136-01' Name='Entry' New state='Accepted' Instrument='MES SEP26' Action='Buy' Limit price=7514 Stop price=0 Quantity=13 Type='Limit' Time in force=GTC Oco='' Filled=0 Fill price=0 Error='No error' Native error='',
7/21/2026 7:32:49 AM,Order,Order='ebd501af9fd24b899bc70226195cd735/PA-APEX-422136-01' Name='Entry' New state='Submitted' Instrument='MES SEP26' Action='Buy' Limit price=7514 Stop price=0 Quantity=13 Type='Limit' Time in force=GTC Oco='' Filled=0 Fill price=0 Error='No error' Native error='',
7/21/2026 7:32:49 AM,Order,Chart Trader submitting order with strategy 'MES MIN SL6 - 1' (Ticks),
7/21/2026 7:29:22 AM,Execution,Execution='1356670,
7/21/2026 7:29:22 AM,Order,Order='2831043428/PA-APEX-422136-01' Name='Close' New state='Filled' Instrument='MES SEP26' Action='Buy to cover' Limit price=0 Stop price=0 Quantity=6 Type='Market' Time in force=DAY Oco='' Filled=6 Fill price=7530.5 Error='No error' Native error='',
7/21/2026 7:29:22 AM,Order,Order='2831043428/PA-APEX-422136-01' Name='Close' New state='Accepted' Instrument='MES SEP26' Action='Buy to cover' Limit price=0 Stop price=0 Quantity=6 Type='Market' Time in force=DAY Oco='' Filled=0 Fill price=0 Error='No error' Native error='',
7/21/2026 7:29:22 AM,Order,Order='2831043428/PA-APEX-422136-01' Name='Close' New state='Working' Instrument='MES SEP26' Action='Buy to cover' Limit price=0 Stop price=0 Quantity=6 Type='Market' Time in force=DAY Oco='' Filled=0 Fill price=0 Error='No error' Native error='',
7/21/2026 7:29:22 AM,Position,Instrument='MES SEP26' Account='PA-APEX-422136-01' Average price=7531 Quantity=6 Market position=Flat Operation=Remove,
7/21/2026 7:29:22 AM,Order,Order='01cc09c787aa4b339b20a46d7731a27e/PA-APEX-422136-01' Name='Close' New state='Submitted' Instrument='MES SEP26' Action='Buy to cover' Limit price=0 Stop price=0 Quantity=6 Type='Market' Time in force=DAY Oco='' Filled=0 Fill price=0 Error='No error' Native error='',
7/21/2026 7:29:22 AM,Execution,Execution='1357702,
7/21/2026 7:29:22 AM,Order,Order='2831043421/PA-APEX-422136-08' Name='Close' New state='Filled' Instrument='MES SEP26' Action='Buy to cover' Limit price=0 Stop price=0 Quantity=6 Type='Market' Time in force=DAY Oco='' Filled=6 Fill price=7530.5 Error='No error' Native error='',
7/21/2026 7:29:22 AM,Position,Instrument='MES SEP26' Account='PA-APEX-422136-08' Average price=7531 Quantity=6 Market position=Flat Operation=Remove,
7/21/2026 7:29:22 AM,Order,Order='2831043421/PA-APEX-422136-08' Name='Close' New state='Working' Instrument='MES SEP26' Action='Buy to cover' Limit price=0 Stop price=0 Quantity=6 Type='Market' Time in force=DAY Oco='' Filled=0 Fill price=0 Error='No error' Native error='',
7/21/2026 7:29:21 AM,Order,Order='2831043421/PA-APEX-422136-08' Name='Close' New state='Accepted' Instrument='MES SEP26' Action='Buy to cover' Limit price=0 Stop price=0 Quantity=6 Type='Market' Time in force=DAY Oco='' Filled=0 Fill price=0 Error='No error' Native error='',
7/21/2026 7:29:21 AM,Order,Order='2831033413/PA-APEX-422136-01' Name='Stop1' New state='Cancelled' Instrument='MES SEP26' Action='Buy to cover' Limit price=0 Stop price=7537 Quantity=6 Type='Stop Market' Time in force=GTC Oco='3d48a34a85c64f8993143aeb40b92597' Filled=0 Fill price=0 Error='No error' Native error='',
7/21/2026 7:29:21 AM,Order,Order='2831003472/PA-APEX-422136-01' Name='Entry' New state='Cancelled' Instrument='MES SEP26' Action='Buy' Limit price=7514 Stop price=0 Quantity=13 Type='Limit' Time in force=GTC Oco='' Filled=0 Fill price=0 Error='No error' Native error='',
7/21/2026 7:29:21 AM,Order,Order='760bcafe64144af6b63d5729525508a3/PA-APEX-422136-08' Name='Close' New state='Submitted' Instrument='MES SEP26' Action='Buy to cover' Limit price=0 Stop price=0 Quantity=6 Type='Market' Time in force=DAY Oco='' Filled=0 Fill price=0 Error='No error' Native error='',
7/21/2026 7:29:21 AM,Order,Order='2831033441/PA-APEX-422136-01' Name='Target1' New state='Cancelled' Instrument='MES SEP26' Action='Buy to cover' Limit price=7528.5 Stop price=0 Quantity=6 Type='Limit' Time in force=GTC Oco='3d48a34a85c64f8993143aeb40b92597' Filled=0 Fill price=0 Error='No error' Native error='',
7/21/2026 7:29:21 AM,Order,Order='2831033473/PA-APEX-422136-08' Name='Stop1' New state='Cancelled' Instrument='MES SEP26' Action='Buy to cover' Limit price=0 Stop price=7537 Quantity=6 Type='Stop Market' Time in force=GTC Oco='9fa24b09b7894c6793eac077aa177ec2' Filled=0 Fill price=0 Error='No error' Native error='',
7/21/2026 7:29:21 AM,Order,Order='2831033474/PA-APEX-422136-08' Name='Target1' New state='Cancelled' Instrument='MES SEP26' Action='Buy to cover' Limit price=7528.5 Stop price=0 Quantity=6 Type='Limit' Time in force=GTC Oco='9fa24b09b7894c6793eac077aa177ec2' Filled=0 Fill price=0 Error='No error' Native error='',
7/21/2026 7:29:21 AM,Order,Order='2831003472/PA-APEX-422136-01' Name='Entry' New state='Cancel submitted' Instrument='MES SEP26' Action='Buy' Limit price=7514 Stop price=0 Quantity=13 Type='Limit' Time in force=GTC Oco='' Filled=0 Fill price=0 Error='No error' Native error='',
7/21/2026 7:29:21 AM,Order,Order='2831033413/PA-APEX-422136-01' Name='Stop1' New state='Cancel submitted' Instrument='MES SEP26' Action='Buy to cover' Limit price=0 Stop price=7537 Quantity=6 Type='Stop Market' Time in force=GTC Oco='3d48a34a85c64f8993143aeb40b92597' Filled=0 Fill price=0 Error='No error' Native error='',
7/21/2026 7:29:21 AM,Order,Order='2831033473/PA-APEX-422136-08' Name='Stop1' New state='Cancel submitted' Instrument='MES SEP26' Action='Buy to cover' Limit price=0 Stop price=7537 Quantity=6 Type='Stop Market' Time in force=GTC Oco='9fa24b09b7894c6793eac077aa177ec2' Filled=0 Fill price=0 Error='No error' Native error='',
7/21/2026 7:29:21 AM,Order,Order='2831033441/PA-APEX-422136-01' Name='Target1' New state='Cancel submitted' Instrument='MES SEP26' Action='Buy to cover' Limit price=7528.5 Stop price=0 Quantity=6 Type='Limit' Time in force=GTC Oco='3d48a34a85c64f8993143aeb40b92597' Filled=0 Fill price=0 Error='No error' Native error='',
7/21/2026 7:29:21 AM,Position,Flatten account='PA-APEX-422136-04',
7/21/2026 7:29:21 AM,Position,Flatten account='PA-APEX-422136-05',
7/21/2026 7:29:21 AM,Position,Flatten account='PA-APEX-422136-06',
7/21/2026 7:29:21 AM,Order,Order='2831033474/PA-APEX-422136-08' Name='Target1' New state='Cancel submitted' Instrument='MES SEP26' Action='Buy to cover' Limit price=7528.5 Stop price=0 Quantity=6 Type='Limit' Time in force=GTC Oco='9fa24b09b7894c6793eac077aa177ec2' Filled=0 Fill price=0 Error='No error' Native error='',
7/21/2026 7:29:21 AM,Position,Flatten account='PA-APEX-422136-01',
7/21/2026 7:29:21 AM,Position,Flatten account='PA-APEX-422136-03',
7/21/2026 7:29:21 AM,Position,Flatten account='PA-APEX-422136-07',
7/21/2026 7:29:21 AM,Position,Flatten account='Sim101',
7/21/2026 7:29:21 AM,Default,Terminating any NinjaScript strategies invoked by Flatten Everything command,
7/21/2026 7:29:21 AM,Position,Flatten account='Sim102',
7/21/2026 7:29:21 AM,Position,Flatten account='PA-APEX-422136-08',
7/21/2026 7:29:21 AM,Position,Flatten account='PA-APEX-422136-09',
7/21/2026 7:29:16 AM,Order,Order='2831033480/PA-APEX-422136-08' Name='Target2' New state='Cancelled' Instrument='MES SEP26' Action='Buy to cover' Limit price=7528 Stop price=0 Quantity=7 Type='Limit' Time in force=GTC Oco='2634ca4cf050471687fd96e3c97f1c76' Filled=0 Fill price=0 Error='No error' Native error='',
7/21/2026 7:29:16 AM,Order,Order='2831033443/PA-APEX-422136-01' Name='Target2' New state='Cancelled' Instrument='MES SEP26' Action='Buy to cover' Limit price=7528 Stop price=0 Quantity=7 Type='Limit' Time in force=GTC Oco='6b601dce0df649fbb9a3afca7e21bfd9' Filled=0 Fill price=0 Error='No error' Native error='',
7/21/2026 7:29:16 AM,Order,Order='2831033475/PA-APEX-422136-08' Name='Stop2' New state='Filled' Instrument='MES SEP26' Action='Buy to cover' Limit price=0 Stop price=7530.75 Quantity=7 Type='Stop Market' Time in force=GTC Oco='2634ca4cf050471687fd96e3c97f1c76' Filled=7 Fill price=7530.75 Error='No error' Native error='',
7/21/2026 7:29:16 AM,Execution,Execution='1359889,
7/21/2026 7:29:16 AM,Order,Order='2831033480/PA-APEX-422136-08' Name='Target2' New state='Cancel submitted' Instrument='MES SEP26' Action='Buy to cover' Limit price=7528 Stop price=0 Quantity=7 Type='Limit' Time in force=GTC Oco='2634ca4cf050471687fd96e3c97f1c76' Filled=0 Fill price=0 Error='No error' Native error='',
7/21/2026 7:29:16 AM,Order,Order='2831033475/PA-APEX-422136-08' Name='Stop2' New state='Working' Instrument='MES SEP26' Action='Buy to cover' Limit price=0 Stop price=7530.75 Quantity=7 Type='Stop Market' Time in force=GTC Oco='2634ca4cf050471687fd96e3c97f1c76' Filled=0 Fill price=0 Error='No error' Native error='',
7/21/2026 7:29:16 AM,Order,Order='2831033443/PA-APEX-422136-01' Name='Target2' New state='Cancel submitted' Instrument='MES SEP26' Action='Buy to cover' Limit price=7528 Stop price=0 Quantity=7 Type='Limit' Time in force=GTC Oco='6b601dce0df649fbb9a3afca7e21bfd9' Filled=0 Fill price=0 Error='No error' Native error='',
7/21/2026 7:29:16 AM,Order,Order='2831033442/PA-APEX-422136-01' Name='Stop2' New state='Filled' Instrument='MES SEP26' Action='Buy to cover' Limit price=0 Stop price=7530.75 Quantity=7 Type='Stop Market' Time in force=GTC Oco='6b601dce0df649fbb9a3afca7e21bfd9' Filled=7 Fill price=7530.75 Error='No error' Native error='',
7/21/2026 7:29:16 AM,Execution,Execution='1359255,
7/21/2026 7:29:16 AM,Position,Instrument='MES SEP26' Account='PA-APEX-422136-08' Average price=7531 Quantity=6 Market position=Short Operation=Update,
7/21/2026 7:29:16 AM,Position,Instrument='MES SEP26' Account='PA-APEX-422136-01' Average price=7531 Quantity=6 Market position=Short Operation=Update,
7/21/2026 7:29:16 AM,Order,Order='2831033442/PA-APEX-422136-01' Name='Stop2' New state='Working' Instrument='MES SEP26' Action='Buy to cover' Limit price=0 Stop price=7530.75 Quantity=7 Type='Stop Market' Time in force=GTC Oco='6b601dce0df649fbb9a3afca7e21bfd9' Filled=0 Fill price=0 Error='No error' Native error='',
7/21/2026 7:28:48 AM,Order,Order='2831033475/PA-APEX-422136-08' Name='Stop2' New state='Accepted' Instrument='MES SEP26' Action='Buy to cover' Limit price=0 Stop price=7530.75 Quantity=7 Type='Stop Market' Time in force=GTC Oco='2634ca4cf050471687fd96e3c97f1c76' Filled=0 Fill price=0 Error='No error' Native error='',
7/21/2026 7:28:48 AM,Order,Order='2831033442/PA-APEX-422136-01' Name='Stop2' New state='Accepted' Instrument='MES SEP26' Action='Buy to cover' Limit price=0 Stop price=7530.75 Quantity=7 Type='Stop Market' Time in force=GTC Oco='6b601dce0df649fbb9a3afca7e21bfd9' Filled=0 Fill price=0 Error='No error' Native error='',
7/21/2026 7:28:48 AM,Order,Order='2831033475/PA-APEX-422136-08' Name='Stop2' New state='Change submitted' Instrument='MES SEP26' Action='Buy to cover' Limit price=0 Stop price=7530.75 Quantity=7 Type='Stop Market' Time in force=GTC Oco='2634ca4cf050471687fd96e3c97f1c76' Filled=0 Fill price=0 Error='No error' Native error='',
7/21/2026 7:28:48 AM,Order,Auto breakeven price modification from '7537.00' to '7530.75',
7/21/2026 7:28:48 AM,Order,Order='2831033442/PA-APEX-422136-01' Name='Stop2' New state='Change submitted' Instrument='MES SEP26' Action='Buy to cover' Limit price=0 Stop price=7530.75 Quantity=7 Type='Stop Market' Time in force=GTC Oco='6b601dce0df649fbb9a3afca7e21bfd9' Filled=0 Fill price=0 Error='No error' Native error='',
7/21/2026 7:28:48 AM,Order,Auto breakeven price modification from '7537.00' to '7530.75',
7/21/2026 7:27:57 AM,Order,Order='2831033474/PA-APEX-422136-08' Name='Target1' New state='Working' Instrument='MES SEP26' Action='Buy to cover' Limit price=7528.5 Stop price=0 Quantity=6 Type='Limit' Time in force=GTC Oco='9fa24b09b7894c6793eac077aa177ec2' Filled=0 Fill price=0 Error='No error' Native error='',
7/21/2026 7:27:57 AM,Order,Order='2831033474/PA-APEX-422136-08' Name='Target1' New state='Accepted' Instrument='MES SEP26' Action='Buy to cover' Limit price=7528.5 Stop price=0 Quantity=6 Type='Limit' Time in force=GTC Oco='9fa24b09b7894c6793eac077aa177ec2' Filled=0 Fill price=0 Error='No error' Native error='',
7/21/2026 7:27:57 AM,Order,Order='2831033475/PA-APEX-422136-08' Name='Stop2' New state='Accepted' Instrument='MES SEP26' Action='Buy to cover' Limit price=0 Stop price=7537 Quantity=7 Type='Stop Market' Time in force=GTC Oco='2634ca4cf050471687fd96e3c97f1c76' Filled=0 Fill price=0 Error='No error' Native error='',
7/21/2026 7:27:57 AM,Order,Order='2831033480/PA-APEX-422136-08' Name='Target2' New state='Accepted' Instrument='MES SEP26' Action='Buy to cover' Limit price=7528 Stop price=0 Quantity=7 Type='Limit' Time in force=GTC Oco='2634ca4cf050471687fd96e3c97f1c76' Filled=0 Fill price=0 Error='No error' Native error='',
7/21/2026 7:27:57 AM,Order,Order='2831033480/PA-APEX-422136-08' Name='Target2' New state='Working' Instrument='MES SEP26' Action='Buy to cover' Limit price=7528 Stop price=0 Quantity=7 Type='Limit' Time in force=GTC Oco='2634ca4cf050471687fd96e3c97f1c76' Filled=0 Fill price=0 Error='No error' Native error='',
7/21/2026 7:27:57 AM,Order,Order='2831033473/PA-APEX-422136-08' Name='Stop1' New state='Accepted' Instrument='MES SEP26' Action='Buy to cover' Limit price=0 Stop price=7537 Quantity=6 Type='Stop Market' Time in force=GTC Oco='9fa24b09b7894c6793eac077aa177ec2' Filled=0 Fill price=0 Error='No error' Native error='',
7/21/2026 7:27:57 AM,Order,Order='2831033442/PA-APEX-422136-01' Name='Stop2' New state='Accepted' Instrument='MES SEP26' Action='Buy to cover' Limit price=0 Stop price=7537 Quantity=7 Type='Stop Market' Time in force=GTC Oco='6b601dce0df649fbb9a3afca7e21bfd9' Filled=0 Fill price=0 Error='No error' Native error='',
7/21/2026 7:27:57 AM,Order,Order='2831033441/PA-APEX-422136-01' Name='Target1' New state='Working' Instrument='MES SEP26' Action='Buy to cover' Limit price=7528.5 Stop price=0 Quantity=6 Type='Limit' Time in force=GTC Oco='3d48a34a85c64f8993143aeb40b92597' Filled=0 Fill price=0 Error='No error' Native error='',
7/21/2026 7:27:57 AM,Order,Order='2831033443/PA-APEX-422136-01' Name='Target2' New state='Accepted' Instrument='MES SEP26' Action='Buy to cover' Limit price=7528 Stop price=0 Quantity=7 Type='Limit' Time in force=GTC Oco='6b601dce0df649fbb9a3afca7e21bfd9' Filled=0 Fill price=0 Error='No error' Native error='',
7/21/2026 7:27:57 AM,Order,Order='2831033443/PA-APEX-422136-01' Name='Target2' New state='Working' Instrument='MES SEP26' Action='Buy to cover' Limit price=7528 Stop price=0 Quantity=7 Type='Limit' Time in force=GTC Oco='6b601dce0df649fbb9a3afca7e21bfd9' Filled=0 Fill price=0 Error='No error' Native error='',
7/21/2026 7:27:57 AM,Order,Order='2831033441/PA-APEX-422136-01' Name='Target1' New state='Accepted' Instrument='MES SEP26' Action='Buy to cover' Limit price=7528.5 Stop price=0 Quantity=6 Type='Limit' Time in force=GTC Oco='3d48a34a85c64f8993143aeb40b92597' Filled=0 Fill price=0 Error='No error' Native error='',
7/21/2026 7:27:56 AM,Order,Order='2831033413/PA-APEX-422136-01' Name='Stop1' New state='Accepted' Instrument='MES SEP26' Action='Buy to cover' Limit price=0 Stop price=7537 Quantity=6 Type='Stop Market' Time in force=GTC Oco='3d48a34a85c64f8993143aeb40b92597' Filled=0 Fill price=0 Error='No error' Native error='',
7/21/2026 7:27:56 AM,Order,Order='4fecea9383c54a189aa51a7ad7ec0610/PA-APEX-422136-08' Name='Target2' New state='Submitted' Instrument='MES SEP26' Action='Buy to cover' Limit price=7528 Stop price=0 Quantity=7 Type='Limit' Time in force=GTC Oco='2634ca4cf050471687fd96e3c97f1c76' Filled=0 Fill price=0 Error='No error' Native error='',
7/21/2026 7:27:56 AM,Order,Order='42eb65be5a18479dac39b9d85cfa695c/PA-APEX-422136-08' Name='Stop2' New state='Submitted' Instrument='MES SEP26' Action='Buy to cover' Limit price=0 Stop price=7537 Quantity=7 Type='Stop Market' Time in force=GTC Oco='2634ca4cf050471687fd96e3c97f1c76' Filled=0 Fill price=0 Error='No error' Native error='',
7/21/2026 7:27:56 AM,Order,Order='7ca1f969ebf8478698ee935e41e04860/PA-APEX-422136-08' Name='Target1' New state='Submitted' Instrument='MES SEP26' Action='Buy to cover' Limit price=7528.5 Stop price=0 Quantity=6 Type='Limit' Time in force=GTC Oco='9fa24b09b7894c6793eac077aa177ec2' Filled=0 Fill price=0 Error='No error' Native error='',
7/21/2026 7:27:56 AM,Order,Order='1a830c17ea774fa8932f6f60eeee99aa/PA-APEX-422136-08' Name='Stop1' New state='Submitted' Instrument='MES SEP26' Action='Buy to cover' Limit price=0 Stop price=7537 Quantity=6 Type='Stop Market' Time in force=GTC Oco='9fa24b09b7894c6793eac077aa177ec2' Filled=0 Fill price=0 Error='No error' Native error='',
7/21/2026 7:27:56 AM,Order,Order='2831027162/PA-APEX-422136-08' Name='Entry' New state='Filled' Instrument='MES SEP26' Action='Sell' Limit price=7531 Stop price=0 Quantity=13 Type='Limit' Time in force=GTC Oco='' Filled=13 Fill price=7531 Error='No error' Native error='',
7/21/2026 7:27:56 AM,Order,Order='c31e5a4fc4a249128a031ecfc035c457/PA-APEX-422136-01' Name='Target2' New state='Submitted' Instrument='MES SEP26' Action='Buy to cover' Limit price=7528 Stop price=0 Quantity=7 Type='Limit' Time in force=GTC Oco='6b601dce0df649fbb9a3afca7e21bfd9' Filled=0 Fill price=0 Error='No error' Native error='',
7/21/2026 7:27:56 AM,Order,Order='bf1af3cfe26b4b21bd3c8a16c620eba9/PA-APEX-422136-01' Name='Stop2' New state='Submitted' Instrument='MES SEP26' Action='Buy to cover' Limit price=0 Stop price=7537 Quantity=7 Type='Stop Market' Time in force=GTC Oco='6b601dce0df649fbb9a3afca7e21bfd9' Filled=0 Fill price=0 Error='No error' Native error='',
7/21/2026 7:27:56 AM,Order,Order='8555d70ad4c540edb375060c1ab87eba/PA-APEX-422136-01' Name='Target1' New state='Submitted' Instrument='MES SEP26' Action='Buy to cover' Limit price=7528.5 Stop price=0 Quantity=6 Type='Limit' Time in force=GTC Oco='3d48a34a85c64f8993143aeb40b92597' Filled=0 Fill price=0 Error='No error' Native error='',
7/21/2026 7:27:56 AM,Order,Order='a23d5b50a0e74e03ad7011f0b108d82b/PA-APEX-422136-01' Name='Stop1' New state='Submitted' Instrument='MES SEP26' Action='Buy to cover' Limit price=0 Stop price=7537 Quantity=6 Type='Stop Market' Time in force=GTC Oco='3d48a34a85c64f8993143aeb40b92597' Filled=0 Fill price=0 Error='No error' Native error='',
7/21/2026 7:27:56 AM,Position,Instrument='MES SEP26' Account='PA-APEX-422136-08' Average price=7531 Quantity=13 Market position=Short Operation=Operation_Add,
7/21/2026 7:27:56 AM,Execution,Execution='1360209,
7/21/2026 7:27:56 AM,Order,Order='2831014610/PA-APEX-422136-01' Name='Entry' New state='Filled' Instrument='MES SEP26' Action='Sell' Limit price=7531 Stop price=0 Quantity=13 Type='Limit' Time in force=GTC Oco='' Filled=13 Fill price=7531 Error='No error' Native error='',
7/21/2026 7:27:56 AM,Position,Instrument='MES SEP26' Account='PA-APEX-422136-01' Average price=7531 Quantity=13 Market position=Short Operation=Update,
7/21/2026 7:27:56 AM,Execution,Execution='1358370,
7/21/2026 7:27:56 AM,Order,Order='2831014610/PA-APEX-422136-01' Name='Entry' New state='Partially filled' Instrument='MES SEP26' Action='Sell' Limit price=7531 Stop price=0 Quantity=13 Type='Limit' Time in force=GTC Oco='' Filled=1 Fill price=7531 Error='No error' Native error='',
7/21/2026 7:27:56 AM,Execution,Execution='1358368,
7/21/2026 7:27:56 AM,Position,Instrument='MES SEP26' Account='PA-APEX-422136-01' Average price=7531 Quantity=1 Market position=Short Operation=Operation_Add,
7/21/2026 7:26:54 AM,Order,Order='2831027162/PA-APEX-422136-08' Name='Entry' New state='Working' Instrument='MES SEP26' Action='Sell' Limit price=7531 Stop price=0 Quantity=13 Type='Limit' Time in force=GTC Oco='' Filled=0 Fill price=0 Error='No error' Native error='',
7/21/2026 7:26:54 AM,Order,Order='2831027162/PA-APEX-422136-08' Name='Entry' New state='Accepted' Instrument='MES SEP26' Action='Sell' Limit price=7531 Stop price=0 Quantity=13 Type='Limit' Time in force=GTC Oco='' Filled=0 Fill price=0 Error='No error' Native error='',
7/21/2026 7:26:54 AM,Order,Order='109d3fbd616246c4bad65478f60f4002/PA-APEX-422136-08' Name='Entry' New state='Submitted' Instrument='MES SEP26' Action='Sell' Limit price=7531 Stop price=0 Quantity=13 Type='Limit' Time in force=GTC Oco='' Filled=0 Fill price=0 Error='No error' Native error='',
7/21/2026 7:26:54 AM,Order,Chart Trader submitting order with strategy 'MES MIN SL6 - 8' (Ticks),
7/21/2026 7:24:44 AM,Order,Order='2831001699/PA-APEX-422136-08' Name='Entry' New state='Cancelled' Instrument='MES SEP26' Action='Buy' Limit price=7514 Stop price=0 Quantity=13 Type='Limit' Time in force=GTC Oco='' Filled=0 Fill price=0 Error='No error' Native error='',
7/21/2026 7:24:44 AM,Order,Order='2831001699/PA-APEX-422136-08' Name='Entry' New state='Cancel submitted' Instrument='MES SEP26' Action='Buy' Limit price=7514 Stop price=0 Quantity=13 Type='Limit' Time in force=GTC Oco='' Filled=0 Fill price=0 Error='No error' Native error='',
7/21/2026 7:24:42 AM,Order,Order='2831014610/PA-APEX-422136-01' Name='Entry' New state='Working' Instrument='MES SEP26' Action='Sell' Limit price=7531 Stop price=0 Quantity=13 Type='Limit' Time in force=GTC Oco='' Filled=0 Fill price=0 Error='No error' Native error='',
7/21/2026 7:24:42 AM,Order,Order='2831014610/PA-APEX-422136-01' Name='Entry' New state='Accepted' Instrument='MES SEP26' Action='Sell' Limit price=7531 Stop price=0 Quantity=13 Type='Limit' Time in force=GTC Oco='' Filled=0 Fill price=0 Error='No error' Native error='',
7/21/2026 7:24:42 AM,Order,Order='09ae099c04884c3c84eae2fb531c1e5c/PA-APEX-422136-01' Name='Entry' New state='Submitted' Instrument='MES SEP26' Action='Sell' Limit price=7531 Stop price=0 Quantity=13 Type='Limit' Time in force=GTC Oco='' Filled=0 Fill price=0 Error='No error' Native error='',
7/21/2026 7:24:42 AM,Order,Chart Trader submitting order with strategy 'MES MIN SL6 - 7' (Ticks),
7/21/2026 7:22:33 AM,Order,Order='2831003472/PA-APEX-422136-01' Name='Entry' New state='Working' Instrument='MES SEP26' Action='Buy' Limit price=7514 Stop price=0 Quantity=13 Type='Limit' Time in force=GTC Oco='' Filled=0 Fill price=0 Error='No error' Native error='',
7/21/2026 7:22:33 AM,Order,Order='2831003472/PA-APEX-422136-01' Name='Entry' New state='Accepted' Instrument='MES SEP26' Action='Buy' Limit price=7514 Stop price=0 Quantity=13 Type='Limit' Time in force=GTC Oco='' Filled=0 Fill price=0 Error='No error' Native error='',
7/21/2026 7:22:33 AM,Order,Order='2831003472/PA-APEX-422136-01' Name='Entry' New state='Change submitted' Instrument='MES SEP26' Action='Buy' Limit price=7514 Stop price=0 Quantity=13 Type='Limit' Time in force=GTC Oco='' Filled=0 Fill price=0 Error='No error' Native error='',
7/21/2026 7:22:30 AM,Order,Order='2831003472/PA-APEX-422136-01' Name='Entry' New state='Working' Instrument='MES SEP26' Action='Buy' Limit price=7514.25 Stop price=0 Quantity=13 Type='Limit' Time in force=GTC Oco='' Filled=0 Fill price=0 Error='No error' Native error='',
7/21/2026 7:22:30 AM,Order,Order='2831003472/PA-APEX-422136-01' Name='Entry' New state='Accepted' Instrument='MES SEP26' Action='Buy' Limit price=7514.25 Stop price=0 Quantity=13 Type='Limit' Time in force=GTC Oco='' Filled=0 Fill price=0 Error='No error' Native error='',
7/21/2026 7:22:30 AM,Order,Order='803d2e799b5642b0ba5b9eaf9d3c94c8/PA-APEX-422136-01' Name='Entry' New state='Submitted' Instrument='MES SEP26' Action='Buy' Limit price=7514.25 Stop price=0 Quantity=13 Type='Limit' Time in force=GTC Oco='' Filled=0 Fill price=0 Error='No error' Native error='',
7/21/2026 7:22:30 AM,Order,Chart Trader submitting order with strategy 'MES MIN SL6 - 6' (Ticks),
7/21/2026 7:22:24 AM,Order,Order='2830867331/PA-APEX-422136-01' Name='Entry' New state='Cancelled' Instrument='MES SEP26' Action='Buy' Limit price=7506.5 Stop price=0 Quantity=16 Type='Limit' Time in force=GTC Oco='' Filled=0 Fill price=0 Error='No error' Native error='',
7/21/2026 7:22:24 AM,Order,Order='2830867331/PA-APEX-422136-01' Name='Entry' New state='Cancel submitted' Instrument='MES SEP26' Action='Buy' Limit price=7506.5 Stop price=0 Quantity=16 Type='Limit' Time in force=GTC Oco='' Filled=0 Fill price=0 Error='No error' Native error='',
7/21/2026 7:22:23 AM,Order,Order='2830998062/PA-APEX-422136-01' Name='Entry' New state='Cancelled' Instrument='MES SEP26' Action='Buy' Limit price=7514 Stop price=0 Quantity=16 Type='Limit' Time in force=GTC Oco='' Filled=0 Fill price=0 Error='No error' Native error='',
7/21/2026 7:22:23 AM,Order,Order='2830998062/PA-APEX-422136-01' Name='Entry' New state='Cancel submitted' Instrument='MES SEP26' Action='Buy' Limit price=7514 Stop price=0 Quantity=16 Type='Limit' Time in force=GTC Oco='' Filled=0 Fill price=0 Error='No error' Native error='',
7/21/2026 7:22:18 AM,Order,Order='2831001699/PA-APEX-422136-08' Name='Entry' New state='Accepted' Instrument='MES SEP26' Action='Buy' Limit price=7514 Stop price=0 Quantity=13 Type='Limit' Time in force=GTC Oco='' Filled=0 Fill price=0 Error='No error' Native error='',
7/21/2026 7:22:18 AM,Order,Order='2831001699/PA-APEX-422136-08' Name='Entry' New state='Working' Instrument='MES SEP26' Action='Buy' Limit price=7514 Stop price=0 Quantity=13 Type='Limit' Time in force=GTC Oco='' Filled=0 Fill price=0 Error='No error' Native error='',
7/21/2026 7:22:18 AM,Order,Order='1828b05ed0f940348256f870cfb97fa9/PA-APEX-422136-08' Name='Entry' New state='Submitted' Instrument='MES SEP26' Action='Buy' Limit price=7514 Stop price=0 Quantity=13 Type='Limit' Time in force=GTC Oco='' Filled=0 Fill price=0 Error='No error' Native error='',
7/21/2026 7:22:18 AM,Order,Chart Trader submitting order with strategy 'MES MIN SL6 - 5' (Ticks),
7/21/2026 7:22:14 AM,Order,Order='2830998680/PA-APEX-422136-08' Name='Entry' New state='Cancelled' Instrument='MES SEP26' Action='Buy' Limit price=7514 Stop price=0 Quantity=16 Type='Limit' Time in force=GTC Oco='' Filled=0 Fill price=0 Error='No error' Native error='',
7/21/2026 7:22:14 AM,Order,Order='2830998680/PA-APEX-422136-08' Name='Entry' New state='Cancel submitted' Instrument='MES SEP26' Action='Buy' Limit price=7514 Stop price=0 Quantity=16 Type='Limit' Time in force=GTC Oco='' Filled=0 Fill price=0 Error='No error' Native error='',
7/21/2026 7:22:14 AM,Default,Chart Trader close position,
7/21/2026 7:22:14 AM,Default,Cancel all orders account='PA-APEX-422136-08',
7/21/2026 7:21:58 AM,Order,Order='2830998680/PA-APEX-422136-08' Name='Entry' New state='Working' Instrument='MES SEP26' Action='Buy' Limit price=7514 Stop price=0 Quantity=16 Type='Limit' Time in force=GTC Oco='' Filled=0 Fill price=0 Error='No error' Native error='',
7/21/2026 7:21:58 AM,Order,Order='2830998680/PA-APEX-422136-08' Name='Entry' New state='Accepted' Instrument='MES SEP26' Action='Buy' Limit price=7514 Stop price=0 Quantity=16 Type='Limit' Time in force=GTC Oco='' Filled=0 Fill price=0 Error='No error' Native error='',
7/21/2026 7:21:58 AM,Order,Order='6bee6916b00e436eb53d3867d7a38b5c/PA-APEX-422136-08' Name='Entry' New state='Submitted' Instrument='MES SEP26' Action='Buy' Limit price=7514 Stop price=0 Quantity=16 Type='Limit' Time in force=GTC Oco='' Filled=0 Fill price=0 Error='No error' Native error='',
7/21/2026 7:21:58 AM,Order,Chart Trader submitting order with strategy 'MES MIN SL5 - 5' (Ticks),
7/21/2026 7:21:51 AM,Order,Order='2830998062/PA-APEX-422136-01' Name='Entry' New state='Accepted' Instrument='MES SEP26' Action='Buy' Limit price=7514 Stop price=0 Quantity=16 Type='Limit' Time in force=GTC Oco='' Filled=0 Fill price=0 Error='No error' Native error='',
7/21/2026 7:21:51 AM,Order,Order='2830998062/PA-APEX-422136-01' Name='Entry' New state='Working' Instrument='MES SEP26' Action='Buy' Limit price=7514 Stop price=0 Quantity=16 Type='Limit' Time in force=GTC Oco='' Filled=0 Fill price=0 Error='No error' Native error='',
7/21/2026 7:21:51 AM,Order,Order='07fb571264e14ef48900de8655078ddb/PA-APEX-422136-01' Name='Entry' New state='Submitted' Instrument='MES SEP26' Action='Buy' Limit price=7514 Stop price=0 Quantity=16 Type='Limit' Time in force=GTC Oco='' Filled=0 Fill price=0 Error='No error' Native error='',
7/21/2026 7:21:51 AM,Order,Chart Trader submitting order with strategy 'MES MIN SL5 - 4' (Ticks),
7/21/2026 7:19:01 AM,Order,Order='2830976154/PA-APEX-422136-07' Name='Close' New state='Filled' Instrument='MES SEP26' Action='Buy to cover' Limit price=0 Stop price=0 Quantity=16 Type='Market' Time in force=DAY Oco='' Filled=16 Fill price=7522.75 Error='No error' Native error='',
7/21/2026 7:19:01 AM,Execution,Execution='1348152,
7/21/2026 7:19:01 AM,Order,Order='2830976154/PA-APEX-422136-07' Name='Close' New state='Accepted' Instrument='MES SEP26' Action='Buy to cover' Limit price=0 Stop price=0 Quantity=16 Type='Market' Time in force=DAY Oco='' Filled=0 Fill price=0 Error='No error' Native error='',
7/21/2026 7:19:01 AM,Order,Order='2830976154/PA-APEX-422136-07' Name='Close' New state='Working' Instrument='MES SEP26' Action='Buy to cover' Limit price=0 Stop price=0 Quantity=16 Type='Market' Time in force=DAY Oco='' Filled=0 Fill price=0 Error='No error' Native error='',
7/21/2026 7:19:01 AM,Position,Instrument='MES SEP26' Account='PA-APEX-422136-07' Average price=7524 Quantity=16 Market position=Flat Operation=Remove,
7/21/2026 7:19:01 AM,Order,Order='cb3369e726014f9c9157c52e6b7f0287/PA-APEX-422136-07' Name='Close' New state='Submitted' Instrument='MES SEP26' Action='Buy to cover' Limit price=0 Stop price=0 Quantity=16 Type='Market' Time in force=DAY Oco='' Filled=0 Fill price=0 Error='No error' Native error='',
7/21/2026 7:19:01 AM,Order,Order='2830974966/PA-APEX-422136-07' Name='Stop2' New state='Cancelled' Instrument='MES SEP26' Action='Buy to cover' Limit price=0 Stop price=7529 Quantity=8 Type='Stop Market' Time in force=GTC Oco='398b9234a9e1417faa7dd6e587d51b2f' Filled=0 Fill price=0 Error='No error' Native error='',
7/21/2026 7:19:01 AM,Order,Order='2830974954/PA-APEX-422136-07' Name='Stop1' New state='Cancelled' Instrument='MES SEP26' Action='Buy to cover' Limit price=0 Stop price=7529 Quantity=8 Type='Stop Market' Time in force=GTC Oco='e4470356bfa8465abed5220190f5ab23' Filled=0 Fill price=0 Error='No error' Native error='',
7/21/2026 7:19:01 AM,Order,Order='2830974967/PA-APEX-422136-07' Name='Target2' New state='Cancelled' Instrument='MES SEP26' Action='Buy to cover' Limit price=7521.5 Stop price=0 Quantity=8 Type='Limit' Time in force=GTC Oco='398b9234a9e1417faa7dd6e587d51b2f' Filled=0 Fill price=0 Error='No error' Native error='',
7/21/2026 7:19:01 AM,Order,Order='2830974965/PA-APEX-422136-07' Name='Target1' New state='Cancelled' Instrument='MES SEP26' Action='Buy to cover' Limit price=7522 Stop price=0 Quantity=8 Type='Limit' Time in force=GTC Oco='e4470356bfa8465abed5220190f5ab23' Filled=0 Fill price=0 Error='No error' Native error='',
7/21/2026 7:19:01 AM,Order,Order='2830974967/PA-APEX-422136-07' Name='Target2' New state='Cancel submitted' Instrument='MES SEP26' Action='Buy to cover' Limit price=7521.5 Stop price=0 Quantity=8 Type='Limit' Time in force=GTC Oco='398b9234a9e1417faa7dd6e587d51b2f' Filled=0 Fill price=0 Error='No error' Native error='',
7/21/2026 7:19:01 AM,Order,Order='2830974954/PA-APEX-422136-07' Name='Stop1' New state='Cancel submitted' Instrument='MES SEP26' Action='Buy to cover' Limit price=0 Stop price=7529 Quantity=8 Type='Stop Market' Time in force=GTC Oco='e4470356bfa8465abed5220190f5ab23' Filled=0 Fill price=0 Error='No error' Native error='',
7/21/2026 7:19:01 AM,Order,Order='2830974966/PA-APEX-422136-07' Name='Stop2' New state='Cancel submitted' Instrument='MES SEP26' Action='Buy to cover' Limit price=0 Stop price=7529 Quantity=8 Type='Stop Market' Time in force=GTC Oco='398b9234a9e1417faa7dd6e587d51b2f' Filled=0 Fill price=0 Error='No error' Native error='',
7/21/2026 7:19:01 AM,Order,Order='2830974965/PA-APEX-422136-07' Name='Target1' New state='Cancel submitted' Instrument='MES SEP26' Action='Buy to cover' Limit price=7522 Stop price=0 Quantity=8 Type='Limit' Time in force=GTC Oco='e4470356bfa8465abed5220190f5ab23' Filled=0 Fill price=0 Error='No error' Native error='',
7/21/2026 7:19:01 AM,Default,Position grid close position,
7/21/2026 7:18:56 AM,Order,Order='2830974954/PA-APEX-422136-07' Name='Stop1' New state='Accepted' Instrument='MES SEP26' Action='Buy to cover' Limit price=0 Stop price=7529 Quantity=8 Type='Stop Market' Time in force=GTC Oco='e4470356bfa8465abed5220190f5ab23' Filled=0 Fill price=0 Error='No error' Native error='',
7/21/2026 7:18:56 AM,Order,Order='2830974966/PA-APEX-422136-07' Name='Stop2' New state='Accepted' Instrument='MES SEP26' Action='Buy to cover' Limit price=0 Stop price=7529 Quantity=8 Type='Stop Market' Time in force=GTC Oco='398b9234a9e1417faa7dd6e587d51b2f' Filled=0 Fill price=0 Error='No error' Native error='',
7/21/2026 7:18:56 AM,Order,Order='2830974967/PA-APEX-422136-07' Name='Target2' New state='Accepted' Instrument='MES SEP26' Action='Buy to cover' Limit price=7521.5 Stop price=0 Quantity=8 Type='Limit' Time in force=GTC Oco='398b9234a9e1417faa7dd6e587d51b2f' Filled=0 Fill price=0 Error='No error' Native error='',
7/21/2026 7:18:56 AM,Order,Order='2830974967/PA-APEX-422136-07' Name='Target2' New state='Working' Instrument='MES SEP26' Action='Buy to cover' Limit price=7521.5 Stop price=0 Quantity=8 Type='Limit' Time in force=GTC Oco='398b9234a9e1417faa7dd6e587d51b2f' Filled=0 Fill price=0 Error='No error' Native error='',
7/21/2026 7:18:56 AM,Order,Order='2830974965/PA-APEX-422136-07' Name='Target1' New state='Accepted' Instrument='MES SEP26' Action='Buy to cover' Limit price=7522 Stop price=0 Quantity=8 Type='Limit' Time in force=GTC Oco='e4470356bfa8465abed5220190f5ab23' Filled=0 Fill price=0 Error='No error' Native error='',
7/21/2026 7:18:56 AM,Order,Order='2830974965/PA-APEX-422136-07' Name='Target1' New state='Working' Instrument='MES SEP26' Action='Buy to cover' Limit price=7522 Stop price=0 Quantity=8 Type='Limit' Time in force=GTC Oco='e4470356bfa8465abed5220190f5ab23' Filled=0 Fill price=0 Error='No error' Native error='',
7/21/2026 7:18:56 AM,Order,Order='66b084aa0c044d9f86e81459d5678111/PA-APEX-422136-07' Name='Target2' New state='Submitted' Instrument='MES SEP26' Action='Buy to cover' Limit price=7521.5 Stop price=0 Quantity=8 Type='Limit' Time in force=GTC Oco='398b9234a9e1417faa7dd6e587d51b2f' Filled=0 Fill price=0 Error='No error' Native error='',
7/21/2026 7:18:56 AM,Order,Order='bcb7917314f34895bac146ebf2f25ac9/PA-APEX-422136-07' Name='Stop2' New state='Submitted' Instrument='MES SEP26' Action='Buy to cover' Limit price=0 Stop price=7529 Quantity=8 Type='Stop Market' Time in force=GTC Oco='398b9234a9e1417faa7dd6e587d51b2f' Filled=0 Fill price=0 Error='No error' Native error='',
7/21/2026 7:18:56 AM,Order,Order='99bce8e15f2047079a49f7aaccf26a01/PA-APEX-422136-07' Name='Target1' New state='Submitted' Instrument='MES SEP26' Action='Buy to cover' Limit price=7522 Stop price=0 Quantity=8 Type='Limit' Time in force=GTC Oco='e4470356bfa8465abed5220190f5ab23' Filled=0 Fill price=0 Error='No error' Native error='',
7/21/2026 7:18:56 AM,Order,Order='e5337bdb8a674f93acbca1dd97f7eaec/PA-APEX-422136-07' Name='Stop1' New state='Submitted' Instrument='MES SEP26' Action='Buy to cover' Limit price=0 Stop price=7529 Quantity=8 Type='Stop Market' Time in force=GTC Oco='e4470356bfa8465abed5220190f5ab23' Filled=0 Fill price=0 Error='No error' Native error='',
7/21/2026 7:18:56 AM,Order,Order='2830974902/PA-APEX-422136-07' Name='Entry' New state='Filled' Instrument='MES SEP26' Action='Sell' Limit price=7524 Stop price=0 Quantity=16 Type='Limit' Time in force=GTC Oco='' Filled=16 Fill price=7524 Error='No error' Native error='',
7/21/2026 7:18:56 AM,Execution,Execution='1350388,
7/21/2026 7:18:56 AM,Execution,Execution='1350387,
7/21/2026 7:18:56 AM,Order,Order='2830974902/PA-APEX-422136-07' Name='Entry' New state='Partially filled' Instrument='MES SEP26' Action='Sell' Limit price=7524 Stop price=0 Quantity=16 Type='Limit' Time in force=GTC Oco='' Filled=15 Fill price=7524 Error='No error' Native error='',
7/21/2026 7:18:56 AM,Execution,Execution='1350386,
7/21/2026 7:18:56 AM,Order,Order='2830974902/PA-APEX-422136-07' Name='Entry' New state='Partially filled' Instrument='MES SEP26' Action='Sell' Limit price=7524 Stop price=0 Quantity=16 Type='Limit' Time in force=GTC Oco='' Filled=14 Fill price=7524 Error='No error' Native error='',
7/21/2026 7:18:56 AM,Order,Order='2830974902/PA-APEX-422136-07' Name='Entry' New state='Partially filled' Instrument='MES SEP26' Action='Sell' Limit price=7524 Stop price=0 Quantity=16 Type='Limit' Time in force=GTC Oco='' Filled=10 Fill price=7524 Error='No error' Native error='',
7/21/2026 7:18:56 AM,Execution,Execution='1350384,
7/21/2026 7:18:56 AM,Order,Order='2830974902/PA-APEX-422136-07' Name='Entry' New state='Partially filled' Instrument='MES SEP26' Action='Sell' Limit price=7524 Stop price=0 Quantity=16 Type='Limit' Time in force=GTC Oco='' Filled=12 Fill price=7524 Error='No error' Native error='',
7/21/2026 7:18:56 AM,Execution,Execution='1350385,
7/21/2026 7:18:56 AM,Order,Order='2830974902/PA-APEX-422136-07' Name='Entry' New state='Partially filled' Instrument='MES SEP26' Action='Sell' Limit price=7524 Stop price=0 Quantity=16 Type='Limit' Time in force=GTC Oco='' Filled=6 Fill price=7524 Error='No error' Native error='',
7/21/2026 7:18:56 AM,Execution,Execution='1350381,
7/21/2026 7:18:56 AM,Execution,Execution='1350382,
7/21/2026 7:18:56 AM,Execution,Execution='1350383,
7/21/2026 7:18:56 AM,Order,Order='2830974902/PA-APEX-422136-07' Name='Entry' New state='Partially filled' Instrument='MES SEP26' Action='Sell' Limit price=7524 Stop price=0 Quantity=16 Type='Limit' Time in force=GTC Oco='' Filled=8 Fill price=7524 Error='No error' Native error='',
7/21/2026 7:18:56 AM,Position,Instrument='MES SEP26' Account='PA-APEX-422136-07' Average price=7524 Quantity=16 Market position=Short Operation=Update,
7/21/2026 7:18:56 AM,Position,Instrument='MES SEP26' Account='PA-APEX-422136-07' Average price=7524 Quantity=14 Market position=Short Operation=Update,
7/21/2026 7:18:56 AM,Order,Order='2830974902/PA-APEX-422136-07' Name='Entry' New state='Partially filled' Instrument='MES SEP26' Action='Sell' Limit price=7524 Stop price=0 Quantity=16 Type='Limit' Time in force=GTC Oco='' Filled=3 Fill price=7524 Error='No error' Native error='',
7/21/2026 7:18:56 AM,Position,Instrument='MES SEP26' Account='PA-APEX-422136-07' Average price=7524 Quantity=15 Market position=Short Operation=Update,
7/21/2026 7:18:56 AM,Position,Instrument='MES SEP26' Account='PA-APEX-422136-07' Average price=7524 Quantity=10 Market position=Short Operation=Update,
7/21/2026 7:18:56 AM,Position,Instrument='MES SEP26' Account='PA-APEX-422136-07' Average price=7524 Quantity=12 Market position=Short Operation=Update,
7/21/2026 7:18:56 AM,Position,Instrument='MES SEP26' Account='PA-APEX-422136-07' Average price=7524 Quantity=6 Market position=Short Operation=Update,
7/21/2026 7:18:56 AM,Position,Instrument='MES SEP26' Account='PA-APEX-422136-07' Average price=7524 Quantity=8 Market position=Short Operation=Update,
7/21/2026 7:18:56 AM,Position,Instrument='MES SEP26' Account='PA-APEX-422136-07' Average price=7524 Quantity=3 Market position=Short Operation=Operation_Add,
7/21/2026 7:18:56 AM,Order,Order='2830974902/PA-APEX-422136-07' Name='Entry' New state='Working' Instrument='MES SEP26' Action='Sell' Limit price=7524 Stop price=0 Quantity=16 Type='Limit' Time in force=GTC Oco='' Filled=0 Fill price=0 Error='No error' Native error='',
7/21/2026 7:18:56 AM,Order,Order='2830974902/PA-APEX-422136-07' Name='Entry' New state='Accepted' Instrument='MES SEP26' Action='Sell' Limit price=7524 Stop price=0 Quantity=16 Type='Limit' Time in force=GTC Oco='' Filled=0 Fill price=0 Error='No error' Native error='',
7/21/2026 7:18:56 AM,Order,Order='84c8f7b871274f01b3beea212328a676/PA-APEX-422136-07' Name='Entry' New state='Submitted' Instrument='MES SEP26' Action='Sell' Limit price=7524 Stop price=0 Quantity=16 Type='Limit' Time in force=GTC Oco='' Filled=0 Fill price=0 Error='No error' Native error='',
7/21/2026 7:18:56 AM,Order,Chart Trader submitting order with strategy 'MES MIN SL5 - 4' (Ticks),
7/21/2026 7:14:57 AM,Order,Order='2830853271/PA-APEX-422136-01' Name='Entry' New state='Cancelled' Instrument='MES SEP26' Action='Sell' Limit price=7524 Stop price=0 Quantity=16 Type='Limit' Time in force=GTC Oco='' Filled=0 Fill price=0 Error='No error' Native error='',
7/21/2026 7:14:57 AM,Order,Order='2830853271/PA-APEX-422136-01' Name='Entry' New state='Cancel submitted' Instrument='MES SEP26' Action='Sell' Limit price=7524 Stop price=0 Quantity=16 Type='Limit' Time in force=GTC Oco='' Filled=0 Fill price=0 Error='No error' Native error='',
7/21/2026 7:14:56 AM,Order,Order='2830858174/PA-APEX-422136-07' Name='Entry' New state='Cancelled' Instrument='MES SEP26' Action='Sell' Limit price=7524 Stop price=0 Quantity=16 Type='Limit' Time in force=GTC Oco='' Filled=0 Fill price=0 Error='No error' Native error='',
7/21/2026 7:14:56 AM,Order,Order='2830858174/PA-APEX-422136-07' Name='Entry' New state='Cancel submitted' Instrument='MES SEP26' Action='Sell' Limit price=7524 Stop price=0 Quantity=16 Type='Limit' Time in force=GTC Oco='' Filled=0 Fill price=0 Error='No error' Native error='',
7/21/2026 7:11:43 AM,Order,Order='2830867331/PA-APEX-422136-01' Name='Entry' New state='Accepted' Instrument='MES SEP26' Action='Buy' Limit price=7506.5 Stop price=0 Quantity=16 Type='Limit' Time in force=GTC Oco='' Filled=0 Fill price=0 Error='No error' Native error='',
7/21/2026 7:11:43 AM,Order,Order='2830867331/PA-APEX-422136-01' Name='Entry' New state='Working' Instrument='MES SEP26' Action='Buy' Limit price=7506.5 Stop price=0 Quantity=16 Type='Limit' Time in force=GTC Oco='' Filled=0 Fill price=0 Error='No error' Native error='',
7/21/2026 7:11:43 AM,Order,Order='2830867331/PA-APEX-422136-01' Name='Entry' New state='Change submitted' Instrument='MES SEP26' Action='Buy' Limit price=7506.5 Stop price=0 Quantity=16 Type='Limit' Time in force=GTC Oco='' Filled=0 Fill price=0 Error='No error' Native error='',
7/21/2026 7:04:30 AM,Order,Order='2830867331/PA-APEX-422136-01' Name='Entry' New state='Working' Instrument='MES SEP26' Action='Buy' Limit price=7505 Stop price=0 Quantity=16 Type='Limit' Time in force=GTC Oco='' Filled=0 Fill price=0 Error='No error' Native error='',
7/21/2026 7:04:30 AM,Order,Order='2830867331/PA-APEX-422136-01' Name='Entry' New state='Accepted' Instrument='MES SEP26' Action='Buy' Limit price=7505 Stop price=0 Quantity=16 Type='Limit' Time in force=GTC Oco='' Filled=0 Fill price=0 Error='No error' Native error='',
7/21/2026 7:04:30 AM,Order,Order='d843f318232a4c5e8106e9f139eff636/PA-APEX-422136-01' Name='Entry' New state='Submitted' Instrument='MES SEP26' Action='Buy' Limit price=7505 Stop price=0 Quantity=16 Type='Limit' Time in force=GTC Oco='' Filled=0 Fill price=0 Error='No error' Native error='',
7/21/2026 7:04:30 AM,Order,Chart Trader submitting order with strategy 'MES MIN SL5 - 3' (Ticks),
7/21/2026 7:03:37 AM,Order,Order='2830858174/PA-APEX-422136-07' Name='Entry' New state='Working' Instrument='MES SEP26' Action='Sell' Limit price=7524 Stop price=0 Quantity=16 Type='Limit' Time in force=GTC Oco='' Filled=0 Fill price=0 Error='No error' Native error='',
7/21/2026 7:03:37 AM,Order,Order='2830858174/PA-APEX-422136-07' Name='Entry' New state='Accepted' Instrument='MES SEP26' Action='Sell' Limit price=7524 Stop price=0 Quantity=16 Type='Limit' Time in force=GTC Oco='' Filled=0 Fill price=0 Error='No error' Native error='',
7/21/2026 7:03:37 AM,Order,Order='eae91d8c89b646c8a5e369123125801b/PA-APEX-422136-07' Name='Entry' New state='Submitted' Instrument='MES SEP26' Action='Sell' Limit price=7524 Stop price=0 Quantity=16 Type='Limit' Time in force=GTC Oco='' Filled=0 Fill price=0 Error='No error' Native error='',
7/21/2026 7:03:37 AM,Order,Chart Trader submitting order with strategy 'MES MIN SL5 - 2' (Ticks),
7/21/2026 7:03:15 AM,Order,Order='2830853271/PA-APEX-422136-01' Name='Entry' New state='Accepted' Instrument='MES SEP26' Action='Sell' Limit price=7524 Stop price=0 Quantity=16 Type='Limit' Time in force=GTC Oco='' Filled=0 Fill price=0 Error='No error' Native error='',
7/21/2026 7:03:15 AM,Order,Order='2830853271/PA-APEX-422136-01' Name='Entry' New state='Working' Instrument='MES SEP26' Action='Sell' Limit price=7524 Stop price=0 Quantity=16 Type='Limit' Time in force=GTC Oco='' Filled=0 Fill price=0 Error='No error' Native error='',
7/21/2026 7:03:15 AM,Order,Order='7e62ddd39e484cce9cd11748640e1808/PA-APEX-422136-01' Name='Entry' New state='Submitted' Instrument='MES SEP26' Action='Sell' Limit price=7524 Stop price=0 Quantity=16 Type='Limit' Time in force=GTC Oco='' Filled=0 Fill price=0 Error='No error' Native error='',
7/21/2026 7:03:15 AM,Order,Chart Trader submitting order with strategy 'MES MIN SL5 - 1' (Ticks),
7/21/2026 7:01:06 AM,Order,Order='2830832211/PA-APEX-422136-08' Name='Close' New state='Filled' Instrument='MES SEP26' Action='Buy to cover' Limit price=0 Stop price=0 Quantity=20 Type='Market' Time in force=DAY Oco='' Filled=20 Fill price=7519.0375 Error='No error' Native error='',
7/21/2026 7:01:06 AM,Execution,Execution='1331146,
7/21/2026 7:01:06 AM,Order,Order='2830832211/PA-APEX-422136-08' Name='Close' New state='Partially filled' Instrument='MES SEP26' Action='Buy to cover' Limit price=0 Stop price=0 Quantity=20 Type='Market' Time in force=DAY Oco='' Filled=17 Fill price=7519 Error='No error' Native error='',
7/21/2026 7:01:06 AM,Execution,Execution='1331145,
7/21/2026 7:01:06 AM,Position,Instrument='MES SEP26' Account='PA-APEX-422136-08' Average price=7518.5 Quantity=3 Market position=Flat Operation=Remove,
7/21/2026 7:01:06 AM,Order,Order='2830832211/PA-APEX-422136-08' Name='Close' New state='Accepted' Instrument='MES SEP26' Action='Buy to cover' Limit price=0 Stop price=0 Quantity=20 Type='Market' Time in force=DAY Oco='' Filled=0 Fill price=0 Error='No error' Native error='',
7/21/2026 7:01:06 AM,Order,Order='2830832211/PA-APEX-422136-08' Name='Close' New state='Working' Instrument='MES SEP26' Action='Buy to cover' Limit price=0 Stop price=0 Quantity=20 Type='Market' Time in force=DAY Oco='' Filled=0 Fill price=0 Error='No error' Native error='',
7/21/2026 7:01:06 AM,Position,Instrument='MES SEP26' Account='PA-APEX-422136-08' Average price=7518.5 Quantity=3 Market position=Short Operation=Update,
7/21/2026 7:01:06 AM,Position,Instrument='MES SEP26' Account='PA-APEX-422136-09' Average price=7518.5 Quantity=20 Market position=Flat Operation=Remove,
7/21/2026 7:01:06 AM,Order,Order='2830832205/PA-APEX-422136-09' Name='Close' New state='Filled' Instrument='MES SEP26' Action='Buy to cover' Limit price=0 Stop price=0 Quantity=20 Type='Market' Time in force=DAY Oco='' Filled=20 Fill price=7519 Error='No error' Native error='',
7/21/2026 7:01:06 AM,Execution,Execution='1332229,
7/21/2026 7:01:06 AM,Order,Order='8a4721a77d754854b32003431a478d94/PA-APEX-422136-08' Name='Close' New state='Submitted' Instrument='MES SEP26' Action='Buy to cover' Limit price=0 Stop price=0 Quantity=20 Type='Market' Time in force=DAY Oco='' Filled=0 Fill price=0 Error='No error' Native error='',
7/21/2026 7:01:06 AM,Order,Order='2830832205/PA-APEX-422136-09' Name='Close' New state='Working' Instrument='MES SEP26' Action='Buy to cover' Limit price=0 Stop price=0 Quantity=20 Type='Market' Time in force=DAY Oco='' Filled=0 Fill price=0 Error='No error' Native error='',
7/21/2026 7:01:06 AM,Order,Order='2830832205/PA-APEX-422136-09' Name='Close' New state='Accepted' Instrument='MES SEP26' Action='Buy to cover' Limit price=0 Stop price=0 Quantity=20 Type='Market' Time in force=DAY Oco='' Filled=0 Fill price=0 Error='No error' Native error='',
7/21/2026 7:01:06 AM,Order,Order='48c2dd50bee44de3a1f7b518ef819a9d/PA-APEX-422136-09' Name='Close' New state='Submitted' Instrument='MES SEP26' Action='Buy to cover' Limit price=0 Stop price=0 Quantity=20 Type='Market' Time in force=DAY Oco='' Filled=0 Fill price=0 Error='No error' Native error='',
7/21/2026 7:01:06 AM,Order,Order='2830774546/PA-APEX-422136-09' Name='Entry' New state='Cancelled' Instrument='MES SEP26' Action='Buy' Limit price=7494 Stop price=0 Quantity=20 Type='Limit' Time in force=GTC Oco='' Filled=0 Fill price=0 Error='No error' Native error='',
7/21/2026 7:01:06 AM,Order,Order='2830823618/PA-APEX-422136-08' Name='Stop1' New state='Cancelled' Instrument='MES SEP26' Action='Buy to cover' Limit price=0 Stop price=7522.5 Quantity=20 Type='Stop Market' Time in force=GTC Oco='a3f5bacb8ab84b3f95f018c0627e1b8e' Filled=0 Fill price=0 Error='No error' Native error='',
7/21/2026 7:01:06 AM,Order,Order='2830775418/PA-APEX-422136-08' Name='Entry' New state='Cancelled' Instrument='MES SEP26' Action='Buy' Limit price=7494 Stop price=0 Quantity=20 Type='Limit' Time in force=GTC Oco='' Filled=0 Fill price=0 Error='No error' Native error='',
7/21/2026 7:01:06 AM,Order,Order='2830823619/PA-APEX-422136-08' Name='Target1' New state='Cancelled' Instrument='MES SEP26' Action='Buy to cover' Limit price=7516.75 Stop price=0 Quantity=20 Type='Limit' Time in force=GTC Oco='a3f5bacb8ab84b3f95f018c0627e1b8e' Filled=0 Fill price=0 Error='No error' Native error='',
7/21/2026 7:01:06 AM,Order,Order='2830823604/PA-APEX-422136-09' Name='Stop1' New state='Cancelled' Instrument='MES SEP26' Action='Buy to cover' Limit price=0 Stop price=7522.5 Quantity=20 Type='Stop Market' Time in force=GTC Oco='666fe7d03eca496eb0a84069683546f4' Filled=0 Fill price=0 Error='No error' Native error='',
7/21/2026 7:01:06 AM,Order,Order='2830823617/PA-APEX-422136-09' Name='Target1' New state='Cancelled' Instrument='MES SEP26' Action='Buy to cover' Limit price=7516.75 Stop price=0 Quantity=20 Type='Limit' Time in force=GTC Oco='666fe7d03eca496eb0a84069683546f4' Filled=0 Fill price=0 Error='No error' Native error='',
7/21/2026 7:01:06 AM,Order,Order='2830823619/PA-APEX-422136-08' Name='Target1' New state='Cancel submitted' Instrument='MES SEP26' Action='Buy to cover' Limit price=7516.75 Stop price=0 Quantity=20 Type='Limit' Time in force=GTC Oco='a3f5bacb8ab84b3f95f018c0627e1b8e' Filled=0 Fill price=0 Error='No error' Native error='',
7/21/2026 7:01:06 AM,Order,Order='2830775418/PA-APEX-422136-08' Name='Entry' New state='Cancel submitted' Instrument='MES SEP26' Action='Buy' Limit price=7494 Stop price=0 Quantity=20 Type='Limit' Time in force=GTC Oco='' Filled=0 Fill price=0 Error='No error' Native error='',
7/21/2026 7:01:06 AM,Order,Order='2830823618/PA-APEX-422136-08' Name='Stop1' New state='Cancel submitted' Instrument='MES SEP26' Action='Buy to cover' Limit price=0 Stop price=7522.5 Quantity=20 Type='Stop Market' Time in force=GTC Oco='a3f5bacb8ab84b3f95f018c0627e1b8e' Filled=0 Fill price=0 Error='No error' Native error='',
7/21/2026 7:01:06 AM,Position,Flatten account='PA-APEX-422136-07',
7/21/2026 7:01:06 AM,Position,Flatten account='PA-APEX-422136-06',
7/21/2026 7:01:06 AM,Order,Order='2830823617/PA-APEX-422136-09' Name='Target1' New state='Cancel submitted' Instrument='MES SEP26' Action='Buy to cover' Limit price=7516.75 Stop price=0 Quantity=20 Type='Limit' Time in force=GTC Oco='666fe7d03eca496eb0a84069683546f4' Filled=0 Fill price=0 Error='No error' Native error='',
7/21/2026 7:01:06 AM,Order,Order='2830774546/PA-APEX-422136-09' Name='Entry' New state='Cancel submitted' Instrument='MES SEP26' Action='Buy' Limit price=7494 Stop price=0 Quantity=20 Type='Limit' Time in force=GTC Oco='' Filled=0 Fill price=0 Error='No error' Native error='',
7/21/2026 7:01:06 AM,Position,Flatten account='PA-APEX-422136-05',
7/21/2026 7:01:06 AM,Order,Order='2830823604/PA-APEX-422136-09' Name='Stop1' New state='Cancel submitted' Instrument='MES SEP26' Action='Buy to cover' Limit price=0 Stop price=7522.5 Quantity=20 Type='Stop Market' Time in force=GTC Oco='666fe7d03eca496eb0a84069683546f4' Filled=0 Fill price=0 Error='No error' Native error='',
7/21/2026 7:01:06 AM,Position,Flatten account='PA-APEX-422136-01',
7/21/2026 7:01:06 AM,Position,Flatten account='PA-APEX-422136-04',
7/21/2026 7:01:06 AM,Position,Flatten account='PA-APEX-422136-03',
7/21/2026 7:01:06 AM,Position,Flatten account='PA-APEX-422136-08',
7/21/2026 7:01:06 AM,Position,Flatten account='Sim101',
7/21/2026 7:01:06 AM,Position,Flatten account='Sim102',
7/21/2026 7:01:06 AM,Position,Flatten account='PA-APEX-422136-09',
7/21/2026 7:01:06 AM,Default,Terminating any NinjaScript strategies invoked by Flatten Everything command,
7/21/2026 7:00:18 AM,Order,Order='2830823618/PA-APEX-422136-08' Name='Stop1' New state='Accepted' Instrument='MES SEP26' Action='Buy to cover' Limit price=0 Stop price=7522.5 Quantity=20 Type='Stop Market' Time in force=GTC Oco='a3f5bacb8ab84b3f95f018c0627e1b8e' Filled=0 Fill price=0 Error='No error' Native error='',
7/21/2026 7:00:18 AM,Order,Order='2830823619/PA-APEX-422136-08' Name='Target1' New state='Accepted' Instrument='MES SEP26' Action='Buy to cover' Limit price=7516.75 Stop price=0 Quantity=20 Type='Limit' Time in force=GTC Oco='a3f5bacb8ab84b3f95f018c0627e1b8e' Filled=0 Fill price=0 Error='No error' Native error='',
7/21/2026 7:00:18 AM,Order,Order='2830823619/PA-APEX-422136-08' Name='Target1' New state='Working' Instrument='MES SEP26' Action='Buy to cover' Limit price=7516.75 Stop price=0 Quantity=20 Type='Limit' Time in force=GTC Oco='a3f5bacb8ab84b3f95f018c0627e1b8e' Filled=0 Fill price=0 Error='No error' Native error='',
7/21/2026 7:00:18 AM,Order,Order='2830823617/PA-APEX-422136-09' Name='Target1' New state='Working' Instrument='MES SEP26' Action='Buy to cover' Limit price=7516.75 Stop price=0 Quantity=20 Type='Limit' Time in force=GTC Oco='666fe7d03eca496eb0a84069683546f4' Filled=0 Fill price=0 Error='No error' Native error='',
7/21/2026 7:00:18 AM,Order,Order='2830823617/PA-APEX-422136-09' Name='Target1' New state='Accepted' Instrument='MES SEP26' Action='Buy to cover' Limit price=7516.75 Stop price=0 Quantity=20 Type='Limit' Time in force=GTC Oco='666fe7d03eca496eb0a84069683546f4' Filled=0 Fill price=0 Error='No error' Native error='',
7/21/2026 7:00:18 AM,Order,Order='2830823604/PA-APEX-422136-09' Name='Stop1' New state='Accepted' Instrument='MES SEP26' Action='Buy to cover' Limit price=0 Stop price=7522.5 Quantity=20 Type='Stop Market' Time in force=GTC Oco='666fe7d03eca496eb0a84069683546f4' Filled=0 Fill price=0 Error='No error' Native error='',
7/21/2026 7:00:18 AM,Order,Order='01a54a290dd64ea5ac8acd2b5f93ee80/PA-APEX-422136-08' Name='Target1' New state='Submitted' Instrument='MES SEP26' Action='Buy to cover' Limit price=7516.75 Stop price=0 Quantity=20 Type='Limit' Time in force=GTC Oco='a3f5bacb8ab84b3f95f018c0627e1b8e' Filled=0 Fill price=0 Error='No error' Native error='',
7/21/2026 7:00:18 AM,Order,Order='c073183c5bdc4d2c892f8846462b6234/PA-APEX-422136-08' Name='Stop1' New state='Submitted' Instrument='MES SEP26' Action='Buy to cover' Limit price=0 Stop price=7522.5 Quantity=20 Type='Stop Market' Time in force=GTC Oco='a3f5bacb8ab84b3f95f018c0627e1b8e' Filled=0 Fill price=0 Error='No error' Native error='',
7/21/2026 7:00:18 AM,Order,Order='2830772405/PA-APEX-422136-08' Name='Entry' New state='Filled' Instrument='MES SEP26' Action='Sell' Limit price=7518.5 Stop price=0 Quantity=20 Type='Limit' Time in force=GTC Oco='' Filled=20 Fill price=7518.5 Error='No error' Native error='',
7/21/2026 7:00:18 AM,Order,Order='27c62eebafc2465e8d815d4bc37ef987/PA-APEX-422136-09' Name='Target1' New state='Submitted' Instrument='MES SEP26' Action='Buy to cover' Limit price=7516.75 Stop price=0 Quantity=20 Type='Limit' Time in force=GTC Oco='666fe7d03eca496eb0a84069683546f4' Filled=0 Fill price=0 Error='No error' Native error='',
7/21/2026 7:00:18 AM,Order,Order='ddc66bce3842454f90018a9fe67e4ac7/PA-APEX-422136-09' Name='Stop1' New state='Submitted' Instrument='MES SEP26' Action='Buy to cover' Limit price=0 Stop price=7522.5 Quantity=20 Type='Stop Market' Time in force=GTC Oco='666fe7d03eca496eb0a84069683546f4' Filled=0 Fill price=0 Error='No error' Native error='',
7/21/2026 7:00:17 AM,Execution,Execution='1327639,
7/21/2026 7:00:17 AM,Order,Order='2830770060/PA-APEX-422136-09' Name='Entry' New state='Filled' Instrument='MES SEP26' Action='Sell' Limit price=7518.5 Stop price=0 Quantity=20 Type='Limit' Time in force=GTC Oco='' Filled=20 Fill price=7518.5 Error='No error' Native error='',
7/21/2026 7:00:17 AM,Execution,Execution='1328961,
7/21/2026 7:00:17 AM,Order,Order='2830772405/PA-APEX-422136-08' Name='Entry' New state='Partially filled' Instrument='MES SEP26' Action='Sell' Limit price=7518.5 Stop price=0 Quantity=20 Type='Limit' Time in force=GTC Oco='' Filled=9 Fill price=7518.5 Error='No error' Native error='',
7/21/2026 7:00:17 AM,Execution,Execution='1327635,
7/21/2026 7:00:17 AM,Position,Instrument='MES SEP26' Account='PA-APEX-422136-08' Average price=7518.5 Quantity=20 Market position=Short Operation=Update,
7/21/2026 7:00:17 AM,Execution,Execution='1328959,
7/21/2026 7:00:17 AM,Order,Order='2830770060/PA-APEX-422136-09' Name='Entry' New state='Partially filled' Instrument='MES SEP26' Action='Sell' Limit price=7518.5 Stop price=0 Quantity=20 Type='Limit' Time in force=GTC Oco='' Filled=9 Fill price=7518.5 Error='No error' Native error='',
7/21/2026 7:00:17 AM,Position,Instrument='MES SEP26' Account='PA-APEX-422136-09' Average price=7518.5 Quantity=20 Market position=Short Operation=Update,
7/21/2026 7:00:17 AM,Position,Instrument='MES SEP26' Account='PA-APEX-422136-08' Average price=7518.5 Quantity=9 Market position=Short Operation=Operation_Add,
7/21/2026 7:00:17 AM,Position,Instrument='MES SEP26' Account='PA-APEX-422136-09' Average price=7518.5 Quantity=9 Market position=Short Operation=Operation_Add,
7/21/2026 6:57:58 AM,Order,Order='2830774546/PA-APEX-422136-09' Name='Entry' New state='Accepted' Instrument='MES SEP26' Action='Buy' Limit price=7494 Stop price=0 Quantity=20 Type='Limit' Time in force=GTC Oco='' Filled=0 Fill price=0 Error='No error' Native error='',
7/21/2026 6:57:58 AM,Order,Order='2830774546/PA-APEX-422136-09' Name='Entry' New state='Working' Instrument='MES SEP26' Action='Buy' Limit price=7494 Stop price=0 Quantity=20 Type='Limit' Time in force=GTC Oco='' Filled=0 Fill price=0 Error='No error' Native error='',
7/21/2026 6:57:58 AM,Order,Order='2830774546/PA-APEX-422136-09' Name='Entry' New state='Change submitted' Instrument='MES SEP26' Action='Buy' Limit price=7494 Stop price=0 Quantity=20 Type='Limit' Time in force=GTC Oco='' Filled=0 Fill price=0 Error='No error' Native error='',
7/21/2026 6:57:53 AM,Order,Order='2830775418/PA-APEX-422136-08' Name='Entry' New state='Working' Instrument='MES SEP26' Action='Buy' Limit price=7494 Stop price=0 Quantity=20 Type='Limit' Time in force=GTC Oco='' Filled=0 Fill price=0 Error='No error' Native error='',
7/21/2026 6:57:53 AM,Order,Order='2830775418/PA-APEX-422136-08' Name='Entry' New state='Accepted' Instrument='MES SEP26' Action='Buy' Limit price=7494 Stop price=0 Quantity=20 Type='Limit' Time in force=GTC Oco='' Filled=0 Fill price=0 Error='No error' Native error='',
7/21/2026 6:57:53 AM,Order,Order='2830775418/PA-APEX-422136-08' Name='Entry' New state='Change submitted' Instrument='MES SEP26' Action='Buy' Limit price=7494 Stop price=0 Quantity=20 Type='Limit' Time in force=GTC Oco='' Filled=0 Fill price=0 Error='No error' Native error='',
7/21/2026 6:57:38 AM,Order,Order='2830772405/PA-APEX-422136-08' Name='Entry' New state='Accepted' Instrument='MES SEP26' Action='Sell' Limit price=7518.5 Stop price=0 Quantity=20 Type='Limit' Time in force=GTC Oco='' Filled=0 Fill price=0 Error='No error' Native error='',
7/21/2026 6:57:38 AM,Order,Order='2830772405/PA-APEX-422136-08' Name='Entry' New state='Working' Instrument='MES SEP26' Action='Sell' Limit price=7518.5 Stop price=0 Quantity=20 Type='Limit' Time in force=GTC Oco='' Filled=0 Fill price=0 Error='No error' Native error='',
7/21/2026 6:57:38 AM,Order,Order='2830772405/PA-APEX-422136-08' Name='Entry' New state='Change submitted' Instrument='MES SEP26' Action='Sell' Limit price=7518.5 Stop price=0 Quantity=20 Type='Limit' Time in force=GTC Oco='' Filled=0 Fill price=0 Error='No error' Native error='',
7/21/2026 6:57:29 AM,Order,Order='2830770060/PA-APEX-422136-09' Name='Entry' New state='Accepted' Instrument='MES SEP26' Action='Sell' Limit price=7518.5 Stop price=0 Quantity=20 Type='Limit' Time in force=GTC Oco='' Filled=0 Fill price=0 Error='No error' Native error='',
7/21/2026 6:57:29 AM,Order,Order='2830770060/PA-APEX-422136-09' Name='Entry' New state='Working' Instrument='MES SEP26' Action='Sell' Limit price=7518.5 Stop price=0 Quantity=20 Type='Limit' Time in force=GTC Oco='' Filled=0 Fill price=0 Error='No error' Native error='',
7/21/2026 6:57:29 AM,Order,Order='2830770060/PA-APEX-422136-09' Name='Entry' New state='Change submitted' Instrument='MES SEP26' Action='Sell' Limit price=7518.5 Stop price=0 Quantity=20 Type='Limit' Time in force=GTC Oco='' Filled=0 Fill price=0 Error='No error' Native error='',
7/21/2026 6:55:44 AM,Order,Order='2830729418/PA-APEX-422136-03' Name='Entry' New state='Cancelled' Instrument='MGC AUG26' Action='Buy' Limit price=4043 Stop price=0 Quantity=10 Type='Limit' Time in force=GTC Oco='' Filled=0 Fill price=0 Error='No error' Native error='',
7/21/2026 6:55:44 AM,Order,Order='2830729418/PA-APEX-422136-03' Name='Entry' New state='Cancel submitted' Instrument='MGC AUG26' Action='Buy' Limit price=4043 Stop price=0 Quantity=10 Type='Limit' Time in force=GTC Oco='' Filled=0 Fill price=0 Error='No error' Native error='',
7/21/2026 6:55:38 AM,Order,Order='2830772405/PA-APEX-422136-08' Name='Entry' New state='Accepted' Instrument='MES SEP26' Action='Sell' Limit price=7523.75 Stop price=0 Quantity=20 Type='Limit' Time in force=GTC Oco='' Filled=0 Fill price=0 Error='No error' Native error='',
7/21/2026 6:55:38 AM,Order,Order='2830772405/PA-APEX-422136-08' Name='Entry' New state='Working' Instrument='MES SEP26' Action='Sell' Limit price=7523.75 Stop price=0 Quantity=20 Type='Limit' Time in force=GTC Oco='' Filled=0 Fill price=0 Error='No error' Native error='',
7/21/2026 6:55:38 AM,Order,Order='2830772405/PA-APEX-422136-08' Name='Entry' New state='Change submitted' Instrument='MES SEP26' Action='Sell' Limit price=7523.75 Stop price=0 Quantity=20 Type='Limit' Time in force=GTC Oco='' Filled=0 Fill price=0 Error='No error' Native error='',
7/21/2026 6:55:37 AM,Order,Order='2830772405/PA-APEX-422136-08' Name='Entry' New state='Accepted' Instrument='MES SEP26' Action='Sell' Limit price=7524 Stop price=0 Quantity=20 Type='Limit' Time in force=GTC Oco='' Filled=0 Fill price=0 Error='No error' Native error='',
7/21/2026 6:55:37 AM,Order,Order='2830772405/PA-APEX-422136-08' Name='Entry' New state='Working' Instrument='MES SEP26' Action='Sell' Limit price=7524 Stop price=0 Quantity=20 Type='Limit' Time in force=GTC Oco='' Filled=0 Fill price=0 Error='No error' Native error='',
7/21/2026 6:55:37 AM,Order,Order='2830772405/PA-APEX-422136-08' Name='Entry' New state='Change submitted' Instrument='MES SEP26' Action='Sell' Limit price=7524 Stop price=0 Quantity=20 Type='Limit' Time in force=GTC Oco='' Filled=0 Fill price=0 Error='No error' Native error='',
7/21/2026 6:55:33 AM,Order,Order='2830770060/PA-APEX-422136-09' Name='Entry' New state='Accepted' Instrument='MES SEP26' Action='Sell' Limit price=7523.75 Stop price=0 Quantity=20 Type='Limit' Time in force=GTC Oco='' Filled=0 Fill price=0 Error='No error' Native error='',
7/21/2026 6:55:33 AM,Order,Order='2830770060/PA-APEX-422136-09' Name='Entry' New state='Working' Instrument='MES SEP26' Action='Sell' Limit price=7523.75 Stop price=0 Quantity=20 Type='Limit' Time in force=GTC Oco='' Filled=0 Fill price=0 Error='No error' Native error='',
7/21/2026 6:55:33 AM,Order,Order='2830770060/PA-APEX-422136-09' Name='Entry' New state='Change submitted' Instrument='MES SEP26' Action='Sell' Limit price=7523.75 Stop price=0 Quantity=20 Type='Limit' Time in force=GTC Oco='' Filled=0 Fill price=0 Error='No error' Native error='',
7/21/2026 6:55:26 AM,Order,Order='2830770060/PA-APEX-422136-09' Name='Entry' New state='Working' Instrument='MES SEP26' Action='Sell' Limit price=7522.5 Stop price=0 Quantity=20 Type='Limit' Time in force=GTC Oco='' Filled=0 Fill price=0 Error='No error' Native error='',
7/21/2026 6:55:26 AM,Order,Order='2830770060/PA-APEX-422136-09' Name='Entry' New state='Accepted' Instrument='MES SEP26' Action='Sell' Limit price=7522.5 Stop price=0 Quantity=20 Type='Limit' Time in force=GTC Oco='' Filled=0 Fill price=0 Error='No error' Native error='',
7/21/2026 6:55:26 AM,Order,Order='2830770060/PA-APEX-422136-09' Name='Entry' New state='Change submitted' Instrument='MES SEP26' Action='Sell' Limit price=7522.5 Stop price=0 Quantity=20 Type='Limit' Time in force=GTC Oco='' Filled=0 Fill price=0 Error='No error' Native error='',
7/21/2026 6:55:22 AM,Order,Order='2830772405/PA-APEX-422136-08' Name='Entry' New state='Accepted' Instrument='MES SEP26' Action='Sell' Limit price=7524.25 Stop price=0 Quantity=20 Type='Limit' Time in force=GTC Oco='' Filled=0 Fill price=0 Error='No error' Native error='',
7/21/2026 6:55:22 AM,Order,Order='2830772405/PA-APEX-422136-08' Name='Entry' New state='Working' Instrument='MES SEP26' Action='Sell' Limit price=7524.25 Stop price=0 Quantity=20 Type='Limit' Time in force=GTC Oco='' Filled=0 Fill price=0 Error='No error' Native error='',
7/21/2026 6:55:22 AM,Order,Order='2830772405/PA-APEX-422136-08' Name='Entry' New state='Change submitted' Instrument='MES SEP26' Action='Sell' Limit price=7524.25 Stop price=0 Quantity=20 Type='Limit' Time in force=GTC Oco='' Filled=0 Fill price=0 Error='No error' Native error='',
7/21/2026 6:54:55 AM,Order,Order='2830774546/PA-APEX-422136-09' Name='Entry' New state='Working' Instrument='MES SEP26' Action='Buy' Limit price=7504 Stop price=0 Quantity=20 Type='Limit' Time in force=GTC Oco='' Filled=0 Fill price=0 Error='No error' Native error='',
7/21/2026 6:54:55 AM,Order,Order='2830774546/PA-APEX-422136-09' Name='Entry' New state='Accepted' Instrument='MES SEP26' Action='Buy' Limit price=7504 Stop price=0 Quantity=20 Type='Limit' Time in force=GTC Oco='' Filled=0 Fill price=0 Error='No error' Native error='',
7/21/2026 6:54:55 AM,Order,Order='2830774546/PA-APEX-422136-09' Name='Entry' New state='Change submitted' Instrument='MES SEP26' Action='Buy' Limit price=7504 Stop price=0 Quantity=20 Type='Limit' Time in force=GTC Oco='' Filled=0 Fill price=0 Error='No error' Native error='',
7/21/2026 6:54:48 AM,Order,Order='2830775418/PA-APEX-422136-08' Name='Entry' New state='Accepted' Instrument='MES SEP26' Action='Buy' Limit price=7504 Stop price=0 Quantity=20 Type='Limit' Time in force=GTC Oco='' Filled=0 Fill price=0 Error='No error' Native error='',
7/21/2026 6:54:48 AM,Order,Order='2830775418/PA-APEX-422136-08' Name='Entry' New state='Working' Instrument='MES SEP26' Action='Buy' Limit price=7504 Stop price=0 Quantity=20 Type='Limit' Time in force=GTC Oco='' Filled=0 Fill price=0 Error='No error' Native error='',
7/21/2026 6:54:48 AM,Order,Order='2830775418/PA-APEX-422136-08' Name='Entry' New state='Change submitted' Instrument='MES SEP26' Action='Buy' Limit price=7504 Stop price=0 Quantity=20 Type='Limit' Time in force=GTC Oco='' Filled=0 Fill price=0 Error='No error' Native error='',
7/21/2026 6:53:36 AM,Order,Order='2830775418/PA-APEX-422136-08' Name='Entry' New state='Accepted' Instrument='MES SEP26' Action='Buy' Limit price=7495 Stop price=0 Quantity=20 Type='Limit' Time in force=GTC Oco='' Filled=0 Fill price=0 Error='No error' Native error='',
7/21/2026 6:53:36 AM,Order,Order='2830775418/PA-APEX-422136-08' Name='Entry' New state='Working' Instrument='MES SEP26' Action='Buy' Limit price=7495 Stop price=0 Quantity=20 Type='Limit' Time in force=GTC Oco='' Filled=0 Fill price=0 Error='No error' Native error='',
7/21/2026 6:53:36 AM,Order,Order='ebb2cf79708b4920b292eb4feab3c50b/PA-APEX-422136-08' Name='Entry' New state='Submitted' Instrument='MES SEP26' Action='Buy' Limit price=7495 Stop price=0 Quantity=20 Type='Limit' Time in force=GTC Oco='' Filled=0 Fill price=0 Error='No error' Native error='',
7/21/2026 6:53:36 AM,Order,Chart Trader submitting order with strategy 'MES MIN SL4 - 7' (Ticks),
7/21/2026 6:53:28 AM,Order,Order='2830774546/PA-APEX-422136-09' Name='Entry' New state='Accepted' Instrument='MES SEP26' Action='Buy' Limit price=7495 Stop price=0 Quantity=20 Type='Limit' Time in force=GTC Oco='' Filled=0 Fill price=0 Error='No error' Native error='',
7/21/2026 6:53:28 AM,Order,Order='2830774546/PA-APEX-422136-09' Name='Entry' New state='Working' Instrument='MES SEP26' Action='Buy' Limit price=7495 Stop price=0 Quantity=20 Type='Limit' Time in force=GTC Oco='' Filled=0 Fill price=0 Error='No error' Native error='',
7/21/2026 6:53:28 AM,Order,Order='182f267e0cc640fa90137600ace75c52/PA-APEX-422136-09' Name='Entry' New state='Submitted' Instrument='MES SEP26' Action='Buy' Limit price=7495 Stop price=0 Quantity=20 Type='Limit' Time in force=GTC Oco='' Filled=0 Fill price=0 Error='No error' Native error='',
7/21/2026 6:53:28 AM,Order,Chart Trader submitting order with strategy 'MES MIN SL4 - 6' (Ticks),
7/21/2026 6:53:10 AM,Order,Order='2830772405/PA-APEX-422136-08' Name='Entry' New state='Accepted' Instrument='MES SEP26' Action='Sell' Limit price=7518.5 Stop price=0 Quantity=20 Type='Limit' Time in force=GTC Oco='' Filled=0 Fill price=0 Error='No error' Native error='',
7/21/2026 6:53:10 AM,Order,Order='2830772405/PA-APEX-422136-08' Name='Entry' New state='Working' Instrument='MES SEP26' Action='Sell' Limit price=7518.5 Stop price=0 Quantity=20 Type='Limit' Time in force=GTC Oco='' Filled=0 Fill price=0 Error='No error' Native error='',
7/21/2026 6:53:10 AM,Order,Order='e2cccd0782e445e1905a77a7a63b43a2/PA-APEX-422136-08' Name='Entry' New state='Submitted' Instrument='MES SEP26' Action='Sell' Limit price=7518.5 Stop price=0 Quantity=20 Type='Limit' Time in force=GTC Oco='' Filled=0 Fill price=0 Error='No error' Native error='',
7/21/2026 6:53:10 AM,Order,Chart Trader submitting order with strategy 'MES MIN SL4 - 5' (Ticks),
7/21/2026 6:52:45 AM,Order,Order='2830770060/PA-APEX-422136-09' Name='Entry' New state='Working' Instrument='MES SEP26' Action='Sell' Limit price=7518.5 Stop price=0 Quantity=20 Type='Limit' Time in force=GTC Oco='' Filled=0 Fill price=0 Error='No error' Native error='',
7/21/2026 6:52:45 AM,Order,Order='2830770060/PA-APEX-422136-09' Name='Entry' New state='Accepted' Instrument='MES SEP26' Action='Sell' Limit price=7518.5 Stop price=0 Quantity=20 Type='Limit' Time in force=GTC Oco='' Filled=0 Fill price=0 Error='No error' Native error='',
7/21/2026 6:52:45 AM,Order,Order='1230b3fd01e84c7e984119d6f91eae46/PA-APEX-422136-09' Name='Entry' New state='Submitted' Instrument='MES SEP26' Action='Sell' Limit price=7518.5 Stop price=0 Quantity=20 Type='Limit' Time in force=GTC Oco='' Filled=0 Fill price=0 Error='No error' Native error='',
7/21/2026 6:52:45 AM,Order,Chart Trader submitting order with strategy 'MES MIN SL4 - 4' (Ticks),
7/21/2026 6:50:27 AM,Order,Order='2830741779/PA-APEX-422136-05' Name='Stop1' New state='Cancelled' Instrument='MES SEP26' Action='Buy to cover' Limit price=0 Stop price=7520.25 Quantity=19 Type='Stop Market' Time in force=GTC Oco='5940eb3de87945f48d1882f2867a85aa' Filled=0 Fill price=0 Error='No error' Native error='',
7/21/2026 6:50:27 AM,Order,Order='2830741827/PA-APEX-422136-03' Name='Stop1' New state='Cancelled' Instrument='MES SEP26' Action='Buy to cover' Limit price=0 Stop price=7520.25 Quantity=19 Type='Stop Market' Time in force=GTC Oco='46305f9af431472d96b8d691b446eb32' Filled=0 Fill price=0 Error='No error' Native error='',
7/21/2026 6:50:27 AM,Order,Order='2830741779/PA-APEX-422136-05' Name='Stop1' New state='Cancel submitted' Instrument='MES SEP26' Action='Buy to cover' Limit price=0 Stop price=7520.25 Quantity=19 Type='Stop Market' Time in force=GTC Oco='5940eb3de87945f48d1882f2867a85aa' Filled=0 Fill price=0 Error='No error' Native error='',
7/21/2026 6:50:27 AM,Order,Order='2830741779/PA-APEX-422136-05' Name='Stop1' New state='Accepted' Instrument='MES SEP26' Action='Buy to cover' Limit price=0 Stop price=7520.25 Quantity=19 Type='Stop Market' Time in force=GTC Oco='5940eb3de87945f48d1882f2867a85aa' Filled=0 Fill price=0 Error='No error' Native error='',
7/21/2026 6:50:27 AM,Order,Order='2830741827/PA-APEX-422136-03' Name='Stop1' New state='Cancel submitted' Instrument='MES SEP26' Action='Buy to cover' Limit price=0 Stop price=7520.25 Quantity=19 Type='Stop Market' Time in force=GTC Oco='46305f9af431472d96b8d691b446eb32' Filled=0 Fill price=0 Error='No error' Native error='',
7/21/2026 6:50:27 AM,Order,Order='2830741827/PA-APEX-422136-03' Name='Stop1' New state='Accepted' Instrument='MES SEP26' Action='Buy to cover' Limit price=0 Stop price=7520.25 Quantity=19 Type='Stop Market' Time in force=GTC Oco='46305f9af431472d96b8d691b446eb32' Filled=0 Fill price=0 Error='No error' Native error='',
7/21/2026 6:50:27 AM,Order,Order='2830741793/PA-APEX-422136-05' Name='Target1' New state='Filled' Instrument='MES SEP26' Action='Buy to cover' Limit price=7514.5 Stop price=0 Quantity=20 Type='Limit' Time in force=GTC Oco='5940eb3de87945f48d1882f2867a85aa' Filled=20 Fill price=7514.5 Error='No error' Native error='',
7/21/2026 6:50:27 AM,Strategy,Cancelling any remaining strategy orders,
7/21/2026 6:50:27 AM,Execution,Execution='1318435,
7/21/2026 6:50:27 AM,Order,Order='2830741842/PA-APEX-422136-03' Name='Target1' New state='Filled' Instrument='MES SEP26' Action='Buy to cover' Limit price=7514.5 Stop price=0 Quantity=20 Type='Limit' Time in force=GTC Oco='46305f9af431472d96b8d691b446eb32' Filled=20 Fill price=7514.5 Error='No error' Native error='',
7/21/2026 6:50:27 AM,Strategy,Cancelling any remaining strategy orders,
7/21/2026 6:50:27 AM,Execution,Execution='1318222,
7/21/2026 6:50:27 AM,Execution,Execution='1318434,
7/21/2026 6:50:27 AM,Order,Order='2830741793/PA-APEX-422136-05' Name='Target1' New state='Partially filled' Instrument='MES SEP26' Action='Buy to cover' Limit price=7514.5 Stop price=0 Quantity=20 Type='Limit' Time in force=GTC Oco='5940eb3de87945f48d1882f2867a85aa' Filled=17 Fill price=7514.5 Error='No error' Native error='',
7/21/2026 6:50:27 AM,Order,Order='2830741793/PA-APEX-422136-05' Name='Target1' New state='Partially filled' Instrument='MES SEP26' Action='Buy to cover' Limit price=7514.5 Stop price=0 Quantity=20 Type='Limit' Time in force=GTC Oco='5940eb3de87945f48d1882f2867a85aa' Filled=12 Fill price=7514.5 Error='No error' Native error='',
7/21/2026 6:50:27 AM,Execution,Execution='1318433,
7/21/2026 6:50:27 AM,Order,Order='2830741842/PA-APEX-422136-03' Name='Target1' New state='Partially filled' Instrument='MES SEP26' Action='Buy to cover' Limit price=7514.5 Stop price=0 Quantity=20 Type='Limit' Time in force=GTC Oco='46305f9af431472d96b8d691b446eb32' Filled=17 Fill price=7514.5 Error='No error' Native error='',
7/21/2026 6:50:27 AM,Execution,Execution='1318221,
7/21/2026 6:50:27 AM,Execution,Execution='1318220,
7/21/2026 6:50:27 AM,Order,Order='2830741842/PA-APEX-422136-03' Name='Target1' New state='Partially filled' Instrument='MES SEP26' Action='Buy to cover' Limit price=7514.5 Stop price=0 Quantity=20 Type='Limit' Time in force=GTC Oco='46305f9af431472d96b8d691b446eb32' Filled=12 Fill price=7514.5 Error='No error' Native error='',
7/21/2026 6:50:27 AM,Order,Order='2830741793/PA-APEX-422136-05' Name='Target1' New state='Partially filled' Instrument='MES SEP26' Action='Buy to cover' Limit price=7514.5 Stop price=0 Quantity=20 Type='Limit' Time in force=GTC Oco='5940eb3de87945f48d1882f2867a85aa' Filled=7 Fill price=7514.5 Error='No error' Native error='',
7/21/2026 6:50:27 AM,Execution,Execution='1318432,
7/21/2026 6:50:27 AM,Order,Order='2830741793/PA-APEX-422136-05' Name='Target1' New state='Partially filled' Instrument='MES SEP26' Action='Buy to cover' Limit price=7514.5 Stop price=0 Quantity=20 Type='Limit' Time in force=GTC Oco='5940eb3de87945f48d1882f2867a85aa' Filled=6 Fill price=7514.5 Error='No error' Native error='',
7/21/2026 6:50:27 AM,Execution,Execution='1318431,
7/21/2026 6:50:27 AM,Order,Order='2830741793/PA-APEX-422136-05' Name='Target1' New state='Partially filled' Instrument='MES SEP26' Action='Buy to cover' Limit price=7514.5 Stop price=0 Quantity=20 Type='Limit' Time in force=GTC Oco='5940eb3de87945f48d1882f2867a85aa' Filled=5 Fill price=7514.5 Error='No error' Native error='',
7/21/2026 6:50:27 AM,Execution,Execution='1318430,
7/21/2026 6:50:27 AM,Execution,Execution='1318429,
7/21/2026 6:50:27 AM,Order,Order='2830741793/PA-APEX-422136-05' Name='Target1' New state='Partially filled' Instrument='MES SEP26' Action='Buy to cover' Limit price=7514.5 Stop price=0 Quantity=20 Type='Limit' Time in force=GTC Oco='5940eb3de87945f48d1882f2867a85aa' Filled=4 Fill price=7514.5 Error='No error' Native error='',
7/21/2026 6:50:27 AM,Order,Order='2830741842/PA-APEX-422136-03' Name='Target1' New state='Partially filled' Instrument='MES SEP26' Action='Buy to cover' Limit price=7514.5 Stop price=0 Quantity=20 Type='Limit' Time in force=GTC Oco='46305f9af431472d96b8d691b446eb32' Filled=7 Fill price=7514.5 Error='No error' Native error='',
7/21/2026 6:50:27 AM,Execution,Execution='1318219,
7/21/2026 6:50:27 AM,Order,Order='2830741842/PA-APEX-422136-03' Name='Target1' New state='Partially filled' Instrument='MES SEP26' Action='Buy to cover' Limit price=7514.5 Stop price=0 Quantity=20 Type='Limit' Time in force=GTC Oco='46305f9af431472d96b8d691b446eb32' Filled=6 Fill price=7514.5 Error='No error' Native error='',
7/21/2026 6:50:27 AM,Execution,Execution='1318218,
7/21/2026 6:50:27 AM,Execution,Execution='1318217,
7/21/2026 6:50:27 AM,Order,Order='2830741842/PA-APEX-422136-03' Name='Target1' New state='Partially filled' Instrument='MES SEP26' Action='Buy to cover' Limit price=7514.5 Stop price=0 Quantity=20 Type='Limit' Time in force=GTC Oco='46305f9af431472d96b8d691b446eb32' Filled=5 Fill price=7514.5 Error='No error' Native error='',
7/21/2026 6:50:27 AM,Order,Order='2830741842/PA-APEX-422136-03' Name='Target1' New state='Partially filled' Instrument='MES SEP26' Action='Buy to cover' Limit price=7514.5 Stop price=0 Quantity=20 Type='Limit' Time in force=GTC Oco='46305f9af431472d96b8d691b446eb32' Filled=4 Fill price=7514.5 Error='No error' Native error='',
7/21/2026 6:50:27 AM,Execution,Execution='1318216,
7/21/2026 6:50:26 AM,Order,Order='2830741793/PA-APEX-422136-05' Name='Target1' New state='Partially filled' Instrument='MES SEP26' Action='Buy to cover' Limit price=7514.5 Stop price=0 Quantity=20 Type='Limit' Time in force=GTC Oco='5940eb3de87945f48d1882f2867a85aa' Filled=3 Fill price=7514.5 Error='No error' Native error='',
7/21/2026 6:50:26 AM,Execution,Execution='1318428,
7/21/2026 6:50:26 AM,Execution,Execution='1318427,
7/21/2026 6:50:26 AM,Order,Order='2830741793/PA-APEX-422136-05' Name='Target1' New state='Partially filled' Instrument='MES SEP26' Action='Buy to cover' Limit price=7514.5 Stop price=0 Quantity=20 Type='Limit' Time in force=GTC Oco='5940eb3de87945f48d1882f2867a85aa' Filled=2 Fill price=7514.5 Error='No error' Native error='',
7/21/2026 6:50:26 AM,Order,Order='2830741842/PA-APEX-422136-03' Name='Target1' New state='Partially filled' Instrument='MES SEP26' Action='Buy to cover' Limit price=7514.5 Stop price=0 Quantity=20 Type='Limit' Time in force=GTC Oco='46305f9af431472d96b8d691b446eb32' Filled=3 Fill price=7514.5 Error='No error' Native error='',
7/21/2026 6:50:26 AM,Execution,Execution='1318215,
7/21/2026 6:50:26 AM,Order,Order='2830741842/PA-APEX-422136-03' Name='Target1' New state='Partially filled' Instrument='MES SEP26' Action='Buy to cover' Limit price=7514.5 Stop price=0 Quantity=20 Type='Limit' Time in force=GTC Oco='46305f9af431472d96b8d691b446eb32' Filled=2 Fill price=7514.5 Error='No error' Native error='',
7/21/2026 6:50:26 AM,Execution,Execution='1318214,
7/21/2026 6:50:26 AM,Order,Order='2830741779/PA-APEX-422136-05' Name='Stop1' New state='Change submitted' Instrument='MES SEP26' Action='Buy to cover' Limit price=0 Stop price=7520.25 Quantity=19 Type='Stop Market' Time in force=GTC Oco='5940eb3de87945f48d1882f2867a85aa' Filled=0 Fill price=0 Error='No error' Native error='',
7/21/2026 6:50:26 AM,Execution,Execution='1318426,
7/21/2026 6:50:26 AM,Order,Order='2830741793/PA-APEX-422136-05' Name='Target1' New state='Partially filled' Instrument='MES SEP26' Action='Buy to cover' Limit price=7514.5 Stop price=0 Quantity=20 Type='Limit' Time in force=GTC Oco='5940eb3de87945f48d1882f2867a85aa' Filled=1 Fill price=7514.5 Error='No error' Native error='',
7/21/2026 6:50:26 AM,Position,Instrument='MES SEP26' Account='PA-APEX-422136-05' Average price=7516.25 Quantity=3 Market position=Flat Operation=Remove,
7/21/2026 6:50:26 AM,Position,Instrument='MES SEP26' Account='PA-APEX-422136-05' Average price=7516.25 Quantity=3 Market position=Short Operation=Update,
7/21/2026 6:50:26 AM,Position,Instrument='MES SEP26' Account='PA-APEX-422136-03' Average price=7516.25 Quantity=3 Market position=Flat Operation=Remove,
7/21/2026 6:50:26 AM,Position,Instrument='MES SEP26' Account='PA-APEX-422136-05' Average price=7516.25 Quantity=8 Market position=Short Operation=Update,
7/21/2026 6:50:26 AM,Position,Instrument='MES SEP26' Account='PA-APEX-422136-03' Average price=7516.25 Quantity=3 Market position=Short Operation=Update,
7/21/2026 6:50:26 AM,Position,Instrument='MES SEP26' Account='PA-APEX-422136-05' Average price=7516.25 Quantity=14 Market position=Short Operation=Update,
7/21/2026 6:50:26 AM,Position,Instrument='MES SEP26' Account='PA-APEX-422136-05' Average price=7516.25 Quantity=15 Market position=Short Operation=Update,
7/21/2026 6:50:26 AM,Position,Instrument='MES SEP26' Account='PA-APEX-422136-03' Average price=7516.25 Quantity=8 Market position=Short Operation=Update,
7/21/2026 6:50:26 AM,Position,Instrument='MES SEP26' Account='PA-APEX-422136-05' Average price=7516.25 Quantity=13 Market position=Short Operation=Update,
7/21/2026 6:50:26 AM,Position,Instrument='MES SEP26' Account='PA-APEX-422136-05' Average price=7516.25 Quantity=16 Market position=Short Operation=Update,
7/21/2026 6:50:26 AM,Position,Instrument='MES SEP26' Account='PA-APEX-422136-03' Average price=7516.25 Quantity=13 Market position=Short Operation=Update,
7/21/2026 6:50:26 AM,Position,Instrument='MES SEP26' Account='PA-APEX-422136-03' Average price=7516.25 Quantity=15 Market position=Short Operation=Update,
7/21/2026 6:50:26 AM,Position,Instrument='MES SEP26' Account='PA-APEX-422136-03' Average price=7516.25 Quantity=14 Market position=Short Operation=Update,
7/21/2026 6:50:26 AM,Position,Instrument='MES SEP26' Account='PA-APEX-422136-05' Average price=7516.25 Quantity=18 Market position=Short Operation=Update,
7/21/2026 6:50:26 AM,Position,Instrument='MES SEP26' Account='PA-APEX-422136-05' Average price=7516.25 Quantity=17 Market position=Short Operation=Update,
7/21/2026 6:50:26 AM,Position,Instrument='MES SEP26' Account='PA-APEX-422136-03' Average price=7516.25 Quantity=16 Market position=Short Operation=Update,
7/21/2026 6:50:26 AM,Position,Instrument='MES SEP26' Account='PA-APEX-422136-03' Average price=7516.25 Quantity=17 Market position=Short Operation=Update,
7/21/2026 6:50:26 AM,Position,Instrument='MES SEP26' Account='PA-APEX-422136-03' Average price=7516.25 Quantity=18 Market position=Short Operation=Update,
7/21/2026 6:50:26 AM,Order,Order='2830741827/PA-APEX-422136-03' Name='Stop1' New state='Change submitted' Instrument='MES SEP26' Action='Buy to cover' Limit price=0 Stop price=7520.25 Quantity=19 Type='Stop Market' Time in force=GTC Oco='46305f9af431472d96b8d691b446eb32' Filled=0 Fill price=0 Error='No error' Native error='',
7/21/2026 6:50:26 AM,Order,Order='2830741842/PA-APEX-422136-03' Name='Target1' New state='Partially filled' Instrument='MES SEP26' Action='Buy to cover' Limit price=7514.5 Stop price=0 Quantity=20 Type='Limit' Time in force=GTC Oco='46305f9af431472d96b8d691b446eb32' Filled=1 Fill price=7514.5 Error='No error' Native error='',
7/21/2026 6:50:26 AM,Execution,Execution='1318213,
7/21/2026 6:50:26 AM,Position,Instrument='MES SEP26' Account='PA-APEX-422136-05' Average price=7516.25 Quantity=19 Market position=Short Operation=Update,
7/21/2026 6:50:26 AM,Position,Instrument='MES SEP26' Account='PA-APEX-422136-03' Average price=7516.25 Quantity=19 Market position=Short Operation=Update,
7/21/2026 6:50:23 AM,Order,Order='2830741842/PA-APEX-422136-03' Name='Target1' New state='Working' Instrument='MES SEP26' Action='Buy to cover' Limit price=7514.5 Stop price=0 Quantity=20 Type='Limit' Time in force=GTC Oco='46305f9af431472d96b8d691b446eb32' Filled=0 Fill price=0 Error='No error' Native error='',
7/21/2026 6:50:23 AM,Order,Order='2830741842/PA-APEX-422136-03' Name='Target1' New state='Accepted' Instrument='MES SEP26' Action='Buy to cover' Limit price=7514.5 Stop price=0 Quantity=20 Type='Limit' Time in force=GTC Oco='46305f9af431472d96b8d691b446eb32' Filled=0 Fill price=0 Error='No error' Native error='',
7/21/2026 6:50:22 AM,Order,Order='2830741827/PA-APEX-422136-03' Name='Stop1' New state='Accepted' Instrument='MES SEP26' Action='Buy to cover' Limit price=0 Stop price=7520.25 Quantity=20 Type='Stop Market' Time in force=GTC Oco='46305f9af431472d96b8d691b446eb32' Filled=0 Fill price=0 Error='No error' Native error='',
7/21/2026 6:50:22 AM,Order,Order='19b8ed361dbc4807889d5412eca452d8/PA-APEX-422136-03' Name='Target1' New state='Submitted' Instrument='MES SEP26' Action='Buy to cover' Limit price=7514.5 Stop price=0 Quantity=20 Type='Limit' Time in force=GTC Oco='46305f9af431472d96b8d691b446eb32' Filled=0 Fill price=0 Error='No error' Native error='',
7/21/2026 6:50:22 AM,Order,Order='75b08cedcfc348b9978af79277b3f480/PA-APEX-422136-03' Name='Stop1' New state='Submitted' Instrument='MES SEP26' Action='Buy to cover' Limit price=0 Stop price=7520.25 Quantity=20 Type='Stop Market' Time in force=GTC Oco='46305f9af431472d96b8d691b446eb32' Filled=0 Fill price=0 Error='No error' Native error='',
7/21/2026 6:50:22 AM,Order,Order='2830741793/PA-APEX-422136-05' Name='Target1' New state='Accepted' Instrument='MES SEP26' Action='Buy to cover' Limit price=7514.5 Stop price=0 Quantity=20 Type='Limit' Time in force=GTC Oco='5940eb3de87945f48d1882f2867a85aa' Filled=0 Fill price=0 Error='No error' Native error='',
7/21/2026 6:50:22 AM,Order,Order='2830741793/PA-APEX-422136-05' Name='Target1' New state='Working' Instrument='MES SEP26' Action='Buy to cover' Limit price=7514.5 Stop price=0 Quantity=20 Type='Limit' Time in force=GTC Oco='5940eb3de87945f48d1882f2867a85aa' Filled=0 Fill price=0 Error='No error' Native error='',
7/21/2026 6:50:22 AM,Order,Order='2830739921/PA-APEX-422136-03' Name='Entry' New state='Filled' Instrument='MES SEP26' Action='Sell' Limit price=7516.25 Stop price=0 Quantity=20 Type='Limit' Time in force=GTC Oco='' Filled=20 Fill price=7516.25 Error='No error' Native error='',
7/21/2026 6:50:22 AM,Execution,Execution='1318573,
7/21/2026 6:50:22 AM,Order,Order='2830739921/PA-APEX-422136-03' Name='Entry' New state='Partially filled' Instrument='MES SEP26' Action='Sell' Limit price=7516.25 Stop price=0 Quantity=20 Type='Limit' Time in force=GTC Oco='' Filled=8 Fill price=7516.25 Error='No error' Native error='',
7/21/2026 6:50:22 AM,Execution,Execution='1318572,
7/21/2026 6:50:22 AM,Position,Instrument='MES SEP26' Account='PA-APEX-422136-03' Average price=7516.25 Quantity=8 Market position=Short Operation=Update,
7/21/2026 6:50:22 AM,Position,Instrument='MES SEP26' Account='PA-APEX-422136-03' Average price=7516.25 Quantity=20 Market position=Short Operation=Update,
7/21/2026 6:50:22 AM,Position,Instrument='MES SEP26' Account='PA-APEX-422136-03' Average price=7516.25 Quantity=7 Market position=Short Operation=Update,
7/21/2026 6:50:22 AM,Order,Order='2830739921/PA-APEX-422136-03' Name='Entry' New state='Partially filled' Instrument='MES SEP26' Action='Sell' Limit price=7516.25 Stop price=0 Quantity=20 Type='Limit' Time in force=GTC Oco='' Filled=7 Fill price=7516.25 Error='No error' Native error='',
7/21/2026 6:50:22 AM,Execution,Execution='1318571,
7/21/2026 6:50:22 AM,Order,Order='2830741779/PA-APEX-422136-05' Name='Stop1' New state='Accepted' Instrument='MES SEP26' Action='Buy to cover' Limit price=0 Stop price=7520.25 Quantity=20 Type='Stop Market' Time in force=GTC Oco='5940eb3de87945f48d1882f2867a85aa' Filled=0 Fill price=0 Error='No error' Native error='',
7/21/2026 6:50:22 AM,Order,Order='41ba7310f2844b27a43452631d63be70/PA-APEX-422136-05' Name='Target1' New state='Submitted' Instrument='MES SEP26' Action='Buy to cover' Limit price=7514.5 Stop price=0 Quantity=20 Type='Limit' Time in force=GTC Oco='5940eb3de87945f48d1882f2867a85aa' Filled=0 Fill price=0 Error='No error' Native error='',
7/21/2026 6:50:22 AM,Order,Order='f0c3b8b43f3349fcb830b54efd8911e7/PA-APEX-422136-05' Name='Stop1' New state='Submitted' Instrument='MES SEP26' Action='Buy to cover' Limit price=0 Stop price=7520.25 Quantity=20 Type='Stop Market' Time in force=GTC Oco='5940eb3de87945f48d1882f2867a85aa' Filled=0 Fill price=0 Error='No error' Native error='',
7/21/2026 6:50:22 AM,Position,Instrument='MES SEP26' Account='PA-APEX-422136-03' Average price=7516.25 Quantity=6 Market position=Short Operation=Update,
7/21/2026 6:50:22 AM,Execution,Execution='1318560,
7/21/2026 6:50:22 AM,Order,Order='2830739921/PA-APEX-422136-03' Name='Entry' New state='Partially filled' Instrument='MES SEP26' Action='Sell' Limit price=7516.25 Stop price=0 Quantity=20 Type='Limit' Time in force=GTC Oco='' Filled=6 Fill price=7516.25 Error='No error' Native error='',
7/21/2026 6:50:22 AM,Order,Order='2830739921/PA-APEX-422136-03' Name='Entry' New state='Partially filled' Instrument='MES SEP26' Action='Sell' Limit price=7516.25 Stop price=0 Quantity=20 Type='Limit' Time in force=GTC Oco='' Filled=4 Fill price=7516.25 Error='No error' Native error='',
7/21/2026 6:50:22 AM,Position,Instrument='MES SEP26' Account='PA-APEX-422136-03' Average price=7516.25 Quantity=4 Market position=Short Operation=Update,
7/21/2026 6:50:22 AM,Execution,Execution='1318559,
7/21/2026 6:50:22 AM,Order,Order='2830709210/PA-APEX-422136-05' Name='Entry' New state='Filled' Instrument='MES SEP26' Action='Sell' Limit price=7516.25 Stop price=0 Quantity=20 Type='Limit' Time in force=GTC Oco='' Filled=20 Fill price=7516.25 Error='No error' Native error='',
7/21/2026 6:50:22 AM,Execution,Execution='1317033,
7/21/2026 6:50:22 AM,Position,Instrument='MES SEP26' Account='PA-APEX-422136-05' Average price=7516.25 Quantity=20 Market position=Short Operation=Update,
7/21/2026 6:50:22 AM,Execution,Execution='1318549,
7/21/2026 6:50:22 AM,Position,Instrument='MES SEP26' Account='PA-APEX-422136-03' Average price=7516.25 Quantity=2 Market position=Short Operation=Update,
7/21/2026 6:50:22 AM,Order,Order='2830739921/PA-APEX-422136-03' Name='Entry' New state='Partially filled' Instrument='MES SEP26' Action='Sell' Limit price=7516.25 Stop price=0 Quantity=20 Type='Limit' Time in force=GTC Oco='' Filled=2 Fill price=7516.25 Error='No error' Native error='',
7/21/2026 6:50:22 AM,Position,Instrument='MES SEP26' Account='PA-APEX-422136-03' Average price=7516.25 Quantity=1 Market position=Short Operation=Operation_Add,
7/21/2026 6:50:22 AM,Order,Order='2830739921/PA-APEX-422136-03' Name='Entry' New state='Partially filled' Instrument='MES SEP26' Action='Sell' Limit price=7516.25 Stop price=0 Quantity=20 Type='Limit' Time in force=GTC Oco='' Filled=1 Fill price=7516.25 Error='No error' Native error='',
7/21/2026 6:50:22 AM,Execution,Execution='1318548,
7/21/2026 6:50:22 AM,Execution,Execution='1317031,
7/21/2026 6:50:22 AM,Position,Instrument='MES SEP26' Account='PA-APEX-422136-05' Average price=7516.25 Quantity=19 Market position=Short Operation=Update,
7/21/2026 6:50:22 AM,Position,Instrument='MES SEP26' Account='PA-APEX-422136-05' Average price=7516.25 Quantity=15 Market position=Short Operation=Update,
7/21/2026 6:50:22 AM,Order,Order='2830709210/PA-APEX-422136-05' Name='Entry' New state='Partially filled' Instrument='MES SEP26' Action='Sell' Limit price=7516.25 Stop price=0 Quantity=20 Type='Limit' Time in force=GTC Oco='' Filled=19 Fill price=7516.25 Error='No error' Native error='',
7/21/2026 6:50:22 AM,Execution,Execution='1317030,
7/21/2026 6:50:22 AM,Order,Order='2830709210/PA-APEX-422136-05' Name='Entry' New state='Partially filled' Instrument='MES SEP26' Action='Sell' Limit price=7516.25 Stop price=0 Quantity=20 Type='Limit' Time in force=GTC Oco='' Filled=15 Fill price=7516.25 Error='No error' Native error='',
7/21/2026 6:50:22 AM,Execution,Execution='1317028,
7/21/2026 6:50:22 AM,Order,Order='2830709210/PA-APEX-422136-05' Name='Entry' New state='Partially filled' Instrument='MES SEP26' Action='Sell' Limit price=7516.25 Stop price=0 Quantity=20 Type='Limit' Time in force=GTC Oco='' Filled=11 Fill price=7516.25 Error='No error' Native error='',
7/21/2026 6:50:22 AM,Position,Instrument='MES SEP26' Account='PA-APEX-422136-05' Average price=7516.25 Quantity=11 Market position=Short Operation=Update,
7/21/2026 6:50:22 AM,Position,Instrument='MES SEP26' Account='PA-APEX-422136-05' Average price=7516.25 Quantity=10 Market position=Short Operation=Update,
7/21/2026 6:50:22 AM,Execution,Execution='1317027,
7/21/2026 6:50:22 AM,Order,Order='2830709210/PA-APEX-422136-05' Name='Entry' New state='Partially filled' Instrument='MES SEP26' Action='Sell' Limit price=7516.25 Stop price=0 Quantity=20 Type='Limit' Time in force=GTC Oco='' Filled=10 Fill price=7516.25 Error='No error' Native error='',
7/21/2026 6:50:22 AM,Execution,Execution='1317026,
7/21/2026 6:50:22 AM,Order,Order='2830709210/PA-APEX-422136-05' Name='Entry' New state='Partially filled' Instrument='MES SEP26' Action='Sell' Limit price=7516.25 Stop price=0 Quantity=20 Type='Limit' Time in force=GTC Oco='' Filled=9 Fill price=7516.25 Error='No error' Native error='',
7/21/2026 6:50:22 AM,Order,Order='2830709210/PA-APEX-422136-05' Name='Entry' New state='Partially filled' Instrument='MES SEP26' Action='Sell' Limit price=7516.25 Stop price=0 Quantity=20 Type='Limit' Time in force=GTC Oco='' Filled=8 Fill price=7516.25 Error='No error' Native error='',
7/21/2026 6:50:22 AM,Execution,Execution='1317024,
7/21/2026 6:50:22 AM,Execution,Execution='1317025,
7/21/2026 6:50:22 AM,Execution,Execution='1317023,
7/21/2026 6:50:22 AM,Position,Instrument='MES SEP26' Account='PA-APEX-422136-05' Average price=7516.25 Quantity=8 Market position=Short Operation=Update,
7/21/2026 6:50:22 AM,Order,Order='2830709210/PA-APEX-422136-05' Name='Entry' New state='Partially filled' Instrument='MES SEP26' Action='Sell' Limit price=7516.25 Stop price=0 Quantity=20 Type='Limit' Time in force=GTC Oco='' Filled=7 Fill price=7516.25 Error='No error' Native error='',
7/21/2026 6:50:22 AM,Position,Instrument='MES SEP26' Account='PA-APEX-422136-05' Average price=7516.25 Quantity=9 Market position=Short Operation=Update,
7/21/2026 6:50:22 AM,Execution,Execution='1317022,
7/21/2026 6:50:22 AM,Order,Order='2830709210/PA-APEX-422136-05' Name='Entry' New state='Partially filled' Instrument='MES SEP26' Action='Sell' Limit price=7516.25 Stop price=0 Quantity=20 Type='Limit' Time in force=GTC Oco='' Filled=6 Fill price=7516.25 Error='No error' Native error='',
7/21/2026 6:50:22 AM,Position,Instrument='MES SEP26' Account='PA-APEX-422136-05' Average price=7516.25 Quantity=7 Market position=Short Operation=Update,
7/21/2026 6:50:22 AM,Order,Order='2830709210/PA-APEX-422136-05' Name='Entry' New state='Partially filled' Instrument='MES SEP26' Action='Sell' Limit price=7516.25 Stop price=0 Quantity=20 Type='Limit' Time in force=GTC Oco='' Filled=5 Fill price=7516.25 Error='No error' Native error='',
7/21/2026 6:50:22 AM,Position,Instrument='MES SEP26' Account='PA-APEX-422136-05' Average price=7516.25 Quantity=6 Market position=Short Operation=Update,
7/21/2026 6:50:22 AM,Position,Instrument='MES SEP26' Account='PA-APEX-422136-05' Average price=7516.25 Quantity=5 Market position=Short Operation=Operation_Add,
7/21/2026 6:50:22 AM,Order,Order='2830739921/PA-APEX-422136-03' Name='Entry' New state='Working' Instrument='MES SEP26' Action='Sell' Limit price=7516.25 Stop price=0 Quantity=20 Type='Limit' Time in force=GTC Oco='' Filled=0 Fill price=0 Error='No error' Native error='',
7/21/2026 6:50:22 AM,Order,Order='2830739921/PA-APEX-422136-03' Name='Entry' New state='Accepted' Instrument='MES SEP26' Action='Sell' Limit price=7516.25 Stop price=0 Quantity=20 Type='Limit' Time in force=GTC Oco='' Filled=0 Fill price=0 Error='No error' Native error='',
7/21/2026 6:50:22 AM,Order,Order='2830709210/PA-APEX-422136-05' Name='Entry' New state='Accepted' Instrument='MES SEP26' Action='Sell' Limit price=7516.25 Stop price=0 Quantity=20 Type='Limit' Time in force=GTC Oco='' Filled=0 Fill price=0 Error='No error' Native error='',
7/21/2026 6:50:22 AM,Order,Order='2830709210/PA-APEX-422136-05' Name='Entry' New state='Working' Instrument='MES SEP26' Action='Sell' Limit price=7516.25 Stop price=0 Quantity=20 Type='Limit' Time in force=GTC Oco='' Filled=0 Fill price=0 Error='No error' Native error='',
7/21/2026 6:50:22 AM,Order,Auto chase price modification to '7516.25',
7/21/2026 6:50:22 AM,Order,Order='2830739921/PA-APEX-422136-03' Name='Entry' New state='Change submitted' Instrument='MES SEP26' Action='Sell' Limit price=7516.25 Stop price=0 Quantity=20 Type='Limit' Time in force=GTC Oco='' Filled=0 Fill price=0 Error='No error' Native error='',
7/21/2026 6:50:22 AM,Order,Order='2830709210/PA-APEX-422136-05' Name='Entry' New state='Change submitted' Instrument='MES SEP26' Action='Sell' Limit price=7516.25 Stop price=0 Quantity=20 Type='Limit' Time in force=GTC Oco='' Filled=0 Fill price=0 Error='No error' Native error='',
7/21/2026 6:50:22 AM,Order,Auto chase price modification to '7516.25',
7/21/2026 6:50:14 AM,Order,Order='2830739921/PA-APEX-422136-03' Name='Entry' New state='Accepted' Instrument='MES SEP26' Action='Sell' Limit price=7516.5 Stop price=0 Quantity=20 Type='Limit' Time in force=GTC Oco='' Filled=0 Fill price=0 Error='No error' Native error='',
7/21/2026 6:50:14 AM,Order,Order='2830739921/PA-APEX-422136-03' Name='Entry' New state='Working' Instrument='MES SEP26' Action='Sell' Limit price=7516.5 Stop price=0 Quantity=20 Type='Limit' Time in force=GTC Oco='' Filled=0 Fill price=0 Error='No error' Native error='',
7/21/2026 6:50:14 AM,Order,Order='f779913825114691842988bff5a58b04/PA-APEX-422136-03' Name='Entry' New state='Submitted' Instrument='MES SEP26' Action='Sell' Limit price=7516.5 Stop price=0 Quantity=20 Type='Limit' Time in force=GTC Oco='' Filled=0 Fill price=0 Error='No error' Native error='',
7/21/2026 6:50:14 AM,Order,Chart Trader submitting order with strategy 'MES MIN SL4 - 4' (Ticks),
7/21/2026 6:49:41 AM,Order,Order='2830709210/PA-APEX-422136-05' Name='Entry' New state='Accepted' Instrument='MES SEP26' Action='Sell' Limit price=7516.5 Stop price=0 Quantity=20 Type='Limit' Time in force=GTC Oco='' Filled=0 Fill price=0 Error='No error' Native error='',
7/21/2026 6:49:41 AM,Order,Order='2830709210/PA-APEX-422136-05' Name='Entry' New state='Working' Instrument='MES SEP26' Action='Sell' Limit price=7516.5 Stop price=0 Quantity=20 Type='Limit' Time in force=GTC Oco='' Filled=0 Fill price=0 Error='No error' Native error='',
7/21/2026 6:49:41 AM,Order,Order='2830709210/PA-APEX-422136-05' Name='Entry' New state='Change submitted' Instrument='MES SEP26' Action='Sell' Limit price=7516.5 Stop price=0 Quantity=20 Type='Limit' Time in force=GTC Oco='' Filled=0 Fill price=0 Error='No error' Native error='',
7/21/2026 6:49:34 AM,Order,Order='2830707043/PA-APEX-422136-05' Name='Entry' New state='Cancelled' Instrument='MES SEP26' Action='Buy' Limit price=7495 Stop price=0 Quantity=20 Type='Limit' Time in force=GTC Oco='' Filled=0 Fill price=0 Error='No error' Native error='',
7/21/2026 6:49:34 AM,Order,Order='2830707043/PA-APEX-422136-05' Name='Entry' New state='Cancel submitted' Instrument='MES SEP26' Action='Buy' Limit price=7495 Stop price=0 Quantity=20 Type='Limit' Time in force=GTC Oco='' Filled=0 Fill price=0 Error='No error' Native error='',
7/21/2026 6:49:08 AM,Order,Order='2830729418/PA-APEX-422136-03' Name='Entry' New state='Accepted' Instrument='MGC AUG26' Action='Buy' Limit price=4043 Stop price=0 Quantity=10 Type='Limit' Time in force=GTC Oco='' Filled=0 Fill price=0 Error='No error' Native error='',
7/21/2026 6:49:08 AM,Order,Order='2830729418/PA-APEX-422136-03' Name='Entry' New state='Working' Instrument='MGC AUG26' Action='Buy' Limit price=4043 Stop price=0 Quantity=10 Type='Limit' Time in force=GTC Oco='' Filled=0 Fill price=0 Error='No error' Native error='',
7/21/2026 6:49:08 AM,Order,Order='151101765edc4410aa69f74c49b971c7/PA-APEX-422136-03' Name='Entry' New state='Submitted' Instrument='MGC AUG26' Action='Buy' Limit price=4043 Stop price=0 Quantity=10 Type='Limit' Time in force=GTC Oco='' Filled=0 Fill price=0 Error='No error' Native error='',
7/21/2026 6:49:08 AM,Order,Chart Trader submitting order with strategy 'MGC MIN SL4 - 3' (Ticks),
7/21/2026 6:48:18 AM,Order,Order='2830712760/PA-APEX-422136-04' Name='Entry' New state='Cancelled' Instrument='MGC AUG26' Action='Buy' Limit price=4043 Stop price=0 Quantity=10 Type='Limit' Time in force=GTC Oco='' Filled=0 Fill price=0 Error='No error' Native error='',
7/21/2026 6:48:18 AM,Order,Order='2830712760/PA-APEX-422136-04' Name='Entry' New state='Cancel submitted' Instrument='MGC AUG26' Action='Buy' Limit price=4043 Stop price=0 Quantity=10 Type='Limit' Time in force=GTC Oco='' Filled=0 Fill price=0 Error='No error' Native error='',
7/21/2026 6:47:13 AM,Order,Order='2830712760/PA-APEX-422136-04' Name='Entry' New state='Accepted' Instrument='MGC AUG26' Action='Buy' Limit price=4043 Stop price=0 Quantity=10 Type='Limit' Time in force=GTC Oco='' Filled=0 Fill price=0 Error='No error' Native error='',
7/21/2026 6:47:13 AM,Order,Order='2830712760/PA-APEX-422136-04' Name='Entry' New state='Working' Instrument='MGC AUG26' Action='Buy' Limit price=4043 Stop price=0 Quantity=10 Type='Limit' Time in force=GTC Oco='' Filled=0 Fill price=0 Error='No error' Native error='',
7/21/2026 6:47:13 AM,Order,Order='cebd233f84a147e79419882dd806d9bd/PA-APEX-422136-04' Name='Entry' New state='Submitted' Instrument='MGC AUG26' Action='Buy' Limit price=4043 Stop price=0 Quantity=10 Type='Limit' Time in force=GTC Oco='' Filled=0 Fill price=0 Error='No error' Native error='',
7/21/2026 6:47:13 AM,Order,Chart Trader submitting order with strategy 'MGC MIN SL4 - 3' (Ticks),
7/21/2026 6:46:51 AM,Order,Order='2830709210/PA-APEX-422136-05' Name='Entry' New state='Accepted' Instrument='MES SEP26' Action='Sell' Limit price=7516 Stop price=0 Quantity=20 Type='Limit' Time in force=GTC Oco='' Filled=0 Fill price=0 Error='No error' Native error='',
7/21/2026 6:46:51 AM,Order,Order='2830709210/PA-APEX-422136-05' Name='Entry' New state='Working' Instrument='MES SEP26' Action='Sell' Limit price=7516 Stop price=0 Quantity=20 Type='Limit' Time in force=GTC Oco='' Filled=0 Fill price=0 Error='No error' Native error='',
7/21/2026 6:46:51 AM,Order,Order='777ae028db0e44ae9beabd550fb107ca/PA-APEX-422136-05' Name='Entry' New state='Submitted' Instrument='MES SEP26' Action='Sell' Limit price=7516 Stop price=0 Quantity=20 Type='Limit' Time in force=GTC Oco='' Filled=0 Fill price=0 Error='No error' Native error='',
7/21/2026 6:46:51 AM,Order,Chart Trader submitting order with strategy 'MES MIN SL4 - 2' (Ticks),
7/21/2026 6:46:37 AM,Order,Order='2830707043/PA-APEX-422136-05' Name='Entry' New state='Working' Instrument='MES SEP26' Action='Buy' Limit price=7495 Stop price=0 Quantity=20 Type='Limit' Time in force=GTC Oco='' Filled=0 Fill price=0 Error='No error' Native error='',
7/21/2026 6:46:37 AM,Order,Order='2830707043/PA-APEX-422136-05' Name='Entry' New state='Accepted' Instrument='MES SEP26' Action='Buy' Limit price=7495 Stop price=0 Quantity=20 Type='Limit' Time in force=GTC Oco='' Filled=0 Fill price=0 Error='No error' Native error='',
7/21/2026 6:46:37 AM,Order,Order='b68985f70ecd48d5be879f89a7386153/PA-APEX-422136-05' Name='Entry' New state='Submitted' Instrument='MES SEP26' Action='Buy' Limit price=7495 Stop price=0 Quantity=20 Type='Limit' Time in force=GTC Oco='' Filled=0 Fill price=0 Error='No error' Native error='',
7/21/2026 6:46:37 AM,Order,Chart Trader submitting order with strategy 'MES MIN SL4 - 1' (Ticks),
7/21/2026 6:46:00 AM,Order,Order='2830700466/PA-APEX-422136-05' Name='Entry' New state='Cancelled' Instrument='MES SEP26' Action='Buy' Limit price=7495 Stop price=0 Quantity=20 Type='Limit' Time in force=GTC Oco='' Filled=0 Fill price=0 Error='No error' Native error='',
7/21/2026 6:46:00 AM,Order,Order='2830700466/PA-APEX-422136-05' Name='Entry' New state='Cancel submitted' Instrument='MES SEP26' Action='Buy' Limit price=7495 Stop price=0 Quantity=20 Type='Limit' Time in force=GTC Oco='' Filled=0 Fill price=0 Error='No error' Native error='',
7/21/2026 6:45:51 AM,Order,Order='2830700466/PA-APEX-422136-05' Name='Entry' New state='Working' Instrument='MES SEP26' Action='Buy' Limit price=7495 Stop price=0 Quantity=20 Type='Limit' Time in force=GTC Oco='' Filled=0 Fill price=0 Error='No error' Native error='',
7/21/2026 6:45:51 AM,Order,Order='2830700466/PA-APEX-422136-05' Name='Entry' New state='Accepted' Instrument='MES SEP26' Action='Buy' Limit price=7495 Stop price=0 Quantity=20 Type='Limit' Time in force=GTC Oco='' Filled=0 Fill price=0 Error='No error' Native error='',
7/21/2026 6:45:51 AM,Order,Order='c397cce5e1ef4570b9fa8856f72ec019/PA-APEX-422136-05' Name='Entry' New state='Submitted' Instrument='MES SEP26' Action='Buy' Limit price=7495 Stop price=0 Quantity=20 Type='Limit' Time in force=GTC Oco='' Filled=0 Fill price=0 Error='No error' Native error='',
7/21/2026 6:45:51 AM,Order,Chart Trader submitting order with strategy 'MES MIN SL4 - 1' (Ticks),
7/21/2026 6:45:17 AM,Order,Order='2830616167/PA-APEX-422136-04' Name='Entry' New state='Cancelled' Instrument='MES SEP26' Action='Sell' Limit price=7531 Stop price=0 Quantity=20 Type='Limit' Time in force=GTC Oco='' Filled=0 Fill price=0 Error='No error' Native error='',
7/21/2026 6:45:17 AM,Order,Order='2830616167/PA-APEX-422136-04' Name='Entry' New state='Cancel submitted' Instrument='MES SEP26' Action='Sell' Limit price=7531 Stop price=0 Quantity=20 Type='Limit' Time in force=GTC Oco='' Filled=0 Fill price=0 Error='No error' Native error='',
7/21/2026 6:45:16 AM,Order,Order='2830618008/PA-APEX-422136-06' Name='Entry' New state='Cancelled' Instrument='MES SEP26' Action='Sell' Limit price=7531 Stop price=0 Quantity=20 Type='Limit' Time in force=GTC Oco='' Filled=0 Fill price=0 Error='No error' Native error='',
7/21/2026 6:45:16 AM,Order,Order='2830618008/PA-APEX-422136-06' Name='Entry' New state='Cancel submitted' Instrument='MES SEP26' Action='Sell' Limit price=7531 Stop price=0 Quantity=20 Type='Limit' Time in force=GTC Oco='' Filled=0 Fill price=0 Error='No error' Native error='',
7/21/2026 6:44:18 AM,Order,Order='2830647812/PA-APEX-422136-04' Name='Target1' New state='Cancelled' Instrument='MES SEP26' Action='Sell' Limit price=7512 Stop price=0 Quantity=20 Type='Limit' Time in force=GTC Oco='8c788f70185e4f09b134d5aea1a0b083' Filled=0 Fill price=0 Error='No error' Native error='',
7/21/2026 6:44:17 AM,Strategy,Cancelling any remaining strategy orders,
7/21/2026 6:44:17 AM,Order,Order='2830647811/PA-APEX-422136-06' Name='Target1' New state='Cancelled' Instrument='MES SEP26' Action='Sell' Limit price=7512 Stop price=0 Quantity=20 Type='Limit' Time in force=GTC Oco='2f24b0f8d2aa467abd0df329e0b44814' Filled=0 Fill price=0 Error='No error' Native error='',
7/21/2026 6:44:17 AM,Strategy,Cancelling any remaining strategy orders,
7/21/2026 6:44:17 AM,Execution,Execution='1311976,
7/21/2026 6:44:17 AM,Order,Order='2830647812/PA-APEX-422136-04' Name='Target1' New state='Cancel submitted' Instrument='MES SEP26' Action='Sell' Limit price=7512 Stop price=0 Quantity=20 Type='Limit' Time in force=GTC Oco='8c788f70185e4f09b134d5aea1a0b083' Filled=0 Fill price=0 Error='No error' Native error='',
7/21/2026 6:44:17 AM,Order,Order='2830647810/PA-APEX-422136-04' Name='Stop1' New state='Filled' Instrument='MES SEP26' Action='Sell' Limit price=0 Stop price=7506 Quantity=20 Type='Stop Market' Time in force=GTC Oco='8c788f70185e4f09b134d5aea1a0b083' Filled=20 Fill price=7506 Error='No error' Native error='',
7/21/2026 6:44:17 AM,Order,Order='2830647811/PA-APEX-422136-06' Name='Target1' New state='Cancel submitted' Instrument='MES SEP26' Action='Sell' Limit price=7512 Stop price=0 Quantity=20 Type='Limit' Time in force=GTC Oco='2f24b0f8d2aa467abd0df329e0b44814' Filled=0 Fill price=0 Error='No error' Native error='',
7/21/2026 6:44:17 AM,Order,Order='2830647810/PA-APEX-422136-04' Name='Stop1' New state='Working' Instrument='MES SEP26' Action='Sell' Limit price=0 Stop price=7506 Quantity=20 Type='Stop Market' Time in force=GTC Oco='8c788f70185e4f09b134d5aea1a0b083' Filled=0 Fill price=0 Error='No error' Native error='',
7/21/2026 6:44:17 AM,Order,Order='2830647808/PA-APEX-422136-06' Name='Stop1' New state='Filled' Instrument='MES SEP26' Action='Sell' Limit price=0 Stop price=7506 Quantity=20 Type='Stop Market' Time in force=GTC Oco='2f24b0f8d2aa467abd0df329e0b44814' Filled=20 Fill price=7506 Error='No error' Native error='',
7/21/2026 6:44:17 AM,Execution,Execution='1313179,
7/21/2026 6:44:17 AM,Order,Order='2830647808/PA-APEX-422136-06' Name='Stop1' New state='Working' Instrument='MES SEP26' Action='Sell' Limit price=0 Stop price=7506 Quantity=20 Type='Stop Market' Time in force=GTC Oco='2f24b0f8d2aa467abd0df329e0b44814' Filled=0 Fill price=0 Error='No error' Native error='',
7/21/2026 6:44:17 AM,Position,Instrument='MES SEP26' Account='PA-APEX-422136-06' Average price=7510 Quantity=20 Market position=Flat Operation=Remove,
7/21/2026 6:44:17 AM,Position,Instrument='MES SEP26' Account='PA-APEX-422136-04' Average price=7510 Quantity=20 Market position=Flat Operation=Remove,
7/21/2026 6:40:26 AM,Order,Order='2830647812/PA-APEX-422136-04' Name='Target1' New state='Working' Instrument='MES SEP26' Action='Sell' Limit price=7512 Stop price=0 Quantity=20 Type='Limit' Time in force=GTC Oco='8c788f70185e4f09b134d5aea1a0b083' Filled=0 Fill price=0 Error='No error' Native error='',
7/21/2026 6:40:26 AM,Order,Order='2830647811/PA-APEX-422136-06' Name='Target1' New state='Accepted' Instrument='MES SEP26' Action='Sell' Limit price=7512 Stop price=0 Quantity=20 Type='Limit' Time in force=GTC Oco='2f24b0f8d2aa467abd0df329e0b44814' Filled=0 Fill price=0 Error='No error' Native error='',
7/21/2026 6:40:26 AM,Order,Order='2830647811/PA-APEX-422136-06' Name='Target1' New state='Working' Instrument='MES SEP26' Action='Sell' Limit price=7512 Stop price=0 Quantity=20 Type='Limit' Time in force=GTC Oco='2f24b0f8d2aa467abd0df329e0b44814' Filled=0 Fill price=0 Error='No error' Native error='',
7/21/2026 6:40:26 AM,Order,Order='2830647812/PA-APEX-422136-04' Name='Target1' New state='Accepted' Instrument='MES SEP26' Action='Sell' Limit price=7512 Stop price=0 Quantity=20 Type='Limit' Time in force=GTC Oco='8c788f70185e4f09b134d5aea1a0b083' Filled=0 Fill price=0 Error='No error' Native error='',
7/21/2026 6:40:26 AM,Order,Order='2830647810/PA-APEX-422136-04' Name='Stop1' New state='Accepted' Instrument='MES SEP26' Action='Sell' Limit price=0 Stop price=7506 Quantity=20 Type='Stop Market' Time in force=GTC Oco='8c788f70185e4f09b134d5aea1a0b083' Filled=0 Fill price=0 Error='No error' Native error='',
7/21/2026 6:40:26 AM,Order,Order='2830647808/PA-APEX-422136-06' Name='Stop1' New state='Accepted' Instrument='MES SEP26' Action='Sell' Limit price=0 Stop price=7506 Quantity=20 Type='Stop Market' Time in force=GTC Oco='2f24b0f8d2aa467abd0df329e0b44814' Filled=0 Fill price=0 Error='No error' Native error='',
7/21/2026 6:40:26 AM,Order,Order='1de5f2d229f448e78455b9c46edcbe54/PA-APEX-422136-04' Name='Target1' New state='Submitted' Instrument='MES SEP26' Action='Sell' Limit price=7512 Stop price=0 Quantity=20 Type='Limit' Time in force=GTC Oco='8c788f70185e4f09b134d5aea1a0b083' Filled=0 Fill price=0 Error='No error' Native error='',
7/21/2026 6:40:26 AM,Order,Order='2382cf66f02e4ec29d618c523fc4fdf3/PA-APEX-422136-06' Name='Target1' New state='Submitted' Instrument='MES SEP26' Action='Sell' Limit price=7512 Stop price=0 Quantity=20 Type='Limit' Time in force=GTC Oco='2f24b0f8d2aa467abd0df329e0b44814' Filled=0 Fill price=0 Error='No error' Native error='',
7/21/2026 6:40:26 AM,Order,Order='9d096b1b09b14d009f0d55b8c04d0fe1/PA-APEX-422136-06' Name='Stop1' New state='Submitted' Instrument='MES SEP26' Action='Sell' Limit price=0 Stop price=7506 Quantity=20 Type='Stop Market' Time in force=GTC Oco='2f24b0f8d2aa467abd0df329e0b44814' Filled=0 Fill price=0 Error='No error' Native error='',
7/21/2026 6:40:26 AM,Order,Order='acf31335f5744e729298a1016eb8b38d/PA-APEX-422136-04' Name='Stop1' New state='Submitted' Instrument='MES SEP26' Action='Sell' Limit price=0 Stop price=7506 Quantity=20 Type='Stop Market' Time in force=GTC Oco='8c788f70185e4f09b134d5aea1a0b083' Filled=0 Fill price=0 Error='No error' Native error='',
7/21/2026 6:40:26 AM,Order,Order='2830598578/PA-APEX-422136-04' Name='Entry' New state='Filled' Instrument='MES SEP26' Action='Buy' Limit price=7510 Stop price=0 Quantity=20 Type='Limit' Time in force=GTC Oco='' Filled=20 Fill price=7510 Error='No error' Native error='',
7/21/2026 6:40:26 AM,Execution,Execution='1308035,
7/21/2026 6:40:26 AM,Execution,Execution='1308034,
7/21/2026 6:40:26 AM,Order,Order='2830598578/PA-APEX-422136-04' Name='Entry' New state='Partially filled' Instrument='MES SEP26' Action='Buy' Limit price=7510 Stop price=0 Quantity=20 Type='Limit' Time in force=GTC Oco='' Filled=19 Fill price=7510 Error='No error' Native error='',
7/21/2026 6:40:26 AM,Execution,Execution='1308033,
7/21/2026 6:40:26 AM,Execution,Execution='1308032,
7/21/2026 6:40:26 AM,Order,Order='2830598578/PA-APEX-422136-04' Name='Entry' New state='Partially filled' Instrument='MES SEP26' Action='Buy' Limit price=7510 Stop price=0 Quantity=20 Type='Limit' Time in force=GTC Oco='' Filled=17 Fill price=7510 Error='No error' Native error='',
7/21/2026 6:40:26 AM,Order,Order='2830598578/PA-APEX-422136-04' Name='Entry' New state='Partially filled' Instrument='MES SEP26' Action='Buy' Limit price=7510 Stop price=0 Quantity=20 Type='Limit' Time in force=GTC Oco='' Filled=9 Fill price=7510 Error='No error' Native error='',
7/21/2026 6:40:26 AM,Order,Order='2830596706/PA-APEX-422136-06' Name='Entry' New state='Filled' Instrument='MES SEP26' Action='Buy' Limit price=7510 Stop price=0 Quantity=20 Type='Limit' Time in force=GTC Oco='' Filled=20 Fill price=7510 Error='No error' Native error='',
7/21/2026 6:40:26 AM,Execution,Execution='1305506,
7/21/2026 6:40:26 AM,Position,Instrument='MES SEP26' Account='PA-APEX-422136-04' Average price=7510 Quantity=17 Market position=Long Operation=Update,
7/21/2026 6:40:26 AM,Position,Instrument='MES SEP26' Account='PA-APEX-422136-04' Average price=7510 Quantity=19 Market position=Long Operation=Update,
7/21/2026 6:40:26 AM,Position,Instrument='MES SEP26' Account='PA-APEX-422136-04' Average price=7510 Quantity=20 Market position=Long Operation=Update,
7/21/2026 6:40:26 AM,Position,Instrument='MES SEP26' Account='PA-APEX-422136-06' Average price=7510 Quantity=15 Market position=Long Operation=Update,
7/21/2026 6:40:26 AM,Position,Instrument='MES SEP26' Account='PA-APEX-422136-06' Average price=7510 Quantity=20 Market position=Long Operation=Update,
7/21/2026 6:40:26 AM,Position,Instrument='MES SEP26' Account='PA-APEX-422136-04' Average price=7510 Quantity=9 Market position=Long Operation=Update,
7/21/2026 6:40:26 AM,Execution,Execution='1308028,
7/21/2026 6:40:26 AM,Execution,Execution='1305505,
7/21/2026 6:40:26 AM,Execution,Execution='1305503,
7/21/2026 6:40:26 AM,Position,Instrument='MES SEP26' Account='PA-APEX-422136-06' Average price=7510 Quantity=7 Market position=Long Operation=Update,
7/21/2026 6:40:26 AM,Position,Instrument='MES SEP26' Account='PA-APEX-422136-04' Average price=7510 Quantity=1 Market position=Long Operation=Operation_Add,
7/21/2026 6:40:26 AM,Position,Instrument='MES SEP26' Account='PA-APEX-422136-06' Average price=7510 Quantity=4 Market position=Long Operation=Update,
7/21/2026 6:40:26 AM,Order,Order='2830596706/PA-APEX-422136-06' Name='Entry' New state='Partially filled' Instrument='MES SEP26' Action='Buy' Limit price=7510 Stop price=0 Quantity=20 Type='Limit' Time in force=GTC Oco='' Filled=15 Fill price=7510 Error='No error' Native error='',
7/21/2026 6:40:26 AM,Execution,Execution='1305502,
7/21/2026 6:40:26 AM,Execution,Execution='1305498,
7/21/2026 6:40:26 AM,Order,Order='2830598578/PA-APEX-422136-04' Name='Entry' New state='Partially filled' Instrument='MES SEP26' Action='Buy' Limit price=7510 Stop price=0 Quantity=20 Type='Limit' Time in force=GTC Oco='' Filled=1 Fill price=7510 Error='No error' Native error='',
7/21/2026 6:40:26 AM,Order,Order='2830596706/PA-APEX-422136-06' Name='Entry' New state='Partially filled' Instrument='MES SEP26' Action='Buy' Limit price=7510 Stop price=0 Quantity=20 Type='Limit' Time in force=GTC Oco='' Filled=7 Fill price=7510 Error='No error' Native error='',
7/21/2026 6:40:26 AM,Order,Order='2830596706/PA-APEX-422136-06' Name='Entry' New state='Partially filled' Instrument='MES SEP26' Action='Buy' Limit price=7510 Stop price=0 Quantity=20 Type='Limit' Time in force=GTC Oco='' Filled=4 Fill price=7510 Error='No error' Native error='',
7/21/2026 6:40:26 AM,Order,Order='2830596706/PA-APEX-422136-06' Name='Entry' New state='Partially filled' Instrument='MES SEP26' Action='Buy' Limit price=7510 Stop price=0 Quantity=20 Type='Limit' Time in force=GTC Oco='' Filled=1 Fill price=7510 Error='No error' Native error='',
7/21/2026 6:40:26 AM,Position,Instrument='MES SEP26' Account='PA-APEX-422136-06' Average price=7510 Quantity=1 Market position=Long Operation=Operation_Add,
7/21/2026 6:37:08 AM,Order,Order='2830618008/PA-APEX-422136-06' Name='Entry' New state='Working' Instrument='MES SEP26' Action='Sell' Limit price=7531 Stop price=0 Quantity=20 Type='Limit' Time in force=GTC Oco='' Filled=0 Fill price=0 Error='No error' Native error='',
7/21/2026 6:37:08 AM,Order,Order='2830618008/PA-APEX-422136-06' Name='Entry' New state='Accepted' Instrument='MES SEP26' Action='Sell' Limit price=7531 Stop price=0 Quantity=20 Type='Limit' Time in force=GTC Oco='' Filled=0 Fill price=0 Error='No error' Native error='',
7/21/2026 6:37:08 AM,Order,Order='a2debbb89d7d4d7990c257f898ee1fe4/PA-APEX-422136-06' Name='Entry' New state='Submitted' Instrument='MES SEP26' Action='Sell' Limit price=7531 Stop price=0 Quantity=20 Type='Limit' Time in force=GTC Oco='' Filled=0 Fill price=0 Error='No error' Native error='',
7/21/2026 6:37:08 AM,Order,Chart Trader submitting order with strategy 'MES MIN SL4 - 9' (Ticks),
7/21/2026 6:37:01 AM,Order,Order='2830616167/PA-APEX-422136-04' Name='Entry' New state='Accepted' Instrument='MES SEP26' Action='Sell' Limit price=7531 Stop price=0 Quantity=20 Type='Limit' Time in force=GTC Oco='' Filled=0 Fill price=0 Error='No error' Native error='',
7/21/2026 6:37:01 AM,Order,Order='2830616167/PA-APEX-422136-04' Name='Entry' New state='Working' Instrument='MES SEP26' Action='Sell' Limit price=7531 Stop price=0 Quantity=20 Type='Limit' Time in force=GTC Oco='' Filled=0 Fill price=0 Error='No error' Native error='',
7/21/2026 6:37:01 AM,Order,Order='74447fe59256477b9a267ab230073851/PA-APEX-422136-04' Name='Entry' New state='Submitted' Instrument='MES SEP26' Action='Sell' Limit price=7531 Stop price=0 Quantity=20 Type='Limit' Time in force=GTC Oco='' Filled=0 Fill price=0 Error='No error' Native error='',
7/21/2026 6:37:01 AM,Order,Chart Trader submitting order with strategy 'MES MIN SL4 - 8' (Ticks),
7/21/2026 6:35:36 AM,Order,Order='2830534474/PA-APEX-422136-04' Name='Entry' New state='Cancelled' Instrument='MGC AUG26' Action='Buy' Limit price=4044 Stop price=0 Quantity=10 Type='Limit' Time in force=GTC Oco='' Filled=0 Fill price=0 Error='No error' Native error='',
7/21/2026 6:35:36 AM,Order,Order='2830534474/PA-APEX-422136-04' Name='Entry' New state='Cancel submitted' Instrument='MGC AUG26' Action='Buy' Limit price=4044 Stop price=0 Quantity=10 Type='Limit' Time in force=GTC Oco='' Filled=0 Fill price=0 Error='No error' Native error='',
7/21/2026 6:35:18 AM,Order,Order='2830598578/PA-APEX-422136-04' Name='Entry' New state='Accepted' Instrument='MES SEP26' Action='Buy' Limit price=7510 Stop price=0 Quantity=20 Type='Limit' Time in force=GTC Oco='' Filled=0 Fill price=0 Error='No error' Native error='',
7/21/2026 6:35:18 AM,Order,Order='2830598578/PA-APEX-422136-04' Name='Entry' New state='Working' Instrument='MES SEP26' Action='Buy' Limit price=7510 Stop price=0 Quantity=20 Type='Limit' Time in force=GTC Oco='' Filled=0 Fill price=0 Error='No error' Native error='',
7/21/2026 6:35:18 AM,Order,Order='363721ba9f044903b2ad26b54392be33/PA-APEX-422136-04' Name='Entry' New state='Submitted' Instrument='MES SEP26' Action='Buy' Limit price=7510 Stop price=0 Quantity=20 Type='Limit' Time in force=GTC Oco='' Filled=0 Fill price=0 Error='No error' Native error='',
7/21/2026 6:35:18 AM,Order,Chart Trader submitting order with strategy 'MES MIN SL4 - 7' (Ticks),
7/21/2026 6:35:05 AM,Order,Order='2830596706/PA-APEX-422136-06' Name='Entry' New state='Working' Instrument='MES SEP26' Action='Buy' Limit price=7510 Stop price=0 Quantity=20 Type='Limit' Time in force=GTC Oco='' Filled=0 Fill price=0 Error='No error' Native error='',
7/21/2026 6:35:05 AM,Order,Order='2830596706/PA-APEX-422136-06' Name='Entry' New state='Accepted' Instrument='MES SEP26' Action='Buy' Limit price=7510 Stop price=0 Quantity=20 Type='Limit' Time in force=GTC Oco='' Filled=0 Fill price=0 Error='No error' Native error='',
7/21/2026 6:35:05 AM,Order,Order='d44008f4bb634047958da5a1ffba23fe/PA-APEX-422136-06' Name='Entry' New state='Submitted' Instrument='MES SEP26' Action='Buy' Limit price=7510 Stop price=0 Quantity=20 Type='Limit' Time in force=GTC Oco='' Filled=0 Fill price=0 Error='No error' Native error='',
7/21/2026 6:35:05 AM,Order,Chart Trader submitting order with strategy 'MES MIN SL4 - 6' (Ticks),
7/21/2026 6:34:23 AM,Order,Order='2830520490/PA-APEX-422136-06' Name='Entry' New state='Cancelled' Instrument='MES SEP26' Action='Buy' Limit price=7513 Stop price=0 Quantity=20 Type='Limit' Time in force=GTC Oco='' Filled=0 Fill price=0 Error='No error' Native error='',
7/21/2026 6:34:22 AM,Order,Order='2830520490/PA-APEX-422136-06' Name='Entry' New state='Cancel submitted' Instrument='MES SEP26' Action='Buy' Limit price=7513 Stop price=0 Quantity=20 Type='Limit' Time in force=GTC Oco='' Filled=0 Fill price=0 Error='No error' Native error='',
7/21/2026 6:34:22 AM,Order,Order='2830520656/PA-APEX-422136-04' Name='Entry' New state='Cancelled' Instrument='MES SEP26' Action='Buy' Limit price=7513 Stop price=0 Quantity=20 Type='Limit' Time in force=GTC Oco='' Filled=0 Fill price=0 Error='No error' Native error='',
7/21/2026 6:34:22 AM,Order,Order='2830520656/PA-APEX-422136-04' Name='Entry' New state='Cancel submitted' Instrument='MES SEP26' Action='Buy' Limit price=7513 Stop price=0 Quantity=20 Type='Limit' Time in force=GTC Oco='' Filled=0 Fill price=0 Error='No error' Native error='',
7/21/2026 6:32:53 AM,Order,Order='2830520490/PA-APEX-422136-06' Name='Entry' New state='Accepted' Instrument='MES SEP26' Action='Buy' Limit price=7513 Stop price=0 Quantity=20 Type='Limit' Time in force=GTC Oco='' Filled=0 Fill price=0 Error='No error' Native error='',
7/21/2026 6:32:53 AM,Order,Order='2830520490/PA-APEX-422136-06' Name='Entry' New state='Working' Instrument='MES SEP26' Action='Buy' Limit price=7513 Stop price=0 Quantity=20 Type='Limit' Time in force=GTC Oco='' Filled=0 Fill price=0 Error='No error' Native error='',
7/21/2026 6:32:53 AM,Order,Order='2830520490/PA-APEX-422136-06' Name='Entry' New state='Change submitted' Instrument='MES SEP26' Action='Buy' Limit price=7513 Stop price=0 Quantity=20 Type='Limit' Time in force=GTC Oco='' Filled=0 Fill price=0 Error='No error' Native error='',
7/21/2026 6:32:47 AM,Order,Order='2830520656/PA-APEX-422136-04' Name='Entry' New state='Accepted' Instrument='MES SEP26' Action='Buy' Limit price=7513 Stop price=0 Quantity=20 Type='Limit' Time in force=GTC Oco='' Filled=0 Fill price=0 Error='No error' Native error='',
7/21/2026 6:32:47 AM,Order,Order='2830520656/PA-APEX-422136-04' Name='Entry' New state='Working' Instrument='MES SEP26' Action='Buy' Limit price=7513 Stop price=0 Quantity=20 Type='Limit' Time in force=GTC Oco='' Filled=0 Fill price=0 Error='No error' Native error='',
7/21/2026 6:32:47 AM,Order,Order='2830520656/PA-APEX-422136-04' Name='Entry' New state='Change submitted' Instrument='MES SEP26' Action='Buy' Limit price=7513 Stop price=0 Quantity=20 Type='Limit' Time in force=GTC Oco='' Filled=0 Fill price=0 Error='No error' Native error='',
7/21/2026 6:30:44 AM,Order,Order='2830532214/PA-APEX-422136-04' Name='Entry' New state='Cancelled' Instrument='MES SEP26' Action='Sell' Limit price=7531 Stop price=0 Quantity=20 Type='Limit' Time in force=GTC Oco='' Filled=0 Fill price=0 Error='No error' Native error='',
7/21/2026 6:30:44 AM,Order,Order='2830532214/PA-APEX-422136-04' Name='Entry' New state='Cancel submitted' Instrument='MES SEP26' Action='Sell' Limit price=7531 Stop price=0 Quantity=20 Type='Limit' Time in force=GTC Oco='' Filled=0 Fill price=0 Error='No error' Native error='',
7/21/2026 6:30:43 AM,Order,Order='2830532286/PA-APEX-422136-06' Name='Entry' New state='Cancelled' Instrument='MES SEP26' Action='Sell' Limit price=7531 Stop price=0 Quantity=20 Type='Limit' Time in force=GTC Oco='' Filled=0 Fill price=0 Error='No error' Native error='',
7/21/2026 6:30:42 AM,Order,Order='2830532286/PA-APEX-422136-06' Name='Entry' New state='Cancel submitted' Instrument='MES SEP26' Action='Sell' Limit price=7531 Stop price=0 Quantity=20 Type='Limit' Time in force=GTC Oco='' Filled=0 Fill price=0 Error='No error' Native error='',
7/21/2026 6:27:11 AM,Order,Order='2830534474/PA-APEX-422136-04' Name='Entry' New state='Accepted' Instrument='MGC AUG26' Action='Buy' Limit price=4044 Stop price=0 Quantity=10 Type='Limit' Time in force=GTC Oco='' Filled=0 Fill price=0 Error='No error' Native error='',
7/21/2026 6:27:11 AM,Order,Order='2830534474/PA-APEX-422136-04' Name='Entry' New state='Working' Instrument='MGC AUG26' Action='Buy' Limit price=4044 Stop price=0 Quantity=10 Type='Limit' Time in force=GTC Oco='' Filled=0 Fill price=0 Error='No error' Native error='',
7/21/2026 6:27:11 AM,Order,Order='6e54938c9daf48c19e2ac80f3797824d/PA-APEX-422136-04' Name='Entry' New state='Submitted' Instrument='MGC AUG26' Action='Buy' Limit price=4044 Stop price=0 Quantity=10 Type='Limit' Time in force=GTC Oco='' Filled=0 Fill price=0 Error='No error' Native error='',
7/21/2026 6:27:11 AM,Order,Chart Trader submitting order with strategy 'MGC MIN SL4 - 5' (Ticks),
7/21/2026 6:25:44 AM,Order,Order='2830532286/PA-APEX-422136-06' Name='Entry' New state='Accepted' Instrument='MES SEP26' Action='Sell' Limit price=7531 Stop price=0 Quantity=20 Type='Limit' Time in force=GTC Oco='' Filled=0 Fill price=0 Error='No error' Native error='',
7/21/2026 6:25:44 AM,Order,Order='2830532286/PA-APEX-422136-06' Name='Entry' New state='Working' Instrument='MES SEP26' Action='Sell' Limit price=7531 Stop price=0 Quantity=20 Type='Limit' Time in force=GTC Oco='' Filled=0 Fill price=0 Error='No error' Native error='',
7/21/2026 6:25:44 AM,Order,Order='9e4c3d2a175f47f2a0e8d1bd05976468/PA-APEX-422136-06' Name='Entry' New state='Submitted' Instrument='MES SEP26' Action='Sell' Limit price=7531 Stop price=0 Quantity=20 Type='Limit' Time in force=GTC Oco='' Filled=0 Fill price=0 Error='No error' Native error='',
7/21/2026 6:25:44 AM,Order,Chart Trader submitting order with strategy 'MES MIN SL4 - 4' (Ticks),
7/21/2026 6:25:38 AM,Order,Order='2830532214/PA-APEX-422136-04' Name='Entry' New state='Working' Instrument='MES SEP26' Action='Sell' Limit price=7531 Stop price=0 Quantity=20 Type='Limit' Time in force=GTC Oco='' Filled=0 Fill price=0 Error='No error' Native error='',
7/21/2026 6:25:38 AM,Order,Order='2830532214/PA-APEX-422136-04' Name='Entry' New state='Accepted' Instrument='MES SEP26' Action='Sell' Limit price=7531 Stop price=0 Quantity=20 Type='Limit' Time in force=GTC Oco='' Filled=0 Fill price=0 Error='No error' Native error='',
7/21/2026 6:25:38 AM,Order,Order='ded143973c184772a364738c3c25a7e6/PA-APEX-422136-04' Name='Entry' New state='Submitted' Instrument='MES SEP26' Action='Sell' Limit price=7531 Stop price=0 Quantity=20 Type='Limit' Time in force=GTC Oco='' Filled=0 Fill price=0 Error='No error' Native error='',
7/21/2026 6:25:38 AM,Order,Chart Trader submitting order with strategy 'MES MIN SL4 - 3' (Ticks),
7/21/2026 6:25:26 AM,Order,Order='2830520656/PA-APEX-422136-04' Name='Entry' New state='Working' Instrument='MES SEP26' Action='Buy' Limit price=7504 Stop price=0 Quantity=20 Type='Limit' Time in force=GTC Oco='' Filled=0 Fill price=0 Error='No error' Native error='',
7/21/2026 6:25:26 AM,Order,Order='2830520656/PA-APEX-422136-04' Name='Entry' New state='Accepted' Instrument='MES SEP26' Action='Buy' Limit price=7504 Stop price=0 Quantity=20 Type='Limit' Time in force=GTC Oco='' Filled=0 Fill price=0 Error='No error' Native error='',
7/21/2026 6:25:26 AM,Order,Order='2830520656/PA-APEX-422136-04' Name='Entry' New state='Change submitted' Instrument='MES SEP26' Action='Buy' Limit price=7504 Stop price=0 Quantity=20 Type='Limit' Time in force=GTC Oco='' Filled=0 Fill price=0 Error='No error' Native error='',
7/21/2026 6:25:26 AM,Order,Order='2830520656/PA-APEX-422136-04' Name='Entry' New state='Working' Instrument='MES SEP26' Action='Buy' Limit price=7504.25 Stop price=0 Quantity=20 Type='Limit' Time in force=GTC Oco='' Filled=0 Fill price=0 Error='No error' Native error='',
7/21/2026 6:25:26 AM,Order,Order='2830520656/PA-APEX-422136-04' Name='Entry' New state='Accepted' Instrument='MES SEP26' Action='Buy' Limit price=7504.25 Stop price=0 Quantity=20 Type='Limit' Time in force=GTC Oco='' Filled=0 Fill price=0 Error='No error' Native error='',
7/21/2026 6:25:26 AM,Order,Order='2830520656/PA-APEX-422136-04' Name='Entry' New state='Change submitted' Instrument='MES SEP26' Action='Buy' Limit price=7504.25 Stop price=0 Quantity=20 Type='Limit' Time in force=GTC Oco='' Filled=0 Fill price=0 Error='No error' Native error='',
7/21/2026 6:25:25 AM,Order,Order='2830520490/PA-APEX-422136-06' Name='Entry' New state='Accepted' Instrument='MES SEP26' Action='Buy' Limit price=7504 Stop price=0 Quantity=20 Type='Limit' Time in force=GTC Oco='' Filled=0 Fill price=0 Error='No error' Native error='',
7/21/2026 6:25:25 AM,Order,Order='2830520490/PA-APEX-422136-06' Name='Entry' New state='Working' Instrument='MES SEP26' Action='Buy' Limit price=7504 Stop price=0 Quantity=20 Type='Limit' Time in force=GTC Oco='' Filled=0 Fill price=0 Error='No error' Native error='',
7/21/2026 6:25:25 AM,Order,Order='2830520490/PA-APEX-422136-06' Name='Entry' New state='Change submitted' Instrument='MES SEP26' Action='Buy' Limit price=7504 Stop price=0 Quantity=20 Type='Limit' Time in force=GTC Oco='' Filled=0 Fill price=0 Error='No error' Native error='',
7/21/2026 6:25:24 AM,Order,Order='2830520490/PA-APEX-422136-06' Name='Entry' New state='Working' Instrument='MES SEP26' Action='Buy' Limit price=7504.25 Stop price=0 Quantity=20 Type='Limit' Time in force=GTC Oco='' Filled=0 Fill price=0 Error='No error' Native error='',
7/21/2026 6:25:24 AM,Order,Order='2830520490/PA-APEX-422136-06' Name='Entry' New state='Accepted' Instrument='MES SEP26' Action='Buy' Limit price=7504.25 Stop price=0 Quantity=20 Type='Limit' Time in force=GTC Oco='' Filled=0 Fill price=0 Error='No error' Native error='',
7/21/2026 6:25:24 AM,Order,Order='2830520490/PA-APEX-422136-06' Name='Entry' New state='Change submitted' Instrument='MES SEP26' Action='Buy' Limit price=7504.25 Stop price=0 Quantity=20 Type='Limit' Time in force=GTC Oco='' Filled=0 Fill price=0 Error='No error' Native error='',
7/21/2026 6:11:05 AM,Order,Order='2830520656/PA-APEX-422136-04' Name='Entry' New state='Working' Instrument='MES SEP26' Action='Buy' Limit price=7504.5 Stop price=0 Quantity=20 Type='Limit' Time in force=GTC Oco='' Filled=0 Fill price=0 Error='No error' Native error='',
7/21/2026 6:11:05 AM,Order,Order='2830520656/PA-APEX-422136-04' Name='Entry' New state='Accepted' Instrument='MES SEP26' Action='Buy' Limit price=7504.5 Stop price=0 Quantity=20 Type='Limit' Time in force=GTC Oco='' Filled=0 Fill price=0 Error='No error' Native error='',
7/21/2026 6:11:05 AM,Order,Order='1d85bb8baa9f4bdf93700ff8a4278040/PA-APEX-422136-04' Name='Entry' New state='Submitted' Instrument='MES SEP26' Action='Buy' Limit price=7504.5 Stop price=0 Quantity=20 Type='Limit' Time in force=GTC Oco='' Filled=0 Fill price=0 Error='No error' Native error='',
7/21/2026 6:11:05 AM,Order,Chart Trader submitting order with strategy 'MES MIN SL4 - 2' (Ticks),
7/21/2026 6:10:51 AM,Order,Order='2830520490/PA-APEX-422136-06' Name='Entry' New state='Accepted' Instrument='MES SEP26' Action='Buy' Limit price=7504.5 Stop price=0 Quantity=20 Type='Limit' Time in force=GTC Oco='' Filled=0 Fill price=0 Error='No error' Native error='',
7/21/2026 6:10:51 AM,Order,Order='2830520490/PA-APEX-422136-06' Name='Entry' New state='Working' Instrument='MES SEP26' Action='Buy' Limit price=7504.5 Stop price=0 Quantity=20 Type='Limit' Time in force=GTC Oco='' Filled=0 Fill price=0 Error='No error' Native error='',
7/21/2026 6:10:51 AM,Order,Order='8b9875e73451451c88a162464e651f67/PA-APEX-422136-06' Name='Entry' New state='Submitted' Instrument='MES SEP26' Action='Buy' Limit price=7504.5 Stop price=0 Quantity=20 Type='Limit' Time in force=GTC Oco='' Filled=0 Fill price=0 Error='No error' Native error='',
7/21/2026 6:10:51 AM,Order,Chart Trader submitting order with strategy 'MES MIN SL4 - 1' (Ticks),
7/21/2026 6:08:11 AM,Order,Order='2830486757/PA-APEX-422136-04' Name='Entry' New state='Cancelled' Instrument='MGC AUG26' Action='Buy' Limit price=4044.5 Stop price=0 Quantity=10 Type='Limit' Time in force=GTC Oco='' Filled=0 Fill price=0 Error='No error' Native error='',
7/21/2026 6:08:11 AM,Order,Order='2830486757/PA-APEX-422136-04' Name='Entry' New state='Cancel submitted' Instrument='MGC AUG26' Action='Buy' Limit price=4044.5 Stop price=0 Quantity=10 Type='Limit' Time in force=GTC Oco='' Filled=0 Fill price=0 Error='No error' Native error='',
7/21/2026 6:08:11 AM,Default,Cancel all orders account='PA-APEX-422136-04',
7/21/2026 6:08:11 AM,Default,Chart Trader close position,
7/21/2026 5:57:43 AM,Order,Order='2830504197/PA-APEX-422136-06' Name='Entry' New state='Cancelled' Instrument='MES SEP26' Action='Sell' Limit price=7520.5 Stop price=0 Quantity=20 Type='Limit' Time in force=GTC Oco='' Filled=0 Fill price=0 Error='No error' Native error='',
7/21/2026 5:57:43 AM,Order,Order='2830504197/PA-APEX-422136-06' Name='Entry' New state='Cancel submitted' Instrument='MES SEP26' Action='Sell' Limit price=7520.5 Stop price=0 Quantity=20 Type='Limit' Time in force=GTC Oco='' Filled=0 Fill price=0 Error='No error' Native error='',
7/21/2026 5:57:41 AM,Order,Order='2830504306/PA-APEX-422136-04' Name='Entry' New state='Cancelled' Instrument='MES SEP26' Action='Sell' Limit price=7520.5 Stop price=0 Quantity=20 Type='Limit' Time in force=GTC Oco='' Filled=0 Fill price=0 Error='No error' Native error='',
7/21/2026 5:57:41 AM,Order,Order='2830504306/PA-APEX-422136-04' Name='Entry' New state='Cancel submitted' Instrument='MES SEP26' Action='Sell' Limit price=7520.5 Stop price=0 Quantity=20 Type='Limit' Time in force=GTC Oco='' Filled=0 Fill price=0 Error='No error' Native error='',
7/21/2026 5:53:53 AM,Order,Order='2830504197/PA-APEX-422136-06' Name='Entry' New state='Accepted' Instrument='MES SEP26' Action='Sell' Limit price=7520.5 Stop price=0 Quantity=20 Type='Limit' Time in force=GTC Oco='' Filled=0 Fill price=0 Error='No error' Native error='',
7/21/2026 5:53:53 AM,Order,Order='2830504197/PA-APEX-422136-06' Name='Entry' New state='Working' Instrument='MES SEP26' Action='Sell' Limit price=7520.5 Stop price=0 Quantity=20 Type='Limit' Time in force=GTC Oco='' Filled=0 Fill price=0 Error='No error' Native error='',
7/21/2026 5:53:53 AM,Order,Order='2830504197/PA-APEX-422136-06' Name='Entry' New state='Change submitted' Instrument='MES SEP26' Action='Sell' Limit price=7520.5 Stop price=0 Quantity=20 Type='Limit' Time in force=GTC Oco='' Filled=0 Fill price=0 Error='No error' Native error='',
7/21/2026 5:53:42 AM,Order,Order='2830504306/PA-APEX-422136-04' Name='Entry' New state='Accepted' Instrument='MES SEP26' Action='Sell' Limit price=7520.5 Stop price=0 Quantity=20 Type='Limit' Time in force=GTC Oco='' Filled=0 Fill price=0 Error='No error' Native error='',
7/21/2026 5:53:42 AM,Order,Order='2830504306/PA-APEX-422136-04' Name='Entry' New state='Working' Instrument='MES SEP26' Action='Sell' Limit price=7520.5 Stop price=0 Quantity=20 Type='Limit' Time in force=GTC Oco='' Filled=0 Fill price=0 Error='No error' Native error='',
7/21/2026 5:53:42 AM,Order,Order='2830504306/PA-APEX-422136-04' Name='Entry' New state='Change submitted' Instrument='MES SEP26' Action='Sell' Limit price=7520.5 Stop price=0 Quantity=20 Type='Limit' Time in force=GTC Oco='' Filled=0 Fill price=0 Error='No error' Native error='',
7/21/2026 5:51:59 AM,Order,Order='2830486325/PA-APEX-422136-06' Name='Entry' New state='Cancelled' Instrument='MES SEP26' Action='Buy' Limit price=7495 Stop price=0 Quantity=20 Type='Limit' Time in force=GTC Oco='' Filled=0 Fill price=0 Error='No error' Native error='',
7/21/2026 5:51:59 AM,Order,Order='2830486325/PA-APEX-422136-06' Name='Entry' New state='Cancel submitted' Instrument='MES SEP26' Action='Buy' Limit price=7495 Stop price=0 Quantity=20 Type='Limit' Time in force=GTC Oco='' Filled=0 Fill price=0 Error='No error' Native error='',
7/21/2026 5:51:57 AM,Order,Order='2830488688/PA-APEX-422136-04' Name='Entry' New state='Cancelled' Instrument='MES SEP26' Action='Buy' Limit price=7495 Stop price=0 Quantity=20 Type='Limit' Time in force=GTC Oco='' Filled=0 Fill price=0 Error='No error' Native error='',
7/21/2026 5:51:57 AM,Order,Order='2830488688/PA-APEX-422136-04' Name='Entry' New state='Cancel submitted' Instrument='MES SEP26' Action='Buy' Limit price=7495 Stop price=0 Quantity=20 Type='Limit' Time in force=GTC Oco='' Filled=0 Fill price=0 Error='No error' Native error='',
7/21/2026 5:51:12 AM,Order,Order='2830486757/PA-APEX-422136-04' Name='Entry' New state='Working' Instrument='MGC AUG26' Action='Buy' Limit price=4044.5 Stop price=0 Quantity=10 Type='Limit' Time in force=GTC Oco='' Filled=0 Fill price=0 Error='No error' Native error='',
7/21/2026 5:51:12 AM,Order,Order='2830486757/PA-APEX-422136-04' Name='Entry' New state='Accepted' Instrument='MGC AUG26' Action='Buy' Limit price=4044.5 Stop price=0 Quantity=10 Type='Limit' Time in force=GTC Oco='' Filled=0 Fill price=0 Error='No error' Native error='',
7/21/2026 5:51:12 AM,Order,Order='2830486757/PA-APEX-422136-04' Name='Entry' New state='Change submitted' Instrument='MGC AUG26' Action='Buy' Limit price=4044.5 Stop price=0 Quantity=10 Type='Limit' Time in force=GTC Oco='' Filled=0 Fill price=0 Error='No error' Native error='',
7/21/2026 5:51:12 AM,Order,Order='2830486757/PA-APEX-422136-04' Name='Entry' New state='Accepted' Instrument='MGC AUG26' Action='Buy' Limit price=4044.4 Stop price=0 Quantity=10 Type='Limit' Time in force=GTC Oco='' Filled=0 Fill price=0 Error='No error' Native error='',
7/21/2026 5:51:12 AM,Order,Order='2830486757/PA-APEX-422136-04' Name='Entry' New state='Working' Instrument='MGC AUG26' Action='Buy' Limit price=4044.4 Stop price=0 Quantity=10 Type='Limit' Time in force=GTC Oco='' Filled=0 Fill price=0 Error='No error' Native error='',
7/21/2026 5:51:12 AM,Order,Order='2830486757/PA-APEX-422136-04' Name='Entry' New state='Change submitted' Instrument='MGC AUG26' Action='Buy' Limit price=4044.4 Stop price=0 Quantity=10 Type='Limit' Time in force=GTC Oco='' Filled=0 Fill price=0 Error='No error' Native error='',
7/21/2026 5:51:12 AM,Order,Order='2830486757/PA-APEX-422136-04' Name='Entry' New state='Accepted' Instrument='MGC AUG26' Action='Buy' Limit price=4044.3 Stop price=0 Quantity=10 Type='Limit' Time in force=GTC Oco='' Filled=0 Fill price=0 Error='No error' Native error='',
7/21/2026 5:51:12 AM,Order,Order='2830486757/PA-APEX-422136-04' Name='Entry' New state='Working' Instrument='MGC AUG26' Action='Buy' Limit price=4044.3 Stop price=0 Quantity=10 Type='Limit' Time in force=GTC Oco='' Filled=0 Fill price=0 Error='No error' Native error='',
7/21/2026 5:51:12 AM,Order,Order='2830486757/PA-APEX-422136-04' Name='Entry' New state='Change submitted' Instrument='MGC AUG26' Action='Buy' Limit price=4044.3 Stop price=0 Quantity=10 Type='Limit' Time in force=GTC Oco='' Filled=0 Fill price=0 Error='No error' Native error='',
7/21/2026 5:51:11 AM,Order,Order='2830486757/PA-APEX-422136-04' Name='Entry' New state='Accepted' Instrument='MGC AUG26' Action='Buy' Limit price=4044.2000000000003 Stop price=0 Quantity=10 Type='Limit' Time in force=GTC Oco='' Filled=0 Fill price=0 Error='No error' Native error='',
7/21/2026 5:51:11 AM,Order,Order='2830486757/PA-APEX-422136-04' Name='Entry' New state='Working' Instrument='MGC AUG26' Action='Buy' Limit price=4044.2000000000003 Stop price=0 Quantity=10 Type='Limit' Time in force=GTC Oco='' Filled=0 Fill price=0 Error='No error' Native error='',
7/21/2026 5:51:11 AM,Order,Order='2830486757/PA-APEX-422136-04' Name='Entry' New state='Change submitted' Instrument='MGC AUG26' Action='Buy' Limit price=4044.2 Stop price=0 Quantity=10 Type='Limit' Time in force=GTC Oco='' Filled=0 Fill price=0 Error='No error' Native error='',
7/21/2026 5:51:10 AM,Order,Order='2830486757/PA-APEX-422136-04' Name='Entry' New state='Accepted' Instrument='MGC AUG26' Action='Buy' Limit price=4044.1000000000004 Stop price=0 Quantity=10 Type='Limit' Time in force=GTC Oco='' Filled=0 Fill price=0 Error='No error' Native error='',
7/21/2026 5:51:10 AM,Order,Order='2830486757/PA-APEX-422136-04' Name='Entry' New state='Working' Instrument='MGC AUG26' Action='Buy' Limit price=4044.1000000000004 Stop price=0 Quantity=10 Type='Limit' Time in force=GTC Oco='' Filled=0 Fill price=0 Error='No error' Native error='',
7/21/2026 5:51:10 AM,Order,Order='2830486757/PA-APEX-422136-04' Name='Entry' New state='Change submitted' Instrument='MGC AUG26' Action='Buy' Limit price=4044.1 Stop price=0 Quantity=10 Type='Limit' Time in force=GTC Oco='' Filled=0 Fill price=0 Error='No error' Native error='',
7/21/2026 5:51:00 AM,Order,Order='2830504306/PA-APEX-422136-04' Name='Entry' New state='Accepted' Instrument='MES SEP26' Action='Sell' Limit price=7523 Stop price=0 Quantity=20 Type='Limit' Time in force=GTC Oco='' Filled=0 Fill price=0 Error='No error' Native error='',
7/21/2026 5:51:00 AM,Order,Order='2830504306/PA-APEX-422136-04' Name='Entry' New state='Working' Instrument='MES SEP26' Action='Sell' Limit price=7523 Stop price=0 Quantity=20 Type='Limit' Time in force=GTC Oco='' Filled=0 Fill price=0 Error='No error' Native error='',
7/21/2026 5:51:00 AM,Order,Order='dc245fbfd72d4d68a05ea9f81f39cab3/PA-APEX-422136-04' Name='Entry' New state='Submitted' Instrument='MES SEP26' Action='Sell' Limit price=7523 Stop price=0 Quantity=20 Type='Limit' Time in force=GTC Oco='' Filled=0 Fill price=0 Error='No error' Native error='',
7/21/2026 5:51:00 AM,Order,Chart Trader submitting order with strategy 'MES MIN SL4 - 6' (Ticks),
7/21/2026 5:50:55 AM,Order,Order='2830504197/PA-APEX-422136-06' Name='Entry' New state='Accepted' Instrument='MES SEP26' Action='Sell' Limit price=7523 Stop price=0 Quantity=20 Type='Limit' Time in force=GTC Oco='' Filled=0 Fill price=0 Error='No error' Native error='',
7/21/2026 5:50:55 AM,Order,Order='2830504197/PA-APEX-422136-06' Name='Entry' New state='Working' Instrument='MES SEP26' Action='Sell' Limit price=7523 Stop price=0 Quantity=20 Type='Limit' Time in force=GTC Oco='' Filled=0 Fill price=0 Error='No error' Native error='',
7/21/2026 5:50:55 AM,Order,Order='49fd52a472294e0db8962199f1718ecd/PA-APEX-422136-06' Name='Entry' New state='Submitted' Instrument='MES SEP26' Action='Sell' Limit price=7523 Stop price=0 Quantity=20 Type='Limit' Time in force=GTC Oco='' Filled=0 Fill price=0 Error='No error' Native error='',
7/21/2026 5:50:55 AM,Order,Chart Trader submitting order with strategy 'MES MIN SL4 - 5' (Ticks),
7/21/2026 5:49:28 AM,Order,Order='2830485812/PA-APEX-422136-06' Name='Entry' New state='Cancelled' Instrument='MES SEP26' Action='Sell' Limit price=7517.5 Stop price=0 Quantity=20 Type='Limit' Time in force=GTC Oco='' Filled=0 Fill price=0 Error='No error' Native error='',
7/21/2026 5:49:28 AM,Order,Order='2830485812/PA-APEX-422136-06' Name='Entry' New state='Cancel submitted' Instrument='MES SEP26' Action='Sell' Limit price=7517.5 Stop price=0 Quantity=20 Type='Limit' Time in force=GTC Oco='' Filled=0 Fill price=0 Error='No error' Native error='',
7/21/2026 5:49:15 AM,Order,Order='2830485812/PA-APEX-422136-06' Name='Entry' New state='Accepted' Instrument='MES SEP26' Action='Sell' Limit price=7517.5 Stop price=0 Quantity=20 Type='Limit' Time in force=GTC Oco='' Filled=0 Fill price=0 Error='No error' Native error='',
7/21/2026 5:49:15 AM,Order,Order='2830485812/PA-APEX-422136-06' Name='Entry' New state='Working' Instrument='MES SEP26' Action='Sell' Limit price=7517.5 Stop price=0 Quantity=20 Type='Limit' Time in force=GTC Oco='' Filled=0 Fill price=0 Error='No error' Native error='',
7/21/2026 5:49:15 AM,Order,Order='2830485812/PA-APEX-422136-06' Name='Entry' New state='Change submitted' Instrument='MES SEP26' Action='Sell' Limit price=7517.5 Stop price=0 Quantity=20 Type='Limit' Time in force=GTC Oco='' Filled=0 Fill price=0 Error='No error' Native error='',
7/21/2026 5:44:42 AM,Order,Order='2830488688/PA-APEX-422136-04' Name='Entry' New state='Accepted' Instrument='MES SEP26' Action='Buy' Limit price=7495 Stop price=0 Quantity=20 Type='Limit' Time in force=GTC Oco='' Filled=0 Fill price=0 Error='No error' Native error='',
7/21/2026 5:44:42 AM,Order,Order='2830488688/PA-APEX-422136-04' Name='Entry' New state='Working' Instrument='MES SEP26' Action='Buy' Limit price=7495 Stop price=0 Quantity=20 Type='Limit' Time in force=GTC Oco='' Filled=0 Fill price=0 Error='No error' Native error='',
7/21/2026 5:44:42 AM,Order,Order='2830488688/PA-APEX-422136-04' Name='Entry' New state='Change submitted' Instrument='MES SEP26' Action='Buy' Limit price=7495 Stop price=0 Quantity=20 Type='Limit' Time in force=GTC Oco='' Filled=0 Fill price=0 Error='No error' Native error='',
7/21/2026 5:44:34 AM,Order,Order='2830486325/PA-APEX-422136-06' Name='Entry' New state='Accepted' Instrument='MES SEP26' Action='Buy' Limit price=7495 Stop price=0 Quantity=20 Type='Limit' Time in force=GTC Oco='' Filled=0 Fill price=0 Error='No error' Native error='',
7/21/2026 5:44:34 AM,Order,Order='2830486325/PA-APEX-422136-06' Name='Entry' New state='Working' Instrument='MES SEP26' Action='Buy' Limit price=7495 Stop price=0 Quantity=20 Type='Limit' Time in force=GTC Oco='' Filled=0 Fill price=0 Error='No error' Native error='',
7/21/2026 5:44:34 AM,Order,Order='2830486325/PA-APEX-422136-06' Name='Entry' New state='Change submitted' Instrument='MES SEP26' Action='Buy' Limit price=7495 Stop price=0 Quantity=20 Type='Limit' Time in force=GTC Oco='' Filled=0 Fill price=0 Error='No error' Native error='',
7/21/2026 5:42:17 AM,Order,Order='2830486757/PA-APEX-422136-04' Name='Entry' New state='Accepted' Instrument='MGC AUG26' Action='Buy' Limit price=4044 Stop price=0 Quantity=10 Type='Limit' Time in force=GTC Oco='' Filled=0 Fill price=0 Error='No error' Native error='',
7/21/2026 5:42:17 AM,Order,Order='2830486757/PA-APEX-422136-04' Name='Entry' New state='Working' Instrument='MGC AUG26' Action='Buy' Limit price=4044 Stop price=0 Quantity=10 Type='Limit' Time in force=GTC Oco='' Filled=0 Fill price=0 Error='No error' Native error='',
7/21/2026 5:42:17 AM,Order,Order='2830486757/PA-APEX-422136-04' Name='Entry' New state='Change submitted' Instrument='MGC AUG26' Action='Buy' Limit price=4044 Stop price=0 Quantity=10 Type='Limit' Time in force=GTC Oco='' Filled=0 Fill price=0 Error='No error' Native error='',
7/21/2026 5:41:25 AM,Order,Order='2830488688/PA-APEX-422136-04' Name='Entry' New state='Accepted' Instrument='MES SEP26' Action='Buy' Limit price=7504 Stop price=0 Quantity=20 Type='Limit' Time in force=GTC Oco='' Filled=0 Fill price=0 Error='No error' Native error='',
7/21/2026 5:41:25 AM,Order,Order='2830488688/PA-APEX-422136-04' Name='Entry' New state='Working' Instrument='MES SEP26' Action='Buy' Limit price=7504 Stop price=0 Quantity=20 Type='Limit' Time in force=GTC Oco='' Filled=0 Fill price=0 Error='No error' Native error='',
7/21/2026 5:41:25 AM,Order,Order='2830488688/PA-APEX-422136-04' Name='Entry' New state='Change submitted' Instrument='MES SEP26' Action='Buy' Limit price=7504 Stop price=0 Quantity=20 Type='Limit' Time in force=GTC Oco='' Filled=0 Fill price=0 Error='No error' Native error='',
7/21/2026 5:41:19 AM,Order,Order='2830486325/PA-APEX-422136-06' Name='Entry' New state='Accepted' Instrument='MES SEP26' Action='Buy' Limit price=7504 Stop price=0 Quantity=20 Type='Limit' Time in force=GTC Oco='' Filled=0 Fill price=0 Error='No error' Native error='',
7/21/2026 5:41:19 AM,Order,Order='2830486325/PA-APEX-422136-06' Name='Entry' New state='Working' Instrument='MES SEP26' Action='Buy' Limit price=7504 Stop price=0 Quantity=20 Type='Limit' Time in force=GTC Oco='' Filled=0 Fill price=0 Error='No error' Native error='',
7/21/2026 5:41:19 AM,Order,Order='2830486325/PA-APEX-422136-06' Name='Entry' New state='Change submitted' Instrument='MES SEP26' Action='Buy' Limit price=7504 Stop price=0 Quantity=20 Type='Limit' Time in force=GTC Oco='' Filled=0 Fill price=0 Error='No error' Native error='',
7/21/2026 5:36:41 AM,Order,Order='2830488688/PA-APEX-422136-04' Name='Entry' New state='Accepted' Instrument='MES SEP26' Action='Buy' Limit price=7506 Stop price=0 Quantity=20 Type='Limit' Time in force=GTC Oco='' Filled=0 Fill price=0 Error='No error' Native error='',
7/21/2026 5:36:41 AM,Order,Order='2830488688/PA-APEX-422136-04' Name='Entry' New state='Working' Instrument='MES SEP26' Action='Buy' Limit price=7506 Stop price=0 Quantity=20 Type='Limit' Time in force=GTC Oco='' Filled=0 Fill price=0 Error='No error' Native error='',
7/21/2026 5:36:41 AM,Order,Order='1a1ed106d69348ad97d2e09a2356eaf4/PA-APEX-422136-04' Name='Entry' New state='Submitted' Instrument='MES SEP26' Action='Buy' Limit price=7506 Stop price=0 Quantity=20 Type='Limit' Time in force=GTC Oco='' Filled=0 Fill price=0 Error='No error' Native error='',
7/21/2026 5:36:41 AM,Order,Chart Trader submitting order with strategy 'MES MIN SL4 - 4' (Ticks),
7/21/2026 5:33:56 AM,Order,Order='2830486757/PA-APEX-422136-04' Name='Entry' New state='Working' Instrument='MGC AUG26' Action='Buy' Limit price=4051 Stop price=0 Quantity=10 Type='Limit' Time in force=GTC Oco='' Filled=0 Fill price=0 Error='No error' Native error='',
7/21/2026 5:33:56 AM,Order,Order='2830486757/PA-APEX-422136-04' Name='Entry' New state='Accepted' Instrument='MGC AUG26' Action='Buy' Limit price=4051 Stop price=0 Quantity=10 Type='Limit' Time in force=GTC Oco='' Filled=0 Fill price=0 Error='No error' Native error='',
7/21/2026 5:33:55 AM,Order,Order='2830486757/PA-APEX-422136-04' Name='Entry' New state='Change submitted' Instrument='MGC AUG26' Action='Buy' Limit price=4051 Stop price=0 Quantity=10 Type='Limit' Time in force=GTC Oco='' Filled=0 Fill price=0 Error='No error' Native error='',
7/21/2026 5:33:53 AM,Order,Order='2830486757/PA-APEX-422136-04' Name='Entry' New state='Accepted' Instrument='MGC AUG26' Action='Buy' Limit price=4051.1000000000004 Stop price=0 Quantity=10 Type='Limit' Time in force=GTC Oco='' Filled=0 Fill price=0 Error='No error' Native error='',
7/21/2026 5:33:53 AM,Order,Order='2830486757/PA-APEX-422136-04' Name='Entry' New state='Working' Instrument='MGC AUG26' Action='Buy' Limit price=4051.1000000000004 Stop price=0 Quantity=10 Type='Limit' Time in force=GTC Oco='' Filled=0 Fill price=0 Error='No error' Native error='',
7/21/2026 5:33:53 AM,Order,Order='5aaeba41fc05419db06a4cc544734c5f/PA-APEX-422136-04' Name='Entry' New state='Submitted' Instrument='MGC AUG26' Action='Buy' Limit price=4051.1 Stop price=0 Quantity=10 Type='Limit' Time in force=GTC Oco='' Filled=0 Fill price=0 Error='No error' Native error='',
7/21/2026 5:33:53 AM,Order,Chart Trader submitting order with strategy 'MGC MIN SL4 - 3' (Ticks),
7/21/2026 5:32:54 AM,Order,Order='2830486325/PA-APEX-422136-06' Name='Entry' New state='Accepted' Instrument='MES SEP26' Action='Buy' Limit price=7506 Stop price=0 Quantity=20 Type='Limit' Time in force=GTC Oco='' Filled=0 Fill price=0 Error='No error' Native error='',
7/21/2026 5:32:54 AM,Order,Order='2830486325/PA-APEX-422136-06' Name='Entry' New state='Working' Instrument='MES SEP26' Action='Buy' Limit price=7506 Stop price=0 Quantity=20 Type='Limit' Time in force=GTC Oco='' Filled=0 Fill price=0 Error='No error' Native error='',
7/21/2026 5:32:54 AM,Order,Order='e89c5530740042589c0c01e1da8e67e2/PA-APEX-422136-06' Name='Entry' New state='Submitted' Instrument='MES SEP26' Action='Buy' Limit price=7506 Stop price=0 Quantity=20 Type='Limit' Time in force=GTC Oco='' Filled=0 Fill price=0 Error='No error' Native error='',
7/21/2026 5:32:54 AM,Order,Chart Trader submitting order with strategy 'MES MIN SL4 - 2' (Ticks),
7/21/2026 5:32:29 AM,Order,Order='2830485812/PA-APEX-422136-06' Name='Entry' New state='Accepted' Instrument='MES SEP26' Action='Sell' Limit price=7519 Stop price=0 Quantity=20 Type='Limit' Time in force=GTC Oco='' Filled=0 Fill price=0 Error='No error' Native error='',
7/21/2026 5:32:29 AM,Order,Order='2830485812/PA-APEX-422136-06' Name='Entry' New state='Working' Instrument='MES SEP26' Action='Sell' Limit price=7519 Stop price=0 Quantity=20 Type='Limit' Time in force=GTC Oco='' Filled=0 Fill price=0 Error='No error' Native error='',
7/21/2026 5:32:29 AM,Order,Order='9fd16982c0774450a10cced3e02f56c0/PA-APEX-422136-06' Name='Entry' New state='Submitted' Instrument='MES SEP26' Action='Sell' Limit price=7519 Stop price=0 Quantity=20 Type='Limit' Time in force=GTC Oco='' Filled=0 Fill price=0 Error='No error' Native error='',
7/21/2026 5:32:29 AM,Order,Chart Trader submitting order with strategy 'MES MIN SL4 - 1' (Ticks),
7/21/2026 5:13:52 AM,Connection,Using HDS (hds-us-nt-016.ninjatrader.com/31655),
7/21/2026 5:13:52 AM,Connection,Time to auto close position='12:00:00 AM' Enabled=False,
7/21/2026 5:13:50 AM,Connection,My Rithmic for NinjaTrader Brokerage: Primary connection=Connected Price feed=Connected,
7/21/2026 5:13:42 AM,Default,Restoring workspace 'Testing'...,
7/21/2026 5:13:35 AM,Default,Restoring workspace '3'...,
7/21/2026 5:13:33 AM,Default,Auto close enabled=False,
7/21/2026 5:13:33 AM,Order,Order entry hot keys disabled,
7/21/2026 5:13:33 AM,Connection,My Rithmic for NinjaTrader Brokerage: Primary connection=Connecting Price feed=Connecting,
7/21/2026 5:13:33 AM,Default,Auto connecting 'My Rithmic for NinjaTrader Brokerage'...,
7/21/2026 5:13:33 AM,Default,Automated trading disabled,
7/21/2026 5:13:33 AM,Connection,Using IS (is-us-nt-006.ninjatrader.com/31658),
7/21/2026 5:13:28 AM,Default,Global simulation mode disabled,
7/21/2026 5:13:06 AM,Default,Session Break (Version 8.1.7.2),
7/21/2026 5:13:02 AM,Connection,My Rithmic for NinjaTrader Brokerage: Primary connection=Disconnected Price feed=Disconnected,
7/21/2026 5:13:01 AM,Connection,My Rithmic for NinjaTrader Brokerage: Primary connection=Disconnecting Price feed=Disconnecting,
7/21/2026 5:13:01 AM,Default,Workspace Testing not saved,
7/21/2026 5:13:00 AM,Default,Workspace 3 not saved,
7/21/2026 5:12:32 AM,Connection,Market data failed for 'MGC AUG26': 'get_order_book error : 13',
7/21/2026 5:12:32 AM,Connection,Market data failed for 'MES SEP26': 'get_order_book error : 13',
7/21/2026 5:12:27 AM,Connection,My Rithmic for NinjaTrader Brokerage: Primary connection=Connection lost Price feed=Connected,
7/21/2026 5:12:26 AM,Connection,Connection restored to the NinjaTrader Historical Data Server: hds-us-nt-007.ninjatrader.com,
7/21/2026 5:12:26 AM,Connection,Using HDS (hds-us-nt-007.ninjatrader.com/31655),
7/21/2026 5:12:16 AM,Connection,My Rithmic for NinjaTrader Brokerage: Primary connection=Connection lost Price feed=Connection lost,
7/21/2026 5:12:16 AM,Connection,My Rithmic for NinjaTrader Brokerage: Primary connection=Connection lost Price feed=Connected,
7/21/2026 5:12:15 AM,Connection,Connection lost to the NinjaTrader Historical Data Server: hds-us-nt-020.ninjatrader.com,
7/21/2026 3:08:07 AM,Connection,Market data failed for 'MGC AUG26': 'get_order_book error : 13',
7/21/2026 3:08:07 AM,Connection,Market data failed for 'MES SEP26': 'get_order_book error : 13',
7/21/2026 3:08:07 AM,Connection,My Rithmic for NinjaTrader Brokerage: Primary connection=Connected Price feed=Connected,
7/21/2026 3:08:02 AM,Connection,My Rithmic for NinjaTrader Brokerage: Primary connection=Connected Price feed=Connection lost,
