Time,Category,Message,
8/3/2026 8:09:26 PM,Order,Order='c07421b7939c4f3cb033e352191ef2c0/Sim101' Name='Stop1' New state='Cancelled' Instrument='MES SEP26' Action='Sell' Limit price=0 Stop price=7636.25 Quantity=10 Type='Stop Market' Time in force=GTC Oco='00340472551a42f2aa880dfe04440805' Filled=0 Fill price=0 Error='No error' Native error='',
8/3/2026 8:09:26 PM,Order,Order='7404038e5a8e4f17a02a91c0805252ed/Sim102' Name='Stop1' New state='Cancelled' Instrument='MES SEP26' Action='Sell' Limit price=0 Stop price=7636.25 Quantity=10 Type='Stop Market' Time in force=GTC Oco='ed424aaad2754b2494dede26b0fad52a' Filled=0 Fill price=0 Error='No error' Native error='',
8/3/2026 8:09:26 PM,Order,Order='697071b9125c4bbab2bd9a805f8088ba/Sim101' Name='Target1' New state='Cancelled' Instrument='MES SEP26' Action='Sell' Limit price=7642.25 Stop price=0 Quantity=10 Type='Limit' Time in force=GTC Oco='00340472551a42f2aa880dfe04440805' Filled=0 Fill price=0 Error='No error' Native error='',
8/3/2026 8:09:26 PM,Order,Order='0c0047d0d208411ba5cd6f8caeef2735/Sim102' Name='Target1' New state='Cancelled' Instrument='MES SEP26' Action='Sell' Limit price=7642.25 Stop price=0 Quantity=10 Type='Limit' Time in force=GTC Oco='ed424aaad2754b2494dede26b0fad52a' Filled=0 Fill price=0 Error='No error' Native error='',
8/3/2026 8:09:26 PM,Order,Sim102 Order '73101f4f354c48c1a84910dbe5a0373a' can't be submitted: The OCO ID ‘PTT-QX-00002’ cannot be reused. Please use a new OCO ID. affected Order: Sell 5 Limit @ 7641.25,
8/3/2026 8:09:26 PM,Order,Sim102 Order '514fdbda59244b168442f230d409c9d2' can't be submitted: The OCO ID ‘PTT-QX-00002’ cannot be reused. Please use a new OCO ID. affected Order: Sell 5 Limit @ 7642.25,
8/3/2026 8:09:26 PM,Order,Order='514fdbda59244b168442f230d409c9d2/Sim102' Name='PTT-QX-T2' New state='Rejected' Instrument='MES SEP26' Action='Sell' Limit price=7642.25 Stop price=0 Quantity=5 Type='Limit' Time in force=GTC Oco='PTT-QX-00002' Filled=0 Fill price=0 Error='Unable to submit order' Native error='Order '514fdbda59244b168442f230d409c9d2' can't be submitted: The OCO ID ‘PTT-QX-00002’ cannot be reused. Please use a new OCO ID.',
8/3/2026 8:09:26 PM,Order,Order='73101f4f354c48c1a84910dbe5a0373a/Sim102' Name='PTT-QX-T1' New state='Rejected' Instrument='MES SEP26' Action='Sell' Limit price=7641.25 Stop price=0 Quantity=5 Type='Limit' Time in force=GTC Oco='PTT-QX-00002' Filled=0 Fill price=0 Error='Unable to submit order' Native error='Order '73101f4f354c48c1a84910dbe5a0373a' can't be submitted: The OCO ID ‘PTT-QX-00002’ cannot be reused. Please use a new OCO ID.',
8/3/2026 8:09:26 PM,Order,Sim102 Order '76cf123926e5425ab3b7df63a2d0eec7' can't be submitted: The OCO ID ‘PTT-QX-00002’ cannot be reused. Please use a new OCO ID. affected Order: Sell 10 StopMarket @ 7636.25,
8/3/2026 8:09:26 PM,Order,Order='76cf123926e5425ab3b7df63a2d0eec7/Sim102' Name='PTT-QX-Stop' New state='Rejected' Instrument='MES SEP26' Action='Sell' Limit price=0 Stop price=7636.25 Quantity=10 Type='Stop Market' Time in force=GTC Oco='PTT-QX-00002' Filled=0 Fill price=0 Error='Unable to submit order' Native error='Order '76cf123926e5425ab3b7df63a2d0eec7' can't be submitted: The OCO ID ‘PTT-QX-00002’ cannot be reused. Please use a new OCO ID.',
8/3/2026 8:09:26 PM,Order,Order='bbf0ced6bcb1471ebbad755e2b53002b/Sim101' Name='PTT-QX-T2' New state='Rejected' Instrument='MES SEP26' Action='Sell' Limit price=7642.25 Stop price=0 Quantity=5 Type='Limit' Time in force=GTC Oco='PTT-QX-00001' Filled=0 Fill price=0 Error='Unable to submit order' Native error='Order 'bbf0ced6bcb1471ebbad755e2b53002b' can't be submitted: The OCO ID ‘PTT-QX-00001’ cannot be reused. Please use a new OCO ID.',
8/3/2026 8:09:26 PM,Order,Order='0c0047d0d208411ba5cd6f8caeef2735/Sim102' Name='Target1' New state='Cancel submitted' Instrument='MES SEP26' Action='Sell' Limit price=7642.25 Stop price=0 Quantity=10 Type='Limit' Time in force=GTC Oco='ed424aaad2754b2494dede26b0fad52a' Filled=0 Fill price=0 Error='No error' Native error='',
8/3/2026 8:09:26 PM,Order,Sim101 Order 'bbf0ced6bcb1471ebbad755e2b53002b' can't be submitted: The OCO ID ‘PTT-QX-00001’ cannot be reused. Please use a new OCO ID. affected Order: Sell 5 Limit @ 7642.25,
8/3/2026 8:09:26 PM,Order,Order='7404038e5a8e4f17a02a91c0805252ed/Sim102' Name='Stop1' New state='Cancel submitted' Instrument='MES SEP26' Action='Sell' Limit price=0 Stop price=7636.25 Quantity=10 Type='Stop Market' Time in force=GTC Oco='ed424aaad2754b2494dede26b0fad52a' Filled=0 Fill price=0 Error='No error' Native error='',
8/3/2026 8:09:26 PM,Order,Sim101 Order 'fb68eac66e854fd59df71eb834296eb2' can't be submitted: The OCO ID ‘PTT-QX-00001’ cannot be reused. Please use a new OCO ID. affected Order: Sell 5 Limit @ 7641.25,
8/3/2026 8:09:26 PM,Order,Order='fb68eac66e854fd59df71eb834296eb2/Sim101' Name='PTT-QX-T1' New state='Rejected' Instrument='MES SEP26' Action='Sell' Limit price=7641.25 Stop price=0 Quantity=5 Type='Limit' Time in force=GTC Oco='PTT-QX-00001' Filled=0 Fill price=0 Error='Unable to submit order' Native error='Order 'fb68eac66e854fd59df71eb834296eb2' can't be submitted: The OCO ID ‘PTT-QX-00001’ cannot be reused. Please use a new OCO ID.',
8/3/2026 8:09:26 PM,Order,Sim101 Order '2293ef82e1424c27b2fe0a4ef516f2e1' can't be submitted: The OCO ID ‘PTT-QX-00001’ cannot be reused. Please use a new OCO ID. affected Order: Sell 10 StopMarket @ 7636.25,
8/3/2026 8:09:26 PM,Order,Order='2293ef82e1424c27b2fe0a4ef516f2e1/Sim101' Name='PTT-QX-Stop' New state='Rejected' Instrument='MES SEP26' Action='Sell' Limit price=0 Stop price=7636.25 Quantity=10 Type='Stop Market' Time in force=GTC Oco='PTT-QX-00001' Filled=0 Fill price=0 Error='Unable to submit order' Native error='Order '2293ef82e1424c27b2fe0a4ef516f2e1' can't be submitted: The OCO ID ‘PTT-QX-00001’ cannot be reused. Please use a new OCO ID.',
8/3/2026 8:09:26 PM,Order,Order='c07421b7939c4f3cb033e352191ef2c0/Sim101' Name='Stop1' New state='Cancel submitted' Instrument='MES SEP26' Action='Sell' Limit price=0 Stop price=7636.25 Quantity=10 Type='Stop Market' Time in force=GTC Oco='00340472551a42f2aa880dfe04440805' Filled=0 Fill price=0 Error='No error' Native error='',
8/3/2026 8:09:26 PM,Order,Order='697071b9125c4bbab2bd9a805f8088ba/Sim101' Name='Target1' New state='Cancel submitted' Instrument='MES SEP26' Action='Sell' Limit price=7642.25 Stop price=0 Quantity=10 Type='Limit' Time in force=GTC Oco='00340472551a42f2aa880dfe04440805' Filled=0 Fill price=0 Error='No error' Native error='',
8/3/2026 8:09:16 PM,Order,Order='0c0047d0d208411ba5cd6f8caeef2735/Sim102' Name='Target1' New state='Working' Instrument='MES SEP26' Action='Sell' Limit price=7642.25 Stop price=0 Quantity=10 Type='Limit' Time in force=GTC Oco='ed424aaad2754b2494dede26b0fad52a' Filled=0 Fill price=0 Error='No error' Native error='',
8/3/2026 8:09:16 PM,Order,Order='0c0047d0d208411ba5cd6f8caeef2735/Sim102' Name='Target1' New state='Accepted' Instrument='MES SEP26' Action='Sell' Limit price=7642.25 Stop price=0 Quantity=10 Type='Limit' Time in force=GTC Oco='ed424aaad2754b2494dede26b0fad52a' Filled=0 Fill price=0 Error='No error' Native error='',
8/3/2026 8:09:16 PM,Order,Order='7404038e5a8e4f17a02a91c0805252ed/Sim102' Name='Stop1' New state='Accepted' Instrument='MES SEP26' Action='Sell' Limit price=0 Stop price=7636.25 Quantity=10 Type='Stop Market' Time in force=GTC Oco='ed424aaad2754b2494dede26b0fad52a' Filled=0 Fill price=0 Error='No error' Native error='',
8/3/2026 8:09:16 PM,Order,Order='0c0047d0d208411ba5cd6f8caeef2735/Sim102' Name='Target1' New state='Submitted' Instrument='MES SEP26' Action='Sell' Limit price=7642.25 Stop price=0 Quantity=10 Type='Limit' Time in force=GTC Oco='ed424aaad2754b2494dede26b0fad52a' Filled=0 Fill price=0 Error='No error' Native error='',
8/3/2026 8:09:16 PM,Order,Order='7404038e5a8e4f17a02a91c0805252ed/Sim102' Name='Stop1' New state='Submitted' Instrument='MES SEP26' Action='Sell' Limit price=0 Stop price=7636.25 Quantity=10 Type='Stop Market' Time in force=GTC Oco='ed424aaad2754b2494dede26b0fad52a' Filled=0 Fill price=0 Error='No error' Native error='',
8/3/2026 8:09:16 PM,Position,Instrument='MES SEP26' Account='Sim102' Average price=7640.25 Quantity=10 Market position=Long Operation=Operation_Add,
8/3/2026 8:09:16 PM,Execution,Execution='38ce6e49e2004904916d8539bf55a55b' Instrument='MES SEP26' Account='Sim102' Exchange=Default Price=7640.25 Quantity=10 Market position=Long Operation=Operation_Add Order='6cfe58246a9f45ea86612830842fb8d5' Time='8/3/2026 8:09 PM',
8/3/2026 8:09:16 PM,Order,Order='6cfe58246a9f45ea86612830842fb8d5/Sim102' Name='Entry' New state='Filled' Instrument='MES SEP26' Action='Buy' Limit price=0 Stop price=0 Quantity=10 Type='Market' Time in force=GTC Oco='' Filled=10 Fill price=7640.25 Error='No error' Native error='',
8/3/2026 8:09:16 PM,Order,Order='6cfe58246a9f45ea86612830842fb8d5/Sim102' Name='Entry' New state='Working' Instrument='MES SEP26' Action='Buy' Limit price=0 Stop price=0 Quantity=10 Type='Market' Time in force=GTC Oco='' Filled=0 Fill price=0 Error='No error' Native error='',
8/3/2026 8:09:16 PM,Order,Order='6cfe58246a9f45ea86612830842fb8d5/Sim102' Name='Entry' New state='Accepted' Instrument='MES SEP26' Action='Buy' Limit price=0 Stop price=0 Quantity=10 Type='Market' Time in force=GTC Oco='' Filled=0 Fill price=0 Error='No error' Native error='',
8/3/2026 8:09:16 PM,Order,Order='6cfe58246a9f45ea86612830842fb8d5/Sim102' Name='Entry' New state='Submitted' Instrument='MES SEP26' Action='Buy' Limit price=0 Stop price=0 Quantity=10 Type='Market' Time in force=GTC Oco='' Filled=0 Fill price=0 Error='No error' Native error='',
8/3/2026 8:09:16 PM,Order,Static SuperDOM submitting order with strategy 'MES $200 SL4 - 2' (Ticks),
8/3/2026 8:09:16 PM,Order,Order='697071b9125c4bbab2bd9a805f8088ba/Sim101' Name='Target1' New state='Working' Instrument='MES SEP26' Action='Sell' Limit price=7642.25 Stop price=0 Quantity=10 Type='Limit' Time in force=GTC Oco='00340472551a42f2aa880dfe04440805' Filled=0 Fill price=0 Error='No error' Native error='',
8/3/2026 8:09:16 PM,Order,Order='697071b9125c4bbab2bd9a805f8088ba/Sim101' Name='Target1' New state='Accepted' Instrument='MES SEP26' Action='Sell' Limit price=7642.25 Stop price=0 Quantity=10 Type='Limit' Time in force=GTC Oco='00340472551a42f2aa880dfe04440805' Filled=0 Fill price=0 Error='No error' Native error='',
8/3/2026 8:09:16 PM,Order,Order='c07421b7939c4f3cb033e352191ef2c0/Sim101' Name='Stop1' New state='Accepted' Instrument='MES SEP26' Action='Sell' Limit price=0 Stop price=7636.25 Quantity=10 Type='Stop Market' Time in force=GTC Oco='00340472551a42f2aa880dfe04440805' Filled=0 Fill price=0 Error='No error' Native error='',
8/3/2026 8:09:16 PM,Order,Order='697071b9125c4bbab2bd9a805f8088ba/Sim101' Name='Target1' New state='Submitted' Instrument='MES SEP26' Action='Sell' Limit price=7642.25 Stop price=0 Quantity=10 Type='Limit' Time in force=GTC Oco='00340472551a42f2aa880dfe04440805' Filled=0 Fill price=0 Error='No error' Native error='',
8/3/2026 8:09:16 PM,Order,Order='c07421b7939c4f3cb033e352191ef2c0/Sim101' Name='Stop1' New state='Submitted' Instrument='MES SEP26' Action='Sell' Limit price=0 Stop price=7636.25 Quantity=10 Type='Stop Market' Time in force=GTC Oco='00340472551a42f2aa880dfe04440805' Filled=0 Fill price=0 Error='No error' Native error='',
8/3/2026 8:09:16 PM,Position,Instrument='MES SEP26' Account='Sim101' Average price=7640.25 Quantity=10 Market position=Long Operation=Operation_Add,
8/3/2026 8:09:16 PM,Execution,Execution='68f7c3b63ceb4e88ab2064ca7229568c' Instrument='MES SEP26' Account='Sim101' Exchange=Default Price=7640.25 Quantity=10 Market position=Long Operation=Operation_Add Order='07c0cb9a837b4a33b14ff56af9f02a5a' Time='8/3/2026 8:09 PM',
8/3/2026 8:09:16 PM,Order,Order='07c0cb9a837b4a33b14ff56af9f02a5a/Sim101' Name='Entry' New state='Filled' Instrument='MES SEP26' Action='Buy' Limit price=0 Stop price=0 Quantity=10 Type='Market' Time in force=GTC Oco='' Filled=10 Fill price=7640.25 Error='No error' Native error='',
8/3/2026 8:09:16 PM,Order,Order='07c0cb9a837b4a33b14ff56af9f02a5a/Sim101' Name='Entry' New state='Working' Instrument='MES SEP26' Action='Buy' Limit price=0 Stop price=0 Quantity=10 Type='Market' Time in force=GTC Oco='' Filled=0 Fill price=0 Error='No error' Native error='',
8/3/2026 8:09:16 PM,Order,Order='07c0cb9a837b4a33b14ff56af9f02a5a/Sim101' Name='Entry' New state='Accepted' Instrument='MES SEP26' Action='Buy' Limit price=0 Stop price=0 Quantity=10 Type='Market' Time in force=GTC Oco='' Filled=0 Fill price=0 Error='No error' Native error='',
8/3/2026 8:09:15 PM,Order,Order='07c0cb9a837b4a33b14ff56af9f02a5a/Sim101' Name='Entry' New state='Submitted' Instrument='MES SEP26' Action='Buy' Limit price=0 Stop price=0 Quantity=10 Type='Market' Time in force=GTC Oco='' Filled=0 Fill price=0 Error='No error' Native error='',
8/3/2026 8:09:15 PM,Order,Static SuperDOM submitting order with strategy 'MES $200 SL4 - 1' (Ticks),
8/3/2026 8:06:27 PM,Position,Instrument='MES SEP26' Account='Sim102' Average price=0 Quantity=0 Market position=Flat Operation=Remove,
8/3/2026 8:06:27 PM,Execution,Execution='3e675b68fce148d5a428afb72b72584b' Instrument='MES SEP26' Account='Sim102' Exchange=Default Price=7642 Quantity=10 Market position=Short Operation=Operation_Add Order='94953d55618c4d26bd1397d48d811dc1' Time='8/3/2026 8:06 PM',
8/3/2026 8:06:27 PM,Order,Order='94953d55618c4d26bd1397d48d811dc1/Sim102' Name='Close' New state='Filled' Instrument='MES SEP26' Action='Sell' Limit price=0 Stop price=0 Quantity=10 Type='Market' Time in force=DAY Oco='' Filled=10 Fill price=7642 Error='No error' Native error='',
8/3/2026 8:06:27 PM,Order,Order='94953d55618c4d26bd1397d48d811dc1/Sim102' Name='Close' New state='Working' Instrument='MES SEP26' Action='Sell' Limit price=0 Stop price=0 Quantity=10 Type='Market' Time in force=DAY Oco='' Filled=0 Fill price=0 Error='No error' Native error='',
8/3/2026 8:06:26 PM,Order,Order='94953d55618c4d26bd1397d48d811dc1/Sim102' Name='Close' New state='Accepted' Instrument='MES SEP26' Action='Sell' Limit price=0 Stop price=0 Quantity=10 Type='Market' Time in force=DAY Oco='' Filled=0 Fill price=0 Error='No error' Native error='',
8/3/2026 8:06:26 PM,Order,Order='94953d55618c4d26bd1397d48d811dc1/Sim102' Name='Close' New state='Submitted' Instrument='MES SEP26' Action='Sell' Limit price=0 Stop price=0 Quantity=10 Type='Market' Time in force=DAY Oco='' Filled=0 Fill price=0 Error='No error' Native error='',
8/3/2026 8:06:26 PM,Default,SuperDOM close position,
8/3/2026 8:05:09 PM,Position,Instrument='MES SEP26' Account='Sim101' Average price=0 Quantity=0 Market position=Flat Operation=Remove,
8/3/2026 8:05:09 PM,Execution,Execution='65ea8ef6645941b6a577ed4449ee1307' Instrument='MES SEP26' Account='Sim101' Exchange=Default Price=7642 Quantity=10 Market position=Short Operation=Operation_Add Order='0b89ca4f25074313adf035d9a46e2c40' Time='8/3/2026 8:05 PM',
8/3/2026 8:05:09 PM,Order,Order='0b89ca4f25074313adf035d9a46e2c40/Sim101' Name='Close' New state='Filled' Instrument='MES SEP26' Action='Sell' Limit price=0 Stop price=0 Quantity=10 Type='Market' Time in force=DAY Oco='' Filled=10 Fill price=7642 Error='No error' Native error='',
8/3/2026 8:05:09 PM,Order,Order='0b89ca4f25074313adf035d9a46e2c40/Sim101' Name='Close' New state='Working' Instrument='MES SEP26' Action='Sell' Limit price=0 Stop price=0 Quantity=10 Type='Market' Time in force=DAY Oco='' Filled=0 Fill price=0 Error='No error' Native error='',
8/3/2026 8:05:09 PM,Order,Order='0b89ca4f25074313adf035d9a46e2c40/Sim101' Name='Close' New state='Accepted' Instrument='MES SEP26' Action='Sell' Limit price=0 Stop price=0 Quantity=10 Type='Market' Time in force=DAY Oco='' Filled=0 Fill price=0 Error='No error' Native error='',
8/3/2026 8:05:09 PM,Order,Order='0b89ca4f25074313adf035d9a46e2c40/Sim101' Name='Close' New state='Submitted' Instrument='MES SEP26' Action='Sell' Limit price=0 Stop price=0 Quantity=10 Type='Market' Time in force=DAY Oco='' Filled=0 Fill price=0 Error='No error' Native error='',
8/3/2026 8:05:09 PM,Default,Chart Trader close position,
8/3/2026 8:04:09 PM,Order,Order='a25e6d9f907f4b9985ee3b9883daef29/Sim102' Name='Stop1' New state='Cancelled' Instrument='MES SEP26' Action='Sell' Limit price=0 Stop price=7638.75 Quantity=10 Type='Stop Market' Time in force=GTC Oco='30f605dff1ed41438b373c37969d5f20' Filled=0 Fill price=0 Error='No error' Native error='',
8/3/2026 8:04:09 PM,Order,Order='db11e5eefc704f98b63d67009e2d6af2/Sim102' Name='Target1' New state='Cancelled' Instrument='MES SEP26' Action='Sell' Limit price=7644.75 Stop price=0 Quantity=10 Type='Limit' Time in force=GTC Oco='30f605dff1ed41438b373c37969d5f20' Filled=0 Fill price=0 Error='No error' Native error='',
8/3/2026 8:04:09 PM,Order,Order='a9c59d0b598445df9ca0439371657474/Sim101' Name='Stop1' New state='Cancelled' Instrument='MES SEP26' Action='Sell' Limit price=0 Stop price=7638.75 Quantity=10 Type='Stop Market' Time in force=GTC Oco='db150075688548879ba1fcecebb1bd79' Filled=0 Fill price=0 Error='No error' Native error='',
8/3/2026 8:04:09 PM,Order,Order='89a233a6295a4e81b0403add07a2fe4e/Sim101' Name='Target1' New state='Cancelled' Instrument='MES SEP26' Action='Sell' Limit price=7644.75 Stop price=0 Quantity=10 Type='Limit' Time in force=GTC Oco='db150075688548879ba1fcecebb1bd79' Filled=0 Fill price=0 Error='No error' Native error='',
8/3/2026 8:04:09 PM,Order,Sim102 Order 'ef6e2718be8147d7a2077d3aff735c14' can't be submitted: The OCO ID ‘PTT-QX-00002’ cannot be reused. Please use a new OCO ID. affected Order: Sell 5 Limit @ 7644.75,
8/3/2026 8:04:09 PM,Order,Order='ef6e2718be8147d7a2077d3aff735c14/Sim102' Name='PTT-QX-T2' New state='Rejected' Instrument='MES SEP26' Action='Sell' Limit price=7644.75 Stop price=0 Quantity=5 Type='Limit' Time in force=GTC Oco='PTT-QX-00002' Filled=0 Fill price=0 Error='Unable to submit order' Native error='Order 'ef6e2718be8147d7a2077d3aff735c14' can't be submitted: The OCO ID ‘PTT-QX-00002’ cannot be reused. Please use a new OCO ID.',
8/3/2026 8:04:09 PM,Order,Sim102 Order '4711bd9ede29419eb0b0e7ec25e6533b' can't be submitted: The OCO ID ‘PTT-QX-00002’ cannot be reused. Please use a new OCO ID. affected Order: Sell 5 Limit @ 7643.75,
8/3/2026 8:04:09 PM,Order,Order='4711bd9ede29419eb0b0e7ec25e6533b/Sim102' Name='PTT-QX-T1' New state='Rejected' Instrument='MES SEP26' Action='Sell' Limit price=7643.75 Stop price=0 Quantity=5 Type='Limit' Time in force=GTC Oco='PTT-QX-00002' Filled=0 Fill price=0 Error='Unable to submit order' Native error='Order '4711bd9ede29419eb0b0e7ec25e6533b' can't be submitted: The OCO ID ‘PTT-QX-00002’ cannot be reused. Please use a new OCO ID.',
8/3/2026 8:04:09 PM,Order,Sim102 Order '331ebf4741eb40a8ae14a922cc177693' can't be submitted: The OCO ID ‘PTT-QX-00002’ cannot be reused. Please use a new OCO ID. affected Order: Sell 10 StopMarket @ 7638.75,
8/3/2026 8:04:09 PM,Order,Order='331ebf4741eb40a8ae14a922cc177693/Sim102' Name='PTT-QX-Stop' New state='Rejected' Instrument='MES SEP26' Action='Sell' Limit price=0 Stop price=7638.75 Quantity=10 Type='Stop Market' Time in force=GTC Oco='PTT-QX-00002' Filled=0 Fill price=0 Error='Unable to submit order' Native error='Order '331ebf4741eb40a8ae14a922cc177693' can't be submitted: The OCO ID ‘PTT-QX-00002’ cannot be reused. Please use a new OCO ID.',
8/3/2026 8:04:09 PM,Order,Order='a25e6d9f907f4b9985ee3b9883daef29/Sim102' Name='Stop1' New state='Cancel submitted' Instrument='MES SEP26' Action='Sell' Limit price=0 Stop price=7638.75 Quantity=10 Type='Stop Market' Time in force=GTC Oco='30f605dff1ed41438b373c37969d5f20' Filled=0 Fill price=0 Error='No error' Native error='',
8/3/2026 8:04:09 PM,Order,Order='db11e5eefc704f98b63d67009e2d6af2/Sim102' Name='Target1' New state='Cancel submitted' Instrument='MES SEP26' Action='Sell' Limit price=7644.75 Stop price=0 Quantity=10 Type='Limit' Time in force=GTC Oco='30f605dff1ed41438b373c37969d5f20' Filled=0 Fill price=0 Error='No error' Native error='',
8/3/2026 8:04:09 PM,Order,Sim101 Order '36051ea49a504cf0aeeecdab423ff1ed' can't be submitted: The OCO ID ‘PTT-QX-00001’ cannot be reused. Please use a new OCO ID. affected Order: Sell 5 Limit @ 7644.75,
8/3/2026 8:04:09 PM,Order,Order='36051ea49a504cf0aeeecdab423ff1ed/Sim101' Name='PTT-QX-T2' New state='Rejected' Instrument='MES SEP26' Action='Sell' Limit price=7644.75 Stop price=0 Quantity=5 Type='Limit' Time in force=GTC Oco='PTT-QX-00001' Filled=0 Fill price=0 Error='Unable to submit order' Native error='Order '36051ea49a504cf0aeeecdab423ff1ed' can't be submitted: The OCO ID ‘PTT-QX-00001’ cannot be reused. Please use a new OCO ID.',
8/3/2026 8:04:09 PM,Order,Sim101 Order '66a25dc65c4f415f829570a5453c969f' can't be submitted: The OCO ID ‘PTT-QX-00001’ cannot be reused. Please use a new OCO ID. affected Order: Sell 5 Limit @ 7643.75,
8/3/2026 8:04:09 PM,Order,Order='66a25dc65c4f415f829570a5453c969f/Sim101' Name='PTT-QX-T1' New state='Rejected' Instrument='MES SEP26' Action='Sell' Limit price=7643.75 Stop price=0 Quantity=5 Type='Limit' Time in force=GTC Oco='PTT-QX-00001' Filled=0 Fill price=0 Error='Unable to submit order' Native error='Order '66a25dc65c4f415f829570a5453c969f' can't be submitted: The OCO ID ‘PTT-QX-00001’ cannot be reused. Please use a new OCO ID.',
8/3/2026 8:04:09 PM,Order,Sim101 Order 'ea1972f64a0f4c35a6985cb337d96428' can't be submitted: The OCO ID ‘PTT-QX-00001’ cannot be reused. Please use a new OCO ID. affected Order: Sell 10 StopMarket @ 7638.75,
8/3/2026 8:04:09 PM,Order,Order='ea1972f64a0f4c35a6985cb337d96428/Sim101' Name='PTT-QX-Stop' New state='Rejected' Instrument='MES SEP26' Action='Sell' Limit price=0 Stop price=7638.75 Quantity=10 Type='Stop Market' Time in force=GTC Oco='PTT-QX-00001' Filled=0 Fill price=0 Error='Unable to submit order' Native error='Order 'ea1972f64a0f4c35a6985cb337d96428' can't be submitted: The OCO ID ‘PTT-QX-00001’ cannot be reused. Please use a new OCO ID.',
8/3/2026 8:04:09 PM,Order,Order='a9c59d0b598445df9ca0439371657474/Sim101' Name='Stop1' New state='Cancel submitted' Instrument='MES SEP26' Action='Sell' Limit price=0 Stop price=7638.75 Quantity=10 Type='Stop Market' Time in force=GTC Oco='db150075688548879ba1fcecebb1bd79' Filled=0 Fill price=0 Error='No error' Native error='',
8/3/2026 8:04:09 PM,Order,Order='89a233a6295a4e81b0403add07a2fe4e/Sim101' Name='Target1' New state='Cancel submitted' Instrument='MES SEP26' Action='Sell' Limit price=7644.75 Stop price=0 Quantity=10 Type='Limit' Time in force=GTC Oco='db150075688548879ba1fcecebb1bd79' Filled=0 Fill price=0 Error='No error' Native error='',
8/3/2026 8:04:06 PM,Order,Order='db11e5eefc704f98b63d67009e2d6af2/Sim102' Name='Target1' New state='Working' Instrument='MES SEP26' Action='Sell' Limit price=7644.75 Stop price=0 Quantity=10 Type='Limit' Time in force=GTC Oco='30f605dff1ed41438b373c37969d5f20' Filled=0 Fill price=0 Error='No error' Native error='',
8/3/2026 8:04:06 PM,Order,Order='db11e5eefc704f98b63d67009e2d6af2/Sim102' Name='Target1' New state='Accepted' Instrument='MES SEP26' Action='Sell' Limit price=7644.75 Stop price=0 Quantity=10 Type='Limit' Time in force=GTC Oco='30f605dff1ed41438b373c37969d5f20' Filled=0 Fill price=0 Error='No error' Native error='',
8/3/2026 8:04:06 PM,Order,Order='a25e6d9f907f4b9985ee3b9883daef29/Sim102' Name='Stop1' New state='Accepted' Instrument='MES SEP26' Action='Sell' Limit price=0 Stop price=7638.75 Quantity=10 Type='Stop Market' Time in force=GTC Oco='30f605dff1ed41438b373c37969d5f20' Filled=0 Fill price=0 Error='No error' Native error='',
8/3/2026 8:04:05 PM,Order,Order='db11e5eefc704f98b63d67009e2d6af2/Sim102' Name='Target1' New state='Submitted' Instrument='MES SEP26' Action='Sell' Limit price=7644.75 Stop price=0 Quantity=10 Type='Limit' Time in force=GTC Oco='30f605dff1ed41438b373c37969d5f20' Filled=0 Fill price=0 Error='No error' Native error='',
8/3/2026 8:04:05 PM,Order,Order='a25e6d9f907f4b9985ee3b9883daef29/Sim102' Name='Stop1' New state='Submitted' Instrument='MES SEP26' Action='Sell' Limit price=0 Stop price=7638.75 Quantity=10 Type='Stop Market' Time in force=GTC Oco='30f605dff1ed41438b373c37969d5f20' Filled=0 Fill price=0 Error='No error' Native error='',
8/3/2026 8:04:05 PM,Position,Instrument='MES SEP26' Account='Sim102' Average price=7642.75 Quantity=10 Market position=Long Operation=Operation_Add,
8/3/2026 8:04:05 PM,Execution,Execution='3d0d8ab0f0514c8fa20199ed67f820b8' Instrument='MES SEP26' Account='Sim102' Exchange=Default Price=7642.75 Quantity=10 Market position=Long Operation=Operation_Add Order='7e70eee267654ebd852f4cb31bfb53e8' Time='8/3/2026 8:04 PM',
8/3/2026 8:04:05 PM,Order,Order='7e70eee267654ebd852f4cb31bfb53e8/Sim102' Name='Entry' New state='Filled' Instrument='MES SEP26' Action='Buy' Limit price=0 Stop price=0 Quantity=10 Type='Market' Time in force=GTC Oco='' Filled=10 Fill price=7642.75 Error='No error' Native error='',
8/3/2026 8:04:05 PM,Order,Order='7e70eee267654ebd852f4cb31bfb53e8/Sim102' Name='Entry' New state='Working' Instrument='MES SEP26' Action='Buy' Limit price=0 Stop price=0 Quantity=10 Type='Market' Time in force=GTC Oco='' Filled=0 Fill price=0 Error='No error' Native error='',
8/3/2026 8:04:05 PM,Order,Order='7e70eee267654ebd852f4cb31bfb53e8/Sim102' Name='Entry' New state='Accepted' Instrument='MES SEP26' Action='Buy' Limit price=0 Stop price=0 Quantity=10 Type='Market' Time in force=GTC Oco='' Filled=0 Fill price=0 Error='No error' Native error='',
8/3/2026 8:04:05 PM,Order,Order='7e70eee267654ebd852f4cb31bfb53e8/Sim102' Name='Entry' New state='Submitted' Instrument='MES SEP26' Action='Buy' Limit price=0 Stop price=0 Quantity=10 Type='Market' Time in force=GTC Oco='' Filled=0 Fill price=0 Error='No error' Native error='',
8/3/2026 8:04:05 PM,Order,Static SuperDOM submitting order with strategy 'MES $200 SL4 - 2' (Ticks),
8/3/2026 8:04:05 PM,Order,Order='89a233a6295a4e81b0403add07a2fe4e/Sim101' Name='Target1' New state='Working' Instrument='MES SEP26' Action='Sell' Limit price=7644.75 Stop price=0 Quantity=10 Type='Limit' Time in force=GTC Oco='db150075688548879ba1fcecebb1bd79' Filled=0 Fill price=0 Error='No error' Native error='',
8/3/2026 8:04:05 PM,Order,Order='89a233a6295a4e81b0403add07a2fe4e/Sim101' Name='Target1' New state='Accepted' Instrument='MES SEP26' Action='Sell' Limit price=7644.75 Stop price=0 Quantity=10 Type='Limit' Time in force=GTC Oco='db150075688548879ba1fcecebb1bd79' Filled=0 Fill price=0 Error='No error' Native error='',
8/3/2026 8:04:05 PM,Order,Order='a9c59d0b598445df9ca0439371657474/Sim101' Name='Stop1' New state='Accepted' Instrument='MES SEP26' Action='Sell' Limit price=0 Stop price=7638.75 Quantity=10 Type='Stop Market' Time in force=GTC Oco='db150075688548879ba1fcecebb1bd79' Filled=0 Fill price=0 Error='No error' Native error='',
8/3/2026 8:04:05 PM,Position,Instrument='MES SEP26' Account='Sim101' Average price=7642.75 Quantity=10 Market position=Long Operation=Operation_Add,
8/3/2026 8:04:05 PM,Order,Order='89a233a6295a4e81b0403add07a2fe4e/Sim101' Name='Target1' New state='Submitted' Instrument='MES SEP26' Action='Sell' Limit price=7644.75 Stop price=0 Quantity=10 Type='Limit' Time in force=GTC Oco='db150075688548879ba1fcecebb1bd79' Filled=0 Fill price=0 Error='No error' Native error='',
8/3/2026 8:04:05 PM,Order,Order='a9c59d0b598445df9ca0439371657474/Sim101' Name='Stop1' New state='Submitted' Instrument='MES SEP26' Action='Sell' Limit price=0 Stop price=7638.75 Quantity=10 Type='Stop Market' Time in force=GTC Oco='db150075688548879ba1fcecebb1bd79' Filled=0 Fill price=0 Error='No error' Native error='',
8/3/2026 8:04:05 PM,Execution,Execution='6f01f8387a7d4ba38c68e13f1706d9e2' Instrument='MES SEP26' Account='Sim101' Exchange=Default Price=7642.75 Quantity=10 Market position=Long Operation=Operation_Add Order='6df112c05aa84a52a7baac5c20563c94' Time='8/3/2026 8:04 PM',
8/3/2026 8:04:05 PM,Order,Order='6df112c05aa84a52a7baac5c20563c94/Sim101' Name='Entry' New state='Filled' Instrument='MES SEP26' Action='Buy' Limit price=0 Stop price=0 Quantity=10 Type='Market' Time in force=GTC Oco='' Filled=10 Fill price=7642.75 Error='No error' Native error='',
8/3/2026 8:04:05 PM,Order,Order='6df112c05aa84a52a7baac5c20563c94/Sim101' Name='Entry' New state='Working' Instrument='MES SEP26' Action='Buy' Limit price=0 Stop price=0 Quantity=10 Type='Market' Time in force=GTC Oco='' Filled=0 Fill price=0 Error='No error' Native error='',
8/3/2026 8:04:05 PM,Order,Order='6df112c05aa84a52a7baac5c20563c94/Sim101' Name='Entry' New state='Accepted' Instrument='MES SEP26' Action='Buy' Limit price=0 Stop price=0 Quantity=10 Type='Market' Time in force=GTC Oco='' Filled=0 Fill price=0 Error='No error' Native error='',
8/3/2026 8:04:05 PM,Order,Order='6df112c05aa84a52a7baac5c20563c94/Sim101' Name='Entry' New state='Submitted' Instrument='MES SEP26' Action='Buy' Limit price=0 Stop price=0 Quantity=10 Type='Market' Time in force=GTC Oco='' Filled=0 Fill price=0 Error='No error' Native error='',
8/3/2026 8:04:05 PM,Order,Static SuperDOM submitting order with strategy 'MES $200 SL4 - 1' (Ticks),
8/3/2026 8:03:46 PM,Connection,Market data failed for 'MES SEP26': 'get_order_book error : 13',
8/3/2026 8:03:46 PM,Connection,Market data failed for 'MGC DEC26': 'get_order_book error : 13',
8/3/2026 8:03:46 PM,Connection,Using HDS (hds-us-nt-014.ninjatrader.com/31655),
8/3/2026 8:03:46 PM,Connection,Time to auto close position='12:00:00 AM' Enabled=False,
8/3/2026 8:03:45 PM,Connection,My Rithmic for NinjaTrader Brokerage: Primary connection=Connected Price feed=Connected,
8/3/2026 8:03:30 PM,Default,Restoring workspace 'SuperDOM 3'...,
8/3/2026 8:03:28 PM,Default,Auto close enabled=False,
8/3/2026 8:03:28 PM,Order,Order entry hot keys disabled,
8/3/2026 8:03:28 PM,Connection,My Rithmic for NinjaTrader Brokerage: Primary connection=Connecting Price feed=Connecting,
8/3/2026 8:03:27 PM,Default,Auto connecting 'My Rithmic for NinjaTrader Brokerage'...,
8/3/2026 8:03:27 PM,Default,Telemetry configuration updated to version 1003 (previous version 0).,
8/3/2026 8:03:27 PM,Default,Automated trading disabled,
8/3/2026 8:03:27 PM,Connection,Using IS (is-us-nt-006.ninjatrader.com/31658),
8/3/2026 8:03:25 PM,Default,Global simulation mode disabled,
8/3/2026 8:03:02 PM,Default,Session Break (Version 8.1.8.1),
8/3/2026 8:02:54 PM,Connection,My Rithmic for NinjaTrader Brokerage: Primary connection=Disconnected Price feed=Disconnected,
8/3/2026 8:02:54 PM,Connection,My Rithmic for NinjaTrader Brokerage: Primary connection=Disconnecting Price feed=Disconnecting,
8/3/2026 8:02:48 PM,Default,Workspace SuperDOM 3 saved,
8/3/2026 7:58:25 PM,Position,Instrument='MES SEP26' Account='Sim102' Average price=0 Quantity=0 Market position=Flat Operation=Remove,
8/3/2026 7:58:24 PM,Execution,Execution='8e41dd63144042bd9c1d37f9daf147b7' Instrument='MES SEP26' Account='Sim102' Exchange=Default Price=7643.5 Quantity=10 Market position=Short Operation=Operation_Add Order='2247780f110640d2aca13a7826121908' Time='8/3/2026 7:58 PM',
8/3/2026 7:58:24 PM,Order,Order='2247780f110640d2aca13a7826121908/Sim102' Name='Close' New state='Filled' Instrument='MES SEP26' Action='Sell' Limit price=0 Stop price=0 Quantity=10 Type='Market' Time in force=DAY Oco='' Filled=10 Fill price=7643.5 Error='No error' Native error='',
8/3/2026 7:58:24 PM,Order,Order='2247780f110640d2aca13a7826121908/Sim102' Name='Close' New state='Accepted' Instrument='MES SEP26' Action='Sell' Limit price=0 Stop price=0 Quantity=10 Type='Market' Time in force=DAY Oco='' Filled=0 Fill price=0 Error='No error' Native error='',
8/3/2026 7:58:24 PM,Order,Order='2247780f110640d2aca13a7826121908/Sim102' Name='Close' New state='Working' Instrument='MES SEP26' Action='Sell' Limit price=0 Stop price=0 Quantity=10 Type='Market' Time in force=DAY Oco='' Filled=0 Fill price=0 Error='No error' Native error='',
8/3/2026 7:58:24 PM,Order,Order='2247780f110640d2aca13a7826121908/Sim102' Name='Close' New state='Submitted' Instrument='MES SEP26' Action='Sell' Limit price=0 Stop price=0 Quantity=10 Type='Market' Time in force=DAY Oco='' Filled=0 Fill price=0 Error='No error' Native error='',
8/3/2026 7:58:24 PM,Order,Order='bc94c5782bde4eb190e9bcd24a3a7088/Sim102' Name='PTT-QX-Stop' New state='Cancelled' Instrument='MES SEP26' Action='Sell' Limit price=0 Stop price=7640 Quantity=10 Type='Stop Market' Time in force=GTC Oco='PTT-QX-00002' Filled=0 Fill price=0 Error='No error' Native error='',
8/3/2026 7:58:24 PM,Order,Order='574fe0789c3841c5a57f09a383ca2b91/Sim102' Name='PTT-QX-T2' New state='Cancelled' Instrument='MES SEP26' Action='Sell' Limit price=7646 Stop price=0 Quantity=5 Type='Limit' Time in force=GTC Oco='PTT-QX-00002' Filled=0 Fill price=0 Error='No error' Native error='',
8/3/2026 7:58:24 PM,Order,Order='f9d1600fe5614104932996537992b132/Sim102' Name='PTT-QX-T1' New state='Cancelled' Instrument='MES SEP26' Action='Sell' Limit price=7645 Stop price=0 Quantity=5 Type='Limit' Time in force=GTC Oco='PTT-QX-00002' Filled=0 Fill price=0 Error='No error' Native error='',
8/3/2026 7:58:24 PM,Order,Order='f9d1600fe5614104932996537992b132/Sim102' Name='PTT-QX-T1' New state='Cancel submitted' Instrument='MES SEP26' Action='Sell' Limit price=7645 Stop price=0 Quantity=5 Type='Limit' Time in force=GTC Oco='PTT-QX-00002' Filled=0 Fill price=0 Error='No error' Native error='',
8/3/2026 7:58:24 PM,Order,Order='bc94c5782bde4eb190e9bcd24a3a7088/Sim102' Name='PTT-QX-Stop' New state='Cancel submitted' Instrument='MES SEP26' Action='Sell' Limit price=0 Stop price=7640 Quantity=10 Type='Stop Market' Time in force=GTC Oco='PTT-QX-00002' Filled=0 Fill price=0 Error='No error' Native error='',
8/3/2026 7:58:24 PM,Order,Order='574fe0789c3841c5a57f09a383ca2b91/Sim102' Name='PTT-QX-T2' New state='Cancel submitted' Instrument='MES SEP26' Action='Sell' Limit price=7646 Stop price=0 Quantity=5 Type='Limit' Time in force=GTC Oco='PTT-QX-00002' Filled=0 Fill price=0 Error='No error' Native error='',
8/3/2026 7:58:24 PM,Default,Position grid close position,
8/3/2026 7:57:49 PM,Position,Instrument='MES SEP26' Account='Sim101' Average price=0 Quantity=0 Market position=Flat Operation=Remove,
8/3/2026 7:57:49 PM,Execution,Execution='d546ec8e26b249ac8d42e4c1cb928e27' Instrument='MES SEP26' Account='Sim101' Exchange=Default Price=7644 Quantity=10 Market position=Short Operation=Operation_Add Order='968c900c6019441c8ac7b8bacd1cc681' Time='8/3/2026 7:57 PM',
8/3/2026 7:57:49 PM,Order,Order='968c900c6019441c8ac7b8bacd1cc681/Sim101' Name='Close' New state='Filled' Instrument='MES SEP26' Action='Sell' Limit price=0 Stop price=0 Quantity=10 Type='Market' Time in force=DAY Oco='' Filled=10 Fill price=7644 Error='No error' Native error='',
8/3/2026 7:57:49 PM,Order,Order='968c900c6019441c8ac7b8bacd1cc681/Sim101' Name='Close' New state='Working' Instrument='MES SEP26' Action='Sell' Limit price=0 Stop price=0 Quantity=10 Type='Market' Time in force=DAY Oco='' Filled=0 Fill price=0 Error='No error' Native error='',
8/3/2026 7:57:49 PM,Order,Order='968c900c6019441c8ac7b8bacd1cc681/Sim101' Name='Close' New state='Accepted' Instrument='MES SEP26' Action='Sell' Limit price=0 Stop price=0 Quantity=10 Type='Market' Time in force=DAY Oco='' Filled=0 Fill price=0 Error='No error' Native error='',
8/3/2026 7:57:48 PM,Order,Order='968c900c6019441c8ac7b8bacd1cc681/Sim101' Name='Close' New state='Submitted' Instrument='MES SEP26' Action='Sell' Limit price=0 Stop price=0 Quantity=10 Type='Market' Time in force=DAY Oco='' Filled=0 Fill price=0 Error='No error' Native error='',
8/3/2026 7:57:48 PM,Default,Chart Trader close position,
8/3/2026 7:57:12 PM,Order,Order='574fe0789c3841c5a57f09a383ca2b91/Sim102' Name='PTT-QX-T2' New state='Accepted' Instrument='MES SEP26' Action='Sell' Limit price=7646 Stop price=0 Quantity=5 Type='Limit' Time in force=GTC Oco='PTT-QX-00002' Filled=0 Fill price=0 Error='No error' Native error='',
8/3/2026 7:57:12 PM,Order,Order='574fe0789c3841c5a57f09a383ca2b91/Sim102' Name='PTT-QX-T2' New state='Working' Instrument='MES SEP26' Action='Sell' Limit price=7646 Stop price=0 Quantity=5 Type='Limit' Time in force=GTC Oco='PTT-QX-00002' Filled=0 Fill price=0 Error='No error' Native error='',
8/3/2026 7:57:12 PM,Order,Order='f9d1600fe5614104932996537992b132/Sim102' Name='PTT-QX-T1' New state='Accepted' Instrument='MES SEP26' Action='Sell' Limit price=7645 Stop price=0 Quantity=5 Type='Limit' Time in force=GTC Oco='PTT-QX-00002' Filled=0 Fill price=0 Error='No error' Native error='',
8/3/2026 7:57:12 PM,Order,Order='f9d1600fe5614104932996537992b132/Sim102' Name='PTT-QX-T1' New state='Working' Instrument='MES SEP26' Action='Sell' Limit price=7645 Stop price=0 Quantity=5 Type='Limit' Time in force=GTC Oco='PTT-QX-00002' Filled=0 Fill price=0 Error='No error' Native error='',
8/3/2026 7:57:12 PM,Order,Order='a99ed860b6db4e1391b25bfa177e61ab/Sim102' Name='Target1' New state='Cancelled' Instrument='MES SEP26' Action='Sell' Limit price=7646 Stop price=0 Quantity=10 Type='Limit' Time in force=GTC Oco='b954890d286f46069ab7adb140952f5d' Filled=0 Fill price=0 Error='No error' Native error='',
8/3/2026 7:57:12 PM,Order,Order='5dd3d53ea8a0428daac2212c0e0d70f9/Sim102' Name='Stop1' New state='Cancelled' Instrument='MES SEP26' Action='Sell' Limit price=0 Stop price=7640 Quantity=10 Type='Stop Market' Time in force=GTC Oco='b954890d286f46069ab7adb140952f5d' Filled=0 Fill price=0 Error='No error' Native error='',
8/3/2026 7:57:12 PM,Order,Order='bc94c5782bde4eb190e9bcd24a3a7088/Sim102' Name='PTT-QX-Stop' New state='Accepted' Instrument='MES SEP26' Action='Sell' Limit price=0 Stop price=7640 Quantity=10 Type='Stop Market' Time in force=GTC Oco='PTT-QX-00002' Filled=0 Fill price=0 Error='No error' Native error='',
8/3/2026 7:57:12 PM,Order,Order='dec5878c1b7b46e1ac91d5cd1c8aa098/Sim101' Name='Stop1' New state='Cancelled' Instrument='MES SEP26' Action='Sell' Limit price=0 Stop price=7640 Quantity=10 Type='Stop Market' Time in force=GTC Oco='80641bf630414e0a83cdbd8e24f80c8f' Filled=0 Fill price=0 Error='No error' Native error='',
8/3/2026 7:57:12 PM,Order,Order='5aa42dcd4ed44725b46c8eaddb7716a3/Sim101' Name='Target1' New state='Cancelled' Instrument='MES SEP26' Action='Sell' Limit price=7646 Stop price=0 Quantity=10 Type='Limit' Time in force=GTC Oco='80641bf630414e0a83cdbd8e24f80c8f' Filled=0 Fill price=0 Error='No error' Native error='',
8/3/2026 7:57:12 PM,Order,Order='574fe0789c3841c5a57f09a383ca2b91/Sim102' Name='PTT-QX-T2' New state='Submitted' Instrument='MES SEP26' Action='Sell' Limit price=7646 Stop price=0 Quantity=5 Type='Limit' Time in force=GTC Oco='PTT-QX-00002' Filled=0 Fill price=0 Error='No error' Native error='',
8/3/2026 7:57:12 PM,Order,Order='f9d1600fe5614104932996537992b132/Sim102' Name='PTT-QX-T1' New state='Submitted' Instrument='MES SEP26' Action='Sell' Limit price=7645 Stop price=0 Quantity=5 Type='Limit' Time in force=GTC Oco='PTT-QX-00002' Filled=0 Fill price=0 Error='No error' Native error='',
8/3/2026 7:57:12 PM,Order,Order='bc94c5782bde4eb190e9bcd24a3a7088/Sim102' Name='PTT-QX-Stop' New state='Submitted' Instrument='MES SEP26' Action='Sell' Limit price=0 Stop price=7640 Quantity=10 Type='Stop Market' Time in force=GTC Oco='PTT-QX-00002' Filled=0 Fill price=0 Error='No error' Native error='',
8/3/2026 7:57:12 PM,Order,Order='5dd3d53ea8a0428daac2212c0e0d70f9/Sim102' Name='Stop1' New state='Cancel submitted' Instrument='MES SEP26' Action='Sell' Limit price=0 Stop price=7640 Quantity=10 Type='Stop Market' Time in force=GTC Oco='b954890d286f46069ab7adb140952f5d' Filled=0 Fill price=0 Error='No error' Native error='',
8/3/2026 7:57:12 PM,Order,Order='a99ed860b6db4e1391b25bfa177e61ab/Sim102' Name='Target1' New state='Cancel submitted' Instrument='MES SEP26' Action='Sell' Limit price=7646 Stop price=0 Quantity=10 Type='Limit' Time in force=GTC Oco='b954890d286f46069ab7adb140952f5d' Filled=0 Fill price=0 Error='No error' Native error='',
8/3/2026 7:57:12 PM,Order,Sim101 Order 'dd9ed67575284d12a99ecba6c185fd03' can't be submitted: The OCO ID ‘PTT-QX-00001’ cannot be reused. Please use a new OCO ID. affected Order: Sell 5 Limit @ 7646,
8/3/2026 7:57:12 PM,Order,Order='dd9ed67575284d12a99ecba6c185fd03/Sim101' Name='PTT-QX-T2' New state='Rejected' Instrument='MES SEP26' Action='Sell' Limit price=7646 Stop price=0 Quantity=5 Type='Limit' Time in force=GTC Oco='PTT-QX-00001' Filled=0 Fill price=0 Error='Unable to submit order' Native error='Order 'dd9ed67575284d12a99ecba6c185fd03' can't be submitted: The OCO ID ‘PTT-QX-00001’ cannot be reused. Please use a new OCO ID.',
8/3/2026 7:57:12 PM,Order,Order='dc1be4b79da44f07b0d49175d3c5ae88/Sim101' Name='PTT-QX-T1' New state='Rejected' Instrument='MES SEP26' Action='Sell' Limit price=7645 Stop price=0 Quantity=5 Type='Limit' Time in force=GTC Oco='PTT-QX-00001' Filled=0 Fill price=0 Error='Unable to submit order' Native error='Order 'dc1be4b79da44f07b0d49175d3c5ae88' can't be submitted: The OCO ID ‘PTT-QX-00001’ cannot be reused. Please use a new OCO ID.',
8/3/2026 7:57:12 PM,Order,Sim101 Order 'dc1be4b79da44f07b0d49175d3c5ae88' can't be submitted: The OCO ID ‘PTT-QX-00001’ cannot be reused. Please use a new OCO ID. affected Order: Sell 5 Limit @ 7645,
8/3/2026 7:57:12 PM,Order,Sim101 Order 'ebf86e9c41344a8a93b151674033cbd5' can't be submitted: The OCO ID ‘PTT-QX-00001’ cannot be reused. Please use a new OCO ID. affected Order: Sell 10 StopMarket @ 7640,
8/3/2026 7:57:12 PM,Order,Order='ebf86e9c41344a8a93b151674033cbd5/Sim101' Name='PTT-QX-Stop' New state='Rejected' Instrument='MES SEP26' Action='Sell' Limit price=0 Stop price=7640 Quantity=10 Type='Stop Market' Time in force=GTC Oco='PTT-QX-00001' Filled=0 Fill price=0 Error='Unable to submit order' Native error='Order 'ebf86e9c41344a8a93b151674033cbd5' can't be submitted: The OCO ID ‘PTT-QX-00001’ cannot be reused. Please use a new OCO ID.',
8/3/2026 7:57:12 PM,Order,Order='dec5878c1b7b46e1ac91d5cd1c8aa098/Sim101' Name='Stop1' New state='Cancel submitted' Instrument='MES SEP26' Action='Sell' Limit price=0 Stop price=7640 Quantity=10 Type='Stop Market' Time in force=GTC Oco='80641bf630414e0a83cdbd8e24f80c8f' Filled=0 Fill price=0 Error='No error' Native error='',
8/3/2026 7:57:12 PM,Order,Order='5aa42dcd4ed44725b46c8eaddb7716a3/Sim101' Name='Target1' New state='Cancel submitted' Instrument='MES SEP26' Action='Sell' Limit price=7646 Stop price=0 Quantity=10 Type='Limit' Time in force=GTC Oco='80641bf630414e0a83cdbd8e24f80c8f' Filled=0 Fill price=0 Error='No error' Native error='',
8/3/2026 7:57:08 PM,Order,Order='a99ed860b6db4e1391b25bfa177e61ab/Sim102' Name='Target1' New state='Working' Instrument='MES SEP26' Action='Sell' Limit price=7646 Stop price=0 Quantity=10 Type='Limit' Time in force=GTC Oco='b954890d286f46069ab7adb140952f5d' Filled=0 Fill price=0 Error='No error' Native error='',
8/3/2026 7:57:08 PM,Order,Order='5dd3d53ea8a0428daac2212c0e0d70f9/Sim102' Name='Stop1' New state='Accepted' Instrument='MES SEP26' Action='Sell' Limit price=0 Stop price=7640 Quantity=10 Type='Stop Market' Time in force=GTC Oco='b954890d286f46069ab7adb140952f5d' Filled=0 Fill price=0 Error='No error' Native error='',
8/3/2026 7:57:08 PM,Order,Order='a99ed860b6db4e1391b25bfa177e61ab/Sim102' Name='Target1' New state='Accepted' Instrument='MES SEP26' Action='Sell' Limit price=7646 Stop price=0 Quantity=10 Type='Limit' Time in force=GTC Oco='b954890d286f46069ab7adb140952f5d' Filled=0 Fill price=0 Error='No error' Native error='',
8/3/2026 7:57:08 PM,Order,Order='a99ed860b6db4e1391b25bfa177e61ab/Sim102' Name='Target1' New state='Submitted' Instrument='MES SEP26' Action='Sell' Limit price=7646 Stop price=0 Quantity=10 Type='Limit' Time in force=GTC Oco='b954890d286f46069ab7adb140952f5d' Filled=0 Fill price=0 Error='No error' Native error='',
8/3/2026 7:57:08 PM,Order,Order='5dd3d53ea8a0428daac2212c0e0d70f9/Sim102' Name='Stop1' New state='Submitted' Instrument='MES SEP26' Action='Sell' Limit price=0 Stop price=7640 Quantity=10 Type='Stop Market' Time in force=GTC Oco='b954890d286f46069ab7adb140952f5d' Filled=0 Fill price=0 Error='No error' Native error='',
8/3/2026 7:57:08 PM,Execution,Execution='971714ac210f49af93a5a4a44ace9768' Instrument='MES SEP26' Account='Sim102' Exchange=Default Price=7644 Quantity=10 Market position=Long Operation=Operation_Add Order='608dea252f4948f28d7bdcf1b215176f' Time='8/3/2026 7:57 PM',
8/3/2026 7:57:08 PM,Position,Instrument='MES SEP26' Account='Sim102' Average price=7644 Quantity=10 Market position=Long Operation=Operation_Add,
8/3/2026 7:57:08 PM,Order,Order='608dea252f4948f28d7bdcf1b215176f/Sim102' Name='Entry' New state='Filled' Instrument='MES SEP26' Action='Buy' Limit price=0 Stop price=0 Quantity=10 Type='Market' Time in force=GTC Oco='' Filled=10 Fill price=7644 Error='No error' Native error='',
8/3/2026 7:57:08 PM,Order,Order='608dea252f4948f28d7bdcf1b215176f/Sim102' Name='Entry' New state='Working' Instrument='MES SEP26' Action='Buy' Limit price=0 Stop price=0 Quantity=10 Type='Market' Time in force=GTC Oco='' Filled=0 Fill price=0 Error='No error' Native error='',
8/3/2026 7:57:08 PM,Order,Order='608dea252f4948f28d7bdcf1b215176f/Sim102' Name='Entry' New state='Accepted' Instrument='MES SEP26' Action='Buy' Limit price=0 Stop price=0 Quantity=10 Type='Market' Time in force=GTC Oco='' Filled=0 Fill price=0 Error='No error' Native error='',
8/3/2026 7:57:07 PM,Order,Order='608dea252f4948f28d7bdcf1b215176f/Sim102' Name='Entry' New state='Submitted' Instrument='MES SEP26' Action='Buy' Limit price=0 Stop price=0 Quantity=10 Type='Market' Time in force=GTC Oco='' Filled=0 Fill price=0 Error='No error' Native error='',
8/3/2026 7:57:07 PM,Order,Static SuperDOM submitting order with strategy 'MES $200 SL4 - 2' (Ticks),
8/3/2026 7:57:07 PM,Order,Order='5aa42dcd4ed44725b46c8eaddb7716a3/Sim101' Name='Target1' New state='Working' Instrument='MES SEP26' Action='Sell' Limit price=7646 Stop price=0 Quantity=10 Type='Limit' Time in force=GTC Oco='80641bf630414e0a83cdbd8e24f80c8f' Filled=0 Fill price=0 Error='No error' Native error='',
8/3/2026 7:57:07 PM,Order,Order='5aa42dcd4ed44725b46c8eaddb7716a3/Sim101' Name='Target1' New state='Accepted' Instrument='MES SEP26' Action='Sell' Limit price=7646 Stop price=0 Quantity=10 Type='Limit' Time in force=GTC Oco='80641bf630414e0a83cdbd8e24f80c8f' Filled=0 Fill price=0 Error='No error' Native error='',
8/3/2026 7:57:07 PM,Order,Order='dec5878c1b7b46e1ac91d5cd1c8aa098/Sim101' Name='Stop1' New state='Accepted' Instrument='MES SEP26' Action='Sell' Limit price=0 Stop price=7640 Quantity=10 Type='Stop Market' Time in force=GTC Oco='80641bf630414e0a83cdbd8e24f80c8f' Filled=0 Fill price=0 Error='No error' Native error='',
8/3/2026 7:57:07 PM,Position,Instrument='MES SEP26' Account='Sim101' Average price=7644 Quantity=10 Market position=Long Operation=Operation_Add,
8/3/2026 7:57:07 PM,Order,Order='5aa42dcd4ed44725b46c8eaddb7716a3/Sim101' Name='Target1' New state='Submitted' Instrument='MES SEP26' Action='Sell' Limit price=7646 Stop price=0 Quantity=10 Type='Limit' Time in force=GTC Oco='80641bf630414e0a83cdbd8e24f80c8f' Filled=0 Fill price=0 Error='No error' Native error='',
8/3/2026 7:57:07 PM,Order,Order='dec5878c1b7b46e1ac91d5cd1c8aa098/Sim101' Name='Stop1' New state='Submitted' Instrument='MES SEP26' Action='Sell' Limit price=0 Stop price=7640 Quantity=10 Type='Stop Market' Time in force=GTC Oco='80641bf630414e0a83cdbd8e24f80c8f' Filled=0 Fill price=0 Error='No error' Native error='',
8/3/2026 7:57:07 PM,Execution,Execution='295b5a41ebff4436be6aa5494266ced1' Instrument='MES SEP26' Account='Sim101' Exchange=Default Price=7644 Quantity=10 Market position=Long Operation=Operation_Add Order='5d6a26e50c7c460380374075cc792e5a' Time='8/3/2026 7:57 PM',
8/3/2026 7:57:07 PM,Order,Order='5d6a26e50c7c460380374075cc792e5a/Sim101' Name='Entry' New state='Filled' Instrument='MES SEP26' Action='Buy' Limit price=0 Stop price=0 Quantity=10 Type='Market' Time in force=GTC Oco='' Filled=10 Fill price=7644 Error='No error' Native error='',
8/3/2026 7:57:07 PM,Order,Order='5d6a26e50c7c460380374075cc792e5a/Sim101' Name='Entry' New state='Accepted' Instrument='MES SEP26' Action='Buy' Limit price=0 Stop price=0 Quantity=10 Type='Market' Time in force=GTC Oco='' Filled=0 Fill price=0 Error='No error' Native error='',
8/3/2026 7:57:07 PM,Order,Order='5d6a26e50c7c460380374075cc792e5a/Sim101' Name='Entry' New state='Working' Instrument='MES SEP26' Action='Buy' Limit price=0 Stop price=0 Quantity=10 Type='Market' Time in force=GTC Oco='' Filled=0 Fill price=0 Error='No error' Native error='',
8/3/2026 7:57:07 PM,Order,Order='5d6a26e50c7c460380374075cc792e5a/Sim101' Name='Entry' New state='Submitted' Instrument='MES SEP26' Action='Buy' Limit price=0 Stop price=0 Quantity=10 Type='Market' Time in force=GTC Oco='' Filled=0 Fill price=0 Error='No error' Native error='',
8/3/2026 7:57:06 PM,Order,Static SuperDOM submitting order with strategy 'MES $200 SL4 - 1' (Ticks),
8/3/2026 7:56:47 PM,Connection,Market data failed for 'MES SEP26': 'get_order_book error : 13',
8/3/2026 7:56:47 PM,Connection,Market data failed for 'MGC DEC26': 'get_order_book error : 13',
8/3/2026 7:56:47 PM,Connection,Using HDS (hds-us-nt-009.ninjatrader.com/31655),
8/3/2026 7:56:47 PM,Connection,Time to auto close position='12:00:00 AM' Enabled=False,
8/3/2026 7:56:46 PM,Connection,My Rithmic for NinjaTrader Brokerage: Primary connection=Connected Price feed=Connected,
8/3/2026 7:56:32 PM,Default,Restoring workspace 'SuperDOM 3'...,
8/3/2026 7:56:30 PM,Default,Auto close enabled=False,
8/3/2026 7:56:30 PM,Order,Order entry hot keys disabled,
8/3/2026 7:56:29 PM,Connection,My Rithmic for NinjaTrader Brokerage: Primary connection=Connecting Price feed=Connecting,
8/3/2026 7:56:29 PM,Default,Auto connecting 'My Rithmic for NinjaTrader Brokerage'...,
8/3/2026 7:56:29 PM,Default,Telemetry configuration updated to version 1003 (previous version 0).,
8/3/2026 7:56:29 PM,Default,Automated trading disabled,
8/3/2026 7:56:29 PM,Connection,Using IS (is-us-nt-006.ninjatrader.com/31658),
8/3/2026 7:56:27 PM,Default,Global simulation mode disabled,
8/3/2026 7:56:06 PM,Default,Session Break (Version 8.1.8.1),
8/3/2026 7:56:04 PM,Connection,My Rithmic for NinjaTrader Brokerage: Primary connection=Disconnected Price feed=Disconnected,
8/3/2026 7:56:03 PM,Connection,My Rithmic for NinjaTrader Brokerage: Primary connection=Disconnecting Price feed=Disconnecting,
8/3/2026 7:55:56 PM,Default,Workspace SuperDOM 3 not saved,
8/3/2026 7:53:37 PM,Default,Unhandled exception: Exception has been thrown by the target of an invocation.,
8/3/2026 7:53:37 PM,Position,Instrument='MES SEP26' Account='Sim101' Average price=0 Quantity=0 Market position=Flat Operation=Remove,
8/3/2026 7:53:37 PM,Order,Order='413060988a26463dae99e2b54542882f/Sim101' Name='Close' New state='Filled' Instrument='MES SEP26' Action='Sell' Limit price=0 Stop price=0 Quantity=10 Type='Market' Time in force=DAY Oco='' Filled=10 Fill price=7643.75 Error='No error' Native error='',
8/3/2026 7:53:37 PM,Execution,Execution='5647e4d3a158402388988a2fd4378098' Instrument='MES SEP26' Account='Sim101' Exchange=Default Price=7643.75 Quantity=10 Market position=Short Operation=Operation_Add Order='413060988a26463dae99e2b54542882f' Time='8/3/2026 7:53 PM',
8/3/2026 7:53:37 PM,Order,Order='413060988a26463dae99e2b54542882f/Sim101' Name='Close' New state='Working' Instrument='MES SEP26' Action='Sell' Limit price=0 Stop price=0 Quantity=10 Type='Market' Time in force=DAY Oco='' Filled=0 Fill price=0 Error='No error' Native error='',
8/3/2026 7:53:37 PM,Order,Order='413060988a26463dae99e2b54542882f/Sim101' Name='Close' New state='Accepted' Instrument='MES SEP26' Action='Sell' Limit price=0 Stop price=0 Quantity=10 Type='Market' Time in force=DAY Oco='' Filled=0 Fill price=0 Error='No error' Native error='',
8/3/2026 7:53:36 PM,Order,Order='413060988a26463dae99e2b54542882f/Sim101' Name='Close' New state='Submitted' Instrument='MES SEP26' Action='Sell' Limit price=0 Stop price=0 Quantity=10 Type='Market' Time in force=DAY Oco='' Filled=0 Fill price=0 Error='No error' Native error='',
8/3/2026 7:53:36 PM,Order,Order='a6ac1a1bec5b41e9b588f3d05c3d0a1e/Sim101' Name='Target1' New state='Cancelled' Instrument='MES SEP26' Action='Sell' Limit price=7646 Stop price=0 Quantity=10 Type='Limit' Time in force=GTC Oco='a0c3fce7d7f64909930b79621eaf7516' Filled=0 Fill price=0 Error='No error' Native error='',
8/3/2026 7:53:36 PM,Order,Order='67596fa0d664469780067cf092c0937a/Sim101' Name='Stop1' New state='Cancelled' Instrument='MES SEP26' Action='Sell' Limit price=0 Stop price=7640 Quantity=10 Type='Stop Market' Time in force=GTC Oco='a0c3fce7d7f64909930b79621eaf7516' Filled=0 Fill price=0 Error='No error' Native error='',
8/3/2026 7:53:36 PM,Order,Order='a6ac1a1bec5b41e9b588f3d05c3d0a1e/Sim101' Name='Target1' New state='Cancel submitted' Instrument='MES SEP26' Action='Sell' Limit price=7646 Stop price=0 Quantity=10 Type='Limit' Time in force=GTC Oco='a0c3fce7d7f64909930b79621eaf7516' Filled=0 Fill price=0 Error='No error' Native error='',
8/3/2026 7:53:36 PM,Order,Order='67596fa0d664469780067cf092c0937a/Sim101' Name='Stop1' New state='Cancel submitted' Instrument='MES SEP26' Action='Sell' Limit price=0 Stop price=7640 Quantity=10 Type='Stop Market' Time in force=GTC Oco='a0c3fce7d7f64909930b79621eaf7516' Filled=0 Fill price=0 Error='No error' Native error='',
8/3/2026 7:53:36 PM,Default,SuperDOM close position,
8/3/2026 7:53:36 PM,Position,Instrument='MES SEP26' Account='Sim102' Average price=0 Quantity=0 Market position=Flat Operation=Remove,
8/3/2026 7:53:36 PM,Order,Order='e9623ab06bd34fc1bf80727a2193576d/Sim102' Name='Close' New state='Filled' Instrument='MES SEP26' Action='Sell' Limit price=0 Stop price=0 Quantity=10 Type='Market' Time in force=DAY Oco='' Filled=10 Fill price=7643.75 Error='No error' Native error='',
8/3/2026 7:53:36 PM,Execution,Execution='3288ffae28b949d7bb65b2c07a18cb21' Instrument='MES SEP26' Account='Sim102' Exchange=Default Price=7643.75 Quantity=10 Market position=Short Operation=Operation_Add Order='e9623ab06bd34fc1bf80727a2193576d' Time='8/3/2026 7:53 PM',
8/3/2026 7:53:36 PM,Order,Order='e9623ab06bd34fc1bf80727a2193576d/Sim102' Name='Close' New state='Accepted' Instrument='MES SEP26' Action='Sell' Limit price=0 Stop price=0 Quantity=10 Type='Market' Time in force=DAY Oco='' Filled=0 Fill price=0 Error='No error' Native error='',
8/3/2026 7:53:36 PM,Order,Order='e9623ab06bd34fc1bf80727a2193576d/Sim102' Name='Close' New state='Working' Instrument='MES SEP26' Action='Sell' Limit price=0 Stop price=0 Quantity=10 Type='Market' Time in force=DAY Oco='' Filled=0 Fill price=0 Error='No error' Native error='',
8/3/2026 7:53:36 PM,Order,Order='e9623ab06bd34fc1bf80727a2193576d/Sim102' Name='Close' New state='Submitted' Instrument='MES SEP26' Action='Sell' Limit price=0 Stop price=0 Quantity=10 Type='Market' Time in force=DAY Oco='' Filled=0 Fill price=0 Error='No error' Native error='',
8/3/2026 7:53:36 PM,Order,Order='e50ca70aacb043349f7859d4689a9b72/Sim102' Name='Stop1' New state='Cancelled' Instrument='MES SEP26' Action='Sell' Limit price=0 Stop price=7640 Quantity=10 Type='Stop Market' Time in force=GTC Oco='b3b5c2d1376d4a3684e0dfaff0c395dd' Filled=0 Fill price=0 Error='No error' Native error='',
8/3/2026 7:53:36 PM,Order,Order='06f8055197c04dce858a153a3b748aa6/Sim102' Name='Target1' New state='Cancelled' Instrument='MES SEP26' Action='Sell' Limit price=7646 Stop price=0 Quantity=10 Type='Limit' Time in force=GTC Oco='b3b5c2d1376d4a3684e0dfaff0c395dd' Filled=0 Fill price=0 Error='No error' Native error='',
8/3/2026 7:53:35 PM,Order,Order='e50ca70aacb043349f7859d4689a9b72/Sim102' Name='Stop1' New state='Cancel submitted' Instrument='MES SEP26' Action='Sell' Limit price=0 Stop price=7640 Quantity=10 Type='Stop Market' Time in force=GTC Oco='b3b5c2d1376d4a3684e0dfaff0c395dd' Filled=0 Fill price=0 Error='No error' Native error='',
8/3/2026 7:53:35 PM,Order,Order='06f8055197c04dce858a153a3b748aa6/Sim102' Name='Target1' New state='Cancel submitted' Instrument='MES SEP26' Action='Sell' Limit price=7646 Stop price=0 Quantity=10 Type='Limit' Time in force=GTC Oco='b3b5c2d1376d4a3684e0dfaff0c395dd' Filled=0 Fill price=0 Error='No error' Native error='',
8/3/2026 7:53:35 PM,Default,SuperDOM close position,
8/3/2026 7:53:33 PM,Order,Order='06f8055197c04dce858a153a3b748aa6/Sim102' Name='Target1' New state='Working' Instrument='MES SEP26' Action='Sell' Limit price=7646 Stop price=0 Quantity=10 Type='Limit' Time in force=GTC Oco='b3b5c2d1376d4a3684e0dfaff0c395dd' Filled=0 Fill price=0 Error='No error' Native error='',
8/3/2026 7:53:33 PM,Order,Order='06f8055197c04dce858a153a3b748aa6/Sim102' Name='Target1' New state='Accepted' Instrument='MES SEP26' Action='Sell' Limit price=7646 Stop price=0 Quantity=10 Type='Limit' Time in force=GTC Oco='b3b5c2d1376d4a3684e0dfaff0c395dd' Filled=0 Fill price=0 Error='No error' Native error='',
8/3/2026 7:53:33 PM,Order,Order='e50ca70aacb043349f7859d4689a9b72/Sim102' Name='Stop1' New state='Accepted' Instrument='MES SEP26' Action='Sell' Limit price=0 Stop price=7640 Quantity=10 Type='Stop Market' Time in force=GTC Oco='b3b5c2d1376d4a3684e0dfaff0c395dd' Filled=0 Fill price=0 Error='No error' Native error='',
8/3/2026 7:53:33 PM,Order,Order='06f8055197c04dce858a153a3b748aa6/Sim102' Name='Target1' New state='Submitted' Instrument='MES SEP26' Action='Sell' Limit price=7646 Stop price=0 Quantity=10 Type='Limit' Time in force=GTC Oco='b3b5c2d1376d4a3684e0dfaff0c395dd' Filled=0 Fill price=0 Error='No error' Native error='',
8/3/2026 7:53:32 PM,Order,Order='e50ca70aacb043349f7859d4689a9b72/Sim102' Name='Stop1' New state='Submitted' Instrument='MES SEP26' Action='Sell' Limit price=0 Stop price=7640 Quantity=10 Type='Stop Market' Time in force=GTC Oco='b3b5c2d1376d4a3684e0dfaff0c395dd' Filled=0 Fill price=0 Error='No error' Native error='',
8/3/2026 7:53:32 PM,Order,Order='1ed59797198745be9f721e6fc996268a/Sim102' Name='Entry' New state='Filled' Instrument='MES SEP26' Action='Buy' Limit price=0 Stop price=0 Quantity=10 Type='Market' Time in force=GTC Oco='' Filled=10 Fill price=7644 Error='No error' Native error='',
8/3/2026 7:53:32 PM,Execution,Execution='5248d24341dd4677b1f2e347dfc71afe' Instrument='MES SEP26' Account='Sim102' Exchange=Default Price=7644 Quantity=10 Market position=Long Operation=Operation_Add Order='1ed59797198745be9f721e6fc996268a' Time='8/3/2026 7:53 PM',
8/3/2026 7:53:32 PM,Position,Instrument='MES SEP26' Account='Sim102' Average price=7644 Quantity=10 Market position=Long Operation=Operation_Add,
8/3/2026 7:53:32 PM,Order,Order='1ed59797198745be9f721e6fc996268a/Sim102' Name='Entry' New state='Working' Instrument='MES SEP26' Action='Buy' Limit price=0 Stop price=0 Quantity=10 Type='Market' Time in force=GTC Oco='' Filled=0 Fill price=0 Error='No error' Native error='',
8/3/2026 7:53:32 PM,Order,Order='1ed59797198745be9f721e6fc996268a/Sim102' Name='Entry' New state='Accepted' Instrument='MES SEP26' Action='Buy' Limit price=0 Stop price=0 Quantity=10 Type='Market' Time in force=GTC Oco='' Filled=0 Fill price=0 Error='No error' Native error='',
8/3/2026 7:53:32 PM,Order,Order='1ed59797198745be9f721e6fc996268a/Sim102' Name='Entry' New state='Submitted' Instrument='MES SEP26' Action='Buy' Limit price=0 Stop price=0 Quantity=10 Type='Market' Time in force=GTC Oco='' Filled=0 Fill price=0 Error='No error' Native error='',
8/3/2026 7:53:32 PM,Order,Static SuperDOM submitting order with strategy 'MES $200 SL4 - 2' (Ticks),
8/3/2026 7:53:32 PM,Order,Order='a6ac1a1bec5b41e9b588f3d05c3d0a1e/Sim101' Name='Target1' New state='Working' Instrument='MES SEP26' Action='Sell' Limit price=7646 Stop price=0 Quantity=10 Type='Limit' Time in force=GTC Oco='a0c3fce7d7f64909930b79621eaf7516' Filled=0 Fill price=0 Error='No error' Native error='',
8/3/2026 7:53:32 PM,Order,Order='a6ac1a1bec5b41e9b588f3d05c3d0a1e/Sim101' Name='Target1' New state='Accepted' Instrument='MES SEP26' Action='Sell' Limit price=7646 Stop price=0 Quantity=10 Type='Limit' Time in force=GTC Oco='a0c3fce7d7f64909930b79621eaf7516' Filled=0 Fill price=0 Error='No error' Native error='',
8/3/2026 7:53:32 PM,Order,Order='67596fa0d664469780067cf092c0937a/Sim101' Name='Stop1' New state='Accepted' Instrument='MES SEP26' Action='Sell' Limit price=0 Stop price=7640 Quantity=10 Type='Stop Market' Time in force=GTC Oco='a0c3fce7d7f64909930b79621eaf7516' Filled=0 Fill price=0 Error='No error' Native error='',
8/3/2026 7:53:32 PM,Order,Order='a6ac1a1bec5b41e9b588f3d05c3d0a1e/Sim101' Name='Target1' New state='Submitted' Instrument='MES SEP26' Action='Sell' Limit price=7646 Stop price=0 Quantity=10 Type='Limit' Time in force=GTC Oco='a0c3fce7d7f64909930b79621eaf7516' Filled=0 Fill price=0 Error='No error' Native error='',
8/3/2026 7:53:32 PM,Default,Unhandled exception: Exception has been thrown by the target of an invocation.,
8/3/2026 7:53:32 PM,Order,Order='67596fa0d664469780067cf092c0937a/Sim101' Name='Stop1' New state='Submitted' Instrument='MES SEP26' Action='Sell' Limit price=0 Stop price=7640 Quantity=10 Type='Stop Market' Time in force=GTC Oco='a0c3fce7d7f64909930b79621eaf7516' Filled=0 Fill price=0 Error='No error' Native error='',
8/3/2026 7:53:32 PM,Order,Order='c634df67081843218441b71dc3c93a29/Sim101' Name='Entry' New state='Filled' Instrument='MES SEP26' Action='Buy' Limit price=0 Stop price=0 Quantity=10 Type='Market' Time in force=GTC Oco='' Filled=10 Fill price=7644 Error='No error' Native error='',
8/3/2026 7:53:32 PM,Execution,Execution='8f752bc5b70142088ec1b1314498e081' Instrument='MES SEP26' Account='Sim101' Exchange=Default Price=7644 Quantity=10 Market position=Long Operation=Operation_Add Order='c634df67081843218441b71dc3c93a29' Time='8/3/2026 7:53 PM',
8/3/2026 7:53:32 PM,Position,Instrument='MES SEP26' Account='Sim101' Average price=7644 Quantity=10 Market position=Long Operation=Operation_Add,
8/3/2026 7:53:32 PM,Order,Order='c634df67081843218441b71dc3c93a29/Sim101' Name='Entry' New state='Working' Instrument='MES SEP26' Action='Buy' Limit price=0 Stop price=0 Quantity=10 Type='Market' Time in force=GTC Oco='' Filled=0 Fill price=0 Error='No error' Native error='',
8/3/2026 7:53:32 PM,Order,Order='c634df67081843218441b71dc3c93a29/Sim101' Name='Entry' New state='Accepted' Instrument='MES SEP26' Action='Buy' Limit price=0 Stop price=0 Quantity=10 Type='Market' Time in force=GTC Oco='' Filled=0 Fill price=0 Error='No error' Native error='',
8/3/2026 7:53:32 PM,Order,Order='c634df67081843218441b71dc3c93a29/Sim101' Name='Entry' New state='Submitted' Instrument='MES SEP26' Action='Buy' Limit price=0 Stop price=0 Quantity=10 Type='Market' Time in force=GTC Oco='' Filled=0 Fill price=0 Error='No error' Native error='',
8/3/2026 7:53:32 PM,Order,Static SuperDOM submitting order with strategy 'MES $200 SL4 - 1' (Ticks),
8/3/2026 7:53:18 PM,Default,Unhandled exception: Exception has been thrown by the target of an invocation.,
8/3/2026 7:53:18 PM,Position,Instrument='MES SEP26' Account='Sim101' Average price=0 Quantity=0 Market position=Flat Operation=Remove,
8/3/2026 7:53:18 PM,Execution,Execution='01e4b789cdef4994852eccc73a3ca9a1' Instrument='MES SEP26' Account='Sim101' Exchange=Default Price=7643.75 Quantity=10 Market position=Short Operation=Operation_Add Order='29441a7c9f714490a982351e9f866496' Time='8/3/2026 7:53 PM',
8/3/2026 7:53:18 PM,Order,Order='29441a7c9f714490a982351e9f866496/Sim101' Name='Close' New state='Filled' Instrument='MES SEP26' Action='Sell' Limit price=0 Stop price=0 Quantity=10 Type='Market' Time in force=DAY Oco='' Filled=10 Fill price=7643.75 Error='No error' Native error='',
8/3/2026 7:53:18 PM,Order,Order='29441a7c9f714490a982351e9f866496/Sim101' Name='Close' New state='Accepted' Instrument='MES SEP26' Action='Sell' Limit price=0 Stop price=0 Quantity=10 Type='Market' Time in force=DAY Oco='' Filled=0 Fill price=0 Error='No error' Native error='',
8/3/2026 7:53:18 PM,Order,Order='29441a7c9f714490a982351e9f866496/Sim101' Name='Close' New state='Working' Instrument='MES SEP26' Action='Sell' Limit price=0 Stop price=0 Quantity=10 Type='Market' Time in force=DAY Oco='' Filled=0 Fill price=0 Error='No error' Native error='',
8/3/2026 7:53:18 PM,Order,Order='29441a7c9f714490a982351e9f866496/Sim101' Name='Close' New state='Submitted' Instrument='MES SEP26' Action='Sell' Limit price=0 Stop price=0 Quantity=10 Type='Market' Time in force=DAY Oco='' Filled=0 Fill price=0 Error='No error' Native error='',
8/3/2026 7:53:18 PM,Order,Order='479ebcd40e394b1eb15675f94bdb33d2/Sim101' Name='Target1' New state='Cancelled' Instrument='MES SEP26' Action='Sell' Limit price=7646 Stop price=0 Quantity=10 Type='Limit' Time in force=GTC Oco='ac2260bd402a463f81f65aca370162bb' Filled=0 Fill price=0 Error='No error' Native error='',
8/3/2026 7:53:18 PM,Order,Order='effc9485a5664620a8db96c60ddfb3b6/Sim101' Name='Stop1' New state='Cancelled' Instrument='MES SEP26' Action='Sell' Limit price=0 Stop price=7640 Quantity=10 Type='Stop Market' Time in force=GTC Oco='ac2260bd402a463f81f65aca370162bb' Filled=0 Fill price=0 Error='No error' Native error='',
8/3/2026 7:53:18 PM,Order,Order='effc9485a5664620a8db96c60ddfb3b6/Sim101' Name='Stop1' New state='Cancel submitted' Instrument='MES SEP26' Action='Sell' Limit price=0 Stop price=7640 Quantity=10 Type='Stop Market' Time in force=GTC Oco='ac2260bd402a463f81f65aca370162bb' Filled=0 Fill price=0 Error='No error' Native error='',
8/3/2026 7:53:18 PM,Order,Order='479ebcd40e394b1eb15675f94bdb33d2/Sim101' Name='Target1' New state='Cancel submitted' Instrument='MES SEP26' Action='Sell' Limit price=7646 Stop price=0 Quantity=10 Type='Limit' Time in force=GTC Oco='ac2260bd402a463f81f65aca370162bb' Filled=0 Fill price=0 Error='No error' Native error='',
8/3/2026 7:53:18 PM,Default,Chart Trader close position,
8/3/2026 7:53:15 PM,Order,Order='479ebcd40e394b1eb15675f94bdb33d2/Sim101' Name='Target1' New state='Working' Instrument='MES SEP26' Action='Sell' Limit price=7646 Stop price=0 Quantity=10 Type='Limit' Time in force=GTC Oco='ac2260bd402a463f81f65aca370162bb' Filled=0 Fill price=0 Error='No error' Native error='',
8/3/2026 7:53:15 PM,Order,Order='479ebcd40e394b1eb15675f94bdb33d2/Sim101' Name='Target1' New state='Accepted' Instrument='MES SEP26' Action='Sell' Limit price=7646 Stop price=0 Quantity=10 Type='Limit' Time in force=GTC Oco='ac2260bd402a463f81f65aca370162bb' Filled=0 Fill price=0 Error='No error' Native error='',
8/3/2026 7:53:15 PM,Order,Order='effc9485a5664620a8db96c60ddfb3b6/Sim101' Name='Stop1' New state='Accepted' Instrument='MES SEP26' Action='Sell' Limit price=0 Stop price=7640 Quantity=10 Type='Stop Market' Time in force=GTC Oco='ac2260bd402a463f81f65aca370162bb' Filled=0 Fill price=0 Error='No error' Native error='',
8/3/2026 7:53:15 PM,Order,Order='479ebcd40e394b1eb15675f94bdb33d2/Sim101' Name='Target1' New state='Submitted' Instrument='MES SEP26' Action='Sell' Limit price=7646 Stop price=0 Quantity=10 Type='Limit' Time in force=GTC Oco='ac2260bd402a463f81f65aca370162bb' Filled=0 Fill price=0 Error='No error' Native error='',
8/3/2026 7:53:15 PM,Order,Order='effc9485a5664620a8db96c60ddfb3b6/Sim101' Name='Stop1' New state='Submitted' Instrument='MES SEP26' Action='Sell' Limit price=0 Stop price=7640 Quantity=10 Type='Stop Market' Time in force=GTC Oco='ac2260bd402a463f81f65aca370162bb' Filled=0 Fill price=0 Error='No error' Native error='',
8/3/2026 7:53:15 PM,Default,Unhandled exception: Exception has been thrown by the target of an invocation.,
8/3/2026 7:53:15 PM,Execution,Execution='bd5d9e31237f4bdba5d88ce0c882dd73' Instrument='MES SEP26' Account='Sim101' Exchange=Default Price=7644 Quantity=10 Market position=Long Operation=Operation_Add Order='b02891cebba847dd97f6f82fee41cfd1' Time='8/3/2026 7:53 PM',
8/3/2026 7:53:15 PM,Position,Instrument='MES SEP26' Account='Sim101' Average price=7644 Quantity=10 Market position=Long Operation=Operation_Add,
8/3/2026 7:53:15 PM,Order,Order='b02891cebba847dd97f6f82fee41cfd1/Sim101' Name='Entry' New state='Filled' Instrument='MES SEP26' Action='Buy' Limit price=0 Stop price=0 Quantity=10 Type='Market' Time in force=GTC Oco='' Filled=10 Fill price=7644 Error='No error' Native error='',
8/3/2026 7:53:15 PM,Order,Order='b02891cebba847dd97f6f82fee41cfd1/Sim101' Name='Entry' New state='Working' Instrument='MES SEP26' Action='Buy' Limit price=0 Stop price=0 Quantity=10 Type='Market' Time in force=GTC Oco='' Filled=0 Fill price=0 Error='No error' Native error='',
8/3/2026 7:53:15 PM,Order,Order='b02891cebba847dd97f6f82fee41cfd1/Sim101' Name='Entry' New state='Accepted' Instrument='MES SEP26' Action='Buy' Limit price=0 Stop price=0 Quantity=10 Type='Market' Time in force=GTC Oco='' Filled=0 Fill price=0 Error='No error' Native error='',
8/3/2026 7:53:15 PM,Order,Order='b02891cebba847dd97f6f82fee41cfd1/Sim101' Name='Entry' New state='Submitted' Instrument='MES SEP26' Action='Buy' Limit price=0 Stop price=0 Quantity=10 Type='Market' Time in force=GTC Oco='' Filled=0 Fill price=0 Error='No error' Native error='',
8/3/2026 7:53:15 PM,Order,Chart Trader submitting order with strategy 'MES $200 SL4 - 1' (Ticks),
8/3/2026 7:53:12 PM,Default,Chart Trader close position,
8/3/2026 7:53:12 PM,Default,Cancel all orders account='Sim101',
8/3/2026 7:53:11 PM,Default,Chart Trader close position,
8/3/2026 7:53:11 PM,Default,Cancel all orders account='Sim101',
8/3/2026 7:53:11 PM,Order,Order='d80e4faa128c4b82b4aba68597fa530c/Sim101' Name='Target1' New state='Cancelled' Instrument='MES SEP26' Action='Buy to cover' Limit price=7641.75 Stop price=0 Quantity=10 Type='Limit' Time in force=GTC Oco='6c7316cb6ff4418393cd670a6f710da7' Filled=0 Fill price=0 Error='No error' Native error='',
8/3/2026 7:53:11 PM,Order,Order='03a4e11f8da04cfebb267effd54cbb47/Sim101' Name='Stop1' New state='Cancelled' Instrument='MES SEP26' Action='Buy to cover' Limit price=0 Stop price=7647.75 Quantity=10 Type='Stop Market' Time in force=GTC Oco='6c7316cb6ff4418393cd670a6f710da7' Filled=0 Fill price=0 Error='No error' Native error='',
8/3/2026 7:53:11 PM,Order,Order='497e82bf0d6d42d59e2fe79921eac2ef/Sim101' Name='Stop1' New state='Cancelled' Instrument='MES SEP26' Action='Sell' Limit price=0 Stop price=7640.5 Quantity=10 Type='Stop Market' Time in force=GTC Oco='2949e3e750c84a72a925f72c53244fd0' Filled=0 Fill price=0 Error='No error' Native error='',
8/3/2026 7:53:11 PM,Order,Order='82ad341896194ab58a55c9294a8f5c38/Sim101' Name='Target1' New state='Cancelled' Instrument='MES SEP26' Action='Sell' Limit price=7646.5 Stop price=0 Quantity=10 Type='Limit' Time in force=GTC Oco='2949e3e750c84a72a925f72c53244fd0' Filled=0 Fill price=0 Error='No error' Native error='',
8/3/2026 7:53:11 PM,Order,Order='03a4e11f8da04cfebb267effd54cbb47/Sim101' Name='Stop1' New state='Cancel submitted' Instrument='MES SEP26' Action='Buy to cover' Limit price=0 Stop price=7647.75 Quantity=10 Type='Stop Market' Time in force=GTC Oco='6c7316cb6ff4418393cd670a6f710da7' Filled=0 Fill price=0 Error='No error' Native error='',
8/3/2026 7:53:11 PM,Order,Order='497e82bf0d6d42d59e2fe79921eac2ef/Sim101' Name='Stop1' New state='Cancel submitted' Instrument='MES SEP26' Action='Sell' Limit price=0 Stop price=7640.5 Quantity=10 Type='Stop Market' Time in force=GTC Oco='2949e3e750c84a72a925f72c53244fd0' Filled=0 Fill price=0 Error='No error' Native error='',
8/3/2026 7:53:11 PM,Order,Order='d80e4faa128c4b82b4aba68597fa530c/Sim101' Name='Target1' New state='Cancel submitted' Instrument='MES SEP26' Action='Buy to cover' Limit price=7641.75 Stop price=0 Quantity=10 Type='Limit' Time in force=GTC Oco='6c7316cb6ff4418393cd670a6f710da7' Filled=0 Fill price=0 Error='No error' Native error='',
8/3/2026 7:53:11 PM,Order,Order='82ad341896194ab58a55c9294a8f5c38/Sim101' Name='Target1' New state='Cancel submitted' Instrument='MES SEP26' Action='Sell' Limit price=7646.5 Stop price=0 Quantity=10 Type='Limit' Time in force=GTC Oco='2949e3e750c84a72a925f72c53244fd0' Filled=0 Fill price=0 Error='No error' Native error='',
8/3/2026 7:53:11 PM,Default,Cancel all orders account='Sim101',
8/3/2026 7:53:11 PM,Default,Chart Trader close position,
8/3/2026 7:53:09 PM,Position,Instrument='MES SEP26' Account='Sim101' Average price=0 Quantity=0 Market position=Flat Operation=Remove,
8/3/2026 7:53:09 PM,Order,Order='d80e4faa128c4b82b4aba68597fa530c/Sim101' Name='Target1' New state='Accepted' Instrument='MES SEP26' Action='Buy to cover' Limit price=7641.75 Stop price=0 Quantity=10 Type='Limit' Time in force=GTC Oco='6c7316cb6ff4418393cd670a6f710da7' Filled=0 Fill price=0 Error='No error' Native error='',
8/3/2026 7:53:09 PM,Order,Order='d80e4faa128c4b82b4aba68597fa530c/Sim101' Name='Target1' New state='Working' Instrument='MES SEP26' Action='Buy to cover' Limit price=7641.75 Stop price=0 Quantity=10 Type='Limit' Time in force=GTC Oco='6c7316cb6ff4418393cd670a6f710da7' Filled=0 Fill price=0 Error='No error' Native error='',
8/3/2026 7:53:09 PM,Order,Order='03a4e11f8da04cfebb267effd54cbb47/Sim101' Name='Stop1' New state='Accepted' Instrument='MES SEP26' Action='Buy to cover' Limit price=0 Stop price=7647.75 Quantity=10 Type='Stop Market' Time in force=GTC Oco='6c7316cb6ff4418393cd670a6f710da7' Filled=0 Fill price=0 Error='No error' Native error='',
8/3/2026 7:53:08 PM,Order,Order='d80e4faa128c4b82b4aba68597fa530c/Sim101' Name='Target1' New state='Submitted' Instrument='MES SEP26' Action='Buy to cover' Limit price=7641.75 Stop price=0 Quantity=10 Type='Limit' Time in force=GTC Oco='6c7316cb6ff4418393cd670a6f710da7' Filled=0 Fill price=0 Error='No error' Native error='',
8/3/2026 7:53:08 PM,Order,Order='03a4e11f8da04cfebb267effd54cbb47/Sim101' Name='Stop1' New state='Submitted' Instrument='MES SEP26' Action='Buy to cover' Limit price=0 Stop price=7647.75 Quantity=10 Type='Stop Market' Time in force=GTC Oco='6c7316cb6ff4418393cd670a6f710da7' Filled=0 Fill price=0 Error='No error' Native error='',
8/3/2026 7:53:08 PM,Execution,Execution='35fc6d059a6d4215956680e140f0ce77' Instrument='MES SEP26' Account='Sim101' Exchange=Default Price=7643.75 Quantity=1 Market position=Short Operation=Operation_Add Order='54a216a7559c4231af9da00c54ed6397' Time='8/3/2026 7:53 PM',
8/3/2026 7:53:08 PM,Order,Order='54a216a7559c4231af9da00c54ed6397/Sim101' Name='Entry' New state='Filled' Instrument='MES SEP26' Action='Sell' Limit price=7643.5 Stop price=0 Quantity=10 Type='Limit' Time in force=GTC Oco='' Filled=10 Fill price=7643.725 Error='No error' Native error='',
8/3/2026 7:53:08 PM,Position,Instrument='MES SEP26' Account='Sim101' Average price=7644.5 Quantity=1 Market position=Long Operation=Update,
8/3/2026 7:53:08 PM,Execution,Execution='e1f6ae88927a4a30b0e9ce76f562b6ab' Instrument='MES SEP26' Account='Sim101' Exchange=Default Price=7643.75 Quantity=7 Market position=Short Operation=Operation_Add Order='54a216a7559c4231af9da00c54ed6397' Time='8/3/2026 7:53 PM',
8/3/2026 7:53:08 PM,Order,Order='54a216a7559c4231af9da00c54ed6397/Sim101' Name='Entry' New state='Partially filled' Instrument='MES SEP26' Action='Sell' Limit price=7643.5 Stop price=0 Quantity=10 Type='Limit' Time in force=GTC Oco='' Filled=9 Fill price=7643.7222222222226 Error='No error' Native error='',
8/3/2026 7:53:08 PM,Default,Error in realtime market data handling: System.InvalidOperationException: The calling thread cannot access this object because a different thread owns it.,
8/3/2026 7:53:08 PM,Position,Instrument='MES SEP26' Account='Sim101' Average price=7644.5 Quantity=8 Market position=Long Operation=Update,
8/3/2026 7:53:08 PM,Execution,Execution='67226686120d41928ba1feaba15a3be4' Instrument='MES SEP26' Account='Sim101' Exchange=Default Price=7643.5 Quantity=1 Market position=Short Operation=Operation_Add Order='54a216a7559c4231af9da00c54ed6397' Time='8/3/2026 7:53 PM',
8/3/2026 7:53:08 PM,Order,Order='54a216a7559c4231af9da00c54ed6397/Sim101' Name='Entry' New state='Partially filled' Instrument='MES SEP26' Action='Sell' Limit price=7643.5 Stop price=0 Quantity=10 Type='Limit' Time in force=GTC Oco='' Filled=2 Fill price=7643.625 Error='No error' Native error='',
8/3/2026 7:53:08 PM,Default,Unhandled exception: Exception has been thrown by the target of an invocation.,
8/3/2026 7:53:08 PM,Position,Instrument='MES SEP26' Account='Sim101' Average price=7644.5 Quantity=9 Market position=Long Operation=Update,
8/3/2026 7:53:07 PM,Execution,Execution='a073d51da2de4f77995f6b557ec4d7f5' Instrument='MES SEP26' Account='Sim101' Exchange=Default Price=7643.75 Quantity=1 Market position=Short Operation=Operation_Add Order='54a216a7559c4231af9da00c54ed6397' Time='8/3/2026 7:53 PM',
8/3/2026 7:53:07 PM,Order,Order='54a216a7559c4231af9da00c54ed6397/Sim101' Name='Entry' New state='Partially filled' Instrument='MES SEP26' Action='Sell' Limit price=7643.5 Stop price=0 Quantity=10 Type='Limit' Time in force=GTC Oco='' Filled=1 Fill price=7643.75 Error='No error' Native error='',
8/3/2026 7:53:07 PM,Order,Order='54a216a7559c4231af9da00c54ed6397/Sim101' Name='Entry' New state='Working' Instrument='MES SEP26' Action='Sell' Limit price=7643.5 Stop price=0 Quantity=10 Type='Limit' Time in force=GTC Oco='' Filled=0 Fill price=0 Error='No error' Native error='',
8/3/2026 7:53:07 PM,Order,Order='54a216a7559c4231af9da00c54ed6397/Sim101' Name='Entry' New state='Accepted' Instrument='MES SEP26' Action='Sell' Limit price=7643.5 Stop price=0 Quantity=10 Type='Limit' Time in force=GTC Oco='' Filled=0 Fill price=0 Error='No error' Native error='',
8/3/2026 7:53:07 PM,Order,Order='54a216a7559c4231af9da00c54ed6397/Sim101' Name='Entry' New state='Submitted' Instrument='MES SEP26' Action='Sell' Limit price=7643.5 Stop price=0 Quantity=10 Type='Limit' Time in force=GTC Oco='' Filled=0 Fill price=0 Error='No error' Native error='',
8/3/2026 7:53:07 PM,Order,Chart Trader submitting order with strategy 'MES $200 SL4 - 2' (Ticks),
8/3/2026 7:52:37 PM,Order,Order='82ad341896194ab58a55c9294a8f5c38/Sim101' Name='Target1' New state='Accepted' Instrument='MES SEP26' Action='Sell' Limit price=7646.5 Stop price=0 Quantity=10 Type='Limit' Time in force=GTC Oco='2949e3e750c84a72a925f72c53244fd0' Filled=0 Fill price=0 Error='No error' Native error='',
8/3/2026 7:52:37 PM,Order,Order='82ad341896194ab58a55c9294a8f5c38/Sim101' Name='Target1' New state='Working' Instrument='MES SEP26' Action='Sell' Limit price=7646.5 Stop price=0 Quantity=10 Type='Limit' Time in force=GTC Oco='2949e3e750c84a72a925f72c53244fd0' Filled=0 Fill price=0 Error='No error' Native error='',
8/3/2026 7:52:37 PM,Order,Order='497e82bf0d6d42d59e2fe79921eac2ef/Sim101' Name='Stop1' New state='Accepted' Instrument='MES SEP26' Action='Sell' Limit price=0 Stop price=7640.5 Quantity=10 Type='Stop Market' Time in force=GTC Oco='2949e3e750c84a72a925f72c53244fd0' Filled=0 Fill price=0 Error='No error' Native error='',
8/3/2026 7:52:37 PM,Order,Order='82ad341896194ab58a55c9294a8f5c38/Sim101' Name='Target1' New state='Submitted' Instrument='MES SEP26' Action='Sell' Limit price=7646.5 Stop price=0 Quantity=10 Type='Limit' Time in force=GTC Oco='2949e3e750c84a72a925f72c53244fd0' Filled=0 Fill price=0 Error='No error' Native error='',
8/3/2026 7:52:37 PM,Order,Order='497e82bf0d6d42d59e2fe79921eac2ef/Sim101' Name='Stop1' New state='Submitted' Instrument='MES SEP26' Action='Sell' Limit price=0 Stop price=7640.5 Quantity=10 Type='Stop Market' Time in force=GTC Oco='2949e3e750c84a72a925f72c53244fd0' Filled=0 Fill price=0 Error='No error' Native error='',
8/3/2026 7:52:37 PM,Default,Unhandled exception: Exception has been thrown by the target of an invocation.,
8/3/2026 7:52:37 PM,Execution,Execution='f7fcc1c377c0459eb02be9eccc7e9fb5' Instrument='MES SEP26' Account='Sim101' Exchange=Default Price=7644.5 Quantity=10 Market position=Long Operation=Operation_Add Order='1f94fbffccfd4b54b4985dc77ae108eb' Time='8/3/2026 7:52 PM',
8/3/2026 7:52:37 PM,Position,Instrument='MES SEP26' Account='Sim101' Average price=7644.5 Quantity=10 Market position=Long Operation=Operation_Add,
8/3/2026 7:52:37 PM,Order,Order='1f94fbffccfd4b54b4985dc77ae108eb/Sim101' Name='Entry' New state='Filled' Instrument='MES SEP26' Action='Buy' Limit price=0 Stop price=0 Quantity=10 Type='Market' Time in force=GTC Oco='' Filled=10 Fill price=7644.5 Error='No error' Native error='',
8/3/2026 7:52:37 PM,Order,Order='1f94fbffccfd4b54b4985dc77ae108eb/Sim101' Name='Entry' New state='Accepted' Instrument='MES SEP26' Action='Buy' Limit price=0 Stop price=0 Quantity=10 Type='Market' Time in force=GTC Oco='' Filled=0 Fill price=0 Error='No error' Native error='',
8/3/2026 7:52:37 PM,Order,Order='1f94fbffccfd4b54b4985dc77ae108eb/Sim101' Name='Entry' New state='Working' Instrument='MES SEP26' Action='Buy' Limit price=0 Stop price=0 Quantity=10 Type='Market' Time in force=GTC Oco='' Filled=0 Fill price=0 Error='No error' Native error='',
8/3/2026 7:52:37 PM,Order,Order='1f94fbffccfd4b54b4985dc77ae108eb/Sim101' Name='Entry' New state='Submitted' Instrument='MES SEP26' Action='Buy' Limit price=0 Stop price=0 Quantity=10 Type='Market' Time in force=GTC Oco='' Filled=0 Fill price=0 Error='No error' Native error='',
8/3/2026 7:52:37 PM,Order,Chart Trader submitting order with strategy 'MES $200 SL4 - 1' (Ticks),
8/3/2026 7:52:27 PM,Default,Unhandled exception: Exception has been thrown by the target of an invocation.,
8/3/2026 7:52:27 PM,Position,Instrument='MES SEP26' Account='Sim101' Average price=0 Quantity=0 Market position=Flat Operation=Remove,
8/3/2026 7:52:27 PM,Order,Order='d3a9fbfc1bf7420b9fdaade9015585d7/Sim101' Name='Close' New state='Filled' Instrument='MES SEP26' Action='Sell' Limit price=0 Stop price=0 Quantity=10 Type='Market' Time in force=DAY Oco='' Filled=10 Fill price=7643.75 Error='No error' Native error='',
8/3/2026 7:52:27 PM,Execution,Execution='de8a6e4710dd4b3e9fa70a79ffdd0aba' Instrument='MES SEP26' Account='Sim101' Exchange=Default Price=7643.75 Quantity=10 Market position=Short Operation=Operation_Add Order='d3a9fbfc1bf7420b9fdaade9015585d7' Time='8/3/2026 7:52 PM',
8/3/2026 7:52:26 PM,Order,Order='d3a9fbfc1bf7420b9fdaade9015585d7/Sim101' Name='Close' New state='Accepted' Instrument='MES SEP26' Action='Sell' Limit price=0 Stop price=0 Quantity=10 Type='Market' Time in force=DAY Oco='' Filled=0 Fill price=0 Error='No error' Native error='',
8/3/2026 7:52:26 PM,Order,Order='d3a9fbfc1bf7420b9fdaade9015585d7/Sim101' Name='Close' New state='Working' Instrument='MES SEP26' Action='Sell' Limit price=0 Stop price=0 Quantity=10 Type='Market' Time in force=DAY Oco='' Filled=0 Fill price=0 Error='No error' Native error='',
8/3/2026 7:52:26 PM,Order,Order='d3a9fbfc1bf7420b9fdaade9015585d7/Sim101' Name='Close' New state='Submitted' Instrument='MES SEP26' Action='Sell' Limit price=0 Stop price=0 Quantity=10 Type='Market' Time in force=DAY Oco='' Filled=0 Fill price=0 Error='No error' Native error='',
8/3/2026 7:52:26 PM,Order,Order='43fbe5ee1b364970903c847c0ff71ba1/Sim101' Name='Target1' New state='Cancelled' Instrument='MES SEP26' Action='Sell' Limit price=7646 Stop price=0 Quantity=10 Type='Limit' Time in force=GTC Oco='cec3411979974563883f1aa1b1077bb2' Filled=0 Fill price=0 Error='No error' Native error='',
8/3/2026 7:52:26 PM,Order,Order='83f627522fb94ea5be4da822fe2617e5/Sim101' Name='Stop1' New state='Cancelled' Instrument='MES SEP26' Action='Sell' Limit price=0 Stop price=7640 Quantity=10 Type='Stop Market' Time in force=GTC Oco='cec3411979974563883f1aa1b1077bb2' Filled=0 Fill price=0 Error='No error' Native error='',
8/3/2026 7:52:26 PM,Order,Order='83f627522fb94ea5be4da822fe2617e5/Sim101' Name='Stop1' New state='Cancel submitted' Instrument='MES SEP26' Action='Sell' Limit price=0 Stop price=7640 Quantity=10 Type='Stop Market' Time in force=GTC Oco='cec3411979974563883f1aa1b1077bb2' Filled=0 Fill price=0 Error='No error' Native error='',
8/3/2026 7:52:26 PM,Order,Order='43fbe5ee1b364970903c847c0ff71ba1/Sim101' Name='Target1' New state='Cancel submitted' Instrument='MES SEP26' Action='Sell' Limit price=7646 Stop price=0 Quantity=10 Type='Limit' Time in force=GTC Oco='cec3411979974563883f1aa1b1077bb2' Filled=0 Fill price=0 Error='No error' Native error='',
8/3/2026 7:52:26 PM,Default,Chart Trader close position,
8/3/2026 7:52:21 PM,Order,Order='43fbe5ee1b364970903c847c0ff71ba1/Sim101' Name='Target1' New state='Accepted' Instrument='MES SEP26' Action='Sell' Limit price=7646 Stop price=0 Quantity=10 Type='Limit' Time in force=GTC Oco='cec3411979974563883f1aa1b1077bb2' Filled=0 Fill price=0 Error='No error' Native error='',
8/3/2026 7:52:21 PM,Order,Order='43fbe5ee1b364970903c847c0ff71ba1/Sim101' Name='Target1' New state='Working' Instrument='MES SEP26' Action='Sell' Limit price=7646 Stop price=0 Quantity=10 Type='Limit' Time in force=GTC Oco='cec3411979974563883f1aa1b1077bb2' Filled=0 Fill price=0 Error='No error' Native error='',
8/3/2026 7:52:21 PM,Order,Order='83f627522fb94ea5be4da822fe2617e5/Sim101' Name='Stop1' New state='Accepted' Instrument='MES SEP26' Action='Sell' Limit price=0 Stop price=7640 Quantity=10 Type='Stop Market' Time in force=GTC Oco='cec3411979974563883f1aa1b1077bb2' Filled=0 Fill price=0 Error='No error' Native error='',
8/3/2026 7:52:21 PM,Order,Order='43fbe5ee1b364970903c847c0ff71ba1/Sim101' Name='Target1' New state='Submitted' Instrument='MES SEP26' Action='Sell' Limit price=7646 Stop price=0 Quantity=10 Type='Limit' Time in force=GTC Oco='cec3411979974563883f1aa1b1077bb2' Filled=0 Fill price=0 Error='No error' Native error='',
8/3/2026 7:52:21 PM,Order,Order='83f627522fb94ea5be4da822fe2617e5/Sim101' Name='Stop1' New state='Submitted' Instrument='MES SEP26' Action='Sell' Limit price=0 Stop price=7640 Quantity=10 Type='Stop Market' Time in force=GTC Oco='cec3411979974563883f1aa1b1077bb2' Filled=0 Fill price=0 Error='No error' Native error='',
8/3/2026 7:52:21 PM,Default,Unhandled exception: Exception has been thrown by the target of an invocation.,
8/3/2026 7:52:21 PM,Execution,Execution='234cc0b863ab4e16900e0498af7783df' Instrument='MES SEP26' Account='Sim101' Exchange=Default Price=7644 Quantity=10 Market position=Long Operation=Operation_Add Order='bee2b817f64b40cba4423092044cb648' Time='8/3/2026 7:52 PM',
8/3/2026 7:52:21 PM,Position,Instrument='MES SEP26' Account='Sim101' Average price=7644 Quantity=10 Market position=Long Operation=Operation_Add,
8/3/2026 7:52:21 PM,Order,Order='bee2b817f64b40cba4423092044cb648/Sim101' Name='Entry' New state='Filled' Instrument='MES SEP26' Action='Buy' Limit price=0 Stop price=0 Quantity=10 Type='Market' Time in force=GTC Oco='' Filled=10 Fill price=7644 Error='No error' Native error='',
8/3/2026 7:52:21 PM,Order,Order='bee2b817f64b40cba4423092044cb648/Sim101' Name='Entry' New state='Accepted' Instrument='MES SEP26' Action='Buy' Limit price=0 Stop price=0 Quantity=10 Type='Market' Time in force=GTC Oco='' Filled=0 Fill price=0 Error='No error' Native error='',
8/3/2026 7:52:21 PM,Order,Order='bee2b817f64b40cba4423092044cb648/Sim101' Name='Entry' New state='Working' Instrument='MES SEP26' Action='Buy' Limit price=0 Stop price=0 Quantity=10 Type='Market' Time in force=GTC Oco='' Filled=0 Fill price=0 Error='No error' Native error='',
8/3/2026 7:52:21 PM,Order,Order='bee2b817f64b40cba4423092044cb648/Sim101' Name='Entry' New state='Submitted' Instrument='MES SEP26' Action='Buy' Limit price=0 Stop price=0 Quantity=10 Type='Market' Time in force=GTC Oco='' Filled=0 Fill price=0 Error='No error' Native error='',
8/3/2026 7:52:21 PM,Order,Chart Trader submitting order with strategy 'MES $200 SL4 - 1' (Ticks),
8/3/2026 7:52:17 PM,Default,Unhandled exception: Exception has been thrown by the target of an invocation.,
8/3/2026 7:52:17 PM,Position,Instrument='MES SEP26' Account='Sim101' Average price=0 Quantity=0 Market position=Flat Operation=Remove,
8/3/2026 7:52:17 PM,Execution,Execution='e7d8eafb6c4e41cc89fb3917b13e1d39' Instrument='MES SEP26' Account='Sim101' Exchange=Default Price=7643.75 Quantity=10 Market position=Short Operation=Operation_Add Order='d04d9ddfbe9b48f9aeeeacc54a5b8537' Time='8/3/2026 7:52 PM',
8/3/2026 7:52:17 PM,Order,Order='d04d9ddfbe9b48f9aeeeacc54a5b8537/Sim101' Name='Close' New state='Filled' Instrument='MES SEP26' Action='Sell' Limit price=0 Stop price=0 Quantity=10 Type='Market' Time in force=DAY Oco='' Filled=10 Fill price=7643.75 Error='No error' Native error='',
8/3/2026 7:52:17 PM,Order,Order='d04d9ddfbe9b48f9aeeeacc54a5b8537/Sim101' Name='Close' New state='Working' Instrument='MES SEP26' Action='Sell' Limit price=0 Stop price=0 Quantity=10 Type='Market' Time in force=DAY Oco='' Filled=0 Fill price=0 Error='No error' Native error='',
8/3/2026 7:52:17 PM,Order,Order='d04d9ddfbe9b48f9aeeeacc54a5b8537/Sim101' Name='Close' New state='Accepted' Instrument='MES SEP26' Action='Sell' Limit price=0 Stop price=0 Quantity=10 Type='Market' Time in force=DAY Oco='' Filled=0 Fill price=0 Error='No error' Native error='',
8/3/2026 7:52:17 PM,Order,Order='d04d9ddfbe9b48f9aeeeacc54a5b8537/Sim101' Name='Close' New state='Submitted' Instrument='MES SEP26' Action='Sell' Limit price=0 Stop price=0 Quantity=10 Type='Market' Time in force=DAY Oco='' Filled=0 Fill price=0 Error='No error' Native error='',
8/3/2026 7:52:17 PM,Order,Order='bacfe3e9e2224569859000a603a14e24/Sim101' Name='Target1' New state='Cancelled' Instrument='MES SEP26' Action='Sell' Limit price=7646.25 Stop price=0 Quantity=10 Type='Limit' Time in force=GTC Oco='4649ee83657948b596bda7a031d665aa' Filled=0 Fill price=0 Error='No error' Native error='',
8/3/2026 7:52:17 PM,Order,Order='b5b686abe29d44ea95f3336b4522c9f4/Sim101' Name='Stop1' New state='Cancelled' Instrument='MES SEP26' Action='Sell' Limit price=0 Stop price=7640.25 Quantity=10 Type='Stop Market' Time in force=GTC Oco='4649ee83657948b596bda7a031d665aa' Filled=0 Fill price=0 Error='No error' Native error='',
8/3/2026 7:52:17 PM,Order,Order='b5b686abe29d44ea95f3336b4522c9f4/Sim101' Name='Stop1' New state='Cancel submitted' Instrument='MES SEP26' Action='Sell' Limit price=0 Stop price=7640.25 Quantity=10 Type='Stop Market' Time in force=GTC Oco='4649ee83657948b596bda7a031d665aa' Filled=0 Fill price=0 Error='No error' Native error='',
8/3/2026 7:52:17 PM,Order,Order='bacfe3e9e2224569859000a603a14e24/Sim101' Name='Target1' New state='Cancel submitted' Instrument='MES SEP26' Action='Sell' Limit price=7646.25 Stop price=0 Quantity=10 Type='Limit' Time in force=GTC Oco='4649ee83657948b596bda7a031d665aa' Filled=0 Fill price=0 Error='No error' Native error='',
8/3/2026 7:52:17 PM,Default,Chart Trader close position,
8/3/2026 7:52:12 PM,Order,Order='bacfe3e9e2224569859000a603a14e24/Sim101' Name='Target1' New state='Working' Instrument='MES SEP26' Action='Sell' Limit price=7646.25 Stop price=0 Quantity=10 Type='Limit' Time in force=GTC Oco='4649ee83657948b596bda7a031d665aa' Filled=0 Fill price=0 Error='No error' Native error='',
8/3/2026 7:52:12 PM,Order,Order='bacfe3e9e2224569859000a603a14e24/Sim101' Name='Target1' New state='Accepted' Instrument='MES SEP26' Action='Sell' Limit price=7646.25 Stop price=0 Quantity=10 Type='Limit' Time in force=GTC Oco='4649ee83657948b596bda7a031d665aa' Filled=0 Fill price=0 Error='No error' Native error='',
8/3/2026 7:52:12 PM,Order,Order='b5b686abe29d44ea95f3336b4522c9f4/Sim101' Name='Stop1' New state='Accepted' Instrument='MES SEP26' Action='Sell' Limit price=0 Stop price=7640.25 Quantity=10 Type='Stop Market' Time in force=GTC Oco='4649ee83657948b596bda7a031d665aa' Filled=0 Fill price=0 Error='No error' Native error='',
8/3/2026 7:52:12 PM,Default,Unhandled exception: Exception has been thrown by the target of an invocation.,
8/3/2026 7:52:12 PM,Order,Order='bacfe3e9e2224569859000a603a14e24/Sim101' Name='Target1' New state='Submitted' Instrument='MES SEP26' Action='Sell' Limit price=7646.25 Stop price=0 Quantity=10 Type='Limit' Time in force=GTC Oco='4649ee83657948b596bda7a031d665aa' Filled=0 Fill price=0 Error='No error' Native error='',
8/3/2026 7:52:12 PM,Order,Order='b5b686abe29d44ea95f3336b4522c9f4/Sim101' Name='Stop1' New state='Submitted' Instrument='MES SEP26' Action='Sell' Limit price=0 Stop price=7640.25 Quantity=10 Type='Stop Market' Time in force=GTC Oco='4649ee83657948b596bda7a031d665aa' Filled=0 Fill price=0 Error='No error' Native error='',
8/3/2026 7:52:12 PM,Position,Instrument='MES SEP26' Account='Sim101' Average price=7644.25 Quantity=10 Market position=Long Operation=Operation_Add,
8/3/2026 7:52:12 PM,Execution,Execution='af89c20ee4b546119cf3d4e9f9cb4430' Instrument='MES SEP26' Account='Sim101' Exchange=Default Price=7644.25 Quantity=10 Market position=Long Operation=Operation_Add Order='2ef43bfdf270426dbe391598c90cb24c' Time='8/3/2026 7:52 PM',
8/3/2026 7:52:12 PM,Order,Order='2ef43bfdf270426dbe391598c90cb24c/Sim101' Name='Entry' New state='Filled' Instrument='MES SEP26' Action='Buy' Limit price=0 Stop price=0 Quantity=10 Type='Market' Time in force=GTC Oco='' Filled=10 Fill price=7644.25 Error='No error' Native error='',
8/3/2026 7:52:12 PM,Order,Order='2ef43bfdf270426dbe391598c90cb24c/Sim101' Name='Entry' New state='Working' Instrument='MES SEP26' Action='Buy' Limit price=0 Stop price=0 Quantity=10 Type='Market' Time in force=GTC Oco='' Filled=0 Fill price=0 Error='No error' Native error='',
8/3/2026 7:52:12 PM,Order,Order='2ef43bfdf270426dbe391598c90cb24c/Sim101' Name='Entry' New state='Accepted' Instrument='MES SEP26' Action='Buy' Limit price=0 Stop price=0 Quantity=10 Type='Market' Time in force=GTC Oco='' Filled=0 Fill price=0 Error='No error' Native error='',
8/3/2026 7:52:12 PM,Order,Order='2ef43bfdf270426dbe391598c90cb24c/Sim101' Name='Entry' New state='Submitted' Instrument='MES SEP26' Action='Buy' Limit price=0 Stop price=0 Quantity=10 Type='Market' Time in force=GTC Oco='' Filled=0 Fill price=0 Error='No error' Native error='',
8/3/2026 7:52:12 PM,Order,Chart Trader submitting order with strategy 'MES $200 SL4 - 1' (Ticks),
8/3/2026 7:51:34 PM,Position,Instrument='MES SEP26' Account='Sim101' Average price=0 Quantity=0 Market position=Flat Operation=Remove,
8/3/2026 7:51:34 PM,Execution,Execution='c55ec499ff904a878d418729ca0fb02a' Instrument='MES SEP26' Account='Sim101' Exchange=Default Price=7643.25 Quantity=10 Market position=Short Operation=Operation_Add Order='f817a2d2d2784bbfa37b6c88c0d2d30b' Time='8/3/2026 7:51 PM',
8/3/2026 7:51:34 PM,Order,Order='f817a2d2d2784bbfa37b6c88c0d2d30b/Sim101' Name='Close' New state='Filled' Instrument='MES SEP26' Action='Sell' Limit price=0 Stop price=0 Quantity=10 Type='Market' Time in force=DAY Oco='' Filled=10 Fill price=7643.25 Error='No error' Native error='',
8/3/2026 7:51:34 PM,Order,Order='f817a2d2d2784bbfa37b6c88c0d2d30b/Sim101' Name='Close' New state='Working' Instrument='MES SEP26' Action='Sell' Limit price=0 Stop price=0 Quantity=10 Type='Market' Time in force=DAY Oco='' Filled=0 Fill price=0 Error='No error' Native error='',
8/3/2026 7:51:34 PM,Order,Order='f817a2d2d2784bbfa37b6c88c0d2d30b/Sim101' Name='Close' New state='Accepted' Instrument='MES SEP26' Action='Sell' Limit price=0 Stop price=0 Quantity=10 Type='Market' Time in force=DAY Oco='' Filled=0 Fill price=0 Error='No error' Native error='',
8/3/2026 7:51:34 PM,Order,Order='f817a2d2d2784bbfa37b6c88c0d2d30b/Sim101' Name='Close' New state='Submitted' Instrument='MES SEP26' Action='Sell' Limit price=0 Stop price=0 Quantity=10 Type='Market' Time in force=DAY Oco='' Filled=0 Fill price=0 Error='No error' Native error='',
8/3/2026 7:51:34 PM,Default,Chart Trader close position,
8/3/2026 7:48:30 PM,Order,Order='e23033fe62954774852115d9a2c676f6/Sim101' Name='Target1' New state='Cancelled' Instrument='MES SEP26' Action='Sell' Limit price=7644.5 Stop price=0 Quantity=10 Type='Limit' Time in force=GTC Oco='155279cb470240fd9448a8a982f25bcb' Filled=0 Fill price=0 Error='No error' Native error='',
8/3/2026 7:48:30 PM,Order,Order='f2336ffa50e54c8993e98897569ce48e/Sim101' Name='Stop1' New state='Cancelled' Instrument='MES SEP26' Action='Sell' Limit price=0 Stop price=7638.5 Quantity=10 Type='Stop Market' Time in force=GTC Oco='155279cb470240fd9448a8a982f25bcb' Filled=0 Fill price=0 Error='No error' Native error='',
8/3/2026 7:48:30 PM,Order,Order='96cc853f59d24843a35962376a6d5172/Sim101' Name='PTT-QX-T2' New state='Rejected' Instrument='MES SEP26' Action='Sell' Limit price=7644.5 Stop price=0 Quantity=5 Type='Limit' Time in force=GTC Oco='PTT-QX-00001' Filled=0 Fill price=0 Error='Unable to submit order' Native error='Order '96cc853f59d24843a35962376a6d5172' can't be submitted: The OCO ID ‘PTT-QX-00001’ cannot be reused. Please use a new OCO ID.',
8/3/2026 7:48:30 PM,Order,Sim101 Order '96cc853f59d24843a35962376a6d5172' can't be submitted: The OCO ID ‘PTT-QX-00001’ cannot be reused. Please use a new OCO ID. affected Order: Sell 5 Limit @ 7644.5,
8/3/2026 7:48:30 PM,Order,Sim101 Order 'c091d7aaabd14ba5a58d108487fcc735' can't be submitted: The OCO ID ‘PTT-QX-00001’ cannot be reused. Please use a new OCO ID. affected Order: Sell 5 Limit @ 7643.5,
8/3/2026 7:48:30 PM,Order,Order='c091d7aaabd14ba5a58d108487fcc735/Sim101' Name='PTT-QX-T1' New state='Rejected' Instrument='MES SEP26' Action='Sell' Limit price=7643.5 Stop price=0 Quantity=5 Type='Limit' Time in force=GTC Oco='PTT-QX-00001' Filled=0 Fill price=0 Error='Unable to submit order' Native error='Order 'c091d7aaabd14ba5a58d108487fcc735' can't be submitted: The OCO ID ‘PTT-QX-00001’ cannot be reused. Please use a new OCO ID.',
8/3/2026 7:48:30 PM,Order,Order='d263549ca15d4adcae3a34330a71de82/Sim101' Name='PTT-QX-Stop' New state='Rejected' Instrument='MES SEP26' Action='Sell' Limit price=0 Stop price=7638.5 Quantity=10 Type='Stop Market' Time in force=GTC Oco='PTT-QX-00001' Filled=0 Fill price=0 Error='Unable to submit order' Native error='Order 'd263549ca15d4adcae3a34330a71de82' can't be submitted: The OCO ID ‘PTT-QX-00001’ cannot be reused. Please use a new OCO ID.',
8/3/2026 7:48:30 PM,Order,Sim101 Order 'd263549ca15d4adcae3a34330a71de82' can't be submitted: The OCO ID ‘PTT-QX-00001’ cannot be reused. Please use a new OCO ID. affected Order: Sell 10 StopMarket @ 7638.5,
8/3/2026 7:48:30 PM,Order,Order='f2336ffa50e54c8993e98897569ce48e/Sim101' Name='Stop1' New state='Cancel submitted' Instrument='MES SEP26' Action='Sell' Limit price=0 Stop price=7638.5 Quantity=10 Type='Stop Market' Time in force=GTC Oco='155279cb470240fd9448a8a982f25bcb' Filled=0 Fill price=0 Error='No error' Native error='',
8/3/2026 7:48:30 PM,Order,Order='e23033fe62954774852115d9a2c676f6/Sim101' Name='Target1' New state='Cancel submitted' Instrument='MES SEP26' Action='Sell' Limit price=7644.5 Stop price=0 Quantity=10 Type='Limit' Time in force=GTC Oco='155279cb470240fd9448a8a982f25bcb' Filled=0 Fill price=0 Error='No error' Native error='',
8/3/2026 7:48:28 PM,Order,Order='e23033fe62954774852115d9a2c676f6/Sim101' Name='Target1' New state='Working' Instrument='MES SEP26' Action='Sell' Limit price=7644.5 Stop price=0 Quantity=10 Type='Limit' Time in force=GTC Oco='155279cb470240fd9448a8a982f25bcb' Filled=0 Fill price=0 Error='No error' Native error='',
8/3/2026 7:48:28 PM,Order,Order='f2336ffa50e54c8993e98897569ce48e/Sim101' Name='Stop1' New state='Accepted' Instrument='MES SEP26' Action='Sell' Limit price=0 Stop price=7638.5 Quantity=10 Type='Stop Market' Time in force=GTC Oco='155279cb470240fd9448a8a982f25bcb' Filled=0 Fill price=0 Error='No error' Native error='',
8/3/2026 7:48:28 PM,Order,Order='e23033fe62954774852115d9a2c676f6/Sim101' Name='Target1' New state='Accepted' Instrument='MES SEP26' Action='Sell' Limit price=7644.5 Stop price=0 Quantity=10 Type='Limit' Time in force=GTC Oco='155279cb470240fd9448a8a982f25bcb' Filled=0 Fill price=0 Error='No error' Native error='',
8/3/2026 7:48:28 PM,Order,Order='e23033fe62954774852115d9a2c676f6/Sim101' Name='Target1' New state='Submitted' Instrument='MES SEP26' Action='Sell' Limit price=7644.5 Stop price=0 Quantity=10 Type='Limit' Time in force=GTC Oco='155279cb470240fd9448a8a982f25bcb' Filled=0 Fill price=0 Error='No error' Native error='',
8/3/2026 7:48:28 PM,Order,Order='f2336ffa50e54c8993e98897569ce48e/Sim101' Name='Stop1' New state='Submitted' Instrument='MES SEP26' Action='Sell' Limit price=0 Stop price=7638.5 Quantity=10 Type='Stop Market' Time in force=GTC Oco='155279cb470240fd9448a8a982f25bcb' Filled=0 Fill price=0 Error='No error' Native error='',
8/3/2026 7:48:28 PM,Execution,Execution='ecb07aba35d04304a92f289251f9ba2c' Instrument='MES SEP26' Account='Sim101' Exchange=Default Price=7642.5 Quantity=10 Market position=Long Operation=Operation_Add Order='cd65cbacedef4b29aa6c884b7fffbe75' Time='8/3/2026 7:48 PM',
8/3/2026 7:48:28 PM,Position,Instrument='MES SEP26' Account='Sim101' Average price=7642.5 Quantity=10 Market position=Long Operation=Operation_Add,
8/3/2026 7:48:28 PM,Order,Order='cd65cbacedef4b29aa6c884b7fffbe75/Sim101' Name='Entry' New state='Filled' Instrument='MES SEP26' Action='Buy' Limit price=0 Stop price=0 Quantity=10 Type='Market' Time in force=GTC Oco='' Filled=10 Fill price=7642.5 Error='No error' Native error='',
8/3/2026 7:48:28 PM,Order,Order='cd65cbacedef4b29aa6c884b7fffbe75/Sim101' Name='Entry' New state='Working' Instrument='MES SEP26' Action='Buy' Limit price=0 Stop price=0 Quantity=10 Type='Market' Time in force=GTC Oco='' Filled=0 Fill price=0 Error='No error' Native error='',
8/3/2026 7:48:28 PM,Order,Order='cd65cbacedef4b29aa6c884b7fffbe75/Sim101' Name='Entry' New state='Accepted' Instrument='MES SEP26' Action='Buy' Limit price=0 Stop price=0 Quantity=10 Type='Market' Time in force=GTC Oco='' Filled=0 Fill price=0 Error='No error' Native error='',
8/3/2026 7:48:28 PM,Order,Order='cd65cbacedef4b29aa6c884b7fffbe75/Sim101' Name='Entry' New state='Submitted' Instrument='MES SEP26' Action='Buy' Limit price=0 Stop price=0 Quantity=10 Type='Market' Time in force=GTC Oco='' Filled=0 Fill price=0 Error='No error' Native error='',
8/3/2026 7:48:28 PM,Order,Chart Trader submitting order with strategy 'MES $200 SL4 - 1' (Ticks),
8/3/2026 7:48:25 PM,Position,Instrument='MES SEP26' Account='Sim101' Average price=0 Quantity=0 Market position=Flat Operation=Remove,
8/3/2026 7:48:25 PM,Execution,Execution='229ee45d43c94b62a35b36ec53d05f33' Instrument='MES SEP26' Account='Sim101' Exchange=Default Price=7642.25 Quantity=10 Market position=Short Operation=Operation_Add Order='ef84be18d8664b3a96f177be5331a008' Time='8/3/2026 7:48 PM',
8/3/2026 7:48:25 PM,Order,Order='ef84be18d8664b3a96f177be5331a008/Sim101' Name='Close' New state='Filled' Instrument='MES SEP26' Action='Sell' Limit price=0 Stop price=0 Quantity=10 Type='Market' Time in force=DAY Oco='' Filled=10 Fill price=7642.25 Error='No error' Native error='',
8/3/2026 7:48:25 PM,Order,Order='ef84be18d8664b3a96f177be5331a008/Sim101' Name='Close' New state='Accepted' Instrument='MES SEP26' Action='Sell' Limit price=0 Stop price=0 Quantity=10 Type='Market' Time in force=DAY Oco='' Filled=0 Fill price=0 Error='No error' Native error='',
8/3/2026 7:48:25 PM,Order,Order='ef84be18d8664b3a96f177be5331a008/Sim101' Name='Close' New state='Working' Instrument='MES SEP26' Action='Sell' Limit price=0 Stop price=0 Quantity=10 Type='Market' Time in force=DAY Oco='' Filled=0 Fill price=0 Error='No error' Native error='',
8/3/2026 7:48:25 PM,Order,Order='ef84be18d8664b3a96f177be5331a008/Sim101' Name='Close' New state='Submitted' Instrument='MES SEP26' Action='Sell' Limit price=0 Stop price=0 Quantity=10 Type='Market' Time in force=DAY Oco='' Filled=0 Fill price=0 Error='No error' Native error='',
8/3/2026 7:48:25 PM,Default,Chart Trader close position,
8/3/2026 7:48:18 PM,Order,Order='3efcba33a48b4250910e287adfc26a0d/Sim101' Name='Stop1' New state='Cancelled' Instrument='MES SEP26' Action='Sell' Limit price=0 Stop price=7638.5 Quantity=10 Type='Stop Market' Time in force=GTC Oco='48fae18d224545029720449e7f762277' Filled=0 Fill price=0 Error='No error' Native error='',
8/3/2026 7:48:18 PM,Order,Order='ca233171b93a4a03999f8fadfccd63ad/Sim101' Name='Target1' New state='Cancelled' Instrument='MES SEP26' Action='Sell' Limit price=7644.5 Stop price=0 Quantity=10 Type='Limit' Time in force=GTC Oco='48fae18d224545029720449e7f762277' Filled=0 Fill price=0 Error='No error' Native error='',
8/3/2026 7:48:18 PM,Order,Order='5f68fd1fc87744b6b8a3f09c20b7fa9d/Sim101' Name='PTT-QX-T2' New state='Rejected' Instrument='MES SEP26' Action='Sell' Limit price=7644.5 Stop price=0 Quantity=5 Type='Limit' Time in force=GTC Oco='PTT-QX-00001' Filled=0 Fill price=0 Error='Unable to submit order' Native error='Order '5f68fd1fc87744b6b8a3f09c20b7fa9d' can't be submitted: The OCO ID ‘PTT-QX-00001’ cannot be reused. Please use a new OCO ID.',
8/3/2026 7:48:18 PM,Order,Sim101 Order '5f68fd1fc87744b6b8a3f09c20b7fa9d' can't be submitted: The OCO ID ‘PTT-QX-00001’ cannot be reused. Please use a new OCO ID. affected Order: Sell 5 Limit @ 7644.5,
8/3/2026 7:48:18 PM,Order,Order='f09ccee9b66a4af59f78c920868cb54c/Sim101' Name='PTT-QX-T1' New state='Rejected' Instrument='MES SEP26' Action='Sell' Limit price=7643.5 Stop price=0 Quantity=5 Type='Limit' Time in force=GTC Oco='PTT-QX-00001' Filled=0 Fill price=0 Error='Unable to submit order' Native error='Order 'f09ccee9b66a4af59f78c920868cb54c' can't be submitted: The OCO ID ‘PTT-QX-00001’ cannot be reused. Please use a new OCO ID.',
8/3/2026 7:48:18 PM,Order,Sim101 Order 'f09ccee9b66a4af59f78c920868cb54c' can't be submitted: The OCO ID ‘PTT-QX-00001’ cannot be reused. Please use a new OCO ID. affected Order: Sell 5 Limit @ 7643.5,
8/3/2026 7:48:18 PM,Order,Order='4ff8e262bd1b4f08a7b72c9e3996c4ab/Sim101' Name='PTT-QX-Stop' New state='Rejected' Instrument='MES SEP26' Action='Sell' Limit price=0 Stop price=7638.5 Quantity=10 Type='Stop Market' Time in force=GTC Oco='PTT-QX-00001' Filled=0 Fill price=0 Error='Unable to submit order' Native error='Order '4ff8e262bd1b4f08a7b72c9e3996c4ab' can't be submitted: The OCO ID ‘PTT-QX-00001’ cannot be reused. Please use a new OCO ID.',
8/3/2026 7:48:18 PM,Order,Sim101 Order '4ff8e262bd1b4f08a7b72c9e3996c4ab' can't be submitted: The OCO ID ‘PTT-QX-00001’ cannot be reused. Please use a new OCO ID. affected Order: Sell 10 StopMarket @ 7638.5,
8/3/2026 7:48:18 PM,Order,Order='3efcba33a48b4250910e287adfc26a0d/Sim101' Name='Stop1' New state='Cancel submitted' Instrument='MES SEP26' Action='Sell' Limit price=0 Stop price=7638.5 Quantity=10 Type='Stop Market' Time in force=GTC Oco='48fae18d224545029720449e7f762277' Filled=0 Fill price=0 Error='No error' Native error='',
8/3/2026 7:48:18 PM,Order,Order='ca233171b93a4a03999f8fadfccd63ad/Sim101' Name='Target1' New state='Cancel submitted' Instrument='MES SEP26' Action='Sell' Limit price=7644.5 Stop price=0 Quantity=10 Type='Limit' Time in force=GTC Oco='48fae18d224545029720449e7f762277' Filled=0 Fill price=0 Error='No error' Native error='',
8/3/2026 7:48:15 PM,Order,Order='ca233171b93a4a03999f8fadfccd63ad/Sim101' Name='Target1' New state='Working' Instrument='MES SEP26' Action='Sell' Limit price=7644.5 Stop price=0 Quantity=10 Type='Limit' Time in force=GTC Oco='48fae18d224545029720449e7f762277' Filled=0 Fill price=0 Error='No error' Native error='',
8/3/2026 7:48:15 PM,Order,Order='ca233171b93a4a03999f8fadfccd63ad/Sim101' Name='Target1' New state='Accepted' Instrument='MES SEP26' Action='Sell' Limit price=7644.5 Stop price=0 Quantity=10 Type='Limit' Time in force=GTC Oco='48fae18d224545029720449e7f762277' Filled=0 Fill price=0 Error='No error' Native error='',
8/3/2026 7:48:15 PM,Order,Order='3efcba33a48b4250910e287adfc26a0d/Sim101' Name='Stop1' New state='Accepted' Instrument='MES SEP26' Action='Sell' Limit price=0 Stop price=7638.5 Quantity=10 Type='Stop Market' Time in force=GTC Oco='48fae18d224545029720449e7f762277' Filled=0 Fill price=0 Error='No error' Native error='',
8/3/2026 7:48:15 PM,Order,Order='ca233171b93a4a03999f8fadfccd63ad/Sim101' Name='Target1' New state='Submitted' Instrument='MES SEP26' Action='Sell' Limit price=7644.5 Stop price=0 Quantity=10 Type='Limit' Time in force=GTC Oco='48fae18d224545029720449e7f762277' Filled=0 Fill price=0 Error='No error' Native error='',
8/3/2026 7:48:15 PM,Order,Order='3efcba33a48b4250910e287adfc26a0d/Sim101' Name='Stop1' New state='Submitted' Instrument='MES SEP26' Action='Sell' Limit price=0 Stop price=7638.5 Quantity=10 Type='Stop Market' Time in force=GTC Oco='48fae18d224545029720449e7f762277' Filled=0 Fill price=0 Error='No error' Native error='',
8/3/2026 7:48:15 PM,Position,Instrument='MES SEP26' Account='Sim101' Average price=7642.5 Quantity=10 Market position=Long Operation=Operation_Add,
8/3/2026 7:48:15 PM,Execution,Execution='26a311c08e404a7e94102c609e81c1f9' Instrument='MES SEP26' Account='Sim101' Exchange=Default Price=7642.5 Quantity=10 Market position=Long Operation=Operation_Add Order='0a9a85f6c0b74595b991be4258a20ee3' Time='8/3/2026 7:48 PM',
8/3/2026 7:48:15 PM,Order,Order='0a9a85f6c0b74595b991be4258a20ee3/Sim101' Name='Entry' New state='Filled' Instrument='MES SEP26' Action='Buy' Limit price=0 Stop price=0 Quantity=10 Type='Market' Time in force=GTC Oco='' Filled=10 Fill price=7642.5 Error='No error' Native error='',
8/3/2026 7:48:15 PM,Order,Order='0a9a85f6c0b74595b991be4258a20ee3/Sim101' Name='Entry' New state='Working' Instrument='MES SEP26' Action='Buy' Limit price=0 Stop price=0 Quantity=10 Type='Market' Time in force=GTC Oco='' Filled=0 Fill price=0 Error='No error' Native error='',
8/3/2026 7:48:15 PM,Order,Order='0a9a85f6c0b74595b991be4258a20ee3/Sim101' Name='Entry' New state='Accepted' Instrument='MES SEP26' Action='Buy' Limit price=0 Stop price=0 Quantity=10 Type='Market' Time in force=GTC Oco='' Filled=0 Fill price=0 Error='No error' Native error='',
8/3/2026 7:48:15 PM,Order,Order='0a9a85f6c0b74595b991be4258a20ee3/Sim101' Name='Entry' New state='Submitted' Instrument='MES SEP26' Action='Buy' Limit price=0 Stop price=0 Quantity=10 Type='Market' Time in force=GTC Oco='' Filled=0 Fill price=0 Error='No error' Native error='',
8/3/2026 7:48:15 PM,Order,Chart Trader submitting order with strategy 'MES $200 SL4 - 1' (Ticks),
8/3/2026 7:48:12 PM,Position,Instrument='MES SEP26' Account='Sim102' Average price=0 Quantity=0 Market position=Flat Operation=Remove,
8/3/2026 7:48:12 PM,Order,Order='cde84916cf4e402f9b907eaded74dcfd/Sim102' Name='Close' New state='Filled' Instrument='MES SEP26' Action='Sell' Limit price=0 Stop price=0 Quantity=10 Type='Market' Time in force=DAY Oco='' Filled=10 Fill price=7642 Error='No error' Native error='',
8/3/2026 7:48:12 PM,Execution,Execution='5fc3293d011b447fac0a2161e24a0e15' Instrument='MES SEP26' Account='Sim102' Exchange=Default Price=7642 Quantity=10 Market position=Short Operation=Operation_Add Order='cde84916cf4e402f9b907eaded74dcfd' Time='8/3/2026 7:48 PM',
8/3/2026 7:48:12 PM,Order,Order='cde84916cf4e402f9b907eaded74dcfd/Sim102' Name='Close' New state='Accepted' Instrument='MES SEP26' Action='Sell' Limit price=0 Stop price=0 Quantity=10 Type='Market' Time in force=DAY Oco='' Filled=0 Fill price=0 Error='No error' Native error='',
8/3/2026 7:48:12 PM,Order,Order='cde84916cf4e402f9b907eaded74dcfd/Sim102' Name='Close' New state='Working' Instrument='MES SEP26' Action='Sell' Limit price=0 Stop price=0 Quantity=10 Type='Market' Time in force=DAY Oco='' Filled=0 Fill price=0 Error='No error' Native error='',
8/3/2026 7:48:12 PM,Order,Order='cde84916cf4e402f9b907eaded74dcfd/Sim102' Name='Close' New state='Submitted' Instrument='MES SEP26' Action='Sell' Limit price=0 Stop price=0 Quantity=10 Type='Market' Time in force=DAY Oco='' Filled=0 Fill price=0 Error='No error' Native error='',
8/3/2026 7:48:12 PM,Order,Order='aa1654ad15ea45cfb402f0d6c8f5a668/Sim102' Name='PTT-QX-Stop' New state='Cancelled' Instrument='MES SEP26' Action='Sell' Limit price=0 Stop price=7638.5 Quantity=10 Type='Stop Market' Time in force=GTC Oco='PTT-QX-00001' Filled=0 Fill price=0 Error='No error' Native error='',
8/3/2026 7:48:12 PM,Order,Order='ceba939b2a4a4d97968ec2b7188d878a/Sim102' Name='PTT-QX-T1' New state='Cancelled' Instrument='MES SEP26' Action='Sell' Limit price=7643.5 Stop price=0 Quantity=5 Type='Limit' Time in force=GTC Oco='PTT-QX-00001' Filled=0 Fill price=0 Error='No error' Native error='',
8/3/2026 7:48:12 PM,Order,Order='3ae15dcd963347edbfc6892ee53813b0/Sim102' Name='PTT-QX-T2' New state='Cancelled' Instrument='MES SEP26' Action='Sell' Limit price=7644.5 Stop price=0 Quantity=5 Type='Limit' Time in force=GTC Oco='PTT-QX-00001' Filled=0 Fill price=0 Error='No error' Native error='',
8/3/2026 7:48:12 PM,Order,Order='ceba939b2a4a4d97968ec2b7188d878a/Sim102' Name='PTT-QX-T1' New state='Cancel submitted' Instrument='MES SEP26' Action='Sell' Limit price=7643.5 Stop price=0 Quantity=5 Type='Limit' Time in force=GTC Oco='PTT-QX-00001' Filled=0 Fill price=0 Error='No error' Native error='',
8/3/2026 7:48:12 PM,Order,Order='aa1654ad15ea45cfb402f0d6c8f5a668/Sim102' Name='PTT-QX-Stop' New state='Cancel submitted' Instrument='MES SEP26' Action='Sell' Limit price=0 Stop price=7638.5 Quantity=10 Type='Stop Market' Time in force=GTC Oco='PTT-QX-00001' Filled=0 Fill price=0 Error='No error' Native error='',
8/3/2026 7:48:12 PM,Default,Position grid close position,
8/3/2026 7:48:12 PM,Order,Order='3ae15dcd963347edbfc6892ee53813b0/Sim102' Name='PTT-QX-T2' New state='Cancel submitted' Instrument='MES SEP26' Action='Sell' Limit price=7644.5 Stop price=0 Quantity=5 Type='Limit' Time in force=GTC Oco='PTT-QX-00001' Filled=0 Fill price=0 Error='No error' Native error='',
8/3/2026 7:48:10 PM,Position,Instrument='MES SEP26' Account='Sim101' Average price=0 Quantity=0 Market position=Flat Operation=Remove,
8/3/2026 7:48:09 PM,Order,Order='7f2a89bf5d054c3d97232e1fa7af3375/Sim101' Name='Close' New state='Filled' Instrument='MES SEP26' Action='Sell' Limit price=0 Stop price=0 Quantity=10 Type='Market' Time in force=DAY Oco='' Filled=10 Fill price=7642 Error='No error' Native error='',
8/3/2026 7:48:09 PM,Execution,Execution='712ebd067c2f4bb18a5a19689082e4f8' Instrument='MES SEP26' Account='Sim101' Exchange=Default Price=7642 Quantity=10 Market position=Short Operation=Operation_Add Order='7f2a89bf5d054c3d97232e1fa7af3375' Time='8/3/2026 7:48 PM',
8/3/2026 7:48:09 PM,Order,Order='7f2a89bf5d054c3d97232e1fa7af3375/Sim101' Name='Close' New state='Accepted' Instrument='MES SEP26' Action='Sell' Limit price=0 Stop price=0 Quantity=10 Type='Market' Time in force=DAY Oco='' Filled=0 Fill price=0 Error='No error' Native error='',
8/3/2026 7:48:09 PM,Order,Order='7f2a89bf5d054c3d97232e1fa7af3375/Sim101' Name='Close' New state='Working' Instrument='MES SEP26' Action='Sell' Limit price=0 Stop price=0 Quantity=10 Type='Market' Time in force=DAY Oco='' Filled=0 Fill price=0 Error='No error' Native error='',
8/3/2026 7:48:09 PM,Order,Order='7f2a89bf5d054c3d97232e1fa7af3375/Sim101' Name='Close' New state='Submitted' Instrument='MES SEP26' Action='Sell' Limit price=0 Stop price=0 Quantity=10 Type='Market' Time in force=DAY Oco='' Filled=0 Fill price=0 Error='No error' Native error='',
8/3/2026 7:48:09 PM,Default,Chart Trader close position,
8/3/2026 7:48:04 PM,Order,Order='3ae15dcd963347edbfc6892ee53813b0/Sim102' Name='PTT-QX-T2' New state='Accepted' Instrument='MES SEP26' Action='Sell' Limit price=7644.5 Stop price=0 Quantity=5 Type='Limit' Time in force=GTC Oco='PTT-QX-00001' Filled=0 Fill price=0 Error='No error' Native error='',
8/3/2026 7:48:04 PM,Order,Order='3ae15dcd963347edbfc6892ee53813b0/Sim102' Name='PTT-QX-T2' New state='Working' Instrument='MES SEP26' Action='Sell' Limit price=7644.5 Stop price=0 Quantity=5 Type='Limit' Time in force=GTC Oco='PTT-QX-00001' Filled=0 Fill price=0 Error='No error' Native error='',
8/3/2026 7:48:04 PM,Order,Order='ceba939b2a4a4d97968ec2b7188d878a/Sim102' Name='PTT-QX-T1' New state='Accepted' Instrument='MES SEP26' Action='Sell' Limit price=7643.5 Stop price=0 Quantity=5 Type='Limit' Time in force=GTC Oco='PTT-QX-00001' Filled=0 Fill price=0 Error='No error' Native error='',
8/3/2026 7:48:04 PM,Order,Order='ceba939b2a4a4d97968ec2b7188d878a/Sim102' Name='PTT-QX-T1' New state='Working' Instrument='MES SEP26' Action='Sell' Limit price=7643.5 Stop price=0 Quantity=5 Type='Limit' Time in force=GTC Oco='PTT-QX-00001' Filled=0 Fill price=0 Error='No error' Native error='',
8/3/2026 7:48:04 PM,Order,Order='184c6367975f423bb6532eeec590bb04/Sim102' Name='Stop1' New state='Cancelled' Instrument='MES SEP26' Action='Sell' Limit price=0 Stop price=7638.5 Quantity=10 Type='Stop Market' Time in force=GTC Oco='f4a0ef8dfbc6495e87d854597bc4165a' Filled=0 Fill price=0 Error='No error' Native error='',
8/3/2026 7:48:04 PM,Order,Order='d4d91e4f806f4f3297fbb99a4016369c/Sim102' Name='Target1' New state='Cancelled' Instrument='MES SEP26' Action='Sell' Limit price=7644.5 Stop price=0 Quantity=10 Type='Limit' Time in force=GTC Oco='f4a0ef8dfbc6495e87d854597bc4165a' Filled=0 Fill price=0 Error='No error' Native error='',
8/3/2026 7:48:04 PM,Order,Order='aa1654ad15ea45cfb402f0d6c8f5a668/Sim102' Name='PTT-QX-Stop' New state='Accepted' Instrument='MES SEP26' Action='Sell' Limit price=0 Stop price=7638.5 Quantity=10 Type='Stop Market' Time in force=GTC Oco='PTT-QX-00001' Filled=0 Fill price=0 Error='No error' Native error='',
8/3/2026 7:48:04 PM,Order,Order='191c3c4cc6b144b6869774aac3dd17e6/Sim101' Name='Stop1' New state='Cancelled' Instrument='MES SEP26' Action='Sell' Limit price=0 Stop price=7638.5 Quantity=10 Type='Stop Market' Time in force=GTC Oco='d135982f01214506a354eb9d98751ecd' Filled=0 Fill price=0 Error='No error' Native error='',
8/3/2026 7:48:04 PM,Order,Order='3b7920d2b7b945ca8627f7b49869e61a/Sim101' Name='Target1' New state='Cancelled' Instrument='MES SEP26' Action='Sell' Limit price=7644.5 Stop price=0 Quantity=10 Type='Limit' Time in force=GTC Oco='d135982f01214506a354eb9d98751ecd' Filled=0 Fill price=0 Error='No error' Native error='',
8/3/2026 7:48:04 PM,Order,Order='3ae15dcd963347edbfc6892ee53813b0/Sim102' Name='PTT-QX-T2' New state='Submitted' Instrument='MES SEP26' Action='Sell' Limit price=7644.5 Stop price=0 Quantity=5 Type='Limit' Time in force=GTC Oco='PTT-QX-00001' Filled=0 Fill price=0 Error='No error' Native error='',
8/3/2026 7:48:04 PM,Order,Order='ceba939b2a4a4d97968ec2b7188d878a/Sim102' Name='PTT-QX-T1' New state='Submitted' Instrument='MES SEP26' Action='Sell' Limit price=7643.5 Stop price=0 Quantity=5 Type='Limit' Time in force=GTC Oco='PTT-QX-00001' Filled=0 Fill price=0 Error='No error' Native error='',
8/3/2026 7:48:04 PM,Order,Order='aa1654ad15ea45cfb402f0d6c8f5a668/Sim102' Name='PTT-QX-Stop' New state='Submitted' Instrument='MES SEP26' Action='Sell' Limit price=0 Stop price=7638.5 Quantity=10 Type='Stop Market' Time in force=GTC Oco='PTT-QX-00001' Filled=0 Fill price=0 Error='No error' Native error='',
8/3/2026 7:48:04 PM,Order,Order='d4d91e4f806f4f3297fbb99a4016369c/Sim102' Name='Target1' New state='Cancel submitted' Instrument='MES SEP26' Action='Sell' Limit price=7644.5 Stop price=0 Quantity=10 Type='Limit' Time in force=GTC Oco='f4a0ef8dfbc6495e87d854597bc4165a' Filled=0 Fill price=0 Error='No error' Native error='',
8/3/2026 7:48:04 PM,Order,Order='184c6367975f423bb6532eeec590bb04/Sim102' Name='Stop1' New state='Cancel submitted' Instrument='MES SEP26' Action='Sell' Limit price=0 Stop price=7638.5 Quantity=10 Type='Stop Market' Time in force=GTC Oco='f4a0ef8dfbc6495e87d854597bc4165a' Filled=0 Fill price=0 Error='No error' Native error='',
8/3/2026 7:48:04 PM,Order,Order='7d4abd3bb9db483ab756114ac566282e/Sim101' Name='PTT-QX-T2' New state='Rejected' Instrument='MES SEP26' Action='Sell' Limit price=7644.5 Stop price=0 Quantity=5 Type='Limit' Time in force=GTC Oco='PTT-QX-00001' Filled=0 Fill price=0 Error='Unable to submit order' Native error='Order '7d4abd3bb9db483ab756114ac566282e' can't be submitted: The OCO ID ‘PTT-QX-00001’ cannot be reused. Please use a new OCO ID.',
8/3/2026 7:48:04 PM,Order,Sim101 Order '7d4abd3bb9db483ab756114ac566282e' can't be submitted: The OCO ID ‘PTT-QX-00001’ cannot be reused. Please use a new OCO ID. affected Order: Sell 5 Limit @ 7644.5,
8/3/2026 7:48:04 PM,Order,Order='3d0be3421a364b4f9cc2a86aa2c54d07/Sim101' Name='PTT-QX-T1' New state='Rejected' Instrument='MES SEP26' Action='Sell' Limit price=7643.5 Stop price=0 Quantity=5 Type='Limit' Time in force=GTC Oco='PTT-QX-00001' Filled=0 Fill price=0 Error='Unable to submit order' Native error='Order '3d0be3421a364b4f9cc2a86aa2c54d07' can't be submitted: The OCO ID ‘PTT-QX-00001’ cannot be reused. Please use a new OCO ID.',
8/3/2026 7:48:04 PM,Order,Sim101 Order '3d0be3421a364b4f9cc2a86aa2c54d07' can't be submitted: The OCO ID ‘PTT-QX-00001’ cannot be reused. Please use a new OCO ID. affected Order: Sell 5 Limit @ 7643.5,
8/3/2026 7:48:04 PM,Order,Sim101 Order '0f723f20e8994b2c8b706933f29b5155' can't be submitted: The OCO ID ‘PTT-QX-00001’ cannot be reused. Please use a new OCO ID. affected Order: Sell 10 StopMarket @ 7638.5,
8/3/2026 7:48:04 PM,Order,Order='0f723f20e8994b2c8b706933f29b5155/Sim101' Name='PTT-QX-Stop' New state='Rejected' Instrument='MES SEP26' Action='Sell' Limit price=0 Stop price=7638.5 Quantity=10 Type='Stop Market' Time in force=GTC Oco='PTT-QX-00001' Filled=0 Fill price=0 Error='Unable to submit order' Native error='Order '0f723f20e8994b2c8b706933f29b5155' can't be submitted: The OCO ID ‘PTT-QX-00001’ cannot be reused. Please use a new OCO ID.',
8/3/2026 7:48:04 PM,Order,Order='191c3c4cc6b144b6869774aac3dd17e6/Sim101' Name='Stop1' New state='Cancel submitted' Instrument='MES SEP26' Action='Sell' Limit price=0 Stop price=7638.5 Quantity=10 Type='Stop Market' Time in force=GTC Oco='d135982f01214506a354eb9d98751ecd' Filled=0 Fill price=0 Error='No error' Native error='',
8/3/2026 7:48:04 PM,Order,Order='3b7920d2b7b945ca8627f7b49869e61a/Sim101' Name='Target1' New state='Cancel submitted' Instrument='MES SEP26' Action='Sell' Limit price=7644.5 Stop price=0 Quantity=10 Type='Limit' Time in force=GTC Oco='d135982f01214506a354eb9d98751ecd' Filled=0 Fill price=0 Error='No error' Native error='',
8/3/2026 7:48:01 PM,Order,Order='184c6367975f423bb6532eeec590bb04/Sim102' Name='Stop1' New state='Accepted' Instrument='MES SEP26' Action='Sell' Limit price=0 Stop price=7638.5 Quantity=10 Type='Stop Market' Time in force=GTC Oco='f4a0ef8dfbc6495e87d854597bc4165a' Filled=0 Fill price=0 Error='No error' Native error='',
8/3/2026 7:48:01 PM,Order,Order='d4d91e4f806f4f3297fbb99a4016369c/Sim102' Name='Target1' New state='Accepted' Instrument='MES SEP26' Action='Sell' Limit price=7644.5 Stop price=0 Quantity=10 Type='Limit' Time in force=GTC Oco='f4a0ef8dfbc6495e87d854597bc4165a' Filled=0 Fill price=0 Error='No error' Native error='',
8/3/2026 7:48:01 PM,Order,Order='d4d91e4f806f4f3297fbb99a4016369c/Sim102' Name='Target1' New state='Working' Instrument='MES SEP26' Action='Sell' Limit price=7644.5 Stop price=0 Quantity=10 Type='Limit' Time in force=GTC Oco='f4a0ef8dfbc6495e87d854597bc4165a' Filled=0 Fill price=0 Error='No error' Native error='',
8/3/2026 7:48:01 PM,Order,Order='d4d91e4f806f4f3297fbb99a4016369c/Sim102' Name='Target1' New state='Submitted' Instrument='MES SEP26' Action='Sell' Limit price=7644.5 Stop price=0 Quantity=10 Type='Limit' Time in force=GTC Oco='f4a0ef8dfbc6495e87d854597bc4165a' Filled=0 Fill price=0 Error='No error' Native error='',
8/3/2026 7:48:01 PM,Order,Order='184c6367975f423bb6532eeec590bb04/Sim102' Name='Stop1' New state='Submitted' Instrument='MES SEP26' Action='Sell' Limit price=0 Stop price=7638.5 Quantity=10 Type='Stop Market' Time in force=GTC Oco='f4a0ef8dfbc6495e87d854597bc4165a' Filled=0 Fill price=0 Error='No error' Native error='',
8/3/2026 7:48:01 PM,Execution,Execution='68fc80ddd3034a74b0885325b4a1ab06' Instrument='MES SEP26' Account='Sim102' Exchange=Default Price=7642.5 Quantity=10 Market position=Long Operation=Operation_Add Order='7a676ab5c61c4cb5bcc07536072a4d09' Time='8/3/2026 7:48 PM',
8/3/2026 7:48:01 PM,Position,Instrument='MES SEP26' Account='Sim102' Average price=7642.5 Quantity=10 Market position=Long Operation=Operation_Add,
8/3/2026 7:48:01 PM,Order,Order='7a676ab5c61c4cb5bcc07536072a4d09/Sim102' Name='Entry' New state='Filled' Instrument='MES SEP26' Action='Buy' Limit price=0 Stop price=0 Quantity=10 Type='Market' Time in force=GTC Oco='' Filled=10 Fill price=7642.5 Error='No error' Native error='',
8/3/2026 7:48:01 PM,Order,Order='7a676ab5c61c4cb5bcc07536072a4d09/Sim102' Name='Entry' New state='Accepted' Instrument='MES SEP26' Action='Buy' Limit price=0 Stop price=0 Quantity=10 Type='Market' Time in force=GTC Oco='' Filled=0 Fill price=0 Error='No error' Native error='',
8/3/2026 7:48:01 PM,Order,Order='7a676ab5c61c4cb5bcc07536072a4d09/Sim102' Name='Entry' New state='Working' Instrument='MES SEP26' Action='Buy' Limit price=0 Stop price=0 Quantity=10 Type='Market' Time in force=GTC Oco='' Filled=0 Fill price=0 Error='No error' Native error='',
8/3/2026 7:48:01 PM,Order,Order='7a676ab5c61c4cb5bcc07536072a4d09/Sim102' Name='Entry' New state='Submitted' Instrument='MES SEP26' Action='Buy' Limit price=0 Stop price=0 Quantity=10 Type='Market' Time in force=GTC Oco='' Filled=0 Fill price=0 Error='No error' Native error='',
8/3/2026 7:48:01 PM,Order,Static SuperDOM submitting order with strategy 'MES $200 SL4 - 2' (Ticks),
8/3/2026 7:48:01 PM,Order,Order='3b7920d2b7b945ca8627f7b49869e61a/Sim101' Name='Target1' New state='Working' Instrument='MES SEP26' Action='Sell' Limit price=7644.5 Stop price=0 Quantity=10 Type='Limit' Time in force=GTC Oco='d135982f01214506a354eb9d98751ecd' Filled=0 Fill price=0 Error='No error' Native error='',
8/3/2026 7:48:01 PM,Order,Order='3b7920d2b7b945ca8627f7b49869e61a/Sim101' Name='Target1' New state='Accepted' Instrument='MES SEP26' Action='Sell' Limit price=7644.5 Stop price=0 Quantity=10 Type='Limit' Time in force=GTC Oco='d135982f01214506a354eb9d98751ecd' Filled=0 Fill price=0 Error='No error' Native error='',
8/3/2026 7:48:01 PM,Order,Order='191c3c4cc6b144b6869774aac3dd17e6/Sim101' Name='Stop1' New state='Accepted' Instrument='MES SEP26' Action='Sell' Limit price=0 Stop price=7638.5 Quantity=10 Type='Stop Market' Time in force=GTC Oco='d135982f01214506a354eb9d98751ecd' Filled=0 Fill price=0 Error='No error' Native error='',
8/3/2026 7:48:01 PM,Order,Order='3b7920d2b7b945ca8627f7b49869e61a/Sim101' Name='Target1' New state='Submitted' Instrument='MES SEP26' Action='Sell' Limit price=7644.5 Stop price=0 Quantity=10 Type='Limit' Time in force=GTC Oco='d135982f01214506a354eb9d98751ecd' Filled=0 Fill price=0 Error='No error' Native error='',
8/3/2026 7:48:00 PM,Order,Order='191c3c4cc6b144b6869774aac3dd17e6/Sim101' Name='Stop1' New state='Submitted' Instrument='MES SEP26' Action='Sell' Limit price=0 Stop price=7638.5 Quantity=10 Type='Stop Market' Time in force=GTC Oco='d135982f01214506a354eb9d98751ecd' Filled=0 Fill price=0 Error='No error' Native error='',
8/3/2026 7:48:00 PM,Position,Instrument='MES SEP26' Account='Sim101' Average price=7642.5 Quantity=10 Market position=Long Operation=Operation_Add,
8/3/2026 7:48:00 PM,Execution,Execution='b0014325458c4d42b882b8d70c993a44' Instrument='MES SEP26' Account='Sim101' Exchange=Default Price=7642.5 Quantity=10 Market position=Long Operation=Operation_Add Order='4ddbfe4cde1a485bbbe09f175b22570e' Time='8/3/2026 7:48 PM',
8/3/2026 7:48:00 PM,Order,Order='4ddbfe4cde1a485bbbe09f175b22570e/Sim101' Name='Entry' New state='Filled' Instrument='MES SEP26' Action='Buy' Limit price=0 Stop price=0 Quantity=10 Type='Market' Time in force=GTC Oco='' Filled=10 Fill price=7642.5 Error='No error' Native error='',
8/3/2026 7:48:00 PM,Order,Order='4ddbfe4cde1a485bbbe09f175b22570e/Sim101' Name='Entry' New state='Working' Instrument='MES SEP26' Action='Buy' Limit price=0 Stop price=0 Quantity=10 Type='Market' Time in force=GTC Oco='' Filled=0 Fill price=0 Error='No error' Native error='',
8/3/2026 7:48:00 PM,Order,Order='4ddbfe4cde1a485bbbe09f175b22570e/Sim101' Name='Entry' New state='Accepted' Instrument='MES SEP26' Action='Buy' Limit price=0 Stop price=0 Quantity=10 Type='Market' Time in force=GTC Oco='' Filled=0 Fill price=0 Error='No error' Native error='',
8/3/2026 7:48:00 PM,Order,Order='4ddbfe4cde1a485bbbe09f175b22570e/Sim101' Name='Entry' New state='Submitted' Instrument='MES SEP26' Action='Buy' Limit price=0 Stop price=0 Quantity=10 Type='Market' Time in force=GTC Oco='' Filled=0 Fill price=0 Error='No error' Native error='',
8/3/2026 7:48:00 PM,Order,Static SuperDOM submitting order with strategy 'MES $200 SL4 - 1' (Ticks),
8/3/2026 7:47:55 PM,Position,Instrument='MES SEP26' Account='Sim101' Average price=0 Quantity=0 Market position=Flat Operation=Remove,
8/3/2026 7:47:55 PM,Execution,Execution='49cd9483288244ee9567a666b2465b1b' Instrument='MES SEP26' Account='Sim101' Exchange=Default Price=7642.25 Quantity=10 Market position=Short Operation=Operation_Add Order='ea5535705f9c4564a6eca411f4237676' Time='8/3/2026 7:47 PM',
8/3/2026 7:47:55 PM,Order,Order='ea5535705f9c4564a6eca411f4237676/Sim101' Name='Close' New state='Filled' Instrument='MES SEP26' Action='Sell' Limit price=0 Stop price=0 Quantity=10 Type='Market' Time in force=DAY Oco='' Filled=10 Fill price=7642.25 Error='No error' Native error='',
8/3/2026 7:47:55 PM,Order,Order='ea5535705f9c4564a6eca411f4237676/Sim101' Name='Close' New state='Accepted' Instrument='MES SEP26' Action='Sell' Limit price=0 Stop price=0 Quantity=10 Type='Market' Time in force=DAY Oco='' Filled=0 Fill price=0 Error='No error' Native error='',
8/3/2026 7:47:55 PM,Order,Order='ea5535705f9c4564a6eca411f4237676/Sim101' Name='Close' New state='Working' Instrument='MES SEP26' Action='Sell' Limit price=0 Stop price=0 Quantity=10 Type='Market' Time in force=DAY Oco='' Filled=0 Fill price=0 Error='No error' Native error='',
8/3/2026 7:47:55 PM,Order,Order='ea5535705f9c4564a6eca411f4237676/Sim101' Name='Close' New state='Submitted' Instrument='MES SEP26' Action='Sell' Limit price=0 Stop price=0 Quantity=10 Type='Market' Time in force=DAY Oco='' Filled=0 Fill price=0 Error='No error' Native error='',
8/3/2026 7:47:55 PM,Order,Order='88bde5fb853e4955bcdf9bc39374d352/Sim101' Name='PTT-QX-T1' New state='Cancelled' Instrument='MES SEP26' Action='Sell' Limit price=7643 Stop price=0 Quantity=5 Type='Limit' Time in force=GTC Oco='PTT-QX-00001' Filled=0 Fill price=0 Error='No error' Native error='',
8/3/2026 7:47:55 PM,Order,Order='8e29726e69944c44b56cb880bd6901af/Sim101' Name='PTT-QX-Stop' New state='Cancelled' Instrument='MES SEP26' Action='Sell' Limit price=0 Stop price=7638 Quantity=10 Type='Stop Market' Time in force=GTC Oco='PTT-QX-00001' Filled=0 Fill price=0 Error='No error' Native error='',
8/3/2026 7:47:55 PM,Order,Order='f22be43725254b9f9ec7f1fa9386192c/Sim101' Name='PTT-QX-T2' New state='Cancelled' Instrument='MES SEP26' Action='Sell' Limit price=7644 Stop price=0 Quantity=5 Type='Limit' Time in force=GTC Oco='PTT-QX-00001' Filled=0 Fill price=0 Error='No error' Native error='',
8/3/2026 7:47:54 PM,Order,Order='8e29726e69944c44b56cb880bd6901af/Sim101' Name='PTT-QX-Stop' New state='Cancel submitted' Instrument='MES SEP26' Action='Sell' Limit price=0 Stop price=7638 Quantity=10 Type='Stop Market' Time in force=GTC Oco='PTT-QX-00001' Filled=0 Fill price=0 Error='No error' Native error='',
8/3/2026 7:47:54 PM,Order,Order='88bde5fb853e4955bcdf9bc39374d352/Sim101' Name='PTT-QX-T1' New state='Cancel submitted' Instrument='MES SEP26' Action='Sell' Limit price=7643 Stop price=0 Quantity=5 Type='Limit' Time in force=GTC Oco='PTT-QX-00001' Filled=0 Fill price=0 Error='No error' Native error='',
8/3/2026 7:47:54 PM,Order,Order='f22be43725254b9f9ec7f1fa9386192c/Sim101' Name='PTT-QX-T2' New state='Cancel submitted' Instrument='MES SEP26' Action='Sell' Limit price=7644 Stop price=0 Quantity=5 Type='Limit' Time in force=GTC Oco='PTT-QX-00001' Filled=0 Fill price=0 Error='No error' Native error='',
8/3/2026 7:47:54 PM,Default,Chart Trader close position,
8/3/2026 7:47:45 PM,Order,Order='f22be43725254b9f9ec7f1fa9386192c/Sim101' Name='PTT-QX-T2' New state='Accepted' Instrument='MES SEP26' Action='Sell' Limit price=7644 Stop price=0 Quantity=5 Type='Limit' Time in force=GTC Oco='PTT-QX-00001' Filled=0 Fill price=0 Error='No error' Native error='',
8/3/2026 7:47:45 PM,Order,Order='f22be43725254b9f9ec7f1fa9386192c/Sim101' Name='PTT-QX-T2' New state='Working' Instrument='MES SEP26' Action='Sell' Limit price=7644 Stop price=0 Quantity=5 Type='Limit' Time in force=GTC Oco='PTT-QX-00001' Filled=0 Fill price=0 Error='No error' Native error='',
8/3/2026 7:47:45 PM,Order,Order='46e1dd7c9b3349f6964d7a9a6ba0db1d/Sim101' Name='Stop1' New state='Cancelled' Instrument='MES SEP26' Action='Sell' Limit price=0 Stop price=7638 Quantity=10 Type='Stop Market' Time in force=GTC Oco='4b3de949d32248518a6e0ebfda83103c' Filled=0 Fill price=0 Error='No error' Native error='',
8/3/2026 7:47:45 PM,Order,Order='ead00ef072f14f1ba6ac05e9a31b9c09/Sim101' Name='Target1' New state='Cancelled' Instrument='MES SEP26' Action='Sell' Limit price=7644 Stop price=0 Quantity=10 Type='Limit' Time in force=GTC Oco='4b3de949d32248518a6e0ebfda83103c' Filled=0 Fill price=0 Error='No error' Native error='',
8/3/2026 7:47:45 PM,Order,Order='88bde5fb853e4955bcdf9bc39374d352/Sim101' Name='PTT-QX-T1' New state='Accepted' Instrument='MES SEP26' Action='Sell' Limit price=7643 Stop price=0 Quantity=5 Type='Limit' Time in force=GTC Oco='PTT-QX-00001' Filled=0 Fill price=0 Error='No error' Native error='',
8/3/2026 7:47:45 PM,Order,Order='88bde5fb853e4955bcdf9bc39374d352/Sim101' Name='PTT-QX-T1' New state='Working' Instrument='MES SEP26' Action='Sell' Limit price=7643 Stop price=0 Quantity=5 Type='Limit' Time in force=GTC Oco='PTT-QX-00001' Filled=0 Fill price=0 Error='No error' Native error='',
8/3/2026 7:47:45 PM,Order,Order='8e29726e69944c44b56cb880bd6901af/Sim101' Name='PTT-QX-Stop' New state='Accepted' Instrument='MES SEP26' Action='Sell' Limit price=0 Stop price=7638 Quantity=10 Type='Stop Market' Time in force=GTC Oco='PTT-QX-00001' Filled=0 Fill price=0 Error='No error' Native error='',
8/3/2026 7:47:45 PM,Order,Order='f22be43725254b9f9ec7f1fa9386192c/Sim101' Name='PTT-QX-T2' New state='Submitted' Instrument='MES SEP26' Action='Sell' Limit price=7644 Stop price=0 Quantity=5 Type='Limit' Time in force=GTC Oco='PTT-QX-00001' Filled=0 Fill price=0 Error='No error' Native error='',
8/3/2026 7:47:45 PM,Order,Order='88bde5fb853e4955bcdf9bc39374d352/Sim101' Name='PTT-QX-T1' New state='Submitted' Instrument='MES SEP26' Action='Sell' Limit price=7643 Stop price=0 Quantity=5 Type='Limit' Time in force=GTC Oco='PTT-QX-00001' Filled=0 Fill price=0 Error='No error' Native error='',
8/3/2026 7:47:45 PM,Order,Order='8e29726e69944c44b56cb880bd6901af/Sim101' Name='PTT-QX-Stop' New state='Submitted' Instrument='MES SEP26' Action='Sell' Limit price=0 Stop price=7638 Quantity=10 Type='Stop Market' Time in force=GTC Oco='PTT-QX-00001' Filled=0 Fill price=0 Error='No error' Native error='',
8/3/2026 7:47:45 PM,Order,Order='46e1dd7c9b3349f6964d7a9a6ba0db1d/Sim101' Name='Stop1' New state='Cancel submitted' Instrument='MES SEP26' Action='Sell' Limit price=0 Stop price=7638 Quantity=10 Type='Stop Market' Time in force=GTC Oco='4b3de949d32248518a6e0ebfda83103c' Filled=0 Fill price=0 Error='No error' Native error='',
8/3/2026 7:47:45 PM,Order,Order='ead00ef072f14f1ba6ac05e9a31b9c09/Sim101' Name='Target1' New state='Cancel submitted' Instrument='MES SEP26' Action='Sell' Limit price=7644 Stop price=0 Quantity=10 Type='Limit' Time in force=GTC Oco='4b3de949d32248518a6e0ebfda83103c' Filled=0 Fill price=0 Error='No error' Native error='',
8/3/2026 7:47:41 PM,Order,Order='ead00ef072f14f1ba6ac05e9a31b9c09/Sim101' Name='Target1' New state='Working' Instrument='MES SEP26' Action='Sell' Limit price=7644 Stop price=0 Quantity=10 Type='Limit' Time in force=GTC Oco='4b3de949d32248518a6e0ebfda83103c' Filled=0 Fill price=0 Error='No error' Native error='',
8/3/2026 7:47:41 PM,Order,Order='ead00ef072f14f1ba6ac05e9a31b9c09/Sim101' Name='Target1' New state='Accepted' Instrument='MES SEP26' Action='Sell' Limit price=7644 Stop price=0 Quantity=10 Type='Limit' Time in force=GTC Oco='4b3de949d32248518a6e0ebfda83103c' Filled=0 Fill price=0 Error='No error' Native error='',
8/3/2026 7:47:41 PM,Order,Order='46e1dd7c9b3349f6964d7a9a6ba0db1d/Sim101' Name='Stop1' New state='Accepted' Instrument='MES SEP26' Action='Sell' Limit price=0 Stop price=7638 Quantity=10 Type='Stop Market' Time in force=GTC Oco='4b3de949d32248518a6e0ebfda83103c' Filled=0 Fill price=0 Error='No error' Native error='',
8/3/2026 7:47:41 PM,Order,Order='ead00ef072f14f1ba6ac05e9a31b9c09/Sim101' Name='Target1' New state='Submitted' Instrument='MES SEP26' Action='Sell' Limit price=7644 Stop price=0 Quantity=10 Type='Limit' Time in force=GTC Oco='4b3de949d32248518a6e0ebfda83103c' Filled=0 Fill price=0 Error='No error' Native error='',
8/3/2026 7:47:41 PM,Position,Instrument='MES SEP26' Account='Sim101' Average price=7642 Quantity=10 Market position=Long Operation=Operation_Add,
8/3/2026 7:47:41 PM,Order,Order='46e1dd7c9b3349f6964d7a9a6ba0db1d/Sim101' Name='Stop1' New state='Submitted' Instrument='MES SEP26' Action='Sell' Limit price=0 Stop price=7638 Quantity=10 Type='Stop Market' Time in force=GTC Oco='4b3de949d32248518a6e0ebfda83103c' Filled=0 Fill price=0 Error='No error' Native error='',
8/3/2026 7:47:41 PM,Execution,Execution='b4f6e62a69484c5faf9eac345e86467d' Instrument='MES SEP26' Account='Sim101' Exchange=Default Price=7642 Quantity=10 Market position=Long Operation=Operation_Add Order='0cccc95e94c844069fb442e66c63e198' Time='8/3/2026 7:47 PM',
8/3/2026 7:47:41 PM,Order,Order='0cccc95e94c844069fb442e66c63e198/Sim101' Name='Entry' New state='Filled' Instrument='MES SEP26' Action='Buy' Limit price=0 Stop price=0 Quantity=10 Type='Market' Time in force=GTC Oco='' Filled=10 Fill price=7642 Error='No error' Native error='',
8/3/2026 7:47:41 PM,Order,Order='0cccc95e94c844069fb442e66c63e198/Sim101' Name='Entry' New state='Accepted' Instrument='MES SEP26' Action='Buy' Limit price=0 Stop price=0 Quantity=10 Type='Market' Time in force=GTC Oco='' Filled=0 Fill price=0 Error='No error' Native error='',
8/3/2026 7:47:41 PM,Order,Order='0cccc95e94c844069fb442e66c63e198/Sim101' Name='Entry' New state='Working' Instrument='MES SEP26' Action='Buy' Limit price=0 Stop price=0 Quantity=10 Type='Market' Time in force=GTC Oco='' Filled=0 Fill price=0 Error='No error' Native error='',
8/3/2026 7:47:41 PM,Order,Order='0cccc95e94c844069fb442e66c63e198/Sim101' Name='Entry' New state='Submitted' Instrument='MES SEP26' Action='Buy' Limit price=0 Stop price=0 Quantity=10 Type='Market' Time in force=GTC Oco='' Filled=0 Fill price=0 Error='No error' Native error='',
8/3/2026 7:47:41 PM,Order,Chart Trader submitting order with strategy 'MES $200 SL4 - 1' (Ticks),
8/3/2026 7:36:51 PM,Connection,Using HDS (hds-us-nt-015.ninjatrader.com/31655),
8/3/2026 7:36:51 PM,Connection,Time to auto close position='12:00:00 AM' Enabled=False,
8/3/2026 7:36:45 PM,Connection,Market data failed for 'MGC DEC26': 'get_order_book error : 13',
8/3/2026 7:36:45 PM,Connection,Market data failed for 'MES SEP26': 'get_order_book error : 13',
8/3/2026 7:36:42 PM,Connection,My Rithmic for NinjaTrader Brokerage: Primary connection=Connected Price feed=Connected,
8/3/2026 7:36:27 PM,Default,Restoring workspace 'SuperDOM 3'...,
8/3/2026 7:36:25 PM,Default,Auto close enabled=False,
8/3/2026 7:36:25 PM,Order,Order entry hot keys disabled,
8/3/2026 7:36:24 PM,Connection,My Rithmic for NinjaTrader Brokerage: Primary connection=Connecting Price feed=Connecting,
8/3/2026 7:36:24 PM,Default,Auto connecting 'My Rithmic for NinjaTrader Brokerage'...,
8/3/2026 7:36:24 PM,Default,Automated trading disabled,
8/3/2026 7:36:24 PM,Connection,Using IS (is-us-nt-005.ninjatrader.com/31658),
8/3/2026 7:36:24 PM,Default,Telemetry configuration updated to version 1003 (previous version 0).,
8/3/2026 7:36:17 PM,Default,Global simulation mode disabled,
8/3/2026 7:35:57 PM,Default,Session Break (Version 8.1.8.1),
8/3/2026 5:49:00 PM,Connection,My Rithmic for NinjaTrader Brokerage: Primary connection=Disconnected Price feed=Disconnected,
8/3/2026 5:48:59 PM,Connection,My Rithmic for NinjaTrader Brokerage: Primary connection=Disconnecting Price feed=Disconnecting,
8/3/2026 5:48:53 PM,Default,Workspace SuperDOM 3 not saved,
8/3/2026 4:42:42 PM,Order,Order='61f104d5a450499a8f1348cb686666dc/Sim101' Name='PTT-BE-Target-1' New state='Cancelled' Instrument='MES SEP26' Action='Sell' Limit price=7635.25 Stop price=0 Quantity=10 Type='Limit' Time in force=GTC Oco='PTT-BE-Sim1-00004-0' Filled=0 Fill price=0 Error='No error' Native error='',
8/3/2026 4:42:42 PM,Position,Instrument='MES SEP26' Account='Sim101' Average price=0 Quantity=0 Market position=Flat Operation=Remove,
8/3/2026 4:42:42 PM,Order,Order='40e3c69af46440fa9db5a214dd8c727a/Sim102' Name='PTT-BE-Target-1' New state='Cancelled' Instrument='MES SEP26' Action='Sell' Limit price=7635.25 Stop price=0 Quantity=10 Type='Limit' Time in force=GTC Oco='PTT-BE-Sim1-00003-0' Filled=0 Fill price=0 Error='No error' Native error='',
8/3/2026 4:42:42 PM,Order,Order='61f104d5a450499a8f1348cb686666dc/Sim101' Name='PTT-BE-Target-1' New state='Cancel submitted' Instrument='MES SEP26' Action='Sell' Limit price=7635.25 Stop price=0 Quantity=10 Type='Limit' Time in force=GTC Oco='PTT-BE-Sim1-00004-0' Filled=0 Fill price=0 Error='No error' Native error='',
8/3/2026 4:42:42 PM,Execution,Execution='76058d92e3ef45059594da2ec7988864' Instrument='MES SEP26' Account='Sim101' Exchange=Default Price=7633.25 Quantity=10 Market position=Short Operation=Operation_Add Order='ecfcfe8014714f0aaee3518558d1d179' Time='8/3/2026 4:42 PM',
8/3/2026 4:42:42 PM,Order,Order='ecfcfe8014714f0aaee3518558d1d179/Sim101' Name='PTT-BE-Stop-1' New state='Filled' Instrument='MES SEP26' Action='Sell' Limit price=0 Stop price=7633.25 Quantity=10 Type='Stop Market' Time in force=GTC Oco='PTT-BE-Sim1-00004-0' Filled=10 Fill price=7633.25 Error='No error' Native error='',
8/3/2026 4:42:42 PM,Position,Instrument='MES SEP26' Account='Sim102' Average price=0 Quantity=0 Market position=Flat Operation=Remove,
8/3/2026 4:42:42 PM,Execution,Execution='07b2d847fc364f1f8a20d4cbdc6f1859' Instrument='MES SEP26' Account='Sim102' Exchange=Default Price=7633.25 Quantity=10 Market position=Short Operation=Operation_Add Order='cdc7890d68b54d1f8c1cac0ec854d025' Time='8/3/2026 4:42 PM',
8/3/2026 4:42:42 PM,Order,Order='40e3c69af46440fa9db5a214dd8c727a/Sim102' Name='PTT-BE-Target-1' New state='Cancel submitted' Instrument='MES SEP26' Action='Sell' Limit price=7635.25 Stop price=0 Quantity=10 Type='Limit' Time in force=GTC Oco='PTT-BE-Sim1-00003-0' Filled=0 Fill price=0 Error='No error' Native error='',
8/3/2026 4:42:42 PM,Order,Order='cdc7890d68b54d1f8c1cac0ec854d025/Sim102' Name='PTT-BE-Stop-1' New state='Filled' Instrument='MES SEP26' Action='Sell' Limit price=0 Stop price=7633.25 Quantity=10 Type='Stop Market' Time in force=GTC Oco='PTT-BE-Sim1-00003-0' Filled=10 Fill price=7633.25 Error='No error' Native error='',
8/3/2026 4:42:42 PM,Order,Order='cdc7890d68b54d1f8c1cac0ec854d025/Sim102' Name='PTT-BE-Stop-1' New state='Working' Instrument='MES SEP26' Action='Sell' Limit price=0 Stop price=7633.25 Quantity=10 Type='Stop Market' Time in force=GTC Oco='PTT-BE-Sim1-00003-0' Filled=0 Fill price=0 Error='No error' Native error='',
8/3/2026 4:42:42 PM,Order,Order='ecfcfe8014714f0aaee3518558d1d179/Sim101' Name='PTT-BE-Stop-1' New state='Working' Instrument='MES SEP26' Action='Sell' Limit price=0 Stop price=7633.25 Quantity=10 Type='Stop Market' Time in force=GTC Oco='PTT-BE-Sim1-00004-0' Filled=0 Fill price=0 Error='No error' Native error='',
8/3/2026 4:42:26 PM,Order,Order='40e3c69af46440fa9db5a214dd8c727a/Sim102' Name='PTT-BE-Target-1' New state='Working' Instrument='MES SEP26' Action='Sell' Limit price=7635.25 Stop price=0 Quantity=10 Type='Limit' Time in force=GTC Oco='PTT-BE-Sim1-00003-0' Filled=0 Fill price=0 Error='No error' Native error='',
8/3/2026 4:42:26 PM,Order,Order='61f104d5a450499a8f1348cb686666dc/Sim101' Name='PTT-BE-Target-1' New state='Accepted' Instrument='MES SEP26' Action='Sell' Limit price=7635.25 Stop price=0 Quantity=10 Type='Limit' Time in force=GTC Oco='PTT-BE-Sim1-00004-0' Filled=0 Fill price=0 Error='No error' Native error='',
8/3/2026 4:42:26 PM,Order,Order='40e3c69af46440fa9db5a214dd8c727a/Sim102' Name='PTT-BE-Target-1' New state='Accepted' Instrument='MES SEP26' Action='Sell' Limit price=7635.25 Stop price=0 Quantity=10 Type='Limit' Time in force=GTC Oco='PTT-BE-Sim1-00003-0' Filled=0 Fill price=0 Error='No error' Native error='',
8/3/2026 4:42:26 PM,Order,Order='61f104d5a450499a8f1348cb686666dc/Sim101' Name='PTT-BE-Target-1' New state='Working' Instrument='MES SEP26' Action='Sell' Limit price=7635.25 Stop price=0 Quantity=10 Type='Limit' Time in force=GTC Oco='PTT-BE-Sim1-00004-0' Filled=0 Fill price=0 Error='No error' Native error='',
8/3/2026 4:42:26 PM,Order,Order='cdc7890d68b54d1f8c1cac0ec854d025/Sim102' Name='PTT-BE-Stop-1' New state='Accepted' Instrument='MES SEP26' Action='Sell' Limit price=0 Stop price=7633.25 Quantity=10 Type='Stop Market' Time in force=GTC Oco='PTT-BE-Sim1-00003-0' Filled=0 Fill price=0 Error='No error' Native error='',
8/3/2026 4:42:26 PM,Order,Order='ecfcfe8014714f0aaee3518558d1d179/Sim101' Name='PTT-BE-Stop-1' New state='Accepted' Instrument='MES SEP26' Action='Sell' Limit price=0 Stop price=7633.25 Quantity=10 Type='Stop Market' Time in force=GTC Oco='PTT-BE-Sim1-00004-0' Filled=0 Fill price=0 Error='No error' Native error='',
8/3/2026 4:42:26 PM,Order,Order='cf01d98904754930ac3ef94f21ae3dea/Sim102' Name='Target1' New state='Cancelled' Instrument='MES SEP26' Action='Sell' Limit price=7635.25 Stop price=0 Quantity=10 Type='Limit' Time in force=GTC Oco='b61ea363be06443a98d0c92021d69fc6' Filled=0 Fill price=0 Error='No error' Native error='',
8/3/2026 4:42:26 PM,Order,Order='1500aee4f5f74b0886c1cfeee6061add/Sim101' Name='Target1' New state='Cancelled' Instrument='MES SEP26' Action='Sell' Limit price=7635.25 Stop price=0 Quantity=10 Type='Limit' Time in force=GTC Oco='5ca7fdf07e5b4451b88f399d08d4f914' Filled=0 Fill price=0 Error='No error' Native error='',
8/3/2026 4:42:26 PM,Order,Order='8c1ef7c1fb284b288dc7dcdd96358335/Sim101' Name='Stop1' New state='Cancelled' Instrument='MES SEP26' Action='Sell' Limit price=0 Stop price=7629.25 Quantity=10 Type='Stop Market' Time in force=GTC Oco='5ca7fdf07e5b4451b88f399d08d4f914' Filled=0 Fill price=0 Error='No error' Native error='',
8/3/2026 4:42:26 PM,Order,Order='7e967fdbf8b54e1b88fa3e656b7e8227/Sim102' Name='Stop1' New state='Cancelled' Instrument='MES SEP26' Action='Sell' Limit price=0 Stop price=7629.25 Quantity=10 Type='Stop Market' Time in force=GTC Oco='b61ea363be06443a98d0c92021d69fc6' Filled=0 Fill price=0 Error='No error' Native error='',
8/3/2026 4:42:26 PM,Order,Order='61f104d5a450499a8f1348cb686666dc/Sim101' Name='PTT-BE-Target-1' New state='Submitted' Instrument='MES SEP26' Action='Sell' Limit price=7635.25 Stop price=0 Quantity=10 Type='Limit' Time in force=GTC Oco='PTT-BE-Sim1-00004-0' Filled=0 Fill price=0 Error='No error' Native error='',
8/3/2026 4:42:26 PM,Order,Order='40e3c69af46440fa9db5a214dd8c727a/Sim102' Name='PTT-BE-Target-1' New state='Submitted' Instrument='MES SEP26' Action='Sell' Limit price=7635.25 Stop price=0 Quantity=10 Type='Limit' Time in force=GTC Oco='PTT-BE-Sim1-00003-0' Filled=0 Fill price=0 Error='No error' Native error='',
8/3/2026 4:42:26 PM,Order,Order='cdc7890d68b54d1f8c1cac0ec854d025/Sim102' Name='PTT-BE-Stop-1' New state='Submitted' Instrument='MES SEP26' Action='Sell' Limit price=0 Stop price=7633.25 Quantity=10 Type='Stop Market' Time in force=GTC Oco='PTT-BE-Sim1-00003-0' Filled=0 Fill price=0 Error='No error' Native error='',
8/3/2026 4:42:26 PM,Order,Order='ecfcfe8014714f0aaee3518558d1d179/Sim101' Name='PTT-BE-Stop-1' New state='Submitted' Instrument='MES SEP26' Action='Sell' Limit price=0 Stop price=7633.25 Quantity=10 Type='Stop Market' Time in force=GTC Oco='PTT-BE-Sim1-00004-0' Filled=0 Fill price=0 Error='No error' Native error='',
8/3/2026 4:42:25 PM,Order,Order='1500aee4f5f74b0886c1cfeee6061add/Sim101' Name='Target1' New state='Cancel submitted' Instrument='MES SEP26' Action='Sell' Limit price=7635.25 Stop price=0 Quantity=10 Type='Limit' Time in force=GTC Oco='5ca7fdf07e5b4451b88f399d08d4f914' Filled=0 Fill price=0 Error='No error' Native error='',
8/3/2026 4:42:25 PM,Order,Order='8c1ef7c1fb284b288dc7dcdd96358335/Sim101' Name='Stop1' New state='Cancel submitted' Instrument='MES SEP26' Action='Sell' Limit price=0 Stop price=7629.25 Quantity=10 Type='Stop Market' Time in force=GTC Oco='5ca7fdf07e5b4451b88f399d08d4f914' Filled=0 Fill price=0 Error='No error' Native error='',
8/3/2026 4:42:25 PM,Order,Order='cf01d98904754930ac3ef94f21ae3dea/Sim102' Name='Target1' New state='Cancel submitted' Instrument='MES SEP26' Action='Sell' Limit price=7635.25 Stop price=0 Quantity=10 Type='Limit' Time in force=GTC Oco='b61ea363be06443a98d0c92021d69fc6' Filled=0 Fill price=0 Error='No error' Native error='',
8/3/2026 4:42:25 PM,Order,Order='7e967fdbf8b54e1b88fa3e656b7e8227/Sim102' Name='Stop1' New state='Cancel submitted' Instrument='MES SEP26' Action='Sell' Limit price=0 Stop price=7629.25 Quantity=10 Type='Stop Market' Time in force=GTC Oco='b61ea363be06443a98d0c92021d69fc6' Filled=0 Fill price=0 Error='No error' Native error='',
8/3/2026 4:39:39 PM,Order,Order='cf01d98904754930ac3ef94f21ae3dea/Sim102' Name='Target1' New state='Accepted' Instrument='MES SEP26' Action='Sell' Limit price=7635.25 Stop price=0 Quantity=10 Type='Limit' Time in force=GTC Oco='b61ea363be06443a98d0c92021d69fc6' Filled=0 Fill price=0 Error='No error' Native error='',
8/3/2026 4:39:39 PM,Order,Order='cf01d98904754930ac3ef94f21ae3dea/Sim102' Name='Target1' New state='Working' Instrument='MES SEP26' Action='Sell' Limit price=7635.25 Stop price=0 Quantity=10 Type='Limit' Time in force=GTC Oco='b61ea363be06443a98d0c92021d69fc6' Filled=0 Fill price=0 Error='No error' Native error='',
8/3/2026 4:39:39 PM,Order,Order='7e967fdbf8b54e1b88fa3e656b7e8227/Sim102' Name='Stop1' New state='Accepted' Instrument='MES SEP26' Action='Sell' Limit price=0 Stop price=7629.25 Quantity=10 Type='Stop Market' Time in force=GTC Oco='b61ea363be06443a98d0c92021d69fc6' Filled=0 Fill price=0 Error='No error' Native error='',
8/3/2026 4:39:39 PM,Order,Order='cf01d98904754930ac3ef94f21ae3dea/Sim102' Name='Target1' New state='Submitted' Instrument='MES SEP26' Action='Sell' Limit price=7635.25 Stop price=0 Quantity=10 Type='Limit' Time in force=GTC Oco='b61ea363be06443a98d0c92021d69fc6' Filled=0 Fill price=0 Error='No error' Native error='',
8/3/2026 4:39:39 PM,Order,Order='7e967fdbf8b54e1b88fa3e656b7e8227/Sim102' Name='Stop1' New state='Submitted' Instrument='MES SEP26' Action='Sell' Limit price=0 Stop price=7629.25 Quantity=10 Type='Stop Market' Time in force=GTC Oco='b61ea363be06443a98d0c92021d69fc6' Filled=0 Fill price=0 Error='No error' Native error='',
8/3/2026 4:39:39 PM,Execution,Execution='51f8cf088452484baabf36c7404600fe' Instrument='MES SEP26' Account='Sim102' Exchange=Default Price=7633.5 Quantity=1 Market position=Long Operation=Operation_Add Order='3e1ef49e26dc486d93f6b10f171f5e0f' Time='8/3/2026 4:39 PM',
8/3/2026 4:39:39 PM,Position,Instrument='MES SEP26' Account='Sim102' Average price=7633.275 Quantity=10 Market position=Long Operation=Update,
8/3/2026 4:39:39 PM,Order,Order='3e1ef49e26dc486d93f6b10f171f5e0f/Sim102' Name='Entry' New state='Filled' Instrument='MES SEP26' Action='Buy' Limit price=0 Stop price=0 Quantity=10 Type='Market' Time in force=GTC Oco='' Filled=10 Fill price=7633.275 Error='No error' Native error='',
8/3/2026 4:39:39 PM,Execution,Execution='98d48bdc7da84976a296eeb4ee51eeed' Instrument='MES SEP26' Account='Sim102' Exchange=Default Price=7633.25 Quantity=9 Market position=Long Operation=Operation_Add Order='3e1ef49e26dc486d93f6b10f171f5e0f' Time='8/3/2026 4:39 PM',
8/3/2026 4:39:39 PM,Position,Instrument='MES SEP26' Account='Sim102' Average price=7633.25 Quantity=9 Market position=Long Operation=Operation_Add,
8/3/2026 4:39:39 PM,Order,Order='3e1ef49e26dc486d93f6b10f171f5e0f/Sim102' Name='Entry' New state='Partially filled' Instrument='MES SEP26' Action='Buy' Limit price=0 Stop price=0 Quantity=10 Type='Market' Time in force=GTC Oco='' Filled=9 Fill price=7633.25 Error='No error' Native error='',
8/3/2026 4:39:39 PM,Order,Order='3e1ef49e26dc486d93f6b10f171f5e0f/Sim102' Name='Entry' New state='Accepted' Instrument='MES SEP26' Action='Buy' Limit price=0 Stop price=0 Quantity=10 Type='Market' Time in force=GTC Oco='' Filled=0 Fill price=0 Error='No error' Native error='',
8/3/2026 4:39:39 PM,Order,Order='3e1ef49e26dc486d93f6b10f171f5e0f/Sim102' Name='Entry' New state='Working' Instrument='MES SEP26' Action='Buy' Limit price=0 Stop price=0 Quantity=10 Type='Market' Time in force=GTC Oco='' Filled=0 Fill price=0 Error='No error' Native error='',
8/3/2026 4:39:39 PM,Order,Order='3e1ef49e26dc486d93f6b10f171f5e0f/Sim102' Name='Entry' New state='Submitted' Instrument='MES SEP26' Action='Buy' Limit price=0 Stop price=0 Quantity=10 Type='Market' Time in force=GTC Oco='' Filled=0 Fill price=0 Error='No error' Native error='',
8/3/2026 4:39:39 PM,Order,Static SuperDOM submitting order with strategy 'MES $200 SL4 - 2' (Ticks),
8/3/2026 4:39:39 PM,Order,Order='1500aee4f5f74b0886c1cfeee6061add/Sim101' Name='Target1' New state='Accepted' Instrument='MES SEP26' Action='Sell' Limit price=7635.25 Stop price=0 Quantity=10 Type='Limit' Time in force=GTC Oco='5ca7fdf07e5b4451b88f399d08d4f914' Filled=0 Fill price=0 Error='No error' Native error='',
8/3/2026 4:39:39 PM,Order,Order='1500aee4f5f74b0886c1cfeee6061add/Sim101' Name='Target1' New state='Working' Instrument='MES SEP26' Action='Sell' Limit price=7635.25 Stop price=0 Quantity=10 Type='Limit' Time in force=GTC Oco='5ca7fdf07e5b4451b88f399d08d4f914' Filled=0 Fill price=0 Error='No error' Native error='',
8/3/2026 4:39:39 PM,Order,Order='8c1ef7c1fb284b288dc7dcdd96358335/Sim101' Name='Stop1' New state='Accepted' Instrument='MES SEP26' Action='Sell' Limit price=0 Stop price=7629.25 Quantity=10 Type='Stop Market' Time in force=GTC Oco='5ca7fdf07e5b4451b88f399d08d4f914' Filled=0 Fill price=0 Error='No error' Native error='',
8/3/2026 4:39:38 PM,Order,Order='1500aee4f5f74b0886c1cfeee6061add/Sim101' Name='Target1' New state='Submitted' Instrument='MES SEP26' Action='Sell' Limit price=7635.25 Stop price=0 Quantity=10 Type='Limit' Time in force=GTC Oco='5ca7fdf07e5b4451b88f399d08d4f914' Filled=0 Fill price=0 Error='No error' Native error='',
8/3/2026 4:39:38 PM,Position,Instrument='MES SEP26' Account='Sim101' Average price=7633.275 Quantity=10 Market position=Long Operation=Update,
8/3/2026 4:39:38 PM,Order,Order='8c1ef7c1fb284b288dc7dcdd96358335/Sim101' Name='Stop1' New state='Submitted' Instrument='MES SEP26' Action='Sell' Limit price=0 Stop price=7629.25 Quantity=10 Type='Stop Market' Time in force=GTC Oco='5ca7fdf07e5b4451b88f399d08d4f914' Filled=0 Fill price=0 Error='No error' Native error='',
8/3/2026 4:39:38 PM,Execution,Execution='8d90d13b317e4a86a727cc3fb37ca049' Instrument='MES SEP26' Account='Sim101' Exchange=Default Price=7633.5 Quantity=1 Market position=Long Operation=Operation_Add Order='1cad5727c0b74c2a92502c92e34c33e0' Time='8/3/2026 4:39 PM',
8/3/2026 4:39:38 PM,Order,Order='1cad5727c0b74c2a92502c92e34c33e0/Sim101' Name='Entry' New state='Filled' Instrument='MES SEP26' Action='Buy' Limit price=0 Stop price=0 Quantity=10 Type='Market' Time in force=GTC Oco='' Filled=10 Fill price=7633.275 Error='No error' Native error='',
8/3/2026 4:39:38 PM,Position,Instrument='MES SEP26' Account='Sim101' Average price=7633.25 Quantity=9 Market position=Long Operation=Operation_Add,
8/3/2026 4:39:38 PM,Order,Order='1cad5727c0b74c2a92502c92e34c33e0/Sim101' Name='Entry' New state='Partially filled' Instrument='MES SEP26' Action='Buy' Limit price=0 Stop price=0 Quantity=10 Type='Market' Time in force=GTC Oco='' Filled=9 Fill price=7633.25 Error='No error' Native error='',
8/3/2026 4:39:38 PM,Execution,Execution='61d782f250964fc0aded3c24a66616d2' Instrument='MES SEP26' Account='Sim101' Exchange=Default Price=7633.25 Quantity=9 Market position=Long Operation=Operation_Add Order='1cad5727c0b74c2a92502c92e34c33e0' Time='8/3/2026 4:39 PM',
8/3/2026 4:39:38 PM,Order,Order='1cad5727c0b74c2a92502c92e34c33e0/Sim101' Name='Entry' New state='Accepted' Instrument='MES SEP26' Action='Buy' Limit price=0 Stop price=0 Quantity=10 Type='Market' Time in force=GTC Oco='' Filled=0 Fill price=0 Error='No error' Native error='',
8/3/2026 4:39:38 PM,Order,Order='1cad5727c0b74c2a92502c92e34c33e0/Sim101' Name='Entry' New state='Working' Instrument='MES SEP26' Action='Buy' Limit price=0 Stop price=0 Quantity=10 Type='Market' Time in force=GTC Oco='' Filled=0 Fill price=0 Error='No error' Native error='',
8/3/2026 4:39:38 PM,Order,Order='1cad5727c0b74c2a92502c92e34c33e0/Sim101' Name='Entry' New state='Submitted' Instrument='MES SEP26' Action='Buy' Limit price=0 Stop price=0 Quantity=10 Type='Market' Time in force=GTC Oco='' Filled=0 Fill price=0 Error='No error' Native error='',
8/3/2026 4:39:38 PM,Order,Static SuperDOM submitting order with strategy 'MES $200 SL4 - 1' (Ticks),
8/3/2026 4:39:33 PM,Position,Instrument='MES SEP26' Account='Sim101' Average price=0 Quantity=0 Market position=Flat Operation=Remove,
8/3/2026 4:39:33 PM,Execution,Execution='c5ef3062bc3f4679a8c4e4ee3c1e32df' Instrument='MES SEP26' Account='Sim101' Exchange=Default Price=7632.75 Quantity=8 Market position=Short Operation=Operation_Add Order='5aa0abade3d142d9a5611be3db420239' Time='8/3/2026 4:39 PM',
8/3/2026 4:39:33 PM,Order,Order='5aa0abade3d142d9a5611be3db420239/Sim101' Name='Close' New state='Filled' Instrument='MES SEP26' Action='Sell' Limit price=0 Stop price=0 Quantity=10 Type='Market' Time in force=DAY Oco='' Filled=10 Fill price=7632.8 Error='No error' Native error='',
8/3/2026 4:39:33 PM,Position,Instrument='MES SEP26' Account='Sim101' Average price=7635.25 Quantity=8 Market position=Long Operation=Update,
8/3/2026 4:39:33 PM,Execution,Execution='2c188d4697714793ac0a0a3af8c9e847' Instrument='MES SEP26' Account='Sim101' Exchange=Default Price=7633 Quantity=2 Market position=Short Operation=Operation_Add Order='5aa0abade3d142d9a5611be3db420239' Time='8/3/2026 4:39 PM',
8/3/2026 4:39:33 PM,Order,Order='5aa0abade3d142d9a5611be3db420239/Sim101' Name='Close' New state='Partially filled' Instrument='MES SEP26' Action='Sell' Limit price=0 Stop price=0 Quantity=10 Type='Market' Time in force=DAY Oco='' Filled=2 Fill price=7633 Error='No error' Native error='',
8/3/2026 4:39:33 PM,Order,Order='5aa0abade3d142d9a5611be3db420239/Sim101' Name='Close' New state='Accepted' Instrument='MES SEP26' Action='Sell' Limit price=0 Stop price=0 Quantity=10 Type='Market' Time in force=DAY Oco='' Filled=0 Fill price=0 Error='No error' Native error='',
8/3/2026 4:39:33 PM,Order,Order='5aa0abade3d142d9a5611be3db420239/Sim101' Name='Close' New state='Working' Instrument='MES SEP26' Action='Sell' Limit price=0 Stop price=0 Quantity=10 Type='Market' Time in force=DAY Oco='' Filled=0 Fill price=0 Error='No error' Native error='',
8/3/2026 4:39:33 PM,Order,Order='5aa0abade3d142d9a5611be3db420239/Sim101' Name='Close' New state='Submitted' Instrument='MES SEP26' Action='Sell' Limit price=0 Stop price=0 Quantity=10 Type='Market' Time in force=DAY Oco='' Filled=0 Fill price=0 Error='No error' Native error='',
8/3/2026 4:39:33 PM,Order,Order='bb8560ae461c45e9891d26446e781fbc/Sim101' Name='Stop1' New state='Cancelled' Instrument='MES SEP26' Action='Sell' Limit price=0 Stop price=7631.25 Quantity=10 Type='Stop Market' Time in force=GTC Oco='aa39ff0cfe6d46178ed3edf4e53116d5' Filled=0 Fill price=0 Error='No error' Native error='',
8/3/2026 4:39:33 PM,Order,Order='bbef39f2c7a14ae7817e8bc7862a4517/Sim101' Name='Target1' New state='Cancelled' Instrument='MES SEP26' Action='Sell' Limit price=7637.25 Stop price=0 Quantity=10 Type='Limit' Time in force=GTC Oco='aa39ff0cfe6d46178ed3edf4e53116d5' Filled=0 Fill price=0 Error='No error' Native error='',
8/3/2026 4:39:33 PM,Order,Order='bb8560ae461c45e9891d26446e781fbc/Sim101' Name='Stop1' New state='Cancel submitted' Instrument='MES SEP26' Action='Sell' Limit price=0 Stop price=7631.25 Quantity=10 Type='Stop Market' Time in force=GTC Oco='aa39ff0cfe6d46178ed3edf4e53116d5' Filled=0 Fill price=0 Error='No error' Native error='',
8/3/2026 4:39:33 PM,Order,Order='bbef39f2c7a14ae7817e8bc7862a4517/Sim101' Name='Target1' New state='Cancel submitted' Instrument='MES SEP26' Action='Sell' Limit price=7637.25 Stop price=0 Quantity=10 Type='Limit' Time in force=GTC Oco='aa39ff0cfe6d46178ed3edf4e53116d5' Filled=0 Fill price=0 Error='No error' Native error='',
8/3/2026 4:39:33 PM,Default,SuperDOM close position,
8/3/2026 4:39:33 PM,Position,Instrument='MES SEP26' Account='Sim102' Average price=0 Quantity=0 Market position=Flat Operation=Remove,
8/3/2026 4:39:33 PM,Execution,Execution='ee7752635bdb426e8278debb5f5b1d49' Instrument='MES SEP26' Account='Sim102' Exchange=Default Price=7633 Quantity=10 Market position=Short Operation=Operation_Add Order='b69976142b6b4a5ebd62660201948cea' Time='8/3/2026 4:39 PM',
8/3/2026 4:39:33 PM,Order,Order='b69976142b6b4a5ebd62660201948cea/Sim102' Name='Close' New state='Filled' Instrument='MES SEP26' Action='Sell' Limit price=0 Stop price=0 Quantity=10 Type='Market' Time in force=DAY Oco='' Filled=10 Fill price=7633 Error='No error' Native error='',
8/3/2026 4:39:33 PM,Order,Order='b69976142b6b4a5ebd62660201948cea/Sim102' Name='Close' New state='Accepted' Instrument='MES SEP26' Action='Sell' Limit price=0 Stop price=0 Quantity=10 Type='Market' Time in force=DAY Oco='' Filled=0 Fill price=0 Error='No error' Native error='',
8/3/2026 4:39:33 PM,Order,Order='b69976142b6b4a5ebd62660201948cea/Sim102' Name='Close' New state='Working' Instrument='MES SEP26' Action='Sell' Limit price=0 Stop price=0 Quantity=10 Type='Market' Time in force=DAY Oco='' Filled=0 Fill price=0 Error='No error' Native error='',
8/3/2026 4:39:33 PM,Order,Order='b69976142b6b4a5ebd62660201948cea/Sim102' Name='Close' New state='Submitted' Instrument='MES SEP26' Action='Sell' Limit price=0 Stop price=0 Quantity=10 Type='Market' Time in force=DAY Oco='' Filled=0 Fill price=0 Error='No error' Native error='',
8/3/2026 4:39:33 PM,Order,Order='ac12634caae2410fbfb0f07c81b3feb1/Sim102' Name='Target1' New state='Cancelled' Instrument='MES SEP26' Action='Sell' Limit price=7637.25 Stop price=0 Quantity=10 Type='Limit' Time in force=GTC Oco='06de88a8408947909a1fab93d45fa33a' Filled=0 Fill price=0 Error='No error' Native error='',
8/3/2026 4:39:33 PM,Order,Order='da76a06a17374f3a9b0ef7cf9544e40c/Sim102' Name='Stop1' New state='Cancelled' Instrument='MES SEP26' Action='Sell' Limit price=0 Stop price=7631.25 Quantity=10 Type='Stop Market' Time in force=GTC Oco='06de88a8408947909a1fab93d45fa33a' Filled=0 Fill price=0 Error='No error' Native error='',
8/3/2026 4:39:33 PM,Order,Order='ac12634caae2410fbfb0f07c81b3feb1/Sim102' Name='Target1' New state='Cancel submitted' Instrument='MES SEP26' Action='Sell' Limit price=7637.25 Stop price=0 Quantity=10 Type='Limit' Time in force=GTC Oco='06de88a8408947909a1fab93d45fa33a' Filled=0 Fill price=0 Error='No error' Native error='',
8/3/2026 4:39:33 PM,Order,Order='da76a06a17374f3a9b0ef7cf9544e40c/Sim102' Name='Stop1' New state='Cancel submitted' Instrument='MES SEP26' Action='Sell' Limit price=0 Stop price=7631.25 Quantity=10 Type='Stop Market' Time in force=GTC Oco='06de88a8408947909a1fab93d45fa33a' Filled=0 Fill price=0 Error='No error' Native error='',
8/3/2026 4:39:32 PM,Default,SuperDOM close position,
8/3/2026 4:37:51 PM,Order,Order='ac12634caae2410fbfb0f07c81b3feb1/Sim102' Name='Target1' New state='Accepted' Instrument='MES SEP26' Action='Sell' Limit price=7637.25 Stop price=0 Quantity=10 Type='Limit' Time in force=GTC Oco='06de88a8408947909a1fab93d45fa33a' Filled=0 Fill price=0 Error='No error' Native error='',
8/3/2026 4:37:51 PM,Order,Order='da76a06a17374f3a9b0ef7cf9544e40c/Sim102' Name='Stop1' New state='Accepted' Instrument='MES SEP26' Action='Sell' Limit price=0 Stop price=7631.25 Quantity=10 Type='Stop Market' Time in force=GTC Oco='06de88a8408947909a1fab93d45fa33a' Filled=0 Fill price=0 Error='No error' Native error='',
8/3/2026 4:37:51 PM,Order,Order='ac12634caae2410fbfb0f07c81b3feb1/Sim102' Name='Target1' New state='Working' Instrument='MES SEP26' Action='Sell' Limit price=7637.25 Stop price=0 Quantity=10 Type='Limit' Time in force=GTC Oco='06de88a8408947909a1fab93d45fa33a' Filled=0 Fill price=0 Error='No error' Native error='',
8/3/2026 4:37:51 PM,Order,Order='ac12634caae2410fbfb0f07c81b3feb1/Sim102' Name='Target1' New state='Submitted' Instrument='MES SEP26' Action='Sell' Limit price=7637.25 Stop price=0 Quantity=10 Type='Limit' Time in force=GTC Oco='06de88a8408947909a1fab93d45fa33a' Filled=0 Fill price=0 Error='No error' Native error='',
8/3/2026 4:37:51 PM,Order,Order='da76a06a17374f3a9b0ef7cf9544e40c/Sim102' Name='Stop1' New state='Submitted' Instrument='MES SEP26' Action='Sell' Limit price=0 Stop price=7631.25 Quantity=10 Type='Stop Market' Time in force=GTC Oco='06de88a8408947909a1fab93d45fa33a' Filled=0 Fill price=0 Error='No error' Native error='',
8/3/2026 4:37:51 PM,Order,Order='9c83b621ccc747fc9320be15f8e27e55/Sim102' Name='Entry' New state='Filled' Instrument='MES SEP26' Action='Buy' Limit price=0 Stop price=0 Quantity=10 Type='Market' Time in force=GTC Oco='' Filled=10 Fill price=7635.25 Error='No error' Native error='',
8/3/2026 4:37:51 PM,Execution,Execution='8b36f38f33d443659b956a6ef67a8509' Instrument='MES SEP26' Account='Sim102' Exchange=Default Price=7635.25 Quantity=10 Market position=Long Operation=Operation_Add Order='9c83b621ccc747fc9320be15f8e27e55' Time='8/3/2026 4:37 PM',
8/3/2026 4:37:51 PM,Position,Instrument='MES SEP26' Account='Sim102' Average price=7635.25 Quantity=10 Market position=Long Operation=Operation_Add,
8/3/2026 4:37:51 PM,Order,Order='9c83b621ccc747fc9320be15f8e27e55/Sim102' Name='Entry' New state='Accepted' Instrument='MES SEP26' Action='Buy' Limit price=0 Stop price=0 Quantity=10 Type='Market' Time in force=GTC Oco='' Filled=0 Fill price=0 Error='No error' Native error='',
8/3/2026 4:37:51 PM,Order,Order='9c83b621ccc747fc9320be15f8e27e55/Sim102' Name='Entry' New state='Working' Instrument='MES SEP26' Action='Buy' Limit price=0 Stop price=0 Quantity=10 Type='Market' Time in force=GTC Oco='' Filled=0 Fill price=0 Error='No error' Native error='',
8/3/2026 4:37:51 PM,Order,Order='9c83b621ccc747fc9320be15f8e27e55/Sim102' Name='Entry' New state='Submitted' Instrument='MES SEP26' Action='Buy' Limit price=0 Stop price=0 Quantity=10 Type='Market' Time in force=GTC Oco='' Filled=0 Fill price=0 Error='No error' Native error='',
8/3/2026 4:37:51 PM,Order,Static SuperDOM submitting order with strategy 'MES $200 SL4 - 2' (Ticks),
8/3/2026 4:37:51 PM,Order,Order='bbef39f2c7a14ae7817e8bc7862a4517/Sim101' Name='Target1' New state='Accepted' Instrument='MES SEP26' Action='Sell' Limit price=7637.25 Stop price=0 Quantity=10 Type='Limit' Time in force=GTC Oco='aa39ff0cfe6d46178ed3edf4e53116d5' Filled=0 Fill price=0 Error='No error' Native error='',
8/3/2026 4:37:51 PM,Order,Order='bbef39f2c7a14ae7817e8bc7862a4517/Sim101' Name='Target1' New state='Working' Instrument='MES SEP26' Action='Sell' Limit price=7637.25 Stop price=0 Quantity=10 Type='Limit' Time in force=GTC Oco='aa39ff0cfe6d46178ed3edf4e53116d5' Filled=0 Fill price=0 Error='No error' Native error='',
8/3/2026 4:37:51 PM,Order,Order='bb8560ae461c45e9891d26446e781fbc/Sim101' Name='Stop1' New state='Accepted' Instrument='MES SEP26' Action='Sell' Limit price=0 Stop price=7631.25 Quantity=10 Type='Stop Market' Time in force=GTC Oco='aa39ff0cfe6d46178ed3edf4e53116d5' Filled=0 Fill price=0 Error='No error' Native error='',
8/3/2026 4:37:50 PM,Position,Instrument='MES SEP26' Account='Sim101' Average price=7635.25 Quantity=10 Market position=Long Operation=Operation_Add,
8/3/2026 4:37:50 PM,Order,Order='bbef39f2c7a14ae7817e8bc7862a4517/Sim101' Name='Target1' New state='Submitted' Instrument='MES SEP26' Action='Sell' Limit price=7637.25 Stop price=0 Quantity=10 Type='Limit' Time in force=GTC Oco='aa39ff0cfe6d46178ed3edf4e53116d5' Filled=0 Fill price=0 Error='No error' Native error='',
8/3/2026 4:37:50 PM,Order,Order='bb8560ae461c45e9891d26446e781fbc/Sim101' Name='Stop1' New state='Submitted' Instrument='MES SEP26' Action='Sell' Limit price=0 Stop price=7631.25 Quantity=10 Type='Stop Market' Time in force=GTC Oco='aa39ff0cfe6d46178ed3edf4e53116d5' Filled=0 Fill price=0 Error='No error' Native error='',
8/3/2026 4:37:50 PM,Execution,Execution='28b03b63976846ec8f9c59c2eeb129a3' Instrument='MES SEP26' Account='Sim101' Exchange=Default Price=7635.25 Quantity=10 Market position=Long Operation=Operation_Add Order='9717c23ca5ae4da7b183ff8438140d71' Time='8/3/2026 4:37 PM',
8/3/2026 4:37:50 PM,Order,Order='9717c23ca5ae4da7b183ff8438140d71/Sim101' Name='Entry' New state='Filled' Instrument='MES SEP26' Action='Buy' Limit price=0 Stop price=0 Quantity=10 Type='Market' Time in force=GTC Oco='' Filled=10 Fill price=7635.25 Error='No error' Native error='',
8/3/2026 4:37:50 PM,Order,Order='9717c23ca5ae4da7b183ff8438140d71/Sim101' Name='Entry' New state='Working' Instrument='MES SEP26' Action='Buy' Limit price=0 Stop price=0 Quantity=10 Type='Market' Time in force=GTC Oco='' Filled=0 Fill price=0 Error='No error' Native error='',
8/3/2026 4:37:50 PM,Order,Order='9717c23ca5ae4da7b183ff8438140d71/Sim101' Name='Entry' New state='Accepted' Instrument='MES SEP26' Action='Buy' Limit price=0 Stop price=0 Quantity=10 Type='Market' Time in force=GTC Oco='' Filled=0 Fill price=0 Error='No error' Native error='',
8/3/2026 4:37:50 PM,Order,Order='9717c23ca5ae4da7b183ff8438140d71/Sim101' Name='Entry' New state='Submitted' Instrument='MES SEP26' Action='Buy' Limit price=0 Stop price=0 Quantity=10 Type='Market' Time in force=GTC Oco='' Filled=0 Fill price=0 Error='No error' Native error='',
8/3/2026 4:37:50 PM,Order,Static SuperDOM submitting order with strategy 'MES $200 SL4 - 1' (Ticks),
8/3/2026 4:36:47 PM,Connection,Market data failed for 'MES SEP26': 'get_order_book error : 13',
8/3/2026 4:36:47 PM,Connection,Market data failed for 'MGC DEC26': 'get_order_book error : 13',
8/3/2026 4:36:46 PM,Connection,Using HDS (hds-us-nt-013.ninjatrader.com/31655),
8/3/2026 4:36:46 PM,Connection,Time to auto close position='12:00:00 AM' Enabled=False,
8/3/2026 4:36:46 PM,Connection,My Rithmic for NinjaTrader Brokerage: Primary connection=Connected Price feed=Connected,
8/3/2026 4:36:31 PM,Default,Restoring workspace 'SuperDOM 3'...,
8/3/2026 4:36:30 PM,Default,Auto close enabled=False,
8/3/2026 4:36:30 PM,Order,Order entry hot keys disabled,
8/3/2026 4:36:30 PM,Connection,My Rithmic for NinjaTrader Brokerage: Primary connection=Connecting Price feed=Connecting,
8/3/2026 4:36:29 PM,Default,Auto connecting 'My Rithmic for NinjaTrader Brokerage'...,
8/3/2026 4:36:29 PM,Default,Automated trading disabled,
8/3/2026 4:36:29 PM,Default,Telemetry configuration updated to version 1003 (previous version 0).,
8/3/2026 4:36:29 PM,Connection,Using IS (is-us-nt-006.ninjatrader.com/31658),
8/3/2026 4:36:27 PM,Default,Global simulation mode disabled,
8/3/2026 4:36:12 PM,Default,Session Break (Version 8.1.8.1),
8/3/2026 4:36:10 PM,Connection,My Rithmic for NinjaTrader Brokerage: Primary connection=Disconnected Price feed=Disconnected,
8/3/2026 4:36:10 PM,Connection,My Rithmic for NinjaTrader Brokerage: Primary connection=Disconnecting Price feed=Disconnecting,
8/3/2026 4:36:04 PM,Default,Workspace SuperDOM 3 not saved,
8/3/2026 4:33:47 PM,Default,Cancel all orders account='Sim101',
8/3/2026 4:33:47 PM,Default,Chart Trader close position,
8/3/2026 4:30:27 PM,Order,Order='8445f27ee8b74e4cad07ebe794da744c/Sim102' Name='PTT-BE-Target-1' New state='Cancelled' Instrument='MES SEP26' Action='Buy to cover' Limit price=7627.75 Stop price=0 Quantity=10 Type='Limit' Time in force=GTC Oco='PTT-BE-Sim1-30537-0' Filled=0 Fill price=0 Error='No error' Native error='',
8/3/2026 4:30:27 PM,Position,Instrument='MES SEP26' Account='Sim102' Average price=0 Quantity=0 Market position=Flat Operation=Remove,
8/3/2026 4:30:27 PM,Order,Order='c0b5c3eaccb64816bc619915cf1a20e1/Sim101' Name='PTT-BE-Target-1' New state='Cancelled' Instrument='MES SEP26' Action='Buy to cover' Limit price=7625 Stop price=0 Quantity=10 Type='Limit' Time in force=GTC Oco='PTT-BE-Sim1-30537-0' Filled=0 Fill price=0 Error='No error' Native error='',
8/3/2026 4:30:27 PM,Order,Order='8445f27ee8b74e4cad07ebe794da744c/Sim102' Name='PTT-BE-Target-1' New state='Cancel submitted' Instrument='MES SEP26' Action='Buy to cover' Limit price=7627.75 Stop price=0 Quantity=10 Type='Limit' Time in force=GTC Oco='PTT-BE-Sim1-30537-0' Filled=0 Fill price=0 Error='No error' Native error='',
8/3/2026 4:30:27 PM,Execution,Execution='f8383e4911834a40abbc42ea4dca58a0' Instrument='MES SEP26' Account='Sim102' Exchange=Default Price=7634.25 Quantity=10 Market position=Long Operation=Operation_Add Order='b381876eaefb43fca595208a21198a4a' Time='8/3/2026 4:30 PM',
8/3/2026 4:30:27 PM,Order,Order='b381876eaefb43fca595208a21198a4a/Sim102' Name='PTT-BE-Stop-1' New state='Filled' Instrument='MES SEP26' Action='Buy to cover' Limit price=0 Stop price=7634.25 Quantity=10 Type='Stop Market' Time in force=GTC Oco='PTT-BE-Sim1-30537-0' Filled=10 Fill price=7634.25 Error='No error' Native error='',
8/3/2026 4:30:27 PM,Position,Instrument='MES SEP26' Account='Sim101' Average price=0 Quantity=0 Market position=Flat Operation=Remove,
8/3/2026 4:30:27 PM,Execution,Execution='77d2e2b8a88a42b2a01455281bfcd92e' Instrument='MES SEP26' Account='Sim101' Exchange=Default Price=7634.25 Quantity=10 Market position=Long Operation=Operation_Add Order='2ebdb5cc0af44444a7bbf01a2714c707' Time='8/3/2026 4:30 PM',
8/3/2026 4:30:27 PM,Order,Order='c0b5c3eaccb64816bc619915cf1a20e1/Sim101' Name='PTT-BE-Target-1' New state='Cancel submitted' Instrument='MES SEP26' Action='Buy to cover' Limit price=7625 Stop price=0 Quantity=10 Type='Limit' Time in force=GTC Oco='PTT-BE-Sim1-30537-0' Filled=0 Fill price=0 Error='No error' Native error='',
8/3/2026 4:30:27 PM,Order,Order='2ebdb5cc0af44444a7bbf01a2714c707/Sim101' Name='PTT-BE-Stop-1' New state='Filled' Instrument='MES SEP26' Action='Buy to cover' Limit price=0 Stop price=7634.25 Quantity=10 Type='Stop Market' Time in force=GTC Oco='PTT-BE-Sim1-30537-0' Filled=10 Fill price=7634.25 Error='No error' Native error='',
8/3/2026 4:30:27 PM,Order,Order='b381876eaefb43fca595208a21198a4a/Sim102' Name='PTT-BE-Stop-1' New state='Working' Instrument='MES SEP26' Action='Buy to cover' Limit price=0 Stop price=7634.25 Quantity=10 Type='Stop Market' Time in force=GTC Oco='PTT-BE-Sim1-30537-0' Filled=0 Fill price=0 Error='No error' Native error='',
8/3/2026 4:30:27 PM,Order,Order='2ebdb5cc0af44444a7bbf01a2714c707/Sim101' Name='PTT-BE-Stop-1' New state='Working' Instrument='MES SEP26' Action='Buy to cover' Limit price=0 Stop price=7634.25 Quantity=10 Type='Stop Market' Time in force=GTC Oco='PTT-BE-Sim1-30537-0' Filled=0 Fill price=0 Error='No error' Native error='',
8/3/2026 4:30:25 PM,Order,Order='c0b5c3eaccb64816bc619915cf1a20e1/Sim101' Name='PTT-BE-Target-1' New state='Accepted' Instrument='MES SEP26' Action='Buy to cover' Limit price=7625 Stop price=0 Quantity=10 Type='Limit' Time in force=GTC Oco='PTT-BE-Sim1-30537-0' Filled=0 Fill price=0 Error='No error' Native error='',
8/3/2026 4:30:25 PM,Order,Order='8445f27ee8b74e4cad07ebe794da744c/Sim102' Name='PTT-BE-Target-1' New state='Accepted' Instrument='MES SEP26' Action='Buy to cover' Limit price=7627.75 Stop price=0 Quantity=10 Type='Limit' Time in force=GTC Oco='PTT-BE-Sim1-30537-0' Filled=0 Fill price=0 Error='No error' Native error='',
8/3/2026 4:30:25 PM,Order,Order='c0b5c3eaccb64816bc619915cf1a20e1/Sim101' Name='PTT-BE-Target-1' New state='Working' Instrument='MES SEP26' Action='Buy to cover' Limit price=7625 Stop price=0 Quantity=10 Type='Limit' Time in force=GTC Oco='PTT-BE-Sim1-30537-0' Filled=0 Fill price=0 Error='No error' Native error='',
8/3/2026 4:30:25 PM,Order,Order='8445f27ee8b74e4cad07ebe794da744c/Sim102' Name='PTT-BE-Target-1' New state='Working' Instrument='MES SEP26' Action='Buy to cover' Limit price=7627.75 Stop price=0 Quantity=10 Type='Limit' Time in force=GTC Oco='PTT-BE-Sim1-30537-0' Filled=0 Fill price=0 Error='No error' Native error='',
8/3/2026 4:30:25 PM,Order,Order='2ebdb5cc0af44444a7bbf01a2714c707/Sim101' Name='PTT-BE-Stop-1' New state='Accepted' Instrument='MES SEP26' Action='Buy to cover' Limit price=0 Stop price=7634.25 Quantity=10 Type='Stop Market' Time in force=GTC Oco='PTT-BE-Sim1-30537-0' Filled=0 Fill price=0 Error='No error' Native error='',
8/3/2026 4:30:25 PM,Order,Order='b381876eaefb43fca595208a21198a4a/Sim102' Name='PTT-BE-Stop-1' New state='Accepted' Instrument='MES SEP26' Action='Buy to cover' Limit price=0 Stop price=7634.25 Quantity=10 Type='Stop Market' Time in force=GTC Oco='PTT-BE-Sim1-30537-0' Filled=0 Fill price=0 Error='No error' Native error='',
8/3/2026 4:30:25 PM,Order,Order='3e0ff705e86d4bbaad5425e6ee7b1c64/Sim101' Name='Stop1' New state='Cancelled' Instrument='MES SEP26' Action='Buy to cover' Limit price=0 Stop price=7638.25 Quantity=10 Type='Stop Market' Time in force=GTC Oco='789c75bbc0d14b6d9c73f25b9c6ffd5e' Filled=0 Fill price=0 Error='No error' Native error='',
8/3/2026 4:30:25 PM,Order,Order='fdf0ccc405224384848ea975e8def133/Sim101' Name='Target1' New state='Cancelled' Instrument='MES SEP26' Action='Buy to cover' Limit price=7625 Stop price=0 Quantity=10 Type='Limit' Time in force=GTC Oco='789c75bbc0d14b6d9c73f25b9c6ffd5e' Filled=0 Fill price=0 Error='No error' Native error='',
8/3/2026 4:30:25 PM,Order,Order='5b6f3269452541bfb158986a4d854947/Sim102' Name='Stop1' New state='Cancelled' Instrument='MES SEP26' Action='Buy to cover' Limit price=0 Stop price=7638.25 Quantity=10 Type='Stop Market' Time in force=GTC Oco='cfca2b603d0f45b489526c1da74530c1' Filled=0 Fill price=0 Error='No error' Native error='',
8/3/2026 4:30:25 PM,Order,Order='24953d615ba34a1695ed50afe5a4e61e/Sim102' Name='Target1' New state='Cancelled' Instrument='MES SEP26' Action='Buy to cover' Limit price=7627.75 Stop price=0 Quantity=10 Type='Limit' Time in force=GTC Oco='cfca2b603d0f45b489526c1da74530c1' Filled=0 Fill price=0 Error='No error' Native error='',
8/3/2026 4:30:25 PM,Order,Order='c0b5c3eaccb64816bc619915cf1a20e1/Sim101' Name='PTT-BE-Target-1' New state='Submitted' Instrument='MES SEP26' Action='Buy to cover' Limit price=7625 Stop price=0 Quantity=10 Type='Limit' Time in force=GTC Oco='PTT-BE-Sim1-30537-0' Filled=0 Fill price=0 Error='No error' Native error='',
8/3/2026 4:30:25 PM,Order,Order='8445f27ee8b74e4cad07ebe794da744c/Sim102' Name='PTT-BE-Target-1' New state='Submitted' Instrument='MES SEP26' Action='Buy to cover' Limit price=7627.75 Stop price=0 Quantity=10 Type='Limit' Time in force=GTC Oco='PTT-BE-Sim1-30537-0' Filled=0 Fill price=0 Error='No error' Native error='',
8/3/2026 4:30:25 PM,Order,Order='b381876eaefb43fca595208a21198a4a/Sim102' Name='PTT-BE-Stop-1' New state='Submitted' Instrument='MES SEP26' Action='Buy to cover' Limit price=0 Stop price=7634.25 Quantity=10 Type='Stop Market' Time in force=GTC Oco='PTT-BE-Sim1-30537-0' Filled=0 Fill price=0 Error='No error' Native error='',
8/3/2026 4:30:25 PM,Order,Order='2ebdb5cc0af44444a7bbf01a2714c707/Sim101' Name='PTT-BE-Stop-1' New state='Submitted' Instrument='MES SEP26' Action='Buy to cover' Limit price=0 Stop price=7634.25 Quantity=10 Type='Stop Market' Time in force=GTC Oco='PTT-BE-Sim1-30537-0' Filled=0 Fill price=0 Error='No error' Native error='',
8/3/2026 4:30:25 PM,Order,Order='5b6f3269452541bfb158986a4d854947/Sim102' Name='Stop1' New state='Cancel submitted' Instrument='MES SEP26' Action='Buy to cover' Limit price=0 Stop price=7638.25 Quantity=10 Type='Stop Market' Time in force=GTC Oco='cfca2b603d0f45b489526c1da74530c1' Filled=0 Fill price=0 Error='No error' Native error='',
8/3/2026 4:30:25 PM,Order,Order='24953d615ba34a1695ed50afe5a4e61e/Sim102' Name='Target1' New state='Cancel submitted' Instrument='MES SEP26' Action='Buy to cover' Limit price=7627.75 Stop price=0 Quantity=10 Type='Limit' Time in force=GTC Oco='cfca2b603d0f45b489526c1da74530c1' Filled=0 Fill price=0 Error='No error' Native error='',
8/3/2026 4:30:25 PM,Order,Order='3e0ff705e86d4bbaad5425e6ee7b1c64/Sim101' Name='Stop1' New state='Cancel submitted' Instrument='MES SEP26' Action='Buy to cover' Limit price=0 Stop price=7638.25 Quantity=10 Type='Stop Market' Time in force=GTC Oco='789c75bbc0d14b6d9c73f25b9c6ffd5e' Filled=0 Fill price=0 Error='No error' Native error='',
8/3/2026 4:30:25 PM,Order,Order='fdf0ccc405224384848ea975e8def133/Sim101' Name='Target1' New state='Cancel submitted' Instrument='MES SEP26' Action='Buy to cover' Limit price=7625 Stop price=0 Quantity=10 Type='Limit' Time in force=GTC Oco='789c75bbc0d14b6d9c73f25b9c6ffd5e' Filled=0 Fill price=0 Error='No error' Native error='',
8/3/2026 4:27:02 PM,Order,Order='24953d615ba34a1695ed50afe5a4e61e/Sim102' Name='Target1' New state='Accepted' Instrument='MES SEP26' Action='Buy to cover' Limit price=7627.75 Stop price=0 Quantity=10 Type='Limit' Time in force=GTC Oco='cfca2b603d0f45b489526c1da74530c1' Filled=0 Fill price=0 Error='No error' Native error='',
8/3/2026 4:27:02 PM,Order,Order='24953d615ba34a1695ed50afe5a4e61e/Sim102' Name='Target1' New state='Working' Instrument='MES SEP26' Action='Buy to cover' Limit price=7627.75 Stop price=0 Quantity=10 Type='Limit' Time in force=GTC Oco='cfca2b603d0f45b489526c1da74530c1' Filled=0 Fill price=0 Error='No error' Native error='',
8/3/2026 4:27:02 PM,Order,Order='24953d615ba34a1695ed50afe5a4e61e/Sim102' Name='Target1' New state='Change submitted' Instrument='MES SEP26' Action='Buy to cover' Limit price=7627.75 Stop price=0 Quantity=10 Type='Limit' Time in force=GTC Oco='cfca2b603d0f45b489526c1da74530c1' Filled=0 Fill price=0 Error='No error' Native error='',
8/3/2026 4:26:53 PM,Order,Order='fdf0ccc405224384848ea975e8def133/Sim101' Name='Target1' New state='Accepted' Instrument='MES SEP26' Action='Buy to cover' Limit price=7625 Stop price=0 Quantity=10 Type='Limit' Time in force=GTC Oco='789c75bbc0d14b6d9c73f25b9c6ffd5e' Filled=0 Fill price=0 Error='No error' Native error='',
8/3/2026 4:26:53 PM,Order,Order='fdf0ccc405224384848ea975e8def133/Sim101' Name='Target1' New state='Working' Instrument='MES SEP26' Action='Buy to cover' Limit price=7625 Stop price=0 Quantity=10 Type='Limit' Time in force=GTC Oco='789c75bbc0d14b6d9c73f25b9c6ffd5e' Filled=0 Fill price=0 Error='No error' Native error='',
8/3/2026 4:26:52 PM,Order,Order='fdf0ccc405224384848ea975e8def133/Sim101' Name='Target1' New state='Change submitted' Instrument='MES SEP26' Action='Buy to cover' Limit price=7625 Stop price=0 Quantity=10 Type='Limit' Time in force=GTC Oco='789c75bbc0d14b6d9c73f25b9c6ffd5e' Filled=0 Fill price=0 Error='No error' Native error='',
8/3/2026 4:26:42 PM,Order,Order='fdf0ccc405224384848ea975e8def133/Sim101' Name='Target1' New state='Accepted' Instrument='MES SEP26' Action='Buy to cover' Limit price=7626.25 Stop price=0 Quantity=10 Type='Limit' Time in force=GTC Oco='789c75bbc0d14b6d9c73f25b9c6ffd5e' Filled=0 Fill price=0 Error='No error' Native error='',
8/3/2026 4:26:42 PM,Order,Order='fdf0ccc405224384848ea975e8def133/Sim101' Name='Target1' New state='Working' Instrument='MES SEP26' Action='Buy to cover' Limit price=7626.25 Stop price=0 Quantity=10 Type='Limit' Time in force=GTC Oco='789c75bbc0d14b6d9c73f25b9c6ffd5e' Filled=0 Fill price=0 Error='No error' Native error='',
8/3/2026 4:26:42 PM,Order,Order='fdf0ccc405224384848ea975e8def133/Sim101' Name='Target1' New state='Change submitted' Instrument='MES SEP26' Action='Buy to cover' Limit price=7626.25 Stop price=0 Quantity=10 Type='Limit' Time in force=GTC Oco='789c75bbc0d14b6d9c73f25b9c6ffd5e' Filled=0 Fill price=0 Error='No error' Native error='',
8/3/2026 4:26:14 PM,Order,Order='24953d615ba34a1695ed50afe5a4e61e/Sim102' Name='Target1' New state='Accepted' Instrument='MES SEP26' Action='Buy to cover' Limit price=7632.25 Stop price=0 Quantity=10 Type='Limit' Time in force=GTC Oco='cfca2b603d0f45b489526c1da74530c1' Filled=0 Fill price=0 Error='No error' Native error='',
8/3/2026 4:26:14 PM,Order,Order='24953d615ba34a1695ed50afe5a4e61e/Sim102' Name='Target1' New state='Working' Instrument='MES SEP26' Action='Buy to cover' Limit price=7632.25 Stop price=0 Quantity=10 Type='Limit' Time in force=GTC Oco='cfca2b603d0f45b489526c1da74530c1' Filled=0 Fill price=0 Error='No error' Native error='',
8/3/2026 4:26:14 PM,Order,Order='5b6f3269452541bfb158986a4d854947/Sim102' Name='Stop1' New state='Accepted' Instrument='MES SEP26' Action='Buy to cover' Limit price=0 Stop price=7638.25 Quantity=10 Type='Stop Market' Time in force=GTC Oco='cfca2b603d0f45b489526c1da74530c1' Filled=0 Fill price=0 Error='No error' Native error='',
8/3/2026 4:26:14 PM,Position,Instrument='MES SEP26' Account='Sim102' Average price=7634.25 Quantity=10 Market position=Short Operation=Operation_Add,
8/3/2026 4:26:14 PM,Order,Order='24953d615ba34a1695ed50afe5a4e61e/Sim102' Name='Target1' New state='Submitted' Instrument='MES SEP26' Action='Buy to cover' Limit price=7632.25 Stop price=0 Quantity=10 Type='Limit' Time in force=GTC Oco='cfca2b603d0f45b489526c1da74530c1' Filled=0 Fill price=0 Error='No error' Native error='',
8/3/2026 4:26:14 PM,Order,Order='5b6f3269452541bfb158986a4d854947/Sim102' Name='Stop1' New state='Submitted' Instrument='MES SEP26' Action='Buy to cover' Limit price=0 Stop price=7638.25 Quantity=10 Type='Stop Market' Time in force=GTC Oco='cfca2b603d0f45b489526c1da74530c1' Filled=0 Fill price=0 Error='No error' Native error='',
8/3/2026 4:26:14 PM,Execution,Execution='13092fe12cb6490db25ffaadf4b52c25' Instrument='MES SEP26' Account='Sim102' Exchange=Default Price=7634.25 Quantity=10 Market position=Short Operation=Operation_Add Order='7081bea89fb64c16b61bef5a7f40d04f' Time='8/3/2026 4:26 PM',
8/3/2026 4:26:14 PM,Order,Order='7081bea89fb64c16b61bef5a7f40d04f/Sim102' Name='Entry' New state='Filled' Instrument='MES SEP26' Action='Sell' Limit price=0 Stop price=0 Quantity=10 Type='Market' Time in force=GTC Oco='' Filled=10 Fill price=7634.25 Error='No error' Native error='',
8/3/2026 4:26:14 PM,Order,Order='7081bea89fb64c16b61bef5a7f40d04f/Sim102' Name='Entry' New state='Accepted' Instrument='MES SEP26' Action='Sell' Limit price=0 Stop price=0 Quantity=10 Type='Market' Time in force=GTC Oco='' Filled=0 Fill price=0 Error='No error' Native error='',
8/3/2026 4:26:14 PM,Order,Order='7081bea89fb64c16b61bef5a7f40d04f/Sim102' Name='Entry' New state='Working' Instrument='MES SEP26' Action='Sell' Limit price=0 Stop price=0 Quantity=10 Type='Market' Time in force=GTC Oco='' Filled=0 Fill price=0 Error='No error' Native error='',
8/3/2026 4:26:13 PM,Order,Order='7081bea89fb64c16b61bef5a7f40d04f/Sim102' Name='Entry' New state='Submitted' Instrument='MES SEP26' Action='Sell' Limit price=0 Stop price=0 Quantity=10 Type='Market' Time in force=GTC Oco='' Filled=0 Fill price=0 Error='No error' Native error='',
8/3/2026 4:26:13 PM,Order,Static SuperDOM submitting order with strategy 'MES $200 SL4 - 2' (Ticks),
8/3/2026 4:26:13 PM,Order,Order='fdf0ccc405224384848ea975e8def133/Sim101' Name='Target1' New state='Accepted' Instrument='MES SEP26' Action='Buy to cover' Limit price=7632.25 Stop price=0 Quantity=10 Type='Limit' Time in force=GTC Oco='789c75bbc0d14b6d9c73f25b9c6ffd5e' Filled=0 Fill price=0 Error='No error' Native error='',
8/3/2026 4:26:13 PM,Order,Order='fdf0ccc405224384848ea975e8def133/Sim101' Name='Target1' New state='Working' Instrument='MES SEP26' Action='Buy to cover' Limit price=7632.25 Stop price=0 Quantity=10 Type='Limit' Time in force=GTC Oco='789c75bbc0d14b6d9c73f25b9c6ffd5e' Filled=0 Fill price=0 Error='No error' Native error='',
8/3/2026 4:26:13 PM,Order,Order='3e0ff705e86d4bbaad5425e6ee7b1c64/Sim101' Name='Stop1' New state='Accepted' Instrument='MES SEP26' Action='Buy to cover' Limit price=0 Stop price=7638.25 Quantity=10 Type='Stop Market' Time in force=GTC Oco='789c75bbc0d14b6d9c73f25b9c6ffd5e' Filled=0 Fill price=0 Error='No error' Native error='',
8/3/2026 4:26:13 PM,Order,Order='fdf0ccc405224384848ea975e8def133/Sim101' Name='Target1' New state='Submitted' Instrument='MES SEP26' Action='Buy to cover' Limit price=7632.25 Stop price=0 Quantity=10 Type='Limit' Time in force=GTC Oco='789c75bbc0d14b6d9c73f25b9c6ffd5e' Filled=0 Fill price=0 Error='No error' Native error='',
8/3/2026 4:26:13 PM,Order,Order='3e0ff705e86d4bbaad5425e6ee7b1c64/Sim101' Name='Stop1' New state='Submitted' Instrument='MES SEP26' Action='Buy to cover' Limit price=0 Stop price=7638.25 Quantity=10 Type='Stop Market' Time in force=GTC Oco='789c75bbc0d14b6d9c73f25b9c6ffd5e' Filled=0 Fill price=0 Error='No error' Native error='',
8/3/2026 4:26:13 PM,Execution,Execution='ba36990fa76b4c31bb52ae30f055af5f' Instrument='MES SEP26' Account='Sim101' Exchange=Default Price=7634.25 Quantity=10 Market position=Short Operation=Operation_Add Order='ee94ecd288944aaea7a8134e13042cc7' Time='8/3/2026 4:26 PM',
8/3/2026 4:26:13 PM,Position,Instrument='MES SEP26' Account='Sim101' Average price=7634.25 Quantity=10 Market position=Short Operation=Operation_Add,
8/3/2026 4:26:13 PM,Order,Order='ee94ecd288944aaea7a8134e13042cc7/Sim101' Name='Entry' New state='Filled' Instrument='MES SEP26' Action='Sell' Limit price=0 Stop price=0 Quantity=10 Type='Market' Time in force=GTC Oco='' Filled=10 Fill price=7634.25 Error='No error' Native error='',
8/3/2026 4:26:13 PM,Order,Order='ee94ecd288944aaea7a8134e13042cc7/Sim101' Name='Entry' New state='Accepted' Instrument='MES SEP26' Action='Sell' Limit price=0 Stop price=0 Quantity=10 Type='Market' Time in force=GTC Oco='' Filled=0 Fill price=0 Error='No error' Native error='',
8/3/2026 4:26:13 PM,Order,Order='ee94ecd288944aaea7a8134e13042cc7/Sim101' Name='Entry' New state='Working' Instrument='MES SEP26' Action='Sell' Limit price=0 Stop price=0 Quantity=10 Type='Market' Time in force=GTC Oco='' Filled=0 Fill price=0 Error='No error' Native error='',
8/3/2026 4:26:13 PM,Order,Order='ee94ecd288944aaea7a8134e13042cc7/Sim101' Name='Entry' New state='Submitted' Instrument='MES SEP26' Action='Sell' Limit price=0 Stop price=0 Quantity=10 Type='Market' Time in force=GTC Oco='' Filled=0 Fill price=0 Error='No error' Native error='',
8/3/2026 4:26:13 PM,Order,Static SuperDOM submitting order with strategy 'MES $200 SL4 - 1' (Ticks),
8/3/2026 4:26:10 PM,Position,Instrument='MES SEP26' Account='Sim102' Average price=0 Quantity=0 Market position=Flat Operation=Remove,
8/3/2026 4:26:10 PM,Execution,Execution='6cceb5f4f61d452da22c92a6fedcf8cb' Instrument='MES SEP26' Account='Sim102' Exchange=Default Price=7634.5 Quantity=10 Market position=Long Operation=Operation_Add Order='8723709df3534a2f8db294336b43eb6a' Time='8/3/2026 4:26 PM',
8/3/2026 4:26:10 PM,Order,Order='8723709df3534a2f8db294336b43eb6a/Sim102' Name='Close' New state='Filled' Instrument='MES SEP26' Action='Buy to cover' Limit price=0 Stop price=0 Quantity=10 Type='Market' Time in force=DAY Oco='' Filled=10 Fill price=7634.5 Error='No error' Native error='',
8/3/2026 4:26:10 PM,Order,Order='8723709df3534a2f8db294336b43eb6a/Sim102' Name='Close' New state='Working' Instrument='MES SEP26' Action='Buy to cover' Limit price=0 Stop price=0 Quantity=10 Type='Market' Time in force=DAY Oco='' Filled=0 Fill price=0 Error='No error' Native error='',
8/3/2026 4:26:10 PM,Order,Order='8723709df3534a2f8db294336b43eb6a/Sim102' Name='Close' New state='Accepted' Instrument='MES SEP26' Action='Buy to cover' Limit price=0 Stop price=0 Quantity=10 Type='Market' Time in force=DAY Oco='' Filled=0 Fill price=0 Error='No error' Native error='',
8/3/2026 4:26:10 PM,Order,Order='8723709df3534a2f8db294336b43eb6a/Sim102' Name='Close' New state='Submitted' Instrument='MES SEP26' Action='Buy to cover' Limit price=0 Stop price=0 Quantity=10 Type='Market' Time in force=DAY Oco='' Filled=0 Fill price=0 Error='No error' Native error='',
8/3/2026 4:26:10 PM,Order,Order='656bf26f38be494ca195a32e8bf67843/Sim102' Name='Target1' New state='Cancelled' Instrument='MES SEP26' Action='Buy to cover' Limit price=7632.5 Stop price=0 Quantity=10 Type='Limit' Time in force=GTC Oco='43ef80e63d6a4afcaf8bd10e26c6d929' Filled=0 Fill price=0 Error='No error' Native error='',
8/3/2026 4:26:10 PM,Order,Order='2e75b1bdfa3141bea2fdc04a8691881e/Sim102' Name='Stop1' New state='Cancelled' Instrument='MES SEP26' Action='Buy to cover' Limit price=0 Stop price=7638.5 Quantity=10 Type='Stop Market' Time in force=GTC Oco='43ef80e63d6a4afcaf8bd10e26c6d929' Filled=0 Fill price=0 Error='No error' Native error='',
8/3/2026 4:26:10 PM,Order,Order='656bf26f38be494ca195a32e8bf67843/Sim102' Name='Target1' New state='Cancel submitted' Instrument='MES SEP26' Action='Buy to cover' Limit price=7632.5 Stop price=0 Quantity=10 Type='Limit' Time in force=GTC Oco='43ef80e63d6a4afcaf8bd10e26c6d929' Filled=0 Fill price=0 Error='No error' Native error='',
8/3/2026 4:26:10 PM,Order,Order='2e75b1bdfa3141bea2fdc04a8691881e/Sim102' Name='Stop1' New state='Cancel submitted' Instrument='MES SEP26' Action='Buy to cover' Limit price=0 Stop price=7638.5 Quantity=10 Type='Stop Market' Time in force=GTC Oco='43ef80e63d6a4afcaf8bd10e26c6d929' Filled=0 Fill price=0 Error='No error' Native error='',
8/3/2026 4:26:10 PM,Default,Position grid close position,
8/3/2026 4:26:09 PM,Position,Instrument='MES SEP26' Account='Sim101' Average price=0 Quantity=0 Market position=Flat Operation=Remove,
8/3/2026 4:26:09 PM,Execution,Execution='3c4625e9860e4d2c8ec9ea51fecd2283' Instrument='MES SEP26' Account='Sim101' Exchange=Default Price=7634 Quantity=2 Market position=Short Operation=Operation_Add Order='27e154dfc4924897bc2c6ee264f5d886' Time='8/3/2026 4:26 PM',
8/3/2026 4:26:09 PM,Order,Order='27e154dfc4924897bc2c6ee264f5d886/Sim101' Name='Close' New state='Filled' Instrument='MES SEP26' Action='Sell' Limit price=0 Stop price=0 Quantity=10 Type='Market' Time in force=DAY Oco='' Filled=10 Fill price=7634.2 Error='No error' Native error='',
8/3/2026 4:26:09 PM,Position,Instrument='MES SEP26' Account='Sim101' Average price=7634.75 Quantity=2 Market position=Long Operation=Update,
8/3/2026 4:26:09 PM,Order,Order='27e154dfc4924897bc2c6ee264f5d886/Sim101' Name='Close' New state='Partially filled' Instrument='MES SEP26' Action='Sell' Limit price=0 Stop price=0 Quantity=10 Type='Market' Time in force=DAY Oco='' Filled=8 Fill price=7634.25 Error='No error' Native error='',
8/3/2026 4:26:09 PM,Execution,Execution='05d78d23a696433da572ca457fcc9913' Instrument='MES SEP26' Account='Sim101' Exchange=Default Price=7634.25 Quantity=8 Market position=Short Operation=Operation_Add Order='27e154dfc4924897bc2c6ee264f5d886' Time='8/3/2026 4:26 PM',
8/3/2026 4:26:09 PM,Order,Order='27e154dfc4924897bc2c6ee264f5d886/Sim101' Name='Close' New state='Working' Instrument='MES SEP26' Action='Sell' Limit price=0 Stop price=0 Quantity=10 Type='Market' Time in force=DAY Oco='' Filled=0 Fill price=0 Error='No error' Native error='',
8/3/2026 4:26:09 PM,Order,Order='27e154dfc4924897bc2c6ee264f5d886/Sim101' Name='Close' New state='Accepted' Instrument='MES SEP26' Action='Sell' Limit price=0 Stop price=0 Quantity=10 Type='Market' Time in force=DAY Oco='' Filled=0 Fill price=0 Error='No error' Native error='',
8/3/2026 4:26:09 PM,Order,Order='27e154dfc4924897bc2c6ee264f5d886/Sim101' Name='Close' New state='Submitted' Instrument='MES SEP26' Action='Sell' Limit price=0 Stop price=0 Quantity=10 Type='Market' Time in force=DAY Oco='' Filled=0 Fill price=0 Error='No error' Native error='',
8/3/2026 4:26:09 PM,Order,Order='3c93f0cca98141a6b9874a008bfde076/Sim101' Name='Target1' New state='Cancelled' Instrument='MES SEP26' Action='Sell' Limit price=7636.75 Stop price=0 Quantity=10 Type='Limit' Time in force=GTC Oco='e4ee6be2fb4242d39b1ab82b56feff8d' Filled=0 Fill price=0 Error='No error' Native error='',
8/3/2026 4:26:09 PM,Order,Order='c47db6c274f94ae685aa31b27687169f/Sim101' Name='Stop1' New state='Cancelled' Instrument='MES SEP26' Action='Sell' Limit price=0 Stop price=7630.75 Quantity=10 Type='Stop Market' Time in force=GTC Oco='e4ee6be2fb4242d39b1ab82b56feff8d' Filled=0 Fill price=0 Error='No error' Native error='',
8/3/2026 4:26:09 PM,Order,Order='3c93f0cca98141a6b9874a008bfde076/Sim101' Name='Target1' New state='Cancel submitted' Instrument='MES SEP26' Action='Sell' Limit price=7636.75 Stop price=0 Quantity=10 Type='Limit' Time in force=GTC Oco='e4ee6be2fb4242d39b1ab82b56feff8d' Filled=0 Fill price=0 Error='No error' Native error='',
8/3/2026 4:26:09 PM,Order,Order='c47db6c274f94ae685aa31b27687169f/Sim101' Name='Stop1' New state='Cancel submitted' Instrument='MES SEP26' Action='Sell' Limit price=0 Stop price=7630.75 Quantity=10 Type='Stop Market' Time in force=GTC Oco='e4ee6be2fb4242d39b1ab82b56feff8d' Filled=0 Fill price=0 Error='No error' Native error='',
8/3/2026 4:26:09 PM,Default,Position grid close position,
8/3/2026 4:25:39 PM,Order,Order='656bf26f38be494ca195a32e8bf67843/Sim102' Name='Target1' New state='Accepted' Instrument='MES SEP26' Action='Buy to cover' Limit price=7632.5 Stop price=0 Quantity=10 Type='Limit' Time in force=GTC Oco='43ef80e63d6a4afcaf8bd10e26c6d929' Filled=0 Fill price=0 Error='No error' Native error='',
8/3/2026 4:25:39 PM,Order,Order='656bf26f38be494ca195a32e8bf67843/Sim102' Name='Target1' New state='Working' Instrument='MES SEP26' Action='Buy to cover' Limit price=7632.5 Stop price=0 Quantity=10 Type='Limit' Time in force=GTC Oco='43ef80e63d6a4afcaf8bd10e26c6d929' Filled=0 Fill price=0 Error='No error' Native error='',
8/3/2026 4:25:39 PM,Order,Order='2e75b1bdfa3141bea2fdc04a8691881e/Sim102' Name='Stop1' New state='Accepted' Instrument='MES SEP26' Action='Buy to cover' Limit price=0 Stop price=7638.5 Quantity=10 Type='Stop Market' Time in force=GTC Oco='43ef80e63d6a4afcaf8bd10e26c6d929' Filled=0 Fill price=0 Error='No error' Native error='',
8/3/2026 4:25:39 PM,Position,Instrument='MES SEP26' Account='Sim102' Average price=7634.5 Quantity=10 Market position=Short Operation=Operation_Add,
8/3/2026 4:25:39 PM,Order,Order='656bf26f38be494ca195a32e8bf67843/Sim102' Name='Target1' New state='Submitted' Instrument='MES SEP26' Action='Buy to cover' Limit price=7632.5 Stop price=0 Quantity=10 Type='Limit' Time in force=GTC Oco='43ef80e63d6a4afcaf8bd10e26c6d929' Filled=0 Fill price=0 Error='No error' Native error='',
8/3/2026 4:25:39 PM,Order,Order='2e75b1bdfa3141bea2fdc04a8691881e/Sim102' Name='Stop1' New state='Submitted' Instrument='MES SEP26' Action='Buy to cover' Limit price=0 Stop price=7638.5 Quantity=10 Type='Stop Market' Time in force=GTC Oco='43ef80e63d6a4afcaf8bd10e26c6d929' Filled=0 Fill price=0 Error='No error' Native error='',
8/3/2026 4:25:39 PM,Execution,Execution='bbab958100954be2bef923af480e2dfa' Instrument='MES SEP26' Account='Sim102' Exchange=Default Price=7634.5 Quantity=10 Market position=Short Operation=Operation_Add Order='acdd54823a58437bbbb5ea3262554a76' Time='8/3/2026 4:25 PM',
8/3/2026 4:25:39 PM,Order,Order='acdd54823a58437bbbb5ea3262554a76/Sim102' Name='Entry' New state='Filled' Instrument='MES SEP26' Action='Sell' Limit price=0 Stop price=0 Quantity=10 Type='Market' Time in force=GTC Oco='' Filled=10 Fill price=7634.5 Error='No error' Native error='',
8/3/2026 4:25:39 PM,Order,Order='acdd54823a58437bbbb5ea3262554a76/Sim102' Name='Entry' New state='Accepted' Instrument='MES SEP26' Action='Sell' Limit price=0 Stop price=0 Quantity=10 Type='Market' Time in force=GTC Oco='' Filled=0 Fill price=0 Error='No error' Native error='',
8/3/2026 4:25:39 PM,Order,Order='acdd54823a58437bbbb5ea3262554a76/Sim102' Name='Entry' New state='Working' Instrument='MES SEP26' Action='Sell' Limit price=0 Stop price=0 Quantity=10 Type='Market' Time in force=GTC Oco='' Filled=0 Fill price=0 Error='No error' Native error='',
8/3/2026 4:25:39 PM,Order,Order='acdd54823a58437bbbb5ea3262554a76/Sim102' Name='Entry' New state='Submitted' Instrument='MES SEP26' Action='Sell' Limit price=0 Stop price=0 Quantity=10 Type='Market' Time in force=GTC Oco='' Filled=0 Fill price=0 Error='No error' Native error='',
8/3/2026 4:25:39 PM,Order,Static SuperDOM submitting order with strategy 'MES $200 SL4 - 2' (Ticks),
8/3/2026 4:25:38 PM,Order,Order='3c93f0cca98141a6b9874a008bfde076/Sim101' Name='Target1' New state='Working' Instrument='MES SEP26' Action='Sell' Limit price=7636.75 Stop price=0 Quantity=10 Type='Limit' Time in force=GTC Oco='e4ee6be2fb4242d39b1ab82b56feff8d' Filled=0 Fill price=0 Error='No error' Native error='',
8/3/2026 4:25:38 PM,Order,Order='3c93f0cca98141a6b9874a008bfde076/Sim101' Name='Target1' New state='Accepted' Instrument='MES SEP26' Action='Sell' Limit price=7636.75 Stop price=0 Quantity=10 Type='Limit' Time in force=GTC Oco='e4ee6be2fb4242d39b1ab82b56feff8d' Filled=0 Fill price=0 Error='No error' Native error='',
8/3/2026 4:25:38 PM,Order,Order='c47db6c274f94ae685aa31b27687169f/Sim101' Name='Stop1' New state='Accepted' Instrument='MES SEP26' Action='Sell' Limit price=0 Stop price=7630.75 Quantity=10 Type='Stop Market' Time in force=GTC Oco='e4ee6be2fb4242d39b1ab82b56feff8d' Filled=0 Fill price=0 Error='No error' Native error='',
8/3/2026 4:25:38 PM,Order,Order='3c93f0cca98141a6b9874a008bfde076/Sim101' Name='Target1' New state='Submitted' Instrument='MES SEP26' Action='Sell' Limit price=7636.75 Stop price=0 Quantity=10 Type='Limit' Time in force=GTC Oco='e4ee6be2fb4242d39b1ab82b56feff8d' Filled=0 Fill price=0 Error='No error' Native error='',
8/3/2026 4:25:38 PM,Order,Order='c47db6c274f94ae685aa31b27687169f/Sim101' Name='Stop1' New state='Submitted' Instrument='MES SEP26' Action='Sell' Limit price=0 Stop price=7630.75 Quantity=10 Type='Stop Market' Time in force=GTC Oco='e4ee6be2fb4242d39b1ab82b56feff8d' Filled=0 Fill price=0 Error='No error' Native error='',
8/3/2026 4:25:38 PM,Position,Instrument='MES SEP26' Account='Sim101' Average price=7634.75 Quantity=10 Market position=Long Operation=Operation_Add,
8/3/2026 4:25:38 PM,Order,Order='022cf35e84334be7ab585e938705d8c1/Sim101' Name='Entry' New state='Filled' Instrument='MES SEP26' Action='Buy' Limit price=0 Stop price=0 Quantity=10 Type='Market' Time in force=GTC Oco='' Filled=10 Fill price=7634.75 Error='No error' Native error='',
8/3/2026 4:25:38 PM,Execution,Execution='11c2d7b471a04c1789653a5a9ace0277' Instrument='MES SEP26' Account='Sim101' Exchange=Default Price=7634.75 Quantity=10 Market position=Long Operation=Operation_Add Order='022cf35e84334be7ab585e938705d8c1' Time='8/3/2026 4:25 PM',
8/3/2026 4:25:38 PM,Order,Order='022cf35e84334be7ab585e938705d8c1/Sim101' Name='Entry' New state='Accepted' Instrument='MES SEP26' Action='Buy' Limit price=0 Stop price=0 Quantity=10 Type='Market' Time in force=GTC Oco='' Filled=0 Fill price=0 Error='No error' Native error='',
8/3/2026 4:25:38 PM,Order,Order='022cf35e84334be7ab585e938705d8c1/Sim101' Name='Entry' New state='Working' Instrument='MES SEP26' Action='Buy' Limit price=0 Stop price=0 Quantity=10 Type='Market' Time in force=GTC Oco='' Filled=0 Fill price=0 Error='No error' Native error='',
8/3/2026 4:25:38 PM,Order,Order='022cf35e84334be7ab585e938705d8c1/Sim101' Name='Entry' New state='Submitted' Instrument='MES SEP26' Action='Buy' Limit price=0 Stop price=0 Quantity=10 Type='Market' Time in force=GTC Oco='' Filled=0 Fill price=0 Error='No error' Native error='',
8/3/2026 4:25:38 PM,Order,Static SuperDOM submitting order with strategy 'MES $200 SL4 - 1' (Ticks),
8/3/2026 4:25:31 PM,Position,Instrument='MES SEP26' Account='Sim101' Average price=0 Quantity=0 Market position=Flat Operation=Remove,
8/3/2026 4:25:31 PM,Order,Order='f520d583c8eb4096891407938ad9b1f8/Sim101' Name='Close' New state='Filled' Instrument='MES SEP26' Action='Buy to cover' Limit price=0 Stop price=0 Quantity=10 Type='Market' Time in force=DAY Oco='' Filled=10 Fill price=7634.75 Error='No error' Native error='',
8/3/2026 4:25:31 PM,Execution,Execution='77631317adf040e8a7e46dc077fd45c7' Instrument='MES SEP26' Account='Sim101' Exchange=Default Price=7634.75 Quantity=10 Market position=Long Operation=Operation_Add Order='f520d583c8eb4096891407938ad9b1f8' Time='8/3/2026 4:25 PM',
8/3/2026 4:25:31 PM,Order,Order='f520d583c8eb4096891407938ad9b1f8/Sim101' Name='Close' New state='Accepted' Instrument='MES SEP26' Action='Buy to cover' Limit price=0 Stop price=0 Quantity=10 Type='Market' Time in force=DAY Oco='' Filled=0 Fill price=0 Error='No error' Native error='',
8/3/2026 4:25:31 PM,Order,Order='f520d583c8eb4096891407938ad9b1f8/Sim101' Name='Close' New state='Working' Instrument='MES SEP26' Action='Buy to cover' Limit price=0 Stop price=0 Quantity=10 Type='Market' Time in force=DAY Oco='' Filled=0 Fill price=0 Error='No error' Native error='',
8/3/2026 4:25:31 PM,Order,Order='f520d583c8eb4096891407938ad9b1f8/Sim101' Name='Close' New state='Submitted' Instrument='MES SEP26' Action='Buy to cover' Limit price=0 Stop price=0 Quantity=10 Type='Market' Time in force=DAY Oco='' Filled=0 Fill price=0 Error='No error' Native error='',
8/3/2026 4:25:31 PM,Order,Order='49be76c77f1b46be8b072ed6c11d53f9/Sim101' Name='Stop1' New state='Cancelled' Instrument='MES SEP26' Action='Buy to cover' Limit price=0 Stop price=7639.25 Quantity=10 Type='Stop Market' Time in force=GTC Oco='1d823de9d7044b9c899fe6c3421f80b0' Filled=0 Fill price=0 Error='No error' Native error='',
8/3/2026 4:25:31 PM,Order,Order='fdd5cbcd074c40879fd2afd26ae0d382/Sim101' Name='Target1' New state='Cancelled' Instrument='MES SEP26' Action='Buy to cover' Limit price=7633.25 Stop price=0 Quantity=10 Type='Limit' Time in force=GTC Oco='1d823de9d7044b9c899fe6c3421f80b0' Filled=0 Fill price=0 Error='No error' Native error='',
8/3/2026 4:25:31 PM,Order,Order='49be76c77f1b46be8b072ed6c11d53f9/Sim101' Name='Stop1' New state='Cancel submitted' Instrument='MES SEP26' Action='Buy to cover' Limit price=0 Stop price=7639.25 Quantity=10 Type='Stop Market' Time in force=GTC Oco='1d823de9d7044b9c899fe6c3421f80b0' Filled=0 Fill price=0 Error='No error' Native error='',
8/3/2026 4:25:31 PM,Order,Order='fdd5cbcd074c40879fd2afd26ae0d382/Sim101' Name='Target1' New state='Cancel submitted' Instrument='MES SEP26' Action='Buy to cover' Limit price=7633.25 Stop price=0 Quantity=10 Type='Limit' Time in force=GTC Oco='1d823de9d7044b9c899fe6c3421f80b0' Filled=0 Fill price=0 Error='No error' Native error='',
8/3/2026 4:25:31 PM,Default,Position grid close position,
8/3/2026 4:25:31 PM,Position,Instrument='MES SEP26' Account='Sim102' Average price=0 Quantity=0 Market position=Flat Operation=Remove,
8/3/2026 4:25:31 PM,Order,Order='350e7bf1c0d640f5b8e71569384abcc9/Sim102' Name='Close' New state='Filled' Instrument='MES SEP26' Action='Buy to cover' Limit price=0 Stop price=0 Quantity=10 Type='Market' Time in force=DAY Oco='' Filled=10 Fill price=7634.75 Error='No error' Native error='',
8/3/2026 4:25:31 PM,Execution,Execution='4c1593d06a274fce9602225bfefdb1b7' Instrument='MES SEP26' Account='Sim102' Exchange=Default Price=7634.75 Quantity=10 Market position=Long Operation=Operation_Add Order='350e7bf1c0d640f5b8e71569384abcc9' Time='8/3/2026 4:25 PM',
8/3/2026 4:25:31 PM,Order,Order='350e7bf1c0d640f5b8e71569384abcc9/Sim102' Name='Close' New state='Accepted' Instrument='MES SEP26' Action='Buy to cover' Limit price=0 Stop price=0 Quantity=10 Type='Market' Time in force=DAY Oco='' Filled=0 Fill price=0 Error='No error' Native error='',
8/3/2026 4:25:31 PM,Order,Order='350e7bf1c0d640f5b8e71569384abcc9/Sim102' Name='Close' New state='Working' Instrument='MES SEP26' Action='Buy to cover' Limit price=0 Stop price=0 Quantity=10 Type='Market' Time in force=DAY Oco='' Filled=0 Fill price=0 Error='No error' Native error='',
8/3/2026 4:25:31 PM,Order,Order='350e7bf1c0d640f5b8e71569384abcc9/Sim102' Name='Close' New state='Submitted' Instrument='MES SEP26' Action='Buy to cover' Limit price=0 Stop price=0 Quantity=10 Type='Market' Time in force=DAY Oco='' Filled=0 Fill price=0 Error='No error' Native error='',
8/3/2026 4:25:31 PM,Order,Order='49b3a608da8d47bd87a76625cb455ea8/Sim102' Name='Target1' New state='Cancelled' Instrument='MES SEP26' Action='Buy to cover' Limit price=7633.25 Stop price=0 Quantity=10 Type='Limit' Time in force=GTC Oco='df15ce250edf4852975392a9554b576f' Filled=0 Fill price=0 Error='No error' Native error='',
8/3/2026 4:25:31 PM,Order,Order='e92fde5d85af4ab9b6d82e1c29317d29/Sim102' Name='Stop1' New state='Cancelled' Instrument='MES SEP26' Action='Buy to cover' Limit price=0 Stop price=7639.25 Quantity=10 Type='Stop Market' Time in force=GTC Oco='df15ce250edf4852975392a9554b576f' Filled=0 Fill price=0 Error='No error' Native error='',
8/3/2026 4:25:30 PM,Order,Order='49b3a608da8d47bd87a76625cb455ea8/Sim102' Name='Target1' New state='Cancel submitted' Instrument='MES SEP26' Action='Buy to cover' Limit price=7633.25 Stop price=0 Quantity=10 Type='Limit' Time in force=GTC Oco='df15ce250edf4852975392a9554b576f' Filled=0 Fill price=0 Error='No error' Native error='',
8/3/2026 4:25:30 PM,Order,Order='e92fde5d85af4ab9b6d82e1c29317d29/Sim102' Name='Stop1' New state='Cancel submitted' Instrument='MES SEP26' Action='Buy to cover' Limit price=0 Stop price=7639.25 Quantity=10 Type='Stop Market' Time in force=GTC Oco='df15ce250edf4852975392a9554b576f' Filled=0 Fill price=0 Error='No error' Native error='',
8/3/2026 4:25:30 PM,Default,Position grid close position,
8/3/2026 4:24:12 PM,Order,Order='e92fde5d85af4ab9b6d82e1c29317d29/Sim102' Name='Stop1' New state='Accepted' Instrument='MES SEP26' Action='Buy to cover' Limit price=0 Stop price=7639.25 Quantity=10 Type='Stop Market' Time in force=GTC Oco='df15ce250edf4852975392a9554b576f' Filled=0 Fill price=0 Error='No error' Native error='',
8/3/2026 4:24:12 PM,Order,Order='49b3a608da8d47bd87a76625cb455ea8/Sim102' Name='Target1' New state='Accepted' Instrument='MES SEP26' Action='Buy to cover' Limit price=7633.25 Stop price=0 Quantity=10 Type='Limit' Time in force=GTC Oco='df15ce250edf4852975392a9554b576f' Filled=0 Fill price=0 Error='No error' Native error='',
8/3/2026 4:24:12 PM,Order,Order='49b3a608da8d47bd87a76625cb455ea8/Sim102' Name='Target1' New state='Working' Instrument='MES SEP26' Action='Buy to cover' Limit price=7633.25 Stop price=0 Quantity=10 Type='Limit' Time in force=GTC Oco='df15ce250edf4852975392a9554b576f' Filled=0 Fill price=0 Error='No error' Native error='',
8/3/2026 4:24:12 PM,Order,Order='49b3a608da8d47bd87a76625cb455ea8/Sim102' Name='Target1' New state='Submitted' Instrument='MES SEP26' Action='Buy to cover' Limit price=7633.25 Stop price=0 Quantity=10 Type='Limit' Time in force=GTC Oco='df15ce250edf4852975392a9554b576f' Filled=0 Fill price=0 Error='No error' Native error='',
8/3/2026 4:24:12 PM,Order,Order='e92fde5d85af4ab9b6d82e1c29317d29/Sim102' Name='Stop1' New state='Submitted' Instrument='MES SEP26' Action='Buy to cover' Limit price=0 Stop price=7639.25 Quantity=10 Type='Stop Market' Time in force=GTC Oco='df15ce250edf4852975392a9554b576f' Filled=0 Fill price=0 Error='No error' Native error='',
8/3/2026 4:24:12 PM,Execution,Execution='42fe9199749d48f6b8bcd305677b89b7' Instrument='MES SEP26' Account='Sim102' Exchange=Default Price=7635 Quantity=1 Market position=Short Operation=Operation_Add Order='a9623363f68a43e183ea3c25a26a3492' Time='8/3/2026 4:24 PM',
8/3/2026 4:24:12 PM,Position,Instrument='MES SEP26' Account='Sim102' Average price=7635.225 Quantity=10 Market position=Short Operation=Update,
8/3/2026 4:24:12 PM,Order,Order='a9623363f68a43e183ea3c25a26a3492/Sim102' Name='Entry' New state='Filled' Instrument='MES SEP26' Action='Sell' Limit price=0 Stop price=0 Quantity=10 Type='Market' Time in force=GTC Oco='' Filled=10 Fill price=7635.225 Error='No error' Native error='',
8/3/2026 4:24:12 PM,Position,Instrument='MES SEP26' Account='Sim102' Average price=7635.25 Quantity=9 Market position=Short Operation=Operation_Add,
8/3/2026 4:24:12 PM,Execution,Execution='e4747e2a965049f8886287d5d184f3ac' Instrument='MES SEP26' Account='Sim102' Exchange=Default Price=7635.25 Quantity=9 Market position=Short Operation=Operation_Add Order='a9623363f68a43e183ea3c25a26a3492' Time='8/3/2026 4:24 PM',
8/3/2026 4:24:12 PM,Order,Order='a9623363f68a43e183ea3c25a26a3492/Sim102' Name='Entry' New state='Partially filled' Instrument='MES SEP26' Action='Sell' Limit price=0 Stop price=0 Quantity=10 Type='Market' Time in force=GTC Oco='' Filled=9 Fill price=7635.25 Error='No error' Native error='',
8/3/2026 4:24:12 PM,Order,Order='a9623363f68a43e183ea3c25a26a3492/Sim102' Name='Entry' New state='Accepted' Instrument='MES SEP26' Action='Sell' Limit price=0 Stop price=0 Quantity=10 Type='Market' Time in force=GTC Oco='' Filled=0 Fill price=0 Error='No error' Native error='',
8/3/2026 4:24:12 PM,Order,Order='a9623363f68a43e183ea3c25a26a3492/Sim102' Name='Entry' New state='Working' Instrument='MES SEP26' Action='Sell' Limit price=0 Stop price=0 Quantity=10 Type='Market' Time in force=GTC Oco='' Filled=0 Fill price=0 Error='No error' Native error='',
8/3/2026 4:24:11 PM,Order,Order='a9623363f68a43e183ea3c25a26a3492/Sim102' Name='Entry' New state='Submitted' Instrument='MES SEP26' Action='Sell' Limit price=0 Stop price=0 Quantity=10 Type='Market' Time in force=GTC Oco='' Filled=0 Fill price=0 Error='No error' Native error='',
8/3/2026 4:24:11 PM,Order,Static SuperDOM submitting order with strategy 'MES $200 SL4 - 2' (Ticks),
8/3/2026 4:24:11 PM,Order,Order='fdd5cbcd074c40879fd2afd26ae0d382/Sim101' Name='Target1' New state='Working' Instrument='MES SEP26' Action='Buy to cover' Limit price=7633.25 Stop price=0 Quantity=10 Type='Limit' Time in force=GTC Oco='1d823de9d7044b9c899fe6c3421f80b0' Filled=0 Fill price=0 Error='No error' Native error='',
8/3/2026 4:24:11 PM,Order,Order='fdd5cbcd074c40879fd2afd26ae0d382/Sim101' Name='Target1' New state='Accepted' Instrument='MES SEP26' Action='Buy to cover' Limit price=7633.25 Stop price=0 Quantity=10 Type='Limit' Time in force=GTC Oco='1d823de9d7044b9c899fe6c3421f80b0' Filled=0 Fill price=0 Error='No error' Native error='',
8/3/2026 4:24:11 PM,Order,Order='49be76c77f1b46be8b072ed6c11d53f9/Sim101' Name='Stop1' New state='Accepted' Instrument='MES SEP26' Action='Buy to cover' Limit price=0 Stop price=7639.25 Quantity=10 Type='Stop Market' Time in force=GTC Oco='1d823de9d7044b9c899fe6c3421f80b0' Filled=0 Fill price=0 Error='No error' Native error='',
8/3/2026 4:24:11 PM,Order,Order='fdd5cbcd074c40879fd2afd26ae0d382/Sim101' Name='Target1' New state='Submitted' Instrument='MES SEP26' Action='Buy to cover' Limit price=7633.25 Stop price=0 Quantity=10 Type='Limit' Time in force=GTC Oco='1d823de9d7044b9c899fe6c3421f80b0' Filled=0 Fill price=0 Error='No error' Native error='',
8/3/2026 4:24:11 PM,Order,Order='49be76c77f1b46be8b072ed6c11d53f9/Sim101' Name='Stop1' New state='Submitted' Instrument='MES SEP26' Action='Buy to cover' Limit price=0 Stop price=7639.25 Quantity=10 Type='Stop Market' Time in force=GTC Oco='1d823de9d7044b9c899fe6c3421f80b0' Filled=0 Fill price=0 Error='No error' Native error='',
8/3/2026 4:24:11 PM,Position,Instrument='MES SEP26' Account='Sim101' Average price=7635.25 Quantity=10 Market position=Short Operation=Operation_Add,
8/3/2026 4:24:11 PM,Execution,Execution='1e8d353125ea47f99e4f2288cb00927a' Instrument='MES SEP26' Account='Sim101' Exchange=Default Price=7635.25 Quantity=10 Market position=Short Operation=Operation_Add Order='a085c83862aa40df8a0131e43107ba17' Time='8/3/2026 4:24 PM',
8/3/2026 4:24:11 PM,Order,Order='a085c83862aa40df8a0131e43107ba17/Sim101' Name='Entry' New state='Filled' Instrument='MES SEP26' Action='Sell' Limit price=0 Stop price=0 Quantity=10 Type='Market' Time in force=GTC Oco='' Filled=10 Fill price=7635.25 Error='No error' Native error='',
8/3/2026 4:24:11 PM,Order,Order='a085c83862aa40df8a0131e43107ba17/Sim101' Name='Entry' New state='Accepted' Instrument='MES SEP26' Action='Sell' Limit price=0 Stop price=0 Quantity=10 Type='Market' Time in force=GTC Oco='' Filled=0 Fill price=0 Error='No error' Native error='',
8/3/2026 4:24:11 PM,Order,Order='a085c83862aa40df8a0131e43107ba17/Sim101' Name='Entry' New state='Working' Instrument='MES SEP26' Action='Sell' Limit price=0 Stop price=0 Quantity=10 Type='Market' Time in force=GTC Oco='' Filled=0 Fill price=0 Error='No error' Native error='',
8/3/2026 4:24:11 PM,Order,Order='a085c83862aa40df8a0131e43107ba17/Sim101' Name='Entry' New state='Submitted' Instrument='MES SEP26' Action='Sell' Limit price=0 Stop price=0 Quantity=10 Type='Market' Time in force=GTC Oco='' Filled=0 Fill price=0 Error='No error' Native error='',
8/3/2026 4:24:11 PM,Order,Static SuperDOM submitting order with strategy 'MES $200 SL4 - 1' (Ticks),
8/3/2026 4:24:06 PM,Position,Instrument='MES SEP26' Account='Sim102' Average price=0 Quantity=0 Market position=Flat Operation=Remove,
8/3/2026 4:24:06 PM,Execution,Execution='3f6b62c7355e43219795e122301605b2' Instrument='MES SEP26' Account='Sim102' Exchange=Default Price=7635.5 Quantity=10 Market position=Long Operation=Operation_Add Order='f1a3aa7326be4744b5eec417f364b951' Time='8/3/2026 4:24 PM',
8/3/2026 4:24:06 PM,Order,Order='f1a3aa7326be4744b5eec417f364b951/Sim102' Name='Close' New state='Filled' Instrument='MES SEP26' Action='Buy to cover' Limit price=0 Stop price=0 Quantity=10 Type='Market' Time in force=DAY Oco='' Filled=10 Fill price=7635.5 Error='No error' Native error='',
8/3/2026 4:24:06 PM,Order,Order='f1a3aa7326be4744b5eec417f364b951/Sim102' Name='Close' New state='Accepted' Instrument='MES SEP26' Action='Buy to cover' Limit price=0 Stop price=0 Quantity=10 Type='Market' Time in force=DAY Oco='' Filled=0 Fill price=0 Error='No error' Native error='',
8/3/2026 4:24:06 PM,Order,Order='f1a3aa7326be4744b5eec417f364b951/Sim102' Name='Close' New state='Working' Instrument='MES SEP26' Action='Buy to cover' Limit price=0 Stop price=0 Quantity=10 Type='Market' Time in force=DAY Oco='' Filled=0 Fill price=0 Error='No error' Native error='',
8/3/2026 4:24:06 PM,Order,Order='f1a3aa7326be4744b5eec417f364b951/Sim102' Name='Close' New state='Submitted' Instrument='MES SEP26' Action='Buy to cover' Limit price=0 Stop price=0 Quantity=10 Type='Market' Time in force=DAY Oco='' Filled=0 Fill price=0 Error='No error' Native error='',
8/3/2026 4:24:06 PM,Default,Position grid close position,
8/3/2026 4:24:05 PM,Order,Order='8cb1e77c5daf44119c4d31b598cfd328/Sim102' Name='PTT-BE-Stop' New state='Cancelled' Instrument='MES SEP26' Action='Buy to cover' Limit price=0 Stop price=7635.75 Quantity=10 Type='Stop Market' Time in force=GTC Oco='' Filled=0 Fill price=0 Error='No error' Native error='',
8/3/2026 4:24:05 PM,Order,Order='8cb1e77c5daf44119c4d31b598cfd328/Sim102' Name='PTT-BE-Stop' New state='Cancel submitted' Instrument='MES SEP26' Action='Buy to cover' Limit price=0 Stop price=7635.75 Quantity=10 Type='Stop Market' Time in force=GTC Oco='' Filled=0 Fill price=0 Error='No error' Native error='',
8/3/2026 4:24:04 PM,Order,Order='7da0c33d3d5f47608a82a425ec7b921b/Sim102' Name='PTT-BE-Stop' New state='Cancelled' Instrument='MES SEP26' Action='Buy to cover' Limit price=0 Stop price=7635.75 Quantity=10 Type='Stop Market' Time in force=GTC Oco='' Filled=0 Fill price=0 Error='No error' Native error='',
8/3/2026 4:24:04 PM,Order,Order='7da0c33d3d5f47608a82a425ec7b921b/Sim102' Name='PTT-BE-Stop' New state='Cancel submitted' Instrument='MES SEP26' Action='Buy to cover' Limit price=0 Stop price=7635.75 Quantity=10 Type='Stop Market' Time in force=GTC Oco='' Filled=0 Fill price=0 Error='No error' Native error='',
8/3/2026 4:24:00 PM,Default,Chart Trader close position,
8/3/2026 4:24:00 PM,Default,Cancel all orders account='Sim101',
8/3/2026 4:24:00 PM,Default,Chart Trader close position,
8/3/2026 4:24:00 PM,Default,Cancel all orders account='Sim101',
8/3/2026 4:23:59 PM,Default,Chart Trader close position,
8/3/2026 4:23:59 PM,Default,Cancel all orders account='Sim101',
8/3/2026 4:23:56 PM,Order,Order='7da0c33d3d5f47608a82a425ec7b921b/Sim102' Name='PTT-BE-Stop' New state='Accepted' Instrument='MES SEP26' Action='Buy to cover' Limit price=0 Stop price=7635.75 Quantity=10 Type='Stop Market' Time in force=GTC Oco='' Filled=0 Fill price=0 Error='No error' Native error='',
8/3/2026 4:23:56 PM,Order,Order='7da0c33d3d5f47608a82a425ec7b921b/Sim102' Name='PTT-BE-Stop' New state='Submitted' Instrument='MES SEP26' Action='Buy to cover' Limit price=0 Stop price=7635.75 Quantity=10 Type='Stop Market' Time in force=GTC Oco='' Filled=0 Fill price=0 Error='No error' Native error='',
8/3/2026 4:23:54 PM,Order,Order='8cb1e77c5daf44119c4d31b598cfd328/Sim102' Name='PTT-BE-Stop' New state='Accepted' Instrument='MES SEP26' Action='Buy to cover' Limit price=0 Stop price=7635.75 Quantity=10 Type='Stop Market' Time in force=GTC Oco='' Filled=0 Fill price=0 Error='No error' Native error='',
8/3/2026 4:23:54 PM,Order,Order='8cb1e77c5daf44119c4d31b598cfd328/Sim102' Name='PTT-BE-Stop' New state='Submitted' Instrument='MES SEP26' Action='Buy to cover' Limit price=0 Stop price=7635.75 Quantity=10 Type='Stop Market' Time in force=GTC Oco='' Filled=0 Fill price=0 Error='No error' Native error='',
8/3/2026 4:23:53 PM,Default,Chart Trader close position,
8/3/2026 4:23:53 PM,Default,Cancel all orders account='Sim101',
8/3/2026 4:23:52 PM,Position,Instrument='MES SEP26' Account='Sim101' Average price=0 Quantity=0 Market position=Flat Operation=Remove,
8/3/2026 4:23:52 PM,Order,Order='7ca86bba5c034a7a94c85752cbbee1a8/Sim101' Name='Close' New state='Filled' Instrument='MES SEP26' Action='Buy to cover' Limit price=0 Stop price=0 Quantity=10 Type='Market' Time in force=DAY Oco='' Filled=10 Fill price=7635.5 Error='No error' Native error='',
8/3/2026 4:23:52 PM,Execution,Execution='7d56a2ddb10a4a428aaa1db804e70676' Instrument='MES SEP26' Account='Sim101' Exchange=Default Price=7635.5 Quantity=10 Market position=Long Operation=Operation_Add Order='7ca86bba5c034a7a94c85752cbbee1a8' Time='8/3/2026 4:23 PM',
8/3/2026 4:23:52 PM,Order,Order='7ca86bba5c034a7a94c85752cbbee1a8/Sim101' Name='Close' New state='Accepted' Instrument='MES SEP26' Action='Buy to cover' Limit price=0 Stop price=0 Quantity=10 Type='Market' Time in force=DAY Oco='' Filled=0 Fill price=0 Error='No error' Native error='',
8/3/2026 4:23:52 PM,Order,Order='7ca86bba5c034a7a94c85752cbbee1a8/Sim101' Name='Close' New state='Working' Instrument='MES SEP26' Action='Buy to cover' Limit price=0 Stop price=0 Quantity=10 Type='Market' Time in force=DAY Oco='' Filled=0 Fill price=0 Error='No error' Native error='',
8/3/2026 4:23:52 PM,Order,Order='7ca86bba5c034a7a94c85752cbbee1a8/Sim101' Name='Close' New state='Submitted' Instrument='MES SEP26' Action='Buy to cover' Limit price=0 Stop price=0 Quantity=10 Type='Market' Time in force=DAY Oco='' Filled=0 Fill price=0 Error='No error' Native error='',
8/3/2026 4:23:52 PM,Default,Chart Trader close position,
8/3/2026 4:23:43 PM,Order,Order='73f946aed3624c318f80ea65fde5d72d/Sim102' Name='Target1' New state='Cancelled' Instrument='MES SEP26' Action='Buy to cover' Limit price=7633.25 Stop price=0 Quantity=10 Type='Limit' Time in force=GTC Oco='07a15309833b43c6909d8af9feb120f8' Filled=0 Fill price=0 Error='No error' Native error='',
8/3/2026 4:23:43 PM,Order,Order='532e956eb04648ada6b7cf4682bb76c2/Sim102' Name='Stop1' New state='Cancelled' Instrument='MES SEP26' Action='Buy to cover' Limit price=0 Stop price=7640 Quantity=10 Type='Stop Market' Time in force=GTC Oco='07a15309833b43c6909d8af9feb120f8' Filled=0 Fill price=0 Error='No error' Native error='',
8/3/2026 4:23:43 PM,Order,Order='4a0501f9743c406e98d6ed349498d445/Sim101' Name='Stop1' New state='Cancelled' Instrument='MES SEP26' Action='Buy to cover' Limit price=0 Stop price=7640 Quantity=10 Type='Stop Market' Time in force=GTC Oco='bd09e90213f24537bd8fbf6a82461f9d' Filled=0 Fill price=0 Error='No error' Native error='',
8/3/2026 4:23:43 PM,Order,Order='dcb6db4f4ad1485eabc23bc5eec03c96/Sim101' Name='Target1' New state='Cancelled' Instrument='MES SEP26' Action='Buy to cover' Limit price=7626 Stop price=0 Quantity=10 Type='Limit' Time in force=GTC Oco='bd09e90213f24537bd8fbf6a82461f9d' Filled=0 Fill price=0 Error='No error' Native error='',
8/3/2026 4:23:43 PM,Order,Sim102 Order '2d4f15e0f1e84c14950e68a407bd843d' can't be submitted: The OCO ID ‘PTT-BEG-00004-21-0-0’ cannot be reused. Please use a new OCO ID. affected Order: BuyToCover 10 Limit @ 7633.25,
8/3/2026 4:23:43 PM,Order,Order='9b9aa9dd80d54b75a9b2f6ac783f710e/Sim102' Name='PTT-BE-Stop-1' New state='Rejected' Instrument='MES SEP26' Action='Buy to cover' Limit price=0 Stop price=7635.75 Quantity=10 Type='Stop Market' Time in force=GTC Oco='PTT-BEG-00004-21-0-0' Filled=0 Fill price=0 Error='Unable to submit order' Native error='Order '9b9aa9dd80d54b75a9b2f6ac783f710e' can't be submitted: The OCO ID ‘PTT-BEG-00004-21-0-0’ cannot be reused. Please use a new OCO ID.',
8/3/2026 4:23:43 PM,Order,Sim102 Order '9b9aa9dd80d54b75a9b2f6ac783f710e' can't be submitted: The OCO ID ‘PTT-BEG-00004-21-0-0’ cannot be reused. Please use a new OCO ID. affected Order: BuyToCover 10 StopMarket @ 7635.75,
8/3/2026 4:23:43 PM,Order,Order='2d4f15e0f1e84c14950e68a407bd843d/Sim102' Name='PTT-BE-Target-1' New state='Rejected' Instrument='MES SEP26' Action='Buy to cover' Limit price=7633.25 Stop price=0 Quantity=10 Type='Limit' Time in force=GTC Oco='PTT-BEG-00004-21-0-0' Filled=0 Fill price=0 Error='Unable to submit order' Native error='Order '2d4f15e0f1e84c14950e68a407bd843d' can't be submitted: The OCO ID ‘PTT-BEG-00004-21-0-0’ cannot be reused. Please use a new OCO ID.',
8/3/2026 4:23:43 PM,Order,Order='73f946aed3624c318f80ea65fde5d72d/Sim102' Name='Target1' New state='Cancel submitted' Instrument='MES SEP26' Action='Buy to cover' Limit price=7633.25 Stop price=0 Quantity=10 Type='Limit' Time in force=GTC Oco='07a15309833b43c6909d8af9feb120f8' Filled=0 Fill price=0 Error='No error' Native error='',
8/3/2026 4:23:43 PM,Order,Order='532e956eb04648ada6b7cf4682bb76c2/Sim102' Name='Stop1' New state='Cancel submitted' Instrument='MES SEP26' Action='Buy to cover' Limit price=0 Stop price=7640 Quantity=10 Type='Stop Market' Time in force=GTC Oco='07a15309833b43c6909d8af9feb120f8' Filled=0 Fill price=0 Error='No error' Native error='',
8/3/2026 4:23:43 PM,Order,Order='3e0e51f272f2414ab84c12fd21383416/Sim101' Name='PTT-BE-Target-1' New state='Rejected' Instrument='MES SEP26' Action='Buy to cover' Limit price=7626 Stop price=0 Quantity=10 Type='Limit' Time in force=GTC Oco='PTT-BEG-00004-2-0-0' Filled=0 Fill price=0 Error='Unable to submit order' Native error='Order '3e0e51f272f2414ab84c12fd21383416' can't be submitted: The OCO ID ‘PTT-BEG-00004-2-0-0’ cannot be reused. Please use a new OCO ID.',
8/3/2026 4:23:43 PM,Order,Sim101 Order '3e0e51f272f2414ab84c12fd21383416' can't be submitted: The OCO ID ‘PTT-BEG-00004-2-0-0’ cannot be reused. Please use a new OCO ID. affected Order: BuyToCover 10 Limit @ 7626,
8/3/2026 4:23:43 PM,Order,Sim101 Order '2a6a184aa53341d8a926589882eb0549' can't be submitted: The OCO ID ‘PTT-BEG-00004-2-0-0’ cannot be reused. Please use a new OCO ID. affected Order: BuyToCover 10 StopMarket @ 7636,
8/3/2026 4:23:43 PM,Order,Order='2a6a184aa53341d8a926589882eb0549/Sim101' Name='PTT-BE-Stop-1' New state='Rejected' Instrument='MES SEP26' Action='Buy to cover' Limit price=0 Stop price=7636 Quantity=10 Type='Stop Market' Time in force=GTC Oco='PTT-BEG-00004-2-0-0' Filled=0 Fill price=0 Error='Unable to submit order' Native error='Order '2a6a184aa53341d8a926589882eb0549' can't be submitted: The OCO ID ‘PTT-BEG-00004-2-0-0’ cannot be reused. Please use a new OCO ID.',
8/3/2026 4:23:43 PM,Order,Order='4a0501f9743c406e98d6ed349498d445/Sim101' Name='Stop1' New state='Cancel submitted' Instrument='MES SEP26' Action='Buy to cover' Limit price=0 Stop price=7640 Quantity=10 Type='Stop Market' Time in force=GTC Oco='bd09e90213f24537bd8fbf6a82461f9d' Filled=0 Fill price=0 Error='No error' Native error='',
8/3/2026 4:23:43 PM,Order,Order='dcb6db4f4ad1485eabc23bc5eec03c96/Sim101' Name='Target1' New state='Cancel submitted' Instrument='MES SEP26' Action='Buy to cover' Limit price=7626 Stop price=0 Quantity=10 Type='Limit' Time in force=GTC Oco='bd09e90213f24537bd8fbf6a82461f9d' Filled=0 Fill price=0 Error='No error' Native error='',
8/3/2026 4:22:04 PM,Order,Order='73f946aed3624c318f80ea65fde5d72d/Sim102' Name='Target1' New state='Accepted' Instrument='MES SEP26' Action='Buy to cover' Limit price=7633.25 Stop price=0 Quantity=10 Type='Limit' Time in force=GTC Oco='07a15309833b43c6909d8af9feb120f8' Filled=0 Fill price=0 Error='No error' Native error='',
8/3/2026 4:22:04 PM,Order,Order='73f946aed3624c318f80ea65fde5d72d/Sim102' Name='Target1' New state='Working' Instrument='MES SEP26' Action='Buy to cover' Limit price=7633.25 Stop price=0 Quantity=10 Type='Limit' Time in force=GTC Oco='07a15309833b43c6909d8af9feb120f8' Filled=0 Fill price=0 Error='No error' Native error='',
8/3/2026 4:22:03 PM,Order,Order='73f946aed3624c318f80ea65fde5d72d/Sim102' Name='Target1' New state='Change submitted' Instrument='MES SEP26' Action='Buy to cover' Limit price=7633.25 Stop price=0 Quantity=10 Type='Limit' Time in force=GTC Oco='07a15309833b43c6909d8af9feb120f8' Filled=0 Fill price=0 Error='No error' Native error='',
8/3/2026 4:22:00 PM,Order,Order='dcb6db4f4ad1485eabc23bc5eec03c96/Sim101' Name='Target1' New state='Accepted' Instrument='MES SEP26' Action='Buy to cover' Limit price=7626 Stop price=0 Quantity=10 Type='Limit' Time in force=GTC Oco='bd09e90213f24537bd8fbf6a82461f9d' Filled=0 Fill price=0 Error='No error' Native error='',
8/3/2026 4:22:00 PM,Order,Order='dcb6db4f4ad1485eabc23bc5eec03c96/Sim101' Name='Target1' New state='Working' Instrument='MES SEP26' Action='Buy to cover' Limit price=7626 Stop price=0 Quantity=10 Type='Limit' Time in force=GTC Oco='bd09e90213f24537bd8fbf6a82461f9d' Filled=0 Fill price=0 Error='No error' Native error='',
8/3/2026 4:22:00 PM,Order,Order='dcb6db4f4ad1485eabc23bc5eec03c96/Sim101' Name='Target1' New state='Change submitted' Instrument='MES SEP26' Action='Buy to cover' Limit price=7626 Stop price=0 Quantity=10 Type='Limit' Time in force=GTC Oco='bd09e90213f24537bd8fbf6a82461f9d' Filled=0 Fill price=0 Error='No error' Native error='',
8/3/2026 4:21:32 PM,Order,Order='dcb6db4f4ad1485eabc23bc5eec03c96/Sim101' Name='Target1' New state='Working' Instrument='MES SEP26' Action='Buy to cover' Limit price=7634 Stop price=0 Quantity=10 Type='Limit' Time in force=GTC Oco='bd09e90213f24537bd8fbf6a82461f9d' Filled=0 Fill price=0 Error='No error' Native error='',
8/3/2026 4:21:32 PM,Order,Order='4a0501f9743c406e98d6ed349498d445/Sim101' Name='Stop1' New state='Accepted' Instrument='MES SEP26' Action='Buy to cover' Limit price=0 Stop price=7640 Quantity=10 Type='Stop Market' Time in force=GTC Oco='bd09e90213f24537bd8fbf6a82461f9d' Filled=0 Fill price=0 Error='No error' Native error='',
8/3/2026 4:21:32 PM,Order,Order='dcb6db4f4ad1485eabc23bc5eec03c96/Sim101' Name='Target1' New state='Accepted' Instrument='MES SEP26' Action='Buy to cover' Limit price=7634 Stop price=0 Quantity=10 Type='Limit' Time in force=GTC Oco='bd09e90213f24537bd8fbf6a82461f9d' Filled=0 Fill price=0 Error='No error' Native error='',
8/3/2026 4:21:32 PM,Order,Order='dcb6db4f4ad1485eabc23bc5eec03c96/Sim101' Name='Target1' New state='Submitted' Instrument='MES SEP26' Action='Buy to cover' Limit price=7634 Stop price=0 Quantity=10 Type='Limit' Time in force=GTC Oco='bd09e90213f24537bd8fbf6a82461f9d' Filled=0 Fill price=0 Error='No error' Native error='',
8/3/2026 4:21:32 PM,Order,Order='4a0501f9743c406e98d6ed349498d445/Sim101' Name='Stop1' New state='Submitted' Instrument='MES SEP26' Action='Buy to cover' Limit price=0 Stop price=7640 Quantity=10 Type='Stop Market' Time in force=GTC Oco='bd09e90213f24537bd8fbf6a82461f9d' Filled=0 Fill price=0 Error='No error' Native error='',
8/3/2026 4:21:32 PM,Execution,Execution='d98aee214ac84a7eb0db39a6eea2c5a3' Instrument='MES SEP26' Account='Sim101' Exchange=Default Price=7636 Quantity=10 Market position=Short Operation=Operation_Add Order='578986759af3488da5bddda434e07078' Time='8/3/2026 4:21 PM',
8/3/2026 4:21:32 PM,Position,Instrument='MES SEP26' Account='Sim101' Average price=7636 Quantity=10 Market position=Short Operation=Operation_Add,
8/3/2026 4:21:32 PM,Order,Order='578986759af3488da5bddda434e07078/Sim101' Name='Entry' New state='Filled' Instrument='MES SEP26' Action='Sell' Limit price=0 Stop price=0 Quantity=10 Type='Market' Time in force=GTC Oco='' Filled=10 Fill price=7636 Error='No error' Native error='',
8/3/2026 4:21:32 PM,Order,Order='578986759af3488da5bddda434e07078/Sim101' Name='Entry' New state='Accepted' Instrument='MES SEP26' Action='Sell' Limit price=0 Stop price=0 Quantity=10 Type='Market' Time in force=GTC Oco='' Filled=0 Fill price=0 Error='No error' Native error='',
8/3/2026 4:21:32 PM,Order,Order='578986759af3488da5bddda434e07078/Sim101' Name='Entry' New state='Working' Instrument='MES SEP26' Action='Sell' Limit price=0 Stop price=0 Quantity=10 Type='Market' Time in force=GTC Oco='' Filled=0 Fill price=0 Error='No error' Native error='',
8/3/2026 4:21:32 PM,Order,Order='578986759af3488da5bddda434e07078/Sim101' Name='Entry' New state='Submitted' Instrument='MES SEP26' Action='Sell' Limit price=0 Stop price=0 Quantity=10 Type='Market' Time in force=GTC Oco='' Filled=0 Fill price=0 Error='No error' Native error='',
8/3/2026 4:21:32 PM,Order,Static SuperDOM submitting order with strategy 'MES $200 SL4 - 2' (Ticks),
8/3/2026 4:21:31 PM,Order,Order='73f946aed3624c318f80ea65fde5d72d/Sim102' Name='Target1' New state='Working' Instrument='MES SEP26' Action='Buy to cover' Limit price=7634 Stop price=0 Quantity=10 Type='Limit' Time in force=GTC Oco='07a15309833b43c6909d8af9feb120f8' Filled=0 Fill price=0 Error='No error' Native error='',
8/3/2026 4:21:31 PM,Order,Order='73f946aed3624c318f80ea65fde5d72d/Sim102' Name='Target1' New state='Accepted' Instrument='MES SEP26' Action='Buy to cover' Limit price=7634 Stop price=0 Quantity=10 Type='Limit' Time in force=GTC Oco='07a15309833b43c6909d8af9feb120f8' Filled=0 Fill price=0 Error='No error' Native error='',
8/3/2026 4:21:31 PM,Order,Order='532e956eb04648ada6b7cf4682bb76c2/Sim102' Name='Stop1' New state='Accepted' Instrument='MES SEP26' Action='Buy to cover' Limit price=0 Stop price=7640 Quantity=10 Type='Stop Market' Time in force=GTC Oco='07a15309833b43c6909d8af9feb120f8' Filled=0 Fill price=0 Error='No error' Native error='',
8/3/2026 4:21:31 PM,Position,Instrument='MES SEP26' Account='Sim102' Average price=7635.775 Quantity=10 Market position=Short Operation=Update,
8/3/2026 4:21:31 PM,Order,Order='73f946aed3624c318f80ea65fde5d72d/Sim102' Name='Target1' New state='Submitted' Instrument='MES SEP26' Action='Buy to cover' Limit price=7634 Stop price=0 Quantity=10 Type='Limit' Time in force=GTC Oco='07a15309833b43c6909d8af9feb120f8' Filled=0 Fill price=0 Error='No error' Native error='',
8/3/2026 4:21:31 PM,Order,Order='532e956eb04648ada6b7cf4682bb76c2/Sim102' Name='Stop1' New state='Submitted' Instrument='MES SEP26' Action='Buy to cover' Limit price=0 Stop price=7640 Quantity=10 Type='Stop Market' Time in force=GTC Oco='07a15309833b43c6909d8af9feb120f8' Filled=0 Fill price=0 Error='No error' Native error='',
8/3/2026 4:21:31 PM,Execution,Execution='bc8c0cd5ae3e48c587aca692cc535dd0' Instrument='MES SEP26' Account='Sim102' Exchange=Default Price=7635.75 Quantity=9 Market position=Short Operation=Operation_Add Order='61d1f2fb1f48405e93471fe47bebb5ec' Time='8/3/2026 4:21 PM',
8/3/2026 4:21:31 PM,Order,Order='61d1f2fb1f48405e93471fe47bebb5ec/Sim102' Name='Entry' New state='Filled' Instrument='MES SEP26' Action='Sell' Limit price=0 Stop price=0 Quantity=10 Type='Market' Time in force=GTC Oco='' Filled=10 Fill price=7635.775 Error='No error' Native error='',
8/3/2026 4:21:31 PM,Position,Instrument='MES SEP26' Account='Sim102' Average price=7636 Quantity=1 Market position=Short Operation=Operation_Add,
8/3/2026 4:21:31 PM,Execution,Execution='a6bfec57887b45868d621d07f8c8d5ea' Instrument='MES SEP26' Account='Sim102' Exchange=Default Price=7636 Quantity=1 Market position=Short Operation=Operation_Add Order='61d1f2fb1f48405e93471fe47bebb5ec' Time='8/3/2026 4:21 PM',
8/3/2026 4:21:31 PM,Order,Order='61d1f2fb1f48405e93471fe47bebb5ec/Sim102' Name='Entry' New state='Partially filled' Instrument='MES SEP26' Action='Sell' Limit price=0 Stop price=0 Quantity=10 Type='Market' Time in force=GTC Oco='' Filled=1 Fill price=7636 Error='No error' Native error='',
8/3/2026 4:21:31 PM,Order,Order='61d1f2fb1f48405e93471fe47bebb5ec/Sim102' Name='Entry' New state='Accepted' Instrument='MES SEP26' Action='Sell' Limit price=0 Stop price=0 Quantity=10 Type='Market' Time in force=GTC Oco='' Filled=0 Fill price=0 Error='No error' Native error='',
8/3/2026 4:21:31 PM,Order,Order='61d1f2fb1f48405e93471fe47bebb5ec/Sim102' Name='Entry' New state='Working' Instrument='MES SEP26' Action='Sell' Limit price=0 Stop price=0 Quantity=10 Type='Market' Time in force=GTC Oco='' Filled=0 Fill price=0 Error='No error' Native error='',
8/3/2026 4:21:31 PM,Order,Order='61d1f2fb1f48405e93471fe47bebb5ec/Sim102' Name='Entry' New state='Submitted' Instrument='MES SEP26' Action='Sell' Limit price=0 Stop price=0 Quantity=10 Type='Market' Time in force=GTC Oco='' Filled=0 Fill price=0 Error='No error' Native error='',
8/3/2026 4:21:31 PM,Order,Static SuperDOM submitting order with strategy 'MES $200 SL4 - 1' (Ticks),
8/3/2026 4:21:14 PM,Default,Cancel all orders account='Sim101',
8/3/2026 4:21:14 PM,Default,Chart Trader close position,
8/3/2026 4:21:09 PM,Position,Instrument='MES SEP26' Account='Sim102' Average price=0 Quantity=0 Market position=Flat Operation=Remove,
8/3/2026 4:21:09 PM,Execution,Execution='655e2165a65e46a6acd2f997a3cacfea' Instrument='MES SEP26' Account='Sim102' Exchange=Default Price=7636 Quantity=10 Market position=Long Operation=Operation_Add Order='80da703dea8a43159da29ffcb0711451' Time='8/3/2026 4:21 PM',
8/3/2026 4:21:09 PM,Order,Order='80da703dea8a43159da29ffcb0711451/Sim102' Name='Close' New state='Filled' Instrument='MES SEP26' Action='Buy to cover' Limit price=0 Stop price=0 Quantity=10 Type='Market' Time in force=DAY Oco='' Filled=10 Fill price=7636 Error='No error' Native error='',
8/3/2026 4:21:09 PM,Order,Order='80da703dea8a43159da29ffcb0711451/Sim102' Name='Close' New state='Accepted' Instrument='MES SEP26' Action='Buy to cover' Limit price=0 Stop price=0 Quantity=10 Type='Market' Time in force=DAY Oco='' Filled=0 Fill price=0 Error='No error' Native error='',
8/3/2026 4:21:09 PM,Order,Order='80da703dea8a43159da29ffcb0711451/Sim102' Name='Close' New state='Working' Instrument='MES SEP26' Action='Buy to cover' Limit price=0 Stop price=0 Quantity=10 Type='Market' Time in force=DAY Oco='' Filled=0 Fill price=0 Error='No error' Native error='',
8/3/2026 4:21:09 PM,Order,Order='80da703dea8a43159da29ffcb0711451/Sim102' Name='Close' New state='Submitted' Instrument='MES SEP26' Action='Buy to cover' Limit price=0 Stop price=0 Quantity=10 Type='Market' Time in force=DAY Oco='' Filled=0 Fill price=0 Error='No error' Native error='',
8/3/2026 4:21:09 PM,Default,Position grid close position,
8/3/2026 4:21:09 PM,Position,Instrument='MES SEP26' Account='Sim101' Average price=0 Quantity=0 Market position=Flat Operation=Remove,
8/3/2026 4:21:08 PM,Execution,Execution='c7b7a4b1c5b44c248ac5ad89e4cb8b57' Instrument='MES SEP26' Account='Sim101' Exchange=Default Price=7635.75 Quantity=10 Market position=Long Operation=Operation_Add Order='71fb8e9de2ae47918f3ca1ca103d4bc7' Time='8/3/2026 4:21 PM',
8/3/2026 4:21:08 PM,Order,Order='71fb8e9de2ae47918f3ca1ca103d4bc7/Sim101' Name='Close' New state='Filled' Instrument='MES SEP26' Action='Buy to cover' Limit price=0 Stop price=0 Quantity=10 Type='Market' Time in force=DAY Oco='' Filled=10 Fill price=7635.75 Error='No error' Native error='',
8/3/2026 4:21:08 PM,Order,Order='71fb8e9de2ae47918f3ca1ca103d4bc7/Sim101' Name='Close' New state='Accepted' Instrument='MES SEP26' Action='Buy to cover' Limit price=0 Stop price=0 Quantity=10 Type='Market' Time in force=DAY Oco='' Filled=0 Fill price=0 Error='No error' Native error='',
8/3/2026 4:21:08 PM,Order,Order='71fb8e9de2ae47918f3ca1ca103d4bc7/Sim101' Name='Close' New state='Working' Instrument='MES SEP26' Action='Buy to cover' Limit price=0 Stop price=0 Quantity=10 Type='Market' Time in force=DAY Oco='' Filled=0 Fill price=0 Error='No error' Native error='',
8/3/2026 4:21:08 PM,Order,Order='71fb8e9de2ae47918f3ca1ca103d4bc7/Sim101' Name='Close' New state='Submitted' Instrument='MES SEP26' Action='Buy to cover' Limit price=0 Stop price=0 Quantity=10 Type='Market' Time in force=DAY Oco='' Filled=0 Fill price=0 Error='No error' Native error='',
8/3/2026 4:21:08 PM,Default,Position grid close position,
8/3/2026 4:21:05 PM,Order,Order='604caabe1a9e4048ac1ba5454d5408fa/Sim101' Name='Stop1' New state='Cancelled' Instrument='MES SEP26' Action='Buy to cover' Limit price=0 Stop price=7638.75 Quantity=10 Type='Stop Market' Time in force=GTC Oco='5a4876d7e3744bf7960a9bbffe1e4632' Filled=0 Fill price=0 Error='No error' Native error='',
8/3/2026 4:21:05 PM,Order,Order='45fd34bc217b4fb6a74e961d87f4d062/Sim101' Name='Target1' New state='Cancelled' Instrument='MES SEP26' Action='Buy to cover' Limit price=7633 Stop price=0 Quantity=10 Type='Limit' Time in force=GTC Oco='5a4876d7e3744bf7960a9bbffe1e4632' Filled=0 Fill price=0 Error='No error' Native error='',
8/3/2026 4:21:05 PM,Order,Order='45fd34bc217b4fb6a74e961d87f4d062/Sim101' Name='Target1' New state='Cancel submitted' Instrument='MES SEP26' Action='Buy to cover' Limit price=7633 Stop price=0 Quantity=10 Type='Limit' Time in force=GTC Oco='5a4876d7e3744bf7960a9bbffe1e4632' Filled=0 Fill price=0 Error='No error' Native error='',
8/3/2026 4:21:05 PM,Order,Order='604caabe1a9e4048ac1ba5454d5408fa/Sim101' Name='Stop1' New state='Cancel submitted' Instrument='MES SEP26' Action='Buy to cover' Limit price=0 Stop price=7638.75 Quantity=10 Type='Stop Market' Time in force=GTC Oco='5a4876d7e3744bf7960a9bbffe1e4632' Filled=0 Fill price=0 Error='No error' Native error='',
8/3/2026 4:21:03 PM,Order,Order='7130fa7c7c2c4bd3885d9b9f77a1e697/Sim102' Name='Stop1' New state='Cancelled' Instrument='MES SEP26' Action='Buy to cover' Limit price=0 Stop price=7638.75 Quantity=10 Type='Stop Market' Time in force=GTC Oco='03b3f4ccb8a14a9ba41bf64d5616f0a8' Filled=0 Fill price=0 Error='No error' Native error='',
8/3/2026 4:21:03 PM,Order,Order='458dd9498f514040bd8fd9c458b46fd6/Sim102' Name='Target1' New state='Cancelled' Instrument='MES SEP26' Action='Buy to cover' Limit price=7632.5 Stop price=0 Quantity=10 Type='Limit' Time in force=GTC Oco='03b3f4ccb8a14a9ba41bf64d5616f0a8' Filled=0 Fill price=0 Error='No error' Native error='',
8/3/2026 4:21:02 PM,Order,Order='7130fa7c7c2c4bd3885d9b9f77a1e697/Sim102' Name='Stop1' New state='Cancel submitted' Instrument='MES SEP26' Action='Buy to cover' Limit price=0 Stop price=7638.75 Quantity=10 Type='Stop Market' Time in force=GTC Oco='03b3f4ccb8a14a9ba41bf64d5616f0a8' Filled=0 Fill price=0 Error='No error' Native error='',
8/3/2026 4:21:02 PM,Order,Order='458dd9498f514040bd8fd9c458b46fd6/Sim102' Name='Target1' New state='Cancel submitted' Instrument='MES SEP26' Action='Buy to cover' Limit price=7632.5 Stop price=0 Quantity=10 Type='Limit' Time in force=GTC Oco='03b3f4ccb8a14a9ba41bf64d5616f0a8' Filled=0 Fill price=0 Error='No error' Native error='',
8/3/2026 4:19:54 PM,Order,Order='45fd34bc217b4fb6a74e961d87f4d062/Sim101' Name='Target1' New state='Accepted' Instrument='MES SEP26' Action='Buy to cover' Limit price=7633 Stop price=0 Quantity=10 Type='Limit' Time in force=GTC Oco='5a4876d7e3744bf7960a9bbffe1e4632' Filled=0 Fill price=0 Error='No error' Native error='',
8/3/2026 4:19:54 PM,Order,Order='45fd34bc217b4fb6a74e961d87f4d062/Sim101' Name='Target1' New state='Working' Instrument='MES SEP26' Action='Buy to cover' Limit price=7633 Stop price=0 Quantity=10 Type='Limit' Time in force=GTC Oco='5a4876d7e3744bf7960a9bbffe1e4632' Filled=0 Fill price=0 Error='No error' Native error='',
8/3/2026 4:19:54 PM,Order,Order='45fd34bc217b4fb6a74e961d87f4d062/Sim101' Name='Target1' New state='Change submitted' Instrument='MES SEP26' Action='Buy to cover' Limit price=7633 Stop price=0 Quantity=10 Type='Limit' Time in force=GTC Oco='5a4876d7e3744bf7960a9bbffe1e4632' Filled=0 Fill price=0 Error='No error' Native error='',
8/3/2026 4:19:54 PM,Order,Order='45fd34bc217b4fb6a74e961d87f4d062/Sim101' Name='Target1' New state='Accepted' Instrument='MES SEP26' Action='Buy to cover' Limit price=7632.75 Stop price=0 Quantity=10 Type='Limit' Time in force=GTC Oco='5a4876d7e3744bf7960a9bbffe1e4632' Filled=0 Fill price=0 Error='No error' Native error='',
8/3/2026 4:19:54 PM,Order,Order='45fd34bc217b4fb6a74e961d87f4d062/Sim101' Name='Target1' New state='Working' Instrument='MES SEP26' Action='Buy to cover' Limit price=7632.75 Stop price=0 Quantity=10 Type='Limit' Time in force=GTC Oco='5a4876d7e3744bf7960a9bbffe1e4632' Filled=0 Fill price=0 Error='No error' Native error='',
8/3/2026 4:19:54 PM,Order,Order='45fd34bc217b4fb6a74e961d87f4d062/Sim101' Name='Target1' New state='Change submitted' Instrument='MES SEP26' Action='Buy to cover' Limit price=7632.75 Stop price=0 Quantity=10 Type='Limit' Time in force=GTC Oco='5a4876d7e3744bf7960a9bbffe1e4632' Filled=0 Fill price=0 Error='No error' Native error='',
8/3/2026 4:19:53 PM,Order,Order='458dd9498f514040bd8fd9c458b46fd6/Sim102' Name='Target1' New state='Accepted' Instrument='MES SEP26' Action='Buy to cover' Limit price=7632.5 Stop price=0 Quantity=10 Type='Limit' Time in force=GTC Oco='03b3f4ccb8a14a9ba41bf64d5616f0a8' Filled=0 Fill price=0 Error='No error' Native error='',
8/3/2026 4:19:53 PM,Order,Order='458dd9498f514040bd8fd9c458b46fd6/Sim102' Name='Target1' New state='Working' Instrument='MES SEP26' Action='Buy to cover' Limit price=7632.5 Stop price=0 Quantity=10 Type='Limit' Time in force=GTC Oco='03b3f4ccb8a14a9ba41bf64d5616f0a8' Filled=0 Fill price=0 Error='No error' Native error='',
8/3/2026 4:19:53 PM,Order,Order='458dd9498f514040bd8fd9c458b46fd6/Sim102' Name='Target1' New state='Change submitted' Instrument='MES SEP26' Action='Buy to cover' Limit price=7632.5 Stop price=0 Quantity=10 Type='Limit' Time in force=GTC Oco='03b3f4ccb8a14a9ba41bf64d5616f0a8' Filled=0 Fill price=0 Error='No error' Native error='',
8/3/2026 4:19:52 PM,Order,Order='458dd9498f514040bd8fd9c458b46fd6/Sim102' Name='Target1' New state='Accepted' Instrument='MES SEP26' Action='Buy to cover' Limit price=7632.75 Stop price=0 Quantity=10 Type='Limit' Time in force=GTC Oco='03b3f4ccb8a14a9ba41bf64d5616f0a8' Filled=0 Fill price=0 Error='No error' Native error='',
8/3/2026 4:19:52 PM,Order,Order='458dd9498f514040bd8fd9c458b46fd6/Sim102' Name='Target1' New state='Working' Instrument='MES SEP26' Action='Buy to cover' Limit price=7632.75 Stop price=0 Quantity=10 Type='Limit' Time in force=GTC Oco='03b3f4ccb8a14a9ba41bf64d5616f0a8' Filled=0 Fill price=0 Error='No error' Native error='',
8/3/2026 4:19:52 PM,Order,Order='458dd9498f514040bd8fd9c458b46fd6/Sim102' Name='Target1' New state='Change submitted' Instrument='MES SEP26' Action='Buy to cover' Limit price=7632.75 Stop price=0 Quantity=10 Type='Limit' Time in force=GTC Oco='03b3f4ccb8a14a9ba41bf64d5616f0a8' Filled=0 Fill price=0 Error='No error' Native error='',
8/3/2026 4:19:49 PM,Order,Order='458dd9498f514040bd8fd9c458b46fd6/Sim102' Name='Target1' New state='Accepted' Instrument='MES SEP26' Action='Buy to cover' Limit price=7633 Stop price=0 Quantity=10 Type='Limit' Time in force=GTC Oco='03b3f4ccb8a14a9ba41bf64d5616f0a8' Filled=0 Fill price=0 Error='No error' Native error='',
8/3/2026 4:19:49 PM,Order,Order='458dd9498f514040bd8fd9c458b46fd6/Sim102' Name='Target1' New state='Working' Instrument='MES SEP26' Action='Buy to cover' Limit price=7633 Stop price=0 Quantity=10 Type='Limit' Time in force=GTC Oco='03b3f4ccb8a14a9ba41bf64d5616f0a8' Filled=0 Fill price=0 Error='No error' Native error='',
8/3/2026 4:19:49 PM,Order,Order='458dd9498f514040bd8fd9c458b46fd6/Sim102' Name='Target1' New state='Change submitted' Instrument='MES SEP26' Action='Buy to cover' Limit price=7633 Stop price=0 Quantity=10 Type='Limit' Time in force=GTC Oco='03b3f4ccb8a14a9ba41bf64d5616f0a8' Filled=0 Fill price=0 Error='No error' Native error='',
8/3/2026 4:19:47 PM,Order,Order='45fd34bc217b4fb6a74e961d87f4d062/Sim101' Name='Target1' New state='Working' Instrument='MES SEP26' Action='Buy to cover' Limit price=7632.5 Stop price=0 Quantity=10 Type='Limit' Time in force=GTC Oco='5a4876d7e3744bf7960a9bbffe1e4632' Filled=0 Fill price=0 Error='No error' Native error='',
8/3/2026 4:19:47 PM,Order,Order='45fd34bc217b4fb6a74e961d87f4d062/Sim101' Name='Target1' New state='Accepted' Instrument='MES SEP26' Action='Buy to cover' Limit price=7632.5 Stop price=0 Quantity=10 Type='Limit' Time in force=GTC Oco='5a4876d7e3744bf7960a9bbffe1e4632' Filled=0 Fill price=0 Error='No error' Native error='',
8/3/2026 4:19:47 PM,Order,Order='45fd34bc217b4fb6a74e961d87f4d062/Sim101' Name='Target1' New state='Change submitted' Instrument='MES SEP26' Action='Buy to cover' Limit price=7632.5 Stop price=0 Quantity=10 Type='Limit' Time in force=GTC Oco='5a4876d7e3744bf7960a9bbffe1e4632' Filled=0 Fill price=0 Error='No error' Native error='',
8/3/2026 4:19:46 PM,Order,Order='45fd34bc217b4fb6a74e961d87f4d062/Sim101' Name='Target1' New state='Accepted' Instrument='MES SEP26' Action='Buy to cover' Limit price=7632.75 Stop price=0 Quantity=10 Type='Limit' Time in force=GTC Oco='5a4876d7e3744bf7960a9bbffe1e4632' Filled=0 Fill price=0 Error='No error' Native error='',
8/3/2026 4:19:46 PM,Order,Order='45fd34bc217b4fb6a74e961d87f4d062/Sim101' Name='Target1' New state='Working' Instrument='MES SEP26' Action='Buy to cover' Limit price=7632.75 Stop price=0 Quantity=10 Type='Limit' Time in force=GTC Oco='5a4876d7e3744bf7960a9bbffe1e4632' Filled=0 Fill price=0 Error='No error' Native error='',
8/3/2026 4:19:46 PM,Order,Order='45fd34bc217b4fb6a74e961d87f4d062/Sim101' Name='Target1' New state='Change submitted' Instrument='MES SEP26' Action='Buy to cover' Limit price=7632.75 Stop price=0 Quantity=10 Type='Limit' Time in force=GTC Oco='5a4876d7e3744bf7960a9bbffe1e4632' Filled=0 Fill price=0 Error='No error' Native error='',
8/3/2026 4:19:43 PM,Order,Order='45fd34bc217b4fb6a74e961d87f4d062/Sim101' Name='Target1' New state='Accepted' Instrument='MES SEP26' Action='Buy to cover' Limit price=7633 Stop price=0 Quantity=10 Type='Limit' Time in force=GTC Oco='5a4876d7e3744bf7960a9bbffe1e4632' Filled=0 Fill price=0 Error='No error' Native error='',
8/3/2026 4:19:43 PM,Order,Order='45fd34bc217b4fb6a74e961d87f4d062/Sim101' Name='Target1' New state='Working' Instrument='MES SEP26' Action='Buy to cover' Limit price=7633 Stop price=0 Quantity=10 Type='Limit' Time in force=GTC Oco='5a4876d7e3744bf7960a9bbffe1e4632' Filled=0 Fill price=0 Error='No error' Native error='',
8/3/2026 4:19:43 PM,Order,Order='45fd34bc217b4fb6a74e961d87f4d062/Sim101' Name='Target1' New state='Change submitted' Instrument='MES SEP26' Action='Buy to cover' Limit price=7633 Stop price=0 Quantity=10 Type='Limit' Time in force=GTC Oco='5a4876d7e3744bf7960a9bbffe1e4632' Filled=0 Fill price=0 Error='No error' Native error='',
8/3/2026 4:16:03 PM,Order,Order='45fd34bc217b4fb6a74e961d87f4d062/Sim101' Name='Target1' New state='Working' Instrument='MES SEP26' Action='Buy to cover' Limit price=7632.75 Stop price=0 Quantity=10 Type='Limit' Time in force=GTC Oco='5a4876d7e3744bf7960a9bbffe1e4632' Filled=0 Fill price=0 Error='No error' Native error='',
8/3/2026 4:16:03 PM,Order,Order='45fd34bc217b4fb6a74e961d87f4d062/Sim101' Name='Target1' New state='Accepted' Instrument='MES SEP26' Action='Buy to cover' Limit price=7632.75 Stop price=0 Quantity=10 Type='Limit' Time in force=GTC Oco='5a4876d7e3744bf7960a9bbffe1e4632' Filled=0 Fill price=0 Error='No error' Native error='',
8/3/2026 4:16:03 PM,Order,Order='604caabe1a9e4048ac1ba5454d5408fa/Sim101' Name='Stop1' New state='Accepted' Instrument='MES SEP26' Action='Buy to cover' Limit price=0 Stop price=7638.75 Quantity=10 Type='Stop Market' Time in force=GTC Oco='5a4876d7e3744bf7960a9bbffe1e4632' Filled=0 Fill price=0 Error='No error' Native error='',
8/3/2026 4:16:03 PM,Order,Order='45fd34bc217b4fb6a74e961d87f4d062/Sim101' Name='Target1' New state='Submitted' Instrument='MES SEP26' Action='Buy to cover' Limit price=7632.75 Stop price=0 Quantity=10 Type='Limit' Time in force=GTC Oco='5a4876d7e3744bf7960a9bbffe1e4632' Filled=0 Fill price=0 Error='No error' Native error='',
8/3/2026 4:16:03 PM,Order,Order='604caabe1a9e4048ac1ba5454d5408fa/Sim101' Name='Stop1' New state='Submitted' Instrument='MES SEP26' Action='Buy to cover' Limit price=0 Stop price=7638.75 Quantity=10 Type='Stop Market' Time in force=GTC Oco='5a4876d7e3744bf7960a9bbffe1e4632' Filled=0 Fill price=0 Error='No error' Native error='',
8/3/2026 4:16:03 PM,Execution,Execution='b717e7fdefd243bda7dc168dac1a6b2a' Instrument='MES SEP26' Account='Sim101' Exchange=Default Price=7634.75 Quantity=10 Market position=Short Operation=Operation_Add Order='3219e2de13a24b9092c6fc32ab140119' Time='8/3/2026 4:16 PM',
8/3/2026 4:16:03 PM,Position,Instrument='MES SEP26' Account='Sim101' Average price=7634.75 Quantity=10 Market position=Short Operation=Operation_Add,
8/3/2026 4:16:03 PM,Order,Order='3219e2de13a24b9092c6fc32ab140119/Sim101' Name='Entry' New state='Filled' Instrument='MES SEP26' Action='Sell' Limit price=0 Stop price=0 Quantity=10 Type='Market' Time in force=GTC Oco='' Filled=10 Fill price=7634.75 Error='No error' Native error='',
8/3/2026 4:16:03 PM,Order,Order='3219e2de13a24b9092c6fc32ab140119/Sim101' Name='Entry' New state='Working' Instrument='MES SEP26' Action='Sell' Limit price=0 Stop price=0 Quantity=10 Type='Market' Time in force=GTC Oco='' Filled=0 Fill price=0 Error='No error' Native error='',
8/3/2026 4:16:03 PM,Order,Order='3219e2de13a24b9092c6fc32ab140119/Sim101' Name='Entry' New state='Accepted' Instrument='MES SEP26' Action='Sell' Limit price=0 Stop price=0 Quantity=10 Type='Market' Time in force=GTC Oco='' Filled=0 Fill price=0 Error='No error' Native error='',
8/3/2026 4:16:02 PM,Order,Order='3219e2de13a24b9092c6fc32ab140119/Sim101' Name='Entry' New state='Submitted' Instrument='MES SEP26' Action='Sell' Limit price=0 Stop price=0 Quantity=10 Type='Market' Time in force=GTC Oco='' Filled=0 Fill price=0 Error='No error' Native error='',
8/3/2026 4:16:02 PM,Order,Static SuperDOM submitting order with strategy 'MES $200 SL4 - 2' (Ticks),
8/3/2026 4:16:02 PM,Order,Order='458dd9498f514040bd8fd9c458b46fd6/Sim102' Name='Target1' New state='Accepted' Instrument='MES SEP26' Action='Buy to cover' Limit price=7632.75 Stop price=0 Quantity=10 Type='Limit' Time in force=GTC Oco='03b3f4ccb8a14a9ba41bf64d5616f0a8' Filled=0 Fill price=0 Error='No error' Native error='',
8/3/2026 4:16:02 PM,Order,Order='458dd9498f514040bd8fd9c458b46fd6/Sim102' Name='Target1' New state='Working' Instrument='MES SEP26' Action='Buy to cover' Limit price=7632.75 Stop price=0 Quantity=10 Type='Limit' Time in force=GTC Oco='03b3f4ccb8a14a9ba41bf64d5616f0a8' Filled=0 Fill price=0 Error='No error' Native error='',
8/3/2026 4:16:02 PM,Order,Order='7130fa7c7c2c4bd3885d9b9f77a1e697/Sim102' Name='Stop1' New state='Accepted' Instrument='MES SEP26' Action='Buy to cover' Limit price=0 Stop price=7638.75 Quantity=10 Type='Stop Market' Time in force=GTC Oco='03b3f4ccb8a14a9ba41bf64d5616f0a8' Filled=0 Fill price=0 Error='No error' Native error='',
8/3/2026 4:16:02 PM,Position,Instrument='MES SEP26' Account='Sim102' Average price=7634.75 Quantity=10 Market position=Short Operation=Operation_Add,
8/3/2026 4:16:02 PM,Order,Order='458dd9498f514040bd8fd9c458b46fd6/Sim102' Name='Target1' New state='Submitted' Instrument='MES SEP26' Action='Buy to cover' Limit price=7632.75 Stop price=0 Quantity=10 Type='Limit' Time in force=GTC Oco='03b3f4ccb8a14a9ba41bf64d5616f0a8' Filled=0 Fill price=0 Error='No error' Native error='',
8/3/2026 4:16:02 PM,Order,Order='7130fa7c7c2c4bd3885d9b9f77a1e697/Sim102' Name='Stop1' New state='Submitted' Instrument='MES SEP26' Action='Buy to cover' Limit price=0 Stop price=7638.75 Quantity=10 Type='Stop Market' Time in force=GTC Oco='03b3f4ccb8a14a9ba41bf64d5616f0a8' Filled=0 Fill price=0 Error='No error' Native error='',
8/3/2026 4:16:02 PM,Execution,Execution='52d10dd59c334120aac9137b123d6b97' Instrument='MES SEP26' Account='Sim102' Exchange=Default Price=7634.75 Quantity=10 Market position=Short Operation=Operation_Add Order='e6c92af471054547b389d0e6d4c2416d' Time='8/3/2026 4:16 PM',
8/3/2026 4:16:02 PM,Order,Order='e6c92af471054547b389d0e6d4c2416d/Sim102' Name='Entry' New state='Filled' Instrument='MES SEP26' Action='Sell' Limit price=0 Stop price=0 Quantity=10 Type='Market' Time in force=GTC Oco='' Filled=10 Fill price=7634.75 Error='No error' Native error='',
8/3/2026 4:16:02 PM,Order,Order='e6c92af471054547b389d0e6d4c2416d/Sim102' Name='Entry' New state='Accepted' Instrument='MES SEP26' Action='Sell' Limit price=0 Stop price=0 Quantity=10 Type='Market' Time in force=GTC Oco='' Filled=0 Fill price=0 Error='No error' Native error='',
8/3/2026 4:16:02 PM,Order,Order='e6c92af471054547b389d0e6d4c2416d/Sim102' Name='Entry' New state='Working' Instrument='MES SEP26' Action='Sell' Limit price=0 Stop price=0 Quantity=10 Type='Market' Time in force=GTC Oco='' Filled=0 Fill price=0 Error='No error' Native error='',
8/3/2026 4:16:01 PM,Order,Order='e6c92af471054547b389d0e6d4c2416d/Sim102' Name='Entry' New state='Submitted' Instrument='MES SEP26' Action='Sell' Limit price=0 Stop price=0 Quantity=10 Type='Market' Time in force=GTC Oco='' Filled=0 Fill price=0 Error='No error' Native error='',
8/3/2026 4:16:01 PM,Order,Static SuperDOM submitting order with strategy 'MES $200 SL4 - 1' (Ticks),
8/3/2026 4:15:56 PM,Order,Order='ff289ddd908e4f6289e981d2e5363d4a/Sim102' Name='Stop1' New state='Cancelled' Instrument='MES SEP26' Action='Sell' Limit price=0 Stop price=7630 Quantity=9 Type='Stop Market' Time in force=GTC Oco='1072bcad5faa49dd9b3ea75fa115468f' Filled=0 Fill price=0 Error='No error' Native error='',
8/3/2026 4:15:56 PM,Strategy,Cancelling any remaining strategy orders,
8/3/2026 4:15:56 PM,Position,Instrument='MES SEP26' Account='Sim102' Average price=0 Quantity=0 Market position=Flat Operation=Remove,
8/3/2026 4:15:55 PM,Order,Order='ff289ddd908e4f6289e981d2e5363d4a/Sim102' Name='Stop1' New state='Accepted' Instrument='MES SEP26' Action='Sell' Limit price=0 Stop price=7630 Quantity=9 Type='Stop Market' Time in force=GTC Oco='1072bcad5faa49dd9b3ea75fa115468f' Filled=0 Fill price=0 Error='No error' Native error='',
8/3/2026 4:15:55 PM,Order,Order='ff289ddd908e4f6289e981d2e5363d4a/Sim102' Name='Stop1' New state='Cancel submitted' Instrument='MES SEP26' Action='Sell' Limit price=0 Stop price=7630 Quantity=9 Type='Stop Market' Time in force=GTC Oco='1072bcad5faa49dd9b3ea75fa115468f' Filled=0 Fill price=0 Error='No error' Native error='',
8/3/2026 4:15:55 PM,Execution,Execution='40ac0ffcd31d49c79768f6b8f7e9bb00' Instrument='MES SEP26' Account='Sim102' Exchange=Default Price=7635 Quantity=9 Market position=Short Operation=Operation_Add Order='05113af1e7644631b4b79e93a1777ae6' Time='8/3/2026 4:15 PM',
8/3/2026 4:15:55 PM,Order,Order='05113af1e7644631b4b79e93a1777ae6/Sim102' Name='Target1' New state='Filled' Instrument='MES SEP26' Action='Sell' Limit price=7635 Stop price=0 Quantity=10 Type='Limit' Time in force=GTC Oco='1072bcad5faa49dd9b3ea75fa115468f' Filled=10 Fill price=7635 Error='No error' Native error='',
8/3/2026 4:15:55 PM,Position,Instrument='MES SEP26' Account='Sim102' Average price=7634 Quantity=9 Market position=Long Operation=Update,
8/3/2026 4:15:55 PM,Order,Order='ff289ddd908e4f6289e981d2e5363d4a/Sim102' Name='Stop1' New state='Change submitted' Instrument='MES SEP26' Action='Sell' Limit price=0 Stop price=7630 Quantity=9 Type='Stop Market' Time in force=GTC Oco='1072bcad5faa49dd9b3ea75fa115468f' Filled=0 Fill price=0 Error='No error' Native error='',
8/3/2026 4:15:55 PM,Execution,Execution='9a265dc2eb28499c997ef4f84d79764a' Instrument='MES SEP26' Account='Sim102' Exchange=Default Price=7635 Quantity=1 Market position=Short Operation=Operation_Add Order='05113af1e7644631b4b79e93a1777ae6' Time='8/3/2026 4:15 PM',
8/3/2026 4:15:55 PM,Order,Order='05113af1e7644631b4b79e93a1777ae6/Sim102' Name='Target1' New state='Partially filled' Instrument='MES SEP26' Action='Sell' Limit price=7635 Stop price=0 Quantity=10 Type='Limit' Time in force=GTC Oco='1072bcad5faa49dd9b3ea75fa115468f' Filled=1 Fill price=7635 Error='No error' Native error='',
8/3/2026 4:15:55 PM,Order,Order='8fcb36225e89447aae93e4ac2c8157ce/Sim101' Name='Stop1' New state='Cancelled' Instrument='MES SEP26' Action='Sell' Limit price=0 Stop price=7630 Quantity=10 Type='Stop Market' Time in force=GTC Oco='52654b2d17ce44328485a30db7400c07' Filled=0 Fill price=0 Error='No error' Native error='',
8/3/2026 4:15:55 PM,Strategy,Cancelling any remaining strategy orders,
8/3/2026 4:15:55 PM,Position,Instrument='MES SEP26' Account='Sim101' Average price=0 Quantity=0 Market position=Flat Operation=Remove,
8/3/2026 4:15:55 PM,Order,Order='8fcb36225e89447aae93e4ac2c8157ce/Sim101' Name='Stop1' New state='Cancel submitted' Instrument='MES SEP26' Action='Sell' Limit price=0 Stop price=7630 Quantity=10 Type='Stop Market' Time in force=GTC Oco='52654b2d17ce44328485a30db7400c07' Filled=0 Fill price=0 Error='No error' Native error='',
8/3/2026 4:15:55 PM,Execution,Execution='8cb7307d8a2d42edb6e068dfdf79d17b' Instrument='MES SEP26' Account='Sim101' Exchange=Default Price=7634.75 Quantity=10 Market position=Short Operation=Operation_Add Order='05b695aa3be04333afbc9dfc8a577faa' Time='8/3/2026 4:15 PM',
8/3/2026 4:15:55 PM,Order,Order='05b695aa3be04333afbc9dfc8a577faa/Sim101' Name='Target1' New state='Filled' Instrument='MES SEP26' Action='Sell' Limit price=7634.75 Stop price=0 Quantity=10 Type='Limit' Time in force=GTC Oco='52654b2d17ce44328485a30db7400c07' Filled=10 Fill price=7634.75 Error='No error' Native error='',
8/3/2026 4:11:22 PM,Order,Order='05b695aa3be04333afbc9dfc8a577faa/Sim101' Name='Target1' New state='Accepted' Instrument='MES SEP26' Action='Sell' Limit price=7634.75 Stop price=0 Quantity=10 Type='Limit' Time in force=GTC Oco='52654b2d17ce44328485a30db7400c07' Filled=0 Fill price=0 Error='No error' Native error='',
8/3/2026 4:11:22 PM,Order,Order='05b695aa3be04333afbc9dfc8a577faa/Sim101' Name='Target1' New state='Working' Instrument='MES SEP26' Action='Sell' Limit price=7634.75 Stop price=0 Quantity=10 Type='Limit' Time in force=GTC Oco='52654b2d17ce44328485a30db7400c07' Filled=0 Fill price=0 Error='No error' Native error='',
8/3/2026 4:11:22 PM,Order,Order='05b695aa3be04333afbc9dfc8a577faa/Sim101' Name='Target1' New state='Change submitted' Instrument='MES SEP26' Action='Sell' Limit price=7634.75 Stop price=0 Quantity=10 Type='Limit' Time in force=GTC Oco='52654b2d17ce44328485a30db7400c07' Filled=0 Fill price=0 Error='No error' Native error='',
8/3/2026 4:11:17 PM,Order,Order='05113af1e7644631b4b79e93a1777ae6/Sim102' Name='Target1' New state='Accepted' Instrument='MES SEP26' Action='Sell' Limit price=7635 Stop price=0 Quantity=10 Type='Limit' Time in force=GTC Oco='1072bcad5faa49dd9b3ea75fa115468f' Filled=0 Fill price=0 Error='No error' Native error='',
8/3/2026 4:11:17 PM,Order,Order='05113af1e7644631b4b79e93a1777ae6/Sim102' Name='Target1' New state='Working' Instrument='MES SEP26' Action='Sell' Limit price=7635 Stop price=0 Quantity=10 Type='Limit' Time in force=GTC Oco='1072bcad5faa49dd9b3ea75fa115468f' Filled=0 Fill price=0 Error='No error' Native error='',
8/3/2026 4:11:17 PM,Order,Order='05113af1e7644631b4b79e93a1777ae6/Sim102' Name='Target1' New state='Change submitted' Instrument='MES SEP26' Action='Sell' Limit price=7635 Stop price=0 Quantity=10 Type='Limit' Time in force=GTC Oco='1072bcad5faa49dd9b3ea75fa115468f' Filled=0 Fill price=0 Error='No error' Native error='',
8/3/2026 4:09:48 PM,Order,Order='05b695aa3be04333afbc9dfc8a577faa/Sim101' Name='Target1' New state='Accepted' Instrument='MES SEP26' Action='Sell' Limit price=7634.5 Stop price=0 Quantity=10 Type='Limit' Time in force=GTC Oco='52654b2d17ce44328485a30db7400c07' Filled=0 Fill price=0 Error='No error' Native error='',
8/3/2026 4:09:48 PM,Order,Order='05b695aa3be04333afbc9dfc8a577faa/Sim101' Name='Target1' New state='Working' Instrument='MES SEP26' Action='Sell' Limit price=7634.5 Stop price=0 Quantity=10 Type='Limit' Time in force=GTC Oco='52654b2d17ce44328485a30db7400c07' Filled=0 Fill price=0 Error='No error' Native error='',
8/3/2026 4:09:48 PM,Order,Order='05b695aa3be04333afbc9dfc8a577faa/Sim101' Name='Target1' New state='Change submitted' Instrument='MES SEP26' Action='Sell' Limit price=7634.5 Stop price=0 Quantity=10 Type='Limit' Time in force=GTC Oco='52654b2d17ce44328485a30db7400c07' Filled=0 Fill price=0 Error='No error' Native error='',
8/3/2026 4:08:09 PM,Order,Order='05113af1e7644631b4b79e93a1777ae6/Sim102' Name='Target1' New state='Accepted' Instrument='MES SEP26' Action='Sell' Limit price=7636 Stop price=0 Quantity=10 Type='Limit' Time in force=GTC Oco='1072bcad5faa49dd9b3ea75fa115468f' Filled=0 Fill price=0 Error='No error' Native error='',
8/3/2026 4:08:09 PM,Order,Order='05113af1e7644631b4b79e93a1777ae6/Sim102' Name='Target1' New state='Working' Instrument='MES SEP26' Action='Sell' Limit price=7636 Stop price=0 Quantity=10 Type='Limit' Time in force=GTC Oco='1072bcad5faa49dd9b3ea75fa115468f' Filled=0 Fill price=0 Error='No error' Native error='',
8/3/2026 4:08:09 PM,Order,Order='ff289ddd908e4f6289e981d2e5363d4a/Sim102' Name='Stop1' New state='Accepted' Instrument='MES SEP26' Action='Sell' Limit price=0 Stop price=7630 Quantity=10 Type='Stop Market' Time in force=GTC Oco='1072bcad5faa49dd9b3ea75fa115468f' Filled=0 Fill price=0 Error='No error' Native error='',
8/3/2026 4:08:09 PM,Order,Order='05113af1e7644631b4b79e93a1777ae6/Sim102' Name='Target1' New state='Submitted' Instrument='MES SEP26' Action='Sell' Limit price=7636 Stop price=0 Quantity=10 Type='Limit' Time in force=GTC Oco='1072bcad5faa49dd9b3ea75fa115468f' Filled=0 Fill price=0 Error='No error' Native error='',
8/3/2026 4:08:09 PM,Order,Order='ff289ddd908e4f6289e981d2e5363d4a/Sim102' Name='Stop1' New state='Submitted' Instrument='MES SEP26' Action='Sell' Limit price=0 Stop price=7630 Quantity=10 Type='Stop Market' Time in force=GTC Oco='1072bcad5faa49dd9b3ea75fa115468f' Filled=0 Fill price=0 Error='No error' Native error='',
8/3/2026 4:08:09 PM,Execution,Execution='5600e65d19274fd0a389ee8dfb31745d' Instrument='MES SEP26' Account='Sim102' Exchange=Default Price=7634 Quantity=10 Market position=Long Operation=Operation_Add Order='33526b767c0d4451ba4c3e0d69771ef6' Time='8/3/2026 4:08 PM',
8/3/2026 4:08:09 PM,Position,Instrument='MES SEP26' Account='Sim102' Average price=7634 Quantity=10 Market position=Long Operation=Operation_Add,
8/3/2026 4:08:09 PM,Order,Order='33526b767c0d4451ba4c3e0d69771ef6/Sim102' Name='Entry' New state='Filled' Instrument='MES SEP26' Action='Buy' Limit price=0 Stop price=0 Quantity=10 Type='Market' Time in force=GTC Oco='' Filled=10 Fill price=7634 Error='No error' Native error='',
8/3/2026 4:08:09 PM,Order,Order='33526b767c0d4451ba4c3e0d69771ef6/Sim102' Name='Entry' New state='Working' Instrument='MES SEP26' Action='Buy' Limit price=0 Stop price=0 Quantity=10 Type='Market' Time in force=GTC Oco='' Filled=0 Fill price=0 Error='No error' Native error='',
8/3/2026 4:08:09 PM,Order,Order='33526b767c0d4451ba4c3e0d69771ef6/Sim102' Name='Entry' New state='Accepted' Instrument='MES SEP26' Action='Buy' Limit price=0 Stop price=0 Quantity=10 Type='Market' Time in force=GTC Oco='' Filled=0 Fill price=0 Error='No error' Native error='',
8/3/2026 4:08:09 PM,Order,Order='33526b767c0d4451ba4c3e0d69771ef6/Sim102' Name='Entry' New state='Submitted' Instrument='MES SEP26' Action='Buy' Limit price=0 Stop price=0 Quantity=10 Type='Market' Time in force=GTC Oco='' Filled=0 Fill price=0 Error='No error' Native error='',
8/3/2026 4:08:09 PM,Order,Static SuperDOM submitting order with strategy 'MES $200 SL4 - 2' (Ticks),
8/3/2026 4:08:09 PM,Order,Order='05b695aa3be04333afbc9dfc8a577faa/Sim101' Name='Target1' New state='Working' Instrument='MES SEP26' Action='Sell' Limit price=7636 Stop price=0 Quantity=10 Type='Limit' Time in force=GTC Oco='52654b2d17ce44328485a30db7400c07' Filled=0 Fill price=0 Error='No error' Native error='',
8/3/2026 4:08:09 PM,Order,Order='8fcb36225e89447aae93e4ac2c8157ce/Sim101' Name='Stop1' New state='Accepted' Instrument='MES SEP26' Action='Sell' Limit price=0 Stop price=7630 Quantity=10 Type='Stop Market' Time in force=GTC Oco='52654b2d17ce44328485a30db7400c07' Filled=0 Fill price=0 Error='No error' Native error='',
8/3/2026 4:08:09 PM,Order,Order='05b695aa3be04333afbc9dfc8a577faa/Sim101' Name='Target1' New state='Accepted' Instrument='MES SEP26' Action='Sell' Limit price=7636 Stop price=0 Quantity=10 Type='Limit' Time in force=GTC Oco='52654b2d17ce44328485a30db7400c07' Filled=0 Fill price=0 Error='No error' Native error='',
8/3/2026 4:08:09 PM,Position,Instrument='MES SEP26' Account='Sim101' Average price=7634 Quantity=10 Market position=Long Operation=Operation_Add,
8/3/2026 4:08:09 PM,Order,Order='05b695aa3be04333afbc9dfc8a577faa/Sim101' Name='Target1' New state='Submitted' Instrument='MES SEP26' Action='Sell' Limit price=7636 Stop price=0 Quantity=10 Type='Limit' Time in force=GTC Oco='52654b2d17ce44328485a30db7400c07' Filled=0 Fill price=0 Error='No error' Native error='',
8/3/2026 4:08:09 PM,Order,Order='8fcb36225e89447aae93e4ac2c8157ce/Sim101' Name='Stop1' New state='Submitted' Instrument='MES SEP26' Action='Sell' Limit price=0 Stop price=7630 Quantity=10 Type='Stop Market' Time in force=GTC Oco='52654b2d17ce44328485a30db7400c07' Filled=0 Fill price=0 Error='No error' Native error='',
8/3/2026 4:08:09 PM,Execution,Execution='97267f80f83a4912badfa552f38b6ea6' Instrument='MES SEP26' Account='Sim101' Exchange=Default Price=7634 Quantity=10 Market position=Long Operation=Operation_Add Order='39013aa9bad0465894d472ae00911455' Time='8/3/2026 4:08 PM',
8/3/2026 4:08:09 PM,Order,Order='39013aa9bad0465894d472ae00911455/Sim101' Name='Entry' New state='Filled' Instrument='MES SEP26' Action='Buy' Limit price=0 Stop price=0 Quantity=10 Type='Market' Time in force=GTC Oco='' Filled=10 Fill price=7634 Error='No error' Native error='',
8/3/2026 4:08:09 PM,Order,Order='39013aa9bad0465894d472ae00911455/Sim101' Name='Entry' New state='Working' Instrument='MES SEP26' Action='Buy' Limit price=0 Stop price=0 Quantity=10 Type='Market' Time in force=GTC Oco='' Filled=0 Fill price=0 Error='No error' Native error='',
8/3/2026 4:08:09 PM,Order,Order='39013aa9bad0465894d472ae00911455/Sim101' Name='Entry' New state='Accepted' Instrument='MES SEP26' Action='Buy' Limit price=0 Stop price=0 Quantity=10 Type='Market' Time in force=GTC Oco='' Filled=0 Fill price=0 Error='No error' Native error='',
8/3/2026 4:08:08 PM,Order,Order='39013aa9bad0465894d472ae00911455/Sim101' Name='Entry' New state='Submitted' Instrument='MES SEP26' Action='Buy' Limit price=0 Stop price=0 Quantity=10 Type='Market' Time in force=GTC Oco='' Filled=0 Fill price=0 Error='No error' Native error='',
8/3/2026 4:08:08 PM,Order,Static SuperDOM submitting order with strategy 'MES $200 SL4 - 1' (Ticks),
8/3/2026 4:07:35 PM,Connection,Market data failed for 'MES SEP26': 'get_order_book error : 13',
8/3/2026 4:07:35 PM,Connection,Market data failed for 'MGC DEC26': 'get_order_book error : 13',
8/3/2026 4:07:35 PM,Connection,Using HDS (hds-us-nt-018.ninjatrader.com/31655),
8/3/2026 4:07:35 PM,Connection,Time to auto close position='12:00:00 AM' Enabled=False,
8/3/2026 4:07:34 PM,Connection,My Rithmic for NinjaTrader Brokerage: Primary connection=Connected Price feed=Connected,
8/3/2026 4:07:20 PM,Default,Restoring workspace 'SuperDOM 3'...,
8/3/2026 4:07:18 PM,Default,Auto close enabled=False,
8/3/2026 4:07:18 PM,Order,Order entry hot keys disabled,
8/3/2026 4:07:18 PM,Connection,My Rithmic for NinjaTrader Brokerage: Primary connection=Connecting Price feed=Connecting,
8/3/2026 4:07:18 PM,Default,Auto connecting 'My Rithmic for NinjaTrader Brokerage'...,
8/3/2026 4:07:18 PM,Default,Telemetry configuration updated to version 1003 (previous version 0).,
8/3/2026 4:07:18 PM,Default,Automated trading disabled,
8/3/2026 4:07:18 PM,Connection,Using IS (is-us-nt-005.ninjatrader.com/31658),
8/3/2026 4:07:15 PM,Default,Global simulation mode disabled,
8/3/2026 4:06:58 PM,Default,Session Break (Version 8.1.8.1),
8/3/2026 4:06:38 PM,Connection,My Rithmic for NinjaTrader Brokerage: Primary connection=Disconnected Price feed=Disconnected,
8/3/2026 4:06:38 PM,Connection,My Rithmic for NinjaTrader Brokerage: Primary connection=Disconnecting Price feed=Disconnecting,
8/3/2026 4:06:37 PM,Default,Session Break (Version 8.1.8.1),
8/3/2026 4:06:31 PM,Default,Workspace SuperDOM 3 not saved,
8/3/2026 4:06:24 PM,Position,Instrument='MES SEP26' Account='Sim102' Average price=0 Quantity=0 Market position=Flat Operation=Remove,
8/3/2026 4:06:24 PM,Order,Order='2ebb461d9e7c4c9c95a0e3326d87f252/Sim102' Name='Close' New state='Filled' Instrument='MES SEP26' Action='Sell' Limit price=0 Stop price=0 Quantity=10 Type='Market' Time in force=DAY Oco='' Filled=10 Fill price=7634.15 Error='No error' Native error='',
8/3/2026 4:06:24 PM,Execution,Execution='ba7ae1f7e84a4b2c81f4ccfabede749a' Instrument='MES SEP26' Account='Sim102' Exchange=Default Price=7634 Quantity=4 Market position=Short Operation=Operation_Add Order='2ebb461d9e7c4c9c95a0e3326d87f252' Time='8/3/2026 4:06 PM',
8/3/2026 4:06:24 PM,Position,Instrument='MES SEP26' Account='Sim102' Average price=7635.25 Quantity=4 Market position=Long Operation=Update,
8/3/2026 4:06:24 PM,Order,Order='2ebb461d9e7c4c9c95a0e3326d87f252/Sim102' Name='Close' New state='Partially filled' Instrument='MES SEP26' Action='Sell' Limit price=0 Stop price=0 Quantity=10 Type='Market' Time in force=DAY Oco='' Filled=6 Fill price=7634.25 Error='No error' Native error='',
8/3/2026 4:06:24 PM,Execution,Execution='dbecee011e90484c8a5ce28db5692795' Instrument='MES SEP26' Account='Sim102' Exchange=Default Price=7634.25 Quantity=6 Market position=Short Operation=Operation_Add Order='2ebb461d9e7c4c9c95a0e3326d87f252' Time='8/3/2026 4:06 PM',
8/3/2026 4:06:24 PM,Order,Order='2ebb461d9e7c4c9c95a0e3326d87f252/Sim102' Name='Close' New state='Accepted' Instrument='MES SEP26' Action='Sell' Limit price=0 Stop price=0 Quantity=10 Type='Market' Time in force=DAY Oco='' Filled=0 Fill price=0 Error='No error' Native error='',
8/3/2026 4:06:24 PM,Order,Order='2ebb461d9e7c4c9c95a0e3326d87f252/Sim102' Name='Close' New state='Working' Instrument='MES SEP26' Action='Sell' Limit price=0 Stop price=0 Quantity=10 Type='Market' Time in force=DAY Oco='' Filled=0 Fill price=0 Error='No error' Native error='',
8/3/2026 4:06:24 PM,Order,Order='2ebb461d9e7c4c9c95a0e3326d87f252/Sim102' Name='Close' New state='Submitted' Instrument='MES SEP26' Action='Sell' Limit price=0 Stop price=0 Quantity=10 Type='Market' Time in force=DAY Oco='' Filled=0 Fill price=0 Error='No error' Native error='',
8/3/2026 4:06:24 PM,Default,Position grid close position,
8/3/2026 4:06:22 PM,Position,Instrument='MES SEP26' Account='Sim101' Average price=0 Quantity=0 Market position=Flat Operation=Remove,
8/3/2026 4:06:22 PM,Execution,Execution='3ba1f79140824da0b69a1901c774ce42' Instrument='MES SEP26' Account='Sim101' Exchange=Default Price=7634.25 Quantity=2 Market position=Short Operation=Operation_Add Order='a4067d77fdbb4f588d5d721deeb6e88d' Time='8/3/2026 4:06 PM',
8/3/2026 4:06:22 PM,Order,Order='a4067d77fdbb4f588d5d721deeb6e88d/Sim101' Name='Close' New state='Filled' Instrument='MES SEP26' Action='Sell' Limit price=0 Stop price=0 Quantity=10 Type='Market' Time in force=DAY Oco='' Filled=10 Fill price=7634.45 Error='No error' Native error='',
8/3/2026 4:06:22 PM,Position,Instrument='MES SEP26' Account='Sim101' Average price=7635.25 Quantity=2 Market position=Long Operation=Update,
8/3/2026 4:06:22 PM,Execution,Execution='69d817807e0a4975b12e5af88a7fb228' Instrument='MES SEP26' Account='Sim101' Exchange=Default Price=7634.5 Quantity=8 Market position=Short Operation=Operation_Add Order='a4067d77fdbb4f588d5d721deeb6e88d' Time='8/3/2026 4:06 PM',
8/3/2026 4:06:22 PM,Order,Order='a4067d77fdbb4f588d5d721deeb6e88d/Sim101' Name='Close' New state='Partially filled' Instrument='MES SEP26' Action='Sell' Limit price=0 Stop price=0 Quantity=10 Type='Market' Time in force=DAY Oco='' Filled=8 Fill price=7634.5 Error='No error' Native error='',
8/3/2026 4:06:22 PM,Order,Order='a4067d77fdbb4f588d5d721deeb6e88d/Sim101' Name='Close' New state='Accepted' Instrument='MES SEP26' Action='Sell' Limit price=0 Stop price=0 Quantity=10 Type='Market' Time in force=DAY Oco='' Filled=0 Fill price=0 Error='No error' Native error='',
8/3/2026 4:06:22 PM,Order,Order='a4067d77fdbb4f588d5d721deeb6e88d/Sim101' Name='Close' New state='Working' Instrument='MES SEP26' Action='Sell' Limit price=0 Stop price=0 Quantity=10 Type='Market' Time in force=DAY Oco='' Filled=0 Fill price=0 Error='No error' Native error='',
8/3/2026 4:06:22 PM,Order,Order='a4067d77fdbb4f588d5d721deeb6e88d/Sim101' Name='Close' New state='Submitted' Instrument='MES SEP26' Action='Sell' Limit price=0 Stop price=0 Quantity=10 Type='Market' Time in force=DAY Oco='' Filled=0 Fill price=0 Error='No error' Native error='',
8/3/2026 4:06:22 PM,Default,Chart Trader close position,
8/3/2026 4:06:05 PM,Order,Order='af095d24ae8b4cf48e9e9e78c2f6aa2a/Sim102' Name='Stop1' New state='Cancelled' Instrument='MES SEP26' Action='Sell' Limit price=0 Stop price=7631.25 Quantity=10 Type='Stop Market' Time in force=GTC Oco='586ed7e4a40849b5aa3e2aeb45bebf26' Filled=0 Fill price=0 Error='No error' Native error='',
8/3/2026 4:06:05 PM,Order,Order='a6f06604c9494baa956b4bf61a84ff25/Sim102' Name='Target1' New state='Cancelled' Instrument='MES SEP26' Action='Sell' Limit price=7637.25 Stop price=0 Quantity=10 Type='Limit' Time in force=GTC Oco='586ed7e4a40849b5aa3e2aeb45bebf26' Filled=0 Fill price=0 Error='No error' Native error='',
8/3/2026 4:06:05 PM,Order,Order='dd2641c2b870450c95acc1176915d8aa/Sim101' Name='Stop1' New state='Cancelled' Instrument='MES SEP26' Action='Sell' Limit price=0 Stop price=7631.25 Quantity=10 Type='Stop Market' Time in force=GTC Oco='6b8f01f0d7b34c7ebe141ec5b0a660fa' Filled=0 Fill price=0 Error='No error' Native error='',
8/3/2026 4:06:05 PM,Order,Order='b92fc1f0255045e59c3ebfcb206ed8d7/Sim101' Name='Target1' New state='Cancelled' Instrument='MES SEP26' Action='Sell' Limit price=7637.25 Stop price=0 Quantity=10 Type='Limit' Time in force=GTC Oco='6b8f01f0d7b34c7ebe141ec5b0a660fa' Filled=0 Fill price=0 Error='No error' Native error='',
8/3/2026 4:06:05 PM,Order,Order='6dc69f183d4e4c2dbadbf87e34d09f71/Sim102' Name='PTT-BE-Target-1' New state='Rejected' Instrument='MES SEP26' Action='Sell' Limit price=7637.25 Stop price=0 Quantity=10 Type='Limit' Time in force=GTC Oco='PTT-BEG-00005-21-0-0' Filled=0 Fill price=0 Error='Unable to submit order' Native error='Order '6dc69f183d4e4c2dbadbf87e34d09f71' can't be submitted: The OCO ID ‘PTT-BEG-00005-21-0-0’ cannot be reused. Please use a new OCO ID.',
8/3/2026 4:06:05 PM,Order,Sim102 Order '6dc69f183d4e4c2dbadbf87e34d09f71' can't be submitted: The OCO ID ‘PTT-BEG-00005-21-0-0’ cannot be reused. Please use a new OCO ID. affected Order: Sell 10 Limit @ 7637.25,
8/3/2026 4:06:05 PM,Order,Order='cb22dc8b58e840e2829a2c60c41d71e5/Sim102' Name='PTT-BE-Stop-1' New state='Rejected' Instrument='MES SEP26' Action='Sell' Limit price=0 Stop price=7635.25 Quantity=10 Type='Stop Market' Time in force=GTC Oco='PTT-BEG-00005-21-0-0' Filled=0 Fill price=0 Error='Order rejected' Native error='Sell stop or sell stop limit orders can't be placed above the market.',
8/3/2026 4:06:05 PM,Order,Sim102 Sell stop or sell stop limit orders can't be placed above the market. affected Order: Sell 10 StopMarket @ 7635.25,
8/3/2026 4:06:05 PM,Order,Order='cb22dc8b58e840e2829a2c60c41d71e5/Sim102' Name='PTT-BE-Stop-1' New state='Submitted' Instrument='MES SEP26' Action='Sell' Limit price=0 Stop price=7635.25 Quantity=10 Type='Stop Market' Time in force=GTC Oco='PTT-BEG-00005-21-0-0' Filled=0 Fill price=0 Error='No error' Native error='',
8/3/2026 4:06:05 PM,Order,Order='af095d24ae8b4cf48e9e9e78c2f6aa2a/Sim102' Name='Stop1' New state='Cancel submitted' Instrument='MES SEP26' Action='Sell' Limit price=0 Stop price=7631.25 Quantity=10 Type='Stop Market' Time in force=GTC Oco='586ed7e4a40849b5aa3e2aeb45bebf26' Filled=0 Fill price=0 Error='No error' Native error='',
8/3/2026 4:06:05 PM,Order,Order='a6f06604c9494baa956b4bf61a84ff25/Sim102' Name='Target1' New state='Cancel submitted' Instrument='MES SEP26' Action='Sell' Limit price=7637.25 Stop price=0 Quantity=10 Type='Limit' Time in force=GTC Oco='586ed7e4a40849b5aa3e2aeb45bebf26' Filled=0 Fill price=0 Error='No error' Native error='',
8/3/2026 4:06:05 PM,Order,Order='6ab7d5b320f34b52b217a31b8099be4e/Sim101' Name='PTT-BE-Target-1' New state='Rejected' Instrument='MES SEP26' Action='Sell' Limit price=7637.25 Stop price=0 Quantity=10 Type='Limit' Time in force=GTC Oco='PTT-BEG-00005-2-0-0' Filled=0 Fill price=0 Error='Unable to submit order' Native error='Order '6ab7d5b320f34b52b217a31b8099be4e' can't be submitted: The OCO ID ‘PTT-BEG-00005-2-0-0’ cannot be reused. Please use a new OCO ID.',
8/3/2026 4:06:05 PM,Order,Sim101 Order '6ab7d5b320f34b52b217a31b8099be4e' can't be submitted: The OCO ID ‘PTT-BEG-00005-2-0-0’ cannot be reused. Please use a new OCO ID. affected Order: Sell 10 Limit @ 7637.25,
8/3/2026 4:06:04 PM,Order,Order='b0ff708fb2974a8aad01b0da63b397c2/Sim101' Name='PTT-BE-Stop-1' New state='Rejected' Instrument='MES SEP26' Action='Sell' Limit price=0 Stop price=7635.25 Quantity=10 Type='Stop Market' Time in force=GTC Oco='PTT-BEG-00005-2-0-0' Filled=0 Fill price=0 Error='Order rejected' Native error='Sell stop or sell stop limit orders can't be placed above the market.',
8/3/2026 4:06:04 PM,Order,Sim101 Sell stop or sell stop limit orders can't be placed above the market. affected Order: Sell 10 StopMarket @ 7635.25,
8/3/2026 4:06:04 PM,Order,Order='b0ff708fb2974a8aad01b0da63b397c2/Sim101' Name='PTT-BE-Stop-1' New state='Submitted' Instrument='MES SEP26' Action='Sell' Limit price=0 Stop price=7635.25 Quantity=10 Type='Stop Market' Time in force=GTC Oco='PTT-BEG-00005-2-0-0' Filled=0 Fill price=0 Error='No error' Native error='',
8/3/2026 4:06:04 PM,Order,Order='dd2641c2b870450c95acc1176915d8aa/Sim101' Name='Stop1' New state='Cancel submitted' Instrument='MES SEP26' Action='Sell' Limit price=0 Stop price=7631.25 Quantity=10 Type='Stop Market' Time in force=GTC Oco='6b8f01f0d7b34c7ebe141ec5b0a660fa' Filled=0 Fill price=0 Error='No error' Native error='',
8/3/2026 4:06:04 PM,Order,Order='b92fc1f0255045e59c3ebfcb206ed8d7/Sim101' Name='Target1' New state='Cancel submitted' Instrument='MES SEP26' Action='Sell' Limit price=7637.25 Stop price=0 Quantity=10 Type='Limit' Time in force=GTC Oco='6b8f01f0d7b34c7ebe141ec5b0a660fa' Filled=0 Fill price=0 Error='No error' Native error='',
8/3/2026 4:04:11 PM,Order,Order='a6f06604c9494baa956b4bf61a84ff25/Sim102' Name='Target1' New state='Accepted' Instrument='MES SEP26' Action='Sell' Limit price=7637.25 Stop price=0 Quantity=10 Type='Limit' Time in force=GTC Oco='586ed7e4a40849b5aa3e2aeb45bebf26' Filled=0 Fill price=0 Error='No error' Native error='',
8/3/2026 4:04:11 PM,Order,Order='af095d24ae8b4cf48e9e9e78c2f6aa2a/Sim102' Name='Stop1' New state='Accepted' Instrument='MES SEP26' Action='Sell' Limit price=0 Stop price=7631.25 Quantity=10 Type='Stop Market' Time in force=GTC Oco='586ed7e4a40849b5aa3e2aeb45bebf26' Filled=0 Fill price=0 Error='No error' Native error='',
8/3/2026 4:04:11 PM,Order,Order='a6f06604c9494baa956b4bf61a84ff25/Sim102' Name='Target1' New state='Working' Instrument='MES SEP26' Action='Sell' Limit price=7637.25 Stop price=0 Quantity=10 Type='Limit' Time in force=GTC Oco='586ed7e4a40849b5aa3e2aeb45bebf26' Filled=0 Fill price=0 Error='No error' Native error='',
