Time,Category,Message,
8/5/2026 11:13:57 PM,Position,Instrument='MES SEP26' Account='Sim101' Average price=0 Quantity=0 Market position=Flat Operation=Remove,
8/5/2026 11:13:57 PM,Execution,Execution='3b994751ca1c4f829f20ceaf0ab6c952' Instrument='MES SEP26' Account='Sim101' Exchange=Default Price=7756.5 Quantity=8 Market position=Short Operation=Operation_Add Order='68c192e0d3db4a6ea56eff954c3335d7' Time='8/5/2026 11:13 PM',
8/5/2026 11:13:57 PM,Order,Order='68c192e0d3db4a6ea56eff954c3335d7/Sim101' Name='Close' New state='Filled' Instrument='MES SEP26' Action='Sell' Limit price=0 Stop price=0 Quantity=8 Type='Market' Time in force=DAY Oco='' Filled=8 Fill price=7756.5 Error='No error' Native error='',
8/5/2026 11:13:57 PM,Order,Order='68c192e0d3db4a6ea56eff954c3335d7/Sim101' Name='Close' New state='Working' Instrument='MES SEP26' Action='Sell' Limit price=0 Stop price=0 Quantity=8 Type='Market' Time in force=DAY Oco='' Filled=0 Fill price=0 Error='No error' Native error='',
8/5/2026 11:13:57 PM,Order,Order='68c192e0d3db4a6ea56eff954c3335d7/Sim101' Name='Close' New state='Accepted' Instrument='MES SEP26' Action='Sell' Limit price=0 Stop price=0 Quantity=8 Type='Market' Time in force=DAY Oco='' Filled=0 Fill price=0 Error='No error' Native error='',
8/5/2026 11:13:57 PM,Default,'AtmStrategyCreate method error: Strategy template name parameter missing,
8/5/2026 11:13:57 PM,Order,Order='68c192e0d3db4a6ea56eff954c3335d7/Sim101' Name='Close' New state='Submitted' Instrument='MES SEP26' Action='Sell' Limit price=0 Stop price=0 Quantity=8 Type='Market' Time in force=DAY Oco='' Filled=0 Fill price=0 Error='No error' Native error='',
8/5/2026 11:13:57 PM,Order,Order='0418935ef69446dc811589066be0d8f5/Sim101' Name='Stop2' New state='Cancelled' Instrument='MES SEP26' Action='Sell' Limit price=0 Stop price=7753.5 Quantity=4 Type='Stop Market' Time in force=GTC Oco='54fe3756b3674dd6af4e9795c7494e26' Filled=0 Fill price=0 Error='No error' Native error='',
8/5/2026 11:13:57 PM,Order,Order='d9ba30ea523a4289a9a17a54c8593c69/Sim101' Name='Stop1' New state='Cancelled' Instrument='MES SEP26' Action='Sell' Limit price=0 Stop price=7753.5 Quantity=4 Type='Stop Market' Time in force=GTC Oco='93393bfffe0040909907ed555e857257' Filled=0 Fill price=0 Error='No error' Native error='',
8/5/2026 11:13:57 PM,Order,Order='b9b105615ceb416190c6342d884eae9b/Sim101' Name='Target2' New state='Cancelled' Instrument='MES SEP26' Action='Sell' Limit price=7761 Stop price=0 Quantity=4 Type='Limit' Time in force=GTC Oco='54fe3756b3674dd6af4e9795c7494e26' Filled=0 Fill price=0 Error='No error' Native error='',
8/5/2026 11:13:57 PM,Order,Order='f9b316c38ab74d5d97a0b4597c268d2d/Sim101' Name='Target1' New state='Cancelled' Instrument='MES SEP26' Action='Sell' Limit price=7760.5 Stop price=0 Quantity=4 Type='Limit' Time in force=GTC Oco='93393bfffe0040909907ed555e857257' Filled=0 Fill price=0 Error='No error' Native error='',
8/5/2026 11:13:57 PM,Order,Order='0418935ef69446dc811589066be0d8f5/Sim101' Name='Stop2' New state='Cancel submitted' Instrument='MES SEP26' Action='Sell' Limit price=0 Stop price=7753.5 Quantity=4 Type='Stop Market' Time in force=GTC Oco='54fe3756b3674dd6af4e9795c7494e26' Filled=0 Fill price=0 Error='No error' Native error='',
8/5/2026 11:13:57 PM,Order,Order='d9ba30ea523a4289a9a17a54c8593c69/Sim101' Name='Stop1' New state='Cancel submitted' Instrument='MES SEP26' Action='Sell' Limit price=0 Stop price=7753.5 Quantity=4 Type='Stop Market' Time in force=GTC Oco='93393bfffe0040909907ed555e857257' Filled=0 Fill price=0 Error='No error' Native error='',
8/5/2026 11:13:57 PM,Order,Order='b9b105615ceb416190c6342d884eae9b/Sim101' Name='Target2' New state='Cancel submitted' Instrument='MES SEP26' Action='Sell' Limit price=7761 Stop price=0 Quantity=4 Type='Limit' Time in force=GTC Oco='54fe3756b3674dd6af4e9795c7494e26' Filled=0 Fill price=0 Error='No error' Native error='',
8/5/2026 11:13:57 PM,Order,Order='f9b316c38ab74d5d97a0b4597c268d2d/Sim101' Name='Target1' New state='Cancel submitted' Instrument='MES SEP26' Action='Sell' Limit price=7760.5 Stop price=0 Quantity=4 Type='Limit' Time in force=GTC Oco='93393bfffe0040909907ed555e857257' Filled=0 Fill price=0 Error='No error' Native error='',
8/5/2026 11:13:57 PM,Default,Chart Trader close position,
8/5/2026 11:13:10 PM,Order,Order='b9b105615ceb416190c6342d884eae9b/Sim101' Name='Target2' New state='Working' Instrument='MES SEP26' Action='Sell' Limit price=7761 Stop price=0 Quantity=4 Type='Limit' Time in force=GTC Oco='54fe3756b3674dd6af4e9795c7494e26' Filled=0 Fill price=0 Error='No error' Native error='',
8/5/2026 11:13:10 PM,Order,Order='b9b105615ceb416190c6342d884eae9b/Sim101' Name='Target2' New state='Accepted' Instrument='MES SEP26' Action='Sell' Limit price=7761 Stop price=0 Quantity=4 Type='Limit' Time in force=GTC Oco='54fe3756b3674dd6af4e9795c7494e26' Filled=0 Fill price=0 Error='No error' Native error='',
8/5/2026 11:13:10 PM,Order,Order='0418935ef69446dc811589066be0d8f5/Sim101' Name='Stop2' New state='Accepted' Instrument='MES SEP26' Action='Sell' Limit price=0 Stop price=7753.5 Quantity=4 Type='Stop Market' Time in force=GTC Oco='54fe3756b3674dd6af4e9795c7494e26' Filled=0 Fill price=0 Error='No error' Native error='',
8/5/2026 11:13:10 PM,Order,Order='f9b316c38ab74d5d97a0b4597c268d2d/Sim101' Name='Target1' New state='Working' Instrument='MES SEP26' Action='Sell' Limit price=7760.5 Stop price=0 Quantity=4 Type='Limit' Time in force=GTC Oco='93393bfffe0040909907ed555e857257' Filled=0 Fill price=0 Error='No error' Native error='',
8/5/2026 11:13:10 PM,Order,Order='f9b316c38ab74d5d97a0b4597c268d2d/Sim101' Name='Target1' New state='Accepted' Instrument='MES SEP26' Action='Sell' Limit price=7760.5 Stop price=0 Quantity=4 Type='Limit' Time in force=GTC Oco='93393bfffe0040909907ed555e857257' Filled=0 Fill price=0 Error='No error' Native error='',
8/5/2026 11:13:10 PM,Order,Order='d9ba30ea523a4289a9a17a54c8593c69/Sim101' Name='Stop1' New state='Accepted' Instrument='MES SEP26' Action='Sell' Limit price=0 Stop price=7753.5 Quantity=4 Type='Stop Market' Time in force=GTC Oco='93393bfffe0040909907ed555e857257' Filled=0 Fill price=0 Error='No error' Native error='',
8/5/2026 11:13:10 PM,Default,'AtmStrategyCreate method error: Strategy template name parameter missing,
8/5/2026 11:13:10 PM,Default,'AtmStrategyCreate method error: Strategy template name parameter missing,
8/5/2026 11:13:10 PM,Order,Order='b9b105615ceb416190c6342d884eae9b/Sim101' Name='Target2' New state='Submitted' Instrument='MES SEP26' Action='Sell' Limit price=7761 Stop price=0 Quantity=4 Type='Limit' Time in force=GTC Oco='54fe3756b3674dd6af4e9795c7494e26' Filled=0 Fill price=0 Error='No error' Native error='',
8/5/2026 11:13:10 PM,Order,Order='0418935ef69446dc811589066be0d8f5/Sim101' Name='Stop2' New state='Submitted' Instrument='MES SEP26' Action='Sell' Limit price=0 Stop price=7753.5 Quantity=4 Type='Stop Market' Time in force=GTC Oco='54fe3756b3674dd6af4e9795c7494e26' Filled=0 Fill price=0 Error='No error' Native error='',
8/5/2026 11:13:10 PM,Order,Order='f9b316c38ab74d5d97a0b4597c268d2d/Sim101' Name='Target1' New state='Submitted' Instrument='MES SEP26' Action='Sell' Limit price=7760.5 Stop price=0 Quantity=4 Type='Limit' Time in force=GTC Oco='93393bfffe0040909907ed555e857257' Filled=0 Fill price=0 Error='No error' Native error='',
8/5/2026 11:13:10 PM,Order,Order='d9ba30ea523a4289a9a17a54c8593c69/Sim101' Name='Stop1' New state='Submitted' Instrument='MES SEP26' Action='Sell' Limit price=0 Stop price=7753.5 Quantity=4 Type='Stop Market' Time in force=GTC Oco='93393bfffe0040909907ed555e857257' Filled=0 Fill price=0 Error='No error' Native error='',
8/5/2026 11:13:10 PM,Position,Instrument='MES SEP26' Account='Sim101' Average price=7758.5625 Quantity=8 Market position=Long Operation=Update,
8/5/2026 11:13:10 PM,Execution,Execution='9197d72fe4ac42f7b52cffebe1f8b5c5' Instrument='MES SEP26' Account='Sim101' Exchange=Default Price=7758.75 Quantity=2 Market position=Long Operation=Operation_Add Order='15e4c26ff9bf416f8df16a690cdd8785' Time='8/5/2026 11:13 PM',
8/5/2026 11:13:10 PM,Order,Order='15e4c26ff9bf416f8df16a690cdd8785/Sim101' Name='Entry' New state='Filled' Instrument='MES SEP26' Action='Buy' Limit price=0 Stop price=0 Quantity=8 Type='Market' Time in force=GTC Oco='' Filled=8 Fill price=7758.5625 Error='No error' Native error='',
8/5/2026 11:13:10 PM,Position,Instrument='MES SEP26' Account='Sim101' Average price=7758.5 Quantity=6 Market position=Long Operation=Operation_Add,
8/5/2026 11:13:10 PM,Execution,Execution='442985465d2b4403a07584c2113e31bc' Instrument='MES SEP26' Account='Sim101' Exchange=Default Price=7758.5 Quantity=6 Market position=Long Operation=Operation_Add Order='15e4c26ff9bf416f8df16a690cdd8785' Time='8/5/2026 11:13 PM',
8/5/2026 11:13:10 PM,Order,Order='15e4c26ff9bf416f8df16a690cdd8785/Sim101' Name='Entry' New state='Partially filled' Instrument='MES SEP26' Action='Buy' Limit price=0 Stop price=0 Quantity=8 Type='Market' Time in force=GTC Oco='' Filled=6 Fill price=7758.5 Error='No error' Native error='',
8/5/2026 11:13:10 PM,Order,Order='15e4c26ff9bf416f8df16a690cdd8785/Sim101' Name='Entry' New state='Working' Instrument='MES SEP26' Action='Buy' Limit price=0 Stop price=0 Quantity=8 Type='Market' Time in force=GTC Oco='' Filled=0 Fill price=0 Error='No error' Native error='',
8/5/2026 11:13:10 PM,Order,Order='15e4c26ff9bf416f8df16a690cdd8785/Sim101' Name='Entry' New state='Accepted' Instrument='MES SEP26' Action='Buy' Limit price=0 Stop price=0 Quantity=8 Type='Market' Time in force=GTC Oco='' Filled=0 Fill price=0 Error='No error' Native error='',
8/5/2026 11:13:10 PM,Default,'AtmStrategyCreate method error: Strategy template name parameter missing,
8/5/2026 11:13:10 PM,Order,Order='15e4c26ff9bf416f8df16a690cdd8785/Sim101' Name='Entry' New state='Submitted' Instrument='MES SEP26' Action='Buy' Limit price=0 Stop price=0 Quantity=8 Type='Market' Time in force=GTC Oco='' Filled=0 Fill price=0 Error='No error' Native error='',
8/5/2026 11:13:10 PM,Order,Chart Trader submitting order with strategy 'MES $200 SL5 - 1' (Ticks),
8/5/2026 11:12:40 PM,Default,Enabling NinjaScript strategy 'PttFollowerStrategy/382222640' : On starting a real-time strategy - StartBehavior=ImmediatelySubmit EntryHandling=All entries EntriesPerDirection=1 StopTargetHandling=Per entry execution ErrorHandling=Stop strategy cancel orders close positions ExitOnSessionClose=False SetOrderQuantityBy=Strategy ConnectionLossHandling=Recalculate DisconnectDelaySeconds=10 CancelEntriesOnStrategyDisable=False CancelExitsOnStrategyDisable=False Calculate=On bar close IsUnmanaged=False MaxRestarts=4 in 5 minutes,
8/5/2026 11:11:59 PM,Connection,Market data failed for 'MGC DEC26': 'get_order_book error : 13',
8/5/2026 11:11:59 PM,Connection,Market data failed for 'MES SEP26': 'get_order_book error : 13',
8/5/2026 11:11:59 PM,Connection,Using HDS (hds-us-nt-011.ninjatrader.com/31655),
8/5/2026 11:11:59 PM,Connection,Time to auto close position='12:00:00 AM' Enabled=False,
8/5/2026 11:11:59 PM,Connection,My Rithmic for NinjaTrader Brokerage: Primary connection=Connected Price feed=Connected,
8/5/2026 11:11:45 PM,Default,Restoring workspace 'SuperDOM 3'...,
8/5/2026 11:11:43 PM,Default,Auto close enabled=False,
8/5/2026 11:11:43 PM,Order,Order entry hot keys disabled,
8/5/2026 11:11:43 PM,Connection,My Rithmic for NinjaTrader Brokerage: Primary connection=Connecting Price feed=Connecting,
8/5/2026 11:11:43 PM,Default,Auto connecting 'My Rithmic for NinjaTrader Brokerage'...,
8/5/2026 11:11:43 PM,Default,Telemetry configuration updated to version 1003 (previous version 0).,
8/5/2026 11:11:43 PM,Default,Automated trading disabled,
8/5/2026 11:11:43 PM,Connection,Using IS (is-us-nt-006.ninjatrader.com/31658),
8/5/2026 11:11:42 PM,Default,Global simulation mode disabled,
8/5/2026 11:11:28 PM,Default,Session Break (Version 8.1.8.1),
8/5/2026 10:45:15 PM,Connection,My Rithmic for NinjaTrader Brokerage: Primary connection=Disconnected Price feed=Disconnected,
8/5/2026 10:45:15 PM,Connection,My Rithmic for NinjaTrader Brokerage: Primary connection=Disconnecting Price feed=Disconnecting,
8/5/2026 10:45:09 PM,Default,Workspace SuperDOM 3 not saved,
8/5/2026 10:44:54 PM,Position,Instrument='MES SEP26' Account='Sim101' Average price=0 Quantity=0 Market position=Flat Operation=Remove,
8/5/2026 10:44:54 PM,Execution,Execution='19373e6186e04f7eac0c56074fbbdcb8' Instrument='MES SEP26' Account='Sim101' Exchange=Default Price=7763.75 Quantity=8 Market position=Short Operation=Operation_Add Order='fdb4302c4df3489d93e29ddf3615b292' Time='8/5/2026 10:44 PM',
8/5/2026 10:44:54 PM,Order,Order='fdb4302c4df3489d93e29ddf3615b292/Sim101' Name='Close' New state='Filled' Instrument='MES SEP26' Action='Sell' Limit price=0 Stop price=0 Quantity=8 Type='Market' Time in force=DAY Oco='' Filled=8 Fill price=7763.75 Error='No error' Native error='',
8/5/2026 10:44:54 PM,Order,Order='fdb4302c4df3489d93e29ddf3615b292/Sim101' Name='Close' New state='Working' Instrument='MES SEP26' Action='Sell' Limit price=0 Stop price=0 Quantity=8 Type='Market' Time in force=DAY Oco='' Filled=0 Fill price=0 Error='No error' Native error='',
8/5/2026 10:44:54 PM,Order,Order='fdb4302c4df3489d93e29ddf3615b292/Sim101' Name='Close' New state='Accepted' Instrument='MES SEP26' Action='Sell' Limit price=0 Stop price=0 Quantity=8 Type='Market' Time in force=DAY Oco='' Filled=0 Fill price=0 Error='No error' Native error='',
8/5/2026 10:44:54 PM,Order,Order='fdb4302c4df3489d93e29ddf3615b292/Sim101' Name='Close' New state='Submitted' Instrument='MES SEP26' Action='Sell' Limit price=0 Stop price=0 Quantity=8 Type='Market' Time in force=DAY Oco='' Filled=0 Fill price=0 Error='No error' Native error='',
8/5/2026 10:44:54 PM,Order,Order='be4356a403fa4860912d6d99ddbdc239/Sim101' Name='Stop2' New state='Cancelled' Instrument='MES SEP26' Action='Sell' Limit price=0 Stop price=7758.25 Quantity=4 Type='Stop Market' Time in force=GTC Oco='a2832f19d4264823b281ff5632d8d62e' Filled=0 Fill price=0 Error='No error' Native error='',
8/5/2026 10:44:54 PM,Order,Order='c20bb038c09a4890ba683ade7a9400d9/Sim101' Name='Stop1' New state='Cancelled' Instrument='MES SEP26' Action='Sell' Limit price=0 Stop price=7758.25 Quantity=4 Type='Stop Market' Time in force=GTC Oco='de37ad42f44e427581838b2337790b1a' Filled=0 Fill price=0 Error='No error' Native error='',
8/5/2026 10:44:54 PM,Order,Order='3b7fc9c294ba4009baf0c36ff62c5a95/Sim101' Name='Target2' New state='Cancelled' Instrument='MES SEP26' Action='Sell' Limit price=7765.75 Stop price=0 Quantity=4 Type='Limit' Time in force=GTC Oco='a2832f19d4264823b281ff5632d8d62e' Filled=0 Fill price=0 Error='No error' Native error='',
8/5/2026 10:44:54 PM,Order,Order='5ae619a975e34643b737615f328f7aae/Sim101' Name='Target1' New state='Cancelled' Instrument='MES SEP26' Action='Sell' Limit price=7765.25 Stop price=0 Quantity=4 Type='Limit' Time in force=GTC Oco='de37ad42f44e427581838b2337790b1a' Filled=0 Fill price=0 Error='No error' Native error='',
8/5/2026 10:44:54 PM,Order,Order='3b7fc9c294ba4009baf0c36ff62c5a95/Sim101' Name='Target2' New state='Cancel submitted' Instrument='MES SEP26' Action='Sell' Limit price=7765.75 Stop price=0 Quantity=4 Type='Limit' Time in force=GTC Oco='a2832f19d4264823b281ff5632d8d62e' Filled=0 Fill price=0 Error='No error' Native error='',
8/5/2026 10:44:54 PM,Order,Order='c20bb038c09a4890ba683ade7a9400d9/Sim101' Name='Stop1' New state='Cancel submitted' Instrument='MES SEP26' Action='Sell' Limit price=0 Stop price=7758.25 Quantity=4 Type='Stop Market' Time in force=GTC Oco='de37ad42f44e427581838b2337790b1a' Filled=0 Fill price=0 Error='No error' Native error='',
8/5/2026 10:44:54 PM,Order,Order='be4356a403fa4860912d6d99ddbdc239/Sim101' Name='Stop2' New state='Cancel submitted' Instrument='MES SEP26' Action='Sell' Limit price=0 Stop price=7758.25 Quantity=4 Type='Stop Market' Time in force=GTC Oco='a2832f19d4264823b281ff5632d8d62e' Filled=0 Fill price=0 Error='No error' Native error='',
8/5/2026 10:44:54 PM,Order,Order='5ae619a975e34643b737615f328f7aae/Sim101' Name='Target1' New state='Cancel submitted' Instrument='MES SEP26' Action='Sell' Limit price=7765.25 Stop price=0 Quantity=4 Type='Limit' Time in force=GTC Oco='de37ad42f44e427581838b2337790b1a' Filled=0 Fill price=0 Error='No error' Native error='',
8/5/2026 10:44:54 PM,Strategy,Disabled strategy='PTTFollowerStrategy/382222638',
8/5/2026 10:44:54 PM,Strategy,Disabled strategy='PTTFollowerStrategy/382222638',
8/5/2026 10:44:54 PM,Default,Disabling NinjaScript strategy 'PttFollowerStrategy/382222638',
8/5/2026 10:44:54 PM,Default,Position grid close position,
8/5/2026 10:44:36 PM,Order,Order='3b7fc9c294ba4009baf0c36ff62c5a95/Sim101' Name='Target2' New state='Working' Instrument='MES SEP26' Action='Sell' Limit price=7765.75 Stop price=0 Quantity=4 Type='Limit' Time in force=GTC Oco='a2832f19d4264823b281ff5632d8d62e' Filled=0 Fill price=0 Error='No error' Native error='',
8/5/2026 10:44:36 PM,Order,Order='3b7fc9c294ba4009baf0c36ff62c5a95/Sim101' Name='Target2' New state='Accepted' Instrument='MES SEP26' Action='Sell' Limit price=7765.75 Stop price=0 Quantity=4 Type='Limit' Time in force=GTC Oco='a2832f19d4264823b281ff5632d8d62e' Filled=0 Fill price=0 Error='No error' Native error='',
8/5/2026 10:44:36 PM,Order,Order='5ae619a975e34643b737615f328f7aae/Sim101' Name='Target1' New state='Working' Instrument='MES SEP26' Action='Sell' Limit price=7765.25 Stop price=0 Quantity=4 Type='Limit' Time in force=GTC Oco='de37ad42f44e427581838b2337790b1a' Filled=0 Fill price=0 Error='No error' Native error='',
8/5/2026 10:44:36 PM,Order,Order='be4356a403fa4860912d6d99ddbdc239/Sim101' Name='Stop2' New state='Accepted' Instrument='MES SEP26' Action='Sell' Limit price=0 Stop price=7758.25 Quantity=4 Type='Stop Market' Time in force=GTC Oco='a2832f19d4264823b281ff5632d8d62e' Filled=0 Fill price=0 Error='No error' Native error='',
8/5/2026 10:44:36 PM,Order,Order='5ae619a975e34643b737615f328f7aae/Sim101' Name='Target1' New state='Accepted' Instrument='MES SEP26' Action='Sell' Limit price=7765.25 Stop price=0 Quantity=4 Type='Limit' Time in force=GTC Oco='de37ad42f44e427581838b2337790b1a' Filled=0 Fill price=0 Error='No error' Native error='',
8/5/2026 10:44:36 PM,Order,Order='c20bb038c09a4890ba683ade7a9400d9/Sim101' Name='Stop1' New state='Accepted' Instrument='MES SEP26' Action='Sell' Limit price=0 Stop price=7758.25 Quantity=4 Type='Stop Market' Time in force=GTC Oco='de37ad42f44e427581838b2337790b1a' Filled=0 Fill price=0 Error='No error' Native error='',
8/5/2026 10:44:36 PM,Order,Order='3b7fc9c294ba4009baf0c36ff62c5a95/Sim101' Name='Target2' New state='Submitted' Instrument='MES SEP26' Action='Sell' Limit price=7765.75 Stop price=0 Quantity=4 Type='Limit' Time in force=GTC Oco='a2832f19d4264823b281ff5632d8d62e' Filled=0 Fill price=0 Error='No error' Native error='',
8/5/2026 10:44:36 PM,Order,Order='be4356a403fa4860912d6d99ddbdc239/Sim101' Name='Stop2' New state='Submitted' Instrument='MES SEP26' Action='Sell' Limit price=0 Stop price=7758.25 Quantity=4 Type='Stop Market' Time in force=GTC Oco='a2832f19d4264823b281ff5632d8d62e' Filled=0 Fill price=0 Error='No error' Native error='',
8/5/2026 10:44:36 PM,Order,Order='5ae619a975e34643b737615f328f7aae/Sim101' Name='Target1' New state='Submitted' Instrument='MES SEP26' Action='Sell' Limit price=7765.25 Stop price=0 Quantity=4 Type='Limit' Time in force=GTC Oco='de37ad42f44e427581838b2337790b1a' Filled=0 Fill price=0 Error='No error' Native error='',
8/5/2026 10:44:36 PM,Position,Instrument='MES SEP26' Account='Sim101' Average price=7763.25 Quantity=8 Market position=Long Operation=Operation_Add,
8/5/2026 10:44:35 PM,Order,Order='c20bb038c09a4890ba683ade7a9400d9/Sim101' Name='Stop1' New state='Submitted' Instrument='MES SEP26' Action='Sell' Limit price=0 Stop price=7758.25 Quantity=4 Type='Stop Market' Time in force=GTC Oco='de37ad42f44e427581838b2337790b1a' Filled=0 Fill price=0 Error='No error' Native error='',
8/5/2026 10:44:35 PM,Execution,Execution='cca92621e7144b32b133dcdf225a6989' Instrument='MES SEP26' Account='Sim101' Exchange=Default Price=7763.25 Quantity=8 Market position=Long Operation=Operation_Add Order='91e920332f82493ebd7cb90bcc4a636d' Time='8/5/2026 10:44 PM',
8/5/2026 10:44:35 PM,Order,Order='91e920332f82493ebd7cb90bcc4a636d/Sim101' Name='Entry' New state='Filled' Instrument='MES SEP26' Action='Buy' Limit price=0 Stop price=0 Quantity=8 Type='Market' Time in force=GTC Oco='' Filled=8 Fill price=7763.25 Error='No error' Native error='',
8/5/2026 10:44:35 PM,Order,Order='91e920332f82493ebd7cb90bcc4a636d/Sim101' Name='Entry' New state='Accepted' Instrument='MES SEP26' Action='Buy' Limit price=0 Stop price=0 Quantity=8 Type='Market' Time in force=GTC Oco='' Filled=0 Fill price=0 Error='No error' Native error='',
8/5/2026 10:44:35 PM,Order,Order='91e920332f82493ebd7cb90bcc4a636d/Sim101' Name='Entry' New state='Working' Instrument='MES SEP26' Action='Buy' Limit price=0 Stop price=0 Quantity=8 Type='Market' Time in force=GTC Oco='' Filled=0 Fill price=0 Error='No error' Native error='',
8/5/2026 10:44:35 PM,Order,Order='91e920332f82493ebd7cb90bcc4a636d/Sim101' Name='Entry' New state='Submitted' Instrument='MES SEP26' Action='Buy' Limit price=0 Stop price=0 Quantity=8 Type='Market' Time in force=GTC Oco='' Filled=0 Fill price=0 Error='No error' Native error='',
8/5/2026 10:44:35 PM,Order,Chart Trader submitting order with strategy 'MES $200 SL5 - 1' (Ticks),
8/5/2026 10:44:07 PM,Default,Enabling NinjaScript strategy 'PttFollowerStrategy/382222638' : On starting a real-time strategy - StartBehavior=WaitUntilFlat EntryHandling=All entries EntriesPerDirection=1 StopTargetHandling=Per entry execution ErrorHandling=Stop strategy cancel orders close positions ExitOnSessionClose=False SetOrderQuantityBy=Strategy ConnectionLossHandling=Recalculate DisconnectDelaySeconds=10 CancelEntriesOnStrategyDisable=False CancelExitsOnStrategyDisable=False Calculate=On bar close IsUnmanaged=False MaxRestarts=4 in 5 minutes,
8/5/2026 10:43:35 PM,Connection,Market data failed for 'MES SEP26': 'get_order_book error : 13',
8/5/2026 10:43:35 PM,Connection,Market data failed for 'MGC DEC26': 'get_order_book error : 13',
8/5/2026 10:43:35 PM,Connection,Using HDS (hds-us-nt-017.ninjatrader.com/31655),
8/5/2026 10:43:35 PM,Connection,Time to auto close position='12:00:00 AM' Enabled=False,
8/5/2026 10:43:34 PM,Connection,My Rithmic for NinjaTrader Brokerage: Primary connection=Connected Price feed=Connected,
8/5/2026 10:43:19 PM,Default,Restoring workspace 'SuperDOM 3'...,
8/5/2026 10:43:18 PM,Default,Auto close enabled=False,
8/5/2026 10:43:18 PM,Order,Order entry hot keys disabled,
8/5/2026 10:43:17 PM,Connection,My Rithmic for NinjaTrader Brokerage: Primary connection=Connecting Price feed=Connecting,
8/5/2026 10:43:17 PM,Default,Auto connecting 'My Rithmic for NinjaTrader Brokerage'...,
8/5/2026 10:43:17 PM,Default,Telemetry configuration updated to version 1003 (previous version 0).,
8/5/2026 10:43:17 PM,Default,Automated trading disabled,
8/5/2026 10:43:17 PM,Connection,Using IS (is-us-nt-006.ninjatrader.com/31658),
8/5/2026 10:43:15 PM,Default,Global simulation mode disabled,
8/5/2026 10:42:55 PM,Default,Session Break (Version 8.1.8.1),
8/5/2026 10:39:57 PM,Connection,My Rithmic for NinjaTrader Brokerage: Primary connection=Disconnected Price feed=Disconnected,
8/5/2026 10:39:56 PM,Connection,My Rithmic for NinjaTrader Brokerage: Primary connection=Disconnecting Price feed=Disconnecting,
8/5/2026 10:39:51 PM,Default,Disabling NinjaScript strategy 'PttFollowerStrategy/382222633',
8/5/2026 10:39:51 PM,Default,Workspace SuperDOM 3 not saved,
8/5/2026 10:35:49 PM,Default,Chart Trader close position,
8/5/2026 10:35:49 PM,Default,Cancel all orders account='Sim101',
8/5/2026 10:34:55 PM,Position,Instrument='MES SEP26' Account='Sim101' Average price=0 Quantity=0 Market position=Flat Operation=Remove,
8/5/2026 10:34:55 PM,Execution,Execution='4127058915384f618da55c4a8d6f486d' Instrument='MES SEP26' Account='Sim101' Exchange=Default Price=7762 Quantity=8 Market position=Short Operation=Operation_Add Order='292ee43c05d0495e89585157a8d6d244' Time='8/5/2026 10:34 PM',
8/5/2026 10:34:55 PM,Order,Order='292ee43c05d0495e89585157a8d6d244/Sim101' Name='Close' New state='Filled' Instrument='MES SEP26' Action='Sell' Limit price=0 Stop price=0 Quantity=8 Type='Market' Time in force=DAY Oco='' Filled=8 Fill price=7762 Error='No error' Native error='',
8/5/2026 10:34:55 PM,Order,Order='292ee43c05d0495e89585157a8d6d244/Sim101' Name='Close' New state='Accepted' Instrument='MES SEP26' Action='Sell' Limit price=0 Stop price=0 Quantity=8 Type='Market' Time in force=DAY Oco='' Filled=0 Fill price=0 Error='No error' Native error='',
8/5/2026 10:34:55 PM,Order,Order='292ee43c05d0495e89585157a8d6d244/Sim101' Name='Close' New state='Working' Instrument='MES SEP26' Action='Sell' Limit price=0 Stop price=0 Quantity=8 Type='Market' Time in force=DAY Oco='' Filled=0 Fill price=0 Error='No error' Native error='',
8/5/2026 10:34:55 PM,Order,Order='292ee43c05d0495e89585157a8d6d244/Sim101' Name='Close' New state='Submitted' Instrument='MES SEP26' Action='Sell' Limit price=0 Stop price=0 Quantity=8 Type='Market' Time in force=DAY Oco='' Filled=0 Fill price=0 Error='No error' Native error='',
8/5/2026 10:34:55 PM,Order,Order='d266ad8d16794ec995a6abac20e43718/Sim101' Name='Stop1' New state='Cancelled' Instrument='MES SEP26' Action='Sell' Limit price=0 Stop price=7757.25 Quantity=4 Type='Stop Market' Time in force=GTC Oco='6b25cf0989004e3e9cbd0b1bd1ccab25' Filled=0 Fill price=0 Error='No error' Native error='',
8/5/2026 10:34:55 PM,Order,Order='15e0018dfe584f2a8b668f400560f8f4/Sim101' Name='Stop2' New state='Cancelled' Instrument='MES SEP26' Action='Sell' Limit price=0 Stop price=7757.25 Quantity=4 Type='Stop Market' Time in force=GTC Oco='785fa46d1e3d4264a851bd4597194587' Filled=0 Fill price=0 Error='No error' Native error='',
8/5/2026 10:34:55 PM,Order,Order='11b6f75284d245dc97162bdd7808786f/Sim101' Name='Target2' New state='Cancelled' Instrument='MES SEP26' Action='Sell' Limit price=7764.75 Stop price=0 Quantity=4 Type='Limit' Time in force=GTC Oco='785fa46d1e3d4264a851bd4597194587' Filled=0 Fill price=0 Error='No error' Native error='',
8/5/2026 10:34:55 PM,Order,Order='0ec5af56713f4eeeb63128ac5c71757a/Sim101' Name='Target1' New state='Cancelled' Instrument='MES SEP26' Action='Sell' Limit price=7764.25 Stop price=0 Quantity=4 Type='Limit' Time in force=GTC Oco='6b25cf0989004e3e9cbd0b1bd1ccab25' Filled=0 Fill price=0 Error='No error' Native error='',
8/5/2026 10:34:55 PM,Order,Order='15e0018dfe584f2a8b668f400560f8f4/Sim101' Name='Stop2' New state='Cancel submitted' Instrument='MES SEP26' Action='Sell' Limit price=0 Stop price=7757.25 Quantity=4 Type='Stop Market' Time in force=GTC Oco='785fa46d1e3d4264a851bd4597194587' Filled=0 Fill price=0 Error='No error' Native error='',
8/5/2026 10:34:55 PM,Order,Order='d266ad8d16794ec995a6abac20e43718/Sim101' Name='Stop1' New state='Cancel submitted' Instrument='MES SEP26' Action='Sell' Limit price=0 Stop price=7757.25 Quantity=4 Type='Stop Market' Time in force=GTC Oco='6b25cf0989004e3e9cbd0b1bd1ccab25' Filled=0 Fill price=0 Error='No error' Native error='',
8/5/2026 10:34:55 PM,Order,Order='11b6f75284d245dc97162bdd7808786f/Sim101' Name='Target2' New state='Cancel submitted' Instrument='MES SEP26' Action='Sell' Limit price=7764.75 Stop price=0 Quantity=4 Type='Limit' Time in force=GTC Oco='785fa46d1e3d4264a851bd4597194587' Filled=0 Fill price=0 Error='No error' Native error='',
8/5/2026 10:34:55 PM,Order,Order='0ec5af56713f4eeeb63128ac5c71757a/Sim101' Name='Target1' New state='Cancel submitted' Instrument='MES SEP26' Action='Sell' Limit price=7764.25 Stop price=0 Quantity=4 Type='Limit' Time in force=GTC Oco='6b25cf0989004e3e9cbd0b1bd1ccab25' Filled=0 Fill price=0 Error='No error' Native error='',
8/5/2026 10:34:55 PM,Default,Chart Trader close position,
8/5/2026 10:34:51 PM,Order,Order='11b6f75284d245dc97162bdd7808786f/Sim101' Name='Target2' New state='Accepted' Instrument='MES SEP26' Action='Sell' Limit price=7764.75 Stop price=0 Quantity=4 Type='Limit' Time in force=GTC Oco='785fa46d1e3d4264a851bd4597194587' Filled=0 Fill price=0 Error='No error' Native error='',
8/5/2026 10:34:51 PM,Order,Order='15e0018dfe584f2a8b668f400560f8f4/Sim101' Name='Stop2' New state='Accepted' Instrument='MES SEP26' Action='Sell' Limit price=0 Stop price=7757.25 Quantity=4 Type='Stop Market' Time in force=GTC Oco='785fa46d1e3d4264a851bd4597194587' Filled=0 Fill price=0 Error='No error' Native error='',
8/5/2026 10:34:51 PM,Order,Order='11b6f75284d245dc97162bdd7808786f/Sim101' Name='Target2' New state='Working' Instrument='MES SEP26' Action='Sell' Limit price=7764.75 Stop price=0 Quantity=4 Type='Limit' Time in force=GTC Oco='785fa46d1e3d4264a851bd4597194587' Filled=0 Fill price=0 Error='No error' Native error='',
8/5/2026 10:34:51 PM,Order,Order='0ec5af56713f4eeeb63128ac5c71757a/Sim101' Name='Target1' New state='Working' Instrument='MES SEP26' Action='Sell' Limit price=7764.25 Stop price=0 Quantity=4 Type='Limit' Time in force=GTC Oco='6b25cf0989004e3e9cbd0b1bd1ccab25' Filled=0 Fill price=0 Error='No error' Native error='',
8/5/2026 10:34:51 PM,Order,Order='d266ad8d16794ec995a6abac20e43718/Sim101' Name='Stop1' New state='Accepted' Instrument='MES SEP26' Action='Sell' Limit price=0 Stop price=7757.25 Quantity=4 Type='Stop Market' Time in force=GTC Oco='6b25cf0989004e3e9cbd0b1bd1ccab25' Filled=0 Fill price=0 Error='No error' Native error='',
8/5/2026 10:34:51 PM,Order,Order='0ec5af56713f4eeeb63128ac5c71757a/Sim101' Name='Target1' New state='Accepted' Instrument='MES SEP26' Action='Sell' Limit price=7764.25 Stop price=0 Quantity=4 Type='Limit' Time in force=GTC Oco='6b25cf0989004e3e9cbd0b1bd1ccab25' Filled=0 Fill price=0 Error='No error' Native error='',
8/5/2026 10:34:51 PM,Order,Order='11b6f75284d245dc97162bdd7808786f/Sim101' Name='Target2' New state='Submitted' Instrument='MES SEP26' Action='Sell' Limit price=7764.75 Stop price=0 Quantity=4 Type='Limit' Time in force=GTC Oco='785fa46d1e3d4264a851bd4597194587' Filled=0 Fill price=0 Error='No error' Native error='',
8/5/2026 10:34:51 PM,Order,Order='15e0018dfe584f2a8b668f400560f8f4/Sim101' Name='Stop2' New state='Submitted' Instrument='MES SEP26' Action='Sell' Limit price=0 Stop price=7757.25 Quantity=4 Type='Stop Market' Time in force=GTC Oco='785fa46d1e3d4264a851bd4597194587' Filled=0 Fill price=0 Error='No error' Native error='',
8/5/2026 10:34:51 PM,Order,Order='0ec5af56713f4eeeb63128ac5c71757a/Sim101' Name='Target1' New state='Submitted' Instrument='MES SEP26' Action='Sell' Limit price=7764.25 Stop price=0 Quantity=4 Type='Limit' Time in force=GTC Oco='6b25cf0989004e3e9cbd0b1bd1ccab25' Filled=0 Fill price=0 Error='No error' Native error='',
8/5/2026 10:34:51 PM,Order,Order='d266ad8d16794ec995a6abac20e43718/Sim101' Name='Stop1' New state='Submitted' Instrument='MES SEP26' Action='Sell' Limit price=0 Stop price=7757.25 Quantity=4 Type='Stop Market' Time in force=GTC Oco='6b25cf0989004e3e9cbd0b1bd1ccab25' Filled=0 Fill price=0 Error='No error' Native error='',
8/5/2026 10:34:51 PM,Execution,Execution='94116e78618844b7b72364108bf11f31' Instrument='MES SEP26' Account='Sim101' Exchange=Default Price=7762.25 Quantity=8 Market position=Long Operation=Operation_Add Order='3fcbc0c968024dec9df43acb7876401e' Time='8/5/2026 10:34 PM',
8/5/2026 10:34:51 PM,Position,Instrument='MES SEP26' Account='Sim101' Average price=7762.25 Quantity=8 Market position=Long Operation=Operation_Add,
8/5/2026 10:34:51 PM,Order,Order='3fcbc0c968024dec9df43acb7876401e/Sim101' Name='Entry' New state='Filled' Instrument='MES SEP26' Action='Buy' Limit price=0 Stop price=0 Quantity=8 Type='Market' Time in force=GTC Oco='' Filled=8 Fill price=7762.25 Error='No error' Native error='',
8/5/2026 10:34:51 PM,Order,Order='3fcbc0c968024dec9df43acb7876401e/Sim101' Name='Entry' New state='Accepted' Instrument='MES SEP26' Action='Buy' Limit price=0 Stop price=0 Quantity=8 Type='Market' Time in force=GTC Oco='' Filled=0 Fill price=0 Error='No error' Native error='',
8/5/2026 10:34:51 PM,Order,Order='3fcbc0c968024dec9df43acb7876401e/Sim101' Name='Entry' New state='Working' Instrument='MES SEP26' Action='Buy' Limit price=0 Stop price=0 Quantity=8 Type='Market' Time in force=GTC Oco='' Filled=0 Fill price=0 Error='No error' Native error='',
8/5/2026 10:34:51 PM,Order,Order='3fcbc0c968024dec9df43acb7876401e/Sim101' Name='Entry' New state='Submitted' Instrument='MES SEP26' Action='Buy' Limit price=0 Stop price=0 Quantity=8 Type='Market' Time in force=GTC Oco='' Filled=0 Fill price=0 Error='No error' Native error='',
8/5/2026 10:34:51 PM,Order,Chart Trader submitting order with strategy 'MES $200 SL5 - 1' (Ticks),
8/5/2026 10:34:50 PM,Order,Order='e9ba8813d36d4c2d99d2949bbcd108f9/Sim101' Name='Entry' New state='Cancelled' Instrument='MES SEP26' Action='Buy' Limit price=7761.75 Stop price=0 Quantity=8 Type='Limit' Time in force=GTC Oco='' Filled=0 Fill price=0 Error='No error' Native error='',
8/5/2026 10:34:50 PM,Order,Order='e9ba8813d36d4c2d99d2949bbcd108f9/Sim101' Name='Entry' New state='Cancel submitted' Instrument='MES SEP26' Action='Buy' Limit price=7761.75 Stop price=0 Quantity=8 Type='Limit' Time in force=GTC Oco='' Filled=0 Fill price=0 Error='No error' Native error='',
8/5/2026 10:34:50 PM,Default,Chart Trader close position,
8/5/2026 10:34:50 PM,Default,Cancel all orders account='Sim101',
8/5/2026 10:34:44 PM,Order,Order='e9ba8813d36d4c2d99d2949bbcd108f9/Sim101' Name='Entry' New state='Working' Instrument='MES SEP26' Action='Buy' Limit price=7761.75 Stop price=0 Quantity=8 Type='Limit' Time in force=GTC Oco='' Filled=0 Fill price=0 Error='No error' Native error='',
8/5/2026 10:34:44 PM,Order,Order='e9ba8813d36d4c2d99d2949bbcd108f9/Sim101' Name='Entry' New state='Accepted' Instrument='MES SEP26' Action='Buy' Limit price=7761.75 Stop price=0 Quantity=8 Type='Limit' Time in force=GTC Oco='' Filled=0 Fill price=0 Error='No error' Native error='',
8/5/2026 10:34:44 PM,Order,Order='e9ba8813d36d4c2d99d2949bbcd108f9/Sim101' Name='Entry' New state='Submitted' Instrument='MES SEP26' Action='Buy' Limit price=7761.75 Stop price=0 Quantity=8 Type='Limit' Time in force=GTC Oco='' Filled=0 Fill price=0 Error='No error' Native error='',
8/5/2026 10:34:44 PM,Order,Chart Trader submitting order with strategy 'MES $200 SL5 - 1' (Ticks),
8/5/2026 10:34:27 PM,Default,Enabling NinjaScript strategy 'PttFollowerStrategy/382222633' : On starting a real-time strategy - StartBehavior=WaitUntilFlat EntryHandling=All entries EntriesPerDirection=1 StopTargetHandling=Per entry execution ErrorHandling=Stop strategy cancel orders close positions ExitOnSessionClose=False SetOrderQuantityBy=Strategy ConnectionLossHandling=Recalculate DisconnectDelaySeconds=10 CancelEntriesOnStrategyDisable=False CancelExitsOnStrategyDisable=False Calculate=On bar close IsUnmanaged=False MaxRestarts=4 in 5 minutes,
8/5/2026 10:34:26 PM,Default,Disabling NinjaScript strategy 'PttFollowerStrategy/382222633',
8/5/2026 10:33:24 PM,Order,Order='abdda3378c12428baa12e6f40c405cbe/Sim101' Name='Entry' New state='Cancelled' Instrument='MES SEP26' Action='Buy' Limit price=7761.75 Stop price=0 Quantity=8 Type='Limit' Time in force=GTC Oco='' Filled=0 Fill price=0 Error='No error' Native error='',
8/5/2026 10:33:23 PM,Order,Order='abdda3378c12428baa12e6f40c405cbe/Sim101' Name='Entry' New state='Cancel submitted' Instrument='MES SEP26' Action='Buy' Limit price=7761.75 Stop price=0 Quantity=8 Type='Limit' Time in force=GTC Oco='' Filled=0 Fill price=0 Error='No error' Native error='',
8/5/2026 10:33:11 PM,Order,Order='abdda3378c12428baa12e6f40c405cbe/Sim101' Name='Entry' New state='Accepted' Instrument='MES SEP26' Action='Buy' Limit price=7761.75 Stop price=0 Quantity=8 Type='Limit' Time in force=GTC Oco='' Filled=0 Fill price=0 Error='No error' Native error='',
8/5/2026 10:33:11 PM,Order,Order='abdda3378c12428baa12e6f40c405cbe/Sim101' Name='Entry' New state='Working' Instrument='MES SEP26' Action='Buy' Limit price=7761.75 Stop price=0 Quantity=8 Type='Limit' Time in force=GTC Oco='' Filled=0 Fill price=0 Error='No error' Native error='',
8/5/2026 10:33:10 PM,Order,Order='abdda3378c12428baa12e6f40c405cbe/Sim101' Name='Entry' New state='Submitted' Instrument='MES SEP26' Action='Buy' Limit price=7761.75 Stop price=0 Quantity=8 Type='Limit' Time in force=GTC Oco='' Filled=0 Fill price=0 Error='No error' Native error='',
8/5/2026 10:33:10 PM,Order,Chart Trader submitting order with strategy 'MES $200 SL5 - 1' (Ticks),
8/5/2026 10:32:59 PM,Position,Instrument='MES SEP26' Account='Sim101' Average price=0 Quantity=0 Market position=Flat Operation=Remove,
8/5/2026 10:32:59 PM,Execution,Execution='720006bcee9f4ee59e5fc1e128aa7015' Instrument='MES SEP26' Account='Sim101' Exchange=Default Price=7762.5 Quantity=8 Market position=Short Operation=Operation_Add Order='54b947db08c7486d89518affa15fa6b3' Time='8/5/2026 10:32 PM',
8/5/2026 10:32:59 PM,Order,Order='54b947db08c7486d89518affa15fa6b3/Sim101' Name='Close' New state='Filled' Instrument='MES SEP26' Action='Sell' Limit price=0 Stop price=0 Quantity=8 Type='Market' Time in force=DAY Oco='' Filled=8 Fill price=7762.5 Error='No error' Native error='',
8/5/2026 10:32:59 PM,Order,Order='54b947db08c7486d89518affa15fa6b3/Sim101' Name='Close' New state='Working' Instrument='MES SEP26' Action='Sell' Limit price=0 Stop price=0 Quantity=8 Type='Market' Time in force=DAY Oco='' Filled=0 Fill price=0 Error='No error' Native error='',
8/5/2026 10:32:59 PM,Order,Order='54b947db08c7486d89518affa15fa6b3/Sim101' Name='Close' New state='Accepted' Instrument='MES SEP26' Action='Sell' Limit price=0 Stop price=0 Quantity=8 Type='Market' Time in force=DAY Oco='' Filled=0 Fill price=0 Error='No error' Native error='',
8/5/2026 10:32:59 PM,Order,Order='54b947db08c7486d89518affa15fa6b3/Sim101' Name='Close' New state='Submitted' Instrument='MES SEP26' Action='Sell' Limit price=0 Stop price=0 Quantity=8 Type='Market' Time in force=DAY Oco='' Filled=0 Fill price=0 Error='No error' Native error='',
8/5/2026 10:32:59 PM,Order,Order='037848e9c2d44ac284b790285f46c1f8/Sim101' Name='Target2' New state='Cancelled' Instrument='MES SEP26' Action='Sell' Limit price=7765.25 Stop price=0 Quantity=4 Type='Limit' Time in force=GTC Oco='cbb423dedc144effa9869bb917541f0e' Filled=0 Fill price=0 Error='No error' Native error='',
8/5/2026 10:32:59 PM,Order,Order='7ba9c6a7ca8d48cca00f78cbb748ad07/Sim101' Name='Stop2' New state='Cancelled' Instrument='MES SEP26' Action='Sell' Limit price=0 Stop price=7757.75 Quantity=4 Type='Stop Market' Time in force=GTC Oco='cbb423dedc144effa9869bb917541f0e' Filled=0 Fill price=0 Error='No error' Native error='',
8/5/2026 10:32:59 PM,Order,Order='95a2112714fc4a53a317b685ebcceebf/Sim101' Name='Target1' New state='Cancelled' Instrument='MES SEP26' Action='Sell' Limit price=7764.75 Stop price=0 Quantity=4 Type='Limit' Time in force=GTC Oco='788946d1635d41a0aa233d387039815e' Filled=0 Fill price=0 Error='No error' Native error='',
8/5/2026 10:32:59 PM,Order,Order='6d11d556f5244e70b5527b766ffcd2c9/Sim101' Name='Stop1' New state='Cancelled' Instrument='MES SEP26' Action='Sell' Limit price=0 Stop price=7757.75 Quantity=4 Type='Stop Market' Time in force=GTC Oco='788946d1635d41a0aa233d387039815e' Filled=0 Fill price=0 Error='No error' Native error='',
8/5/2026 10:32:59 PM,Order,Order='7ba9c6a7ca8d48cca00f78cbb748ad07/Sim101' Name='Stop2' New state='Cancel submitted' Instrument='MES SEP26' Action='Sell' Limit price=0 Stop price=7757.75 Quantity=4 Type='Stop Market' Time in force=GTC Oco='cbb423dedc144effa9869bb917541f0e' Filled=0 Fill price=0 Error='No error' Native error='',
8/5/2026 10:32:59 PM,Order,Order='6d11d556f5244e70b5527b766ffcd2c9/Sim101' Name='Stop1' New state='Cancel submitted' Instrument='MES SEP26' Action='Sell' Limit price=0 Stop price=7757.75 Quantity=4 Type='Stop Market' Time in force=GTC Oco='788946d1635d41a0aa233d387039815e' Filled=0 Fill price=0 Error='No error' Native error='',
8/5/2026 10:32:59 PM,Order,Order='037848e9c2d44ac284b790285f46c1f8/Sim101' Name='Target2' New state='Cancel submitted' Instrument='MES SEP26' Action='Sell' Limit price=7765.25 Stop price=0 Quantity=4 Type='Limit' Time in force=GTC Oco='cbb423dedc144effa9869bb917541f0e' Filled=0 Fill price=0 Error='No error' Native error='',
8/5/2026 10:32:59 PM,Order,Order='95a2112714fc4a53a317b685ebcceebf/Sim101' Name='Target1' New state='Cancel submitted' Instrument='MES SEP26' Action='Sell' Limit price=7764.75 Stop price=0 Quantity=4 Type='Limit' Time in force=GTC Oco='788946d1635d41a0aa233d387039815e' Filled=0 Fill price=0 Error='No error' Native error='',
8/5/2026 10:32:59 PM,Default,Chart Trader close position,
8/5/2026 10:32:54 PM,Order,Order='037848e9c2d44ac284b790285f46c1f8/Sim101' Name='Target2' New state='Working' Instrument='MES SEP26' Action='Sell' Limit price=7765.25 Stop price=0 Quantity=4 Type='Limit' Time in force=GTC Oco='cbb423dedc144effa9869bb917541f0e' Filled=0 Fill price=0 Error='No error' Native error='',
8/5/2026 10:32:54 PM,Order,Order='7ba9c6a7ca8d48cca00f78cbb748ad07/Sim101' Name='Stop2' New state='Accepted' Instrument='MES SEP26' Action='Sell' Limit price=0 Stop price=7757.75 Quantity=4 Type='Stop Market' Time in force=GTC Oco='cbb423dedc144effa9869bb917541f0e' Filled=0 Fill price=0 Error='No error' Native error='',
8/5/2026 10:32:54 PM,Order,Order='037848e9c2d44ac284b790285f46c1f8/Sim101' Name='Target2' New state='Accepted' Instrument='MES SEP26' Action='Sell' Limit price=7765.25 Stop price=0 Quantity=4 Type='Limit' Time in force=GTC Oco='cbb423dedc144effa9869bb917541f0e' Filled=0 Fill price=0 Error='No error' Native error='',
8/5/2026 10:32:54 PM,Order,Order='95a2112714fc4a53a317b685ebcceebf/Sim101' Name='Target1' New state='Working' Instrument='MES SEP26' Action='Sell' Limit price=7764.75 Stop price=0 Quantity=4 Type='Limit' Time in force=GTC Oco='788946d1635d41a0aa233d387039815e' Filled=0 Fill price=0 Error='No error' Native error='',
8/5/2026 10:32:54 PM,Order,Order='95a2112714fc4a53a317b685ebcceebf/Sim101' Name='Target1' New state='Accepted' Instrument='MES SEP26' Action='Sell' Limit price=7764.75 Stop price=0 Quantity=4 Type='Limit' Time in force=GTC Oco='788946d1635d41a0aa233d387039815e' Filled=0 Fill price=0 Error='No error' Native error='',
8/5/2026 10:32:54 PM,Order,Order='6d11d556f5244e70b5527b766ffcd2c9/Sim101' Name='Stop1' New state='Accepted' Instrument='MES SEP26' Action='Sell' Limit price=0 Stop price=7757.75 Quantity=4 Type='Stop Market' Time in force=GTC Oco='788946d1635d41a0aa233d387039815e' Filled=0 Fill price=0 Error='No error' Native error='',
8/5/2026 10:32:54 PM,Order,Order='037848e9c2d44ac284b790285f46c1f8/Sim101' Name='Target2' New state='Submitted' Instrument='MES SEP26' Action='Sell' Limit price=7765.25 Stop price=0 Quantity=4 Type='Limit' Time in force=GTC Oco='cbb423dedc144effa9869bb917541f0e' Filled=0 Fill price=0 Error='No error' Native error='',
8/5/2026 10:32:54 PM,Order,Order='7ba9c6a7ca8d48cca00f78cbb748ad07/Sim101' Name='Stop2' New state='Submitted' Instrument='MES SEP26' Action='Sell' Limit price=0 Stop price=7757.75 Quantity=4 Type='Stop Market' Time in force=GTC Oco='cbb423dedc144effa9869bb917541f0e' Filled=0 Fill price=0 Error='No error' Native error='',
8/5/2026 10:32:54 PM,Order,Order='95a2112714fc4a53a317b685ebcceebf/Sim101' Name='Target1' New state='Submitted' Instrument='MES SEP26' Action='Sell' Limit price=7764.75 Stop price=0 Quantity=4 Type='Limit' Time in force=GTC Oco='788946d1635d41a0aa233d387039815e' Filled=0 Fill price=0 Error='No error' Native error='',
8/5/2026 10:32:54 PM,Order,Order='6d11d556f5244e70b5527b766ffcd2c9/Sim101' Name='Stop1' New state='Submitted' Instrument='MES SEP26' Action='Sell' Limit price=0 Stop price=7757.75 Quantity=4 Type='Stop Market' Time in force=GTC Oco='788946d1635d41a0aa233d387039815e' Filled=0 Fill price=0 Error='No error' Native error='',
8/5/2026 10:32:54 PM,Execution,Execution='ec3948994784445389bea34bc78c842a' Instrument='MES SEP26' Account='Sim101' Exchange=Default Price=7762.75 Quantity=8 Market position=Long Operation=Operation_Add Order='bbc49a76b3ba453c9d4a65d74b837717' Time='8/5/2026 10:32 PM',
8/5/2026 10:32:54 PM,Position,Instrument='MES SEP26' Account='Sim101' Average price=7762.75 Quantity=8 Market position=Long Operation=Operation_Add,
8/5/2026 10:32:54 PM,Order,Order='bbc49a76b3ba453c9d4a65d74b837717/Sim101' Name='Entry' New state='Filled' Instrument='MES SEP26' Action='Buy' Limit price=0 Stop price=0 Quantity=8 Type='Market' Time in force=GTC Oco='' Filled=8 Fill price=7762.75 Error='No error' Native error='',
8/5/2026 10:32:54 PM,Order,Order='bbc49a76b3ba453c9d4a65d74b837717/Sim101' Name='Entry' New state='Accepted' Instrument='MES SEP26' Action='Buy' Limit price=0 Stop price=0 Quantity=8 Type='Market' Time in force=GTC Oco='' Filled=0 Fill price=0 Error='No error' Native error='',
8/5/2026 10:32:54 PM,Order,Order='bbc49a76b3ba453c9d4a65d74b837717/Sim101' Name='Entry' New state='Working' Instrument='MES SEP26' Action='Buy' Limit price=0 Stop price=0 Quantity=8 Type='Market' Time in force=GTC Oco='' Filled=0 Fill price=0 Error='No error' Native error='',
8/5/2026 10:32:54 PM,Order,Order='bbc49a76b3ba453c9d4a65d74b837717/Sim101' Name='Entry' New state='Submitted' Instrument='MES SEP26' Action='Buy' Limit price=0 Stop price=0 Quantity=8 Type='Market' Time in force=GTC Oco='' Filled=0 Fill price=0 Error='No error' Native error='',
8/5/2026 10:32:53 PM,Order,Chart Trader submitting order with strategy 'MES $200 SL5 - 1' (Ticks),
8/5/2026 10:32:47 PM,Default,Enabling NinjaScript strategy 'PttFollowerStrategy/382222633' : On starting a real-time strategy - StartBehavior=WaitUntilFlat EntryHandling=All entries EntriesPerDirection=1 StopTargetHandling=Per entry execution ErrorHandling=Stop strategy cancel orders close positions ExitOnSessionClose=False SetOrderQuantityBy=Strategy ConnectionLossHandling=Recalculate DisconnectDelaySeconds=10 CancelEntriesOnStrategyDisable=False CancelExitsOnStrategyDisable=False Calculate=On bar close IsUnmanaged=False MaxRestarts=4 in 5 minutes,
8/5/2026 10:32:03 PM,Position,Instrument='MES SEP26' Account='Sim101' Average price=0 Quantity=0 Market position=Flat Operation=Remove,
8/5/2026 10:32:03 PM,Order,Order='e30276d9d0fd474e963b3307d0af8fc4/Sim101' Name='Close' New state='Filled' Instrument='MES SEP26' Action='Sell' Limit price=0 Stop price=0 Quantity=8 Type='Market' Time in force=DAY Oco='' Filled=8 Fill price=7763 Error='No error' Native error='',
8/5/2026 10:32:03 PM,Execution,Execution='2eb8ed4a5d874a548fc0e813f54e6c56' Instrument='MES SEP26' Account='Sim101' Exchange=Default Price=7763 Quantity=8 Market position=Short Operation=Operation_Add Order='e30276d9d0fd474e963b3307d0af8fc4' Time='8/5/2026 10:32 PM',
8/5/2026 10:32:03 PM,Order,Order='e30276d9d0fd474e963b3307d0af8fc4/Sim101' Name='Close' New state='Working' Instrument='MES SEP26' Action='Sell' Limit price=0 Stop price=0 Quantity=8 Type='Market' Time in force=DAY Oco='' Filled=0 Fill price=0 Error='No error' Native error='',
8/5/2026 10:32:03 PM,Order,Order='e30276d9d0fd474e963b3307d0af8fc4/Sim101' Name='Close' New state='Accepted' Instrument='MES SEP26' Action='Sell' Limit price=0 Stop price=0 Quantity=8 Type='Market' Time in force=DAY Oco='' Filled=0 Fill price=0 Error='No error' Native error='',
8/5/2026 10:32:03 PM,Order,Order='e30276d9d0fd474e963b3307d0af8fc4/Sim101' Name='Close' New state='Submitted' Instrument='MES SEP26' Action='Sell' Limit price=0 Stop price=0 Quantity=8 Type='Market' Time in force=DAY Oco='' Filled=0 Fill price=0 Error='No error' Native error='',
8/5/2026 10:32:03 PM,Order,Order='b5d930014bbf4b55829f8ec75e391f44/Sim101' Name='Target2' New state='Cancelled' Instrument='MES SEP26' Action='Sell' Limit price=7766 Stop price=0 Quantity=4 Type='Limit' Time in force=GTC Oco='ac7df654a4434c7c8ea17b56735667e6' Filled=0 Fill price=0 Error='No error' Native error='',
8/5/2026 10:32:03 PM,Order,Order='9d87f369efa6464f9ae1eea56c7cae76/Sim101' Name='Stop1' New state='Cancelled' Instrument='MES SEP26' Action='Sell' Limit price=0 Stop price=7758.5 Quantity=4 Type='Stop Market' Time in force=GTC Oco='1c3c5bc05fdc422bb5144a837d2606b4' Filled=0 Fill price=0 Error='No error' Native error='',
8/5/2026 10:32:03 PM,Order,Order='d9127d9ce479499a9b58eb6db0e1e64b/Sim101' Name='Stop2' New state='Cancelled' Instrument='MES SEP26' Action='Sell' Limit price=0 Stop price=7758.5 Quantity=4 Type='Stop Market' Time in force=GTC Oco='ac7df654a4434c7c8ea17b56735667e6' Filled=0 Fill price=0 Error='No error' Native error='',
8/5/2026 10:32:03 PM,Order,Order='4d6c352cb6df4bfaa24bb7b1fbee4e20/Sim101' Name='Target1' New state='Cancelled' Instrument='MES SEP26' Action='Sell' Limit price=7765.5 Stop price=0 Quantity=4 Type='Limit' Time in force=GTC Oco='1c3c5bc05fdc422bb5144a837d2606b4' Filled=0 Fill price=0 Error='No error' Native error='',
8/5/2026 10:32:03 PM,Order,Order='d9127d9ce479499a9b58eb6db0e1e64b/Sim101' Name='Stop2' New state='Cancel submitted' Instrument='MES SEP26' Action='Sell' Limit price=0 Stop price=7758.5 Quantity=4 Type='Stop Market' Time in force=GTC Oco='ac7df654a4434c7c8ea17b56735667e6' Filled=0 Fill price=0 Error='No error' Native error='',
8/5/2026 10:32:03 PM,Order,Order='9d87f369efa6464f9ae1eea56c7cae76/Sim101' Name='Stop1' New state='Cancel submitted' Instrument='MES SEP26' Action='Sell' Limit price=0 Stop price=7758.5 Quantity=4 Type='Stop Market' Time in force=GTC Oco='1c3c5bc05fdc422bb5144a837d2606b4' Filled=0 Fill price=0 Error='No error' Native error='',
8/5/2026 10:32:03 PM,Order,Order='b5d930014bbf4b55829f8ec75e391f44/Sim101' Name='Target2' New state='Cancel submitted' Instrument='MES SEP26' Action='Sell' Limit price=7766 Stop price=0 Quantity=4 Type='Limit' Time in force=GTC Oco='ac7df654a4434c7c8ea17b56735667e6' Filled=0 Fill price=0 Error='No error' Native error='',
8/5/2026 10:32:03 PM,Order,Order='4d6c352cb6df4bfaa24bb7b1fbee4e20/Sim101' Name='Target1' New state='Cancel submitted' Instrument='MES SEP26' Action='Sell' Limit price=7765.5 Stop price=0 Quantity=4 Type='Limit' Time in force=GTC Oco='1c3c5bc05fdc422bb5144a837d2606b4' Filled=0 Fill price=0 Error='No error' Native error='',
8/5/2026 10:32:03 PM,Default,Position grid close position,
8/5/2026 10:30:48 PM,Order,Order='b5d930014bbf4b55829f8ec75e391f44/Sim101' Name='Target2' New state='Working' Instrument='MES SEP26' Action='Sell' Limit price=7766 Stop price=0 Quantity=4 Type='Limit' Time in force=GTC Oco='ac7df654a4434c7c8ea17b56735667e6' Filled=0 Fill price=0 Error='No error' Native error='',
8/5/2026 10:30:48 PM,Order,Order='b5d930014bbf4b55829f8ec75e391f44/Sim101' Name='Target2' New state='Accepted' Instrument='MES SEP26' Action='Sell' Limit price=7766 Stop price=0 Quantity=4 Type='Limit' Time in force=GTC Oco='ac7df654a4434c7c8ea17b56735667e6' Filled=0 Fill price=0 Error='No error' Native error='',
8/5/2026 10:30:48 PM,Order,Order='d9127d9ce479499a9b58eb6db0e1e64b/Sim101' Name='Stop2' New state='Accepted' Instrument='MES SEP26' Action='Sell' Limit price=0 Stop price=7758.5 Quantity=4 Type='Stop Market' Time in force=GTC Oco='ac7df654a4434c7c8ea17b56735667e6' Filled=0 Fill price=0 Error='No error' Native error='',
8/5/2026 10:30:48 PM,Order,Order='4d6c352cb6df4bfaa24bb7b1fbee4e20/Sim101' Name='Target1' New state='Working' Instrument='MES SEP26' Action='Sell' Limit price=7765.5 Stop price=0 Quantity=4 Type='Limit' Time in force=GTC Oco='1c3c5bc05fdc422bb5144a837d2606b4' Filled=0 Fill price=0 Error='No error' Native error='',
8/5/2026 10:30:48 PM,Order,Order='4d6c352cb6df4bfaa24bb7b1fbee4e20/Sim101' Name='Target1' New state='Accepted' Instrument='MES SEP26' Action='Sell' Limit price=7765.5 Stop price=0 Quantity=4 Type='Limit' Time in force=GTC Oco='1c3c5bc05fdc422bb5144a837d2606b4' Filled=0 Fill price=0 Error='No error' Native error='',
8/5/2026 10:30:48 PM,Order,Order='9d87f369efa6464f9ae1eea56c7cae76/Sim101' Name='Stop1' New state='Accepted' Instrument='MES SEP26' Action='Sell' Limit price=0 Stop price=7758.5 Quantity=4 Type='Stop Market' Time in force=GTC Oco='1c3c5bc05fdc422bb5144a837d2606b4' Filled=0 Fill price=0 Error='No error' Native error='',
8/5/2026 10:30:48 PM,Order,Order='b5d930014bbf4b55829f8ec75e391f44/Sim101' Name='Target2' New state='Submitted' Instrument='MES SEP26' Action='Sell' Limit price=7766 Stop price=0 Quantity=4 Type='Limit' Time in force=GTC Oco='ac7df654a4434c7c8ea17b56735667e6' Filled=0 Fill price=0 Error='No error' Native error='',
8/5/2026 10:30:48 PM,Order,Order='d9127d9ce479499a9b58eb6db0e1e64b/Sim101' Name='Stop2' New state='Submitted' Instrument='MES SEP26' Action='Sell' Limit price=0 Stop price=7758.5 Quantity=4 Type='Stop Market' Time in force=GTC Oco='ac7df654a4434c7c8ea17b56735667e6' Filled=0 Fill price=0 Error='No error' Native error='',
8/5/2026 10:30:48 PM,Order,Order='4d6c352cb6df4bfaa24bb7b1fbee4e20/Sim101' Name='Target1' New state='Submitted' Instrument='MES SEP26' Action='Sell' Limit price=7765.5 Stop price=0 Quantity=4 Type='Limit' Time in force=GTC Oco='1c3c5bc05fdc422bb5144a837d2606b4' Filled=0 Fill price=0 Error='No error' Native error='',
8/5/2026 10:30:48 PM,Order,Order='9d87f369efa6464f9ae1eea56c7cae76/Sim101' Name='Stop1' New state='Submitted' Instrument='MES SEP26' Action='Sell' Limit price=0 Stop price=7758.5 Quantity=4 Type='Stop Market' Time in force=GTC Oco='1c3c5bc05fdc422bb5144a837d2606b4' Filled=0 Fill price=0 Error='No error' Native error='',
8/5/2026 10:30:48 PM,Position,Instrument='MES SEP26' Account='Sim101' Average price=7763.5 Quantity=8 Market position=Long Operation=Update,
8/5/2026 10:30:48 PM,Order,Order='2325807b9d61465e8d063c5d2ad9d475/Sim101' Name='Entry' New state='Filled' Instrument='MES SEP26' Action='Buy' Limit price=7763.5 Stop price=0 Quantity=8 Type='Limit' Time in force=GTC Oco='' Filled=8 Fill price=7763.5 Error='No error' Native error='',
8/5/2026 10:30:48 PM,Execution,Execution='e7846cf231224f099278a835b25c1db2' Instrument='MES SEP26' Account='Sim101' Exchange=Default Price=7763.5 Quantity=1 Market position=Long Operation=Operation_Add Order='2325807b9d61465e8d063c5d2ad9d475' Time='8/5/2026 10:30 PM',
8/5/2026 10:30:48 PM,Position,Instrument='MES SEP26' Account='Sim101' Average price=7763.5 Quantity=7 Market position=Long Operation=Update,
8/5/2026 10:30:48 PM,Position,Instrument='MES SEP26' Account='Sim101' Average price=7763.5 Quantity=3 Market position=Long Operation=Operation_Add,
8/5/2026 10:30:48 PM,Execution,Execution='50d1b12dc5004c778c148e79b132d55f' Instrument='MES SEP26' Account='Sim101' Exchange=Default Price=7763.5 Quantity=3 Market position=Long Operation=Operation_Add Order='2325807b9d61465e8d063c5d2ad9d475' Time='8/5/2026 10:30 PM',
8/5/2026 10:30:48 PM,Execution,Execution='d27069de3350480d931833c9e8f29380' Instrument='MES SEP26' Account='Sim101' Exchange=Default Price=7763.5 Quantity=4 Market position=Long Operation=Operation_Add Order='2325807b9d61465e8d063c5d2ad9d475' Time='8/5/2026 10:30 PM',
8/5/2026 10:30:48 PM,Order,Order='2325807b9d61465e8d063c5d2ad9d475/Sim101' Name='Entry' New state='Partially filled' Instrument='MES SEP26' Action='Buy' Limit price=7763.5 Stop price=0 Quantity=8 Type='Limit' Time in force=GTC Oco='' Filled=7 Fill price=7763.5 Error='No error' Native error='',
8/5/2026 10:30:48 PM,Order,Order='2325807b9d61465e8d063c5d2ad9d475/Sim101' Name='Entry' New state='Partially filled' Instrument='MES SEP26' Action='Buy' Limit price=7763.5 Stop price=0 Quantity=8 Type='Limit' Time in force=GTC Oco='' Filled=3 Fill price=7763.5 Error='No error' Native error='',
8/5/2026 10:30:46 PM,Order,Order='2325807b9d61465e8d063c5d2ad9d475/Sim101' Name='Entry' New state='Accepted' Instrument='MES SEP26' Action='Buy' Limit price=7763.5 Stop price=0 Quantity=8 Type='Limit' Time in force=GTC Oco='' Filled=0 Fill price=0 Error='No error' Native error='',
8/5/2026 10:30:46 PM,Order,Order='2325807b9d61465e8d063c5d2ad9d475/Sim101' Name='Entry' New state='Working' Instrument='MES SEP26' Action='Buy' Limit price=7763.5 Stop price=0 Quantity=8 Type='Limit' Time in force=GTC Oco='' Filled=0 Fill price=0 Error='No error' Native error='',
8/5/2026 10:30:46 PM,Order,Order='2325807b9d61465e8d063c5d2ad9d475/Sim101' Name='Entry' New state='Change submitted' Instrument='MES SEP26' Action='Buy' Limit price=7763.5 Stop price=0 Quantity=8 Type='Limit' Time in force=GTC Oco='' Filled=0 Fill price=0 Error='No error' Native error='',
8/5/2026 10:30:46 PM,Order,Auto chase price modification to '7763.50',
8/5/2026 10:30:26 PM,Order,Order='2325807b9d61465e8d063c5d2ad9d475/Sim101' Name='Entry' New state='Accepted' Instrument='MES SEP26' Action='Buy' Limit price=7763.25 Stop price=0 Quantity=8 Type='Limit' Time in force=GTC Oco='' Filled=0 Fill price=0 Error='No error' Native error='',
8/5/2026 10:30:26 PM,Order,Order='2325807b9d61465e8d063c5d2ad9d475/Sim101' Name='Entry' New state='Working' Instrument='MES SEP26' Action='Buy' Limit price=7763.25 Stop price=0 Quantity=8 Type='Limit' Time in force=GTC Oco='' Filled=0 Fill price=0 Error='No error' Native error='',
8/5/2026 10:30:26 PM,Order,Order='2325807b9d61465e8d063c5d2ad9d475/Sim101' Name='Entry' New state='Submitted' Instrument='MES SEP26' Action='Buy' Limit price=7763.25 Stop price=0 Quantity=8 Type='Limit' Time in force=GTC Oco='' Filled=0 Fill price=0 Error='No error' Native error='',
8/5/2026 10:30:26 PM,Order,Chart Trader submitting order with strategy 'MES $200 SL5 - 1' (Ticks),
8/5/2026 10:30:23 PM,Position,Instrument='MES SEP26' Account='Sim101' Average price=0 Quantity=0 Market position=Flat Operation=Remove,
8/5/2026 10:30:23 PM,Order,Order='38c5e58cf97541508649599c1969c65d/Sim101' Name='Close' New state='Filled' Instrument='MES SEP26' Action='Sell' Limit price=0 Stop price=0 Quantity=8 Type='Market' Time in force=DAY Oco='' Filled=8 Fill price=7763.5 Error='No error' Native error='',
8/5/2026 10:30:23 PM,Execution,Execution='a5b815341aa340c0a6b77fe51d4057db' Instrument='MES SEP26' Account='Sim101' Exchange=Default Price=7763.5 Quantity=8 Market position=Short Operation=Operation_Add Order='38c5e58cf97541508649599c1969c65d' Time='8/5/2026 10:30 PM',
8/5/2026 10:30:23 PM,Order,Order='38c5e58cf97541508649599c1969c65d/Sim101' Name='Close' New state='Working' Instrument='MES SEP26' Action='Sell' Limit price=0 Stop price=0 Quantity=8 Type='Market' Time in force=DAY Oco='' Filled=0 Fill price=0 Error='No error' Native error='',
8/5/2026 10:30:23 PM,Order,Order='38c5e58cf97541508649599c1969c65d/Sim101' Name='Close' New state='Accepted' Instrument='MES SEP26' Action='Sell' Limit price=0 Stop price=0 Quantity=8 Type='Market' Time in force=DAY Oco='' Filled=0 Fill price=0 Error='No error' Native error='',
8/5/2026 10:30:23 PM,Order,Order='38c5e58cf97541508649599c1969c65d/Sim101' Name='Close' New state='Submitted' Instrument='MES SEP26' Action='Sell' Limit price=0 Stop price=0 Quantity=8 Type='Market' Time in force=DAY Oco='' Filled=0 Fill price=0 Error='No error' Native error='',
8/5/2026 10:30:23 PM,Order,Order='f60370eba5d34c5382e1e2e24190e68c/Sim101' Name='Target2' New state='Cancelled' Instrument='MES SEP26' Action='Sell' Limit price=7766.25 Stop price=0 Quantity=4 Type='Limit' Time in force=GTC Oco='d8fa1dfec5864afc87bc42d5cc398862' Filled=0 Fill price=0 Error='No error' Native error='',
8/5/2026 10:30:23 PM,Order,Order='7b720738e6a544bbaf517223fef10bd3/Sim101' Name='Stop1' New state='Cancelled' Instrument='MES SEP26' Action='Sell' Limit price=0 Stop price=7758.75 Quantity=4 Type='Stop Market' Time in force=GTC Oco='4d50ce9eec634bee8be689ae78017219' Filled=0 Fill price=0 Error='No error' Native error='',
8/5/2026 10:30:23 PM,Order,Order='6bab709a25de4f28a0ca3f45b7f37ee6/Sim101' Name='Stop2' New state='Cancelled' Instrument='MES SEP26' Action='Sell' Limit price=0 Stop price=7758.75 Quantity=4 Type='Stop Market' Time in force=GTC Oco='d8fa1dfec5864afc87bc42d5cc398862' Filled=0 Fill price=0 Error='No error' Native error='',
8/5/2026 10:30:23 PM,Order,Order='e329f8cb1aec419e9dd5870dfb3ab658/Sim101' Name='Target1' New state='Cancelled' Instrument='MES SEP26' Action='Sell' Limit price=7765.75 Stop price=0 Quantity=4 Type='Limit' Time in force=GTC Oco='4d50ce9eec634bee8be689ae78017219' Filled=0 Fill price=0 Error='No error' Native error='',
8/5/2026 10:30:22 PM,Order,Order='6bab709a25de4f28a0ca3f45b7f37ee6/Sim101' Name='Stop2' New state='Cancel submitted' Instrument='MES SEP26' Action='Sell' Limit price=0 Stop price=7758.75 Quantity=4 Type='Stop Market' Time in force=GTC Oco='d8fa1dfec5864afc87bc42d5cc398862' Filled=0 Fill price=0 Error='No error' Native error='',
8/5/2026 10:30:22 PM,Order,Order='7b720738e6a544bbaf517223fef10bd3/Sim101' Name='Stop1' New state='Cancel submitted' Instrument='MES SEP26' Action='Sell' Limit price=0 Stop price=7758.75 Quantity=4 Type='Stop Market' Time in force=GTC Oco='4d50ce9eec634bee8be689ae78017219' Filled=0 Fill price=0 Error='No error' Native error='',
8/5/2026 10:30:22 PM,Order,Order='f60370eba5d34c5382e1e2e24190e68c/Sim101' Name='Target2' New state='Cancel submitted' Instrument='MES SEP26' Action='Sell' Limit price=7766.25 Stop price=0 Quantity=4 Type='Limit' Time in force=GTC Oco='d8fa1dfec5864afc87bc42d5cc398862' Filled=0 Fill price=0 Error='No error' Native error='',
8/5/2026 10:30:22 PM,Order,Order='e329f8cb1aec419e9dd5870dfb3ab658/Sim101' Name='Target1' New state='Cancel submitted' Instrument='MES SEP26' Action='Sell' Limit price=7765.75 Stop price=0 Quantity=4 Type='Limit' Time in force=GTC Oco='4d50ce9eec634bee8be689ae78017219' Filled=0 Fill price=0 Error='No error' Native error='',
8/5/2026 10:30:22 PM,Default,Chart Trader close position,
8/5/2026 10:30:18 PM,Order,Order='f60370eba5d34c5382e1e2e24190e68c/Sim101' Name='Target2' New state='Accepted' Instrument='MES SEP26' Action='Sell' Limit price=7766.25 Stop price=0 Quantity=4 Type='Limit' Time in force=GTC Oco='d8fa1dfec5864afc87bc42d5cc398862' Filled=0 Fill price=0 Error='No error' Native error='',
8/5/2026 10:30:18 PM,Order,Order='f60370eba5d34c5382e1e2e24190e68c/Sim101' Name='Target2' New state='Working' Instrument='MES SEP26' Action='Sell' Limit price=7766.25 Stop price=0 Quantity=4 Type='Limit' Time in force=GTC Oco='d8fa1dfec5864afc87bc42d5cc398862' Filled=0 Fill price=0 Error='No error' Native error='',
8/5/2026 10:30:18 PM,Order,Order='e329f8cb1aec419e9dd5870dfb3ab658/Sim101' Name='Target1' New state='Working' Instrument='MES SEP26' Action='Sell' Limit price=7765.75 Stop price=0 Quantity=4 Type='Limit' Time in force=GTC Oco='4d50ce9eec634bee8be689ae78017219' Filled=0 Fill price=0 Error='No error' Native error='',
8/5/2026 10:30:18 PM,Order,Order='6bab709a25de4f28a0ca3f45b7f37ee6/Sim101' Name='Stop2' New state='Accepted' Instrument='MES SEP26' Action='Sell' Limit price=0 Stop price=7758.75 Quantity=4 Type='Stop Market' Time in force=GTC Oco='d8fa1dfec5864afc87bc42d5cc398862' Filled=0 Fill price=0 Error='No error' Native error='',
8/5/2026 10:30:18 PM,Order,Order='e329f8cb1aec419e9dd5870dfb3ab658/Sim101' Name='Target1' New state='Accepted' Instrument='MES SEP26' Action='Sell' Limit price=7765.75 Stop price=0 Quantity=4 Type='Limit' Time in force=GTC Oco='4d50ce9eec634bee8be689ae78017219' Filled=0 Fill price=0 Error='No error' Native error='',
8/5/2026 10:30:18 PM,Order,Order='7b720738e6a544bbaf517223fef10bd3/Sim101' Name='Stop1' New state='Accepted' Instrument='MES SEP26' Action='Sell' Limit price=0 Stop price=7758.75 Quantity=4 Type='Stop Market' Time in force=GTC Oco='4d50ce9eec634bee8be689ae78017219' Filled=0 Fill price=0 Error='No error' Native error='',
8/5/2026 10:30:18 PM,Order,Order='f60370eba5d34c5382e1e2e24190e68c/Sim101' Name='Target2' New state='Submitted' Instrument='MES SEP26' Action='Sell' Limit price=7766.25 Stop price=0 Quantity=4 Type='Limit' Time in force=GTC Oco='d8fa1dfec5864afc87bc42d5cc398862' Filled=0 Fill price=0 Error='No error' Native error='',
8/5/2026 10:30:18 PM,Order,Order='6bab709a25de4f28a0ca3f45b7f37ee6/Sim101' Name='Stop2' New state='Submitted' Instrument='MES SEP26' Action='Sell' Limit price=0 Stop price=7758.75 Quantity=4 Type='Stop Market' Time in force=GTC Oco='d8fa1dfec5864afc87bc42d5cc398862' Filled=0 Fill price=0 Error='No error' Native error='',
8/5/2026 10:30:18 PM,Order,Order='e329f8cb1aec419e9dd5870dfb3ab658/Sim101' Name='Target1' New state='Submitted' Instrument='MES SEP26' Action='Sell' Limit price=7765.75 Stop price=0 Quantity=4 Type='Limit' Time in force=GTC Oco='4d50ce9eec634bee8be689ae78017219' Filled=0 Fill price=0 Error='No error' Native error='',
8/5/2026 10:30:18 PM,Order,Order='7b720738e6a544bbaf517223fef10bd3/Sim101' Name='Stop1' New state='Submitted' Instrument='MES SEP26' Action='Sell' Limit price=0 Stop price=7758.75 Quantity=4 Type='Stop Market' Time in force=GTC Oco='4d50ce9eec634bee8be689ae78017219' Filled=0 Fill price=0 Error='No error' Native error='',
8/5/2026 10:30:18 PM,Execution,Execution='1476c4f810954f729395d44568421a98' Instrument='MES SEP26' Account='Sim101' Exchange=Default Price=7763.75 Quantity=8 Market position=Long Operation=Operation_Add Order='0fda875bb46247628f4ea0cd3f9dcbb7' Time='8/5/2026 10:30 PM',
8/5/2026 10:30:18 PM,Position,Instrument='MES SEP26' Account='Sim101' Average price=7763.75 Quantity=8 Market position=Long Operation=Operation_Add,
8/5/2026 10:30:18 PM,Order,Order='0fda875bb46247628f4ea0cd3f9dcbb7/Sim101' Name='Entry' New state='Filled' Instrument='MES SEP26' Action='Buy' Limit price=0 Stop price=0 Quantity=8 Type='Market' Time in force=GTC Oco='' Filled=8 Fill price=7763.75 Error='No error' Native error='',
8/5/2026 10:30:18 PM,Order,Order='0fda875bb46247628f4ea0cd3f9dcbb7/Sim101' Name='Entry' New state='Working' Instrument='MES SEP26' Action='Buy' Limit price=0 Stop price=0 Quantity=8 Type='Market' Time in force=GTC Oco='' Filled=0 Fill price=0 Error='No error' Native error='',
8/5/2026 10:30:18 PM,Order,Order='0fda875bb46247628f4ea0cd3f9dcbb7/Sim101' Name='Entry' New state='Accepted' Instrument='MES SEP26' Action='Buy' Limit price=0 Stop price=0 Quantity=8 Type='Market' Time in force=GTC Oco='' Filled=0 Fill price=0 Error='No error' Native error='',
8/5/2026 10:30:18 PM,Order,Order='0fda875bb46247628f4ea0cd3f9dcbb7/Sim101' Name='Entry' New state='Submitted' Instrument='MES SEP26' Action='Buy' Limit price=0 Stop price=0 Quantity=8 Type='Market' Time in force=GTC Oco='' Filled=0 Fill price=0 Error='No error' Native error='',
8/5/2026 10:30:18 PM,Order,Chart Trader submitting order with strategy 'MES $200 SL5 - 1' (Ticks),
8/5/2026 10:30:05 PM,Position,Instrument='MES SEP26' Account='Sim101' Average price=0 Quantity=0 Market position=Flat Operation=Remove,
8/5/2026 10:30:05 PM,Execution,Execution='23cef0a03eff4c55901e618955697687' Instrument='MES SEP26' Account='Sim101' Exchange=Default Price=7763.5 Quantity=8 Market position=Short Operation=Operation_Add Order='f17275c6aa49425092a5df4c107b7b67' Time='8/5/2026 10:30 PM',
8/5/2026 10:30:05 PM,Order,Order='f17275c6aa49425092a5df4c107b7b67/Sim101' Name='Close' New state='Filled' Instrument='MES SEP26' Action='Sell' Limit price=0 Stop price=0 Quantity=8 Type='Market' Time in force=DAY Oco='' Filled=8 Fill price=7763.5 Error='No error' Native error='',
8/5/2026 10:30:05 PM,Order,Order='f17275c6aa49425092a5df4c107b7b67/Sim101' Name='Close' New state='Working' Instrument='MES SEP26' Action='Sell' Limit price=0 Stop price=0 Quantity=8 Type='Market' Time in force=DAY Oco='' Filled=0 Fill price=0 Error='No error' Native error='',
8/5/2026 10:30:05 PM,Order,Order='f17275c6aa49425092a5df4c107b7b67/Sim101' Name='Close' New state='Accepted' Instrument='MES SEP26' Action='Sell' Limit price=0 Stop price=0 Quantity=8 Type='Market' Time in force=DAY Oco='' Filled=0 Fill price=0 Error='No error' Native error='',
8/5/2026 10:30:05 PM,Order,Order='f17275c6aa49425092a5df4c107b7b67/Sim101' Name='Close' New state='Submitted' Instrument='MES SEP26' Action='Sell' Limit price=0 Stop price=0 Quantity=8 Type='Market' Time in force=DAY Oco='' Filled=0 Fill price=0 Error='No error' Native error='',
8/5/2026 10:30:05 PM,Order,Order='ad4b8f6edaa9450f9c4e0e59ed805391/Sim101' Name='Stop1' New state='Cancelled' Instrument='MES SEP26' Action='Sell' Limit price=0 Stop price=7758.5 Quantity=4 Type='Stop Market' Time in force=GTC Oco='eefd1aeaebff43b1bd4d103b62ade47f' Filled=0 Fill price=0 Error='No error' Native error='',
8/5/2026 10:30:05 PM,Order,Order='a5732dd3b4a049b1b9de39e4a287ce9f/Sim101' Name='Stop2' New state='Cancelled' Instrument='MES SEP26' Action='Sell' Limit price=0 Stop price=7758.5 Quantity=4 Type='Stop Market' Time in force=GTC Oco='94b3c3a4fad24600975459ede85c4334' Filled=0 Fill price=0 Error='No error' Native error='',
8/5/2026 10:30:05 PM,Order,Order='df2a71e1bc0c4ce7aeb4fcfd0b6b79e1/Sim101' Name='Target2' New state='Cancelled' Instrument='MES SEP26' Action='Sell' Limit price=7766 Stop price=0 Quantity=4 Type='Limit' Time in force=GTC Oco='94b3c3a4fad24600975459ede85c4334' Filled=0 Fill price=0 Error='No error' Native error='',
8/5/2026 10:30:05 PM,Order,Order='b635c7adaa844ae1aacda7cbb26ca971/Sim101' Name='Target1' New state='Cancelled' Instrument='MES SEP26' Action='Sell' Limit price=7765.5 Stop price=0 Quantity=4 Type='Limit' Time in force=GTC Oco='eefd1aeaebff43b1bd4d103b62ade47f' Filled=0 Fill price=0 Error='No error' Native error='',
8/5/2026 10:30:04 PM,Order,Order='a5732dd3b4a049b1b9de39e4a287ce9f/Sim101' Name='Stop2' New state='Cancel submitted' Instrument='MES SEP26' Action='Sell' Limit price=0 Stop price=7758.5 Quantity=4 Type='Stop Market' Time in force=GTC Oco='94b3c3a4fad24600975459ede85c4334' Filled=0 Fill price=0 Error='No error' Native error='',
8/5/2026 10:30:04 PM,Order,Order='ad4b8f6edaa9450f9c4e0e59ed805391/Sim101' Name='Stop1' New state='Cancel submitted' Instrument='MES SEP26' Action='Sell' Limit price=0 Stop price=7758.5 Quantity=4 Type='Stop Market' Time in force=GTC Oco='eefd1aeaebff43b1bd4d103b62ade47f' Filled=0 Fill price=0 Error='No error' Native error='',
8/5/2026 10:30:04 PM,Order,Order='df2a71e1bc0c4ce7aeb4fcfd0b6b79e1/Sim101' Name='Target2' New state='Cancel submitted' Instrument='MES SEP26' Action='Sell' Limit price=7766 Stop price=0 Quantity=4 Type='Limit' Time in force=GTC Oco='94b3c3a4fad24600975459ede85c4334' Filled=0 Fill price=0 Error='No error' Native error='',
8/5/2026 10:30:04 PM,Order,Order='b635c7adaa844ae1aacda7cbb26ca971/Sim101' Name='Target1' New state='Cancel submitted' Instrument='MES SEP26' Action='Sell' Limit price=7765.5 Stop price=0 Quantity=4 Type='Limit' Time in force=GTC Oco='eefd1aeaebff43b1bd4d103b62ade47f' Filled=0 Fill price=0 Error='No error' Native error='',
8/5/2026 10:30:04 PM,Default,Chart Trader close position,
8/5/2026 10:30:01 PM,Order,Order='df2a71e1bc0c4ce7aeb4fcfd0b6b79e1/Sim101' Name='Target2' New state='Accepted' Instrument='MES SEP26' Action='Sell' Limit price=7766 Stop price=0 Quantity=4 Type='Limit' Time in force=GTC Oco='94b3c3a4fad24600975459ede85c4334' Filled=0 Fill price=0 Error='No error' Native error='',
8/5/2026 10:30:01 PM,Order,Order='df2a71e1bc0c4ce7aeb4fcfd0b6b79e1/Sim101' Name='Target2' New state='Working' Instrument='MES SEP26' Action='Sell' Limit price=7766 Stop price=0 Quantity=4 Type='Limit' Time in force=GTC Oco='94b3c3a4fad24600975459ede85c4334' Filled=0 Fill price=0 Error='No error' Native error='',
8/5/2026 10:30:01 PM,Order,Order='a5732dd3b4a049b1b9de39e4a287ce9f/Sim101' Name='Stop2' New state='Accepted' Instrument='MES SEP26' Action='Sell' Limit price=0 Stop price=7758.5 Quantity=4 Type='Stop Market' Time in force=GTC Oco='94b3c3a4fad24600975459ede85c4334' Filled=0 Fill price=0 Error='No error' Native error='',
8/5/2026 10:30:01 PM,Order,Order='b635c7adaa844ae1aacda7cbb26ca971/Sim101' Name='Target1' New state='Accepted' Instrument='MES SEP26' Action='Sell' Limit price=7765.5 Stop price=0 Quantity=4 Type='Limit' Time in force=GTC Oco='eefd1aeaebff43b1bd4d103b62ade47f' Filled=0 Fill price=0 Error='No error' Native error='',
8/5/2026 10:30:01 PM,Order,Order='b635c7adaa844ae1aacda7cbb26ca971/Sim101' Name='Target1' New state='Working' Instrument='MES SEP26' Action='Sell' Limit price=7765.5 Stop price=0 Quantity=4 Type='Limit' Time in force=GTC Oco='eefd1aeaebff43b1bd4d103b62ade47f' Filled=0 Fill price=0 Error='No error' Native error='',
8/5/2026 10:30:01 PM,Order,Order='ad4b8f6edaa9450f9c4e0e59ed805391/Sim101' Name='Stop1' New state='Accepted' Instrument='MES SEP26' Action='Sell' Limit price=0 Stop price=7758.5 Quantity=4 Type='Stop Market' Time in force=GTC Oco='eefd1aeaebff43b1bd4d103b62ade47f' Filled=0 Fill price=0 Error='No error' Native error='',
8/5/2026 10:30:01 PM,Order,Order='df2a71e1bc0c4ce7aeb4fcfd0b6b79e1/Sim101' Name='Target2' New state='Submitted' Instrument='MES SEP26' Action='Sell' Limit price=7766 Stop price=0 Quantity=4 Type='Limit' Time in force=GTC Oco='94b3c3a4fad24600975459ede85c4334' Filled=0 Fill price=0 Error='No error' Native error='',
8/5/2026 10:30:01 PM,Order,Order='a5732dd3b4a049b1b9de39e4a287ce9f/Sim101' Name='Stop2' New state='Submitted' Instrument='MES SEP26' Action='Sell' Limit price=0 Stop price=7758.5 Quantity=4 Type='Stop Market' Time in force=GTC Oco='94b3c3a4fad24600975459ede85c4334' Filled=0 Fill price=0 Error='No error' Native error='',
8/5/2026 10:30:01 PM,Order,Order='b635c7adaa844ae1aacda7cbb26ca971/Sim101' Name='Target1' New state='Submitted' Instrument='MES SEP26' Action='Sell' Limit price=7765.5 Stop price=0 Quantity=4 Type='Limit' Time in force=GTC Oco='eefd1aeaebff43b1bd4d103b62ade47f' Filled=0 Fill price=0 Error='No error' Native error='',
8/5/2026 10:30:01 PM,Order,Order='ad4b8f6edaa9450f9c4e0e59ed805391/Sim101' Name='Stop1' New state='Submitted' Instrument='MES SEP26' Action='Sell' Limit price=0 Stop price=7758.5 Quantity=4 Type='Stop Market' Time in force=GTC Oco='eefd1aeaebff43b1bd4d103b62ade47f' Filled=0 Fill price=0 Error='No error' Native error='',
8/5/2026 10:30:01 PM,Order,Order='e55d513264994edc80ff1f9a50b61e6f/Sim101' Name='Entry' New state='Filled' Instrument='MES SEP26' Action='Buy' Limit price=7763.5 Stop price=0 Quantity=8 Type='Limit' Time in force=GTC Oco='' Filled=8 Fill price=7763.5 Error='No error' Native error='',
8/5/2026 10:30:01 PM,Execution,Execution='f43c19db6adb4d46a48596cf459c7564' Instrument='MES SEP26' Account='Sim101' Exchange=Default Price=7763.5 Quantity=1 Market position=Long Operation=Operation_Add Order='e55d513264994edc80ff1f9a50b61e6f' Time='8/5/2026 10:30 PM',
8/5/2026 10:30:01 PM,Position,Instrument='MES SEP26' Account='Sim101' Average price=7763.5 Quantity=8 Market position=Long Operation=Update,
8/5/2026 10:30:01 PM,Order,Order='e55d513264994edc80ff1f9a50b61e6f/Sim101' Name='Entry' New state='Partially filled' Instrument='MES SEP26' Action='Buy' Limit price=7763.5 Stop price=0 Quantity=8 Type='Limit' Time in force=GTC Oco='' Filled=7 Fill price=7763.5 Error='No error' Native error='',
8/5/2026 10:30:01 PM,Position,Instrument='MES SEP26' Account='Sim101' Average price=7763.5 Quantity=3 Market position=Long Operation=Operation_Add,
8/5/2026 10:30:01 PM,Position,Instrument='MES SEP26' Account='Sim101' Average price=7763.5 Quantity=7 Market position=Long Operation=Update,
8/5/2026 10:30:01 PM,Execution,Execution='69ae5ea191da4efcbd98e685acef7bd2' Instrument='MES SEP26' Account='Sim101' Exchange=Default Price=7763.5 Quantity=4 Market position=Long Operation=Operation_Add Order='e55d513264994edc80ff1f9a50b61e6f' Time='8/5/2026 10:30 PM',
8/5/2026 10:30:01 PM,Execution,Execution='b8b8fd7e1af440458d8f39ec4f07a3c1' Instrument='MES SEP26' Account='Sim101' Exchange=Default Price=7763.5 Quantity=3 Market position=Long Operation=Operation_Add Order='e55d513264994edc80ff1f9a50b61e6f' Time='8/5/2026 10:30 PM',
8/5/2026 10:30:01 PM,Order,Order='e55d513264994edc80ff1f9a50b61e6f/Sim101' Name='Entry' New state='Partially filled' Instrument='MES SEP26' Action='Buy' Limit price=7763.5 Stop price=0 Quantity=8 Type='Limit' Time in force=GTC Oco='' Filled=3 Fill price=7763.5 Error='No error' Native error='',
8/5/2026 10:30:00 PM,Order,Order='e55d513264994edc80ff1f9a50b61e6f/Sim101' Name='Entry' New state='Accepted' Instrument='MES SEP26' Action='Buy' Limit price=7763.5 Stop price=0 Quantity=8 Type='Limit' Time in force=GTC Oco='' Filled=0 Fill price=0 Error='No error' Native error='',
8/5/2026 10:30:00 PM,Order,Order='e55d513264994edc80ff1f9a50b61e6f/Sim101' Name='Entry' New state='Working' Instrument='MES SEP26' Action='Buy' Limit price=7763.5 Stop price=0 Quantity=8 Type='Limit' Time in force=GTC Oco='' Filled=0 Fill price=0 Error='No error' Native error='',
8/5/2026 10:30:00 PM,Order,Auto chase price modification to '7763.50',
8/5/2026 10:30:00 PM,Order,Order='e55d513264994edc80ff1f9a50b61e6f/Sim101' Name='Entry' New state='Change submitted' Instrument='MES SEP26' Action='Buy' Limit price=7763.5 Stop price=0 Quantity=8 Type='Limit' Time in force=GTC Oco='' Filled=0 Fill price=0 Error='No error' Native error='',
8/5/2026 10:29:58 PM,Order,Order='e55d513264994edc80ff1f9a50b61e6f/Sim101' Name='Entry' New state='Accepted' Instrument='MES SEP26' Action='Buy' Limit price=7763.25 Stop price=0 Quantity=8 Type='Limit' Time in force=GTC Oco='' Filled=0 Fill price=0 Error='No error' Native error='',
8/5/2026 10:29:58 PM,Order,Order='e55d513264994edc80ff1f9a50b61e6f/Sim101' Name='Entry' New state='Working' Instrument='MES SEP26' Action='Buy' Limit price=7763.25 Stop price=0 Quantity=8 Type='Limit' Time in force=GTC Oco='' Filled=0 Fill price=0 Error='No error' Native error='',
8/5/2026 10:29:58 PM,Order,Order='e55d513264994edc80ff1f9a50b61e6f/Sim101' Name='Entry' New state='Submitted' Instrument='MES SEP26' Action='Buy' Limit price=7763.25 Stop price=0 Quantity=8 Type='Limit' Time in force=GTC Oco='' Filled=0 Fill price=0 Error='No error' Native error='',
8/5/2026 10:29:58 PM,Order,Chart Trader submitting order with strategy 'MES $200 SL5 - 1' (Ticks),
8/5/2026 10:29:57 PM,Position,Instrument='MES SEP26' Account='Sim101' Average price=0 Quantity=0 Market position=Flat Operation=Remove,
8/5/2026 10:29:56 PM,Execution,Execution='e5fd7844f696473ab442fc8c3e44fd43' Instrument='MES SEP26' Account='Sim101' Exchange=Default Price=7763.5 Quantity=8 Market position=Short Operation=Operation_Add Order='f07092140461492e98e1a3a14966e9ce' Time='8/5/2026 10:29 PM',
8/5/2026 10:29:56 PM,Order,Order='f07092140461492e98e1a3a14966e9ce/Sim101' Name='Close' New state='Filled' Instrument='MES SEP26' Action='Sell' Limit price=0 Stop price=0 Quantity=8 Type='Market' Time in force=DAY Oco='' Filled=8 Fill price=7763.5 Error='No error' Native error='',
8/5/2026 10:29:56 PM,Order,Order='f07092140461492e98e1a3a14966e9ce/Sim101' Name='Close' New state='Accepted' Instrument='MES SEP26' Action='Sell' Limit price=0 Stop price=0 Quantity=8 Type='Market' Time in force=DAY Oco='' Filled=0 Fill price=0 Error='No error' Native error='',
8/5/2026 10:29:56 PM,Order,Order='f07092140461492e98e1a3a14966e9ce/Sim101' Name='Close' New state='Working' Instrument='MES SEP26' Action='Sell' Limit price=0 Stop price=0 Quantity=8 Type='Market' Time in force=DAY Oco='' Filled=0 Fill price=0 Error='No error' Native error='',
8/5/2026 10:29:56 PM,Order,Order='f07092140461492e98e1a3a14966e9ce/Sim101' Name='Close' New state='Submitted' Instrument='MES SEP26' Action='Sell' Limit price=0 Stop price=0 Quantity=8 Type='Market' Time in force=DAY Oco='' Filled=0 Fill price=0 Error='No error' Native error='',
8/5/2026 10:29:56 PM,Order,Order='063af14cd9d741c6a0782619be645fcb/Sim101' Name='Stop2' New state='Cancelled' Instrument='MES SEP26' Action='Sell' Limit price=0 Stop price=7758.5 Quantity=4 Type='Stop Market' Time in force=GTC Oco='50d8e0e8584c44a5906bb97f238d9298' Filled=0 Fill price=0 Error='No error' Native error='',
8/5/2026 10:29:56 PM,Order,Order='92c28d6f4d504c77a77e1b99e104c258/Sim101' Name='Stop1' New state='Cancelled' Instrument='MES SEP26' Action='Sell' Limit price=0 Stop price=7758.5 Quantity=4 Type='Stop Market' Time in force=GTC Oco='5609581e26a743a5b62cf6f1d7f9efa8' Filled=0 Fill price=0 Error='No error' Native error='',
8/5/2026 10:29:56 PM,Order,Order='2449e6c1507f453fa888ca64ddbf266c/Sim101' Name='Target2' New state='Cancelled' Instrument='MES SEP26' Action='Sell' Limit price=7766 Stop price=0 Quantity=4 Type='Limit' Time in force=GTC Oco='50d8e0e8584c44a5906bb97f238d9298' Filled=0 Fill price=0 Error='No error' Native error='',
8/5/2026 10:29:56 PM,Order,Order='f2dd7d4935df428db89e60c8f0819e0d/Sim101' Name='Target1' New state='Cancelled' Instrument='MES SEP26' Action='Sell' Limit price=7765.5 Stop price=0 Quantity=4 Type='Limit' Time in force=GTC Oco='5609581e26a743a5b62cf6f1d7f9efa8' Filled=0 Fill price=0 Error='No error' Native error='',
8/5/2026 10:29:56 PM,Order,Order='063af14cd9d741c6a0782619be645fcb/Sim101' Name='Stop2' New state='Cancel submitted' Instrument='MES SEP26' Action='Sell' Limit price=0 Stop price=7758.5 Quantity=4 Type='Stop Market' Time in force=GTC Oco='50d8e0e8584c44a5906bb97f238d9298' Filled=0 Fill price=0 Error='No error' Native error='',
8/5/2026 10:29:56 PM,Order,Order='92c28d6f4d504c77a77e1b99e104c258/Sim101' Name='Stop1' New state='Cancel submitted' Instrument='MES SEP26' Action='Sell' Limit price=0 Stop price=7758.5 Quantity=4 Type='Stop Market' Time in force=GTC Oco='5609581e26a743a5b62cf6f1d7f9efa8' Filled=0 Fill price=0 Error='No error' Native error='',
8/5/2026 10:29:56 PM,Order,Order='2449e6c1507f453fa888ca64ddbf266c/Sim101' Name='Target2' New state='Cancel submitted' Instrument='MES SEP26' Action='Sell' Limit price=7766 Stop price=0 Quantity=4 Type='Limit' Time in force=GTC Oco='50d8e0e8584c44a5906bb97f238d9298' Filled=0 Fill price=0 Error='No error' Native error='',
8/5/2026 10:29:56 PM,Order,Order='f2dd7d4935df428db89e60c8f0819e0d/Sim101' Name='Target1' New state='Cancel submitted' Instrument='MES SEP26' Action='Sell' Limit price=7765.5 Stop price=0 Quantity=4 Type='Limit' Time in force=GTC Oco='5609581e26a743a5b62cf6f1d7f9efa8' Filled=0 Fill price=0 Error='No error' Native error='',
8/5/2026 10:29:56 PM,Default,Chart Trader close position,
8/5/2026 10:29:54 PM,Order,Order='2449e6c1507f453fa888ca64ddbf266c/Sim101' Name='Target2' New state='Working' Instrument='MES SEP26' Action='Sell' Limit price=7766 Stop price=0 Quantity=4 Type='Limit' Time in force=GTC Oco='50d8e0e8584c44a5906bb97f238d9298' Filled=0 Fill price=0 Error='No error' Native error='',
8/5/2026 10:29:54 PM,Order,Order='2449e6c1507f453fa888ca64ddbf266c/Sim101' Name='Target2' New state='Accepted' Instrument='MES SEP26' Action='Sell' Limit price=7766 Stop price=0 Quantity=4 Type='Limit' Time in force=GTC Oco='50d8e0e8584c44a5906bb97f238d9298' Filled=0 Fill price=0 Error='No error' Native error='',
8/5/2026 10:29:54 PM,Order,Order='f2dd7d4935df428db89e60c8f0819e0d/Sim101' Name='Target1' New state='Working' Instrument='MES SEP26' Action='Sell' Limit price=7765.5 Stop price=0 Quantity=4 Type='Limit' Time in force=GTC Oco='5609581e26a743a5b62cf6f1d7f9efa8' Filled=0 Fill price=0 Error='No error' Native error='',
8/5/2026 10:29:54 PM,Order,Order='063af14cd9d741c6a0782619be645fcb/Sim101' Name='Stop2' New state='Accepted' Instrument='MES SEP26' Action='Sell' Limit price=0 Stop price=7758.5 Quantity=4 Type='Stop Market' Time in force=GTC Oco='50d8e0e8584c44a5906bb97f238d9298' Filled=0 Fill price=0 Error='No error' Native error='',
8/5/2026 10:29:54 PM,Order,Order='f2dd7d4935df428db89e60c8f0819e0d/Sim101' Name='Target1' New state='Accepted' Instrument='MES SEP26' Action='Sell' Limit price=7765.5 Stop price=0 Quantity=4 Type='Limit' Time in force=GTC Oco='5609581e26a743a5b62cf6f1d7f9efa8' Filled=0 Fill price=0 Error='No error' Native error='',
8/5/2026 10:29:54 PM,Order,Order='92c28d6f4d504c77a77e1b99e104c258/Sim101' Name='Stop1' New state='Accepted' Instrument='MES SEP26' Action='Sell' Limit price=0 Stop price=7758.5 Quantity=4 Type='Stop Market' Time in force=GTC Oco='5609581e26a743a5b62cf6f1d7f9efa8' Filled=0 Fill price=0 Error='No error' Native error='',
8/5/2026 10:29:54 PM,Order,Order='2449e6c1507f453fa888ca64ddbf266c/Sim101' Name='Target2' New state='Submitted' Instrument='MES SEP26' Action='Sell' Limit price=7766 Stop price=0 Quantity=4 Type='Limit' Time in force=GTC Oco='50d8e0e8584c44a5906bb97f238d9298' Filled=0 Fill price=0 Error='No error' Native error='',
8/5/2026 10:29:54 PM,Order,Order='063af14cd9d741c6a0782619be645fcb/Sim101' Name='Stop2' New state='Submitted' Instrument='MES SEP26' Action='Sell' Limit price=0 Stop price=7758.5 Quantity=4 Type='Stop Market' Time in force=GTC Oco='50d8e0e8584c44a5906bb97f238d9298' Filled=0 Fill price=0 Error='No error' Native error='',
8/5/2026 10:29:54 PM,Order,Order='f2dd7d4935df428db89e60c8f0819e0d/Sim101' Name='Target1' New state='Submitted' Instrument='MES SEP26' Action='Sell' Limit price=7765.5 Stop price=0 Quantity=4 Type='Limit' Time in force=GTC Oco='5609581e26a743a5b62cf6f1d7f9efa8' Filled=0 Fill price=0 Error='No error' Native error='',
8/5/2026 10:29:54 PM,Order,Order='92c28d6f4d504c77a77e1b99e104c258/Sim101' Name='Stop1' New state='Submitted' Instrument='MES SEP26' Action='Sell' Limit price=0 Stop price=7758.5 Quantity=4 Type='Stop Market' Time in force=GTC Oco='5609581e26a743a5b62cf6f1d7f9efa8' Filled=0 Fill price=0 Error='No error' Native error='',
8/5/2026 10:29:54 PM,Execution,Execution='3c80730db1f84662ab148867fda67730' Instrument='MES SEP26' Account='Sim101' Exchange=Default Price=7763.5 Quantity=8 Market position=Long Operation=Operation_Add Order='5739915345e04be2a193043d05aab0bd' Time='8/5/2026 10:29 PM',
8/5/2026 10:29:54 PM,Position,Instrument='MES SEP26' Account='Sim101' Average price=7763.5 Quantity=8 Market position=Long Operation=Operation_Add,
8/5/2026 10:29:54 PM,Order,Order='5739915345e04be2a193043d05aab0bd/Sim101' Name='Entry' New state='Filled' Instrument='MES SEP26' Action='Buy' Limit price=7763.5 Stop price=0 Quantity=8 Type='Limit' Time in force=GTC Oco='' Filled=8 Fill price=7763.5 Error='No error' Native error='',
8/5/2026 10:29:53 PM,Order,Order='5739915345e04be2a193043d05aab0bd/Sim101' Name='Entry' New state='Accepted' Instrument='MES SEP26' Action='Buy' Limit price=7763.5 Stop price=0 Quantity=8 Type='Limit' Time in force=GTC Oco='' Filled=0 Fill price=0 Error='No error' Native error='',
8/5/2026 10:29:53 PM,Order,Order='5739915345e04be2a193043d05aab0bd/Sim101' Name='Entry' New state='Working' Instrument='MES SEP26' Action='Buy' Limit price=7763.5 Stop price=0 Quantity=8 Type='Limit' Time in force=GTC Oco='' Filled=0 Fill price=0 Error='No error' Native error='',
8/5/2026 10:29:53 PM,Order,Order='5739915345e04be2a193043d05aab0bd/Sim101' Name='Entry' New state='Change submitted' Instrument='MES SEP26' Action='Buy' Limit price=7763.5 Stop price=0 Quantity=8 Type='Limit' Time in force=GTC Oco='' Filled=0 Fill price=0 Error='No error' Native error='',
8/5/2026 10:29:53 PM,Order,Auto chase price modification to '7763.50',
8/5/2026 10:29:53 PM,Order,Order='5739915345e04be2a193043d05aab0bd/Sim101' Name='Entry' New state='Accepted' Instrument='MES SEP26' Action='Buy' Limit price=7763.25 Stop price=0 Quantity=8 Type='Limit' Time in force=GTC Oco='' Filled=0 Fill price=0 Error='No error' Native error='',
8/5/2026 10:29:53 PM,Order,Order='5739915345e04be2a193043d05aab0bd/Sim101' Name='Entry' New state='Working' Instrument='MES SEP26' Action='Buy' Limit price=7763.25 Stop price=0 Quantity=8 Type='Limit' Time in force=GTC Oco='' Filled=0 Fill price=0 Error='No error' Native error='',
8/5/2026 10:29:53 PM,Order,Order='5739915345e04be2a193043d05aab0bd/Sim101' Name='Entry' New state='Submitted' Instrument='MES SEP26' Action='Buy' Limit price=7763.25 Stop price=0 Quantity=8 Type='Limit' Time in force=GTC Oco='' Filled=0 Fill price=0 Error='No error' Native error='',
8/5/2026 10:29:53 PM,Order,Chart Trader submitting order with strategy 'MES $200 SL5 - 1' (Ticks),
8/5/2026 10:29:51 PM,Position,Instrument='MES SEP26' Account='Sim101' Average price=0 Quantity=0 Market position=Flat Operation=Remove,
8/5/2026 10:29:51 PM,Execution,Execution='0bf58c9008c943bd903f892f28ac3557' Instrument='MES SEP26' Account='Sim101' Exchange=Default Price=7763.25 Quantity=8 Market position=Short Operation=Operation_Add Order='c12cb887d57f4b769c9a7769742b59a9' Time='8/5/2026 10:29 PM',
8/5/2026 10:29:51 PM,Order,Order='c12cb887d57f4b769c9a7769742b59a9/Sim101' Name='Close' New state='Filled' Instrument='MES SEP26' Action='Sell' Limit price=0 Stop price=0 Quantity=8 Type='Market' Time in force=DAY Oco='' Filled=8 Fill price=7763.25 Error='No error' Native error='',
8/5/2026 10:29:50 PM,Order,Order='c12cb887d57f4b769c9a7769742b59a9/Sim101' Name='Close' New state='Working' Instrument='MES SEP26' Action='Sell' Limit price=0 Stop price=0 Quantity=8 Type='Market' Time in force=DAY Oco='' Filled=0 Fill price=0 Error='No error' Native error='',
8/5/2026 10:29:50 PM,Order,Order='c12cb887d57f4b769c9a7769742b59a9/Sim101' Name='Close' New state='Accepted' Instrument='MES SEP26' Action='Sell' Limit price=0 Stop price=0 Quantity=8 Type='Market' Time in force=DAY Oco='' Filled=0 Fill price=0 Error='No error' Native error='',
8/5/2026 10:29:50 PM,Order,Order='c12cb887d57f4b769c9a7769742b59a9/Sim101' Name='Close' New state='Submitted' Instrument='MES SEP26' Action='Sell' Limit price=0 Stop price=0 Quantity=8 Type='Market' Time in force=DAY Oco='' Filled=0 Fill price=0 Error='No error' Native error='',
8/5/2026 10:29:50 PM,Order,Order='20133895803e4e0abee8c4fa4ddbe134/Sim101' Name='Target2' New state='Cancelled' Instrument='MES SEP26' Action='Sell' Limit price=7766 Stop price=0 Quantity=4 Type='Limit' Time in force=GTC Oco='f8890c7b7bc54fcc9026f5dca71c43ad' Filled=0 Fill price=0 Error='No error' Native error='',
8/5/2026 10:29:50 PM,Order,Order='848b58b7256e4aa49d5955d1b3237b63/Sim101' Name='Stop2' New state='Cancelled' Instrument='MES SEP26' Action='Sell' Limit price=0 Stop price=7758.5 Quantity=4 Type='Stop Market' Time in force=GTC Oco='f8890c7b7bc54fcc9026f5dca71c43ad' Filled=0 Fill price=0 Error='No error' Native error='',
8/5/2026 10:29:50 PM,Order,Order='638db0bb3fa8402eb2ec022cbaccb708/Sim101' Name='Stop1' New state='Cancelled' Instrument='MES SEP26' Action='Sell' Limit price=0 Stop price=7758.5 Quantity=4 Type='Stop Market' Time in force=GTC Oco='913072d7b8fd461fb46bf5aadd4a2f15' Filled=0 Fill price=0 Error='No error' Native error='',
8/5/2026 10:29:50 PM,Order,Order='a50e437f5fb14b56a4b9ef1e0c55444e/Sim101' Name='Target1' New state='Cancelled' Instrument='MES SEP26' Action='Sell' Limit price=7765.5 Stop price=0 Quantity=4 Type='Limit' Time in force=GTC Oco='913072d7b8fd461fb46bf5aadd4a2f15' Filled=0 Fill price=0 Error='No error' Native error='',
8/5/2026 10:29:50 PM,Order,Order='848b58b7256e4aa49d5955d1b3237b63/Sim101' Name='Stop2' New state='Cancel submitted' Instrument='MES SEP26' Action='Sell' Limit price=0 Stop price=7758.5 Quantity=4 Type='Stop Market' Time in force=GTC Oco='f8890c7b7bc54fcc9026f5dca71c43ad' Filled=0 Fill price=0 Error='No error' Native error='',
8/5/2026 10:29:50 PM,Order,Order='638db0bb3fa8402eb2ec022cbaccb708/Sim101' Name='Stop1' New state='Cancel submitted' Instrument='MES SEP26' Action='Sell' Limit price=0 Stop price=7758.5 Quantity=4 Type='Stop Market' Time in force=GTC Oco='913072d7b8fd461fb46bf5aadd4a2f15' Filled=0 Fill price=0 Error='No error' Native error='',
8/5/2026 10:29:50 PM,Order,Order='20133895803e4e0abee8c4fa4ddbe134/Sim101' Name='Target2' New state='Cancel submitted' Instrument='MES SEP26' Action='Sell' Limit price=7766 Stop price=0 Quantity=4 Type='Limit' Time in force=GTC Oco='f8890c7b7bc54fcc9026f5dca71c43ad' Filled=0 Fill price=0 Error='No error' Native error='',
8/5/2026 10:29:50 PM,Order,Order='a50e437f5fb14b56a4b9ef1e0c55444e/Sim101' Name='Target1' New state='Cancel submitted' Instrument='MES SEP26' Action='Sell' Limit price=7765.5 Stop price=0 Quantity=4 Type='Limit' Time in force=GTC Oco='913072d7b8fd461fb46bf5aadd4a2f15' Filled=0 Fill price=0 Error='No error' Native error='',
8/5/2026 10:29:50 PM,Default,Chart Trader close position,
8/5/2026 10:29:47 PM,Order,Order='20133895803e4e0abee8c4fa4ddbe134/Sim101' Name='Target2' New state='Working' Instrument='MES SEP26' Action='Sell' Limit price=7766 Stop price=0 Quantity=4 Type='Limit' Time in force=GTC Oco='f8890c7b7bc54fcc9026f5dca71c43ad' Filled=0 Fill price=0 Error='No error' Native error='',
8/5/2026 10:29:47 PM,Order,Order='20133895803e4e0abee8c4fa4ddbe134/Sim101' Name='Target2' New state='Accepted' Instrument='MES SEP26' Action='Sell' Limit price=7766 Stop price=0 Quantity=4 Type='Limit' Time in force=GTC Oco='f8890c7b7bc54fcc9026f5dca71c43ad' Filled=0 Fill price=0 Error='No error' Native error='',
8/5/2026 10:29:47 PM,Order,Order='848b58b7256e4aa49d5955d1b3237b63/Sim101' Name='Stop2' New state='Accepted' Instrument='MES SEP26' Action='Sell' Limit price=0 Stop price=7758.5 Quantity=4 Type='Stop Market' Time in force=GTC Oco='f8890c7b7bc54fcc9026f5dca71c43ad' Filled=0 Fill price=0 Error='No error' Native error='',
8/5/2026 10:29:47 PM,Order,Order='a50e437f5fb14b56a4b9ef1e0c55444e/Sim101' Name='Target1' New state='Working' Instrument='MES SEP26' Action='Sell' Limit price=7765.5 Stop price=0 Quantity=4 Type='Limit' Time in force=GTC Oco='913072d7b8fd461fb46bf5aadd4a2f15' Filled=0 Fill price=0 Error='No error' Native error='',
8/5/2026 10:29:47 PM,Order,Order='a50e437f5fb14b56a4b9ef1e0c55444e/Sim101' Name='Target1' New state='Accepted' Instrument='MES SEP26' Action='Sell' Limit price=7765.5 Stop price=0 Quantity=4 Type='Limit' Time in force=GTC Oco='913072d7b8fd461fb46bf5aadd4a2f15' Filled=0 Fill price=0 Error='No error' Native error='',
8/5/2026 10:29:47 PM,Order,Order='638db0bb3fa8402eb2ec022cbaccb708/Sim101' Name='Stop1' New state='Accepted' Instrument='MES SEP26' Action='Sell' Limit price=0 Stop price=7758.5 Quantity=4 Type='Stop Market' Time in force=GTC Oco='913072d7b8fd461fb46bf5aadd4a2f15' Filled=0 Fill price=0 Error='No error' Native error='',
8/5/2026 10:29:47 PM,Order,Order='20133895803e4e0abee8c4fa4ddbe134/Sim101' Name='Target2' New state='Submitted' Instrument='MES SEP26' Action='Sell' Limit price=7766 Stop price=0 Quantity=4 Type='Limit' Time in force=GTC Oco='f8890c7b7bc54fcc9026f5dca71c43ad' Filled=0 Fill price=0 Error='No error' Native error='',
8/5/2026 10:29:47 PM,Order,Order='848b58b7256e4aa49d5955d1b3237b63/Sim101' Name='Stop2' New state='Submitted' Instrument='MES SEP26' Action='Sell' Limit price=0 Stop price=7758.5 Quantity=4 Type='Stop Market' Time in force=GTC Oco='f8890c7b7bc54fcc9026f5dca71c43ad' Filled=0 Fill price=0 Error='No error' Native error='',
8/5/2026 10:29:47 PM,Order,Order='a50e437f5fb14b56a4b9ef1e0c55444e/Sim101' Name='Target1' New state='Submitted' Instrument='MES SEP26' Action='Sell' Limit price=7765.5 Stop price=0 Quantity=4 Type='Limit' Time in force=GTC Oco='913072d7b8fd461fb46bf5aadd4a2f15' Filled=0 Fill price=0 Error='No error' Native error='',
8/5/2026 10:29:47 PM,Order,Order='638db0bb3fa8402eb2ec022cbaccb708/Sim101' Name='Stop1' New state='Submitted' Instrument='MES SEP26' Action='Sell' Limit price=0 Stop price=7758.5 Quantity=4 Type='Stop Market' Time in force=GTC Oco='913072d7b8fd461fb46bf5aadd4a2f15' Filled=0 Fill price=0 Error='No error' Native error='',
8/5/2026 10:29:47 PM,Execution,Execution='762a52786bea49b1b0b44cf6a09c290d' Instrument='MES SEP26' Account='Sim101' Exchange=Default Price=7763.5 Quantity=8 Market position=Long Operation=Operation_Add Order='5ab21733f01c433eb8dd96efe48ce21d' Time='8/5/2026 10:29 PM',
8/5/2026 10:29:47 PM,Position,Instrument='MES SEP26' Account='Sim101' Average price=7763.5 Quantity=8 Market position=Long Operation=Operation_Add,
8/5/2026 10:29:47 PM,Order,Order='5ab21733f01c433eb8dd96efe48ce21d/Sim101' Name='Entry' New state='Filled' Instrument='MES SEP26' Action='Buy' Limit price=0 Stop price=0 Quantity=8 Type='Market' Time in force=GTC Oco='' Filled=8 Fill price=7763.5 Error='No error' Native error='',
8/5/2026 10:29:47 PM,Order,Order='5ab21733f01c433eb8dd96efe48ce21d/Sim101' Name='Entry' New state='Accepted' Instrument='MES SEP26' Action='Buy' Limit price=0 Stop price=0 Quantity=8 Type='Market' Time in force=GTC Oco='' Filled=0 Fill price=0 Error='No error' Native error='',
8/5/2026 10:29:47 PM,Order,Order='5ab21733f01c433eb8dd96efe48ce21d/Sim101' Name='Entry' New state='Working' Instrument='MES SEP26' Action='Buy' Limit price=0 Stop price=0 Quantity=8 Type='Market' Time in force=GTC Oco='' Filled=0 Fill price=0 Error='No error' Native error='',
8/5/2026 10:29:47 PM,Order,Order='5ab21733f01c433eb8dd96efe48ce21d/Sim101' Name='Entry' New state='Submitted' Instrument='MES SEP26' Action='Buy' Limit price=0 Stop price=0 Quantity=8 Type='Market' Time in force=GTC Oco='' Filled=0 Fill price=0 Error='No error' Native error='',
8/5/2026 10:29:47 PM,Order,Chart Trader submitting order with strategy 'MES $200 SL5 - 1' (Ticks),
8/5/2026 10:29:39 PM,Order,Order='1b2ac9354d694d9a9ef565b5c86fcfa8/Sim101' Name='Entry' New state='Cancelled' Instrument='MES SEP26' Action='Buy' Limit price=7761.25 Stop price=0 Quantity=8 Type='Limit' Time in force=GTC Oco='' Filled=0 Fill price=0 Error='No error' Native error='',
8/5/2026 10:29:39 PM,Order,Order='1b2ac9354d694d9a9ef565b5c86fcfa8/Sim101' Name='Entry' New state='Cancel submitted' Instrument='MES SEP26' Action='Buy' Limit price=7761.25 Stop price=0 Quantity=8 Type='Limit' Time in force=GTC Oco='' Filled=0 Fill price=0 Error='No error' Native error='',
8/5/2026 10:29:39 PM,Default,Cancel all orders account='Sim101',
8/5/2026 10:29:39 PM,Default,Chart Trader close position,
8/5/2026 10:29:34 PM,Order,Order='1b2ac9354d694d9a9ef565b5c86fcfa8/Sim101' Name='Entry' New state='Working' Instrument='MES SEP26' Action='Buy' Limit price=7761.25 Stop price=0 Quantity=8 Type='Limit' Time in force=GTC Oco='' Filled=0 Fill price=0 Error='No error' Native error='',
8/5/2026 10:29:34 PM,Order,Order='1b2ac9354d694d9a9ef565b5c86fcfa8/Sim101' Name='Entry' New state='Accepted' Instrument='MES SEP26' Action='Buy' Limit price=7761.25 Stop price=0 Quantity=8 Type='Limit' Time in force=GTC Oco='' Filled=0 Fill price=0 Error='No error' Native error='',
8/5/2026 10:29:34 PM,Order,Order='1b2ac9354d694d9a9ef565b5c86fcfa8/Sim101' Name='Entry' New state='Submitted' Instrument='MES SEP26' Action='Buy' Limit price=7761.25 Stop price=0 Quantity=8 Type='Limit' Time in force=GTC Oco='' Filled=0 Fill price=0 Error='No error' Native error='',
8/5/2026 10:29:34 PM,Order,Chart Trader submitting order with strategy 'MES $200 SL5 - 1' (Ticks),
8/5/2026 10:29:30 PM,Position,Instrument='MES SEP26' Account='Sim101' Average price=0 Quantity=0 Market position=Flat Operation=Remove,
8/5/2026 10:29:29 PM,Order,Order='e7576b44246548f6a2965d1d6a30aed6/Sim101' Name='Close' New state='Filled' Instrument='MES SEP26' Action='Sell' Limit price=0 Stop price=0 Quantity=8 Type='Market' Time in force=DAY Oco='' Filled=8 Fill price=7763.5 Error='No error' Native error='',
8/5/2026 10:29:29 PM,Execution,Execution='ff8bb6b9506146008bc547e6b0db3d44' Instrument='MES SEP26' Account='Sim101' Exchange=Default Price=7763.5 Quantity=8 Market position=Short Operation=Operation_Add Order='e7576b44246548f6a2965d1d6a30aed6' Time='8/5/2026 10:29 PM',
8/5/2026 10:29:29 PM,Order,Order='e7576b44246548f6a2965d1d6a30aed6/Sim101' Name='Close' New state='Working' Instrument='MES SEP26' Action='Sell' Limit price=0 Stop price=0 Quantity=8 Type='Market' Time in force=DAY Oco='' Filled=0 Fill price=0 Error='No error' Native error='',
8/5/2026 10:29:29 PM,Order,Order='e7576b44246548f6a2965d1d6a30aed6/Sim101' Name='Close' New state='Accepted' Instrument='MES SEP26' Action='Sell' Limit price=0 Stop price=0 Quantity=8 Type='Market' Time in force=DAY Oco='' Filled=0 Fill price=0 Error='No error' Native error='',
8/5/2026 10:29:29 PM,Order,Order='e7576b44246548f6a2965d1d6a30aed6/Sim101' Name='Close' New state='Submitted' Instrument='MES SEP26' Action='Sell' Limit price=0 Stop price=0 Quantity=8 Type='Market' Time in force=DAY Oco='' Filled=0 Fill price=0 Error='No error' Native error='',
8/5/2026 10:29:29 PM,Order,Order='c6663b748ea94616b6bc844e0a48ee23/Sim101' Name='Stop2' New state='Cancelled' Instrument='MES SEP26' Action='Sell' Limit price=0 Stop price=7758.5 Quantity=4 Type='Stop Market' Time in force=GTC Oco='b9a917e0f5a14420bf8800fb80b45b9c' Filled=0 Fill price=0 Error='No error' Native error='',
8/5/2026 10:29:29 PM,Order,Order='a5547d3e4e7f490999191a78d8e7e90a/Sim101' Name='Stop1' New state='Cancelled' Instrument='MES SEP26' Action='Sell' Limit price=0 Stop price=7758.5 Quantity=4 Type='Stop Market' Time in force=GTC Oco='5720f976609843c2b453b3c30832b8f8' Filled=0 Fill price=0 Error='No error' Native error='',
8/5/2026 10:29:29 PM,Order,Order='485d1a55b3fb4046b4de5d988e742744/Sim101' Name='Target2' New state='Cancelled' Instrument='MES SEP26' Action='Sell' Limit price=7766 Stop price=0 Quantity=4 Type='Limit' Time in force=GTC Oco='b9a917e0f5a14420bf8800fb80b45b9c' Filled=0 Fill price=0 Error='No error' Native error='',
8/5/2026 10:29:29 PM,Order,Order='00a285c1e246415088070ee8dd22da81/Sim101' Name='Target1' New state='Cancelled' Instrument='MES SEP26' Action='Sell' Limit price=7765.5 Stop price=0 Quantity=4 Type='Limit' Time in force=GTC Oco='5720f976609843c2b453b3c30832b8f8' Filled=0 Fill price=0 Error='No error' Native error='',
8/5/2026 10:29:29 PM,Order,Order='c6663b748ea94616b6bc844e0a48ee23/Sim101' Name='Stop2' New state='Cancel submitted' Instrument='MES SEP26' Action='Sell' Limit price=0 Stop price=7758.5 Quantity=4 Type='Stop Market' Time in force=GTC Oco='b9a917e0f5a14420bf8800fb80b45b9c' Filled=0 Fill price=0 Error='No error' Native error='',
8/5/2026 10:29:29 PM,Order,Order='a5547d3e4e7f490999191a78d8e7e90a/Sim101' Name='Stop1' New state='Cancel submitted' Instrument='MES SEP26' Action='Sell' Limit price=0 Stop price=7758.5 Quantity=4 Type='Stop Market' Time in force=GTC Oco='5720f976609843c2b453b3c30832b8f8' Filled=0 Fill price=0 Error='No error' Native error='',
8/5/2026 10:29:29 PM,Order,Order='485d1a55b3fb4046b4de5d988e742744/Sim101' Name='Target2' New state='Cancel submitted' Instrument='MES SEP26' Action='Sell' Limit price=7766 Stop price=0 Quantity=4 Type='Limit' Time in force=GTC Oco='b9a917e0f5a14420bf8800fb80b45b9c' Filled=0 Fill price=0 Error='No error' Native error='',
8/5/2026 10:29:29 PM,Order,Order='00a285c1e246415088070ee8dd22da81/Sim101' Name='Target1' New state='Cancel submitted' Instrument='MES SEP26' Action='Sell' Limit price=7765.5 Stop price=0 Quantity=4 Type='Limit' Time in force=GTC Oco='5720f976609843c2b453b3c30832b8f8' Filled=0 Fill price=0 Error='No error' Native error='',
8/5/2026 10:29:29 PM,Default,Chart Trader close position,
8/5/2026 10:29:22 PM,Order,Order='485d1a55b3fb4046b4de5d988e742744/Sim101' Name='Target2' New state='Working' Instrument='MES SEP26' Action='Sell' Limit price=7766 Stop price=0 Quantity=4 Type='Limit' Time in force=GTC Oco='b9a917e0f5a14420bf8800fb80b45b9c' Filled=0 Fill price=0 Error='No error' Native error='',
8/5/2026 10:29:22 PM,Order,Order='485d1a55b3fb4046b4de5d988e742744/Sim101' Name='Target2' New state='Accepted' Instrument='MES SEP26' Action='Sell' Limit price=7766 Stop price=0 Quantity=4 Type='Limit' Time in force=GTC Oco='b9a917e0f5a14420bf8800fb80b45b9c' Filled=0 Fill price=0 Error='No error' Native error='',
8/5/2026 10:29:22 PM,Order,Order='c6663b748ea94616b6bc844e0a48ee23/Sim101' Name='Stop2' New state='Accepted' Instrument='MES SEP26' Action='Sell' Limit price=0 Stop price=7758.5 Quantity=4 Type='Stop Market' Time in force=GTC Oco='b9a917e0f5a14420bf8800fb80b45b9c' Filled=0 Fill price=0 Error='No error' Native error='',
8/5/2026 10:29:22 PM,Order,Order='00a285c1e246415088070ee8dd22da81/Sim101' Name='Target1' New state='Accepted' Instrument='MES SEP26' Action='Sell' Limit price=7765.5 Stop price=0 Quantity=4 Type='Limit' Time in force=GTC Oco='5720f976609843c2b453b3c30832b8f8' Filled=0 Fill price=0 Error='No error' Native error='',
8/5/2026 10:29:22 PM,Order,Order='00a285c1e246415088070ee8dd22da81/Sim101' Name='Target1' New state='Working' Instrument='MES SEP26' Action='Sell' Limit price=7765.5 Stop price=0 Quantity=4 Type='Limit' Time in force=GTC Oco='5720f976609843c2b453b3c30832b8f8' Filled=0 Fill price=0 Error='No error' Native error='',
8/5/2026 10:29:22 PM,Order,Order='a5547d3e4e7f490999191a78d8e7e90a/Sim101' Name='Stop1' New state='Accepted' Instrument='MES SEP26' Action='Sell' Limit price=0 Stop price=7758.5 Quantity=4 Type='Stop Market' Time in force=GTC Oco='5720f976609843c2b453b3c30832b8f8' Filled=0 Fill price=0 Error='No error' Native error='',
8/5/2026 10:29:22 PM,Order,Order='485d1a55b3fb4046b4de5d988e742744/Sim101' Name='Target2' New state='Submitted' Instrument='MES SEP26' Action='Sell' Limit price=7766 Stop price=0 Quantity=4 Type='Limit' Time in force=GTC Oco='b9a917e0f5a14420bf8800fb80b45b9c' Filled=0 Fill price=0 Error='No error' Native error='',
8/5/2026 10:29:22 PM,Position,Instrument='MES SEP26' Account='Sim101' Average price=7763.5 Quantity=8 Market position=Long Operation=Operation_Add,
8/5/2026 10:29:22 PM,Order,Order='c6663b748ea94616b6bc844e0a48ee23/Sim101' Name='Stop2' New state='Submitted' Instrument='MES SEP26' Action='Sell' Limit price=0 Stop price=7758.5 Quantity=4 Type='Stop Market' Time in force=GTC Oco='b9a917e0f5a14420bf8800fb80b45b9c' Filled=0 Fill price=0 Error='No error' Native error='',
8/5/2026 10:29:22 PM,Order,Order='00a285c1e246415088070ee8dd22da81/Sim101' Name='Target1' New state='Submitted' Instrument='MES SEP26' Action='Sell' Limit price=7765.5 Stop price=0 Quantity=4 Type='Limit' Time in force=GTC Oco='5720f976609843c2b453b3c30832b8f8' Filled=0 Fill price=0 Error='No error' Native error='',
8/5/2026 10:29:22 PM,Order,Order='a5547d3e4e7f490999191a78d8e7e90a/Sim101' Name='Stop1' New state='Submitted' Instrument='MES SEP26' Action='Sell' Limit price=0 Stop price=7758.5 Quantity=4 Type='Stop Market' Time in force=GTC Oco='5720f976609843c2b453b3c30832b8f8' Filled=0 Fill price=0 Error='No error' Native error='',
8/5/2026 10:29:22 PM,Execution,Execution='0becabcf5f9e4c19bfba4d3323a67618' Instrument='MES SEP26' Account='Sim101' Exchange=Default Price=7763.5 Quantity=8 Market position=Long Operation=Operation_Add Order='75c74e2db8e244f3928e88134f0081ee' Time='8/5/2026 10:29 PM',
8/5/2026 10:29:22 PM,Order,Order='75c74e2db8e244f3928e88134f0081ee/Sim101' Name='Entry' New state='Filled' Instrument='MES SEP26' Action='Buy' Limit price=7763.5 Stop price=0 Quantity=8 Type='Limit' Time in force=GTC Oco='' Filled=8 Fill price=7763.5 Error='No error' Native error='',
8/5/2026 10:29:22 PM,Order,Order='75c74e2db8e244f3928e88134f0081ee/Sim101' Name='Entry' New state='Working' Instrument='MES SEP26' Action='Buy' Limit price=7763.5 Stop price=0 Quantity=8 Type='Limit' Time in force=GTC Oco='' Filled=0 Fill price=0 Error='No error' Native error='',
8/5/2026 10:29:21 PM,Order,Order='75c74e2db8e244f3928e88134f0081ee/Sim101' Name='Entry' New state='Accepted' Instrument='MES SEP26' Action='Buy' Limit price=7763.5 Stop price=0 Quantity=8 Type='Limit' Time in force=GTC Oco='' Filled=0 Fill price=0 Error='No error' Native error='',
8/5/2026 10:29:21 PM,Order,Order='75c74e2db8e244f3928e88134f0081ee/Sim101' Name='Entry' New state='Change submitted' Instrument='MES SEP26' Action='Buy' Limit price=7763.5 Stop price=0 Quantity=8 Type='Limit' Time in force=GTC Oco='' Filled=0 Fill price=0 Error='No error' Native error='',
8/5/2026 10:29:21 PM,Order,Order='75c74e2db8e244f3928e88134f0081ee/Sim101' Name='Entry' New state='Accepted' Instrument='MES SEP26' Action='Buy' Limit price=7763.25 Stop price=0 Quantity=8 Type='Limit' Time in force=GTC Oco='' Filled=0 Fill price=0 Error='No error' Native error='',
8/5/2026 10:29:21 PM,Order,Auto chase price modification to '7763.50',
8/5/2026 10:29:21 PM,Order,Auto chase price modification to '7763.50',
8/5/2026 10:29:21 PM,Order,Order='75c74e2db8e244f3928e88134f0081ee/Sim101' Name='Entry' New state='Submitted' Instrument='MES SEP26' Action='Buy' Limit price=7763.25 Stop price=0 Quantity=8 Type='Limit' Time in force=GTC Oco='' Filled=0 Fill price=0 Error='No error' Native error='',
8/5/2026 10:29:21 PM,Order,Auto chase price modification to '7763.50',
8/5/2026 10:29:21 PM,Order,Chart Trader submitting order with strategy 'MES $200 SL5 - 1' (Ticks),
8/5/2026 10:28:21 PM,Connection,Simulation account 'Sim102' reset,
8/5/2026 10:27:55 PM,Connection,Market data failed for 'MGC DEC26': 'get_order_book error : 13',
8/5/2026 10:27:55 PM,Connection,Market data failed for 'MES SEP26': 'get_order_book error : 13',
8/5/2026 10:27:55 PM,Connection,Using HDS (hds-us-nt-018.ninjatrader.com/31655),
8/5/2026 10:27:55 PM,Connection,Time to auto close position='12:00:00 AM' Enabled=False,
8/5/2026 10:27:54 PM,Connection,My Rithmic for NinjaTrader Brokerage: Primary connection=Connected Price feed=Connected,
8/5/2026 10:27:40 PM,Default,Restoring workspace 'SuperDOM 3'...,
8/5/2026 10:27:38 PM,Default,Auto close enabled=False,
8/5/2026 10:27:38 PM,Order,Order entry hot keys disabled,
8/5/2026 10:27:38 PM,Connection,My Rithmic for NinjaTrader Brokerage: Primary connection=Connecting Price feed=Connecting,
8/5/2026 10:27:38 PM,Default,Auto connecting 'My Rithmic for NinjaTrader Brokerage'...,
8/5/2026 10:27:38 PM,Default,Telemetry configuration updated to version 1003 (previous version 0).,
8/5/2026 10:27:37 PM,Default,Automated trading disabled,
8/5/2026 10:27:37 PM,Connection,Using IS (is-us-nt-006.ninjatrader.com/31658),
8/5/2026 10:27:35 PM,Default,Global simulation mode disabled,
8/5/2026 10:27:18 PM,Default,Session Break (Version 8.1.8.1),
8/5/2026 10:15:50 PM,Connection,My Rithmic for NinjaTrader Brokerage: Primary connection=Disconnected Price feed=Disconnected,
8/5/2026 10:15:50 PM,Connection,My Rithmic for NinjaTrader Brokerage: Primary connection=Disconnecting Price feed=Disconnecting,
8/5/2026 10:15:50 PM,Default,Disabling NinjaScript strategy 'SampleAtmStrategy/382222614',
8/5/2026 10:15:45 PM,Default,Workspace SuperDOM 3 not saved,
8/5/2026 10:15:36 PM,Default,Cancel all orders account='PA-APEX-422136-07',
8/5/2026 10:15:36 PM,Default,Cancel all orders account='PA-APEX-422136-06',
8/5/2026 10:15:36 PM,Default,Cancel all orders account='PA-APEX-422136-09',
8/5/2026 10:15:36 PM,Default,Cancel all orders account='PA-APEX-422136-08',
8/5/2026 10:15:36 PM,Default,Cancel all orders account='PA-APEX-422136-03',
8/5/2026 10:15:36 PM,Default,Cancel all orders account='PA-APEX-422136-01',
8/5/2026 10:15:36 PM,Default,Cancel all orders account='PA-APEX-422136-05',
8/5/2026 10:15:36 PM,Default,Cancel all orders account='PA-APEX-422136-04',
8/5/2026 10:15:35 PM,Default,Cancel all orders account='Sim101',
8/5/2026 10:15:35 PM,Default,Cancel all orders account='Sim102',
8/5/2026 10:11:59 PM,Position,Instrument='MES SEP26' Account='Sim101' Average price=0 Quantity=0 Market position=Flat Operation=Remove,
8/5/2026 10:11:59 PM,Order,Order='9342ca48f98c4abc8e8611a2475ea73f/Sim101' Name='Close' New state='Filled' Instrument='MES SEP26' Action='Sell' Limit price=0 Stop price=0 Quantity=8 Type='Market' Time in force=DAY Oco='' Filled=8 Fill price=7763.25 Error='No error' Native error='',
8/5/2026 10:11:59 PM,Execution,Execution='108e76f67f9b49d88f7b0934dcc2fa24' Instrument='MES SEP26' Account='Sim101' Exchange=Default Price=7763.25 Quantity=8 Market position=Short Operation=Operation_Add Order='9342ca48f98c4abc8e8611a2475ea73f' Time='8/5/2026 10:11 PM',
8/5/2026 10:11:59 PM,Order,Order='9342ca48f98c4abc8e8611a2475ea73f/Sim101' Name='Close' New state='Accepted' Instrument='MES SEP26' Action='Sell' Limit price=0 Stop price=0 Quantity=8 Type='Market' Time in force=DAY Oco='' Filled=0 Fill price=0 Error='No error' Native error='',
8/5/2026 10:11:59 PM,Order,Order='9342ca48f98c4abc8e8611a2475ea73f/Sim101' Name='Close' New state='Working' Instrument='MES SEP26' Action='Sell' Limit price=0 Stop price=0 Quantity=8 Type='Market' Time in force=DAY Oco='' Filled=0 Fill price=0 Error='No error' Native error='',
8/5/2026 10:11:59 PM,Order,Order='9342ca48f98c4abc8e8611a2475ea73f/Sim101' Name='Close' New state='Submitted' Instrument='MES SEP26' Action='Sell' Limit price=0 Stop price=0 Quantity=8 Type='Market' Time in force=DAY Oco='' Filled=0 Fill price=0 Error='No error' Native error='',
8/5/2026 10:11:58 PM,Order,Order='3cb981ab504740b7bd472e83922464e1/Sim101' Name='Stop2' New state='Cancelled' Instrument='MES SEP26' Action='Sell' Limit price=0 Stop price=7759 Quantity=4 Type='Stop Market' Time in force=GTC Oco='6c9c353adf994055b03eb3d43af136fd' Filled=0 Fill price=0 Error='No error' Native error='',
8/5/2026 10:11:58 PM,Order,Order='f8a3f58985d843eabcefa8de7f8fb571/Sim101' Name='Stop1' New state='Cancelled' Instrument='MES SEP26' Action='Sell' Limit price=0 Stop price=7759 Quantity=4 Type='Stop Market' Time in force=GTC Oco='912ba1d41b9d45f3b69423e293c50451' Filled=0 Fill price=0 Error='No error' Native error='',
8/5/2026 10:11:58 PM,Order,Order='892baff24c4c4ef9b9de1cfd433cf11e/Sim101' Name='Target2' New state='Cancelled' Instrument='MES SEP26' Action='Sell' Limit price=7766.5 Stop price=0 Quantity=4 Type='Limit' Time in force=GTC Oco='6c9c353adf994055b03eb3d43af136fd' Filled=0 Fill price=0 Error='No error' Native error='',
8/5/2026 10:11:58 PM,Order,Order='9d5aea0d3e7f4f68b77030db1ec12dc4/Sim101' Name='Target1' New state='Cancelled' Instrument='MES SEP26' Action='Sell' Limit price=7766 Stop price=0 Quantity=4 Type='Limit' Time in force=GTC Oco='912ba1d41b9d45f3b69423e293c50451' Filled=0 Fill price=0 Error='No error' Native error='',
8/5/2026 10:11:58 PM,Order,Order='3cb981ab504740b7bd472e83922464e1/Sim101' Name='Stop2' New state='Cancel submitted' Instrument='MES SEP26' Action='Sell' Limit price=0 Stop price=7759 Quantity=4 Type='Stop Market' Time in force=GTC Oco='6c9c353adf994055b03eb3d43af136fd' Filled=0 Fill price=0 Error='No error' Native error='',
8/5/2026 10:11:58 PM,Order,Order='f8a3f58985d843eabcefa8de7f8fb571/Sim101' Name='Stop1' New state='Cancel submitted' Instrument='MES SEP26' Action='Sell' Limit price=0 Stop price=7759 Quantity=4 Type='Stop Market' Time in force=GTC Oco='912ba1d41b9d45f3b69423e293c50451' Filled=0 Fill price=0 Error='No error' Native error='',
8/5/2026 10:11:58 PM,Order,Order='892baff24c4c4ef9b9de1cfd433cf11e/Sim101' Name='Target2' New state='Cancel submitted' Instrument='MES SEP26' Action='Sell' Limit price=7766.5 Stop price=0 Quantity=4 Type='Limit' Time in force=GTC Oco='6c9c353adf994055b03eb3d43af136fd' Filled=0 Fill price=0 Error='No error' Native error='',
8/5/2026 10:11:58 PM,Order,Order='9d5aea0d3e7f4f68b77030db1ec12dc4/Sim101' Name='Target1' New state='Cancel submitted' Instrument='MES SEP26' Action='Sell' Limit price=7766 Stop price=0 Quantity=4 Type='Limit' Time in force=GTC Oco='912ba1d41b9d45f3b69423e293c50451' Filled=0 Fill price=0 Error='No error' Native error='',
8/5/2026 10:11:58 PM,Default,Chart Trader close position,
8/5/2026 10:11:04 PM,Order,Order='3cb981ab504740b7bd472e83922464e1/Sim101' Name='Stop2' New state='Accepted' Instrument='MES SEP26' Action='Sell' Limit price=0 Stop price=7759 Quantity=4 Type='Stop Market' Time in force=GTC Oco='6c9c353adf994055b03eb3d43af136fd' Filled=0 Fill price=0 Error='No error' Native error='',
8/5/2026 10:11:04 PM,Order,Order='892baff24c4c4ef9b9de1cfd433cf11e/Sim101' Name='Target2' New state='Accepted' Instrument='MES SEP26' Action='Sell' Limit price=7766.5 Stop price=0 Quantity=4 Type='Limit' Time in force=GTC Oco='6c9c353adf994055b03eb3d43af136fd' Filled=0 Fill price=0 Error='No error' Native error='',
8/5/2026 10:11:04 PM,Order,Order='892baff24c4c4ef9b9de1cfd433cf11e/Sim101' Name='Target2' New state='Working' Instrument='MES SEP26' Action='Sell' Limit price=7766.5 Stop price=0 Quantity=4 Type='Limit' Time in force=GTC Oco='6c9c353adf994055b03eb3d43af136fd' Filled=0 Fill price=0 Error='No error' Native error='',
8/5/2026 10:11:04 PM,Order,Order='9d5aea0d3e7f4f68b77030db1ec12dc4/Sim101' Name='Target1' New state='Working' Instrument='MES SEP26' Action='Sell' Limit price=7766 Stop price=0 Quantity=4 Type='Limit' Time in force=GTC Oco='912ba1d41b9d45f3b69423e293c50451' Filled=0 Fill price=0 Error='No error' Native error='',
8/5/2026 10:11:04 PM,Order,Order='f8a3f58985d843eabcefa8de7f8fb571/Sim101' Name='Stop1' New state='Accepted' Instrument='MES SEP26' Action='Sell' Limit price=0 Stop price=7759 Quantity=4 Type='Stop Market' Time in force=GTC Oco='912ba1d41b9d45f3b69423e293c50451' Filled=0 Fill price=0 Error='No error' Native error='',
8/5/2026 10:11:04 PM,Order,Order='9d5aea0d3e7f4f68b77030db1ec12dc4/Sim101' Name='Target1' New state='Accepted' Instrument='MES SEP26' Action='Sell' Limit price=7766 Stop price=0 Quantity=4 Type='Limit' Time in force=GTC Oco='912ba1d41b9d45f3b69423e293c50451' Filled=0 Fill price=0 Error='No error' Native error='',
8/5/2026 10:11:04 PM,Order,Order='892baff24c4c4ef9b9de1cfd433cf11e/Sim101' Name='Target2' New state='Submitted' Instrument='MES SEP26' Action='Sell' Limit price=7766.5 Stop price=0 Quantity=4 Type='Limit' Time in force=GTC Oco='6c9c353adf994055b03eb3d43af136fd' Filled=0 Fill price=0 Error='No error' Native error='',
8/5/2026 10:11:04 PM,Order,Order='3cb981ab504740b7bd472e83922464e1/Sim101' Name='Stop2' New state='Submitted' Instrument='MES SEP26' Action='Sell' Limit price=0 Stop price=7759 Quantity=4 Type='Stop Market' Time in force=GTC Oco='6c9c353adf994055b03eb3d43af136fd' Filled=0 Fill price=0 Error='No error' Native error='',
8/5/2026 10:11:04 PM,Order,Order='9d5aea0d3e7f4f68b77030db1ec12dc4/Sim101' Name='Target1' New state='Submitted' Instrument='MES SEP26' Action='Sell' Limit price=7766 Stop price=0 Quantity=4 Type='Limit' Time in force=GTC Oco='912ba1d41b9d45f3b69423e293c50451' Filled=0 Fill price=0 Error='No error' Native error='',
8/5/2026 10:11:04 PM,Order,Order='f8a3f58985d843eabcefa8de7f8fb571/Sim101' Name='Stop1' New state='Submitted' Instrument='MES SEP26' Action='Sell' Limit price=0 Stop price=7759 Quantity=4 Type='Stop Market' Time in force=GTC Oco='912ba1d41b9d45f3b69423e293c50451' Filled=0 Fill price=0 Error='No error' Native error='',
8/5/2026 10:11:04 PM,Position,Instrument='MES SEP26' Account='Sim101' Average price=7764 Quantity=8 Market position=Long Operation=Operation_Add,
8/5/2026 10:11:04 PM,Execution,Execution='d504489cce8d467880dda27fadbfe1c2' Instrument='MES SEP26' Account='Sim101' Exchange=Default Price=7764 Quantity=8 Market position=Long Operation=Operation_Add Order='e36b4d636096400ebe98bc5a0a2489ed' Time='8/5/2026 10:11 PM',
8/5/2026 10:11:04 PM,Order,Order='e36b4d636096400ebe98bc5a0a2489ed/Sim101' Name='Entry' New state='Filled' Instrument='MES SEP26' Action='Buy' Limit price=0 Stop price=0 Quantity=8 Type='Market' Time in force=GTC Oco='' Filled=8 Fill price=7764 Error='No error' Native error='',
8/5/2026 10:11:04 PM,Order,Order='e36b4d636096400ebe98bc5a0a2489ed/Sim101' Name='Entry' New state='Working' Instrument='MES SEP26' Action='Buy' Limit price=0 Stop price=0 Quantity=8 Type='Market' Time in force=GTC Oco='' Filled=0 Fill price=0 Error='No error' Native error='',
8/5/2026 10:11:04 PM,Order,Order='e36b4d636096400ebe98bc5a0a2489ed/Sim101' Name='Entry' New state='Accepted' Instrument='MES SEP26' Action='Buy' Limit price=0 Stop price=0 Quantity=8 Type='Market' Time in force=GTC Oco='' Filled=0 Fill price=0 Error='No error' Native error='',
8/5/2026 10:11:04 PM,Order,Order='e36b4d636096400ebe98bc5a0a2489ed/Sim101' Name='Entry' New state='Submitted' Instrument='MES SEP26' Action='Buy' Limit price=0 Stop price=0 Quantity=8 Type='Market' Time in force=GTC Oco='' Filled=0 Fill price=0 Error='No error' Native error='',
8/5/2026 10:11:04 PM,Order,Chart Trader submitting order with strategy 'MES $200 SL5 - 1' (Ticks),
8/5/2026 10:10:58 PM,Default,Cancel all orders account='Sim101',
8/5/2026 10:10:58 PM,Default,Chart Trader close position,
8/5/2026 10:10:33 PM,Position,Instrument='MES SEP26' Account='Sim101' Average price=0 Quantity=0 Market position=Flat Operation=Remove,
8/5/2026 10:10:33 PM,Execution,Execution='8635daea3cc94fecb3d20a80854562cc' Instrument='MES SEP26' Account='Sim101' Exchange=Default Price=7763.75 Quantity=8 Market position=Short Operation=Operation_Add Order='8760d1cb112d4ed6ad9fa379ce84fe73' Time='8/5/2026 10:10 PM',
8/5/2026 10:10:33 PM,Order,Order='8760d1cb112d4ed6ad9fa379ce84fe73/Sim101' Name='Close' New state='Filled' Instrument='MES SEP26' Action='Sell' Limit price=0 Stop price=0 Quantity=8 Type='Market' Time in force=DAY Oco='' Filled=8 Fill price=7763.75 Error='No error' Native error='',
8/5/2026 10:10:33 PM,Order,Order='8760d1cb112d4ed6ad9fa379ce84fe73/Sim101' Name='Close' New state='Working' Instrument='MES SEP26' Action='Sell' Limit price=0 Stop price=0 Quantity=8 Type='Market' Time in force=DAY Oco='' Filled=0 Fill price=0 Error='No error' Native error='',
8/5/2026 10:10:33 PM,Order,Order='8760d1cb112d4ed6ad9fa379ce84fe73/Sim101' Name='Close' New state='Accepted' Instrument='MES SEP26' Action='Sell' Limit price=0 Stop price=0 Quantity=8 Type='Market' Time in force=DAY Oco='' Filled=0 Fill price=0 Error='No error' Native error='',
8/5/2026 10:10:33 PM,Order,Order='8760d1cb112d4ed6ad9fa379ce84fe73/Sim101' Name='Close' New state='Submitted' Instrument='MES SEP26' Action='Sell' Limit price=0 Stop price=0 Quantity=8 Type='Market' Time in force=DAY Oco='' Filled=0 Fill price=0 Error='No error' Native error='',
8/5/2026 10:10:33 PM,Order,Order='6d9a80501f67483db21be84765724345/Sim101' Name='Stop1' New state='Cancelled' Instrument='MES SEP26' Action='Sell' Limit price=0 Stop price=7760.5 Quantity=4 Type='Stop Market' Time in force=GTC Oco='7fea2143174242b492a36101ba54a5f8' Filled=0 Fill price=0 Error='No error' Native error='',
8/5/2026 10:10:33 PM,Order,Order='23ed787c2c9a45609e810d4771208604/Sim101' Name='Stop2' New state='Cancelled' Instrument='MES SEP26' Action='Sell' Limit price=0 Stop price=7760.5 Quantity=4 Type='Stop Market' Time in force=GTC Oco='a0dd845309a44357b42bae680242445c' Filled=0 Fill price=0 Error='No error' Native error='',
8/5/2026 10:10:33 PM,Order,Order='91e6c1ee6bad4fd49319f95f6306ff2c/Sim101' Name='Target2' New state='Cancelled' Instrument='MES SEP26' Action='Sell' Limit price=7768 Stop price=0 Quantity=4 Type='Limit' Time in force=GTC Oco='a0dd845309a44357b42bae680242445c' Filled=0 Fill price=0 Error='No error' Native error='',
8/5/2026 10:10:33 PM,Order,Order='cfcfcaba940c40c487598ddd58dbb52a/Sim101' Name='Target1' New state='Cancelled' Instrument='MES SEP26' Action='Sell' Limit price=7767.5 Stop price=0 Quantity=4 Type='Limit' Time in force=GTC Oco='7fea2143174242b492a36101ba54a5f8' Filled=0 Fill price=0 Error='No error' Native error='',
8/5/2026 10:10:33 PM,Order,Order='6d9a80501f67483db21be84765724345/Sim101' Name='Stop1' New state='Cancel submitted' Instrument='MES SEP26' Action='Sell' Limit price=0 Stop price=7760.5 Quantity=4 Type='Stop Market' Time in force=GTC Oco='7fea2143174242b492a36101ba54a5f8' Filled=0 Fill price=0 Error='No error' Native error='',
8/5/2026 10:10:33 PM,Order,Order='23ed787c2c9a45609e810d4771208604/Sim101' Name='Stop2' New state='Cancel submitted' Instrument='MES SEP26' Action='Sell' Limit price=0 Stop price=7760.5 Quantity=4 Type='Stop Market' Time in force=GTC Oco='a0dd845309a44357b42bae680242445c' Filled=0 Fill price=0 Error='No error' Native error='',
8/5/2026 10:10:33 PM,Order,Order='cfcfcaba940c40c487598ddd58dbb52a/Sim101' Name='Target1' New state='Cancel submitted' Instrument='MES SEP26' Action='Sell' Limit price=7767.5 Stop price=0 Quantity=4 Type='Limit' Time in force=GTC Oco='7fea2143174242b492a36101ba54a5f8' Filled=0 Fill price=0 Error='No error' Native error='',
8/5/2026 10:10:33 PM,Order,Order='91e6c1ee6bad4fd49319f95f6306ff2c/Sim101' Name='Target2' New state='Cancel submitted' Instrument='MES SEP26' Action='Sell' Limit price=7768 Stop price=0 Quantity=4 Type='Limit' Time in force=GTC Oco='a0dd845309a44357b42bae680242445c' Filled=0 Fill price=0 Error='No error' Native error='',
8/5/2026 10:10:33 PM,Default,Position grid close position,
8/5/2026 10:10:00 PM,Strategy,Unable to load ATM strategy template from file 'C:\Users\Mohammed Khalid\Documents\NinjaTrader 8\templates\AtmStrategy\AtmStrategyTemplate.xml',
8/5/2026 10:08:54 PM,Order,Order='91e6c1ee6bad4fd49319f95f6306ff2c/Sim101' Name='Target2' New state='Working' Instrument='MES SEP26' Action='Sell' Limit price=7768 Stop price=0 Quantity=4 Type='Limit' Time in force=GTC Oco='a0dd845309a44357b42bae680242445c' Filled=0 Fill price=0 Error='No error' Native error='',
8/5/2026 10:08:54 PM,Order,Order='91e6c1ee6bad4fd49319f95f6306ff2c/Sim101' Name='Target2' New state='Accepted' Instrument='MES SEP26' Action='Sell' Limit price=7768 Stop price=0 Quantity=4 Type='Limit' Time in force=GTC Oco='a0dd845309a44357b42bae680242445c' Filled=0 Fill price=0 Error='No error' Native error='',
8/5/2026 10:08:54 PM,Order,Order='23ed787c2c9a45609e810d4771208604/Sim101' Name='Stop2' New state='Accepted' Instrument='MES SEP26' Action='Sell' Limit price=0 Stop price=7760.5 Quantity=4 Type='Stop Market' Time in force=GTC Oco='a0dd845309a44357b42bae680242445c' Filled=0 Fill price=0 Error='No error' Native error='',
8/5/2026 10:08:54 PM,Order,Order='cfcfcaba940c40c487598ddd58dbb52a/Sim101' Name='Target1' New state='Accepted' Instrument='MES SEP26' Action='Sell' Limit price=7767.5 Stop price=0 Quantity=4 Type='Limit' Time in force=GTC Oco='7fea2143174242b492a36101ba54a5f8' Filled=0 Fill price=0 Error='No error' Native error='',
8/5/2026 10:08:54 PM,Order,Order='cfcfcaba940c40c487598ddd58dbb52a/Sim101' Name='Target1' New state='Working' Instrument='MES SEP26' Action='Sell' Limit price=7767.5 Stop price=0 Quantity=4 Type='Limit' Time in force=GTC Oco='7fea2143174242b492a36101ba54a5f8' Filled=0 Fill price=0 Error='No error' Native error='',
8/5/2026 10:08:54 PM,Order,Order='6d9a80501f67483db21be84765724345/Sim101' Name='Stop1' New state='Accepted' Instrument='MES SEP26' Action='Sell' Limit price=0 Stop price=7760.5 Quantity=4 Type='Stop Market' Time in force=GTC Oco='7fea2143174242b492a36101ba54a5f8' Filled=0 Fill price=0 Error='No error' Native error='',
8/5/2026 10:08:54 PM,Order,Order='91e6c1ee6bad4fd49319f95f6306ff2c/Sim101' Name='Target2' New state='Submitted' Instrument='MES SEP26' Action='Sell' Limit price=7768 Stop price=0 Quantity=4 Type='Limit' Time in force=GTC Oco='a0dd845309a44357b42bae680242445c' Filled=0 Fill price=0 Error='No error' Native error='',
8/5/2026 10:08:54 PM,Order,Order='23ed787c2c9a45609e810d4771208604/Sim101' Name='Stop2' New state='Submitted' Instrument='MES SEP26' Action='Sell' Limit price=0 Stop price=7760.5 Quantity=4 Type='Stop Market' Time in force=GTC Oco='a0dd845309a44357b42bae680242445c' Filled=0 Fill price=0 Error='No error' Native error='',
8/5/2026 10:08:54 PM,Order,Order='cfcfcaba940c40c487598ddd58dbb52a/Sim101' Name='Target1' New state='Submitted' Instrument='MES SEP26' Action='Sell' Limit price=7767.5 Stop price=0 Quantity=4 Type='Limit' Time in force=GTC Oco='7fea2143174242b492a36101ba54a5f8' Filled=0 Fill price=0 Error='No error' Native error='',
8/5/2026 10:08:54 PM,Position,Instrument='MES SEP26' Account='Sim101' Average price=7765.5 Quantity=8 Market position=Long Operation=Operation_Add,
8/5/2026 10:08:53 PM,Order,Order='6d9a80501f67483db21be84765724345/Sim101' Name='Stop1' New state='Submitted' Instrument='MES SEP26' Action='Sell' Limit price=0 Stop price=7760.5 Quantity=4 Type='Stop Market' Time in force=GTC Oco='7fea2143174242b492a36101ba54a5f8' Filled=0 Fill price=0 Error='No error' Native error='',
8/5/2026 10:08:53 PM,Execution,Execution='341f3fc91b894c2aa4ba34fd321b42e0' Instrument='MES SEP26' Account='Sim101' Exchange=Default Price=7765.5 Quantity=8 Market position=Long Operation=Operation_Add Order='63244c1237774bc88daf0e57f979614c' Time='8/5/2026 10:08 PM',
8/5/2026 10:08:53 PM,Order,Order='63244c1237774bc88daf0e57f979614c/Sim101' Name='Entry' New state='Filled' Instrument='MES SEP26' Action='Buy' Limit price=0 Stop price=0 Quantity=8 Type='Market' Time in force=GTC Oco='' Filled=8 Fill price=7765.5 Error='No error' Native error='',
8/5/2026 10:08:53 PM,Order,Order='63244c1237774bc88daf0e57f979614c/Sim101' Name='Entry' New state='Working' Instrument='MES SEP26' Action='Buy' Limit price=0 Stop price=0 Quantity=8 Type='Market' Time in force=GTC Oco='' Filled=0 Fill price=0 Error='No error' Native error='',
8/5/2026 10:08:53 PM,Order,Order='63244c1237774bc88daf0e57f979614c/Sim101' Name='Entry' New state='Accepted' Instrument='MES SEP26' Action='Buy' Limit price=0 Stop price=0 Quantity=8 Type='Market' Time in force=GTC Oco='' Filled=0 Fill price=0 Error='No error' Native error='',
8/5/2026 10:08:53 PM,Order,Order='63244c1237774bc88daf0e57f979614c/Sim101' Name='Entry' New state='Submitted' Instrument='MES SEP26' Action='Buy' Limit price=0 Stop price=0 Quantity=8 Type='Market' Time in force=GTC Oco='' Filled=0 Fill price=0 Error='No error' Native error='',
8/5/2026 10:08:53 PM,Order,Chart Trader submitting order with strategy 'MES $200 SL5 - 1' (Ticks),
8/5/2026 10:08:02 PM,Default,Enabling NinjaScript strategy 'SampleAtmStrategy/382222614' : On starting a real-time strategy - StartBehavior=WaitUntilFlat EntryHandling=All entries EntriesPerDirection=1 StopTargetHandling=Per entry execution ErrorHandling=Stop strategy cancel orders close positions ExitOnSessionClose=True / triggering 30 seconds before close SetOrderQuantityBy=Strategy ConnectionLossHandling=Recalculate DisconnectDelaySeconds=10 CancelEntriesOnStrategyDisable=False CancelExitsOnStrategyDisable=False Calculate=On bar close IsUnmanaged=False MaxRestarts=4 in 5 minutes,
8/5/2026 10:07:48 PM,Connection,Market data failed for 'MGC DEC26': 'get_order_book error : 13',
8/5/2026 10:07:48 PM,Connection,Market data failed for 'MES SEP26': 'get_order_book error : 13',
8/5/2026 10:07:48 PM,Connection,Using HDS (hds-us-nt-016.ninjatrader.com/31655),
8/5/2026 10:07:48 PM,Connection,Time to auto close position='12:00:00 AM' Enabled=False,
8/5/2026 10:07:48 PM,Connection,My Rithmic for NinjaTrader Brokerage: Primary connection=Connected Price feed=Connected,
8/5/2026 10:07:33 PM,Default,Restoring workspace 'SuperDOM 3'...,
8/5/2026 10:07:31 PM,Default,Auto close enabled=False,
8/5/2026 10:07:31 PM,Order,Order entry hot keys disabled,
8/5/2026 10:07:31 PM,Connection,My Rithmic for NinjaTrader Brokerage: Primary connection=Connecting Price feed=Connecting,
8/5/2026 10:07:31 PM,Default,Auto connecting 'My Rithmic for NinjaTrader Brokerage'...,
8/5/2026 10:07:31 PM,Default,Automated trading disabled,
8/5/2026 10:07:31 PM,Connection,Using IS (is-us-nt-005.ninjatrader.com/31658),
8/5/2026 10:07:31 PM,Default,Telemetry configuration updated to version 1003 (previous version 0).,
8/5/2026 10:07:28 PM,Default,Global simulation mode disabled,
8/5/2026 10:07:12 PM,Default,Session Break (Version 8.1.8.1),
8/5/2026 10:03:55 PM,Connection,My Rithmic for NinjaTrader Brokerage: Primary connection=Disconnected Price feed=Disconnected,
8/5/2026 10:03:55 PM,Connection,My Rithmic for NinjaTrader Brokerage: Primary connection=Disconnecting Price feed=Disconnecting,
8/5/2026 10:03:55 PM,Default,Disabling NinjaScript strategy 'SampleAtmStrategy/382222614',
8/5/2026 10:03:49 PM,Default,Workspace SuperDOM 3 not saved,
8/5/2026 9:59:09 PM,Default,Cancel all orders account='Sim101',
8/5/2026 9:59:09 PM,Default,Chart Trader close position,
8/5/2026 9:57:57 PM,Position,Instrument='MES SEP26' Account='Sim101' Average price=0 Quantity=0 Market position=Flat Operation=Remove,
8/5/2026 9:57:57 PM,Order,Order='9f95646d74f34e45832d3fed733d7adf/Sim101' Name='Close' New state='Filled' Instrument='MES SEP26' Action='Sell' Limit price=0 Stop price=0 Quantity=8 Type='Market' Time in force=DAY Oco='' Filled=8 Fill price=7762.4375 Error='No error' Native error='',
8/5/2026 9:57:57 PM,Execution,Execution='374fbcb8a8104ba29e4bce98ef983938' Instrument='MES SEP26' Account='Sim101' Exchange=Default Price=7762.25 Quantity=2 Market position=Short Operation=Operation_Add Order='9f95646d74f34e45832d3fed733d7adf' Time='8/5/2026 9:57 PM',
8/5/2026 9:57:57 PM,Position,Instrument='MES SEP26' Account='Sim101' Average price=7762.75 Quantity=2 Market position=Long Operation=Update,
8/5/2026 9:57:57 PM,Order,Order='9f95646d74f34e45832d3fed733d7adf/Sim101' Name='Close' New state='Partially filled' Instrument='MES SEP26' Action='Sell' Limit price=0 Stop price=0 Quantity=8 Type='Market' Time in force=DAY Oco='' Filled=6 Fill price=7762.5 Error='No error' Native error='',
8/5/2026 9:57:57 PM,Execution,Execution='56406e361ba244db95c57ee0b62e114e' Instrument='MES SEP26' Account='Sim101' Exchange=Default Price=7762.5 Quantity=6 Market position=Short Operation=Operation_Add Order='9f95646d74f34e45832d3fed733d7adf' Time='8/5/2026 9:57 PM',
8/5/2026 9:57:57 PM,Order,Order='9f95646d74f34e45832d3fed733d7adf/Sim101' Name='Close' New state='Accepted' Instrument='MES SEP26' Action='Sell' Limit price=0 Stop price=0 Quantity=8 Type='Market' Time in force=DAY Oco='' Filled=0 Fill price=0 Error='No error' Native error='',
8/5/2026 9:57:57 PM,Order,Order='9f95646d74f34e45832d3fed733d7adf/Sim101' Name='Close' New state='Working' Instrument='MES SEP26' Action='Sell' Limit price=0 Stop price=0 Quantity=8 Type='Market' Time in force=DAY Oco='' Filled=0 Fill price=0 Error='No error' Native error='',
8/5/2026 9:57:57 PM,Order,Order='9f95646d74f34e45832d3fed733d7adf/Sim101' Name='Close' New state='Submitted' Instrument='MES SEP26' Action='Sell' Limit price=0 Stop price=0 Quantity=8 Type='Market' Time in force=DAY Oco='' Filled=0 Fill price=0 Error='No error' Native error='',
8/5/2026 9:57:57 PM,Order,Order='12ba432b2bf94209a3e6e5b0ab95ed7c/Sim101' Name='Target2' New state='Cancelled' Instrument='MES SEP26' Action='Sell' Limit price=7765.25 Stop price=0 Quantity=1 Type='Limit' Time in force=GTC Oco='584761c9bc594917b9f1a7c91bb50d4c' Filled=0 Fill price=0 Error='No error' Native error='',
8/5/2026 9:57:57 PM,Order,Order='c2dd9e15cd3f440c900be00e4e3c625c/Sim101' Name='Stop2' New state='Cancelled' Instrument='MES SEP26' Action='Sell' Limit price=0 Stop price=7757.75 Quantity=3 Type='Stop Market' Time in force=GTC Oco='857ff59ae69e4540bf6b6f9fd2c841ab' Filled=0 Fill price=0 Error='No error' Native error='',
8/5/2026 9:57:57 PM,Order,Order='409650334d214daaac88b66bf9f674a5/Sim101' Name='Stop2' New state='Cancelled' Instrument='MES SEP26' Action='Sell' Limit price=0 Stop price=7757.75 Quantity=1 Type='Stop Market' Time in force=GTC Oco='584761c9bc594917b9f1a7c91bb50d4c' Filled=0 Fill price=0 Error='No error' Native error='',
8/5/2026 9:57:57 PM,Order,Order='2f36c6a6cd1b4c1180b200b320d920ad/Sim101' Name='Target2' New state='Cancelled' Instrument='MES SEP26' Action='Sell' Limit price=7765.25 Stop price=0 Quantity=3 Type='Limit' Time in force=GTC Oco='857ff59ae69e4540bf6b6f9fd2c841ab' Filled=0 Fill price=0 Error='No error' Native error='',
8/5/2026 9:57:57 PM,Order,Order='c76569c7118b489db95e8c4b7297a2d6/Sim101' Name='Stop1' New state='Cancelled' Instrument='MES SEP26' Action='Sell' Limit price=0 Stop price=7757.75 Quantity=4 Type='Stop Market' Time in force=GTC Oco='509213d38d7e4784b5ad5553b935192b' Filled=0 Fill price=0 Error='No error' Native error='',
8/5/2026 9:57:57 PM,Order,Order='fcbbfe2046d24244b86850023ef082ae/Sim101' Name='Target1' New state='Cancelled' Instrument='MES SEP26' Action='Sell' Limit price=7764.75 Stop price=0 Quantity=4 Type='Limit' Time in force=GTC Oco='509213d38d7e4784b5ad5553b935192b' Filled=0 Fill price=0 Error='No error' Native error='',
8/5/2026 9:57:57 PM,Order,Order='c2dd9e15cd3f440c900be00e4e3c625c/Sim101' Name='Stop2' New state='Cancel submitted' Instrument='MES SEP26' Action='Sell' Limit price=0 Stop price=7757.75 Quantity=3 Type='Stop Market' Time in force=GTC Oco='857ff59ae69e4540bf6b6f9fd2c841ab' Filled=0 Fill price=0 Error='No error' Native error='',
8/5/2026 9:57:57 PM,Order,Order='409650334d214daaac88b66bf9f674a5/Sim101' Name='Stop2' New state='Cancel submitted' Instrument='MES SEP26' Action='Sell' Limit price=0 Stop price=7757.75 Quantity=1 Type='Stop Market' Time in force=GTC Oco='584761c9bc594917b9f1a7c91bb50d4c' Filled=0 Fill price=0 Error='No error' Native error='',
8/5/2026 9:57:57 PM,Order,Order='c76569c7118b489db95e8c4b7297a2d6/Sim101' Name='Stop1' New state='Cancel submitted' Instrument='MES SEP26' Action='Sell' Limit price=0 Stop price=7757.75 Quantity=4 Type='Stop Market' Time in force=GTC Oco='509213d38d7e4784b5ad5553b935192b' Filled=0 Fill price=0 Error='No error' Native error='',
8/5/2026 9:57:57 PM,Order,Order='2f36c6a6cd1b4c1180b200b320d920ad/Sim101' Name='Target2' New state='Cancel submitted' Instrument='MES SEP26' Action='Sell' Limit price=7765.25 Stop price=0 Quantity=3 Type='Limit' Time in force=GTC Oco='857ff59ae69e4540bf6b6f9fd2c841ab' Filled=0 Fill price=0 Error='No error' Native error='',
8/5/2026 9:57:57 PM,Order,Order='12ba432b2bf94209a3e6e5b0ab95ed7c/Sim101' Name='Target2' New state='Cancel submitted' Instrument='MES SEP26' Action='Sell' Limit price=7765.25 Stop price=0 Quantity=1 Type='Limit' Time in force=GTC Oco='584761c9bc594917b9f1a7c91bb50d4c' Filled=0 Fill price=0 Error='No error' Native error='',
8/5/2026 9:57:57 PM,Order,Order='fcbbfe2046d24244b86850023ef082ae/Sim101' Name='Target1' New state='Cancel submitted' Instrument='MES SEP26' Action='Sell' Limit price=7764.75 Stop price=0 Quantity=4 Type='Limit' Time in force=GTC Oco='509213d38d7e4784b5ad5553b935192b' Filled=0 Fill price=0 Error='No error' Native error='',
8/5/2026 9:57:57 PM,Default,Chart Trader close position,
8/5/2026 9:57:20 PM,Order,Order='2f36c6a6cd1b4c1180b200b320d920ad/Sim101' Name='Target2' New state='Working' Instrument='MES SEP26' Action='Sell' Limit price=7765.25 Stop price=0 Quantity=3 Type='Limit' Time in force=GTC Oco='857ff59ae69e4540bf6b6f9fd2c841ab' Filled=0 Fill price=0 Error='No error' Native error='',
8/5/2026 9:57:20 PM,Order,Order='2f36c6a6cd1b4c1180b200b320d920ad/Sim101' Name='Target2' New state='Accepted' Instrument='MES SEP26' Action='Sell' Limit price=7765.25 Stop price=0 Quantity=3 Type='Limit' Time in force=GTC Oco='857ff59ae69e4540bf6b6f9fd2c841ab' Filled=0 Fill price=0 Error='No error' Native error='',
8/5/2026 9:57:20 PM,Order,Order='c2dd9e15cd3f440c900be00e4e3c625c/Sim101' Name='Stop2' New state='Accepted' Instrument='MES SEP26' Action='Sell' Limit price=0 Stop price=7757.75 Quantity=3 Type='Stop Market' Time in force=GTC Oco='857ff59ae69e4540bf6b6f9fd2c841ab' Filled=0 Fill price=0 Error='No error' Native error='',
8/5/2026 9:57:20 PM,Order,Order='2f36c6a6cd1b4c1180b200b320d920ad/Sim101' Name='Target2' New state='Submitted' Instrument='MES SEP26' Action='Sell' Limit price=7765.25 Stop price=0 Quantity=3 Type='Limit' Time in force=GTC Oco='857ff59ae69e4540bf6b6f9fd2c841ab' Filled=0 Fill price=0 Error='No error' Native error='',
8/5/2026 9:57:20 PM,Order,Order='c2dd9e15cd3f440c900be00e4e3c625c/Sim101' Name='Stop2' New state='Submitted' Instrument='MES SEP26' Action='Sell' Limit price=0 Stop price=7757.75 Quantity=3 Type='Stop Market' Time in force=GTC Oco='857ff59ae69e4540bf6b6f9fd2c841ab' Filled=0 Fill price=0 Error='No error' Native error='',
8/5/2026 9:57:20 PM,Position,Instrument='MES SEP26' Account='Sim101' Average price=7762.75 Quantity=8 Market position=Long Operation=Update,
8/5/2026 9:57:20 PM,Execution,Execution='92207579c8a643da9c1476ddda8c5487' Instrument='MES SEP26' Account='Sim101' Exchange=Default Price=7762.75 Quantity=1 Market position=Long Operation=Operation_Add Order='66264bf6d26042c4b4ad961342e1d9c6' Time='8/5/2026 9:57 PM',
8/5/2026 9:57:20 PM,Order,Order='66264bf6d26042c4b4ad961342e1d9c6/Sim101' Name='Entry' New state='Filled' Instrument='MES SEP26' Action='Buy' Limit price=7762.75 Stop price=0 Quantity=8 Type='Limit' Time in force=GTC Oco='' Filled=8 Fill price=7762.75 Error='No error' Native error='',
8/5/2026 9:57:20 PM,Order,Order='66264bf6d26042c4b4ad961342e1d9c6/Sim101' Name='Entry' New state='Partially filled' Instrument='MES SEP26' Action='Buy' Limit price=7762.75 Stop price=0 Quantity=8 Type='Limit' Time in force=GTC Oco='' Filled=7 Fill price=7762.75 Error='No error' Native error='',
8/5/2026 9:57:20 PM,Execution,Execution='5e9816d096dd496cb959ff9b5fb32ea4' Instrument='MES SEP26' Account='Sim101' Exchange=Default Price=7762.75 Quantity=2 Market position=Long Operation=Operation_Add Order='66264bf6d26042c4b4ad961342e1d9c6' Time='8/5/2026 9:57 PM',
8/5/2026 9:57:20 PM,Position,Instrument='MES SEP26' Account='Sim101' Average price=7762.75 Quantity=7 Market position=Long Operation=Update,
8/5/2026 9:57:19 PM,Order,Order='12ba432b2bf94209a3e6e5b0ab95ed7c/Sim101' Name='Target2' New state='Working' Instrument='MES SEP26' Action='Sell' Limit price=7765.25 Stop price=0 Quantity=1 Type='Limit' Time in force=GTC Oco='584761c9bc594917b9f1a7c91bb50d4c' Filled=0 Fill price=0 Error='No error' Native error='',
8/5/2026 9:57:19 PM,Order,Order='12ba432b2bf94209a3e6e5b0ab95ed7c/Sim101' Name='Target2' New state='Accepted' Instrument='MES SEP26' Action='Sell' Limit price=7765.25 Stop price=0 Quantity=1 Type='Limit' Time in force=GTC Oco='584761c9bc594917b9f1a7c91bb50d4c' Filled=0 Fill price=0 Error='No error' Native error='',
8/5/2026 9:57:19 PM,Order,Order='409650334d214daaac88b66bf9f674a5/Sim101' Name='Stop2' New state='Accepted' Instrument='MES SEP26' Action='Sell' Limit price=0 Stop price=7757.75 Quantity=1 Type='Stop Market' Time in force=GTC Oco='584761c9bc594917b9f1a7c91bb50d4c' Filled=0 Fill price=0 Error='No error' Native error='',
8/5/2026 9:57:19 PM,Order,Order='fcbbfe2046d24244b86850023ef082ae/Sim101' Name='Target1' New state='Working' Instrument='MES SEP26' Action='Sell' Limit price=7764.75 Stop price=0 Quantity=4 Type='Limit' Time in force=GTC Oco='509213d38d7e4784b5ad5553b935192b' Filled=0 Fill price=0 Error='No error' Native error='',
8/5/2026 9:57:19 PM,Order,Order='fcbbfe2046d24244b86850023ef082ae/Sim101' Name='Target1' New state='Accepted' Instrument='MES SEP26' Action='Sell' Limit price=7764.75 Stop price=0 Quantity=4 Type='Limit' Time in force=GTC Oco='509213d38d7e4784b5ad5553b935192b' Filled=0 Fill price=0 Error='No error' Native error='',
8/5/2026 9:57:19 PM,Order,Order='c76569c7118b489db95e8c4b7297a2d6/Sim101' Name='Stop1' New state='Accepted' Instrument='MES SEP26' Action='Sell' Limit price=0 Stop price=7757.75 Quantity=4 Type='Stop Market' Time in force=GTC Oco='509213d38d7e4784b5ad5553b935192b' Filled=0 Fill price=0 Error='No error' Native error='',
8/5/2026 9:57:19 PM,Order,Order='12ba432b2bf94209a3e6e5b0ab95ed7c/Sim101' Name='Target2' New state='Submitted' Instrument='MES SEP26' Action='Sell' Limit price=7765.25 Stop price=0 Quantity=1 Type='Limit' Time in force=GTC Oco='584761c9bc594917b9f1a7c91bb50d4c' Filled=0 Fill price=0 Error='No error' Native error='',
8/5/2026 9:57:19 PM,Order,Order='409650334d214daaac88b66bf9f674a5/Sim101' Name='Stop2' New state='Submitted' Instrument='MES SEP26' Action='Sell' Limit price=0 Stop price=7757.75 Quantity=1 Type='Stop Market' Time in force=GTC Oco='584761c9bc594917b9f1a7c91bb50d4c' Filled=0 Fill price=0 Error='No error' Native error='',
8/5/2026 9:57:19 PM,Order,Order='fcbbfe2046d24244b86850023ef082ae/Sim101' Name='Target1' New state='Submitted' Instrument='MES SEP26' Action='Sell' Limit price=7764.75 Stop price=0 Quantity=4 Type='Limit' Time in force=GTC Oco='509213d38d7e4784b5ad5553b935192b' Filled=0 Fill price=0 Error='No error' Native error='',
8/5/2026 9:57:19 PM,Order,Order='c76569c7118b489db95e8c4b7297a2d6/Sim101' Name='Stop1' New state='Submitted' Instrument='MES SEP26' Action='Sell' Limit price=0 Stop price=7757.75 Quantity=4 Type='Stop Market' Time in force=GTC Oco='509213d38d7e4784b5ad5553b935192b' Filled=0 Fill price=0 Error='No error' Native error='',
8/5/2026 9:57:18 PM,Position,Instrument='MES SEP26' Account='Sim101' Average price=7762.75 Quantity=4 Market position=Long Operation=Update,
8/5/2026 9:57:18 PM,Execution,Execution='27414e46d83a486a84fc1a49009652da' Instrument='MES SEP26' Account='Sim101' Exchange=Default Price=7762.75 Quantity=1 Market position=Long Operation=Operation_Add Order='66264bf6d26042c4b4ad961342e1d9c6' Time='8/5/2026 9:57 PM',
8/5/2026 9:57:18 PM,Order,Order='66264bf6d26042c4b4ad961342e1d9c6/Sim101' Name='Entry' New state='Partially filled' Instrument='MES SEP26' Action='Buy' Limit price=7762.75 Stop price=0 Quantity=8 Type='Limit' Time in force=GTC Oco='' Filled=5 Fill price=7762.75 Error='No error' Native error='',
8/5/2026 9:57:18 PM,Position,Instrument='MES SEP26' Account='Sim101' Average price=7762.75 Quantity=5 Market position=Long Operation=Update,
8/5/2026 9:57:18 PM,Execution,Execution='6f978cc24e344b29924bcc02eea9145d' Instrument='MES SEP26' Account='Sim101' Exchange=Default Price=7762.75 Quantity=1 Market position=Long Operation=Operation_Add Order='66264bf6d26042c4b4ad961342e1d9c6' Time='8/5/2026 9:57 PM',
8/5/2026 9:57:18 PM,Order,Order='66264bf6d26042c4b4ad961342e1d9c6/Sim101' Name='Entry' New state='Partially filled' Instrument='MES SEP26' Action='Buy' Limit price=7762.75 Stop price=0 Quantity=8 Type='Limit' Time in force=GTC Oco='' Filled=4 Fill price=7762.75 Error='No error' Native error='',
8/5/2026 9:57:18 PM,Execution,Execution='94df62b124a243e1849b7b09917f1597' Instrument='MES SEP26' Account='Sim101' Exchange=Default Price=7762.75 Quantity=1 Market position=Long Operation=Operation_Add Order='66264bf6d26042c4b4ad961342e1d9c6' Time='8/5/2026 9:57 PM',
8/5/2026 9:57:18 PM,Position,Instrument='MES SEP26' Account='Sim101' Average price=7762.75 Quantity=3 Market position=Long Operation=Update,
8/5/2026 9:57:18 PM,Order,Order='66264bf6d26042c4b4ad961342e1d9c6/Sim101' Name='Entry' New state='Partially filled' Instrument='MES SEP26' Action='Buy' Limit price=7762.75 Stop price=0 Quantity=8 Type='Limit' Time in force=GTC Oco='' Filled=3 Fill price=7762.75 Error='No error' Native error='',
8/5/2026 9:57:18 PM,Execution,Execution='3f9e420f5a2d46e4a03611e35a8edfe5' Instrument='MES SEP26' Account='Sim101' Exchange=Default Price=7762.75 Quantity=2 Market position=Long Operation=Operation_Add Order='66264bf6d26042c4b4ad961342e1d9c6' Time='8/5/2026 9:57 PM',
8/5/2026 9:57:18 PM,Position,Instrument='MES SEP26' Account='Sim101' Average price=7762.75 Quantity=2 Market position=Long Operation=Operation_Add,
8/5/2026 9:57:18 PM,Order,Order='66264bf6d26042c4b4ad961342e1d9c6/Sim101' Name='Entry' New state='Partially filled' Instrument='MES SEP26' Action='Buy' Limit price=7762.75 Stop price=0 Quantity=8 Type='Limit' Time in force=GTC Oco='' Filled=2 Fill price=7762.75 Error='No error' Native error='',
8/5/2026 9:56:54 PM,Order,Order='66264bf6d26042c4b4ad961342e1d9c6/Sim101' Name='Entry' New state='Working' Instrument='MES SEP26' Action='Buy' Limit price=7762.75 Stop price=0 Quantity=8 Type='Limit' Time in force=GTC Oco='' Filled=0 Fill price=0 Error='No error' Native error='',
8/5/2026 9:56:54 PM,Order,Order='66264bf6d26042c4b4ad961342e1d9c6/Sim101' Name='Entry' New state='Accepted' Instrument='MES SEP26' Action='Buy' Limit price=7762.75 Stop price=0 Quantity=8 Type='Limit' Time in force=GTC Oco='' Filled=0 Fill price=0 Error='No error' Native error='',
8/5/2026 9:56:54 PM,Order,Auto chase price modification to '7762.75',
8/5/2026 9:56:54 PM,Order,Order='66264bf6d26042c4b4ad961342e1d9c6/Sim101' Name='Entry' New state='Change submitted' Instrument='MES SEP26' Action='Buy' Limit price=7762.75 Stop price=0 Quantity=8 Type='Limit' Time in force=GTC Oco='' Filled=0 Fill price=0 Error='No error' Native error='',
8/5/2026 9:56:51 PM,Order,Order='66264bf6d26042c4b4ad961342e1d9c6/Sim101' Name='Entry' New state='Accepted' Instrument='MES SEP26' Action='Buy' Limit price=7762.5 Stop price=0 Quantity=8 Type='Limit' Time in force=GTC Oco='' Filled=0 Fill price=0 Error='No error' Native error='',
8/5/2026 9:56:51 PM,Order,Order='66264bf6d26042c4b4ad961342e1d9c6/Sim101' Name='Entry' New state='Working' Instrument='MES SEP26' Action='Buy' Limit price=7762.5 Stop price=0 Quantity=8 Type='Limit' Time in force=GTC Oco='' Filled=0 Fill price=0 Error='No error' Native error='',
8/5/2026 9:56:51 PM,Order,Order='66264bf6d26042c4b4ad961342e1d9c6/Sim101' Name='Entry' New state='Change submitted' Instrument='MES SEP26' Action='Buy' Limit price=7762.5 Stop price=0 Quantity=8 Type='Limit' Time in force=GTC Oco='' Filled=0 Fill price=0 Error='No error' Native error='',
8/5/2026 9:56:32 PM,Order,Order='66264bf6d26042c4b4ad961342e1d9c6/Sim101' Name='Entry' New state='Accepted' Instrument='MES SEP26' Action='Buy' Limit price=7762.25 Stop price=0 Quantity=8 Type='Limit' Time in force=GTC Oco='' Filled=0 Fill price=0 Error='No error' Native error='',
8/5/2026 9:56:32 PM,Order,Order='66264bf6d26042c4b4ad961342e1d9c6/Sim101' Name='Entry' New state='Working' Instrument='MES SEP26' Action='Buy' Limit price=7762.25 Stop price=0 Quantity=8 Type='Limit' Time in force=GTC Oco='' Filled=0 Fill price=0 Error='No error' Native error='',
8/5/2026 9:56:32 PM,Order,Order='66264bf6d26042c4b4ad961342e1d9c6/Sim101' Name='Entry' New state='Change submitted' Instrument='MES SEP26' Action='Buy' Limit price=7762.25 Stop price=0 Quantity=8 Type='Limit' Time in force=GTC Oco='' Filled=0 Fill price=0 Error='No error' Native error='',
8/5/2026 9:55:29 PM,Order,Order='66264bf6d26042c4b4ad961342e1d9c6/Sim101' Name='Entry' New state='Working' Instrument='MES SEP26' Action='Buy' Limit price=7761.5 Stop price=0 Quantity=8 Type='Limit' Time in force=GTC Oco='' Filled=0 Fill price=0 Error='No error' Native error='',
8/5/2026 9:55:29 PM,Order,Order='66264bf6d26042c4b4ad961342e1d9c6/Sim101' Name='Entry' New state='Accepted' Instrument='MES SEP26' Action='Buy' Limit price=7761.5 Stop price=0 Quantity=8 Type='Limit' Time in force=GTC Oco='' Filled=0 Fill price=0 Error='No error' Native error='',
8/5/2026 9:55:29 PM,Order,Order='66264bf6d26042c4b4ad961342e1d9c6/Sim101' Name='Entry' New state='Submitted' Instrument='MES SEP26' Action='Buy' Limit price=7761.5 Stop price=0 Quantity=8 Type='Limit' Time in force=GTC Oco='' Filled=0 Fill price=0 Error='No error' Native error='',
8/5/2026 9:55:29 PM,Order,Chart Trader submitting order with strategy 'MES $200 SL5 - 1' (Ticks),
8/5/2026 9:55:24 PM,Position,Instrument='MES SEP26' Account='Sim101' Average price=0 Quantity=0 Market position=Flat Operation=Remove,
8/5/2026 9:55:24 PM,Order,Order='cc5ff6a71c2145f4864a986d5d9403f2/Sim101' Name='Close' New state='Filled' Instrument='MES SEP26' Action='Sell' Limit price=0 Stop price=0 Quantity=8 Type='Market' Time in force=DAY Oco='' Filled=8 Fill price=7762.5 Error='No error' Native error='',
8/5/2026 9:55:24 PM,Execution,Execution='c9fdd9bb0cc642b894639886778542a6' Instrument='MES SEP26' Account='Sim101' Exchange=Default Price=7762.5 Quantity=8 Market position=Short Operation=Operation_Add Order='cc5ff6a71c2145f4864a986d5d9403f2' Time='8/5/2026 9:55 PM',
8/5/2026 9:55:24 PM,Order,Order='cc5ff6a71c2145f4864a986d5d9403f2/Sim101' Name='Close' New state='Working' Instrument='MES SEP26' Action='Sell' Limit price=0 Stop price=0 Quantity=8 Type='Market' Time in force=DAY Oco='' Filled=0 Fill price=0 Error='No error' Native error='',
8/5/2026 9:55:24 PM,Order,Order='cc5ff6a71c2145f4864a986d5d9403f2/Sim101' Name='Close' New state='Accepted' Instrument='MES SEP26' Action='Sell' Limit price=0 Stop price=0 Quantity=8 Type='Market' Time in force=DAY Oco='' Filled=0 Fill price=0 Error='No error' Native error='',
8/5/2026 9:55:24 PM,Order,Order='cc5ff6a71c2145f4864a986d5d9403f2/Sim101' Name='Close' New state='Submitted' Instrument='MES SEP26' Action='Sell' Limit price=0 Stop price=0 Quantity=8 Type='Market' Time in force=DAY Oco='' Filled=0 Fill price=0 Error='No error' Native error='',
8/5/2026 9:55:24 PM,Order,Order='88f24413bb4b4e90b98e0fafb3ac1ac6/Sim101' Name='Stop1' New state='Cancelled' Instrument='MES SEP26' Action='Sell' Limit price=0 Stop price=7757 Quantity=4 Type='Stop Market' Time in force=GTC Oco='c6eae021f35841b3b2f96fceebbeab74' Filled=0 Fill price=0 Error='No error' Native error='',
8/5/2026 9:55:24 PM,Order,Order='e20af705abee4aff9f2eae910742a31a/Sim101' Name='Target2' New state='Cancelled' Instrument='MES SEP26' Action='Sell' Limit price=7764.5 Stop price=0 Quantity=4 Type='Limit' Time in force=GTC Oco='303930366b6f4fe9a928a95bcb4736b3' Filled=0 Fill price=0 Error='No error' Native error='',
8/5/2026 9:55:24 PM,Order,Order='9228b573fd1747bd8c392b54f2e3e8c6/Sim101' Name='Stop2' New state='Cancelled' Instrument='MES SEP26' Action='Sell' Limit price=0 Stop price=7757 Quantity=4 Type='Stop Market' Time in force=GTC Oco='303930366b6f4fe9a928a95bcb4736b3' Filled=0 Fill price=0 Error='No error' Native error='',
8/5/2026 9:55:24 PM,Order,Order='71f9b89275734fc9be1750a18f289366/Sim101' Name='Target1' New state='Cancelled' Instrument='MES SEP26' Action='Sell' Limit price=7764 Stop price=0 Quantity=4 Type='Limit' Time in force=GTC Oco='c6eae021f35841b3b2f96fceebbeab74' Filled=0 Fill price=0 Error='No error' Native error='',
8/5/2026 9:55:24 PM,Order,Order='9228b573fd1747bd8c392b54f2e3e8c6/Sim101' Name='Stop2' New state='Cancel submitted' Instrument='MES SEP26' Action='Sell' Limit price=0 Stop price=7757 Quantity=4 Type='Stop Market' Time in force=GTC Oco='303930366b6f4fe9a928a95bcb4736b3' Filled=0 Fill price=0 Error='No error' Native error='',
8/5/2026 9:55:24 PM,Order,Order='88f24413bb4b4e90b98e0fafb3ac1ac6/Sim101' Name='Stop1' New state='Cancel submitted' Instrument='MES SEP26' Action='Sell' Limit price=0 Stop price=7757 Quantity=4 Type='Stop Market' Time in force=GTC Oco='c6eae021f35841b3b2f96fceebbeab74' Filled=0 Fill price=0 Error='No error' Native error='',
8/5/2026 9:55:24 PM,Order,Order='e20af705abee4aff9f2eae910742a31a/Sim101' Name='Target2' New state='Cancel submitted' Instrument='MES SEP26' Action='Sell' Limit price=7764.5 Stop price=0 Quantity=4 Type='Limit' Time in force=GTC Oco='303930366b6f4fe9a928a95bcb4736b3' Filled=0 Fill price=0 Error='No error' Native error='',
8/5/2026 9:55:24 PM,Order,Order='71f9b89275734fc9be1750a18f289366/Sim101' Name='Target1' New state='Cancel submitted' Instrument='MES SEP26' Action='Sell' Limit price=7764 Stop price=0 Quantity=4 Type='Limit' Time in force=GTC Oco='c6eae021f35841b3b2f96fceebbeab74' Filled=0 Fill price=0 Error='No error' Native error='',
8/5/2026 9:55:24 PM,Default,Chart Trader close position,
8/5/2026 9:55:02 PM,Strategy,Unable to load ATM strategy template from file 'C:\Users\Mohammed Khalid\Documents\NinjaTrader 8\templates\AtmStrategy\AtmStrategyTemplate.xml',
8/5/2026 9:54:30 PM,Order,Order='e20af705abee4aff9f2eae910742a31a/Sim101' Name='Target2' New state='Accepted' Instrument='MES SEP26' Action='Sell' Limit price=7764.5 Stop price=0 Quantity=4 Type='Limit' Time in force=GTC Oco='303930366b6f4fe9a928a95bcb4736b3' Filled=0 Fill price=0 Error='No error' Native error='',
8/5/2026 9:54:30 PM,Order,Order='e20af705abee4aff9f2eae910742a31a/Sim101' Name='Target2' New state='Working' Instrument='MES SEP26' Action='Sell' Limit price=7764.5 Stop price=0 Quantity=4 Type='Limit' Time in force=GTC Oco='303930366b6f4fe9a928a95bcb4736b3' Filled=0 Fill price=0 Error='No error' Native error='',
8/5/2026 9:54:30 PM,Order,Order='9228b573fd1747bd8c392b54f2e3e8c6/Sim101' Name='Stop2' New state='Accepted' Instrument='MES SEP26' Action='Sell' Limit price=0 Stop price=7757 Quantity=4 Type='Stop Market' Time in force=GTC Oco='303930366b6f4fe9a928a95bcb4736b3' Filled=0 Fill price=0 Error='No error' Native error='',
8/5/2026 9:54:30 PM,Order,Order='71f9b89275734fc9be1750a18f289366/Sim101' Name='Target1' New state='Accepted' Instrument='MES SEP26' Action='Sell' Limit price=7764 Stop price=0 Quantity=4 Type='Limit' Time in force=GTC Oco='c6eae021f35841b3b2f96fceebbeab74' Filled=0 Fill price=0 Error='No error' Native error='',
8/5/2026 9:54:30 PM,Order,Order='71f9b89275734fc9be1750a18f289366/Sim101' Name='Target1' New state='Working' Instrument='MES SEP26' Action='Sell' Limit price=7764 Stop price=0 Quantity=4 Type='Limit' Time in force=GTC Oco='c6eae021f35841b3b2f96fceebbeab74' Filled=0 Fill price=0 Error='No error' Native error='',
8/5/2026 9:54:30 PM,Order,Order='88f24413bb4b4e90b98e0fafb3ac1ac6/Sim101' Name='Stop1' New state='Accepted' Instrument='MES SEP26' Action='Sell' Limit price=0 Stop price=7757 Quantity=4 Type='Stop Market' Time in force=GTC Oco='c6eae021f35841b3b2f96fceebbeab74' Filled=0 Fill price=0 Error='No error' Native error='',
8/5/2026 9:54:30 PM,Order,Order='e20af705abee4aff9f2eae910742a31a/Sim101' Name='Target2' New state='Submitted' Instrument='MES SEP26' Action='Sell' Limit price=7764.5 Stop price=0 Quantity=4 Type='Limit' Time in force=GTC Oco='303930366b6f4fe9a928a95bcb4736b3' Filled=0 Fill price=0 Error='No error' Native error='',
8/5/2026 9:54:30 PM,Order,Order='9228b573fd1747bd8c392b54f2e3e8c6/Sim101' Name='Stop2' New state='Submitted' Instrument='MES SEP26' Action='Sell' Limit price=0 Stop price=7757 Quantity=4 Type='Stop Market' Time in force=GTC Oco='303930366b6f4fe9a928a95bcb4736b3' Filled=0 Fill price=0 Error='No error' Native error='',
8/5/2026 9:54:30 PM,Position,Instrument='MES SEP26' Account='Sim101' Average price=7762.09375 Quantity=8 Market position=Long Operation=Update,
8/5/2026 9:54:30 PM,Order,Order='71f9b89275734fc9be1750a18f289366/Sim101' Name='Target1' New state='Submitted' Instrument='MES SEP26' Action='Sell' Limit price=7764 Stop price=0 Quantity=4 Type='Limit' Time in force=GTC Oco='c6eae021f35841b3b2f96fceebbeab74' Filled=0 Fill price=0 Error='No error' Native error='',
8/5/2026 9:54:30 PM,Order,Order='88f24413bb4b4e90b98e0fafb3ac1ac6/Sim101' Name='Stop1' New state='Submitted' Instrument='MES SEP26' Action='Sell' Limit price=0 Stop price=7757 Quantity=4 Type='Stop Market' Time in force=GTC Oco='c6eae021f35841b3b2f96fceebbeab74' Filled=0 Fill price=0 Error='No error' Native error='',
8/5/2026 9:54:30 PM,Order,Order='49d0f522c1954d158d9735393d475655/Sim101' Name='Entry' New state='Filled' Instrument='MES SEP26' Action='Buy' Limit price=0 Stop price=0 Quantity=8 Type='Market' Time in force=GTC Oco='' Filled=8 Fill price=7762.09375 Error='No error' Native error='',
8/5/2026 9:54:30 PM,Execution,Execution='a3749fa5fc614b0eb687e349b0d7e783' Instrument='MES SEP26' Account='Sim101' Exchange=Default Price=7762.25 Quantity=3 Market position=Long Operation=Operation_Add Order='49d0f522c1954d158d9735393d475655' Time='8/5/2026 9:54 PM',
8/5/2026 9:54:30 PM,Execution,Execution='4cb87a05ff3b402587c9d9f3939dac8f' Instrument='MES SEP26' Account='Sim101' Exchange=Default Price=7762 Quantity=5 Market position=Long Operation=Operation_Add Order='49d0f522c1954d158d9735393d475655' Time='8/5/2026 9:54 PM',
8/5/2026 9:54:30 PM,Position,Instrument='MES SEP26' Account='Sim101' Average price=7762 Quantity=5 Market position=Long Operation=Operation_Add,
8/5/2026 9:54:30 PM,Order,Order='49d0f522c1954d158d9735393d475655/Sim101' Name='Entry' New state='Working' Instrument='MES SEP26' Action='Buy' Limit price=0 Stop price=0 Quantity=8 Type='Market' Time in force=GTC Oco='' Filled=0 Fill price=0 Error='No error' Native error='',
8/5/2026 9:54:30 PM,Order,Order='49d0f522c1954d158d9735393d475655/Sim101' Name='Entry' New state='Partially filled' Instrument='MES SEP26' Action='Buy' Limit price=0 Stop price=0 Quantity=8 Type='Market' Time in force=GTC Oco='' Filled=5 Fill price=7762 Error='No error' Native error='',
8/5/2026 9:54:30 PM,Order,Order='49d0f522c1954d158d9735393d475655/Sim101' Name='Entry' New state='Accepted' Instrument='MES SEP26' Action='Buy' Limit price=0 Stop price=0 Quantity=8 Type='Market' Time in force=GTC Oco='' Filled=0 Fill price=0 Error='No error' Native error='',
8/5/2026 9:54:30 PM,Order,Order='49d0f522c1954d158d9735393d475655/Sim101' Name='Entry' New state='Submitted' Instrument='MES SEP26' Action='Buy' Limit price=0 Stop price=0 Quantity=8 Type='Market' Time in force=GTC Oco='' Filled=0 Fill price=0 Error='No error' Native error='',
8/5/2026 9:54:30 PM,Order,Chart Trader submitting order with strategy 'MES $200 SL5 - 1' (Ticks),
8/5/2026 9:54:14 PM,Default,Enabling NinjaScript strategy 'SampleAtmStrategy/382222614' : On starting a real-time strategy - StartBehavior=WaitUntilFlat EntryHandling=All entries EntriesPerDirection=1 StopTargetHandling=Per entry execution ErrorHandling=Stop strategy cancel orders close positions ExitOnSessionClose=True / triggering 30 seconds before close SetOrderQuantityBy=Strategy ConnectionLossHandling=Recalculate DisconnectDelaySeconds=10 CancelEntriesOnStrategyDisable=False CancelExitsOnStrategyDisable=False Calculate=On bar close IsUnmanaged=False MaxRestarts=4 in 5 minutes,
8/5/2026 9:54:06 PM,Position,Instrument='MES SEP26' Account='Sim101' Average price=0 Quantity=0 Market position=Flat Operation=Remove,
8/5/2026 9:54:06 PM,Execution,Execution='26113a69c88d4fa197fbbb7c80c24e0f' Instrument='MES SEP26' Account='Sim101' Exchange=Default Price=7761.5 Quantity=8 Market position=Short Operation=Operation_Add Order='563b087531064bd7aee440c8636a4a7f' Time='8/5/2026 9:54 PM',
8/5/2026 9:54:06 PM,Order,Order='563b087531064bd7aee440c8636a4a7f/Sim101' Name='Close' New state='Filled' Instrument='MES SEP26' Action='Sell' Limit price=0 Stop price=0 Quantity=8 Type='Market' Time in force=DAY Oco='' Filled=8 Fill price=7761.5 Error='No error' Native error='',
8/5/2026 9:54:06 PM,Order,Order='563b087531064bd7aee440c8636a4a7f/Sim101' Name='Close' New state='Accepted' Instrument='MES SEP26' Action='Sell' Limit price=0 Stop price=0 Quantity=8 Type='Market' Time in force=DAY Oco='' Filled=0 Fill price=0 Error='No error' Native error='',
8/5/2026 9:54:06 PM,Order,Order='563b087531064bd7aee440c8636a4a7f/Sim101' Name='Close' New state='Working' Instrument='MES SEP26' Action='Sell' Limit price=0 Stop price=0 Quantity=8 Type='Market' Time in force=DAY Oco='' Filled=0 Fill price=0 Error='No error' Native error='',
8/5/2026 9:54:06 PM,Order,Order='563b087531064bd7aee440c8636a4a7f/Sim101' Name='Close' New state='Submitted' Instrument='MES SEP26' Action='Sell' Limit price=0 Stop price=0 Quantity=8 Type='Market' Time in force=DAY Oco='' Filled=0 Fill price=0 Error='No error' Native error='',
8/5/2026 9:54:06 PM,Order,Order='eeae635c8c924b50a9c42957dfab9990/Sim101' Name='Target2' New state='Cancelled' Instrument='MES SEP26' Action='Sell' Limit price=7764.75 Stop price=0 Quantity=4 Type='Limit' Time in force=GTC Oco='265a76c9681c451cbe64b36b70ec1d3a' Filled=0 Fill price=0 Error='No error' Native error='',
8/5/2026 9:54:06 PM,Order,Order='039aebe76e064deabebab5b5d3512b5a/Sim101' Name='Stop2' New state='Cancelled' Instrument='MES SEP26' Action='Sell' Limit price=0 Stop price=7757.25 Quantity=4 Type='Stop Market' Time in force=GTC Oco='265a76c9681c451cbe64b36b70ec1d3a' Filled=0 Fill price=0 Error='No error' Native error='',
8/5/2026 9:54:06 PM,Order,Order='6096fc0962364dd68bcb8b0e4123744d/Sim101' Name='Stop1' New state='Cancelled' Instrument='MES SEP26' Action='Sell' Limit price=0 Stop price=7757.25 Quantity=4 Type='Stop Market' Time in force=GTC Oco='787003a9bece4f83b4df1205de32d216' Filled=0 Fill price=0 Error='No error' Native error='',
8/5/2026 9:54:06 PM,Order,Order='fc3647a0811043ed8bb14edbece53f88/Sim101' Name='Target1' New state='Cancelled' Instrument='MES SEP26' Action='Sell' Limit price=7764.25 Stop price=0 Quantity=4 Type='Limit' Time in force=GTC Oco='787003a9bece4f83b4df1205de32d216' Filled=0 Fill price=0 Error='No error' Native error='',
8/5/2026 9:54:06 PM,Order,Order='039aebe76e064deabebab5b5d3512b5a/Sim101' Name='Stop2' New state='Cancel submitted' Instrument='MES SEP26' Action='Sell' Limit price=0 Stop price=7757.25 Quantity=4 Type='Stop Market' Time in force=GTC Oco='265a76c9681c451cbe64b36b70ec1d3a' Filled=0 Fill price=0 Error='No error' Native error='',
8/5/2026 9:54:06 PM,Order,Order='6096fc0962364dd68bcb8b0e4123744d/Sim101' Name='Stop1' New state='Cancel submitted' Instrument='MES SEP26' Action='Sell' Limit price=0 Stop price=7757.25 Quantity=4 Type='Stop Market' Time in force=GTC Oco='787003a9bece4f83b4df1205de32d216' Filled=0 Fill price=0 Error='No error' Native error='',
8/5/2026 9:54:06 PM,Order,Order='eeae635c8c924b50a9c42957dfab9990/Sim101' Name='Target2' New state='Cancel submitted' Instrument='MES SEP26' Action='Sell' Limit price=7764.75 Stop price=0 Quantity=4 Type='Limit' Time in force=GTC Oco='265a76c9681c451cbe64b36b70ec1d3a' Filled=0 Fill price=0 Error='No error' Native error='',
8/5/2026 9:54:06 PM,Order,Order='fc3647a0811043ed8bb14edbece53f88/Sim101' Name='Target1' New state='Cancel submitted' Instrument='MES SEP26' Action='Sell' Limit price=7764.25 Stop price=0 Quantity=4 Type='Limit' Time in force=GTC Oco='787003a9bece4f83b4df1205de32d216' Filled=0 Fill price=0 Error='No error' Native error='',
8/5/2026 9:54:06 PM,Default,Chart Trader close position,
8/5/2026 9:54:03 PM,Order,Order='eeae635c8c924b50a9c42957dfab9990/Sim101' Name='Target2' New state='Accepted' Instrument='MES SEP26' Action='Sell' Limit price=7764.75 Stop price=0 Quantity=4 Type='Limit' Time in force=GTC Oco='265a76c9681c451cbe64b36b70ec1d3a' Filled=0 Fill price=0 Error='No error' Native error='',
8/5/2026 9:54:03 PM,Order,Order='eeae635c8c924b50a9c42957dfab9990/Sim101' Name='Target2' New state='Working' Instrument='MES SEP26' Action='Sell' Limit price=7764.75 Stop price=0 Quantity=4 Type='Limit' Time in force=GTC Oco='265a76c9681c451cbe64b36b70ec1d3a' Filled=0 Fill price=0 Error='No error' Native error='',
8/5/2026 9:54:03 PM,Order,Order='039aebe76e064deabebab5b5d3512b5a/Sim101' Name='Stop2' New state='Accepted' Instrument='MES SEP26' Action='Sell' Limit price=0 Stop price=7757.25 Quantity=4 Type='Stop Market' Time in force=GTC Oco='265a76c9681c451cbe64b36b70ec1d3a' Filled=0 Fill price=0 Error='No error' Native error='',
8/5/2026 9:54:02 PM,Order,Order='fc3647a0811043ed8bb14edbece53f88/Sim101' Name='Target1' New state='Working' Instrument='MES SEP26' Action='Sell' Limit price=7764.25 Stop price=0 Quantity=4 Type='Limit' Time in force=GTC Oco='787003a9bece4f83b4df1205de32d216' Filled=0 Fill price=0 Error='No error' Native error='',
8/5/2026 9:54:02 PM,Order,Order='fc3647a0811043ed8bb14edbece53f88/Sim101' Name='Target1' New state='Accepted' Instrument='MES SEP26' Action='Sell' Limit price=7764.25 Stop price=0 Quantity=4 Type='Limit' Time in force=GTC Oco='787003a9bece4f83b4df1205de32d216' Filled=0 Fill price=0 Error='No error' Native error='',
8/5/2026 9:54:02 PM,Order,Order='6096fc0962364dd68bcb8b0e4123744d/Sim101' Name='Stop1' New state='Accepted' Instrument='MES SEP26' Action='Sell' Limit price=0 Stop price=7757.25 Quantity=4 Type='Stop Market' Time in force=GTC Oco='787003a9bece4f83b4df1205de32d216' Filled=0 Fill price=0 Error='No error' Native error='',
8/5/2026 9:54:02 PM,Order,Order='eeae635c8c924b50a9c42957dfab9990/Sim101' Name='Target2' New state='Submitted' Instrument='MES SEP26' Action='Sell' Limit price=7764.75 Stop price=0 Quantity=4 Type='Limit' Time in force=GTC Oco='265a76c9681c451cbe64b36b70ec1d3a' Filled=0 Fill price=0 Error='No error' Native error='',
8/5/2026 9:54:02 PM,Order,Order='039aebe76e064deabebab5b5d3512b5a/Sim101' Name='Stop2' New state='Submitted' Instrument='MES SEP26' Action='Sell' Limit price=0 Stop price=7757.25 Quantity=4 Type='Stop Market' Time in force=GTC Oco='265a76c9681c451cbe64b36b70ec1d3a' Filled=0 Fill price=0 Error='No error' Native error='',
8/5/2026 9:54:02 PM,Order,Order='fc3647a0811043ed8bb14edbece53f88/Sim101' Name='Target1' New state='Submitted' Instrument='MES SEP26' Action='Sell' Limit price=7764.25 Stop price=0 Quantity=4 Type='Limit' Time in force=GTC Oco='787003a9bece4f83b4df1205de32d216' Filled=0 Fill price=0 Error='No error' Native error='',
8/5/2026 9:54:02 PM,Position,Instrument='MES SEP26' Account='Sim101' Average price=7762.25 Quantity=8 Market position=Long Operation=Operation_Add,
8/5/2026 9:54:02 PM,Order,Order='6096fc0962364dd68bcb8b0e4123744d/Sim101' Name='Stop1' New state='Submitted' Instrument='MES SEP26' Action='Sell' Limit price=0 Stop price=7757.25 Quantity=4 Type='Stop Market' Time in force=GTC Oco='787003a9bece4f83b4df1205de32d216' Filled=0 Fill price=0 Error='No error' Native error='',
8/5/2026 9:54:02 PM,Execution,Execution='ea3de08183b44572b5002135efe55fc7' Instrument='MES SEP26' Account='Sim101' Exchange=Default Price=7762.25 Quantity=8 Market position=Long Operation=Operation_Add Order='1526839245354a038e8e0655eb75febb' Time='8/5/2026 9:54 PM',
8/5/2026 9:54:02 PM,Order,Order='1526839245354a038e8e0655eb75febb/Sim101' Name='Entry' New state='Filled' Instrument='MES SEP26' Action='Buy' Limit price=0 Stop price=0 Quantity=8 Type='Market' Time in force=GTC Oco='' Filled=8 Fill price=7762.25 Error='No error' Native error='',
8/5/2026 9:54:02 PM,Order,Order='1526839245354a038e8e0655eb75febb/Sim101' Name='Entry' New state='Working' Instrument='MES SEP26' Action='Buy' Limit price=0 Stop price=0 Quantity=8 Type='Market' Time in force=GTC Oco='' Filled=0 Fill price=0 Error='No error' Native error='',
8/5/2026 9:54:02 PM,Order,Order='1526839245354a038e8e0655eb75febb/Sim101' Name='Entry' New state='Accepted' Instrument='MES SEP26' Action='Buy' Limit price=0 Stop price=0 Quantity=8 Type='Market' Time in force=GTC Oco='' Filled=0 Fill price=0 Error='No error' Native error='',
8/5/2026 9:54:02 PM,Order,Order='1526839245354a038e8e0655eb75febb/Sim101' Name='Entry' New state='Submitted' Instrument='MES SEP26' Action='Buy' Limit price=0 Stop price=0 Quantity=8 Type='Market' Time in force=GTC Oco='' Filled=0 Fill price=0 Error='No error' Native error='',
8/5/2026 9:54:02 PM,Order,Chart Trader submitting order with strategy 'MES $200 SL5 - 1' (Ticks),
8/5/2026 9:39:51 PM,Connection,Market data failed for 'MGC DEC26': 'get_order_book error : 13',
8/5/2026 9:39:51 PM,Connection,Market data failed for 'MES SEP26': 'get_order_book error : 13',
8/5/2026 9:39:50 PM,Connection,Using HDS (hds-us-nt-016.ninjatrader.com/31655),
8/5/2026 9:39:50 PM,Connection,Time to auto close position='12:00:00 AM' Enabled=False,
8/5/2026 9:39:49 PM,Connection,My Rithmic for NinjaTrader Brokerage: Primary connection=Connected Price feed=Connected,
8/5/2026 9:39:35 PM,Default,Restoring workspace 'SuperDOM 3'...,
8/5/2026 9:39:32 PM,Default,Auto close enabled=False,
8/5/2026 9:39:32 PM,Order,Order entry hot keys disabled,
8/5/2026 9:39:31 PM,Connection,My Rithmic for NinjaTrader Brokerage: Primary connection=Connecting Price feed=Connecting,
8/5/2026 9:39:31 PM,Default,Auto connecting 'My Rithmic for NinjaTrader Brokerage'...,
8/5/2026 9:39:31 PM,Default,Telemetry configuration updated to version 1003 (previous version 0).,
8/5/2026 9:39:31 PM,Default,Automated trading disabled,
8/5/2026 9:39:31 PM,Connection,Using IS (is-us-nt-005.ninjatrader.com/31658),
8/5/2026 9:39:28 PM,Default,Global simulation mode disabled,
8/5/2026 9:39:14 PM,Default,Session Break (Version 8.1.8.1),
8/5/2026 8:50:51 PM,Connection,My Rithmic for NinjaTrader Brokerage: Primary connection=Disconnected Price feed=Disconnected,
8/5/2026 8:50:51 PM,Connection,My Rithmic for NinjaTrader Brokerage: Primary connection=Disconnecting Price feed=Disconnecting,
8/5/2026 8:50:45 PM,Default,Workspace SuperDOM 3 not saved,
8/5/2026 8:50:43 PM,Default,Disabling NinjaScript strategy 'SampleAtmStrategy/382222614',
8/5/2026 8:50:01 PM,Strategy,Unable to load ATM strategy template from file 'C:\Users\Mohammed Khalid\Documents\NinjaTrader 8\templates\AtmStrategy\AtmStrategyTemplate.xml',
8/5/2026 8:40:46 PM,Position,Instrument='MES SEP26' Account='Sim101' Average price=0 Quantity=0 Market position=Flat Operation=Remove,
8/5/2026 8:40:46 PM,Execution,Execution='1fc42421fb3b41b3a277cbb3c254cb1d' Instrument='MES SEP26' Account='Sim101' Exchange=Default Price=7761.75 Quantity=8 Market position=Short Operation=Operation_Add Order='2a48014ca3f04d6da139eccfcabd4bc7' Time='8/5/2026 8:40 PM',
8/5/2026 8:40:46 PM,Order,Order='2a48014ca3f04d6da139eccfcabd4bc7/Sim101' Name='Close' New state='Filled' Instrument='MES SEP26' Action='Sell' Limit price=0 Stop price=0 Quantity=8 Type='Market' Time in force=DAY Oco='' Filled=8 Fill price=7761.75 Error='No error' Native error='',
8/5/2026 8:40:46 PM,Order,Order='2a48014ca3f04d6da139eccfcabd4bc7/Sim101' Name='Close' New state='Working' Instrument='MES SEP26' Action='Sell' Limit price=0 Stop price=0 Quantity=8 Type='Market' Time in force=DAY Oco='' Filled=0 Fill price=0 Error='No error' Native error='',
8/5/2026 8:40:46 PM,Order,Order='2a48014ca3f04d6da139eccfcabd4bc7/Sim101' Name='Close' New state='Accepted' Instrument='MES SEP26' Action='Sell' Limit price=0 Stop price=0 Quantity=8 Type='Market' Time in force=DAY Oco='' Filled=0 Fill price=0 Error='No error' Native error='',
8/5/2026 8:40:46 PM,Order,Order='2a48014ca3f04d6da139eccfcabd4bc7/Sim101' Name='Close' New state='Submitted' Instrument='MES SEP26' Action='Sell' Limit price=0 Stop price=0 Quantity=8 Type='Market' Time in force=DAY Oco='' Filled=0 Fill price=0 Error='No error' Native error='',
8/5/2026 8:40:46 PM,Order,Order='76278c05ba67419ca22471f6ae7267f8/Sim101' Name='Stop2' New state='Cancelled' Instrument='MES SEP26' Action='Sell' Limit price=0 Stop price=7757 Quantity=4 Type='Stop Market' Time in force=GTC Oco='93dd13ebebee4fecb51b2baeaa29eff6' Filled=0 Fill price=0 Error='No error' Native error='',
8/5/2026 8:40:46 PM,Order,Order='26afd28609834fb7b9adcefd36aea8fb/Sim101' Name='Target2' New state='Cancelled' Instrument='MES SEP26' Action='Sell' Limit price=7764.5 Stop price=0 Quantity=4 Type='Limit' Time in force=GTC Oco='93dd13ebebee4fecb51b2baeaa29eff6' Filled=0 Fill price=0 Error='No error' Native error='',
8/5/2026 8:40:46 PM,Order,Order='6b54a6f507bc427aaeca62fdae52518e/Sim101' Name='Stop1' New state='Cancelled' Instrument='MES SEP26' Action='Sell' Limit price=0 Stop price=7757 Quantity=4 Type='Stop Market' Time in force=GTC Oco='5bc662bf0a264232b45764ba25150da0' Filled=0 Fill price=0 Error='No error' Native error='',
8/5/2026 8:40:46 PM,Order,Order='9c62875956fe49f39afd4c86f00c3cd8/Sim101' Name='Target1' New state='Cancelled' Instrument='MES SEP26' Action='Sell' Limit price=7764 Stop price=0 Quantity=4 Type='Limit' Time in force=GTC Oco='5bc662bf0a264232b45764ba25150da0' Filled=0 Fill price=0 Error='No error' Native error='',
8/5/2026 8:40:46 PM,Order,Order='76278c05ba67419ca22471f6ae7267f8/Sim101' Name='Stop2' New state='Cancel submitted' Instrument='MES SEP26' Action='Sell' Limit price=0 Stop price=7757 Quantity=4 Type='Stop Market' Time in force=GTC Oco='93dd13ebebee4fecb51b2baeaa29eff6' Filled=0 Fill price=0 Error='No error' Native error='',
8/5/2026 8:40:46 PM,Order,Order='26afd28609834fb7b9adcefd36aea8fb/Sim101' Name='Target2' New state='Cancel submitted' Instrument='MES SEP26' Action='Sell' Limit price=7764.5 Stop price=0 Quantity=4 Type='Limit' Time in force=GTC Oco='93dd13ebebee4fecb51b2baeaa29eff6' Filled=0 Fill price=0 Error='No error' Native error='',
8/5/2026 8:40:46 PM,Order,Order='6b54a6f507bc427aaeca62fdae52518e/Sim101' Name='Stop1' New state='Cancel submitted' Instrument='MES SEP26' Action='Sell' Limit price=0 Stop price=7757 Quantity=4 Type='Stop Market' Time in force=GTC Oco='5bc662bf0a264232b45764ba25150da0' Filled=0 Fill price=0 Error='No error' Native error='',
8/5/2026 8:40:46 PM,Order,Order='9c62875956fe49f39afd4c86f00c3cd8/Sim101' Name='Target1' New state='Cancel submitted' Instrument='MES SEP26' Action='Sell' Limit price=7764 Stop price=0 Quantity=4 Type='Limit' Time in force=GTC Oco='5bc662bf0a264232b45764ba25150da0' Filled=0 Fill price=0 Error='No error' Native error='',
8/5/2026 8:40:46 PM,Default,Position grid close position,
8/5/2026 8:40:43 PM,Order,Order='26afd28609834fb7b9adcefd36aea8fb/Sim101' Name='Target2' New state='Accepted' Instrument='MES SEP26' Action='Sell' Limit price=7764.5 Stop price=0 Quantity=4 Type='Limit' Time in force=GTC Oco='93dd13ebebee4fecb51b2baeaa29eff6' Filled=0 Fill price=0 Error='No error' Native error='',
8/5/2026 8:40:43 PM,Order,Order='26afd28609834fb7b9adcefd36aea8fb/Sim101' Name='Target2' New state='Working' Instrument='MES SEP26' Action='Sell' Limit price=7764.5 Stop price=0 Quantity=4 Type='Limit' Time in force=GTC Oco='93dd13ebebee4fecb51b2baeaa29eff6' Filled=0 Fill price=0 Error='No error' Native error='',
8/5/2026 8:40:43 PM,Order,Order='76278c05ba67419ca22471f6ae7267f8/Sim101' Name='Stop2' New state='Accepted' Instrument='MES SEP26' Action='Sell' Limit price=0 Stop price=7757 Quantity=4 Type='Stop Market' Time in force=GTC Oco='93dd13ebebee4fecb51b2baeaa29eff6' Filled=0 Fill price=0 Error='No error' Native error='',
8/5/2026 8:40:43 PM,Order,Order='9c62875956fe49f39afd4c86f00c3cd8/Sim101' Name='Target1' New state='Working' Instrument='MES SEP26' Action='Sell' Limit price=7764 Stop price=0 Quantity=4 Type='Limit' Time in force=GTC Oco='5bc662bf0a264232b45764ba25150da0' Filled=0 Fill price=0 Error='No error' Native error='',
8/5/2026 8:40:43 PM,Order,Order='6b54a6f507bc427aaeca62fdae52518e/Sim101' Name='Stop1' New state='Accepted' Instrument='MES SEP26' Action='Sell' Limit price=0 Stop price=7757 Quantity=4 Type='Stop Market' Time in force=GTC Oco='5bc662bf0a264232b45764ba25150da0' Filled=0 Fill price=0 Error='No error' Native error='',
8/5/2026 8:40:43 PM,Order,Order='9c62875956fe49f39afd4c86f00c3cd8/Sim101' Name='Target1' New state='Accepted' Instrument='MES SEP26' Action='Sell' Limit price=7764 Stop price=0 Quantity=4 Type='Limit' Time in force=GTC Oco='5bc662bf0a264232b45764ba25150da0' Filled=0 Fill price=0 Error='No error' Native error='',
8/5/2026 8:40:42 PM,Order,Order='26afd28609834fb7b9adcefd36aea8fb/Sim101' Name='Target2' New state='Submitted' Instrument='MES SEP26' Action='Sell' Limit price=7764.5 Stop price=0 Quantity=4 Type='Limit' Time in force=GTC Oco='93dd13ebebee4fecb51b2baeaa29eff6' Filled=0 Fill price=0 Error='No error' Native error='',
8/5/2026 8:40:42 PM,Order,Order='76278c05ba67419ca22471f6ae7267f8/Sim101' Name='Stop2' New state='Submitted' Instrument='MES SEP26' Action='Sell' Limit price=0 Stop price=7757 Quantity=4 Type='Stop Market' Time in force=GTC Oco='93dd13ebebee4fecb51b2baeaa29eff6' Filled=0 Fill price=0 Error='No error' Native error='',
8/5/2026 8:40:42 PM,Order,Order='9c62875956fe49f39afd4c86f00c3cd8/Sim101' Name='Target1' New state='Submitted' Instrument='MES SEP26' Action='Sell' Limit price=7764 Stop price=0 Quantity=4 Type='Limit' Time in force=GTC Oco='5bc662bf0a264232b45764ba25150da0' Filled=0 Fill price=0 Error='No error' Native error='',
8/5/2026 8:40:42 PM,Order,Order='6b54a6f507bc427aaeca62fdae52518e/Sim101' Name='Stop1' New state='Submitted' Instrument='MES SEP26' Action='Sell' Limit price=0 Stop price=7757 Quantity=4 Type='Stop Market' Time in force=GTC Oco='5bc662bf0a264232b45764ba25150da0' Filled=0 Fill price=0 Error='No error' Native error='',
8/5/2026 8:40:42 PM,Position,Instrument='MES SEP26' Account='Sim101' Average price=7762.03125 Quantity=8 Market position=Long Operation=Update,
8/5/2026 8:40:42 PM,Execution,Execution='b5e778f8ffa64a8690a1bc88f19c098b' Instrument='MES SEP26' Account='Sim101' Exchange=Default Price=7762.25 Quantity=1 Market position=Long Operation=Operation_Add Order='5bf1b6a4ef7d40f892191849b44cdb3c' Time='8/5/2026 8:40 PM',
8/5/2026 8:40:42 PM,Order,Order='5bf1b6a4ef7d40f892191849b44cdb3c/Sim101' Name='Entry' New state='Filled' Instrument='MES SEP26' Action='Buy' Limit price=0 Stop price=0 Quantity=8 Type='Market' Time in force=GTC Oco='' Filled=8 Fill price=7762.03125 Error='No error' Native error='',
8/5/2026 8:40:42 PM,Position,Instrument='MES SEP26' Account='Sim101' Average price=7762 Quantity=7 Market position=Long Operation=Operation_Add,
8/5/2026 8:40:42 PM,Order,Order='5bf1b6a4ef7d40f892191849b44cdb3c/Sim101' Name='Entry' New state='Partially filled' Instrument='MES SEP26' Action='Buy' Limit price=0 Stop price=0 Quantity=8 Type='Market' Time in force=GTC Oco='' Filled=7 Fill price=7762 Error='No error' Native error='',
8/5/2026 8:40:42 PM,Execution,Execution='7a6423293f824f96a327208128dee7f7' Instrument='MES SEP26' Account='Sim101' Exchange=Default Price=7762 Quantity=7 Market position=Long Operation=Operation_Add Order='5bf1b6a4ef7d40f892191849b44cdb3c' Time='8/5/2026 8:40 PM',
8/5/2026 8:40:42 PM,Order,Order='5bf1b6a4ef7d40f892191849b44cdb3c/Sim101' Name='Entry' New state='Accepted' Instrument='MES SEP26' Action='Buy' Limit price=0 Stop price=0 Quantity=8 Type='Market' Time in force=GTC Oco='' Filled=0 Fill price=0 Error='No error' Native error='',
8/5/2026 8:40:42 PM,Order,Order='5bf1b6a4ef7d40f892191849b44cdb3c/Sim101' Name='Entry' New state='Working' Instrument='MES SEP26' Action='Buy' Limit price=0 Stop price=0 Quantity=8 Type='Market' Time in force=GTC Oco='' Filled=0 Fill price=0 Error='No error' Native error='',
8/5/2026 8:40:42 PM,Order,Order='5bf1b6a4ef7d40f892191849b44cdb3c/Sim101' Name='Entry' New state='Submitted' Instrument='MES SEP26' Action='Buy' Limit price=0 Stop price=0 Quantity=8 Type='Market' Time in force=GTC Oco='' Filled=0 Fill price=0 Error='No error' Native error='',
8/5/2026 8:40:42 PM,Order,Chart Trader submitting order with strategy 'MES $200 SL5 - 1' (Ticks),
8/5/2026 8:40:12 PM,Default,Enabling NinjaScript strategy 'SampleAtmStrategy/382222614' : On starting a real-time strategy - StartBehavior=WaitUntilFlat EntryHandling=All entries EntriesPerDirection=1 StopTargetHandling=Per entry execution ErrorHandling=Stop strategy cancel orders close positions ExitOnSessionClose=True / triggering 30 seconds before close SetOrderQuantityBy=Strategy ConnectionLossHandling=Recalculate DisconnectDelaySeconds=10 CancelEntriesOnStrategyDisable=False CancelExitsOnStrategyDisable=False Calculate=On bar close IsUnmanaged=False MaxRestarts=4 in 5 minutes,
8/5/2026 8:39:39 PM,Default,Disabling NinjaScript strategy 'SampleAtmStrategy/382222614',
8/5/2026 8:38:27 PM,Position,Instrument='MES SEP26' Account='Sim101' Average price=0 Quantity=0 Market position=Flat Operation=Remove,
8/5/2026 8:38:27 PM,Execution,Execution='e3bde28703cb4c2ea48652b754d4a65d' Instrument='MES SEP26' Account='Sim101' Exchange=Default Price=7762.25 Quantity=8 Market position=Short Operation=Operation_Add Order='2a07818c934b4805ad33f20758f6359a' Time='8/5/2026 8:38 PM',
8/5/2026 8:38:27 PM,Order,Order='2a07818c934b4805ad33f20758f6359a/Sim101' Name='Close' New state='Filled' Instrument='MES SEP26' Action='Sell' Limit price=0 Stop price=0 Quantity=8 Type='Market' Time in force=DAY Oco='' Filled=8 Fill price=7762.25 Error='No error' Native error='',
8/5/2026 8:38:27 PM,Order,Order='2a07818c934b4805ad33f20758f6359a/Sim101' Name='Close' New state='Working' Instrument='MES SEP26' Action='Sell' Limit price=0 Stop price=0 Quantity=8 Type='Market' Time in force=DAY Oco='' Filled=0 Fill price=0 Error='No error' Native error='',
8/5/2026 8:38:27 PM,Order,Order='2a07818c934b4805ad33f20758f6359a/Sim101' Name='Close' New state='Accepted' Instrument='MES SEP26' Action='Sell' Limit price=0 Stop price=0 Quantity=8 Type='Market' Time in force=DAY Oco='' Filled=0 Fill price=0 Error='No error' Native error='',
8/5/2026 8:38:27 PM,Order,Order='2a07818c934b4805ad33f20758f6359a/Sim101' Name='Close' New state='Submitted' Instrument='MES SEP26' Action='Sell' Limit price=0 Stop price=0 Quantity=8 Type='Market' Time in force=DAY Oco='' Filled=0 Fill price=0 Error='No error' Native error='',
8/5/2026 8:38:27 PM,Order,Order='440e6e5999a54f269e7b076541777219/Sim101' Name='Stop2' New state='Cancelled' Instrument='MES SEP26' Action='Sell' Limit price=0 Stop price=7757.75 Quantity=4 Type='Stop Market' Time in force=GTC Oco='aad82e4afbd943d6bd64331f979b600f' Filled=0 Fill price=0 Error='No error' Native error='',
8/5/2026 8:38:27 PM,Order,Order='a5623407a7da480b9a8646f2ee4051a5/Sim101' Name='Target2' New state='Cancelled' Instrument='MES SEP26' Action='Sell' Limit price=7765.25 Stop price=0 Quantity=4 Type='Limit' Time in force=GTC Oco='aad82e4afbd943d6bd64331f979b600f' Filled=0 Fill price=0 Error='No error' Native error='',
8/5/2026 8:38:27 PM,Order,Order='ff53bb1853a145f1bc286dcc4af8d45f/Sim101' Name='Stop1' New state='Cancelled' Instrument='MES SEP26' Action='Sell' Limit price=0 Stop price=7757.75 Quantity=4 Type='Stop Market' Time in force=GTC Oco='5130f902af7e42a3aabb340fbbe33d6b' Filled=0 Fill price=0 Error='No error' Native error='',
8/5/2026 8:38:27 PM,Order,Order='2580a97d23f24b21903d5f53973faf4e/Sim101' Name='Target1' New state='Cancelled' Instrument='MES SEP26' Action='Sell' Limit price=7764.75 Stop price=0 Quantity=4 Type='Limit' Time in force=GTC Oco='5130f902af7e42a3aabb340fbbe33d6b' Filled=0 Fill price=0 Error='No error' Native error='',
8/5/2026 8:38:27 PM,Order,Order='a5623407a7da480b9a8646f2ee4051a5/Sim101' Name='Target2' New state='Cancel submitted' Instrument='MES SEP26' Action='Sell' Limit price=7765.25 Stop price=0 Quantity=4 Type='Limit' Time in force=GTC Oco='aad82e4afbd943d6bd64331f979b600f' Filled=0 Fill price=0 Error='No error' Native error='',
8/5/2026 8:38:27 PM,Order,Order='ff53bb1853a145f1bc286dcc4af8d45f/Sim101' Name='Stop1' New state='Cancel submitted' Instrument='MES SEP26' Action='Sell' Limit price=0 Stop price=7757.75 Quantity=4 Type='Stop Market' Time in force=GTC Oco='5130f902af7e42a3aabb340fbbe33d6b' Filled=0 Fill price=0 Error='No error' Native error='',
8/5/2026 8:38:27 PM,Order,Order='440e6e5999a54f269e7b076541777219/Sim101' Name='Stop2' New state='Cancel submitted' Instrument='MES SEP26' Action='Sell' Limit price=0 Stop price=7757.75 Quantity=4 Type='Stop Market' Time in force=GTC Oco='aad82e4afbd943d6bd64331f979b600f' Filled=0 Fill price=0 Error='No error' Native error='',
8/5/2026 8:38:27 PM,Order,Order='2580a97d23f24b21903d5f53973faf4e/Sim101' Name='Target1' New state='Cancel submitted' Instrument='MES SEP26' Action='Sell' Limit price=7764.75 Stop price=0 Quantity=4 Type='Limit' Time in force=GTC Oco='5130f902af7e42a3aabb340fbbe33d6b' Filled=0 Fill price=0 Error='No error' Native error='',
8/5/2026 8:38:27 PM,Default,Position grid close position,
8/5/2026 8:38:11 PM,Order,Order='a5623407a7da480b9a8646f2ee4051a5/Sim101' Name='Target2' New state='Working' Instrument='MES SEP26' Action='Sell' Limit price=7765.25 Stop price=0 Quantity=4 Type='Limit' Time in force=GTC Oco='aad82e4afbd943d6bd64331f979b600f' Filled=0 Fill price=0 Error='No error' Native error='',
8/5/2026 8:38:11 PM,Order,Order='2580a97d23f24b21903d5f53973faf4e/Sim101' Name='Target1' New state='Working' Instrument='MES SEP26' Action='Sell' Limit price=7764.75 Stop price=0 Quantity=4 Type='Limit' Time in force=GTC Oco='5130f902af7e42a3aabb340fbbe33d6b' Filled=0 Fill price=0 Error='No error' Native error='',
8/5/2026 8:38:11 PM,Order,Order='a5623407a7da480b9a8646f2ee4051a5/Sim101' Name='Target2' New state='Accepted' Instrument='MES SEP26' Action='Sell' Limit price=7765.25 Stop price=0 Quantity=4 Type='Limit' Time in force=GTC Oco='aad82e4afbd943d6bd64331f979b600f' Filled=0 Fill price=0 Error='No error' Native error='',
8/5/2026 8:38:11 PM,Order,Order='440e6e5999a54f269e7b076541777219/Sim101' Name='Stop2' New state='Accepted' Instrument='MES SEP26' Action='Sell' Limit price=0 Stop price=7757.75 Quantity=4 Type='Stop Market' Time in force=GTC Oco='aad82e4afbd943d6bd64331f979b600f' Filled=0 Fill price=0 Error='No error' Native error='',
8/5/2026 8:38:11 PM,Order,Order='2580a97d23f24b21903d5f53973faf4e/Sim101' Name='Target1' New state='Accepted' Instrument='MES SEP26' Action='Sell' Limit price=7764.75 Stop price=0 Quantity=4 Type='Limit' Time in force=GTC Oco='5130f902af7e42a3aabb340fbbe33d6b' Filled=0 Fill price=0 Error='No error' Native error='',
8/5/2026 8:38:11 PM,Order,Order='ff53bb1853a145f1bc286dcc4af8d45f/Sim101' Name='Stop1' New state='Accepted' Instrument='MES SEP26' Action='Sell' Limit price=0 Stop price=7757.75 Quantity=4 Type='Stop Market' Time in force=GTC Oco='5130f902af7e42a3aabb340fbbe33d6b' Filled=0 Fill price=0 Error='No error' Native error='',
8/5/2026 8:38:11 PM,Order,Order='a5623407a7da480b9a8646f2ee4051a5/Sim101' Name='Target2' New state='Submitted' Instrument='MES SEP26' Action='Sell' Limit price=7765.25 Stop price=0 Quantity=4 Type='Limit' Time in force=GTC Oco='aad82e4afbd943d6bd64331f979b600f' Filled=0 Fill price=0 Error='No error' Native error='',
8/5/2026 8:38:11 PM,Order,Order='440e6e5999a54f269e7b076541777219/Sim101' Name='Stop2' New state='Submitted' Instrument='MES SEP26' Action='Sell' Limit price=0 Stop price=7757.75 Quantity=4 Type='Stop Market' Time in force=GTC Oco='aad82e4afbd943d6bd64331f979b600f' Filled=0 Fill price=0 Error='No error' Native error='',
8/5/2026 8:38:11 PM,Order,Order='2580a97d23f24b21903d5f53973faf4e/Sim101' Name='Target1' New state='Submitted' Instrument='MES SEP26' Action='Sell' Limit price=7764.75 Stop price=0 Quantity=4 Type='Limit' Time in force=GTC Oco='5130f902af7e42a3aabb340fbbe33d6b' Filled=0 Fill price=0 Error='No error' Native error='',
8/5/2026 8:38:11 PM,Order,Order='ff53bb1853a145f1bc286dcc4af8d45f/Sim101' Name='Stop1' New state='Submitted' Instrument='MES SEP26' Action='Sell' Limit price=0 Stop price=7757.75 Quantity=4 Type='Stop Market' Time in force=GTC Oco='5130f902af7e42a3aabb340fbbe33d6b' Filled=0 Fill price=0 Error='No error' Native error='',
8/5/2026 8:38:11 PM,Position,Instrument='MES SEP26' Account='Sim101' Average price=7762.75 Quantity=8 Market position=Long Operation=Operation_Add,
8/5/2026 8:38:11 PM,Execution,Execution='fea99ea966b94e74a4414c955266e8c9' Instrument='MES SEP26' Account='Sim101' Exchange=Default Price=7762.75 Quantity=8 Market position=Long Operation=Operation_Add Order='0c8de1c38c5247aaba571e797a123c4c' Time='8/5/2026 8:38 PM',
8/5/2026 8:38:11 PM,Order,Order='0c8de1c38c5247aaba571e797a123c4c/Sim101' Name='Entry' New state='Filled' Instrument='MES SEP26' Action='Buy' Limit price=0 Stop price=0 Quantity=8 Type='Market' Time in force=GTC Oco='' Filled=8 Fill price=7762.75 Error='No error' Native error='',
8/5/2026 8:38:11 PM,Order,Order='0c8de1c38c5247aaba571e797a123c4c/Sim101' Name='Entry' New state='Accepted' Instrument='MES SEP26' Action='Buy' Limit price=0 Stop price=0 Quantity=8 Type='Market' Time in force=GTC Oco='' Filled=0 Fill price=0 Error='No error' Native error='',
8/5/2026 8:38:11 PM,Order,Order='0c8de1c38c5247aaba571e797a123c4c/Sim101' Name='Entry' New state='Working' Instrument='MES SEP26' Action='Buy' Limit price=0 Stop price=0 Quantity=8 Type='Market' Time in force=GTC Oco='' Filled=0 Fill price=0 Error='No error' Native error='',
8/5/2026 8:38:11 PM,Order,Order='0c8de1c38c5247aaba571e797a123c4c/Sim101' Name='Entry' New state='Submitted' Instrument='MES SEP26' Action='Buy' Limit price=0 Stop price=0 Quantity=8 Type='Market' Time in force=GTC Oco='' Filled=0 Fill price=0 Error='No error' Native error='',
8/5/2026 8:38:11 PM,Order,Chart Trader submitting order with strategy 'MES $200 SL5 - 1' (Ticks),
8/5/2026 8:37:40 PM,Default,Enabling NinjaScript strategy 'SampleAtmStrategy/382222614' : On starting a real-time strategy - StartBehavior=WaitUntilFlat EntryHandling=All entries EntriesPerDirection=1 StopTargetHandling=Per entry execution ErrorHandling=Stop strategy cancel orders close positions ExitOnSessionClose=True / triggering 30 seconds before close SetOrderQuantityBy=Strategy ConnectionLossHandling=Recalculate DisconnectDelaySeconds=10 CancelEntriesOnStrategyDisable=False CancelExitsOnStrategyDisable=False Calculate=On bar close IsUnmanaged=False MaxRestarts=4 in 5 minutes,
8/5/2026 8:31:41 PM,Default,Disabling NinjaScript strategy 'SampleAtmStrategy/382222614',
8/5/2026 8:27:56 PM,Position,Instrument='MES SEP26' Account='Sim101' Average price=0 Quantity=0 Market position=Flat Operation=Remove,
8/5/2026 8:27:56 PM,Execution,Execution='18318024a30c41798170e4ebd5359f29' Instrument='MES SEP26' Account='Sim101' Exchange=Default Price=7760.25 Quantity=8 Market position=Short Operation=Operation_Add Order='46e20d33486a42a5bed1c912068111e3' Time='8/5/2026 8:27 PM',
8/5/2026 8:27:56 PM,Order,Order='46e20d33486a42a5bed1c912068111e3/Sim101' Name='Close' New state='Filled' Instrument='MES SEP26' Action='Sell' Limit price=0 Stop price=0 Quantity=8 Type='Market' Time in force=DAY Oco='' Filled=8 Fill price=7760.25 Error='No error' Native error='',
8/5/2026 8:27:56 PM,Order,Order='46e20d33486a42a5bed1c912068111e3/Sim101' Name='Close' New state='Accepted' Instrument='MES SEP26' Action='Sell' Limit price=0 Stop price=0 Quantity=8 Type='Market' Time in force=DAY Oco='' Filled=0 Fill price=0 Error='No error' Native error='',
8/5/2026 8:27:56 PM,Order,Order='46e20d33486a42a5bed1c912068111e3/Sim101' Name='Close' New state='Working' Instrument='MES SEP26' Action='Sell' Limit price=0 Stop price=0 Quantity=8 Type='Market' Time in force=DAY Oco='' Filled=0 Fill price=0 Error='No error' Native error='',
8/5/2026 8:27:56 PM,Order,Order='46e20d33486a42a5bed1c912068111e3/Sim101' Name='Close' New state='Submitted' Instrument='MES SEP26' Action='Sell' Limit price=0 Stop price=0 Quantity=8 Type='Market' Time in force=DAY Oco='' Filled=0 Fill price=0 Error='No error' Native error='',
8/5/2026 8:27:56 PM,Order,Order='90864c635f194dd794c45c37b7374e0c/Sim101' Name='Stop1' New state='Cancelled' Instrument='MES SEP26' Action='Sell' Limit price=0 Stop price=7756 Quantity=4 Type='Stop Market' Time in force=GTC Oco='01a1c8a13d4a46e38cd2ebec567432ac' Filled=0 Fill price=0 Error='No error' Native error='',
8/5/2026 8:27:56 PM,Order,Order='47e0c9701beb4e9baf9f278b60456077/Sim101' Name='Stop2' New state='Cancelled' Instrument='MES SEP26' Action='Sell' Limit price=0 Stop price=7756 Quantity=4 Type='Stop Market' Time in force=GTC Oco='ce1529462a3d414b9bc141d2b362edc4' Filled=0 Fill price=0 Error='No error' Native error='',
8/5/2026 8:27:56 PM,Order,Order='bb8b1ce94d33447cbf924587e06966f2/Sim101' Name='Target1' New state='Cancelled' Instrument='MES SEP26' Action='Sell' Limit price=7763 Stop price=0 Quantity=4 Type='Limit' Time in force=GTC Oco='01a1c8a13d4a46e38cd2ebec567432ac' Filled=0 Fill price=0 Error='No error' Native error='',
8/5/2026 8:27:56 PM,Order,Order='993ee6b14a43439bb881c499fe0bd582/Sim101' Name='Target2' New state='Cancelled' Instrument='MES SEP26' Action='Sell' Limit price=7763.5 Stop price=0 Quantity=4 Type='Limit' Time in force=GTC Oco='ce1529462a3d414b9bc141d2b362edc4' Filled=0 Fill price=0 Error='No error' Native error='',
8/5/2026 8:27:55 PM,Order,Order='47e0c9701beb4e9baf9f278b60456077/Sim101' Name='Stop2' New state='Cancel submitted' Instrument='MES SEP26' Action='Sell' Limit price=0 Stop price=7756 Quantity=4 Type='Stop Market' Time in force=GTC Oco='ce1529462a3d414b9bc141d2b362edc4' Filled=0 Fill price=0 Error='No error' Native error='',
8/5/2026 8:27:55 PM,Order,Order='90864c635f194dd794c45c37b7374e0c/Sim101' Name='Stop1' New state='Cancel submitted' Instrument='MES SEP26' Action='Sell' Limit price=0 Stop price=7756 Quantity=4 Type='Stop Market' Time in force=GTC Oco='01a1c8a13d4a46e38cd2ebec567432ac' Filled=0 Fill price=0 Error='No error' Native error='',
8/5/2026 8:27:55 PM,Order,Order='993ee6b14a43439bb881c499fe0bd582/Sim101' Name='Target2' New state='Cancel submitted' Instrument='MES SEP26' Action='Sell' Limit price=7763.5 Stop price=0 Quantity=4 Type='Limit' Time in force=GTC Oco='ce1529462a3d414b9bc141d2b362edc4' Filled=0 Fill price=0 Error='No error' Native error='',
8/5/2026 8:27:55 PM,Order,Order='bb8b1ce94d33447cbf924587e06966f2/Sim101' Name='Target1' New state='Cancel submitted' Instrument='MES SEP26' Action='Sell' Limit price=7763 Stop price=0 Quantity=4 Type='Limit' Time in force=GTC Oco='01a1c8a13d4a46e38cd2ebec567432ac' Filled=0 Fill price=0 Error='No error' Native error='',
8/5/2026 8:27:55 PM,Default,Chart Trader close position,
8/5/2026 8:27:39 PM,Order,Order='993ee6b14a43439bb881c499fe0bd582/Sim101' Name='Target2' New state='Working' Instrument='MES SEP26' Action='Sell' Limit price=7763.5 Stop price=0 Quantity=4 Type='Limit' Time in force=GTC Oco='ce1529462a3d414b9bc141d2b362edc4' Filled=0 Fill price=0 Error='No error' Native error='',
8/5/2026 8:27:39 PM,Order,Order='993ee6b14a43439bb881c499fe0bd582/Sim101' Name='Target2' New state='Accepted' Instrument='MES SEP26' Action='Sell' Limit price=7763.5 Stop price=0 Quantity=4 Type='Limit' Time in force=GTC Oco='ce1529462a3d414b9bc141d2b362edc4' Filled=0 Fill price=0 Error='No error' Native error='',
8/5/2026 8:27:39 PM,Order,Order='47e0c9701beb4e9baf9f278b60456077/Sim101' Name='Stop2' New state='Accepted' Instrument='MES SEP26' Action='Sell' Limit price=0 Stop price=7756 Quantity=4 Type='Stop Market' Time in force=GTC Oco='ce1529462a3d414b9bc141d2b362edc4' Filled=0 Fill price=0 Error='No error' Native error='',
8/5/2026 8:27:39 PM,Order,Order='bb8b1ce94d33447cbf924587e06966f2/Sim101' Name='Target1' New state='Working' Instrument='MES SEP26' Action='Sell' Limit price=7763 Stop price=0 Quantity=4 Type='Limit' Time in force=GTC Oco='01a1c8a13d4a46e38cd2ebec567432ac' Filled=0 Fill price=0 Error='No error' Native error='',
8/5/2026 8:27:39 PM,Order,Order='bb8b1ce94d33447cbf924587e06966f2/Sim101' Name='Target1' New state='Accepted' Instrument='MES SEP26' Action='Sell' Limit price=7763 Stop price=0 Quantity=4 Type='Limit' Time in force=GTC Oco='01a1c8a13d4a46e38cd2ebec567432ac' Filled=0 Fill price=0 Error='No error' Native error='',
8/5/2026 8:27:39 PM,Order,Order='90864c635f194dd794c45c37b7374e0c/Sim101' Name='Stop1' New state='Accepted' Instrument='MES SEP26' Action='Sell' Limit price=0 Stop price=7756 Quantity=4 Type='Stop Market' Time in force=GTC Oco='01a1c8a13d4a46e38cd2ebec567432ac' Filled=0 Fill price=0 Error='No error' Native error='',
8/5/2026 8:27:39 PM,Order,Order='993ee6b14a43439bb881c499fe0bd582/Sim101' Name='Target2' New state='Submitted' Instrument='MES SEP26' Action='Sell' Limit price=7763.5 Stop price=0 Quantity=4 Type='Limit' Time in force=GTC Oco='ce1529462a3d414b9bc141d2b362edc4' Filled=0 Fill price=0 Error='No error' Native error='',
8/5/2026 8:27:39 PM,Order,Order='47e0c9701beb4e9baf9f278b60456077/Sim101' Name='Stop2' New state='Submitted' Instrument='MES SEP26' Action='Sell' Limit price=0 Stop price=7756 Quantity=4 Type='Stop Market' Time in force=GTC Oco='ce1529462a3d414b9bc141d2b362edc4' Filled=0 Fill price=0 Error='No error' Native error='',
8/5/2026 8:27:39 PM,Order,Order='bb8b1ce94d33447cbf924587e06966f2/Sim101' Name='Target1' New state='Submitted' Instrument='MES SEP26' Action='Sell' Limit price=7763 Stop price=0 Quantity=4 Type='Limit' Time in force=GTC Oco='01a1c8a13d4a46e38cd2ebec567432ac' Filled=0 Fill price=0 Error='No error' Native error='',
8/5/2026 8:27:39 PM,Order,Order='90864c635f194dd794c45c37b7374e0c/Sim101' Name='Stop1' New state='Submitted' Instrument='MES SEP26' Action='Sell' Limit price=0 Stop price=7756 Quantity=4 Type='Stop Market' Time in force=GTC Oco='01a1c8a13d4a46e38cd2ebec567432ac' Filled=0 Fill price=0 Error='No error' Native error='',
8/5/2026 8:27:39 PM,Execution,Execution='2536da46db6d43cbaf6bdebed89f9281' Instrument='MES SEP26' Account='Sim101' Exchange=Default Price=7761 Quantity=8 Market position=Long Operation=Operation_Add Order='4b6aec9cc9264c5caa48eaf15a978ea1' Time='8/5/2026 8:27 PM',
8/5/2026 8:27:39 PM,Position,Instrument='MES SEP26' Account='Sim101' Average price=7761 Quantity=8 Market position=Long Operation=Operation_Add,
8/5/2026 8:27:39 PM,Order,Order='4b6aec9cc9264c5caa48eaf15a978ea1/Sim101' Name='Entry' New state='Filled' Instrument='MES SEP26' Action='Buy' Limit price=0 Stop price=0 Quantity=8 Type='Market' Time in force=GTC Oco='' Filled=8 Fill price=7761 Error='No error' Native error='',
8/5/2026 8:27:39 PM,Order,Order='4b6aec9cc9264c5caa48eaf15a978ea1/Sim101' Name='Entry' New state='Accepted' Instrument='MES SEP26' Action='Buy' Limit price=0 Stop price=0 Quantity=8 Type='Market' Time in force=GTC Oco='' Filled=0 Fill price=0 Error='No error' Native error='',
8/5/2026 8:27:39 PM,Order,Order='4b6aec9cc9264c5caa48eaf15a978ea1/Sim101' Name='Entry' New state='Working' Instrument='MES SEP26' Action='Buy' Limit price=0 Stop price=0 Quantity=8 Type='Market' Time in force=GTC Oco='' Filled=0 Fill price=0 Error='No error' Native error='',
8/5/2026 8:27:39 PM,Order,Order='4b6aec9cc9264c5caa48eaf15a978ea1/Sim101' Name='Entry' New state='Submitted' Instrument='MES SEP26' Action='Buy' Limit price=0 Stop price=0 Quantity=8 Type='Market' Time in force=GTC Oco='' Filled=0 Fill price=0 Error='No error' Native error='',
8/5/2026 8:27:39 PM,Order,Chart Trader submitting order with strategy 'MES $200 SL5 - 1' (Ticks),
8/5/2026 8:27:11 PM,Default,Cancel all orders account='Sim101',
8/5/2026 8:27:11 PM,Default,Chart Trader close position,
8/5/2026 8:26:36 PM,Position,Instrument='MES SEP26' Account='Sim101' Average price=0 Quantity=0 Market position=Flat Operation=Remove,
8/5/2026 8:26:36 PM,Execution,Execution='282d3062a8654c5384f7da682918fe9c' Instrument='MES SEP26' Account='Sim101' Exchange=Default Price=7761 Quantity=8 Market position=Short Operation=Operation_Add Order='1cd0413f14934bbc83358a37161045a9' Time='8/5/2026 8:26 PM',
8/5/2026 8:26:36 PM,Order,Order='1cd0413f14934bbc83358a37161045a9/Sim101' Name='Close' New state='Filled' Instrument='MES SEP26' Action='Sell' Limit price=0 Stop price=0 Quantity=8 Type='Market' Time in force=DAY Oco='' Filled=8 Fill price=7761 Error='No error' Native error='',
8/5/2026 8:26:36 PM,Order,Order='1cd0413f14934bbc83358a37161045a9/Sim101' Name='Close' New state='Working' Instrument='MES SEP26' Action='Sell' Limit price=0 Stop price=0 Quantity=8 Type='Market' Time in force=DAY Oco='' Filled=0 Fill price=0 Error='No error' Native error='',
8/5/2026 8:26:36 PM,Order,Order='1cd0413f14934bbc83358a37161045a9/Sim101' Name='Close' New state='Accepted' Instrument='MES SEP26' Action='Sell' Limit price=0 Stop price=0 Quantity=8 Type='Market' Time in force=DAY Oco='' Filled=0 Fill price=0 Error='No error' Native error='',
8/5/2026 8:26:36 PM,Order,Order='1cd0413f14934bbc83358a37161045a9/Sim101' Name='Close' New state='Submitted' Instrument='MES SEP26' Action='Sell' Limit price=0 Stop price=0 Quantity=8 Type='Market' Time in force=DAY Oco='' Filled=0 Fill price=0 Error='No error' Native error='',
8/5/2026 8:26:36 PM,Order,Order='8e36c471bf5946adbcf6b67fecfbed06/Sim101' Name='Stop2' New state='Cancelled' Instrument='MES SEP26' Action='Sell' Limit price=0 Stop price=7756.5 Quantity=4 Type='Stop Market' Time in force=GTC Oco='35453b15ec27477394d65b34ef5bbca6' Filled=0 Fill price=0 Error='No error' Native error='',
8/5/2026 8:26:36 PM,Order,Order='cc4688456c1b47ca9ba3fc494d650e98/Sim101' Name='Target2' New state='Cancelled' Instrument='MES SEP26' Action='Sell' Limit price=7764 Stop price=0 Quantity=4 Type='Limit' Time in force=GTC Oco='35453b15ec27477394d65b34ef5bbca6' Filled=0 Fill price=0 Error='No error' Native error='',
8/5/2026 8:26:36 PM,Order,Order='19ce046f61b14c3ea10d69cb9e09c158/Sim101' Name='Target1' New state='Cancelled' Instrument='MES SEP26' Action='Sell' Limit price=7763.5 Stop price=0 Quantity=4 Type='Limit' Time in force=GTC Oco='4a9be014594c419f88cacb6328962c32' Filled=0 Fill price=0 Error='No error' Native error='',
8/5/2026 8:26:36 PM,Order,Order='399221c5706f402894e6f16603535fb0/Sim101' Name='Stop1' New state='Cancelled' Instrument='MES SEP26' Action='Sell' Limit price=0 Stop price=7756.5 Quantity=4 Type='Stop Market' Time in force=GTC Oco='4a9be014594c419f88cacb6328962c32' Filled=0 Fill price=0 Error='No error' Native error='',
8/5/2026 8:26:36 PM,Order,Order='8e36c471bf5946adbcf6b67fecfbed06/Sim101' Name='Stop2' New state='Cancel submitted' Instrument='MES SEP26' Action='Sell' Limit price=0 Stop price=7756.5 Quantity=4 Type='Stop Market' Time in force=GTC Oco='35453b15ec27477394d65b34ef5bbca6' Filled=0 Fill price=0 Error='No error' Native error='',
8/5/2026 8:26:36 PM,Order,Order='399221c5706f402894e6f16603535fb0/Sim101' Name='Stop1' New state='Cancel submitted' Instrument='MES SEP26' Action='Sell' Limit price=0 Stop price=7756.5 Quantity=4 Type='Stop Market' Time in force=GTC Oco='4a9be014594c419f88cacb6328962c32' Filled=0 Fill price=0 Error='No error' Native error='',
8/5/2026 8:26:36 PM,Order,Order='cc4688456c1b47ca9ba3fc494d650e98/Sim101' Name='Target2' New state='Cancel submitted' Instrument='MES SEP26' Action='Sell' Limit price=7764 Stop price=0 Quantity=4 Type='Limit' Time in force=GTC Oco='35453b15ec27477394d65b34ef5bbca6' Filled=0 Fill price=0 Error='No error' Native error='',
8/5/2026 8:26:36 PM,Order,Order='19ce046f61b14c3ea10d69cb9e09c158/Sim101' Name='Target1' New state='Cancel submitted' Instrument='MES SEP26' Action='Sell' Limit price=7763.5 Stop price=0 Quantity=4 Type='Limit' Time in force=GTC Oco='4a9be014594c419f88cacb6328962c32' Filled=0 Fill price=0 Error='No error' Native error='',
8/5/2026 8:26:36 PM,Default,Chart Trader close position,
8/5/2026 8:26:25 PM,Order,Order='cc4688456c1b47ca9ba3fc494d650e98/Sim101' Name='Target2' New state='Working' Instrument='MES SEP26' Action='Sell' Limit price=7764 Stop price=0 Quantity=4 Type='Limit' Time in force=GTC Oco='35453b15ec27477394d65b34ef5bbca6' Filled=0 Fill price=0 Error='No error' Native error='',
8/5/2026 8:26:25 PM,Order,Order='cc4688456c1b47ca9ba3fc494d650e98/Sim101' Name='Target2' New state='Accepted' Instrument='MES SEP26' Action='Sell' Limit price=7764 Stop price=0 Quantity=4 Type='Limit' Time in force=GTC Oco='35453b15ec27477394d65b34ef5bbca6' Filled=0 Fill price=0 Error='No error' Native error='',
8/5/2026 8:26:25 PM,Order,Order='8e36c471bf5946adbcf6b67fecfbed06/Sim101' Name='Stop2' New state='Accepted' Instrument='MES SEP26' Action='Sell' Limit price=0 Stop price=7756.5 Quantity=4 Type='Stop Market' Time in force=GTC Oco='35453b15ec27477394d65b34ef5bbca6' Filled=0 Fill price=0 Error='No error' Native error='',
8/5/2026 8:26:25 PM,Order,Order='19ce046f61b14c3ea10d69cb9e09c158/Sim101' Name='Target1' New state='Accepted' Instrument='MES SEP26' Action='Sell' Limit price=7763.5 Stop price=0 Quantity=4 Type='Limit' Time in force=GTC Oco='4a9be014594c419f88cacb6328962c32' Filled=0 Fill price=0 Error='No error' Native error='',
8/5/2026 8:26:25 PM,Order,Order='19ce046f61b14c3ea10d69cb9e09c158/Sim101' Name='Target1' New state='Working' Instrument='MES SEP26' Action='Sell' Limit price=7763.5 Stop price=0 Quantity=4 Type='Limit' Time in force=GTC Oco='4a9be014594c419f88cacb6328962c32' Filled=0 Fill price=0 Error='No error' Native error='',
8/5/2026 8:26:25 PM,Order,Order='399221c5706f402894e6f16603535fb0/Sim101' Name='Stop1' New state='Accepted' Instrument='MES SEP26' Action='Sell' Limit price=0 Stop price=7756.5 Quantity=4 Type='Stop Market' Time in force=GTC Oco='4a9be014594c419f88cacb6328962c32' Filled=0 Fill price=0 Error='No error' Native error='',
8/5/2026 8:26:25 PM,Order,Order='cc4688456c1b47ca9ba3fc494d650e98/Sim101' Name='Target2' New state='Submitted' Instrument='MES SEP26' Action='Sell' Limit price=7764 Stop price=0 Quantity=4 Type='Limit' Time in force=GTC Oco='35453b15ec27477394d65b34ef5bbca6' Filled=0 Fill price=0 Error='No error' Native error='',
8/5/2026 8:26:25 PM,Order,Order='8e36c471bf5946adbcf6b67fecfbed06/Sim101' Name='Stop2' New state='Submitted' Instrument='MES SEP26' Action='Sell' Limit price=0 Stop price=7756.5 Quantity=4 Type='Stop Market' Time in force=GTC Oco='35453b15ec27477394d65b34ef5bbca6' Filled=0 Fill price=0 Error='No error' Native error='',
8/5/2026 8:26:25 PM,Order,Order='19ce046f61b14c3ea10d69cb9e09c158/Sim101' Name='Target1' New state='Submitted' Instrument='MES SEP26' Action='Sell' Limit price=7763.5 Stop price=0 Quantity=4 Type='Limit' Time in force=GTC Oco='4a9be014594c419f88cacb6328962c32' Filled=0 Fill price=0 Error='No error' Native error='',
8/5/2026 8:26:25 PM,Order,Order='399221c5706f402894e6f16603535fb0/Sim101' Name='Stop1' New state='Submitted' Instrument='MES SEP26' Action='Sell' Limit price=0 Stop price=7756.5 Quantity=4 Type='Stop Market' Time in force=GTC Oco='4a9be014594c419f88cacb6328962c32' Filled=0 Fill price=0 Error='No error' Native error='',
8/5/2026 8:26:25 PM,Execution,Execution='8e26662626014eda8dea462da22ce437' Instrument='MES SEP26' Account='Sim101' Exchange=Default Price=7761.5 Quantity=8 Market position=Long Operation=Operation_Add Order='99cbb9e3e5394289805df8a3768dfa2b' Time='8/5/2026 8:26 PM',
8/5/2026 8:26:25 PM,Position,Instrument='MES SEP26' Account='Sim101' Average price=7761.5 Quantity=8 Market position=Long Operation=Operation_Add,
8/5/2026 8:26:25 PM,Order,Order='99cbb9e3e5394289805df8a3768dfa2b/Sim101' Name='Entry' New state='Filled' Instrument='MES SEP26' Action='Buy' Limit price=0 Stop price=0 Quantity=8 Type='Market' Time in force=GTC Oco='' Filled=8 Fill price=7761.5 Error='No error' Native error='',
8/5/2026 8:26:25 PM,Order,Order='99cbb9e3e5394289805df8a3768dfa2b/Sim101' Name='Entry' New state='Working' Instrument='MES SEP26' Action='Buy' Limit price=0 Stop price=0 Quantity=8 Type='Market' Time in force=GTC Oco='' Filled=0 Fill price=0 Error='No error' Native error='',
8/5/2026 8:26:25 PM,Order,Order='99cbb9e3e5394289805df8a3768dfa2b/Sim101' Name='Entry' New state='Accepted' Instrument='MES SEP26' Action='Buy' Limit price=0 Stop price=0 Quantity=8 Type='Market' Time in force=GTC Oco='' Filled=0 Fill price=0 Error='No error' Native error='',
8/5/2026 8:26:24 PM,Order,Order='99cbb9e3e5394289805df8a3768dfa2b/Sim101' Name='Entry' New state='Submitted' Instrument='MES SEP26' Action='Buy' Limit price=0 Stop price=0 Quantity=8 Type='Market' Time in force=GTC Oco='' Filled=0 Fill price=0 Error='No error' Native error='',
8/5/2026 8:26:24 PM,Order,Chart Trader submitting order with strategy 'MES $200 SL5 - 1' (Ticks),
8/5/2026 8:26:14 PM,Position,Instrument='MES SEP26' Account='Sim101' Average price=0 Quantity=0 Market position=Flat Operation=Remove,
8/5/2026 8:26:14 PM,Execution,Execution='5592712260164789900d580f820f58c3' Instrument='MES SEP26' Account='Sim101' Exchange=Default Price=7761 Quantity=8 Market position=Short Operation=Operation_Add Order='1fa96708525b4d1897f2235b3dc1225c' Time='8/5/2026 8:26 PM',
8/5/2026 8:26:14 PM,Order,Order='1fa96708525b4d1897f2235b3dc1225c/Sim101' Name='Close' New state='Filled' Instrument='MES SEP26' Action='Sell' Limit price=0 Stop price=0 Quantity=8 Type='Market' Time in force=DAY Oco='' Filled=8 Fill price=7761 Error='No error' Native error='',
8/5/2026 8:26:14 PM,Order,Order='1fa96708525b4d1897f2235b3dc1225c/Sim101' Name='Close' New state='Working' Instrument='MES SEP26' Action='Sell' Limit price=0 Stop price=0 Quantity=8 Type='Market' Time in force=DAY Oco='' Filled=0 Fill price=0 Error='No error' Native error='',
8/5/2026 8:26:14 PM,Order,Order='1fa96708525b4d1897f2235b3dc1225c/Sim101' Name='Close' New state='Accepted' Instrument='MES SEP26' Action='Sell' Limit price=0 Stop price=0 Quantity=8 Type='Market' Time in force=DAY Oco='' Filled=0 Fill price=0 Error='No error' Native error='',
8/5/2026 8:26:14 PM,Order,Order='1fa96708525b4d1897f2235b3dc1225c/Sim101' Name='Close' New state='Submitted' Instrument='MES SEP26' Action='Sell' Limit price=0 Stop price=0 Quantity=8 Type='Market' Time in force=DAY Oco='' Filled=0 Fill price=0 Error='No error' Native error='',
8/5/2026 8:26:14 PM,Order,Order='436c4ce9c35a4fc48963d79767fd9691/Sim101' Name='Stop2' New state='Cancelled' Instrument='MES SEP26' Action='Sell' Limit price=0 Stop price=7756.75 Quantity=4 Type='Stop Market' Time in force=GTC Oco='0a2886151ec14abcb6cf675bb03c9167' Filled=0 Fill price=0 Error='No error' Native error='',
8/5/2026 8:26:14 PM,Order,Order='00c01367098f4fb4bce181fb5b6c8c9f/Sim101' Name='Stop1' New state='Cancelled' Instrument='MES SEP26' Action='Sell' Limit price=0 Stop price=7756.75 Quantity=4 Type='Stop Market' Time in force=GTC Oco='271852c5c5364683be09f09fe2fa0201' Filled=0 Fill price=0 Error='No error' Native error='',
8/5/2026 8:26:14 PM,Order,Order='a746f2a0b7d745d78b55abdd6b53b721/Sim101' Name='Target2' New state='Cancelled' Instrument='MES SEP26' Action='Sell' Limit price=7764.25 Stop price=0 Quantity=4 Type='Limit' Time in force=GTC Oco='0a2886151ec14abcb6cf675bb03c9167' Filled=0 Fill price=0 Error='No error' Native error='',
8/5/2026 8:26:14 PM,Order,Order='e207653313a24ebc970264a22950753c/Sim101' Name='Target1' New state='Cancelled' Instrument='MES SEP26' Action='Sell' Limit price=7763.75 Stop price=0 Quantity=4 Type='Limit' Time in force=GTC Oco='271852c5c5364683be09f09fe2fa0201' Filled=0 Fill price=0 Error='No error' Native error='',
8/5/2026 8:26:14 PM,Order,Order='436c4ce9c35a4fc48963d79767fd9691/Sim101' Name='Stop2' New state='Cancel submitted' Instrument='MES SEP26' Action='Sell' Limit price=0 Stop price=7756.75 Quantity=4 Type='Stop Market' Time in force=GTC Oco='0a2886151ec14abcb6cf675bb03c9167' Filled=0 Fill price=0 Error='No error' Native error='',
8/5/2026 8:26:14 PM,Order,Order='00c01367098f4fb4bce181fb5b6c8c9f/Sim101' Name='Stop1' New state='Cancel submitted' Instrument='MES SEP26' Action='Sell' Limit price=0 Stop price=7756.75 Quantity=4 Type='Stop Market' Time in force=GTC Oco='271852c5c5364683be09f09fe2fa0201' Filled=0 Fill price=0 Error='No error' Native error='',
8/5/2026 8:26:14 PM,Order,Order='a746f2a0b7d745d78b55abdd6b53b721/Sim101' Name='Target2' New state='Cancel submitted' Instrument='MES SEP26' Action='Sell' Limit price=7764.25 Stop price=0 Quantity=4 Type='Limit' Time in force=GTC Oco='0a2886151ec14abcb6cf675bb03c9167' Filled=0 Fill price=0 Error='No error' Native error='',
8/5/2026 8:26:14 PM,Order,Order='e207653313a24ebc970264a22950753c/Sim101' Name='Target1' New state='Cancel submitted' Instrument='MES SEP26' Action='Sell' Limit price=7763.75 Stop price=0 Quantity=4 Type='Limit' Time in force=GTC Oco='271852c5c5364683be09f09fe2fa0201' Filled=0 Fill price=0 Error='No error' Native error='',
8/5/2026 8:26:14 PM,Default,Position grid close position,
8/5/2026 8:25:18 PM,Order,Order='a746f2a0b7d745d78b55abdd6b53b721/Sim101' Name='Target2' New state='Working' Instrument='MES SEP26' Action='Sell' Limit price=7764.25 Stop price=0 Quantity=4 Type='Limit' Time in force=GTC Oco='0a2886151ec14abcb6cf675bb03c9167' Filled=0 Fill price=0 Error='No error' Native error='',
8/5/2026 8:25:18 PM,Order,Order='436c4ce9c35a4fc48963d79767fd9691/Sim101' Name='Stop2' New state='Accepted' Instrument='MES SEP26' Action='Sell' Limit price=0 Stop price=7756.75 Quantity=4 Type='Stop Market' Time in force=GTC Oco='0a2886151ec14abcb6cf675bb03c9167' Filled=0 Fill price=0 Error='No error' Native error='',
8/5/2026 8:25:18 PM,Order,Order='a746f2a0b7d745d78b55abdd6b53b721/Sim101' Name='Target2' New state='Accepted' Instrument='MES SEP26' Action='Sell' Limit price=7764.25 Stop price=0 Quantity=4 Type='Limit' Time in force=GTC Oco='0a2886151ec14abcb6cf675bb03c9167' Filled=0 Fill price=0 Error='No error' Native error='',
8/5/2026 8:25:18 PM,Order,Order='e207653313a24ebc970264a22950753c/Sim101' Name='Target1' New state='Accepted' Instrument='MES SEP26' Action='Sell' Limit price=7763.75 Stop price=0 Quantity=4 Type='Limit' Time in force=GTC Oco='271852c5c5364683be09f09fe2fa0201' Filled=0 Fill price=0 Error='No error' Native error='',
8/5/2026 8:25:18 PM,Order,Order='e207653313a24ebc970264a22950753c/Sim101' Name='Target1' New state='Working' Instrument='MES SEP26' Action='Sell' Limit price=7763.75 Stop price=0 Quantity=4 Type='Limit' Time in force=GTC Oco='271852c5c5364683be09f09fe2fa0201' Filled=0 Fill price=0 Error='No error' Native error='',
8/5/2026 8:25:18 PM,Order,Order='00c01367098f4fb4bce181fb5b6c8c9f/Sim101' Name='Stop1' New state='Accepted' Instrument='MES SEP26' Action='Sell' Limit price=0 Stop price=7756.75 Quantity=4 Type='Stop Market' Time in force=GTC Oco='271852c5c5364683be09f09fe2fa0201' Filled=0 Fill price=0 Error='No error' Native error='',
8/5/2026 8:25:18 PM,Order,Order='a746f2a0b7d745d78b55abdd6b53b721/Sim101' Name='Target2' New state='Submitted' Instrument='MES SEP26' Action='Sell' Limit price=7764.25 Stop price=0 Quantity=4 Type='Limit' Time in force=GTC Oco='0a2886151ec14abcb6cf675bb03c9167' Filled=0 Fill price=0 Error='No error' Native error='',
8/5/2026 8:25:18 PM,Order,Order='436c4ce9c35a4fc48963d79767fd9691/Sim101' Name='Stop2' New state='Submitted' Instrument='MES SEP26' Action='Sell' Limit price=0 Stop price=7756.75 Quantity=4 Type='Stop Market' Time in force=GTC Oco='0a2886151ec14abcb6cf675bb03c9167' Filled=0 Fill price=0 Error='No error' Native error='',
8/5/2026 8:25:18 PM,Order,Order='e207653313a24ebc970264a22950753c/Sim101' Name='Target1' New state='Submitted' Instrument='MES SEP26' Action='Sell' Limit price=7763.75 Stop price=0 Quantity=4 Type='Limit' Time in force=GTC Oco='271852c5c5364683be09f09fe2fa0201' Filled=0 Fill price=0 Error='No error' Native error='',
8/5/2026 8:25:18 PM,Order,Order='00c01367098f4fb4bce181fb5b6c8c9f/Sim101' Name='Stop1' New state='Submitted' Instrument='MES SEP26' Action='Sell' Limit price=0 Stop price=7756.75 Quantity=4 Type='Stop Market' Time in force=GTC Oco='271852c5c5364683be09f09fe2fa0201' Filled=0 Fill price=0 Error='No error' Native error='',
8/5/2026 8:25:18 PM,Execution,Execution='13ef643124bc407482f7565c30b1d5eb' Instrument='MES SEP26' Account='Sim101' Exchange=Default Price=7761.75 Quantity=8 Market position=Long Operation=Operation_Add Order='02be26a524804f2a834e6c3a781e03fb' Time='8/5/2026 8:25 PM',
8/5/2026 8:25:18 PM,Position,Instrument='MES SEP26' Account='Sim101' Average price=7761.75 Quantity=8 Market position=Long Operation=Operation_Add,
8/5/2026 8:25:18 PM,Order,Order='02be26a524804f2a834e6c3a781e03fb/Sim101' Name='Entry' New state='Filled' Instrument='MES SEP26' Action='Buy' Limit price=0 Stop price=0 Quantity=8 Type='Market' Time in force=GTC Oco='' Filled=8 Fill price=7761.75 Error='No error' Native error='',
8/5/2026 8:25:18 PM,Order,Order='02be26a524804f2a834e6c3a781e03fb/Sim101' Name='Entry' New state='Working' Instrument='MES SEP26' Action='Buy' Limit price=0 Stop price=0 Quantity=8 Type='Market' Time in force=GTC Oco='' Filled=0 Fill price=0 Error='No error' Native error='',
8/5/2026 8:25:18 PM,Order,Order='02be26a524804f2a834e6c3a781e03fb/Sim101' Name='Entry' New state='Accepted' Instrument='MES SEP26' Action='Buy' Limit price=0 Stop price=0 Quantity=8 Type='Market' Time in force=GTC Oco='' Filled=0 Fill price=0 Error='No error' Native error='',
8/5/2026 8:25:18 PM,Order,Order='02be26a524804f2a834e6c3a781e03fb/Sim101' Name='Entry' New state='Submitted' Instrument='MES SEP26' Action='Buy' Limit price=0 Stop price=0 Quantity=8 Type='Market' Time in force=GTC Oco='' Filled=0 Fill price=0 Error='No error' Native error='',
8/5/2026 8:25:18 PM,Order,Chart Trader submitting order with strategy 'MES $200 SL5 - 1' (Ticks),
8/5/2026 8:25:04 PM,Position,Instrument='MES SEP26' Account='Sim101' Average price=0 Quantity=0 Market position=Flat Operation=Remove,
8/5/2026 8:25:03 PM,Order,Order='b58a31b641fd4870a995ec8a8400711c/Sim101' Name='Close' New state='Filled' Instrument='MES SEP26' Action='Sell' Limit price=0 Stop price=0 Quantity=10 Type='Market' Time in force=DAY Oco='' Filled=10 Fill price=7761.5 Error='No error' Native error='',
8/5/2026 8:25:03 PM,Execution,Execution='0dce59374b0a4065b3a2fa0b29e4dc5a' Instrument='MES SEP26' Account='Sim101' Exchange=Default Price=7761.5 Quantity=10 Market position=Short Operation=Operation_Add Order='b58a31b641fd4870a995ec8a8400711c' Time='8/5/2026 8:25 PM',
8/5/2026 8:25:03 PM,Order,Order='b58a31b641fd4870a995ec8a8400711c/Sim101' Name='Close' New state='Working' Instrument='MES SEP26' Action='Sell' Limit price=0 Stop price=0 Quantity=10 Type='Market' Time in force=DAY Oco='' Filled=0 Fill price=0 Error='No error' Native error='',
8/5/2026 8:25:03 PM,Order,Order='b58a31b641fd4870a995ec8a8400711c/Sim101' Name='Close' New state='Accepted' Instrument='MES SEP26' Action='Sell' Limit price=0 Stop price=0 Quantity=10 Type='Market' Time in force=DAY Oco='' Filled=0 Fill price=0 Error='No error' Native error='',
8/5/2026 8:25:03 PM,Order,Order='b58a31b641fd4870a995ec8a8400711c/Sim101' Name='Close' New state='Submitted' Instrument='MES SEP26' Action='Sell' Limit price=0 Stop price=0 Quantity=10 Type='Market' Time in force=DAY Oco='' Filled=0 Fill price=0 Error='No error' Native error='',
8/5/2026 8:25:03 PM,Order,Order='121f538037f44d7c88227bd1548a66a6/Sim101' Name='Target1' New state='Cancelled' Instrument='MES SEP26' Action='Sell' Limit price=7764.75 Stop price=0 Quantity=10 Type='Limit' Time in force=GTC Oco='6eeeb1b71dcb454a8f39125db93a7262' Filled=0 Fill price=0 Error='No error' Native error='',
8/5/2026 8:25:03 PM,Order,Order='9e2b51974b684809b2004a4b27a51934/Sim101' Name='Stop1' New state='Cancelled' Instrument='MES SEP26' Action='Sell' Limit price=0 Stop price=7758.75 Quantity=10 Type='Stop Market' Time in force=GTC Oco='6eeeb1b71dcb454a8f39125db93a7262' Filled=0 Fill price=0 Error='No error' Native error='',
8/5/2026 8:25:03 PM,Order,Order='9e2b51974b684809b2004a4b27a51934/Sim101' Name='Stop1' New state='Cancel submitted' Instrument='MES SEP26' Action='Sell' Limit price=0 Stop price=7758.75 Quantity=10 Type='Stop Market' Time in force=GTC Oco='6eeeb1b71dcb454a8f39125db93a7262' Filled=0 Fill price=0 Error='No error' Native error='',
8/5/2026 8:25:03 PM,Order,Order='121f538037f44d7c88227bd1548a66a6/Sim101' Name='Target1' New state='Cancel submitted' Instrument='MES SEP26' Action='Sell' Limit price=7764.75 Stop price=0 Quantity=10 Type='Limit' Time in force=GTC Oco='6eeeb1b71dcb454a8f39125db93a7262' Filled=0 Fill price=0 Error='No error' Native error='',
8/5/2026 8:25:03 PM,Default,Chart Trader close position,
8/5/2026 8:23:39 PM,Order,Order='121f538037f44d7c88227bd1548a66a6/Sim101' Name='Target1' New state='Working' Instrument='MES SEP26' Action='Sell' Limit price=7764.75 Stop price=0 Quantity=10 Type='Limit' Time in force=GTC Oco='6eeeb1b71dcb454a8f39125db93a7262' Filled=0 Fill price=0 Error='No error' Native error='',
8/5/2026 8:23:39 PM,Order,Order='121f538037f44d7c88227bd1548a66a6/Sim101' Name='Target1' New state='Accepted' Instrument='MES SEP26' Action='Sell' Limit price=7764.75 Stop price=0 Quantity=10 Type='Limit' Time in force=GTC Oco='6eeeb1b71dcb454a8f39125db93a7262' Filled=0 Fill price=0 Error='No error' Native error='',
8/5/2026 8:23:39 PM,Order,Order='9e2b51974b684809b2004a4b27a51934/Sim101' Name='Stop1' New state='Accepted' Instrument='MES SEP26' Action='Sell' Limit price=0 Stop price=7758.75 Quantity=10 Type='Stop Market' Time in force=GTC Oco='6eeeb1b71dcb454a8f39125db93a7262' Filled=0 Fill price=0 Error='No error' Native error='',
8/5/2026 8:23:38 PM,Order,Order='121f538037f44d7c88227bd1548a66a6/Sim101' Name='Target1' New state='Submitted' Instrument='MES SEP26' Action='Sell' Limit price=7764.75 Stop price=0 Quantity=10 Type='Limit' Time in force=GTC Oco='6eeeb1b71dcb454a8f39125db93a7262' Filled=0 Fill price=0 Error='No error' Native error='',
8/5/2026 8:23:38 PM,Position,Instrument='MES SEP26' Account='Sim101' Average price=7762.75 Quantity=10 Market position=Long Operation=Operation_Add,
8/5/2026 8:23:38 PM,Order,Order='9e2b51974b684809b2004a4b27a51934/Sim101' Name='Stop1' New state='Submitted' Instrument='MES SEP26' Action='Sell' Limit price=0 Stop price=7758.75 Quantity=10 Type='Stop Market' Time in force=GTC Oco='6eeeb1b71dcb454a8f39125db93a7262' Filled=0 Fill price=0 Error='No error' Native error='',
8/5/2026 8:23:38 PM,Execution,Execution='525e9874ddca48b7b5794870d0ae76a1' Instrument='MES SEP26' Account='Sim101' Exchange=Default Price=7762.75 Quantity=10 Market position=Long Operation=Operation_Add Order='05903b0bfc3943009d0a33fc103d0154' Time='8/5/2026 8:23 PM',
8/5/2026 8:23:38 PM,Order,Order='05903b0bfc3943009d0a33fc103d0154/Sim101' Name='Entry' New state='Filled' Instrument='MES SEP26' Action='Buy' Limit price=0 Stop price=0 Quantity=10 Type='Market' Time in force=GTC Oco='' Filled=10 Fill price=7762.75 Error='No error' Native error='',
8/5/2026 8:23:38 PM,Order,Order='05903b0bfc3943009d0a33fc103d0154/Sim101' Name='Entry' New state='Accepted' Instrument='MES SEP26' Action='Buy' Limit price=0 Stop price=0 Quantity=10 Type='Market' Time in force=GTC Oco='' Filled=0 Fill price=0 Error='No error' Native error='',
8/5/2026 8:23:38 PM,Order,Order='05903b0bfc3943009d0a33fc103d0154/Sim101' Name='Entry' New state='Working' Instrument='MES SEP26' Action='Buy' Limit price=0 Stop price=0 Quantity=10 Type='Market' Time in force=GTC Oco='' Filled=0 Fill price=0 Error='No error' Native error='',
8/5/2026 8:23:38 PM,Order,Order='05903b0bfc3943009d0a33fc103d0154/Sim101' Name='Entry' New state='Submitted' Instrument='MES SEP26' Action='Buy' Limit price=0 Stop price=0 Quantity=10 Type='Market' Time in force=GTC Oco='' Filled=0 Fill price=0 Error='No error' Native error='',
8/5/2026 8:23:38 PM,Order,Chart Trader submitting order with strategy 'MES $200 SL4 - 1' (Ticks),
8/5/2026 8:22:30 PM,Default,Enabling NinjaScript strategy 'SampleAtmStrategy/382222614' : On starting a real-time strategy - StartBehavior=WaitUntilFlat EntryHandling=All entries EntriesPerDirection=1 StopTargetHandling=Per entry execution ErrorHandling=Stop strategy cancel orders close positions ExitOnSessionClose=True / triggering 30 seconds before close SetOrderQuantityBy=Strategy ConnectionLossHandling=Recalculate DisconnectDelaySeconds=10 CancelEntriesOnStrategyDisable=False CancelExitsOnStrategyDisable=False Calculate=On bar close IsUnmanaged=False MaxRestarts=4 in 5 minutes,
8/5/2026 8:21:57 PM,Connection,Market data failed for 'MGC DEC26': 'get_order_book error : 13',
8/5/2026 8:21:57 PM,Connection,Market data failed for 'MES SEP26': 'get_order_book error : 13',
8/5/2026 8:21:57 PM,Connection,Using HDS (hds-us-nt-012.ninjatrader.com/31655),
8/5/2026 8:21:57 PM,Connection,Time to auto close position='12:00:00 AM' Enabled=False,
8/5/2026 8:21:56 PM,Connection,My Rithmic for NinjaTrader Brokerage: Primary connection=Connected Price feed=Connected,
8/5/2026 8:21:43 PM,Default,Restoring workspace 'SuperDOM 3'...,
8/5/2026 8:21:40 PM,Default,Auto close enabled=False,
8/5/2026 8:21:40 PM,Order,Order entry hot keys disabled,
8/5/2026 8:21:40 PM,Connection,My Rithmic for NinjaTrader Brokerage: Primary connection=Connecting Price feed=Connecting,
8/5/2026 8:21:40 PM,Default,Auto connecting 'My Rithmic for NinjaTrader Brokerage'...,
8/5/2026 8:21:40 PM,Connection,Using IS (is-us-nt-006.ninjatrader.com/31658),
8/5/2026 8:21:40 PM,Default,Automated trading disabled,
8/5/2026 8:21:40 PM,Default,Telemetry configuration updated to version 1003 (previous version 0).,
8/5/2026 8:21:35 PM,Default,Global simulation mode disabled,
8/5/2026 8:21:21 PM,Default,Session Break (Version 8.1.8.1),
8/5/2026 8:20:46 PM,Connection,My Rithmic for NinjaTrader Brokerage: Primary connection=Disconnected Price feed=Disconnected,
8/5/2026 8:20:46 PM,Connection,My Rithmic for NinjaTrader Brokerage: Primary connection=Disconnecting Price feed=Disconnecting,
8/5/2026 8:20:40 PM,Default,Workspace SuperDOM 3 not saved,
8/5/2026 8:20:38 PM,Default,Disabling NinjaScript strategy 'PttFollowerStrategy/382222609',
8/5/2026 8:19:52 PM,Default,Enabling NinjaScript strategy 'PttFollowerStrategy/382222609' : On starting a real-time strategy - StartBehavior=WaitUntilFlat EntryHandling=All entries EntriesPerDirection=1 StopTargetHandling=Per entry execution ErrorHandling=Stop strategy cancel orders close positions ExitOnSessionClose=False SetOrderQuantityBy=Strategy ConnectionLossHandling=Recalculate DisconnectDelaySeconds=10 CancelEntriesOnStrategyDisable=False CancelExitsOnStrategyDisable=False Calculate=On bar close IsUnmanaged=False MaxRestarts=4 in 5 minutes,
8/5/2026 7:38:53 PM,Default,Disabling NinjaScript strategy 'PttFollowerStrategy/382222609',
8/5/2026 6:43:18 PM,Position,Instrument='MES SEP26' Account='Sim101' Average price=0 Quantity=0 Market position=Flat Operation=Remove,
8/5/2026 6:43:18 PM,Execution,Execution='fd5c1c5fcac94a66a46d4826445182ca' Instrument='MES SEP26' Account='Sim101' Exchange=Default Price=7752.5 Quantity=8 Market position=Short Operation=Operation_Add Order='29f38693753e4a068248decf543b53b6' Time='8/5/2026 6:43 PM',
8/5/2026 6:43:18 PM,Order,Order='29f38693753e4a068248decf543b53b6/Sim101' Name='Close' New state='Filled' Instrument='MES SEP26' Action='Sell' Limit price=0 Stop price=0 Quantity=8 Type='Market' Time in force=DAY Oco='' Filled=8 Fill price=7752.5 Error='No error' Native error='',
8/5/2026 6:43:18 PM,Order,Order='29f38693753e4a068248decf543b53b6/Sim101' Name='Close' New state='Accepted' Instrument='MES SEP26' Action='Sell' Limit price=0 Stop price=0 Quantity=8 Type='Market' Time in force=DAY Oco='' Filled=0 Fill price=0 Error='No error' Native error='',
8/5/2026 6:43:18 PM,Order,Order='29f38693753e4a068248decf543b53b6/Sim101' Name='Close' New state='Working' Instrument='MES SEP26' Action='Sell' Limit price=0 Stop price=0 Quantity=8 Type='Market' Time in force=DAY Oco='' Filled=0 Fill price=0 Error='No error' Native error='',
8/5/2026 6:43:18 PM,Order,Order='29f38693753e4a068248decf543b53b6/Sim101' Name='Close' New state='Submitted' Instrument='MES SEP26' Action='Sell' Limit price=0 Stop price=0 Quantity=8 Type='Market' Time in force=DAY Oco='' Filled=0 Fill price=0 Error='No error' Native error='',
8/5/2026 6:43:18 PM,Order,Order='e60a4f3ee140450c916f3c2a44ab5189/Sim101' Name='Stop1' New state='Cancelled' Instrument='MES SEP26' Action='Sell' Limit price=0 Stop price=7747.75 Quantity=4 Type='Stop Market' Time in force=GTC Oco='401d7e0c15194a92bcf1434a90318dd5' Filled=0 Fill price=0 Error='No error' Native error='',
8/5/2026 6:43:18 PM,Order,Order='31a78885c3404837bf2336ae7285e7dd/Sim101' Name='Stop2' New state='Cancelled' Instrument='MES SEP26' Action='Sell' Limit price=0 Stop price=7747.75 Quantity=4 Type='Stop Market' Time in force=GTC Oco='f896f99d2833489dbfff0686a6f5e2bc' Filled=0 Fill price=0 Error='No error' Native error='',
8/5/2026 6:43:18 PM,Order,Order='04ad5e9ee6134b609550a723b317c2df/Sim101' Name='Target2' New state='Cancelled' Instrument='MES SEP26' Action='Sell' Limit price=7755.25 Stop price=0 Quantity=4 Type='Limit' Time in force=GTC Oco='f896f99d2833489dbfff0686a6f5e2bc' Filled=0 Fill price=0 Error='No error' Native error='',
8/5/2026 6:43:18 PM,Order,Order='54bac175d0dc41779dab417704340b7b/Sim101' Name='Target1' New state='Cancelled' Instrument='MES SEP26' Action='Sell' Limit price=7754.75 Stop price=0 Quantity=4 Type='Limit' Time in force=GTC Oco='401d7e0c15194a92bcf1434a90318dd5' Filled=0 Fill price=0 Error='No error' Native error='',
8/5/2026 6:43:18 PM,Order,Order='31a78885c3404837bf2336ae7285e7dd/Sim101' Name='Stop2' New state='Cancel submitted' Instrument='MES SEP26' Action='Sell' Limit price=0 Stop price=7747.75 Quantity=4 Type='Stop Market' Time in force=GTC Oco='f896f99d2833489dbfff0686a6f5e2bc' Filled=0 Fill price=0 Error='No error' Native error='',
8/5/2026 6:43:18 PM,Order,Order='e60a4f3ee140450c916f3c2a44ab5189/Sim101' Name='Stop1' New state='Cancel submitted' Instrument='MES SEP26' Action='Sell' Limit price=0 Stop price=7747.75 Quantity=4 Type='Stop Market' Time in force=GTC Oco='401d7e0c15194a92bcf1434a90318dd5' Filled=0 Fill price=0 Error='No error' Native error='',
8/5/2026 6:43:18 PM,Order,Order='04ad5e9ee6134b609550a723b317c2df/Sim101' Name='Target2' New state='Cancel submitted' Instrument='MES SEP26' Action='Sell' Limit price=7755.25 Stop price=0 Quantity=4 Type='Limit' Time in force=GTC Oco='f896f99d2833489dbfff0686a6f5e2bc' Filled=0 Fill price=0 Error='No error' Native error='',
8/5/2026 6:43:18 PM,Order,Order='54bac175d0dc41779dab417704340b7b/Sim101' Name='Target1' New state='Cancel submitted' Instrument='MES SEP26' Action='Sell' Limit price=7754.75 Stop price=0 Quantity=4 Type='Limit' Time in force=GTC Oco='401d7e0c15194a92bcf1434a90318dd5' Filled=0 Fill price=0 Error='No error' Native error='',
8/5/2026 6:43:18 PM,Default,Chart Trader close position,
8/5/2026 6:42:51 PM,Order,Order='04ad5e9ee6134b609550a723b317c2df/Sim101' Name='Target2' New state='Accepted' Instrument='MES SEP26' Action='Sell' Limit price=7755.25 Stop price=0 Quantity=4 Type='Limit' Time in force=GTC Oco='f896f99d2833489dbfff0686a6f5e2bc' Filled=0 Fill price=0 Error='No error' Native error='',
8/5/2026 6:42:51 PM,Order,Order='04ad5e9ee6134b609550a723b317c2df/Sim101' Name='Target2' New state='Working' Instrument='MES SEP26' Action='Sell' Limit price=7755.25 Stop price=0 Quantity=4 Type='Limit' Time in force=GTC Oco='f896f99d2833489dbfff0686a6f5e2bc' Filled=0 Fill price=0 Error='No error' Native error='',
8/5/2026 6:42:51 PM,Order,Order='e60a4f3ee140450c916f3c2a44ab5189/Sim101' Name='Stop1' New state='Accepted' Instrument='MES SEP26' Action='Sell' Limit price=0 Stop price=7747.75 Quantity=4 Type='Stop Market' Time in force=GTC Oco='401d7e0c15194a92bcf1434a90318dd5' Filled=0 Fill price=0 Error='No error' Native error='',
8/5/2026 6:42:51 PM,Order,Order='54bac175d0dc41779dab417704340b7b/Sim101' Name='Target1' New state='Working' Instrument='MES SEP26' Action='Sell' Limit price=7754.75 Stop price=0 Quantity=4 Type='Limit' Time in force=GTC Oco='401d7e0c15194a92bcf1434a90318dd5' Filled=0 Fill price=0 Error='No error' Native error='',
8/5/2026 6:42:51 PM,Order,Order='54bac175d0dc41779dab417704340b7b/Sim101' Name='Target1' New state='Accepted' Instrument='MES SEP26' Action='Sell' Limit price=7754.75 Stop price=0 Quantity=4 Type='Limit' Time in force=GTC Oco='401d7e0c15194a92bcf1434a90318dd5' Filled=0 Fill price=0 Error='No error' Native error='',
8/5/2026 6:42:51 PM,Order,Order='31a78885c3404837bf2336ae7285e7dd/Sim101' Name='Stop2' New state='Accepted' Instrument='MES SEP26' Action='Sell' Limit price=0 Stop price=7747.75 Quantity=4 Type='Stop Market' Time in force=GTC Oco='f896f99d2833489dbfff0686a6f5e2bc' Filled=0 Fill price=0 Error='No error' Native error='',
8/5/2026 6:42:50 PM,Order,Order='04ad5e9ee6134b609550a723b317c2df/Sim101' Name='Target2' New state='Submitted' Instrument='MES SEP26' Action='Sell' Limit price=7755.25 Stop price=0 Quantity=4 Type='Limit' Time in force=GTC Oco='f896f99d2833489dbfff0686a6f5e2bc' Filled=0 Fill price=0 Error='No error' Native error='',
8/5/2026 6:42:50 PM,Order,Order='31a78885c3404837bf2336ae7285e7dd/Sim101' Name='Stop2' New state='Submitted' Instrument='MES SEP26' Action='Sell' Limit price=0 Stop price=7747.75 Quantity=4 Type='Stop Market' Time in force=GTC Oco='f896f99d2833489dbfff0686a6f5e2bc' Filled=0 Fill price=0 Error='No error' Native error='',
8/5/2026 6:42:50 PM,Order,Order='54bac175d0dc41779dab417704340b7b/Sim101' Name='Target1' New state='Submitted' Instrument='MES SEP26' Action='Sell' Limit price=7754.75 Stop price=0 Quantity=4 Type='Limit' Time in force=GTC Oco='401d7e0c15194a92bcf1434a90318dd5' Filled=0 Fill price=0 Error='No error' Native error='',
8/5/2026 6:42:50 PM,Order,Order='e60a4f3ee140450c916f3c2a44ab5189/Sim101' Name='Stop1' New state='Submitted' Instrument='MES SEP26' Action='Sell' Limit price=0 Stop price=7747.75 Quantity=4 Type='Stop Market' Time in force=GTC Oco='401d7e0c15194a92bcf1434a90318dd5' Filled=0 Fill price=0 Error='No error' Native error='',
8/5/2026 6:42:50 PM,Order,Order='6de205fc85e040b298e0ead264223aba/Sim101' Name='Entry' New state='Filled' Instrument='MES SEP26' Action='Buy' Limit price=0 Stop price=0 Quantity=8 Type='Market' Time in force=GTC Oco='' Filled=8 Fill price=7752.75 Error='No error' Native error='',
8/5/2026 6:42:50 PM,Execution,Execution='ca5a923e76fd45fcbca49bdab88672af' Instrument='MES SEP26' Account='Sim101' Exchange=Default Price=7752.75 Quantity=8 Market position=Long Operation=Operation_Add Order='6de205fc85e040b298e0ead264223aba' Time='8/5/2026 6:42 PM',
8/5/2026 6:42:50 PM,Position,Instrument='MES SEP26' Account='Sim101' Average price=7752.75 Quantity=8 Market position=Long Operation=Operation_Add,
8/5/2026 6:42:50 PM,Order,Order='6de205fc85e040b298e0ead264223aba/Sim101' Name='Entry' New state='Accepted' Instrument='MES SEP26' Action='Buy' Limit price=0 Stop price=0 Quantity=8 Type='Market' Time in force=GTC Oco='' Filled=0 Fill price=0 Error='No error' Native error='',
8/5/2026 6:42:50 PM,Order,Order='6de205fc85e040b298e0ead264223aba/Sim101' Name='Entry' New state='Working' Instrument='MES SEP26' Action='Buy' Limit price=0 Stop price=0 Quantity=8 Type='Market' Time in force=GTC Oco='' Filled=0 Fill price=0 Error='No error' Native error='',
8/5/2026 6:42:50 PM,Order,Order='6de205fc85e040b298e0ead264223aba/Sim101' Name='Entry' New state='Submitted' Instrument='MES SEP26' Action='Buy' Limit price=0 Stop price=0 Quantity=8 Type='Market' Time in force=GTC Oco='' Filled=0 Fill price=0 Error='No error' Native error='',
8/5/2026 6:42:50 PM,Order,Chart Trader submitting order with strategy 'MES $200 SL5 - 1' (Ticks),
8/5/2026 6:39:47 PM,Position,Instrument='MES SEP26' Account='Sim101' Average price=0 Quantity=0 Market position=Flat Operation=Remove,
8/5/2026 6:39:47 PM,Execution,Execution='450a1ac5f1be40e28d22a6e30f70e998' Instrument='MES SEP26' Account='Sim101' Exchange=Default Price=7752.75 Quantity=8 Market position=Short Operation=Operation_Add Order='f36ab62fcc5a4103a3af10e951ec8173' Time='8/5/2026 6:39 PM',
8/5/2026 6:39:47 PM,Order,Order='f36ab62fcc5a4103a3af10e951ec8173/Sim101' Name='Close' New state='Filled' Instrument='MES SEP26' Action='Sell' Limit price=0 Stop price=0 Quantity=8 Type='Market' Time in force=DAY Oco='' Filled=8 Fill price=7752.75 Error='No error' Native error='',
8/5/2026 6:39:47 PM,Order,Order='f36ab62fcc5a4103a3af10e951ec8173/Sim101' Name='Close' New state='Working' Instrument='MES SEP26' Action='Sell' Limit price=0 Stop price=0 Quantity=8 Type='Market' Time in force=DAY Oco='' Filled=0 Fill price=0 Error='No error' Native error='',
8/5/2026 6:39:47 PM,Order,Order='f36ab62fcc5a4103a3af10e951ec8173/Sim101' Name='Close' New state='Accepted' Instrument='MES SEP26' Action='Sell' Limit price=0 Stop price=0 Quantity=8 Type='Market' Time in force=DAY Oco='' Filled=0 Fill price=0 Error='No error' Native error='',
8/5/2026 6:39:47 PM,Order,Order='f36ab62fcc5a4103a3af10e951ec8173/Sim101' Name='Close' New state='Submitted' Instrument='MES SEP26' Action='Sell' Limit price=0 Stop price=0 Quantity=8 Type='Market' Time in force=DAY Oco='' Filled=0 Fill price=0 Error='No error' Native error='',
8/5/2026 6:39:47 PM,Order,Order='edd381c1728a45c09b17d4340c21f38b/Sim101' Name='Target2' New state='Cancelled' Instrument='MES SEP26' Action='Sell' Limit price=7755 Stop price=0 Quantity=4 Type='Limit' Time in force=GTC Oco='8edd0d843481448b95170a394d95dc6d' Filled=0 Fill price=0 Error='No error' Native error='',
8/5/2026 6:39:47 PM,Order,Order='01a09ced863542ddb50ef5309ca2a9d6/Sim101' Name='Stop1' New state='Cancelled' Instrument='MES SEP26' Action='Sell' Limit price=0 Stop price=7747.5 Quantity=4 Type='Stop Market' Time in force=GTC Oco='b69bdd98ba224276a3d24b2a622ed666' Filled=0 Fill price=0 Error='No error' Native error='',
8/5/2026 6:39:47 PM,Order,Order='21e1263463a54101a3bea67f85944e73/Sim101' Name='Stop2' New state='Cancelled' Instrument='MES SEP26' Action='Sell' Limit price=0 Stop price=7747.5 Quantity=4 Type='Stop Market' Time in force=GTC Oco='8edd0d843481448b95170a394d95dc6d' Filled=0 Fill price=0 Error='No error' Native error='',
8/5/2026 6:39:47 PM,Order,Order='b72648a47fb64e1c8393dfe60a74938d/Sim101' Name='Target1' New state='Cancelled' Instrument='MES SEP26' Action='Sell' Limit price=7754.5 Stop price=0 Quantity=4 Type='Limit' Time in force=GTC Oco='b69bdd98ba224276a3d24b2a622ed666' Filled=0 Fill price=0 Error='No error' Native error='',
8/5/2026 6:39:47 PM,Order,Order='21e1263463a54101a3bea67f85944e73/Sim101' Name='Stop2' New state='Cancel submitted' Instrument='MES SEP26' Action='Sell' Limit price=0 Stop price=7747.5 Quantity=4 Type='Stop Market' Time in force=GTC Oco='8edd0d843481448b95170a394d95dc6d' Filled=0 Fill price=0 Error='No error' Native error='',
8/5/2026 6:39:47 PM,Order,Order='01a09ced863542ddb50ef5309ca2a9d6/Sim101' Name='Stop1' New state='Cancel submitted' Instrument='MES SEP26' Action='Sell' Limit price=0 Stop price=7747.5 Quantity=4 Type='Stop Market' Time in force=GTC Oco='b69bdd98ba224276a3d24b2a622ed666' Filled=0 Fill price=0 Error='No error' Native error='',
8/5/2026 6:39:47 PM,Order,Order='edd381c1728a45c09b17d4340c21f38b/Sim101' Name='Target2' New state='Cancel submitted' Instrument='MES SEP26' Action='Sell' Limit price=7755 Stop price=0 Quantity=4 Type='Limit' Time in force=GTC Oco='8edd0d843481448b95170a394d95dc6d' Filled=0 Fill price=0 Error='No error' Native error='',
8/5/2026 6:39:47 PM,Order,Order='b72648a47fb64e1c8393dfe60a74938d/Sim101' Name='Target1' New state='Cancel submitted' Instrument='MES SEP26' Action='Sell' Limit price=7754.5 Stop price=0 Quantity=4 Type='Limit' Time in force=GTC Oco='b69bdd98ba224276a3d24b2a622ed666' Filled=0 Fill price=0 Error='No error' Native error='',
8/5/2026 6:39:47 PM,Default,Chart Trader close position,
8/5/2026 6:38:51 PM,Order,Order='edd381c1728a45c09b17d4340c21f38b/Sim101' Name='Target2' New state='Working' Instrument='MES SEP26' Action='Sell' Limit price=7755 Stop price=0 Quantity=4 Type='Limit' Time in force=GTC Oco='8edd0d843481448b95170a394d95dc6d' Filled=0 Fill price=0 Error='No error' Native error='',
8/5/2026 6:38:51 PM,Order,Order='edd381c1728a45c09b17d4340c21f38b/Sim101' Name='Target2' New state='Accepted' Instrument='MES SEP26' Action='Sell' Limit price=7755 Stop price=0 Quantity=4 Type='Limit' Time in force=GTC Oco='8edd0d843481448b95170a394d95dc6d' Filled=0 Fill price=0 Error='No error' Native error='',
8/5/2026 6:38:51 PM,Order,Order='21e1263463a54101a3bea67f85944e73/Sim101' Name='Stop2' New state='Accepted' Instrument='MES SEP26' Action='Sell' Limit price=0 Stop price=7747.5 Quantity=4 Type='Stop Market' Time in force=GTC Oco='8edd0d843481448b95170a394d95dc6d' Filled=0 Fill price=0 Error='No error' Native error='',
8/5/2026 6:38:51 PM,Order,Order='b72648a47fb64e1c8393dfe60a74938d/Sim101' Name='Target1' New state='Working' Instrument='MES SEP26' Action='Sell' Limit price=7754.5 Stop price=0 Quantity=4 Type='Limit' Time in force=GTC Oco='b69bdd98ba224276a3d24b2a622ed666' Filled=0 Fill price=0 Error='No error' Native error='',
8/5/2026 6:38:51 PM,Order,Order='b72648a47fb64e1c8393dfe60a74938d/Sim101' Name='Target1' New state='Accepted' Instrument='MES SEP26' Action='Sell' Limit price=7754.5 Stop price=0 Quantity=4 Type='Limit' Time in force=GTC Oco='b69bdd98ba224276a3d24b2a622ed666' Filled=0 Fill price=0 Error='No error' Native error='',
8/5/2026 6:38:51 PM,Order,Order='01a09ced863542ddb50ef5309ca2a9d6/Sim101' Name='Stop1' New state='Accepted' Instrument='MES SEP26' Action='Sell' Limit price=0 Stop price=7747.5 Quantity=4 Type='Stop Market' Time in force=GTC Oco='b69bdd98ba224276a3d24b2a622ed666' Filled=0 Fill price=0 Error='No error' Native error='',
8/5/2026 6:38:51 PM,Order,Order='edd381c1728a45c09b17d4340c21f38b/Sim101' Name='Target2' New state='Submitted' Instrument='MES SEP26' Action='Sell' Limit price=7755 Stop price=0 Quantity=4 Type='Limit' Time in force=GTC Oco='8edd0d843481448b95170a394d95dc6d' Filled=0 Fill price=0 Error='No error' Native error='',
8/5/2026 6:38:51 PM,Order,Order='21e1263463a54101a3bea67f85944e73/Sim101' Name='Stop2' New state='Submitted' Instrument='MES SEP26' Action='Sell' Limit price=0 Stop price=7747.5 Quantity=4 Type='Stop Market' Time in force=GTC Oco='8edd0d843481448b95170a394d95dc6d' Filled=0 Fill price=0 Error='No error' Native error='',
8/5/2026 6:38:51 PM,Order,Order='b72648a47fb64e1c8393dfe60a74938d/Sim101' Name='Target1' New state='Submitted' Instrument='MES SEP26' Action='Sell' Limit price=7754.5 Stop price=0 Quantity=4 Type='Limit' Time in force=GTC Oco='b69bdd98ba224276a3d24b2a622ed666' Filled=0 Fill price=0 Error='No error' Native error='',
8/5/2026 6:38:51 PM,Order,Order='01a09ced863542ddb50ef5309ca2a9d6/Sim101' Name='Stop1' New state='Submitted' Instrument='MES SEP26' Action='Sell' Limit price=0 Stop price=7747.5 Quantity=4 Type='Stop Market' Time in force=GTC Oco='b69bdd98ba224276a3d24b2a622ed666' Filled=0 Fill price=0 Error='No error' Native error='',
8/5/2026 6:38:51 PM,Position,Instrument='MES SEP26' Account='Sim101' Average price=7752.5 Quantity=8 Market position=Long Operation=Operation_Add,
8/5/2026 6:38:51 PM,Execution,Execution='bda30a2ea7dc4faa84f39fbcfe310a5e' Instrument='MES SEP26' Account='Sim101' Exchange=Default Price=7752.5 Quantity=8 Market position=Long Operation=Operation_Add Order='6399e23b04374805a23601c8c7db48c7' Time='8/5/2026 6:38 PM',
8/5/2026 6:38:51 PM,Order,Order='6399e23b04374805a23601c8c7db48c7/Sim101' Name='Entry' New state='Filled' Instrument='MES SEP26' Action='Buy' Limit price=0 Stop price=0 Quantity=8 Type='Market' Time in force=GTC Oco='' Filled=8 Fill price=7752.5 Error='No error' Native error='',
8/5/2026 6:38:51 PM,Order,Order='6399e23b04374805a23601c8c7db48c7/Sim101' Name='Entry' New state='Working' Instrument='MES SEP26' Action='Buy' Limit price=0 Stop price=0 Quantity=8 Type='Market' Time in force=GTC Oco='' Filled=0 Fill price=0 Error='No error' Native error='',
8/5/2026 6:38:51 PM,Order,Order='6399e23b04374805a23601c8c7db48c7/Sim101' Name='Entry' New state='Accepted' Instrument='MES SEP26' Action='Buy' Limit price=0 Stop price=0 Quantity=8 Type='Market' Time in force=GTC Oco='' Filled=0 Fill price=0 Error='No error' Native error='',
8/5/2026 6:38:51 PM,Order,Order='6399e23b04374805a23601c8c7db48c7/Sim101' Name='Entry' New state='Submitted' Instrument='MES SEP26' Action='Buy' Limit price=0 Stop price=0 Quantity=8 Type='Market' Time in force=GTC Oco='' Filled=0 Fill price=0 Error='No error' Native error='',
8/5/2026 6:38:51 PM,Order,Chart Trader submitting order with strategy 'MES $200 SL5 - 1' (Ticks),
8/5/2026 6:38:24 PM,Position,Instrument='MES SEP26' Account='Sim101' Average price=0 Quantity=0 Market position=Flat Operation=Remove,
8/5/2026 6:38:24 PM,Order,Order='cb528d113499495eb939211e80e27e9c/Sim101' Name='Close' New state='Filled' Instrument='MES SEP26' Action='Sell' Limit price=0 Stop price=0 Quantity=8 Type='Market' Time in force=DAY Oco='' Filled=8 Fill price=7752 Error='No error' Native error='',
8/5/2026 6:38:24 PM,Execution,Execution='7e1cdb9bf8b14ed4b9d5b558b33d807d' Instrument='MES SEP26' Account='Sim101' Exchange=Default Price=7752 Quantity=8 Market position=Short Operation=Operation_Add Order='cb528d113499495eb939211e80e27e9c' Time='8/5/2026 6:38 PM',
8/5/2026 6:38:24 PM,Order,Order='cb528d113499495eb939211e80e27e9c/Sim101' Name='Close' New state='Accepted' Instrument='MES SEP26' Action='Sell' Limit price=0 Stop price=0 Quantity=8 Type='Market' Time in force=DAY Oco='' Filled=0 Fill price=0 Error='No error' Native error='',
8/5/2026 6:38:24 PM,Order,Order='cb528d113499495eb939211e80e27e9c/Sim101' Name='Close' New state='Working' Instrument='MES SEP26' Action='Sell' Limit price=0 Stop price=0 Quantity=8 Type='Market' Time in force=DAY Oco='' Filled=0 Fill price=0 Error='No error' Native error='',
8/5/2026 6:38:24 PM,Order,Order='cb528d113499495eb939211e80e27e9c/Sim101' Name='Close' New state='Submitted' Instrument='MES SEP26' Action='Sell' Limit price=0 Stop price=0 Quantity=8 Type='Market' Time in force=DAY Oco='' Filled=0 Fill price=0 Error='No error' Native error='',
8/5/2026 6:38:24 PM,Order,Order='e7f8f26450c64d8ebc28460627154fe5/Sim101' Name='Stop1' New state='Cancelled' Instrument='MES SEP26' Action='Sell' Limit price=0 Stop price=7748.5 Quantity=4 Type='Stop Market' Time in force=GTC Oco='0e4043891564406687618ffaea8b8771' Filled=0 Fill price=0 Error='No error' Native error='',
8/5/2026 6:38:24 PM,Order,Order='6a0a582bdd494a419930a0b969df829a/Sim101' Name='Target2' New state='Cancelled' Instrument='MES SEP26' Action='Sell' Limit price=7756 Stop price=0 Quantity=4 Type='Limit' Time in force=GTC Oco='a5834d2193534f1e9fba527720fa1720' Filled=0 Fill price=0 Error='No error' Native error='',
8/5/2026 6:38:24 PM,Order,Order='25c8d4601da5438fb853442f233b3f36/Sim101' Name='Target1' New state='Cancelled' Instrument='MES SEP26' Action='Sell' Limit price=7755.5 Stop price=0 Quantity=4 Type='Limit' Time in force=GTC Oco='0e4043891564406687618ffaea8b8771' Filled=0 Fill price=0 Error='No error' Native error='',
8/5/2026 6:38:24 PM,Order,Order='3307e14d48f8465f8166e5afcf94ec10/Sim101' Name='Stop2' New state='Cancelled' Instrument='MES SEP26' Action='Sell' Limit price=0 Stop price=7748.5 Quantity=4 Type='Stop Market' Time in force=GTC Oco='a5834d2193534f1e9fba527720fa1720' Filled=0 Fill price=0 Error='No error' Native error='',
8/5/2026 6:38:24 PM,Order,Order='3307e14d48f8465f8166e5afcf94ec10/Sim101' Name='Stop2' New state='Cancel submitted' Instrument='MES SEP26' Action='Sell' Limit price=0 Stop price=7748.5 Quantity=4 Type='Stop Market' Time in force=GTC Oco='a5834d2193534f1e9fba527720fa1720' Filled=0 Fill price=0 Error='No error' Native error='',
8/5/2026 6:38:24 PM,Order,Order='e7f8f26450c64d8ebc28460627154fe5/Sim101' Name='Stop1' New state='Cancel submitted' Instrument='MES SEP26' Action='Sell' Limit price=0 Stop price=7748.5 Quantity=4 Type='Stop Market' Time in force=GTC Oco='0e4043891564406687618ffaea8b8771' Filled=0 Fill price=0 Error='No error' Native error='',
8/5/2026 6:38:24 PM,Order,Order='6a0a582bdd494a419930a0b969df829a/Sim101' Name='Target2' New state='Cancel submitted' Instrument='MES SEP26' Action='Sell' Limit price=7756 Stop price=0 Quantity=4 Type='Limit' Time in force=GTC Oco='a5834d2193534f1e9fba527720fa1720' Filled=0 Fill price=0 Error='No error' Native error='',
8/5/2026 6:38:24 PM,Order,Order='25c8d4601da5438fb853442f233b3f36/Sim101' Name='Target1' New state='Cancel submitted' Instrument='MES SEP26' Action='Sell' Limit price=7755.5 Stop price=0 Quantity=4 Type='Limit' Time in force=GTC Oco='0e4043891564406687618ffaea8b8771' Filled=0 Fill price=0 Error='No error' Native error='',
8/5/2026 6:38:24 PM,Default,Chart Trader close position,
8/5/2026 6:37:47 PM,Order,Order='6a0a582bdd494a419930a0b969df829a/Sim101' Name='Target2' New state='Working' Instrument='MES SEP26' Action='Sell' Limit price=7756 Stop price=0 Quantity=4 Type='Limit' Time in force=GTC Oco='a5834d2193534f1e9fba527720fa1720' Filled=0 Fill price=0 Error='No error' Native error='',
8/5/2026 6:37:47 PM,Order,Order='3307e14d48f8465f8166e5afcf94ec10/Sim101' Name='Stop2' New state='Accepted' Instrument='MES SEP26' Action='Sell' Limit price=0 Stop price=7748.5 Quantity=4 Type='Stop Market' Time in force=GTC Oco='a5834d2193534f1e9fba527720fa1720' Filled=0 Fill price=0 Error='No error' Native error='',
8/5/2026 6:37:47 PM,Order,Order='6a0a582bdd494a419930a0b969df829a/Sim101' Name='Target2' New state='Accepted' Instrument='MES SEP26' Action='Sell' Limit price=7756 Stop price=0 Quantity=4 Type='Limit' Time in force=GTC Oco='a5834d2193534f1e9fba527720fa1720' Filled=0 Fill price=0 Error='No error' Native error='',
8/5/2026 6:37:47 PM,Order,Order='25c8d4601da5438fb853442f233b3f36/Sim101' Name='Target1' New state='Accepted' Instrument='MES SEP26' Action='Sell' Limit price=7755.5 Stop price=0 Quantity=4 Type='Limit' Time in force=GTC Oco='0e4043891564406687618ffaea8b8771' Filled=0 Fill price=0 Error='No error' Native error='',
8/5/2026 6:37:47 PM,Order,Order='25c8d4601da5438fb853442f233b3f36/Sim101' Name='Target1' New state='Working' Instrument='MES SEP26' Action='Sell' Limit price=7755.5 Stop price=0 Quantity=4 Type='Limit' Time in force=GTC Oco='0e4043891564406687618ffaea8b8771' Filled=0 Fill price=0 Error='No error' Native error='',
8/5/2026 6:37:47 PM,Order,Order='e7f8f26450c64d8ebc28460627154fe5/Sim101' Name='Stop1' New state='Accepted' Instrument='MES SEP26' Action='Sell' Limit price=0 Stop price=7748.5 Quantity=4 Type='Stop Market' Time in force=GTC Oco='0e4043891564406687618ffaea8b8771' Filled=0 Fill price=0 Error='No error' Native error='',
8/5/2026 6:37:46 PM,Order,Order='6a0a582bdd494a419930a0b969df829a/Sim101' Name='Target2' New state='Submitted' Instrument='MES SEP26' Action='Sell' Limit price=7756 Stop price=0 Quantity=4 Type='Limit' Time in force=GTC Oco='a5834d2193534f1e9fba527720fa1720' Filled=0 Fill price=0 Error='No error' Native error='',
8/5/2026 6:37:46 PM,Order,Order='3307e14d48f8465f8166e5afcf94ec10/Sim101' Name='Stop2' New state='Submitted' Instrument='MES SEP26' Action='Sell' Limit price=0 Stop price=7748.5 Quantity=4 Type='Stop Market' Time in force=GTC Oco='a5834d2193534f1e9fba527720fa1720' Filled=0 Fill price=0 Error='No error' Native error='',
8/5/2026 6:37:46 PM,Order,Order='25c8d4601da5438fb853442f233b3f36/Sim101' Name='Target1' New state='Submitted' Instrument='MES SEP26' Action='Sell' Limit price=7755.5 Stop price=0 Quantity=4 Type='Limit' Time in force=GTC Oco='0e4043891564406687618ffaea8b8771' Filled=0 Fill price=0 Error='No error' Native error='',
8/5/2026 6:37:46 PM,Order,Order='e7f8f26450c64d8ebc28460627154fe5/Sim101' Name='Stop1' New state='Submitted' Instrument='MES SEP26' Action='Sell' Limit price=0 Stop price=7748.5 Quantity=4 Type='Stop Market' Time in force=GTC Oco='0e4043891564406687618ffaea8b8771' Filled=0 Fill price=0 Error='No error' Native error='',
8/5/2026 6:37:46 PM,Position,Instrument='MES SEP26' Account='Sim101' Average price=7753.5 Quantity=8 Market position=Long Operation=Operation_Add,
8/5/2026 6:37:46 PM,Execution,Execution='f92672c73a4e424db8411d4984bea9f1' Instrument='MES SEP26' Account='Sim101' Exchange=Default Price=7753.5 Quantity=8 Market position=Long Operation=Operation_Add Order='689a913ea4bc4384bae5fc306dd82df9' Time='8/5/2026 6:37 PM',
8/5/2026 6:37:46 PM,Order,Order='689a913ea4bc4384bae5fc306dd82df9/Sim101' Name='Entry' New state='Filled' Instrument='MES SEP26' Action='Buy' Limit price=0 Stop price=0 Quantity=8 Type='Market' Time in force=GTC Oco='' Filled=8 Fill price=7753.5 Error='No error' Native error='',
8/5/2026 6:37:46 PM,Order,Order='689a913ea4bc4384bae5fc306dd82df9/Sim101' Name='Entry' New state='Working' Instrument='MES SEP26' Action='Buy' Limit price=0 Stop price=0 Quantity=8 Type='Market' Time in force=GTC Oco='' Filled=0 Fill price=0 Error='No error' Native error='',
8/5/2026 6:37:46 PM,Order,Order='689a913ea4bc4384bae5fc306dd82df9/Sim101' Name='Entry' New state='Accepted' Instrument='MES SEP26' Action='Buy' Limit price=0 Stop price=0 Quantity=8 Type='Market' Time in force=GTC Oco='' Filled=0 Fill price=0 Error='No error' Native error='',
8/5/2026 6:37:46 PM,Order,Order='689a913ea4bc4384bae5fc306dd82df9/Sim101' Name='Entry' New state='Submitted' Instrument='MES SEP26' Action='Buy' Limit price=0 Stop price=0 Quantity=8 Type='Market' Time in force=GTC Oco='' Filled=0 Fill price=0 Error='No error' Native error='',
8/5/2026 6:37:46 PM,Order,Chart Trader submitting order with strategy 'MES $200 SL5 - 1' (Ticks),
8/5/2026 6:37:43 PM,Position,Instrument='MES SEP26' Account='Sim101' Average price=0 Quantity=0 Market position=Flat Operation=Remove,
8/5/2026 6:37:43 PM,Execution,Execution='6c1c0fda0fbd4888aecea40dbc245a33' Instrument='MES SEP26' Account='Sim101' Exchange=Default Price=7753.25 Quantity=4 Market position=Short Operation=Operation_Add Order='bd5f989fa1ce433a850d6f104e0f2371' Time='8/5/2026 6:37 PM',
8/5/2026 6:37:43 PM,Order,Order='bd5f989fa1ce433a850d6f104e0f2371/Sim101' Name='Close' New state='Filled' Instrument='MES SEP26' Action='Sell' Limit price=0 Stop price=0 Quantity=4 Type='Market' Time in force=DAY Oco='' Filled=4 Fill price=7753.25 Error='No error' Native error='',
8/5/2026 6:37:43 PM,Order,Order='bd5f989fa1ce433a850d6f104e0f2371/Sim101' Name='Close' New state='Accepted' Instrument='MES SEP26' Action='Sell' Limit price=0 Stop price=0 Quantity=4 Type='Market' Time in force=DAY Oco='' Filled=0 Fill price=0 Error='No error' Native error='',
8/5/2026 6:37:43 PM,Order,Order='bd5f989fa1ce433a850d6f104e0f2371/Sim101' Name='Close' New state='Working' Instrument='MES SEP26' Action='Sell' Limit price=0 Stop price=0 Quantity=4 Type='Market' Time in force=DAY Oco='' Filled=0 Fill price=0 Error='No error' Native error='',
8/5/2026 6:37:43 PM,Order,Order='bd5f989fa1ce433a850d6f104e0f2371/Sim101' Name='Close' New state='Submitted' Instrument='MES SEP26' Action='Sell' Limit price=0 Stop price=0 Quantity=4 Type='Market' Time in force=DAY Oco='' Filled=0 Fill price=0 Error='No error' Native error='',
8/5/2026 6:37:43 PM,Default,Chart Trader close position,
8/5/2026 6:37:40 PM,Order,Order='330c555ddb304d6b82dbf3432174df34/Sim101' Name='Target2' New state='Cancelled' Instrument='MES SEP26' Action='Sell' Limit price=7754 Stop price=0 Quantity=4 Type='Limit' Time in force=GTC Oco='b8dee25d03db4805bbe4858686576116' Filled=0 Fill price=0 Error='No error' Native error='',
8/5/2026 6:37:40 PM,Order,Order='c35991f8121241ebb49ef4dca04447ed/Sim101' Name='Stop2' New state='Cancelled' Instrument='MES SEP26' Action='Sell' Limit price=0 Stop price=7752 Quantity=4 Type='Stop Market' Time in force=GTC Oco='b8dee25d03db4805bbe4858686576116' Filled=0 Fill price=0 Error='No error' Native error='',
8/5/2026 6:37:40 PM,Order,Order='c35991f8121241ebb49ef4dca04447ed/Sim101' Name='Stop2' New state='Cancel submitted' Instrument='MES SEP26' Action='Sell' Limit price=0 Stop price=7752 Quantity=4 Type='Stop Market' Time in force=GTC Oco='b8dee25d03db4805bbe4858686576116' Filled=0 Fill price=0 Error='No error' Native error='',
8/5/2026 6:37:40 PM,Order,Order='330c555ddb304d6b82dbf3432174df34/Sim101' Name='Target2' New state='Cancel submitted' Instrument='MES SEP26' Action='Sell' Limit price=7754 Stop price=0 Quantity=4 Type='Limit' Time in force=GTC Oco='b8dee25d03db4805bbe4858686576116' Filled=0 Fill price=0 Error='No error' Native error='',
8/5/2026 6:37:03 PM,Position,Instrument='MES SEP26' Account='Sim101' Average price=7751.5 Quantity=4 Market position=Long Operation=Update,
8/5/2026 6:37:03 PM,Order,Order='8781782495754a7697ea5b131146a919/Sim101' Name='Stop1' New state='Cancelled' Instrument='MES SEP26' Action='Sell' Limit price=0 Stop price=7746.5 Quantity=4 Type='Stop Market' Time in force=GTC Oco='8dec10aa2dbf4cb785db66703dca2bb7' Filled=0 Fill price=0 Error='No error' Native error='',
8/5/2026 6:37:03 PM,Order,Order='8781782495754a7697ea5b131146a919/Sim101' Name='Stop1' New state='Cancel submitted' Instrument='MES SEP26' Action='Sell' Limit price=0 Stop price=7746.5 Quantity=4 Type='Stop Market' Time in force=GTC Oco='8dec10aa2dbf4cb785db66703dca2bb7' Filled=0 Fill price=0 Error='No error' Native error='',
8/5/2026 6:37:03 PM,Execution,Execution='ebd22196697b415ab4610c07ab29fed2' Instrument='MES SEP26' Account='Sim101' Exchange=Default Price=7753.5 Quantity=4 Market position=Short Operation=Operation_Add Order='f7cbe6e3bbac4270a13491ec48a7279f' Time='8/5/2026 6:37 PM',
8/5/2026 6:37:03 PM,Order,Order='f7cbe6e3bbac4270a13491ec48a7279f/Sim101' Name='Target1' New state='Filled' Instrument='MES SEP26' Action='Sell' Limit price=7753.5 Stop price=0 Quantity=4 Type='Limit' Time in force=GTC Oco='8dec10aa2dbf4cb785db66703dca2bb7' Filled=4 Fill price=7753.5 Error='No error' Native error='',
8/5/2026 6:36:57 PM,Order,Order='c35991f8121241ebb49ef4dca04447ed/Sim101' Name='Stop2' New state='Accepted' Instrument='MES SEP26' Action='Sell' Limit price=0 Stop price=7752 Quantity=4 Type='Stop Market' Time in force=GTC Oco='b8dee25d03db4805bbe4858686576116' Filled=0 Fill price=0 Error='No error' Native error='',
8/5/2026 6:36:57 PM,Order,Order='c35991f8121241ebb49ef4dca04447ed/Sim101' Name='Stop2' New state='Change submitted' Instrument='MES SEP26' Action='Sell' Limit price=0 Stop price=7752 Quantity=4 Type='Stop Market' Time in force=GTC Oco='b8dee25d03db4805bbe4858686576116' Filled=0 Fill price=0 Error='No error' Native error='',
8/5/2026 6:36:57 PM,Order,Auto breakeven price modification from '7746.50' to '7752.00',
8/5/2026 6:36:02 PM,Order,Order='330c555ddb304d6b82dbf3432174df34/Sim101' Name='Target2' New state='Working' Instrument='MES SEP26' Action='Sell' Limit price=7754 Stop price=0 Quantity=4 Type='Limit' Time in force=GTC Oco='b8dee25d03db4805bbe4858686576116' Filled=0 Fill price=0 Error='No error' Native error='',
8/5/2026 6:36:02 PM,Order,Order='330c555ddb304d6b82dbf3432174df34/Sim101' Name='Target2' New state='Accepted' Instrument='MES SEP26' Action='Sell' Limit price=7754 Stop price=0 Quantity=4 Type='Limit' Time in force=GTC Oco='b8dee25d03db4805bbe4858686576116' Filled=0 Fill price=0 Error='No error' Native error='',
8/5/2026 6:36:02 PM,Order,Order='f7cbe6e3bbac4270a13491ec48a7279f/Sim101' Name='Target1' New state='Working' Instrument='MES SEP26' Action='Sell' Limit price=7753.5 Stop price=0 Quantity=4 Type='Limit' Time in force=GTC Oco='8dec10aa2dbf4cb785db66703dca2bb7' Filled=0 Fill price=0 Error='No error' Native error='',
8/5/2026 6:36:02 PM,Order,Order='c35991f8121241ebb49ef4dca04447ed/Sim101' Name='Stop2' New state='Accepted' Instrument='MES SEP26' Action='Sell' Limit price=0 Stop price=7746.5 Quantity=4 Type='Stop Market' Time in force=GTC Oco='b8dee25d03db4805bbe4858686576116' Filled=0 Fill price=0 Error='No error' Native error='',
8/5/2026 6:36:02 PM,Order,Order='f7cbe6e3bbac4270a13491ec48a7279f/Sim101' Name='Target1' New state='Accepted' Instrument='MES SEP26' Action='Sell' Limit price=7753.5 Stop price=0 Quantity=4 Type='Limit' Time in force=GTC Oco='8dec10aa2dbf4cb785db66703dca2bb7' Filled=0 Fill price=0 Error='No error' Native error='',
8/5/2026 6:36:02 PM,Order,Order='8781782495754a7697ea5b131146a919/Sim101' Name='Stop1' New state='Accepted' Instrument='MES SEP26' Action='Sell' Limit price=0 Stop price=7746.5 Quantity=4 Type='Stop Market' Time in force=GTC Oco='8dec10aa2dbf4cb785db66703dca2bb7' Filled=0 Fill price=0 Error='No error' Native error='',
8/5/2026 6:36:02 PM,Order,Order='330c555ddb304d6b82dbf3432174df34/Sim101' Name='Target2' New state='Submitted' Instrument='MES SEP26' Action='Sell' Limit price=7754 Stop price=0 Quantity=4 Type='Limit' Time in force=GTC Oco='b8dee25d03db4805bbe4858686576116' Filled=0 Fill price=0 Error='No error' Native error='',
8/5/2026 6:36:02 PM,Order,Order='c35991f8121241ebb49ef4dca04447ed/Sim101' Name='Stop2' New state='Submitted' Instrument='MES SEP26' Action='Sell' Limit price=0 Stop price=7746.5 Quantity=4 Type='Stop Market' Time in force=GTC Oco='b8dee25d03db4805bbe4858686576116' Filled=0 Fill price=0 Error='No error' Native error='',
8/5/2026 6:36:02 PM,Order,Order='f7cbe6e3bbac4270a13491ec48a7279f/Sim101' Name='Target1' New state='Submitted' Instrument='MES SEP26' Action='Sell' Limit price=7753.5 Stop price=0 Quantity=4 Type='Limit' Time in force=GTC Oco='8dec10aa2dbf4cb785db66703dca2bb7' Filled=0 Fill price=0 Error='No error' Native error='',
8/5/2026 6:36:02 PM,Position,Instrument='MES SEP26' Account='Sim101' Average price=7751.5 Quantity=8 Market position=Long Operation=Operation_Add,
8/5/2026 6:36:02 PM,Order,Order='8781782495754a7697ea5b131146a919/Sim101' Name='Stop1' New state='Submitted' Instrument='MES SEP26' Action='Sell' Limit price=0 Stop price=7746.5 Quantity=4 Type='Stop Market' Time in force=GTC Oco='8dec10aa2dbf4cb785db66703dca2bb7' Filled=0 Fill price=0 Error='No error' Native error='',
8/5/2026 6:36:02 PM,Execution,Execution='f0cd409bcf1e4886b5dae2266e6bc2f2' Instrument='MES SEP26' Account='Sim101' Exchange=Default Price=7751.5 Quantity=8 Market position=Long Operation=Operation_Add Order='b6f168ca7c5a447f986c74e204d8afc9' Time='8/5/2026 6:36 PM',
8/5/2026 6:36:02 PM,Order,Order='b6f168ca7c5a447f986c74e204d8afc9/Sim101' Name='Entry' New state='Filled' Instrument='MES SEP26' Action='Buy' Limit price=0 Stop price=0 Quantity=8 Type='Market' Time in force=GTC Oco='' Filled=8 Fill price=7751.5 Error='No error' Native error='',
8/5/2026 6:36:02 PM,Order,Order='b6f168ca7c5a447f986c74e204d8afc9/Sim101' Name='Entry' New state='Working' Instrument='MES SEP26' Action='Buy' Limit price=0 Stop price=0 Quantity=8 Type='Market' Time in force=GTC Oco='' Filled=0 Fill price=0 Error='No error' Native error='',
