Time,Category,Message,
7/23/2026 12:27:01 PM,Position,Instrument='MES SEP26' Account='Sim102' Average price=0 Quantity=0 Market position=Flat Operation=Remove,
7/23/2026 12:27:00 PM,Execution,Execution='7e8d08a6a7b542aaa400afb9afd4dbe7' Instrument='MES SEP26' Account='Sim102' Exchange=Default Price=7438.5 Quantity=13 Market position=Short Operation=Operation_Add Order='79e5a750890242aabb58cee5bf76a477' Time='7/23/2026 12:27 PM',
7/23/2026 12:27:00 PM,Order,Order='79e5a750890242aabb58cee5bf76a477/Sim102' Name='Close' New state='Filled' Instrument='MES SEP26' Action='Sell' Limit price=0 Stop price=0 Quantity=13 Type='Market' Time in force=DAY Oco='' Filled=13 Fill price=7438.5 Error='No error' Native error='',
7/23/2026 12:27:00 PM,Order,Order='79e5a750890242aabb58cee5bf76a477/Sim102' Name='Close' New state='Working' Instrument='MES SEP26' Action='Sell' Limit price=0 Stop price=0 Quantity=13 Type='Market' Time in force=DAY Oco='' Filled=0 Fill price=0 Error='No error' Native error='',
7/23/2026 12:27:00 PM,Order,Order='79e5a750890242aabb58cee5bf76a477/Sim102' Name='Close' New state='Accepted' Instrument='MES SEP26' Action='Sell' Limit price=0 Stop price=0 Quantity=13 Type='Market' Time in force=DAY Oco='' Filled=0 Fill price=0 Error='No error' Native error='',
7/23/2026 12:27:00 PM,Order,Order='79e5a750890242aabb58cee5bf76a477/Sim102' Name='Close' New state='Submitted' Instrument='MES SEP26' Action='Sell' Limit price=0 Stop price=0 Quantity=13 Type='Market' Time in force=DAY Oco='' Filled=0 Fill price=0 Error='No error' Native error='',
7/23/2026 12:27:00 PM,Order,Order='1d982b88aeb940d5b2c91a67a187031b/Sim102' Name='Stop2' New state='Cancelled' Instrument='MES SEP26' Action='Sell' Limit price=0 Stop price=7433.25 Quantity=7 Type='Stop Market' Time in force=GTC Oco='e4359db825ba4fbc9c2551f5657f266c' Filled=0 Fill price=0 Error='No error' Native error='',
7/23/2026 12:27:00 PM,Order,Order='c396d14459eb41f5a47f99fe503464b6/Sim102' Name='Stop1' New state='Cancelled' Instrument='MES SEP26' Action='Sell' Limit price=0 Stop price=7433.25 Quantity=6 Type='Stop Market' Time in force=GTC Oco='117894769158407c8b9e0cef2be96234' Filled=0 Fill price=0 Error='No error' Native error='',
7/23/2026 12:27:00 PM,Order,Order='439c0f969e5046488f689b00c30530e3/Sim102' Name='Target2' New state='Cancelled' Instrument='MES SEP26' Action='Sell' Limit price=7442.25 Stop price=0 Quantity=7 Type='Limit' Time in force=GTC Oco='e4359db825ba4fbc9c2551f5657f266c' Filled=0 Fill price=0 Error='No error' Native error='',
7/23/2026 12:27:00 PM,Order,Order='3f841c9c936944f489ff0d5b286ae7e0/Sim102' Name='Target1' New state='Cancelled' Instrument='MES SEP26' Action='Sell' Limit price=7441.75 Stop price=0 Quantity=6 Type='Limit' Time in force=GTC Oco='117894769158407c8b9e0cef2be96234' Filled=0 Fill price=0 Error='No error' Native error='',
7/23/2026 12:27:00 PM,Order,Order='1d982b88aeb940d5b2c91a67a187031b/Sim102' Name='Stop2' New state='Cancel submitted' Instrument='MES SEP26' Action='Sell' Limit price=0 Stop price=7433.25 Quantity=7 Type='Stop Market' Time in force=GTC Oco='e4359db825ba4fbc9c2551f5657f266c' Filled=0 Fill price=0 Error='No error' Native error='',
7/23/2026 12:27:00 PM,Order,Order='c396d14459eb41f5a47f99fe503464b6/Sim102' Name='Stop1' New state='Cancel submitted' Instrument='MES SEP26' Action='Sell' Limit price=0 Stop price=7433.25 Quantity=6 Type='Stop Market' Time in force=GTC Oco='117894769158407c8b9e0cef2be96234' Filled=0 Fill price=0 Error='No error' Native error='',
7/23/2026 12:27:00 PM,Order,Order='439c0f969e5046488f689b00c30530e3/Sim102' Name='Target2' New state='Cancel submitted' Instrument='MES SEP26' Action='Sell' Limit price=7442.25 Stop price=0 Quantity=7 Type='Limit' Time in force=GTC Oco='e4359db825ba4fbc9c2551f5657f266c' Filled=0 Fill price=0 Error='No error' Native error='',
7/23/2026 12:27:00 PM,Order,Order='3f841c9c936944f489ff0d5b286ae7e0/Sim102' Name='Target1' New state='Cancel submitted' Instrument='MES SEP26' Action='Sell' Limit price=7441.75 Stop price=0 Quantity=6 Type='Limit' Time in force=GTC Oco='117894769158407c8b9e0cef2be96234' Filled=0 Fill price=0 Error='No error' Native error='',
7/23/2026 12:27:00 PM,Default,Chart Trader close position,
7/23/2026 12:25:51 PM,Order,Order='439c0f969e5046488f689b00c30530e3/Sim102' Name='Target2' New state='Working' Instrument='MES SEP26' Action='Sell' Limit price=7442.25 Stop price=0 Quantity=7 Type='Limit' Time in force=GTC Oco='e4359db825ba4fbc9c2551f5657f266c' Filled=0 Fill price=0 Error='No error' Native error='',
7/23/2026 12:25:51 PM,Order,Order='1d982b88aeb940d5b2c91a67a187031b/Sim102' Name='Stop2' New state='Accepted' Instrument='MES SEP26' Action='Sell' Limit price=0 Stop price=7433.25 Quantity=7 Type='Stop Market' Time in force=GTC Oco='e4359db825ba4fbc9c2551f5657f266c' Filled=0 Fill price=0 Error='No error' Native error='',
7/23/2026 12:25:51 PM,Order,Order='439c0f969e5046488f689b00c30530e3/Sim102' Name='Target2' New state='Accepted' Instrument='MES SEP26' Action='Sell' Limit price=7442.25 Stop price=0 Quantity=7 Type='Limit' Time in force=GTC Oco='e4359db825ba4fbc9c2551f5657f266c' Filled=0 Fill price=0 Error='No error' Native error='',
7/23/2026 12:25:51 PM,Order,Order='3f841c9c936944f489ff0d5b286ae7e0/Sim102' Name='Target1' New state='Working' Instrument='MES SEP26' Action='Sell' Limit price=7441.75 Stop price=0 Quantity=6 Type='Limit' Time in force=GTC Oco='117894769158407c8b9e0cef2be96234' Filled=0 Fill price=0 Error='No error' Native error='',
7/23/2026 12:25:51 PM,Order,Order='3f841c9c936944f489ff0d5b286ae7e0/Sim102' Name='Target1' New state='Accepted' Instrument='MES SEP26' Action='Sell' Limit price=7441.75 Stop price=0 Quantity=6 Type='Limit' Time in force=GTC Oco='117894769158407c8b9e0cef2be96234' Filled=0 Fill price=0 Error='No error' Native error='',
7/23/2026 12:25:51 PM,Order,Order='c396d14459eb41f5a47f99fe503464b6/Sim102' Name='Stop1' New state='Accepted' Instrument='MES SEP26' Action='Sell' Limit price=0 Stop price=7433.25 Quantity=6 Type='Stop Market' Time in force=GTC Oco='117894769158407c8b9e0cef2be96234' Filled=0 Fill price=0 Error='No error' Native error='',
7/23/2026 12:25:50 PM,Order,Order='439c0f969e5046488f689b00c30530e3/Sim102' Name='Target2' New state='Submitted' Instrument='MES SEP26' Action='Sell' Limit price=7442.25 Stop price=0 Quantity=7 Type='Limit' Time in force=GTC Oco='e4359db825ba4fbc9c2551f5657f266c' Filled=0 Fill price=0 Error='No error' Native error='',
7/23/2026 12:25:50 PM,Order,Order='1d982b88aeb940d5b2c91a67a187031b/Sim102' Name='Stop2' New state='Submitted' Instrument='MES SEP26' Action='Sell' Limit price=0 Stop price=7433.25 Quantity=7 Type='Stop Market' Time in force=GTC Oco='e4359db825ba4fbc9c2551f5657f266c' Filled=0 Fill price=0 Error='No error' Native error='',
7/23/2026 12:25:50 PM,Order,Order='3f841c9c936944f489ff0d5b286ae7e0/Sim102' Name='Target1' New state='Submitted' Instrument='MES SEP26' Action='Sell' Limit price=7441.75 Stop price=0 Quantity=6 Type='Limit' Time in force=GTC Oco='117894769158407c8b9e0cef2be96234' Filled=0 Fill price=0 Error='No error' Native error='',
7/23/2026 12:25:50 PM,Order,Order='c396d14459eb41f5a47f99fe503464b6/Sim102' Name='Stop1' New state='Submitted' Instrument='MES SEP26' Action='Sell' Limit price=0 Stop price=7433.25 Quantity=6 Type='Stop Market' Time in force=GTC Oco='117894769158407c8b9e0cef2be96234' Filled=0 Fill price=0 Error='No error' Native error='',
7/23/2026 12:25:50 PM,Position,Instrument='MES SEP26' Account='Sim102' Average price=7439.25 Quantity=13 Market position=Long Operation=Operation_Add,
7/23/2026 12:25:50 PM,Execution,Execution='7fd54a768a164aaaad58751ba5d1222d' Instrument='MES SEP26' Account='Sim102' Exchange=Default Price=7439.25 Quantity=13 Market position=Long Operation=Operation_Add Order='3278cc4973304358905930fa0209b8e3' Time='7/23/2026 12:25 PM',
7/23/2026 12:25:50 PM,Order,Order='3278cc4973304358905930fa0209b8e3/Sim102' Name='Entry' New state='Filled' Instrument='MES SEP26' Action='Buy' Limit price=0 Stop price=0 Quantity=13 Type='Market' Time in force=GTC Oco='' Filled=13 Fill price=7439.25 Error='No error' Native error='',
7/23/2026 12:25:50 PM,Order,Order='3278cc4973304358905930fa0209b8e3/Sim102' Name='Entry' New state='Working' Instrument='MES SEP26' Action='Buy' Limit price=0 Stop price=0 Quantity=13 Type='Market' Time in force=GTC Oco='' Filled=0 Fill price=0 Error='No error' Native error='',
7/23/2026 12:25:50 PM,Order,Order='3278cc4973304358905930fa0209b8e3/Sim102' Name='Entry' New state='Accepted' Instrument='MES SEP26' Action='Buy' Limit price=0 Stop price=0 Quantity=13 Type='Market' Time in force=GTC Oco='' Filled=0 Fill price=0 Error='No error' Native error='',
7/23/2026 12:25:50 PM,Order,Order='3278cc4973304358905930fa0209b8e3/Sim102' Name='Entry' New state='Submitted' Instrument='MES SEP26' Action='Buy' Limit price=0 Stop price=0 Quantity=13 Type='Market' Time in force=GTC Oco='' Filled=0 Fill price=0 Error='No error' Native error='',
7/23/2026 12:25:50 PM,Order,Chart Trader submitting order with strategy 'MES MIN SL6 - 1' (Ticks),
7/23/2026 12:25:17 PM,Position,Instrument='MES SEP26' Account='Sim102' Average price=0 Quantity=0 Market position=Flat Operation=Remove,
7/23/2026 12:25:17 PM,Order,Order='fbdd6882fa05426fbdcf55ccd2ba857d/Sim102' Name='Stop2' New state='Cancelled' Instrument='MES SEP26' Action='Sell' Limit price=0 Stop price=7437.5 Quantity=7 Type='Stop Market' Time in force=GTC Oco='ea1c28b4a98240fabb51b12160f5d605' Filled=0 Fill price=0 Error='No error' Native error='',
7/23/2026 12:25:17 PM,Order,Order='fbdd6882fa05426fbdcf55ccd2ba857d/Sim102' Name='Stop2' New state='Cancel submitted' Instrument='MES SEP26' Action='Sell' Limit price=0 Stop price=7437.5 Quantity=7 Type='Stop Market' Time in force=GTC Oco='ea1c28b4a98240fabb51b12160f5d605' Filled=0 Fill price=0 Error='No error' Native error='',
7/23/2026 12:25:17 PM,Execution,Execution='385b6a6d8cde4b158dbbf00f83e06475' Instrument='MES SEP26' Account='Sim102' Exchange=Default Price=7439.5 Quantity=7 Market position=Short Operation=Operation_Add Order='5d5a70a1e2de4fb2a3c2e0c8ed66b224' Time='7/23/2026 12:25 PM',
7/23/2026 12:25:17 PM,Order,Order='5d5a70a1e2de4fb2a3c2e0c8ed66b224/Sim102' Name='Target2' New state='Filled' Instrument='MES SEP26' Action='Sell' Limit price=7439.5 Stop price=0 Quantity=7 Type='Limit' Time in force=GTC Oco='ea1c28b4a98240fabb51b12160f5d605' Filled=7 Fill price=7439.5 Error='No error' Native error='',
7/23/2026 12:25:17 PM,Order,Order='fbdd6882fa05426fbdcf55ccd2ba857d/Sim102' Name='Stop2' New state='Accepted' Instrument='MES SEP26' Action='Sell' Limit price=0 Stop price=7437.5 Quantity=7 Type='Stop Market' Time in force=GTC Oco='ea1c28b4a98240fabb51b12160f5d605' Filled=0 Fill price=0 Error='No error' Native error='',
7/23/2026 12:25:17 PM,Order,Order='fbdd6882fa05426fbdcf55ccd2ba857d/Sim102' Name='Stop2' New state='Change submitted' Instrument='MES SEP26' Action='Sell' Limit price=0 Stop price=7437.5 Quantity=7 Type='Stop Market' Time in force=GTC Oco='ea1c28b4a98240fabb51b12160f5d605' Filled=0 Fill price=0 Error='No error' Native error='',
7/23/2026 12:25:17 PM,Order,Order='84e9d2b24b0b47b499899622ad94629d/Sim102' Name='Stop1' New state='Cancelled' Instrument='MES SEP26' Action='Sell' Limit price=0 Stop price=7430.5 Quantity=6 Type='Stop Market' Time in force=GTC Oco='05f29c7f2b5c4e08b24cc3d99cad7fe5' Filled=0 Fill price=0 Error='No error' Native error='',
7/23/2026 12:25:17 PM,Order,Auto trail price modification from '7437.00' to '7437.50',
7/23/2026 12:25:17 PM,Position,Instrument='MES SEP26' Account='Sim102' Average price=7436.5 Quantity=7 Market position=Long Operation=Update,
7/23/2026 12:25:17 PM,Execution,Execution='eafba16472444229b72e2ea9007eb724' Instrument='MES SEP26' Account='Sim102' Exchange=Default Price=7439 Quantity=6 Market position=Short Operation=Operation_Add Order='3933aa3d4b1549dab5eb87e7835cc677' Time='7/23/2026 12:25 PM',
7/23/2026 12:25:17 PM,Order,Order='84e9d2b24b0b47b499899622ad94629d/Sim102' Name='Stop1' New state='Cancel submitted' Instrument='MES SEP26' Action='Sell' Limit price=0 Stop price=7430.5 Quantity=6 Type='Stop Market' Time in force=GTC Oco='05f29c7f2b5c4e08b24cc3d99cad7fe5' Filled=0 Fill price=0 Error='No error' Native error='',
7/23/2026 12:25:17 PM,Order,Order='3933aa3d4b1549dab5eb87e7835cc677/Sim102' Name='Target1' New state='Filled' Instrument='MES SEP26' Action='Sell' Limit price=7439 Stop price=0 Quantity=6 Type='Limit' Time in force=GTC Oco='05f29c7f2b5c4e08b24cc3d99cad7fe5' Filled=6 Fill price=7439 Error='No error' Native error='',
7/23/2026 12:25:03 PM,Order,Order='fbdd6882fa05426fbdcf55ccd2ba857d/Sim102' Name='Stop2' New state='Accepted' Instrument='MES SEP26' Action='Sell' Limit price=0 Stop price=7437 Quantity=7 Type='Stop Market' Time in force=GTC Oco='ea1c28b4a98240fabb51b12160f5d605' Filled=0 Fill price=0 Error='No error' Native error='',
7/23/2026 12:25:02 PM,Order,Order='fbdd6882fa05426fbdcf55ccd2ba857d/Sim102' Name='Stop2' New state='Change submitted' Instrument='MES SEP26' Action='Sell' Limit price=0 Stop price=7437 Quantity=7 Type='Stop Market' Time in force=GTC Oco='ea1c28b4a98240fabb51b12160f5d605' Filled=0 Fill price=0 Error='No error' Native error='',
7/23/2026 12:25:02 PM,Order,Auto breakeven price modification from '7430.50' to '7437.00',
7/23/2026 12:24:52 PM,Order,Order='5d5a70a1e2de4fb2a3c2e0c8ed66b224/Sim102' Name='Target2' New state='Accepted' Instrument='MES SEP26' Action='Sell' Limit price=7439.5 Stop price=0 Quantity=7 Type='Limit' Time in force=GTC Oco='ea1c28b4a98240fabb51b12160f5d605' Filled=0 Fill price=0 Error='No error' Native error='',
7/23/2026 12:24:52 PM,Order,Order='fbdd6882fa05426fbdcf55ccd2ba857d/Sim102' Name='Stop2' New state='Accepted' Instrument='MES SEP26' Action='Sell' Limit price=0 Stop price=7430.5 Quantity=7 Type='Stop Market' Time in force=GTC Oco='ea1c28b4a98240fabb51b12160f5d605' Filled=0 Fill price=0 Error='No error' Native error='',
7/23/2026 12:24:52 PM,Order,Order='5d5a70a1e2de4fb2a3c2e0c8ed66b224/Sim102' Name='Target2' New state='Working' Instrument='MES SEP26' Action='Sell' Limit price=7439.5 Stop price=0 Quantity=7 Type='Limit' Time in force=GTC Oco='ea1c28b4a98240fabb51b12160f5d605' Filled=0 Fill price=0 Error='No error' Native error='',
7/23/2026 12:24:52 PM,Order,Order='3933aa3d4b1549dab5eb87e7835cc677/Sim102' Name='Target1' New state='Working' Instrument='MES SEP26' Action='Sell' Limit price=7439 Stop price=0 Quantity=6 Type='Limit' Time in force=GTC Oco='05f29c7f2b5c4e08b24cc3d99cad7fe5' Filled=0 Fill price=0 Error='No error' Native error='',
7/23/2026 12:24:52 PM,Order,Order='3933aa3d4b1549dab5eb87e7835cc677/Sim102' Name='Target1' New state='Accepted' Instrument='MES SEP26' Action='Sell' Limit price=7439 Stop price=0 Quantity=6 Type='Limit' Time in force=GTC Oco='05f29c7f2b5c4e08b24cc3d99cad7fe5' Filled=0 Fill price=0 Error='No error' Native error='',
7/23/2026 12:24:52 PM,Order,Order='84e9d2b24b0b47b499899622ad94629d/Sim102' Name='Stop1' New state='Accepted' Instrument='MES SEP26' Action='Sell' Limit price=0 Stop price=7430.5 Quantity=6 Type='Stop Market' Time in force=GTC Oco='05f29c7f2b5c4e08b24cc3d99cad7fe5' Filled=0 Fill price=0 Error='No error' Native error='',
7/23/2026 12:24:52 PM,Order,Order='5d5a70a1e2de4fb2a3c2e0c8ed66b224/Sim102' Name='Target2' New state='Submitted' Instrument='MES SEP26' Action='Sell' Limit price=7439.5 Stop price=0 Quantity=7 Type='Limit' Time in force=GTC Oco='ea1c28b4a98240fabb51b12160f5d605' Filled=0 Fill price=0 Error='No error' Native error='',
7/23/2026 12:24:52 PM,Order,Order='fbdd6882fa05426fbdcf55ccd2ba857d/Sim102' Name='Stop2' New state='Submitted' Instrument='MES SEP26' Action='Sell' Limit price=0 Stop price=7430.5 Quantity=7 Type='Stop Market' Time in force=GTC Oco='ea1c28b4a98240fabb51b12160f5d605' Filled=0 Fill price=0 Error='No error' Native error='',
7/23/2026 12:24:52 PM,Order,Order='3933aa3d4b1549dab5eb87e7835cc677/Sim102' Name='Target1' New state='Submitted' Instrument='MES SEP26' Action='Sell' Limit price=7439 Stop price=0 Quantity=6 Type='Limit' Time in force=GTC Oco='05f29c7f2b5c4e08b24cc3d99cad7fe5' Filled=0 Fill price=0 Error='No error' Native error='',
7/23/2026 12:24:51 PM,Order,Order='84e9d2b24b0b47b499899622ad94629d/Sim102' Name='Stop1' New state='Submitted' Instrument='MES SEP26' Action='Sell' Limit price=0 Stop price=7430.5 Quantity=6 Type='Stop Market' Time in force=GTC Oco='05f29c7f2b5c4e08b24cc3d99cad7fe5' Filled=0 Fill price=0 Error='No error' Native error='',
7/23/2026 12:24:51 PM,Position,Instrument='MES SEP26' Account='Sim102' Average price=7436.5 Quantity=13 Market position=Long Operation=Operation_Add,
7/23/2026 12:24:51 PM,Execution,Execution='e1de676a4b8c4309808b7b5eebfa0e9b' Instrument='MES SEP26' Account='Sim102' Exchange=Default Price=7436.5 Quantity=13 Market position=Long Operation=Operation_Add Order='c2fe41e4d3264054a988ba5ddf01aabb' Time='7/23/2026 12:24 PM',
7/23/2026 12:24:51 PM,Order,Order='c2fe41e4d3264054a988ba5ddf01aabb/Sim102' Name='Entry' New state='Filled' Instrument='MES SEP26' Action='Buy' Limit price=0 Stop price=0 Quantity=13 Type='Market' Time in force=GTC Oco='' Filled=13 Fill price=7436.5 Error='No error' Native error='',
7/23/2026 12:24:51 PM,Order,Order='c2fe41e4d3264054a988ba5ddf01aabb/Sim102' Name='Entry' New state='Working' Instrument='MES SEP26' Action='Buy' Limit price=0 Stop price=0 Quantity=13 Type='Market' Time in force=GTC Oco='' Filled=0 Fill price=0 Error='No error' Native error='',
7/23/2026 12:24:51 PM,Order,Order='c2fe41e4d3264054a988ba5ddf01aabb/Sim102' Name='Entry' New state='Accepted' Instrument='MES SEP26' Action='Buy' Limit price=0 Stop price=0 Quantity=13 Type='Market' Time in force=GTC Oco='' Filled=0 Fill price=0 Error='No error' Native error='',
7/23/2026 12:24:51 PM,Order,Order='c2fe41e4d3264054a988ba5ddf01aabb/Sim102' Name='Entry' New state='Submitted' Instrument='MES SEP26' Action='Buy' Limit price=0 Stop price=0 Quantity=13 Type='Market' Time in force=GTC Oco='' Filled=0 Fill price=0 Error='No error' Native error='',
7/23/2026 12:24:51 PM,Order,Chart Trader submitting order with strategy 'MES MIN SL6 - 1' (Ticks),
7/23/2026 12:24:28 PM,Connection,Using HDS (hds-us-nt-012.ninjatrader.com/31655),
7/23/2026 12:24:28 PM,Connection,Time to auto close position='12:00:00 AM' Enabled=False,
7/23/2026 12:24:28 PM,Connection,My Rithmic for NinjaTrader Brokerage: Primary connection=Connected Price feed=Connected,
7/23/2026 12:24:26 PM,Default,Restoring workspace '3'...,
7/23/2026 12:24:13 PM,Default,Restoring workspace 'Testing'...,
7/23/2026 12:24:12 PM,Default,Auto close enabled=False,
7/23/2026 12:24:12 PM,Order,Order entry hot keys disabled,
7/23/2026 12:24:12 PM,Connection,My Rithmic for NinjaTrader Brokerage: Primary connection=Connecting Price feed=Connecting,
7/23/2026 12:24:12 PM,Default,Auto connecting 'My Rithmic for NinjaTrader Brokerage'...,
7/23/2026 12:24:11 PM,Default,Automated trading disabled,
7/23/2026 12:24:11 PM,Connection,Using IS (is-us-nt-005.ninjatrader.com/31658),
7/23/2026 12:24:07 PM,Default,Global simulation mode disabled,
7/23/2026 12:23:48 PM,Default,Session Break (Version 8.1.7.2),
7/23/2026 10:28:05 AM,Connection,My Rithmic for NinjaTrader Brokerage: Primary connection=Disconnected Price feed=Disconnected,
7/23/2026 10:28:05 AM,Connection,My Rithmic for NinjaTrader Brokerage: Primary connection=Disconnecting Price feed=Disconnecting,
7/23/2026 10:28:03 AM,Default,Workspace Testing saved,
7/23/2026 10:28:03 AM,Default,Workspace 3 saved,
7/23/2026 8:51:39 AM,Order,Order='2835045800/PA-APEX-422136-08' Name='Entry' New state='Cancelled' Instrument='MES SEP26' Action='Buy' Limit price=7417 Stop price=0 Quantity=8 Type='Limit' Time in force=GTC Oco='' Filled=0 Fill price=0 Error='No error' Native error='',
7/23/2026 8:51:39 AM,Order,Order='2835045800/PA-APEX-422136-08' Name='Entry' New state='Cancel submitted' Instrument='MES SEP26' Action='Buy' Limit price=7417 Stop price=0 Quantity=8 Type='Limit' Time in force=GTC Oco='' Filled=0 Fill price=0 Error='No error' Native error='',
7/23/2026 8:51:38 AM,Order,Order='2835046812/PA-APEX-422136-07' Name='Entry' New state='Cancelled' Instrument='MES SEP26' Action='Buy' Limit price=7417 Stop price=0 Quantity=8 Type='Limit' Time in force=GTC Oco='' Filled=0 Fill price=0 Error='No error' Native error='',
7/23/2026 8:51:38 AM,Order,Order='2835046812/PA-APEX-422136-07' Name='Entry' New state='Cancel submitted' Instrument='MES SEP26' Action='Buy' Limit price=7417 Stop price=0 Quantity=8 Type='Limit' Time in force=GTC Oco='' Filled=0 Fill price=0 Error='No error' Native error='',
7/23/2026 8:46:25 AM,Order,Order='2835045800/PA-APEX-422136-08' Name='Entry' New state='Accepted' Instrument='MES SEP26' Action='Buy' Limit price=7417 Stop price=0 Quantity=8 Type='Limit' Time in force=GTC Oco='' Filled=0 Fill price=0 Error='No error' Native error='',
7/23/2026 8:46:25 AM,Order,Order='2835045800/PA-APEX-422136-08' Name='Entry' New state='Working' Instrument='MES SEP26' Action='Buy' Limit price=7417 Stop price=0 Quantity=8 Type='Limit' Time in force=GTC Oco='' Filled=0 Fill price=0 Error='No error' Native error='',
7/23/2026 8:46:25 AM,Order,Order='2835045800/PA-APEX-422136-08' Name='Entry' New state='Change submitted' Instrument='MES SEP26' Action='Buy' Limit price=7417 Stop price=0 Quantity=8 Type='Limit' Time in force=GTC Oco='' Filled=0 Fill price=0 Error='No error' Native error='',
7/23/2026 8:46:22 AM,Order,Order='2835046812/PA-APEX-422136-07' Name='Entry' New state='Accepted' Instrument='MES SEP26' Action='Buy' Limit price=7417 Stop price=0 Quantity=8 Type='Limit' Time in force=GTC Oco='' Filled=0 Fill price=0 Error='No error' Native error='',
7/23/2026 8:46:22 AM,Order,Order='2835046812/PA-APEX-422136-07' Name='Entry' New state='Working' Instrument='MES SEP26' Action='Buy' Limit price=7417 Stop price=0 Quantity=8 Type='Limit' Time in force=GTC Oco='' Filled=0 Fill price=0 Error='No error' Native error='',
7/23/2026 8:46:22 AM,Order,Order='2835046812/PA-APEX-422136-07' Name='Entry' New state='Change submitted' Instrument='MES SEP26' Action='Buy' Limit price=7417 Stop price=0 Quantity=8 Type='Limit' Time in force=GTC Oco='' Filled=0 Fill price=0 Error='No error' Native error='',
7/23/2026 8:46:20 AM,Order,Order='2835046812/PA-APEX-422136-07' Name='Entry' New state='Accepted' Instrument='MES SEP26' Action='Buy' Limit price=7417.25 Stop price=0 Quantity=8 Type='Limit' Time in force=GTC Oco='' Filled=0 Fill price=0 Error='No error' Native error='',
7/23/2026 8:46:20 AM,Order,Order='2835046812/PA-APEX-422136-07' Name='Entry' New state='Working' Instrument='MES SEP26' Action='Buy' Limit price=7417.25 Stop price=0 Quantity=8 Type='Limit' Time in force=GTC Oco='' Filled=0 Fill price=0 Error='No error' Native error='',
7/23/2026 8:46:20 AM,Order,Order='2835046812/PA-APEX-422136-07' Name='Entry' New state='Change submitted' Instrument='MES SEP26' Action='Buy' Limit price=7417.25 Stop price=0 Quantity=8 Type='Limit' Time in force=GTC Oco='' Filled=0 Fill price=0 Error='No error' Native error='',
7/23/2026 8:46:19 AM,Order,Order='2835046812/PA-APEX-422136-07' Name='Entry' New state='Accepted' Instrument='MES SEP26' Action='Buy' Limit price=7417 Stop price=0 Quantity=8 Type='Limit' Time in force=GTC Oco='' Filled=0 Fill price=0 Error='No error' Native error='',
7/23/2026 8:46:19 AM,Order,Order='2835046812/PA-APEX-422136-07' Name='Entry' New state='Working' Instrument='MES SEP26' Action='Buy' Limit price=7417 Stop price=0 Quantity=8 Type='Limit' Time in force=GTC Oco='' Filled=0 Fill price=0 Error='No error' Native error='',
7/23/2026 8:46:19 AM,Order,Order='2835046812/PA-APEX-422136-07' Name='Entry' New state='Change submitted' Instrument='MES SEP26' Action='Buy' Limit price=7417 Stop price=0 Quantity=8 Type='Limit' Time in force=GTC Oco='' Filled=0 Fill price=0 Error='No error' Native error='',
7/23/2026 8:46:12 AM,Order,Order='2835046812/PA-APEX-422136-07' Name='Entry' New state='Accepted' Instrument='MES SEP26' Action='Buy' Limit price=7416.75 Stop price=0 Quantity=8 Type='Limit' Time in force=GTC Oco='' Filled=0 Fill price=0 Error='No error' Native error='',
7/23/2026 8:46:12 AM,Order,Order='2835046812/PA-APEX-422136-07' Name='Entry' New state='Working' Instrument='MES SEP26' Action='Buy' Limit price=7416.75 Stop price=0 Quantity=8 Type='Limit' Time in force=GTC Oco='' Filled=0 Fill price=0 Error='No error' Native error='',
7/23/2026 8:46:12 AM,Order,Order='2835046812/PA-APEX-422136-07' Name='Entry' New state='Change submitted' Instrument='MES SEP26' Action='Buy' Limit price=7416.75 Stop price=0 Quantity=8 Type='Limit' Time in force=GTC Oco='' Filled=0 Fill price=0 Error='No error' Native error='',
7/23/2026 8:46:11 AM,Order,Order='2835046812/PA-APEX-422136-07' Name='Entry' New state='Accepted' Instrument='MES SEP26' Action='Buy' Limit price=7417 Stop price=0 Quantity=8 Type='Limit' Time in force=GTC Oco='' Filled=0 Fill price=0 Error='No error' Native error='',
7/23/2026 8:46:11 AM,Order,Order='2835046812/PA-APEX-422136-07' Name='Entry' New state='Working' Instrument='MES SEP26' Action='Buy' Limit price=7417 Stop price=0 Quantity=8 Type='Limit' Time in force=GTC Oco='' Filled=0 Fill price=0 Error='No error' Native error='',
7/23/2026 8:46:11 AM,Order,Order='2835046812/PA-APEX-422136-07' Name='Entry' New state='Change submitted' Instrument='MES SEP26' Action='Buy' Limit price=7417 Stop price=0 Quantity=8 Type='Limit' Time in force=GTC Oco='' Filled=0 Fill price=0 Error='No error' Native error='',
7/23/2026 8:46:11 AM,Order,Order='2835046812/PA-APEX-422136-07' Name='Entry' New state='Accepted' Instrument='MES SEP26' Action='Buy' Limit price=7417.25 Stop price=0 Quantity=8 Type='Limit' Time in force=GTC Oco='' Filled=0 Fill price=0 Error='No error' Native error='',
7/23/2026 8:46:11 AM,Order,Order='2835046812/PA-APEX-422136-07' Name='Entry' New state='Working' Instrument='MES SEP26' Action='Buy' Limit price=7417.25 Stop price=0 Quantity=8 Type='Limit' Time in force=GTC Oco='' Filled=0 Fill price=0 Error='No error' Native error='',
7/23/2026 8:46:11 AM,Order,Order='2835046812/PA-APEX-422136-07' Name='Entry' New state='Change submitted' Instrument='MES SEP26' Action='Buy' Limit price=7417.25 Stop price=0 Quantity=8 Type='Limit' Time in force=GTC Oco='' Filled=0 Fill price=0 Error='No error' Native error='',
7/23/2026 8:45:57 AM,Order,Order='2835046812/PA-APEX-422136-07' Name='Entry' New state='Accepted' Instrument='MES SEP26' Action='Buy' Limit price=7417.5 Stop price=0 Quantity=8 Type='Limit' Time in force=GTC Oco='' Filled=0 Fill price=0 Error='No error' Native error='',
7/23/2026 8:45:57 AM,Order,Order='2835046812/PA-APEX-422136-07' Name='Entry' New state='Working' Instrument='MES SEP26' Action='Buy' Limit price=7417.5 Stop price=0 Quantity=8 Type='Limit' Time in force=GTC Oco='' Filled=0 Fill price=0 Error='No error' Native error='',
7/23/2026 8:45:57 AM,Order,Order='19e27e733be347169eadb01cb826f9ca/PA-APEX-422136-07' Name='Entry' New state='Submitted' Instrument='MES SEP26' Action='Buy' Limit price=7417.5 Stop price=0 Quantity=8 Type='Limit' Time in force=GTC Oco='' Filled=0 Fill price=0 Error='No error' Native error='',
7/23/2026 8:45:57 AM,Order,Chart Trader submitting order with strategy 'MES MIN SL8 - 2' (Ticks),
7/23/2026 8:45:46 AM,Order,Order='2835045800/PA-APEX-422136-08' Name='Entry' New state='Accepted' Instrument='MES SEP26' Action='Buy' Limit price=7416.75 Stop price=0 Quantity=8 Type='Limit' Time in force=GTC Oco='' Filled=0 Fill price=0 Error='No error' Native error='',
7/23/2026 8:45:46 AM,Order,Order='2835045800/PA-APEX-422136-08' Name='Entry' New state='Working' Instrument='MES SEP26' Action='Buy' Limit price=7416.75 Stop price=0 Quantity=8 Type='Limit' Time in force=GTC Oco='' Filled=0 Fill price=0 Error='No error' Native error='',
7/23/2026 8:45:46 AM,Order,Order='ef07a1debaea4a008541aa16cf29178b/PA-APEX-422136-08' Name='Entry' New state='Submitted' Instrument='MES SEP26' Action='Buy' Limit price=7416.75 Stop price=0 Quantity=8 Type='Limit' Time in force=GTC Oco='' Filled=0 Fill price=0 Error='No error' Native error='',
7/23/2026 8:45:45 AM,Order,Chart Trader submitting order with strategy 'MES MIN SL8 - 1' (Ticks),
7/23/2026 8:41:05 AM,Order,Order='2835026147/PA-APEX-422136-08' Name='Stop2' New state='Cancelled' Instrument='MES SEP26' Action='Buy to cover' Limit price=0 Stop price=7433.25 Quantity=3 Type='Stop Market' Time in force=GTC Oco='e697f6b1ad6740c6bac1c1ef6b74ce2c' Filled=0 Fill price=0 Error='No error' Native error='',
7/23/2026 8:41:05 AM,Strategy,Cancelling any remaining strategy orders,
7/23/2026 8:41:05 AM,Order,Order='2835026155/PA-APEX-422136-07' Name='Stop2' New state='Cancelled' Instrument='MES SEP26' Action='Buy to cover' Limit price=0 Stop price=7433.25 Quantity=3 Type='Stop Market' Time in force=GTC Oco='f1bfdc622ebf490f84d357332d733b85' Filled=0 Fill price=0 Error='No error' Native error='',
7/23/2026 8:41:05 AM,Order,Order='2835026147/PA-APEX-422136-08' Name='Stop2' New state='Cancel submitted' Instrument='MES SEP26' Action='Buy to cover' Limit price=0 Stop price=7433.25 Quantity=3 Type='Stop Market' Time in force=GTC Oco='e697f6b1ad6740c6bac1c1ef6b74ce2c' Filled=0 Fill price=0 Error='No error' Native error='',
7/23/2026 8:41:05 AM,Order,Order='2835026148/PA-APEX-422136-08' Name='Target2' New state='Filled' Instrument='MES SEP26' Action='Buy to cover' Limit price=7431.75 Stop price=0 Quantity=3 Type='Limit' Time in force=GTC Oco='e697f6b1ad6740c6bac1c1ef6b74ce2c' Filled=3 Fill price=7431.75 Error='No error' Native error='',
7/23/2026 8:41:05 AM,Execution,Execution='1897959,
7/23/2026 8:41:05 AM,Strategy,Cancelling any remaining strategy orders,
7/23/2026 8:41:05 AM,Order,Order='2835026155/PA-APEX-422136-07' Name='Stop2' New state='Cancel submitted' Instrument='MES SEP26' Action='Buy to cover' Limit price=0 Stop price=7433.25 Quantity=3 Type='Stop Market' Time in force=GTC Oco='f1bfdc622ebf490f84d357332d733b85' Filled=0 Fill price=0 Error='No error' Native error='',
7/23/2026 8:41:05 AM,Execution,Execution='1890350,
7/23/2026 8:41:05 AM,Order,Order='2835026163/PA-APEX-422136-07' Name='Target2' New state='Filled' Instrument='MES SEP26' Action='Buy to cover' Limit price=7431.75 Stop price=0 Quantity=3 Type='Limit' Time in force=GTC Oco='f1bfdc622ebf490f84d357332d733b85' Filled=3 Fill price=7431.75 Error='No error' Native error='',
7/23/2026 8:41:05 AM,Position,Instrument='MES SEP26' Account='PA-APEX-422136-08' Average price=7435.75 Quantity=3 Market position=Flat Operation=Remove,
7/23/2026 8:41:05 AM,Position,Instrument='MES SEP26' Account='PA-APEX-422136-07' Average price=7435.75 Quantity=3 Market position=Flat Operation=Remove,
7/23/2026 8:41:04 AM,Order,Order='2835026155/PA-APEX-422136-07' Name='Stop2' New state='Accepted' Instrument='MES SEP26' Action='Buy to cover' Limit price=0 Stop price=7433.25 Quantity=3 Type='Stop Market' Time in force=GTC Oco='f1bfdc622ebf490f84d357332d733b85' Filled=0 Fill price=0 Error='No error' Native error='',
7/23/2026 8:41:04 AM,Order,Order='2835026147/PA-APEX-422136-08' Name='Stop2' New state='Accepted' Instrument='MES SEP26' Action='Buy to cover' Limit price=0 Stop price=7433.25 Quantity=3 Type='Stop Market' Time in force=GTC Oco='e697f6b1ad6740c6bac1c1ef6b74ce2c' Filled=0 Fill price=0 Error='No error' Native error='',
7/23/2026 8:41:04 AM,Order,Order='2835026155/PA-APEX-422136-07' Name='Stop2' New state='Change submitted' Instrument='MES SEP26' Action='Buy to cover' Limit price=0 Stop price=7433.25 Quantity=3 Type='Stop Market' Time in force=GTC Oco='f1bfdc622ebf490f84d357332d733b85' Filled=0 Fill price=0 Error='No error' Native error='',
7/23/2026 8:41:04 AM,Order,Auto trail price modification from '7434.25' to '7433.25',
7/23/2026 8:41:04 AM,Order,Order='2835026147/PA-APEX-422136-08' Name='Stop2' New state='Change submitted' Instrument='MES SEP26' Action='Buy to cover' Limit price=0 Stop price=7433.25 Quantity=3 Type='Stop Market' Time in force=GTC Oco='e697f6b1ad6740c6bac1c1ef6b74ce2c' Filled=0 Fill price=0 Error='No error' Native error='',
7/23/2026 8:41:04 AM,Order,Auto trail price modification from '7434.25' to '7433.25',
7/23/2026 8:41:02 AM,Order,Order='2835026155/PA-APEX-422136-07' Name='Stop2' New state='Accepted' Instrument='MES SEP26' Action='Buy to cover' Limit price=0 Stop price=7434.25 Quantity=3 Type='Stop Market' Time in force=GTC Oco='f1bfdc622ebf490f84d357332d733b85' Filled=0 Fill price=0 Error='No error' Native error='',
7/23/2026 8:41:02 AM,Order,Order='2835026147/PA-APEX-422136-08' Name='Stop2' New state='Accepted' Instrument='MES SEP26' Action='Buy to cover' Limit price=0 Stop price=7434.25 Quantity=3 Type='Stop Market' Time in force=GTC Oco='e697f6b1ad6740c6bac1c1ef6b74ce2c' Filled=0 Fill price=0 Error='No error' Native error='',
7/23/2026 8:41:02 AM,Order,Order='2835026155/PA-APEX-422136-07' Name='Stop2' New state='Change submitted' Instrument='MES SEP26' Action='Buy to cover' Limit price=0 Stop price=7434.25 Quantity=3 Type='Stop Market' Time in force=GTC Oco='f1bfdc622ebf490f84d357332d733b85' Filled=0 Fill price=0 Error='No error' Native error='',
7/23/2026 8:41:02 AM,Order,Auto trail price modification from '7434.75' to '7434.25',
7/23/2026 8:41:02 AM,Order,Order='2835026147/PA-APEX-422136-08' Name='Stop2' New state='Change submitted' Instrument='MES SEP26' Action='Buy to cover' Limit price=0 Stop price=7434.25 Quantity=3 Type='Stop Market' Time in force=GTC Oco='e697f6b1ad6740c6bac1c1ef6b74ce2c' Filled=0 Fill price=0 Error='No error' Native error='',
7/23/2026 8:41:02 AM,Order,Auto trail price modification from '7434.75' to '7434.25',
7/23/2026 8:41:01 AM,Order,Order='2835026138/PA-APEX-422136-08' Name='Stop1' New state='Cancelled' Instrument='MES SEP26' Action='Buy to cover' Limit price=0 Stop price=7443.75 Quantity=3 Type='Stop Market' Time in force=GTC Oco='63ef6d2f2d8841c8801ebf071832aadc' Filled=0 Fill price=0 Error='No error' Native error='',
7/23/2026 8:41:01 AM,Order,Order='2835026153/PA-APEX-422136-07' Name='Stop1' New state='Cancelled' Instrument='MES SEP26' Action='Buy to cover' Limit price=0 Stop price=7443.75 Quantity=3 Type='Stop Market' Time in force=GTC Oco='a8e1182fc1aa41ea86ed77e34787b82e' Filled=0 Fill price=0 Error='No error' Native error='',
7/23/2026 8:41:01 AM,Order,Order='2835026138/PA-APEX-422136-08' Name='Stop1' New state='Cancel submitted' Instrument='MES SEP26' Action='Buy to cover' Limit price=0 Stop price=7443.75 Quantity=3 Type='Stop Market' Time in force=GTC Oco='63ef6d2f2d8841c8801ebf071832aadc' Filled=0 Fill price=0 Error='No error' Native error='',
7/23/2026 8:41:01 AM,Order,Order='2835026138/PA-APEX-422136-08' Name='Stop1' New state='Accepted' Instrument='MES SEP26' Action='Buy to cover' Limit price=0 Stop price=7443.75 Quantity=3 Type='Stop Market' Time in force=GTC Oco='63ef6d2f2d8841c8801ebf071832aadc' Filled=0 Fill price=0 Error='No error' Native error='',
7/23/2026 8:41:01 AM,Order,Order='2835026155/PA-APEX-422136-07' Name='Stop2' New state='Accepted' Instrument='MES SEP26' Action='Buy to cover' Limit price=0 Stop price=7434.75 Quantity=3 Type='Stop Market' Time in force=GTC Oco='f1bfdc622ebf490f84d357332d733b85' Filled=0 Fill price=0 Error='No error' Native error='',
7/23/2026 8:41:01 AM,Order,Order='2835026153/PA-APEX-422136-07' Name='Stop1' New state='Cancel submitted' Instrument='MES SEP26' Action='Buy to cover' Limit price=0 Stop price=7443.75 Quantity=3 Type='Stop Market' Time in force=GTC Oco='a8e1182fc1aa41ea86ed77e34787b82e' Filled=0 Fill price=0 Error='No error' Native error='',
7/23/2026 8:41:01 AM,Order,Order='2835026147/PA-APEX-422136-08' Name='Stop2' New state='Accepted' Instrument='MES SEP26' Action='Buy to cover' Limit price=0 Stop price=7434.75 Quantity=3 Type='Stop Market' Time in force=GTC Oco='e697f6b1ad6740c6bac1c1ef6b74ce2c' Filled=0 Fill price=0 Error='No error' Native error='',
7/23/2026 8:41:01 AM,Order,Order='2835026153/PA-APEX-422136-07' Name='Stop1' New state='Accepted' Instrument='MES SEP26' Action='Buy to cover' Limit price=0 Stop price=7443.75 Quantity=3 Type='Stop Market' Time in force=GTC Oco='a8e1182fc1aa41ea86ed77e34787b82e' Filled=0 Fill price=0 Error='No error' Native error='',
7/23/2026 8:41:01 AM,Order,Order='2835026146/PA-APEX-422136-08' Name='Target1' New state='Filled' Instrument='MES SEP26' Action='Buy to cover' Limit price=7433 Stop price=0 Quantity=5 Type='Limit' Time in force=GTC Oco='63ef6d2f2d8841c8801ebf071832aadc' Filled=5 Fill price=7433 Error='No error' Native error='',
7/23/2026 8:41:01 AM,Execution,Execution='1888018,
7/23/2026 8:41:01 AM,Order,Order='2835026146/PA-APEX-422136-08' Name='Target1' New state='Partially filled' Instrument='MES SEP26' Action='Buy to cover' Limit price=7433 Stop price=0 Quantity=5 Type='Limit' Time in force=GTC Oco='63ef6d2f2d8841c8801ebf071832aadc' Filled=4 Fill price=7433 Error='No error' Native error='',
7/23/2026 8:41:01 AM,Execution,Execution='1888017,
7/23/2026 8:41:01 AM,Execution,Execution='1888016,
7/23/2026 8:41:01 AM,Order,Order='2835026138/PA-APEX-422136-08' Name='Stop1' New state='Change submitted' Instrument='MES SEP26' Action='Buy to cover' Limit price=0 Stop price=7443.75 Quantity=3 Type='Stop Market' Time in force=GTC Oco='63ef6d2f2d8841c8801ebf071832aadc' Filled=0 Fill price=0 Error='No error' Native error='',
7/23/2026 8:41:01 AM,Order,Order='2835026146/PA-APEX-422136-08' Name='Target1' New state='Partially filled' Instrument='MES SEP26' Action='Buy to cover' Limit price=7433 Stop price=0 Quantity=5 Type='Limit' Time in force=GTC Oco='63ef6d2f2d8841c8801ebf071832aadc' Filled=2 Fill price=7433 Error='No error' Native error='',
7/23/2026 8:41:01 AM,Order,Order='2835026154/PA-APEX-422136-07' Name='Target1' New state='Filled' Instrument='MES SEP26' Action='Buy to cover' Limit price=7433 Stop price=0 Quantity=5 Type='Limit' Time in force=GTC Oco='a8e1182fc1aa41ea86ed77e34787b82e' Filled=5 Fill price=7433 Error='No error' Native error='',
7/23/2026 8:41:01 AM,Execution,Execution='1893593,
7/23/2026 8:41:01 AM,Order,Order='2835026155/PA-APEX-422136-07' Name='Stop2' New state='Change submitted' Instrument='MES SEP26' Action='Buy to cover' Limit price=0 Stop price=7434.75 Quantity=3 Type='Stop Market' Time in force=GTC Oco='f1bfdc622ebf490f84d357332d733b85' Filled=0 Fill price=0 Error='No error' Native error='',
7/23/2026 8:41:01 AM,Position,Instrument='MES SEP26' Account='PA-APEX-422136-07' Average price=7435.75 Quantity=3 Market position=Short Operation=Update,
7/23/2026 8:41:01 AM,Order,Order='2835026147/PA-APEX-422136-08' Name='Stop2' New state='Change submitted' Instrument='MES SEP26' Action='Buy to cover' Limit price=0 Stop price=7434.75 Quantity=3 Type='Stop Market' Time in force=GTC Oco='e697f6b1ad6740c6bac1c1ef6b74ce2c' Filled=0 Fill price=0 Error='No error' Native error='',
7/23/2026 8:41:01 AM,Position,Instrument='MES SEP26' Account='PA-APEX-422136-08' Average price=7435.75 Quantity=3 Market position=Short Operation=Update,
7/23/2026 8:41:01 AM,Order,Auto trail price modification from '7435.25' to '7434.75',
7/23/2026 8:41:01 AM,Execution,Execution='1893592,
7/23/2026 8:41:01 AM,Order,Auto trail price modification from '7435.25' to '7434.75',
7/23/2026 8:41:01 AM,Order,Order='2835026154/PA-APEX-422136-07' Name='Target1' New state='Partially filled' Instrument='MES SEP26' Action='Buy to cover' Limit price=7433 Stop price=0 Quantity=5 Type='Limit' Time in force=GTC Oco='a8e1182fc1aa41ea86ed77e34787b82e' Filled=4 Fill price=7433 Error='No error' Native error='',
7/23/2026 8:41:01 AM,Order,Order='2835026153/PA-APEX-422136-07' Name='Stop1' New state='Change submitted' Instrument='MES SEP26' Action='Buy to cover' Limit price=0 Stop price=7443.75 Quantity=3 Type='Stop Market' Time in force=GTC Oco='a8e1182fc1aa41ea86ed77e34787b82e' Filled=0 Fill price=0 Error='No error' Native error='',
7/23/2026 8:41:01 AM,Execution,Execution='1893591,
7/23/2026 8:41:01 AM,Order,Order='2835026154/PA-APEX-422136-07' Name='Target1' New state='Partially filled' Instrument='MES SEP26' Action='Buy to cover' Limit price=7433 Stop price=0 Quantity=5 Type='Limit' Time in force=GTC Oco='a8e1182fc1aa41ea86ed77e34787b82e' Filled=2 Fill price=7433 Error='No error' Native error='',
7/23/2026 8:41:01 AM,Position,Instrument='MES SEP26' Account='PA-APEX-422136-08' Average price=7435.75 Quantity=4 Market position=Short Operation=Update,
7/23/2026 8:41:01 AM,Position,Instrument='MES SEP26' Account='PA-APEX-422136-08' Average price=7435.75 Quantity=6 Market position=Short Operation=Update,
7/23/2026 8:41:00 AM,Order,Order='2835026155/PA-APEX-422136-07' Name='Stop2' New state='Accepted' Instrument='MES SEP26' Action='Buy to cover' Limit price=0 Stop price=7435.25 Quantity=3 Type='Stop Market' Time in force=GTC Oco='f1bfdc622ebf490f84d357332d733b85' Filled=0 Fill price=0 Error='No error' Native error='',
7/23/2026 8:41:00 AM,Order,Order='2835026147/PA-APEX-422136-08' Name='Stop2' New state='Accepted' Instrument='MES SEP26' Action='Buy to cover' Limit price=0 Stop price=7435.25 Quantity=3 Type='Stop Market' Time in force=GTC Oco='e697f6b1ad6740c6bac1c1ef6b74ce2c' Filled=0 Fill price=0 Error='No error' Native error='',
7/23/2026 8:41:00 AM,Order,Order='2835026155/PA-APEX-422136-07' Name='Stop2' New state='Change submitted' Instrument='MES SEP26' Action='Buy to cover' Limit price=0 Stop price=7435.25 Quantity=3 Type='Stop Market' Time in force=GTC Oco='f1bfdc622ebf490f84d357332d733b85' Filled=0 Fill price=0 Error='No error' Native error='',
7/23/2026 8:41:00 AM,Order,Order='2835026147/PA-APEX-422136-08' Name='Stop2' New state='Change submitted' Instrument='MES SEP26' Action='Buy to cover' Limit price=0 Stop price=7435.25 Quantity=3 Type='Stop Market' Time in force=GTC Oco='e697f6b1ad6740c6bac1c1ef6b74ce2c' Filled=0 Fill price=0 Error='No error' Native error='',
7/23/2026 8:41:00 AM,Order,Auto breakeven price modification from '7443.75' to '7435.25',
7/23/2026 8:41:00 AM,Order,Auto breakeven price modification from '7443.75' to '7435.25',
7/23/2026 8:40:12 AM,Order,Order='2835026163/PA-APEX-422136-07' Name='Target2' New state='Working' Instrument='MES SEP26' Action='Buy to cover' Limit price=7431.75 Stop price=0 Quantity=3 Type='Limit' Time in force=GTC Oco='f1bfdc622ebf490f84d357332d733b85' Filled=0 Fill price=0 Error='No error' Native error='',
7/23/2026 8:40:12 AM,Order,Order='2835026154/PA-APEX-422136-07' Name='Target1' New state='Working' Instrument='MES SEP26' Action='Buy to cover' Limit price=7433 Stop price=0 Quantity=5 Type='Limit' Time in force=GTC Oco='a8e1182fc1aa41ea86ed77e34787b82e' Filled=0 Fill price=0 Error='No error' Native error='',
7/23/2026 8:40:12 AM,Order,Order='2835026163/PA-APEX-422136-07' Name='Target2' New state='Accepted' Instrument='MES SEP26' Action='Buy to cover' Limit price=7431.75 Stop price=0 Quantity=3 Type='Limit' Time in force=GTC Oco='f1bfdc622ebf490f84d357332d733b85' Filled=0 Fill price=0 Error='No error' Native error='',
7/23/2026 8:40:12 AM,Order,Order='2835026155/PA-APEX-422136-07' Name='Stop2' New state='Accepted' Instrument='MES SEP26' Action='Buy to cover' Limit price=0 Stop price=7443.75 Quantity=3 Type='Stop Market' Time in force=GTC Oco='f1bfdc622ebf490f84d357332d733b85' Filled=0 Fill price=0 Error='No error' Native error='',
7/23/2026 8:40:12 AM,Order,Order='2835026154/PA-APEX-422136-07' Name='Target1' New state='Accepted' Instrument='MES SEP26' Action='Buy to cover' Limit price=7433 Stop price=0 Quantity=5 Type='Limit' Time in force=GTC Oco='a8e1182fc1aa41ea86ed77e34787b82e' Filled=0 Fill price=0 Error='No error' Native error='',
7/23/2026 8:40:12 AM,Order,Order='2835026153/PA-APEX-422136-07' Name='Stop1' New state='Accepted' Instrument='MES SEP26' Action='Buy to cover' Limit price=0 Stop price=7443.75 Quantity=5 Type='Stop Market' Time in force=GTC Oco='a8e1182fc1aa41ea86ed77e34787b82e' Filled=0 Fill price=0 Error='No error' Native error='',
7/23/2026 8:40:12 AM,Order,Order='2835026146/PA-APEX-422136-08' Name='Target1' New state='Working' Instrument='MES SEP26' Action='Buy to cover' Limit price=7433 Stop price=0 Quantity=5 Type='Limit' Time in force=GTC Oco='63ef6d2f2d8841c8801ebf071832aadc' Filled=0 Fill price=0 Error='No error' Native error='',
7/23/2026 8:40:12 AM,Order,Order='2835026146/PA-APEX-422136-08' Name='Target1' New state='Accepted' Instrument='MES SEP26' Action='Buy to cover' Limit price=7433 Stop price=0 Quantity=5 Type='Limit' Time in force=GTC Oco='63ef6d2f2d8841c8801ebf071832aadc' Filled=0 Fill price=0 Error='No error' Native error='',
7/23/2026 8:40:12 AM,Order,Order='2835026147/PA-APEX-422136-08' Name='Stop2' New state='Accepted' Instrument='MES SEP26' Action='Buy to cover' Limit price=0 Stop price=7443.75 Quantity=3 Type='Stop Market' Time in force=GTC Oco='e697f6b1ad6740c6bac1c1ef6b74ce2c' Filled=0 Fill price=0 Error='No error' Native error='',
7/23/2026 8:40:12 AM,Order,Order='2835026148/PA-APEX-422136-08' Name='Target2' New state='Working' Instrument='MES SEP26' Action='Buy to cover' Limit price=7431.75 Stop price=0 Quantity=3 Type='Limit' Time in force=GTC Oco='e697f6b1ad6740c6bac1c1ef6b74ce2c' Filled=0 Fill price=0 Error='No error' Native error='',
7/23/2026 8:40:12 AM,Order,Order='2835026148/PA-APEX-422136-08' Name='Target2' New state='Accepted' Instrument='MES SEP26' Action='Buy to cover' Limit price=7431.75 Stop price=0 Quantity=3 Type='Limit' Time in force=GTC Oco='e697f6b1ad6740c6bac1c1ef6b74ce2c' Filled=0 Fill price=0 Error='No error' Native error='',
7/23/2026 8:40:12 AM,Order,Order='2835026138/PA-APEX-422136-08' Name='Stop1' New state='Accepted' Instrument='MES SEP26' Action='Buy to cover' Limit price=0 Stop price=7443.75 Quantity=5 Type='Stop Market' Time in force=GTC Oco='63ef6d2f2d8841c8801ebf071832aadc' Filled=0 Fill price=0 Error='No error' Native error='',
7/23/2026 8:40:12 AM,Order,Order='4dcf1235bbe3473d8fccd9a6d4b77279/PA-APEX-422136-07' Name='Target2' New state='Submitted' Instrument='MES SEP26' Action='Buy to cover' Limit price=7431.75 Stop price=0 Quantity=3 Type='Limit' Time in force=GTC Oco='f1bfdc622ebf490f84d357332d733b85' Filled=0 Fill price=0 Error='No error' Native error='',
7/23/2026 8:40:12 AM,Order,Order='d854e991ad59484b8343bf194b07c14d/PA-APEX-422136-07' Name='Stop2' New state='Submitted' Instrument='MES SEP26' Action='Buy to cover' Limit price=0 Stop price=7443.75 Quantity=3 Type='Stop Market' Time in force=GTC Oco='f1bfdc622ebf490f84d357332d733b85' Filled=0 Fill price=0 Error='No error' Native error='',
7/23/2026 8:40:12 AM,Order,Order='f12b7a14928b447c870cc38e3320100b/PA-APEX-422136-07' Name='Target1' New state='Submitted' Instrument='MES SEP26' Action='Buy to cover' Limit price=7433 Stop price=0 Quantity=5 Type='Limit' Time in force=GTC Oco='a8e1182fc1aa41ea86ed77e34787b82e' Filled=0 Fill price=0 Error='No error' Native error='',
7/23/2026 8:40:12 AM,Order,Order='9a06cb4d8a3e458d999cc25383d245e1/PA-APEX-422136-07' Name='Stop1' New state='Submitted' Instrument='MES SEP26' Action='Buy to cover' Limit price=0 Stop price=7443.75 Quantity=5 Type='Stop Market' Time in force=GTC Oco='a8e1182fc1aa41ea86ed77e34787b82e' Filled=0 Fill price=0 Error='No error' Native error='',
7/23/2026 8:40:12 AM,Order,Order='f5ff5a67de34499a9cd928036be31d78/PA-APEX-422136-08' Name='Target2' New state='Submitted' Instrument='MES SEP26' Action='Buy to cover' Limit price=7431.75 Stop price=0 Quantity=3 Type='Limit' Time in force=GTC Oco='e697f6b1ad6740c6bac1c1ef6b74ce2c' Filled=0 Fill price=0 Error='No error' Native error='',
7/23/2026 8:40:12 AM,Order,Order='2835023879/PA-APEX-422136-07' Name='Entry' New state='Filled' Instrument='MES SEP26' Action='Sell' Limit price=7435.75 Stop price=0 Quantity=8 Type='Limit' Time in force=GTC Oco='' Filled=8 Fill price=7435.75 Error='No error' Native error='',
7/23/2026 8:40:12 AM,Order,Order='93b213c47063490885cf5d7bdeaed3a2/PA-APEX-422136-08' Name='Stop2' New state='Submitted' Instrument='MES SEP26' Action='Buy to cover' Limit price=0 Stop price=7443.75 Quantity=3 Type='Stop Market' Time in force=GTC Oco='e697f6b1ad6740c6bac1c1ef6b74ce2c' Filled=0 Fill price=0 Error='No error' Native error='',
7/23/2026 8:40:12 AM,Order,Order='b8ffe46592694415b84d21bd3e735db2/PA-APEX-422136-08' Name='Target1' New state='Submitted' Instrument='MES SEP26' Action='Buy to cover' Limit price=7433 Stop price=0 Quantity=5 Type='Limit' Time in force=GTC Oco='63ef6d2f2d8841c8801ebf071832aadc' Filled=0 Fill price=0 Error='No error' Native error='',
7/23/2026 8:40:12 AM,Order,Order='ca0ab04df68d45b7b1b73a1753386df3/PA-APEX-422136-08' Name='Stop1' New state='Submitted' Instrument='MES SEP26' Action='Buy to cover' Limit price=0 Stop price=7443.75 Quantity=5 Type='Stop Market' Time in force=GTC Oco='63ef6d2f2d8841c8801ebf071832aadc' Filled=0 Fill price=0 Error='No error' Native error='',
7/23/2026 8:40:12 AM,Execution,Execution='1891976,
7/23/2026 8:40:12 AM,Order,Order='2835023072/PA-APEX-422136-08' Name='Entry' New state='Filled' Instrument='MES SEP26' Action='Sell' Limit price=7435.75 Stop price=0 Quantity=8 Type='Limit' Time in force=GTC Oco='' Filled=8 Fill price=7435.75 Error='No error' Native error='',
7/23/2026 8:40:12 AM,Execution,Execution='1891975,
7/23/2026 8:40:11 AM,Order,Order='2835023879/PA-APEX-422136-07' Name='Entry' New state='Partially filled' Instrument='MES SEP26' Action='Sell' Limit price=7435.75 Stop price=0 Quantity=8 Type='Limit' Time in force=GTC Oco='' Filled=4 Fill price=7435.75 Error='No error' Native error='',
7/23/2026 8:40:11 AM,Execution,Execution='1891974,
7/23/2026 8:40:11 AM,Order,Order='2835023072/PA-APEX-422136-08' Name='Entry' New state='Partially filled' Instrument='MES SEP26' Action='Sell' Limit price=7435.75 Stop price=0 Quantity=8 Type='Limit' Time in force=GTC Oco='' Filled=4 Fill price=7435.75 Error='No error' Native error='',
7/23/2026 8:40:11 AM,Execution,Execution='1891973,
7/23/2026 8:40:11 AM,Execution,Execution='1891971,
7/23/2026 8:40:11 AM,Order,Order='2835023879/PA-APEX-422136-07' Name='Entry' New state='Partially filled' Instrument='MES SEP26' Action='Sell' Limit price=7435.75 Stop price=0 Quantity=8 Type='Limit' Time in force=GTC Oco='' Filled=3 Fill price=7435.75 Error='No error' Native error='',
7/23/2026 8:40:11 AM,Execution,Execution='1891972,
7/23/2026 8:40:11 AM,Position,Instrument='MES SEP26' Account='PA-APEX-422136-07' Average price=7435.75 Quantity=8 Market position=Short Operation=Update,
7/23/2026 8:40:11 AM,Order,Order='2835023072/PA-APEX-422136-08' Name='Entry' New state='Partially filled' Instrument='MES SEP26' Action='Sell' Limit price=7435.75 Stop price=0 Quantity=8 Type='Limit' Time in force=GTC Oco='' Filled=3 Fill price=7435.75 Error='No error' Native error='',
7/23/2026 8:40:11 AM,Position,Instrument='MES SEP26' Account='PA-APEX-422136-08' Average price=7435.75 Quantity=8 Market position=Short Operation=Update,
7/23/2026 8:40:11 AM,Position,Instrument='MES SEP26' Account='PA-APEX-422136-08' Average price=7435.75 Quantity=4 Market position=Short Operation=Update,
7/23/2026 8:40:11 AM,Position,Instrument='MES SEP26' Account='PA-APEX-422136-07' Average price=7435.75 Quantity=3 Market position=Short Operation=Operation_Add,
7/23/2026 8:40:11 AM,Position,Instrument='MES SEP26' Account='PA-APEX-422136-08' Average price=7435.75 Quantity=3 Market position=Short Operation=Operation_Add,
7/23/2026 8:40:11 AM,Order,Order='2835023879/PA-APEX-422136-07' Name='Entry' New state='Accepted' Instrument='MES SEP26' Action='Sell' Limit price=7435.75 Stop price=0 Quantity=8 Type='Limit' Time in force=GTC Oco='' Filled=0 Fill price=0 Error='No error' Native error='',
7/23/2026 8:40:11 AM,Order,Order='2835023879/PA-APEX-422136-07' Name='Entry' New state='Working' Instrument='MES SEP26' Action='Sell' Limit price=7435.75 Stop price=0 Quantity=8 Type='Limit' Time in force=GTC Oco='' Filled=0 Fill price=0 Error='No error' Native error='',
7/23/2026 8:40:11 AM,Order,Order='2835023072/PA-APEX-422136-08' Name='Entry' New state='Working' Instrument='MES SEP26' Action='Sell' Limit price=7435.75 Stop price=0 Quantity=8 Type='Limit' Time in force=GTC Oco='' Filled=0 Fill price=0 Error='No error' Native error='',
7/23/2026 8:40:11 AM,Order,Order='2835023072/PA-APEX-422136-08' Name='Entry' New state='Accepted' Instrument='MES SEP26' Action='Sell' Limit price=7435.75 Stop price=0 Quantity=8 Type='Limit' Time in force=GTC Oco='' Filled=0 Fill price=0 Error='No error' Native error='',
7/23/2026 8:40:11 AM,Order,Order='2835023879/PA-APEX-422136-07' Name='Entry' New state='Change submitted' Instrument='MES SEP26' Action='Sell' Limit price=7435.75 Stop price=0 Quantity=8 Type='Limit' Time in force=GTC Oco='' Filled=0 Fill price=0 Error='No error' Native error='',
7/23/2026 8:40:11 AM,Order,Auto chase price modification to '7435.75',
7/23/2026 8:40:11 AM,Order,Order='2835023072/PA-APEX-422136-08' Name='Entry' New state='Change submitted' Instrument='MES SEP26' Action='Sell' Limit price=7435.75 Stop price=0 Quantity=8 Type='Limit' Time in force=GTC Oco='' Filled=0 Fill price=0 Error='No error' Native error='',
7/23/2026 8:40:11 AM,Order,Auto chase price modification to '7435.75',
7/23/2026 8:39:24 AM,Order,Order='2835023879/PA-APEX-422136-07' Name='Entry' New state='Working' Instrument='MES SEP26' Action='Sell' Limit price=7436 Stop price=0 Quantity=8 Type='Limit' Time in force=GTC Oco='' Filled=0 Fill price=0 Error='No error' Native error='',
7/23/2026 8:39:24 AM,Order,Order='2835023879/PA-APEX-422136-07' Name='Entry' New state='Accepted' Instrument='MES SEP26' Action='Sell' Limit price=7436 Stop price=0 Quantity=8 Type='Limit' Time in force=GTC Oco='' Filled=0 Fill price=0 Error='No error' Native error='',
7/23/2026 8:39:24 AM,Order,Order='11ba86b8140c4717987ed23070ae331b/PA-APEX-422136-07' Name='Entry' New state='Submitted' Instrument='MES SEP26' Action='Sell' Limit price=7436 Stop price=0 Quantity=8 Type='Limit' Time in force=GTC Oco='' Filled=0 Fill price=0 Error='No error' Native error='',
7/23/2026 8:39:24 AM,Order,Chart Trader submitting order with strategy 'MES MIN SL8 - 2' (Ticks),
7/23/2026 8:39:09 AM,Order,Order='2835023072/PA-APEX-422136-08' Name='Entry' New state='Working' Instrument='MES SEP26' Action='Sell' Limit price=7436 Stop price=0 Quantity=8 Type='Limit' Time in force=GTC Oco='' Filled=0 Fill price=0 Error='No error' Native error='',
7/23/2026 8:39:09 AM,Order,Order='2835023072/PA-APEX-422136-08' Name='Entry' New state='Accepted' Instrument='MES SEP26' Action='Sell' Limit price=7436 Stop price=0 Quantity=8 Type='Limit' Time in force=GTC Oco='' Filled=0 Fill price=0 Error='No error' Native error='',
7/23/2026 8:39:09 AM,Order,Order='f5b18936609d4ff092292b951d5bfbd5/PA-APEX-422136-08' Name='Entry' New state='Submitted' Instrument='MES SEP26' Action='Sell' Limit price=7436 Stop price=0 Quantity=8 Type='Limit' Time in force=GTC Oco='' Filled=0 Fill price=0 Error='No error' Native error='',
7/23/2026 8:39:08 AM,Order,Chart Trader submitting order with strategy 'MES MIN SL8 - 1' (Ticks),
7/23/2026 8:37:55 AM,Order,Order='2835019601/PA-APEX-422136-07' Name='Close' New state='Filled' Instrument='MES SEP26' Action='Buy to cover' Limit price=0 Stop price=0 Quantity=3 Type='Market' Time in force=DAY Oco='' Filled=3 Fill price=7430 Error='No error' Native error='',
7/23/2026 8:37:55 AM,Execution,Execution='1892514,
7/23/2026 8:37:55 AM,Order,Order='2835019601/PA-APEX-422136-07' Name='Close' New state='Accepted' Instrument='MES SEP26' Action='Buy to cover' Limit price=0 Stop price=0 Quantity=3 Type='Market' Time in force=DAY Oco='' Filled=0 Fill price=0 Error='No error' Native error='',
7/23/2026 8:37:55 AM,Order,Order='2835019601/PA-APEX-422136-07' Name='Close' New state='Working' Instrument='MES SEP26' Action='Buy to cover' Limit price=0 Stop price=0 Quantity=3 Type='Market' Time in force=DAY Oco='' Filled=0 Fill price=0 Error='No error' Native error='',
7/23/2026 8:37:55 AM,Position,Instrument='MES SEP26' Account='PA-APEX-422136-07' Average price=7431.25 Quantity=3 Market position=Flat Operation=Remove,
7/23/2026 8:37:55 AM,Order,Order='2835019597/PA-APEX-422136-08' Name='Close' New state='Filled' Instrument='MES SEP26' Action='Buy to cover' Limit price=0 Stop price=0 Quantity=1 Type='Market' Time in force=DAY Oco='' Filled=1 Fill price=7430 Error='No error' Native error='',
7/23/2026 8:37:55 AM,Execution,Execution='1897306,
7/23/2026 8:37:55 AM,Position,Instrument='MES SEP26' Account='PA-APEX-422136-08' Average price=7431.25 Quantity=1 Market position=Flat Operation=Remove,
7/23/2026 8:37:55 AM,Order,Order='76d44bc946824d3495529054af110d32/PA-APEX-422136-07' Name='Close' New state='Submitted' Instrument='MES SEP26' Action='Buy to cover' Limit price=0 Stop price=0 Quantity=3 Type='Market' Time in force=DAY Oco='' Filled=0 Fill price=0 Error='No error' Native error='',
7/23/2026 8:37:55 AM,Order,Order='2835019597/PA-APEX-422136-08' Name='Close' New state='Accepted' Instrument='MES SEP26' Action='Buy to cover' Limit price=0 Stop price=0 Quantity=1 Type='Market' Time in force=DAY Oco='' Filled=0 Fill price=0 Error='No error' Native error='',
7/23/2026 8:37:55 AM,Order,Order='2835019597/PA-APEX-422136-08' Name='Close' New state='Working' Instrument='MES SEP26' Action='Buy to cover' Limit price=0 Stop price=0 Quantity=1 Type='Market' Time in force=DAY Oco='' Filled=0 Fill price=0 Error='No error' Native error='',
7/23/2026 8:37:55 AM,Order,Order='2835017107/PA-APEX-422136-07' Name='Stop2' New state='Cancelled' Instrument='MES SEP26' Action='Buy to cover' Limit price=0 Stop price=7430.25 Quantity=3 Type='Stop Market' Time in force=GTC Oco='318a9ff685e54c9ab6b94e8e6f5ca840' Filled=0 Fill price=0 Error='No error' Native error='',
7/23/2026 8:37:55 AM,Order,Order='2835005641/PA-APEX-422136-07' Name='Entry' New state='Cancelled' Instrument='MES SEP26' Action='Buy' Limit price=7400 Stop price=0 Quantity=8 Type='Limit' Time in force=GTC Oco='' Filled=0 Fill price=0 Error='No error' Native error='',
7/23/2026 8:37:54 AM,Order,Order='1fbc2cad906e49c4b6823d1695b9a43f/PA-APEX-422136-08' Name='Close' New state='Submitted' Instrument='MES SEP26' Action='Buy to cover' Limit price=0 Stop price=0 Quantity=1 Type='Market' Time in force=DAY Oco='' Filled=0 Fill price=0 Error='No error' Native error='',
7/23/2026 8:37:54 AM,Order,Order='2835017112/PA-APEX-422136-07' Name='Target2' New state='Cancelled' Instrument='MES SEP26' Action='Buy to cover' Limit price=7427.25 Stop price=0 Quantity=3 Type='Limit' Time in force=GTC Oco='318a9ff685e54c9ab6b94e8e6f5ca840' Filled=0 Fill price=0 Error='No error' Native error='',
7/23/2026 8:37:54 AM,Order,Order='2835017111/PA-APEX-422136-08' Name='Stop2' New state='Cancelled' Instrument='MES SEP26' Action='Buy to cover' Limit price=0 Stop price=7430.25 Quantity=1 Type='Stop Market' Time in force=GTC Oco='1e2132d7290a4114b353c2cab7ba430b' Filled=0 Fill price=0 Error='No error' Native error='',
7/23/2026 8:37:54 AM,Order,Order='2835004320/PA-APEX-422136-08' Name='Entry' New state='Cancelled' Instrument='MES SEP26' Action='Buy' Limit price=7400 Stop price=0 Quantity=8 Type='Limit' Time in force=GTC Oco='' Filled=0 Fill price=0 Error='No error' Native error='',
7/23/2026 8:37:54 AM,Order,Order='2835017128/PA-APEX-422136-08' Name='Target2' New state='Cancelled' Instrument='MES SEP26' Action='Buy to cover' Limit price=7427.25 Stop price=0 Quantity=1 Type='Limit' Time in force=GTC Oco='1e2132d7290a4114b353c2cab7ba430b' Filled=0 Fill price=0 Error='No error' Native error='',
7/23/2026 8:37:54 AM,Order,Order='2835005641/PA-APEX-422136-07' Name='Entry' New state='Cancel submitted' Instrument='MES SEP26' Action='Buy' Limit price=7400 Stop price=0 Quantity=8 Type='Limit' Time in force=GTC Oco='' Filled=0 Fill price=0 Error='No error' Native error='',
7/23/2026 8:37:54 AM,Order,Order='2835017107/PA-APEX-422136-07' Name='Stop2' New state='Cancel submitted' Instrument='MES SEP26' Action='Buy to cover' Limit price=0 Stop price=7430.25 Quantity=3 Type='Stop Market' Time in force=GTC Oco='318a9ff685e54c9ab6b94e8e6f5ca840' Filled=0 Fill price=0 Error='No error' Native error='',
7/23/2026 8:37:54 AM,Position,Flatten account='PA-APEX-422136-04',
7/23/2026 8:37:54 AM,Position,Flatten account='PA-APEX-422136-05',
7/23/2026 8:37:54 AM,Position,Flatten account='PA-APEX-422136-06',
7/23/2026 8:37:54 AM,Order,Order='2835017112/PA-APEX-422136-07' Name='Target2' New state='Cancel submitted' Instrument='MES SEP26' Action='Buy to cover' Limit price=7427.25 Stop price=0 Quantity=3 Type='Limit' Time in force=GTC Oco='318a9ff685e54c9ab6b94e8e6f5ca840' Filled=0 Fill price=0 Error='No error' Native error='',
7/23/2026 8:37:54 AM,Position,Flatten account='PA-APEX-422136-01',
7/23/2026 8:37:54 AM,Position,Flatten account='PA-APEX-422136-03',
7/23/2026 8:37:54 AM,Order,Order='2835017111/PA-APEX-422136-08' Name='Stop2' New state='Cancel submitted' Instrument='MES SEP26' Action='Buy to cover' Limit price=0 Stop price=7430.25 Quantity=1 Type='Stop Market' Time in force=GTC Oco='1e2132d7290a4114b353c2cab7ba430b' Filled=0 Fill price=0 Error='No error' Native error='',
7/23/2026 8:37:54 AM,Order,Order='2835017128/PA-APEX-422136-08' Name='Target2' New state='Cancel submitted' Instrument='MES SEP26' Action='Buy to cover' Limit price=7427.25 Stop price=0 Quantity=1 Type='Limit' Time in force=GTC Oco='1e2132d7290a4114b353c2cab7ba430b' Filled=0 Fill price=0 Error='No error' Native error='',
7/23/2026 8:37:54 AM,Order,Order='2835004320/PA-APEX-422136-08' Name='Entry' New state='Cancel submitted' Instrument='MES SEP26' Action='Buy' Limit price=7400 Stop price=0 Quantity=8 Type='Limit' Time in force=GTC Oco='' Filled=0 Fill price=0 Error='No error' Native error='',
7/23/2026 8:37:54 AM,Position,Flatten account='PA-APEX-422136-07',
7/23/2026 8:37:54 AM,Position,Flatten account='PA-APEX-422136-08',
7/23/2026 8:37:54 AM,Position,Flatten account='Sim102',
7/23/2026 8:37:54 AM,Position,Flatten account='PA-APEX-422136-09',
7/23/2026 8:37:54 AM,Position,Flatten account='Sim101',
7/23/2026 8:37:54 AM,Default,Terminating any NinjaScript strategies invoked by Flatten Everything command,
7/23/2026 8:37:43 AM,Order,Order='2835017111/PA-APEX-422136-08' Name='Stop2' New state='Accepted' Instrument='MES SEP26' Action='Buy to cover' Limit price=0 Stop price=7430.25 Quantity=1 Type='Stop Market' Time in force=GTC Oco='1e2132d7290a4114b353c2cab7ba430b' Filled=0 Fill price=0 Error='No error' Native error='',
7/23/2026 8:37:43 AM,Order,Order='2835017107/PA-APEX-422136-07' Name='Stop2' New state='Accepted' Instrument='MES SEP26' Action='Buy to cover' Limit price=0 Stop price=7430.25 Quantity=3 Type='Stop Market' Time in force=GTC Oco='318a9ff685e54c9ab6b94e8e6f5ca840' Filled=0 Fill price=0 Error='No error' Native error='',
7/23/2026 8:37:42 AM,Order,Order='2835017111/PA-APEX-422136-08' Name='Stop2' New state='Change submitted' Instrument='MES SEP26' Action='Buy to cover' Limit price=0 Stop price=7430.25 Quantity=1 Type='Stop Market' Time in force=GTC Oco='1e2132d7290a4114b353c2cab7ba430b' Filled=0 Fill price=0 Error='No error' Native error='',
7/23/2026 8:37:42 AM,Order,Auto trail price modification from '7439.25' to '7430.25',
7/23/2026 8:37:42 AM,Order,Order='2835017107/PA-APEX-422136-07' Name='Stop2' New state='Change submitted' Instrument='MES SEP26' Action='Buy to cover' Limit price=0 Stop price=7430.25 Quantity=3 Type='Stop Market' Time in force=GTC Oco='318a9ff685e54c9ab6b94e8e6f5ca840' Filled=0 Fill price=0 Error='No error' Native error='',
7/23/2026 8:37:42 AM,Order,Auto trail price modification from '7430.75' to '7430.25',
7/23/2026 8:37:40 AM,Order,Order='2835017105/PA-APEX-422136-08' Name='Stop1' New state='Cancelled' Instrument='MES SEP26' Action='Buy to cover' Limit price=0 Stop price=7439.25 Quantity=4 Type='Stop Market' Time in force=GTC Oco='5d2baeb8b63d4fb393ada88b19dc5255' Filled=0 Fill price=0 Error='No error' Native error='',
7/23/2026 8:37:40 AM,Order,Order='2835017104/PA-APEX-422136-07' Name='Stop1' New state='Cancelled' Instrument='MES SEP26' Action='Buy to cover' Limit price=0 Stop price=7439.25 Quantity=2 Type='Stop Market' Time in force=GTC Oco='b836db171b68496c95daa56cada2e59e' Filled=0 Fill price=0 Error='No error' Native error='',
7/23/2026 8:37:40 AM,Order,Order='2835017105/PA-APEX-422136-08' Name='Stop1' New state='Cancel submitted' Instrument='MES SEP26' Action='Buy to cover' Limit price=0 Stop price=7439.25 Quantity=4 Type='Stop Market' Time in force=GTC Oco='5d2baeb8b63d4fb393ada88b19dc5255' Filled=0 Fill price=0 Error='No error' Native error='',
7/23/2026 8:37:40 AM,Order,Order='2835017104/PA-APEX-422136-07' Name='Stop1' New state='Cancel submitted' Instrument='MES SEP26' Action='Buy to cover' Limit price=0 Stop price=7439.25 Quantity=2 Type='Stop Market' Time in force=GTC Oco='b836db171b68496c95daa56cada2e59e' Filled=0 Fill price=0 Error='No error' Native error='',
7/23/2026 8:37:40 AM,Execution,Execution='1896405,
7/23/2026 8:37:40 AM,Execution,Execution='1896404,
7/23/2026 8:37:40 AM,Order,Order='2835017104/PA-APEX-422136-07' Name='Stop1' New state='Accepted' Instrument='MES SEP26' Action='Buy to cover' Limit price=0 Stop price=7439.25 Quantity=2 Type='Stop Market' Time in force=GTC Oco='b836db171b68496c95daa56cada2e59e' Filled=0 Fill price=0 Error='No error' Native error='',
7/23/2026 8:37:40 AM,Order,Order='2835017105/PA-APEX-422136-08' Name='Stop1' New state='Accepted' Instrument='MES SEP26' Action='Buy to cover' Limit price=0 Stop price=7439.25 Quantity=4 Type='Stop Market' Time in force=GTC Oco='5d2baeb8b63d4fb393ada88b19dc5255' Filled=0 Fill price=0 Error='No error' Native error='',
7/23/2026 8:37:40 AM,Position,Instrument='MES SEP26' Account='PA-APEX-422136-07' Average price=7431.25 Quantity=3 Market position=Short Operation=Update,
7/23/2026 8:37:40 AM,Order,Order='2835017110/PA-APEX-422136-08' Name='Target1' New state='Filled' Instrument='MES SEP26' Action='Buy to cover' Limit price=7428.5 Stop price=0 Quantity=5 Type='Limit' Time in force=GTC Oco='5d2baeb8b63d4fb393ada88b19dc5255' Filled=5 Fill price=7428.5 Error='No error' Native error='',
7/23/2026 8:37:40 AM,Execution,Execution='1889543,
7/23/2026 8:37:40 AM,Order,Order='2835017110/PA-APEX-422136-08' Name='Target1' New state='Partially filled' Instrument='MES SEP26' Action='Buy to cover' Limit price=7428.5 Stop price=0 Quantity=5 Type='Limit' Time in force=GTC Oco='5d2baeb8b63d4fb393ada88b19dc5255' Filled=3 Fill price=7428.5 Error='No error' Native error='',
7/23/2026 8:37:40 AM,Execution,Execution='1889542,
7/23/2026 8:37:40 AM,Order,Order='2835017105/PA-APEX-422136-08' Name='Stop1' New state='Change submitted' Instrument='MES SEP26' Action='Buy to cover' Limit price=0 Stop price=7439.25 Quantity=4 Type='Stop Market' Time in force=GTC Oco='5d2baeb8b63d4fb393ada88b19dc5255' Filled=0 Fill price=0 Error='No error' Native error='',
7/23/2026 8:37:39 AM,Order,Order='2835017106/PA-APEX-422136-07' Name='Target1' New state='Filled' Instrument='MES SEP26' Action='Buy to cover' Limit price=7428.5 Stop price=0 Quantity=5 Type='Limit' Time in force=GTC Oco='b836db171b68496c95daa56cada2e59e' Filled=5 Fill price=7428.5 Error='No error' Native error='',
7/23/2026 8:37:39 AM,Execution,Execution='1896403,
7/23/2026 8:37:39 AM,Order,Order='2835017104/PA-APEX-422136-07' Name='Stop1' New state='Change submitted' Instrument='MES SEP26' Action='Buy to cover' Limit price=0 Stop price=7439.25 Quantity=2 Type='Stop Market' Time in force=GTC Oco='b836db171b68496c95daa56cada2e59e' Filled=0 Fill price=0 Error='No error' Native error='',
7/23/2026 8:37:39 AM,Order,Order='2835017106/PA-APEX-422136-07' Name='Target1' New state='Partially filled' Instrument='MES SEP26' Action='Buy to cover' Limit price=7428.5 Stop price=0 Quantity=5 Type='Limit' Time in force=GTC Oco='b836db171b68496c95daa56cada2e59e' Filled=3 Fill price=7428.5 Error='No error' Native error='',
7/23/2026 8:37:39 AM,Position,Instrument='MES SEP26' Account='PA-APEX-422136-08' Average price=7431.25 Quantity=1 Market position=Short Operation=Update,
7/23/2026 8:37:39 AM,Execution,Execution='1889541,
7/23/2026 8:37:39 AM,Position,Instrument='MES SEP26' Account='PA-APEX-422136-08' Average price=7431.25 Quantity=3 Market position=Short Operation=Update,
7/23/2026 8:37:39 AM,Order,Order='2835017110/PA-APEX-422136-08' Name='Target1' New state='Partially filled' Instrument='MES SEP26' Action='Buy to cover' Limit price=7428.5 Stop price=0 Quantity=5 Type='Limit' Time in force=GTC Oco='5d2baeb8b63d4fb393ada88b19dc5255' Filled=1 Fill price=7428.5 Error='No error' Native error='',
7/23/2026 8:37:39 AM,Position,Instrument='MES SEP26' Account='PA-APEX-422136-08' Average price=7431.25 Quantity=5 Market position=Short Operation=Update,
7/23/2026 8:37:39 AM,Order,Order='2835017106/PA-APEX-422136-07' Name='Target1' New state='Partially filled' Instrument='MES SEP26' Action='Buy to cover' Limit price=7428.5 Stop price=0 Quantity=5 Type='Limit' Time in force=GTC Oco='b836db171b68496c95daa56cada2e59e' Filled=1 Fill price=7428.5 Error='No error' Native error='',
7/23/2026 8:37:37 AM,Order,Order='2835017107/PA-APEX-422136-07' Name='Stop2' New state='Accepted' Instrument='MES SEP26' Action='Buy to cover' Limit price=0 Stop price=7430.75 Quantity=3 Type='Stop Market' Time in force=GTC Oco='318a9ff685e54c9ab6b94e8e6f5ca840' Filled=0 Fill price=0 Error='No error' Native error='',
7/23/2026 8:37:37 AM,Order,Order='2835017107/PA-APEX-422136-07' Name='Stop2' New state='Change submitted' Instrument='MES SEP26' Action='Buy to cover' Limit price=0 Stop price=7430.75 Quantity=3 Type='Stop Market' Time in force=GTC Oco='318a9ff685e54c9ab6b94e8e6f5ca840' Filled=0 Fill price=0 Error='No error' Native error='',
7/23/2026 8:37:37 AM,Order,Auto breakeven price modification from '7439.25' to '7430.75',
7/23/2026 8:37:25 AM,Order,Order='2835017128/PA-APEX-422136-08' Name='Target2' New state='Accepted' Instrument='MES SEP26' Action='Buy to cover' Limit price=7427.25 Stop price=0 Quantity=1 Type='Limit' Time in force=GTC Oco='1e2132d7290a4114b353c2cab7ba430b' Filled=0 Fill price=0 Error='No error' Native error='',
7/23/2026 8:37:25 AM,Order,Order='2835017128/PA-APEX-422136-08' Name='Target2' New state='Working' Instrument='MES SEP26' Action='Buy to cover' Limit price=7427.25 Stop price=0 Quantity=1 Type='Limit' Time in force=GTC Oco='1e2132d7290a4114b353c2cab7ba430b' Filled=0 Fill price=0 Error='No error' Native error='',
7/23/2026 8:37:25 AM,Order,PA-APEX-422136-08 buy order stop price must be above trade price affected Order: BuyToCover 1 StopMarket @ 7439.25,
7/23/2026 8:37:25 AM,Order,Order='2835017111/PA-APEX-422136-08' Name='Stop2' New state='Accepted' Instrument='MES SEP26' Action='Buy to cover' Limit price=0 Stop price=7439.25 Quantity=1 Type='Stop Market' Time in force=GTC Oco='1e2132d7290a4114b353c2cab7ba430b' Filled=0 Fill price=0 Error='Unable to change order' Native error='buy order stop price must be above trade price',
7/23/2026 8:37:25 AM,Order,Order='2835017112/PA-APEX-422136-07' Name='Target2' New state='Working' Instrument='MES SEP26' Action='Buy to cover' Limit price=7427.25 Stop price=0 Quantity=3 Type='Limit' Time in force=GTC Oco='318a9ff685e54c9ab6b94e8e6f5ca840' Filled=0 Fill price=0 Error='No error' Native error='',
7/23/2026 8:37:25 AM,Order,Order='2835017107/PA-APEX-422136-07' Name='Stop2' New state='Accepted' Instrument='MES SEP26' Action='Buy to cover' Limit price=0 Stop price=7439.25 Quantity=3 Type='Stop Market' Time in force=GTC Oco='318a9ff685e54c9ab6b94e8e6f5ca840' Filled=0 Fill price=0 Error='No error' Native error='',
7/23/2026 8:37:25 AM,Order,Order='2835017112/PA-APEX-422136-07' Name='Target2' New state='Accepted' Instrument='MES SEP26' Action='Buy to cover' Limit price=7427.25 Stop price=0 Quantity=3 Type='Limit' Time in force=GTC Oco='318a9ff685e54c9ab6b94e8e6f5ca840' Filled=0 Fill price=0 Error='No error' Native error='',
7/23/2026 8:37:25 AM,Order,Order='2835017110/PA-APEX-422136-08' Name='Target1' New state='Accepted' Instrument='MES SEP26' Action='Buy to cover' Limit price=7428.5 Stop price=0 Quantity=5 Type='Limit' Time in force=GTC Oco='5d2baeb8b63d4fb393ada88b19dc5255' Filled=0 Fill price=0 Error='No error' Native error='',
7/23/2026 8:37:25 AM,Order,Order='2835017111/PA-APEX-422136-08' Name='Stop2' New state='Change submitted' Instrument='MES SEP26' Action='Buy to cover' Limit price=0 Stop price=7430.75 Quantity=1 Type='Stop Market' Time in force=GTC Oco='1e2132d7290a4114b353c2cab7ba430b' Filled=0 Fill price=0 Error='No error' Native error='',
7/23/2026 8:37:25 AM,Order,Order='2835017110/PA-APEX-422136-08' Name='Target1' New state='Working' Instrument='MES SEP26' Action='Buy to cover' Limit price=7428.5 Stop price=0 Quantity=5 Type='Limit' Time in force=GTC Oco='5d2baeb8b63d4fb393ada88b19dc5255' Filled=0 Fill price=0 Error='No error' Native error='',
7/23/2026 8:37:25 AM,Order,Order='2835017111/PA-APEX-422136-08' Name='Stop2' New state='Accepted' Instrument='MES SEP26' Action='Buy to cover' Limit price=0 Stop price=7439.25 Quantity=1 Type='Stop Market' Time in force=GTC Oco='1e2132d7290a4114b353c2cab7ba430b' Filled=0 Fill price=0 Error='No error' Native error='',
7/23/2026 8:37:25 AM,Order,Order='2835017106/PA-APEX-422136-07' Name='Target1' New state='Working' Instrument='MES SEP26' Action='Buy to cover' Limit price=7428.5 Stop price=0 Quantity=5 Type='Limit' Time in force=GTC Oco='b836db171b68496c95daa56cada2e59e' Filled=0 Fill price=0 Error='No error' Native error='',
7/23/2026 8:37:25 AM,Order,Order='2835017106/PA-APEX-422136-07' Name='Target1' New state='Accepted' Instrument='MES SEP26' Action='Buy to cover' Limit price=7428.5 Stop price=0 Quantity=5 Type='Limit' Time in force=GTC Oco='b836db171b68496c95daa56cada2e59e' Filled=0 Fill price=0 Error='No error' Native error='',
7/23/2026 8:37:25 AM,Order,Order='2835017105/PA-APEX-422136-08' Name='Stop1' New state='Accepted' Instrument='MES SEP26' Action='Buy to cover' Limit price=0 Stop price=7439.25 Quantity=5 Type='Stop Market' Time in force=GTC Oco='5d2baeb8b63d4fb393ada88b19dc5255' Filled=0 Fill price=0 Error='No error' Native error='',
7/23/2026 8:37:25 AM,Order,Order='2835017104/PA-APEX-422136-07' Name='Stop1' New state='Accepted' Instrument='MES SEP26' Action='Buy to cover' Limit price=0 Stop price=7439.25 Quantity=5 Type='Stop Market' Time in force=GTC Oco='b836db171b68496c95daa56cada2e59e' Filled=0 Fill price=0 Error='No error' Native error='',
7/23/2026 8:37:25 AM,Order,Order='40e33e1942694c9d961845beacd006cf/PA-APEX-422136-08' Name='Target2' New state='Submitted' Instrument='MES SEP26' Action='Buy to cover' Limit price=7427.25 Stop price=0 Quantity=1 Type='Limit' Time in force=GTC Oco='1e2132d7290a4114b353c2cab7ba430b' Filled=0 Fill price=0 Error='No error' Native error='',
7/23/2026 8:37:25 AM,Order,Order='fb62a82d2b8c4c1482c98bfa8576de29/PA-APEX-422136-07' Name='Target2' New state='Submitted' Instrument='MES SEP26' Action='Buy to cover' Limit price=7427.25 Stop price=0 Quantity=3 Type='Limit' Time in force=GTC Oco='318a9ff685e54c9ab6b94e8e6f5ca840' Filled=0 Fill price=0 Error='No error' Native error='',
7/23/2026 8:37:25 AM,Order,Auto breakeven price modification from '7439.25' to '7430.75',
7/23/2026 8:37:25 AM,Order,Order='e66706ea1e6a4c33a6b262e7f3a21653/PA-APEX-422136-08' Name='Stop2' New state='Submitted' Instrument='MES SEP26' Action='Buy to cover' Limit price=0 Stop price=7439.25 Quantity=1 Type='Stop Market' Time in force=GTC Oco='1e2132d7290a4114b353c2cab7ba430b' Filled=0 Fill price=0 Error='No error' Native error='',
7/23/2026 8:37:25 AM,Order,Order='f5ee1885b34f4e07b850c2e4181624ed/PA-APEX-422136-07' Name='Stop2' New state='Submitted' Instrument='MES SEP26' Action='Buy to cover' Limit price=0 Stop price=7439.25 Quantity=3 Type='Stop Market' Time in force=GTC Oco='318a9ff685e54c9ab6b94e8e6f5ca840' Filled=0 Fill price=0 Error='No error' Native error='',
7/23/2026 8:37:25 AM,Order,Order='3beb72d7ac9a44daa3d2522f554ded87/PA-APEX-422136-08' Name='Target1' New state='Submitted' Instrument='MES SEP26' Action='Buy to cover' Limit price=7428.5 Stop price=0 Quantity=5 Type='Limit' Time in force=GTC Oco='5d2baeb8b63d4fb393ada88b19dc5255' Filled=0 Fill price=0 Error='No error' Native error='',
7/23/2026 8:37:25 AM,Order,Order='2745dca364204ec98b1a8efc37859e9a/PA-APEX-422136-08' Name='Stop1' New state='Submitted' Instrument='MES SEP26' Action='Buy to cover' Limit price=0 Stop price=7439.25 Quantity=5 Type='Stop Market' Time in force=GTC Oco='5d2baeb8b63d4fb393ada88b19dc5255' Filled=0 Fill price=0 Error='No error' Native error='',
7/23/2026 8:37:25 AM,Order,Order='f87105bc46334a1da4903f4fe29e7a33/PA-APEX-422136-07' Name='Target1' New state='Submitted' Instrument='MES SEP26' Action='Buy to cover' Limit price=7428.5 Stop price=0 Quantity=5 Type='Limit' Time in force=GTC Oco='b836db171b68496c95daa56cada2e59e' Filled=0 Fill price=0 Error='No error' Native error='',
7/23/2026 8:37:25 AM,Order,Order='932a3cf9c59a4c67bbeff6d95584d487/PA-APEX-422136-07' Name='Stop1' New state='Submitted' Instrument='MES SEP26' Action='Buy to cover' Limit price=0 Stop price=7439.25 Quantity=5 Type='Stop Market' Time in force=GTC Oco='b836db171b68496c95daa56cada2e59e' Filled=0 Fill price=0 Error='No error' Native error='',
7/23/2026 8:37:25 AM,Order,Order='2835010524/PA-APEX-422136-08' Name='Entry' New state='Filled' Instrument='MES SEP26' Action='Sell' Limit price=7431.25 Stop price=0 Quantity=6 Type='Limit' Time in force=GTC Oco='' Filled=6 Fill price=7431.25 Error='No error' Native error='',
7/23/2026 8:37:25 AM,Execution,Execution='1891881,
7/23/2026 8:37:25 AM,Order,Order='2835010949/PA-APEX-422136-07' Name='Entry' New state='Filled' Instrument='MES SEP26' Action='Sell' Limit price=7431.25 Stop price=0 Quantity=8 Type='Limit' Time in force=GTC Oco='' Filled=8 Fill price=7431.25 Error='No error' Native error='',
7/23/2026 8:37:24 AM,Position,Instrument='MES SEP26' Account='PA-APEX-422136-08' Average price=7431.25 Quantity=6 Market position=Short Operation=Operation_Add,
7/23/2026 8:37:24 AM,Execution,Execution='1894003,
7/23/2026 8:37:24 AM,Position,Instrument='MES SEP26' Account='PA-APEX-422136-07' Average price=7431.25 Quantity=8 Market position=Short Operation=Operation_Add,
7/23/2026 8:36:50 AM,Order,Order='2835006711/PA-APEX-422136-07' Name='Entry' New state='Cancelled' Instrument='MES SEP26' Action='Sell' Limit price=7437 Stop price=0 Quantity=8 Type='Limit' Time in force=GTC Oco='' Filled=0 Fill price=0 Error='No error' Native error='',
7/23/2026 8:36:50 AM,Order,Order='2835006711/PA-APEX-422136-07' Name='Entry' New state='Cancel submitted' Instrument='MES SEP26' Action='Sell' Limit price=7437 Stop price=0 Quantity=8 Type='Limit' Time in force=GTC Oco='' Filled=0 Fill price=0 Error='No error' Native error='',
7/23/2026 8:36:49 AM,Order,Order='2835007535/PA-APEX-422136-08' Name='Entry' New state='Cancelled' Instrument='MES SEP26' Action='Sell' Limit price=7437 Stop price=0 Quantity=8 Type='Limit' Time in force=GTC Oco='' Filled=0 Fill price=0 Error='No error' Native error='',
7/23/2026 8:36:49 AM,Order,Order='2835007535/PA-APEX-422136-08' Name='Entry' New state='Cancel submitted' Instrument='MES SEP26' Action='Sell' Limit price=7437 Stop price=0 Quantity=8 Type='Limit' Time in force=GTC Oco='' Filled=0 Fill price=0 Error='No error' Native error='',
7/23/2026 8:35:44 AM,Order,Order='2835010949/PA-APEX-422136-07' Name='Entry' New state='Accepted' Instrument='MES SEP26' Action='Sell' Limit price=7431.25 Stop price=0 Quantity=8 Type='Limit' Time in force=GTC Oco='' Filled=0 Fill price=0 Error='No error' Native error='',
7/23/2026 8:35:44 AM,Order,Order='2835010949/PA-APEX-422136-07' Name='Entry' New state='Working' Instrument='MES SEP26' Action='Sell' Limit price=7431.25 Stop price=0 Quantity=8 Type='Limit' Time in force=GTC Oco='' Filled=0 Fill price=0 Error='No error' Native error='',
7/23/2026 8:35:44 AM,Order,Order='2835010949/PA-APEX-422136-07' Name='Entry' New state='Change submitted' Instrument='MES SEP26' Action='Sell' Limit price=7431.25 Stop price=0 Quantity=8 Type='Limit' Time in force=GTC Oco='' Filled=0 Fill price=0 Error='No error' Native error='',
7/23/2026 8:35:38 AM,Order,Order='2835010949/PA-APEX-422136-07' Name='Entry' New state='Accepted' Instrument='MES SEP26' Action='Sell' Limit price=7431 Stop price=0 Quantity=8 Type='Limit' Time in force=GTC Oco='' Filled=0 Fill price=0 Error='No error' Native error='',
7/23/2026 8:35:38 AM,Order,Order='2835010949/PA-APEX-422136-07' Name='Entry' New state='Working' Instrument='MES SEP26' Action='Sell' Limit price=7431 Stop price=0 Quantity=8 Type='Limit' Time in force=GTC Oco='' Filled=0 Fill price=0 Error='No error' Native error='',
7/23/2026 8:35:38 AM,Order,Order='7e0863b8bbdf4e488c0dbedca9fa5355/PA-APEX-422136-07' Name='Entry' New state='Submitted' Instrument='MES SEP26' Action='Sell' Limit price=7431 Stop price=0 Quantity=8 Type='Limit' Time in force=GTC Oco='' Filled=0 Fill price=0 Error='No error' Native error='',
7/23/2026 8:35:38 AM,Order,Chart Trader submitting order with strategy 'MES MIN SL8 - 6' (Ticks),
7/23/2026 8:35:30 AM,Order,Order='2835010524/PA-APEX-422136-08' Name='Entry' New state='Working' Instrument='MES SEP26' Action='Sell' Limit price=7431.25 Stop price=0 Quantity=6 Type='Limit' Time in force=GTC Oco='' Filled=0 Fill price=0 Error='No error' Native error='',
7/23/2026 8:35:30 AM,Order,Order='2835010524/PA-APEX-422136-08' Name='Entry' New state='Accepted' Instrument='MES SEP26' Action='Sell' Limit price=7431.25 Stop price=0 Quantity=6 Type='Limit' Time in force=GTC Oco='' Filled=0 Fill price=0 Error='No error' Native error='',
7/23/2026 8:35:30 AM,Order,Order='5915ead0994a46748cd89385ca6fcf07/PA-APEX-422136-08' Name='Entry' New state='Submitted' Instrument='MES SEP26' Action='Sell' Limit price=7431.25 Stop price=0 Quantity=6 Type='Limit' Time in force=GTC Oco='' Filled=0 Fill price=0 Error='No error' Native error='',
7/23/2026 8:35:30 AM,Order,Chart Trader submitting order with strategy 'MES MIN SL8 - 5' (Ticks),
7/23/2026 8:34:44 AM,Order,Order='2835007535/PA-APEX-422136-08' Name='Entry' New state='Accepted' Instrument='MES SEP26' Action='Sell' Limit price=7437 Stop price=0 Quantity=8 Type='Limit' Time in force=GTC Oco='' Filled=0 Fill price=0 Error='No error' Native error='',
7/23/2026 8:34:44 AM,Order,Order='2835007535/PA-APEX-422136-08' Name='Entry' New state='Working' Instrument='MES SEP26' Action='Sell' Limit price=7437 Stop price=0 Quantity=8 Type='Limit' Time in force=GTC Oco='' Filled=0 Fill price=0 Error='No error' Native error='',
7/23/2026 8:34:44 AM,Order,Order='77b93e994e31487cbb007a054f5b4714/PA-APEX-422136-08' Name='Entry' New state='Submitted' Instrument='MES SEP26' Action='Sell' Limit price=7437 Stop price=0 Quantity=8 Type='Limit' Time in force=GTC Oco='' Filled=0 Fill price=0 Error='No error' Native error='',
7/23/2026 8:34:44 AM,Order,Chart Trader submitting order with strategy 'MES MIN SL8 - 4' (Ticks),
7/23/2026 8:34:22 AM,Order,Order='2835006711/PA-APEX-422136-07' Name='Entry' New state='Working' Instrument='MES SEP26' Action='Sell' Limit price=7437 Stop price=0 Quantity=8 Type='Limit' Time in force=GTC Oco='' Filled=0 Fill price=0 Error='No error' Native error='',
7/23/2026 8:34:22 AM,Order,Order='2835006711/PA-APEX-422136-07' Name='Entry' New state='Accepted' Instrument='MES SEP26' Action='Sell' Limit price=7437 Stop price=0 Quantity=8 Type='Limit' Time in force=GTC Oco='' Filled=0 Fill price=0 Error='No error' Native error='',
7/23/2026 8:34:22 AM,Order,Order='3fbba03eabfc49cebc50410ff1712ca3/PA-APEX-422136-07' Name='Entry' New state='Submitted' Instrument='MES SEP26' Action='Sell' Limit price=7437 Stop price=0 Quantity=8 Type='Limit' Time in force=GTC Oco='' Filled=0 Fill price=0 Error='No error' Native error='',
7/23/2026 8:34:22 AM,Order,Chart Trader submitting order with strategy 'MES MIN SL8 - 3' (Ticks),
7/23/2026 8:34:01 AM,Order,Order='2835005641/PA-APEX-422136-07' Name='Entry' New state='Accepted' Instrument='MES SEP26' Action='Buy' Limit price=7400 Stop price=0 Quantity=8 Type='Limit' Time in force=GTC Oco='' Filled=0 Fill price=0 Error='No error' Native error='',
7/23/2026 8:34:01 AM,Order,Order='2835005641/PA-APEX-422136-07' Name='Entry' New state='Working' Instrument='MES SEP26' Action='Buy' Limit price=7400 Stop price=0 Quantity=8 Type='Limit' Time in force=GTC Oco='' Filled=0 Fill price=0 Error='No error' Native error='',
7/23/2026 8:34:01 AM,Order,Order='7647b649463a44d494099021998c741e/PA-APEX-422136-07' Name='Entry' New state='Submitted' Instrument='MES SEP26' Action='Buy' Limit price=7400 Stop price=0 Quantity=8 Type='Limit' Time in force=GTC Oco='' Filled=0 Fill price=0 Error='No error' Native error='',
7/23/2026 8:34:01 AM,Order,Chart Trader submitting order with strategy 'MES MIN SL8 - 2' (Ticks),
7/23/2026 8:33:35 AM,Order,Order='2835004320/PA-APEX-422136-08' Name='Entry' New state='Accepted' Instrument='MES SEP26' Action='Buy' Limit price=7400 Stop price=0 Quantity=8 Type='Limit' Time in force=GTC Oco='' Filled=0 Fill price=0 Error='No error' Native error='',
7/23/2026 8:33:35 AM,Order,Order='2835004320/PA-APEX-422136-08' Name='Entry' New state='Working' Instrument='MES SEP26' Action='Buy' Limit price=7400 Stop price=0 Quantity=8 Type='Limit' Time in force=GTC Oco='' Filled=0 Fill price=0 Error='No error' Native error='',
7/23/2026 8:33:35 AM,Order,Order='a9be2526ee104ca9bbe9096c364f12f8/PA-APEX-422136-08' Name='Entry' New state='Submitted' Instrument='MES SEP26' Action='Buy' Limit price=7400 Stop price=0 Quantity=8 Type='Limit' Time in force=GTC Oco='' Filled=0 Fill price=0 Error='No error' Native error='',
7/23/2026 8:33:35 AM,Order,Chart Trader submitting order with strategy 'MES MIN SL8 - 1' (Ticks),
7/23/2026 8:27:41 AM,Order,Order='2834982215/PA-APEX-422136-07' Name='Entry' New state='Cancelled' Instrument='MES SEP26' Action='Buy' Limit price=7417.5 Stop price=0 Quantity=8 Type='Limit' Time in force=GTC Oco='' Filled=0 Fill price=0 Error='No error' Native error='',
7/23/2026 8:27:41 AM,Order,Order='2834982215/PA-APEX-422136-07' Name='Entry' New state='Cancel submitted' Instrument='MES SEP26' Action='Buy' Limit price=7417.5 Stop price=0 Quantity=8 Type='Limit' Time in force=GTC Oco='' Filled=0 Fill price=0 Error='No error' Native error='',
7/23/2026 8:27:41 AM,Default,Chart Trader close position,
7/23/2026 8:27:41 AM,Default,Cancel all orders account='PA-APEX-422136-07',
7/23/2026 8:27:22 AM,Order,Order='2834982215/PA-APEX-422136-07' Name='Entry' New state='Accepted' Instrument='MES SEP26' Action='Buy' Limit price=7417.5 Stop price=0 Quantity=8 Type='Limit' Time in force=GTC Oco='' Filled=0 Fill price=0 Error='No error' Native error='',
7/23/2026 8:27:22 AM,Order,Order='2834982215/PA-APEX-422136-07' Name='Entry' New state='Working' Instrument='MES SEP26' Action='Buy' Limit price=7417.5 Stop price=0 Quantity=8 Type='Limit' Time in force=GTC Oco='' Filled=0 Fill price=0 Error='No error' Native error='',
7/23/2026 8:27:22 AM,Order,Order='4533e389898e4b2f9d9cd87933372521/PA-APEX-422136-07' Name='Entry' New state='Submitted' Instrument='MES SEP26' Action='Buy' Limit price=7417.5 Stop price=0 Quantity=8 Type='Limit' Time in force=GTC Oco='' Filled=0 Fill price=0 Error='No error' Native error='',
7/23/2026 8:27:22 AM,Order,Chart Trader submitting order with strategy 'MES MIN SL8 - 1' (Ticks),
7/23/2026 8:27:06 AM,Order,Order='2834970525/PA-APEX-422136-07' Name='Entry' New state='Cancelled' Instrument='MES SEP26' Action='Buy' Limit price=7417.5 Stop price=0 Quantity=10 Type='Limit' Time in force=GTC Oco='' Filled=0 Fill price=0 Error='No error' Native error='',
7/23/2026 8:27:06 AM,Order,Order='2834955012/PA-APEX-422136-07' Name='Entry' New state='Cancelled' Instrument='MES SEP26' Action='Sell' Limit price=7442 Stop price=0 Quantity=10 Type='Limit' Time in force=GTC Oco='' Filled=0 Fill price=0 Error='No error' Native error='',
7/23/2026 8:27:06 AM,Order,Order='2834955012/PA-APEX-422136-07' Name='Entry' New state='Cancel submitted' Instrument='MES SEP26' Action='Sell' Limit price=7442 Stop price=0 Quantity=10 Type='Limit' Time in force=GTC Oco='' Filled=0 Fill price=0 Error='No error' Native error='',
7/23/2026 8:27:06 AM,Order,Order='2834970525/PA-APEX-422136-07' Name='Entry' New state='Cancel submitted' Instrument='MES SEP26' Action='Buy' Limit price=7417.5 Stop price=0 Quantity=10 Type='Limit' Time in force=GTC Oco='' Filled=0 Fill price=0 Error='No error' Native error='',
7/23/2026 8:27:06 AM,Default,Cancel all orders account='PA-APEX-422136-07',
7/23/2026 8:27:06 AM,Default,Chart Trader close position,
7/23/2026 8:26:51 AM,Default,Chart Trader close position,
7/23/2026 8:26:51 AM,Default,Cancel all orders account='PA-APEX-422136-08',
7/23/2026 8:26:51 AM,Order,Order='2834953320/PA-APEX-422136-08' Name='Entry' New state='Cancelled' Instrument='MES SEP26' Action='Sell' Limit price=7442 Stop price=0 Quantity=10 Type='Limit' Time in force=GTC Oco='' Filled=0 Fill price=0 Error='No error' Native error='',
7/23/2026 8:26:50 AM,Order,Order='2834948981/PA-APEX-422136-08' Name='Entry' New state='Cancelled' Instrument='MES SEP26' Action='Buy' Limit price=7417.5 Stop price=0 Quantity=10 Type='Limit' Time in force=GTC Oco='' Filled=0 Fill price=0 Error='No error' Native error='',
7/23/2026 8:26:50 AM,Order,Order='2834948981/PA-APEX-422136-08' Name='Entry' New state='Cancel submitted' Instrument='MES SEP26' Action='Buy' Limit price=7417.5 Stop price=0 Quantity=10 Type='Limit' Time in force=GTC Oco='' Filled=0 Fill price=0 Error='No error' Native error='',
7/23/2026 8:26:50 AM,Order,Order='2834953320/PA-APEX-422136-08' Name='Entry' New state='Cancel submitted' Instrument='MES SEP26' Action='Sell' Limit price=7442 Stop price=0 Quantity=10 Type='Limit' Time in force=GTC Oco='' Filled=0 Fill price=0 Error='No error' Native error='',
7/23/2026 8:26:50 AM,Default,Chart Trader close position,
7/23/2026 8:26:50 AM,Default,Cancel all orders account='PA-APEX-422136-08',
7/23/2026 8:26:32 AM,Order,Order='2834948981/PA-APEX-422136-08' Name='Entry' New state='Working' Instrument='MES SEP26' Action='Buy' Limit price=7417.5 Stop price=0 Quantity=10 Type='Limit' Time in force=GTC Oco='' Filled=0 Fill price=0 Error='No error' Native error='',
7/23/2026 8:26:32 AM,Order,Order='2834948981/PA-APEX-422136-08' Name='Entry' New state='Accepted' Instrument='MES SEP26' Action='Buy' Limit price=7417.5 Stop price=0 Quantity=10 Type='Limit' Time in force=GTC Oco='' Filled=0 Fill price=0 Error='No error' Native error='',
7/23/2026 8:26:31 AM,Order,Order='2834948981/PA-APEX-422136-08' Name='Entry' New state='Change submitted' Instrument='MES SEP26' Action='Buy' Limit price=7417.5 Stop price=0 Quantity=10 Type='Limit' Time in force=GTC Oco='' Filled=0 Fill price=0 Error='No error' Native error='',
7/23/2026 8:26:31 AM,Order,Order='2834970525/PA-APEX-422136-07' Name='Entry' New state='Working' Instrument='MES SEP26' Action='Buy' Limit price=7417.5 Stop price=0 Quantity=10 Type='Limit' Time in force=GTC Oco='' Filled=0 Fill price=0 Error='No error' Native error='',
7/23/2026 8:26:31 AM,Order,Order='2834970525/PA-APEX-422136-07' Name='Entry' New state='Accepted' Instrument='MES SEP26' Action='Buy' Limit price=7417.5 Stop price=0 Quantity=10 Type='Limit' Time in force=GTC Oco='' Filled=0 Fill price=0 Error='No error' Native error='',
7/23/2026 8:26:31 AM,Order,Order='2834970525/PA-APEX-422136-07' Name='Entry' New state='Change submitted' Instrument='MES SEP26' Action='Buy' Limit price=7417.5 Stop price=0 Quantity=10 Type='Limit' Time in force=GTC Oco='' Filled=0 Fill price=0 Error='No error' Native error='',
7/23/2026 8:26:30 AM,Order,Order='2834970525/PA-APEX-422136-07' Name='Entry' New state='Accepted' Instrument='MES SEP26' Action='Buy' Limit price=7417.75 Stop price=0 Quantity=10 Type='Limit' Time in force=GTC Oco='' Filled=0 Fill price=0 Error='No error' Native error='',
7/23/2026 8:26:30 AM,Order,Order='2834970525/PA-APEX-422136-07' Name='Entry' New state='Working' Instrument='MES SEP26' Action='Buy' Limit price=7417.75 Stop price=0 Quantity=10 Type='Limit' Time in force=GTC Oco='' Filled=0 Fill price=0 Error='No error' Native error='',
7/23/2026 8:26:30 AM,Order,Order='2834970525/PA-APEX-422136-07' Name='Entry' New state='Change submitted' Instrument='MES SEP26' Action='Buy' Limit price=7417.75 Stop price=0 Quantity=10 Type='Limit' Time in force=GTC Oco='' Filled=0 Fill price=0 Error='No error' Native error='',
7/23/2026 8:26:28 AM,Order,Order='2834948981/PA-APEX-422136-08' Name='Entry' New state='Accepted' Instrument='MES SEP26' Action='Buy' Limit price=7417.75 Stop price=0 Quantity=10 Type='Limit' Time in force=GTC Oco='' Filled=0 Fill price=0 Error='No error' Native error='',
7/23/2026 8:26:28 AM,Order,Order='2834948981/PA-APEX-422136-08' Name='Entry' New state='Working' Instrument='MES SEP26' Action='Buy' Limit price=7417.75 Stop price=0 Quantity=10 Type='Limit' Time in force=GTC Oco='' Filled=0 Fill price=0 Error='No error' Native error='',
7/23/2026 8:26:28 AM,Order,Order='2834948981/PA-APEX-422136-08' Name='Entry' New state='Change submitted' Instrument='MES SEP26' Action='Buy' Limit price=7417.75 Stop price=0 Quantity=10 Type='Limit' Time in force=GTC Oco='' Filled=0 Fill price=0 Error='No error' Native error='',
7/23/2026 8:25:21 AM,Order,Order='2834953320/PA-APEX-422136-08' Name='Entry' New state='Working' Instrument='MES SEP26' Action='Sell' Limit price=7442 Stop price=0 Quantity=10 Type='Limit' Time in force=GTC Oco='' Filled=0 Fill price=0 Error='No error' Native error='',
7/23/2026 8:25:21 AM,Order,Order='2834953320/PA-APEX-422136-08' Name='Entry' New state='Accepted' Instrument='MES SEP26' Action='Sell' Limit price=7442 Stop price=0 Quantity=10 Type='Limit' Time in force=GTC Oco='' Filled=0 Fill price=0 Error='No error' Native error='',
7/23/2026 8:25:21 AM,Order,Order='2834953320/PA-APEX-422136-08' Name='Entry' New state='Change submitted' Instrument='MES SEP26' Action='Sell' Limit price=7442 Stop price=0 Quantity=10 Type='Limit' Time in force=GTC Oco='' Filled=0 Fill price=0 Error='No error' Native error='',
7/23/2026 8:25:20 AM,Order,Order='2834955012/PA-APEX-422136-07' Name='Entry' New state='Accepted' Instrument='MES SEP26' Action='Sell' Limit price=7442 Stop price=0 Quantity=10 Type='Limit' Time in force=GTC Oco='' Filled=0 Fill price=0 Error='No error' Native error='',
7/23/2026 8:25:20 AM,Order,Order='2834955012/PA-APEX-422136-07' Name='Entry' New state='Working' Instrument='MES SEP26' Action='Sell' Limit price=7442 Stop price=0 Quantity=10 Type='Limit' Time in force=GTC Oco='' Filled=0 Fill price=0 Error='No error' Native error='',
7/23/2026 8:25:20 AM,Order,Order='2834955012/PA-APEX-422136-07' Name='Entry' New state='Change submitted' Instrument='MES SEP26' Action='Sell' Limit price=7442 Stop price=0 Quantity=10 Type='Limit' Time in force=GTC Oco='' Filled=0 Fill price=0 Error='No error' Native error='',
7/23/2026 8:25:20 AM,Order,Order='2834953320/PA-APEX-422136-08' Name='Entry' New state='Accepted' Instrument='MES SEP26' Action='Sell' Limit price=7442.25 Stop price=0 Quantity=10 Type='Limit' Time in force=GTC Oco='' Filled=0 Fill price=0 Error='No error' Native error='',
7/23/2026 8:25:20 AM,Order,Order='2834953320/PA-APEX-422136-08' Name='Entry' New state='Working' Instrument='MES SEP26' Action='Sell' Limit price=7442.25 Stop price=0 Quantity=10 Type='Limit' Time in force=GTC Oco='' Filled=0 Fill price=0 Error='No error' Native error='',
7/23/2026 8:25:20 AM,Order,Order='2834953320/PA-APEX-422136-08' Name='Entry' New state='Change submitted' Instrument='MES SEP26' Action='Sell' Limit price=7442.25 Stop price=0 Quantity=10 Type='Limit' Time in force=GTC Oco='' Filled=0 Fill price=0 Error='No error' Native error='',
7/23/2026 8:25:18 AM,Order,Order='2834955012/PA-APEX-422136-07' Name='Entry' New state='Accepted' Instrument='MES SEP26' Action='Sell' Limit price=7442.25 Stop price=0 Quantity=10 Type='Limit' Time in force=GTC Oco='' Filled=0 Fill price=0 Error='No error' Native error='',
7/23/2026 8:25:18 AM,Order,Order='2834955012/PA-APEX-422136-07' Name='Entry' New state='Working' Instrument='MES SEP26' Action='Sell' Limit price=7442.25 Stop price=0 Quantity=10 Type='Limit' Time in force=GTC Oco='' Filled=0 Fill price=0 Error='No error' Native error='',
7/23/2026 8:25:18 AM,Order,Order='2834955012/PA-APEX-422136-07' Name='Entry' New state='Change submitted' Instrument='MES SEP26' Action='Sell' Limit price=7442.25 Stop price=0 Quantity=10 Type='Limit' Time in force=GTC Oco='' Filled=0 Fill price=0 Error='No error' Native error='',
7/23/2026 8:25:18 AM,Order,Order='2834953320/PA-APEX-422136-08' Name='Entry' New state='Accepted' Instrument='MES SEP26' Action='Sell' Limit price=7442.5 Stop price=0 Quantity=10 Type='Limit' Time in force=GTC Oco='' Filled=0 Fill price=0 Error='No error' Native error='',
7/23/2026 8:25:18 AM,Order,Order='2834953320/PA-APEX-422136-08' Name='Entry' New state='Working' Instrument='MES SEP26' Action='Sell' Limit price=7442.5 Stop price=0 Quantity=10 Type='Limit' Time in force=GTC Oco='' Filled=0 Fill price=0 Error='No error' Native error='',
7/23/2026 8:25:18 AM,Order,Order='2834953320/PA-APEX-422136-08' Name='Entry' New state='Change submitted' Instrument='MES SEP26' Action='Sell' Limit price=7442.5 Stop price=0 Quantity=10 Type='Limit' Time in force=GTC Oco='' Filled=0 Fill price=0 Error='No error' Native error='',
7/23/2026 8:25:12 AM,Order,Order='2834955012/PA-APEX-422136-07' Name='Entry' New state='Working' Instrument='MES SEP26' Action='Sell' Limit price=7442.5 Stop price=0 Quantity=10 Type='Limit' Time in force=GTC Oco='' Filled=0 Fill price=0 Error='No error' Native error='',
7/23/2026 8:25:12 AM,Order,Order='2834955012/PA-APEX-422136-07' Name='Entry' New state='Accepted' Instrument='MES SEP26' Action='Sell' Limit price=7442.5 Stop price=0 Quantity=10 Type='Limit' Time in force=GTC Oco='' Filled=0 Fill price=0 Error='No error' Native error='',
7/23/2026 8:25:11 AM,Order,Order='2834955012/PA-APEX-422136-07' Name='Entry' New state='Change submitted' Instrument='MES SEP26' Action='Sell' Limit price=7442.5 Stop price=0 Quantity=10 Type='Limit' Time in force=GTC Oco='' Filled=0 Fill price=0 Error='No error' Native error='',
7/23/2026 8:25:11 AM,Order,Order='2834953320/PA-APEX-422136-08' Name='Entry' New state='Accepted' Instrument='MES SEP26' Action='Sell' Limit price=7442.75 Stop price=0 Quantity=10 Type='Limit' Time in force=GTC Oco='' Filled=0 Fill price=0 Error='No error' Native error='',
7/23/2026 8:25:11 AM,Order,Order='2834953320/PA-APEX-422136-08' Name='Entry' New state='Working' Instrument='MES SEP26' Action='Sell' Limit price=7442.75 Stop price=0 Quantity=10 Type='Limit' Time in force=GTC Oco='' Filled=0 Fill price=0 Error='No error' Native error='',
7/23/2026 8:25:11 AM,Order,Order='2834953320/PA-APEX-422136-08' Name='Entry' New state='Change submitted' Instrument='MES SEP26' Action='Sell' Limit price=7442.75 Stop price=0 Quantity=10 Type='Limit' Time in force=GTC Oco='' Filled=0 Fill price=0 Error='No error' Native error='',
7/23/2026 8:25:09 AM,Order,Order='2834955012/PA-APEX-422136-07' Name='Entry' New state='Accepted' Instrument='MES SEP26' Action='Sell' Limit price=7442.75 Stop price=0 Quantity=10 Type='Limit' Time in force=GTC Oco='' Filled=0 Fill price=0 Error='No error' Native error='',
7/23/2026 8:25:09 AM,Order,Order='2834955012/PA-APEX-422136-07' Name='Entry' New state='Working' Instrument='MES SEP26' Action='Sell' Limit price=7442.75 Stop price=0 Quantity=10 Type='Limit' Time in force=GTC Oco='' Filled=0 Fill price=0 Error='No error' Native error='',
7/23/2026 8:25:09 AM,Order,Order='2834955012/PA-APEX-422136-07' Name='Entry' New state='Change submitted' Instrument='MES SEP26' Action='Sell' Limit price=7442.75 Stop price=0 Quantity=10 Type='Limit' Time in force=GTC Oco='' Filled=0 Fill price=0 Error='No error' Native error='',
7/23/2026 8:23:39 AM,Order,Order='2834970525/PA-APEX-422136-07' Name='Entry' New state='Accepted' Instrument='MES SEP26' Action='Buy' Limit price=7418 Stop price=0 Quantity=10 Type='Limit' Time in force=GTC Oco='' Filled=0 Fill price=0 Error='No error' Native error='',
7/23/2026 8:23:39 AM,Order,Order='2834970525/PA-APEX-422136-07' Name='Entry' New state='Working' Instrument='MES SEP26' Action='Buy' Limit price=7418 Stop price=0 Quantity=10 Type='Limit' Time in force=GTC Oco='' Filled=0 Fill price=0 Error='No error' Native error='',
7/23/2026 8:23:38 AM,Order,Order='0d5fea08607643b99a14d483674774dc/PA-APEX-422136-07' Name='Entry' New state='Submitted' Instrument='MES SEP26' Action='Buy' Limit price=7418 Stop price=0 Quantity=10 Type='Limit' Time in force=GTC Oco='' Filled=0 Fill price=0 Error='No error' Native error='',
7/23/2026 8:23:38 AM,Order,Chart Trader submitting order with strategy 'MES MIN SL8 - 4' (Ticks),
7/23/2026 8:23:19 AM,Order,Order='2834956322/PA-APEX-422136-07' Name='Entry' New state='Cancelled' Instrument='MES SEP26' Action='Buy' Limit price=7418 Stop price=0 Quantity=10 Type='Limit' Time in force=GTC Oco='' Filled=0 Fill price=0 Error='No error' Native error='',
7/23/2026 8:23:19 AM,Order,Order='2834956322/PA-APEX-422136-07' Name='Entry' New state='Cancel submitted' Instrument='MES SEP26' Action='Buy' Limit price=7418 Stop price=0 Quantity=10 Type='Limit' Time in force=GTC Oco='' Filled=0 Fill price=0 Error='No error' Native error='',
7/23/2026 8:21:18 AM,Order,Order='2834953320/PA-APEX-422136-08' Name='Entry' New state='Accepted' Instrument='MES SEP26' Action='Sell' Limit price=7443 Stop price=0 Quantity=10 Type='Limit' Time in force=GTC Oco='' Filled=0 Fill price=0 Error='No error' Native error='',
7/23/2026 8:21:18 AM,Order,Order='2834953320/PA-APEX-422136-08' Name='Entry' New state='Working' Instrument='MES SEP26' Action='Sell' Limit price=7443 Stop price=0 Quantity=10 Type='Limit' Time in force=GTC Oco='' Filled=0 Fill price=0 Error='No error' Native error='',
7/23/2026 8:21:18 AM,Order,Order='2834953320/PA-APEX-422136-08' Name='Entry' New state='Change submitted' Instrument='MES SEP26' Action='Sell' Limit price=7443 Stop price=0 Quantity=10 Type='Limit' Time in force=GTC Oco='' Filled=0 Fill price=0 Error='No error' Native error='',
7/23/2026 8:21:17 AM,Order,Order='2834955012/PA-APEX-422136-07' Name='Entry' New state='Accepted' Instrument='MES SEP26' Action='Sell' Limit price=7443 Stop price=0 Quantity=10 Type='Limit' Time in force=GTC Oco='' Filled=0 Fill price=0 Error='No error' Native error='',
7/23/2026 8:21:17 AM,Order,Order='2834955012/PA-APEX-422136-07' Name='Entry' New state='Working' Instrument='MES SEP26' Action='Sell' Limit price=7443 Stop price=0 Quantity=10 Type='Limit' Time in force=GTC Oco='' Filled=0 Fill price=0 Error='No error' Native error='',
7/23/2026 8:21:17 AM,Order,Order='2834955012/PA-APEX-422136-07' Name='Entry' New state='Change submitted' Instrument='MES SEP26' Action='Sell' Limit price=7443 Stop price=0 Quantity=10 Type='Limit' Time in force=GTC Oco='' Filled=0 Fill price=0 Error='No error' Native error='',
7/23/2026 8:21:17 AM,Order,Order='2834953320/PA-APEX-422136-08' Name='Entry' New state='Working' Instrument='MES SEP26' Action='Sell' Limit price=7443.25 Stop price=0 Quantity=10 Type='Limit' Time in force=GTC Oco='' Filled=0 Fill price=0 Error='No error' Native error='',
7/23/2026 8:21:17 AM,Order,Order='2834953320/PA-APEX-422136-08' Name='Entry' New state='Accepted' Instrument='MES SEP26' Action='Sell' Limit price=7443.25 Stop price=0 Quantity=10 Type='Limit' Time in force=GTC Oco='' Filled=0 Fill price=0 Error='No error' Native error='',
7/23/2026 8:21:17 AM,Order,Order='2834953320/PA-APEX-422136-08' Name='Entry' New state='Change submitted' Instrument='MES SEP26' Action='Sell' Limit price=7443.25 Stop price=0 Quantity=10 Type='Limit' Time in force=GTC Oco='' Filled=0 Fill price=0 Error='No error' Native error='',
7/23/2026 8:21:16 AM,Order,Order='2834955012/PA-APEX-422136-07' Name='Entry' New state='Accepted' Instrument='MES SEP26' Action='Sell' Limit price=7443.25 Stop price=0 Quantity=10 Type='Limit' Time in force=GTC Oco='' Filled=0 Fill price=0 Error='No error' Native error='',
7/23/2026 8:21:16 AM,Order,Order='2834955012/PA-APEX-422136-07' Name='Entry' New state='Working' Instrument='MES SEP26' Action='Sell' Limit price=7443.25 Stop price=0 Quantity=10 Type='Limit' Time in force=GTC Oco='' Filled=0 Fill price=0 Error='No error' Native error='',
7/23/2026 8:21:16 AM,Order,Order='2834955012/PA-APEX-422136-07' Name='Entry' New state='Change submitted' Instrument='MES SEP26' Action='Sell' Limit price=7443.25 Stop price=0 Quantity=10 Type='Limit' Time in force=GTC Oco='' Filled=0 Fill price=0 Error='No error' Native error='',
7/23/2026 8:21:15 AM,Order,Order='2834953320/PA-APEX-422136-08' Name='Entry' New state='Accepted' Instrument='MES SEP26' Action='Sell' Limit price=7443.5 Stop price=0 Quantity=10 Type='Limit' Time in force=GTC Oco='' Filled=0 Fill price=0 Error='No error' Native error='',
7/23/2026 8:21:15 AM,Order,Order='2834953320/PA-APEX-422136-08' Name='Entry' New state='Working' Instrument='MES SEP26' Action='Sell' Limit price=7443.5 Stop price=0 Quantity=10 Type='Limit' Time in force=GTC Oco='' Filled=0 Fill price=0 Error='No error' Native error='',
7/23/2026 8:21:15 AM,Order,Order='2834953320/PA-APEX-422136-08' Name='Entry' New state='Change submitted' Instrument='MES SEP26' Action='Sell' Limit price=7443.5 Stop price=0 Quantity=10 Type='Limit' Time in force=GTC Oco='' Filled=0 Fill price=0 Error='No error' Native error='',
7/23/2026 8:21:15 AM,Order,Order='2834955012/PA-APEX-422136-07' Name='Entry' New state='Working' Instrument='MES SEP26' Action='Sell' Limit price=7443.5 Stop price=0 Quantity=10 Type='Limit' Time in force=GTC Oco='' Filled=0 Fill price=0 Error='No error' Native error='',
7/23/2026 8:21:15 AM,Order,Order='2834955012/PA-APEX-422136-07' Name='Entry' New state='Accepted' Instrument='MES SEP26' Action='Sell' Limit price=7443.5 Stop price=0 Quantity=10 Type='Limit' Time in force=GTC Oco='' Filled=0 Fill price=0 Error='No error' Native error='',
7/23/2026 8:21:15 AM,Order,Order='2834955012/PA-APEX-422136-07' Name='Entry' New state='Change submitted' Instrument='MES SEP26' Action='Sell' Limit price=7443.5 Stop price=0 Quantity=10 Type='Limit' Time in force=GTC Oco='' Filled=0 Fill price=0 Error='No error' Native error='',
7/23/2026 8:21:13 AM,Order,Order='2834953320/PA-APEX-422136-08' Name='Entry' New state='Working' Instrument='MES SEP26' Action='Sell' Limit price=7443.75 Stop price=0 Quantity=10 Type='Limit' Time in force=GTC Oco='' Filled=0 Fill price=0 Error='No error' Native error='',
7/23/2026 8:21:13 AM,Order,Order='2834953320/PA-APEX-422136-08' Name='Entry' New state='Accepted' Instrument='MES SEP26' Action='Sell' Limit price=7443.75 Stop price=0 Quantity=10 Type='Limit' Time in force=GTC Oco='' Filled=0 Fill price=0 Error='No error' Native error='',
7/23/2026 8:21:13 AM,Order,Order='2834953320/PA-APEX-422136-08' Name='Entry' New state='Change submitted' Instrument='MES SEP26' Action='Sell' Limit price=7443.75 Stop price=0 Quantity=10 Type='Limit' Time in force=GTC Oco='' Filled=0 Fill price=0 Error='No error' Native error='',
7/23/2026 8:21:13 AM,Order,Order='2834955012/PA-APEX-422136-07' Name='Entry' New state='Working' Instrument='MES SEP26' Action='Sell' Limit price=7443.75 Stop price=0 Quantity=10 Type='Limit' Time in force=GTC Oco='' Filled=0 Fill price=0 Error='No error' Native error='',
7/23/2026 8:21:13 AM,Order,Order='2834955012/PA-APEX-422136-07' Name='Entry' New state='Accepted' Instrument='MES SEP26' Action='Sell' Limit price=7443.75 Stop price=0 Quantity=10 Type='Limit' Time in force=GTC Oco='' Filled=0 Fill price=0 Error='No error' Native error='',
7/23/2026 8:21:13 AM,Order,Order='2834955012/PA-APEX-422136-07' Name='Entry' New state='Change submitted' Instrument='MES SEP26' Action='Sell' Limit price=7443.75 Stop price=0 Quantity=10 Type='Limit' Time in force=GTC Oco='' Filled=0 Fill price=0 Error='No error' Native error='',
7/23/2026 8:21:06 AM,Order,Order='2834956322/PA-APEX-422136-07' Name='Entry' New state='Accepted' Instrument='MES SEP26' Action='Buy' Limit price=7418 Stop price=0 Quantity=10 Type='Limit' Time in force=GTC Oco='' Filled=0 Fill price=0 Error='No error' Native error='',
7/23/2026 8:21:06 AM,Order,Order='2834956322/PA-APEX-422136-07' Name='Entry' New state='Working' Instrument='MES SEP26' Action='Buy' Limit price=7418 Stop price=0 Quantity=10 Type='Limit' Time in force=GTC Oco='' Filled=0 Fill price=0 Error='No error' Native error='',
7/23/2026 8:21:06 AM,Order,Order='001fba40a946425c9fbbdd5db83aff0f/PA-APEX-422136-07' Name='Entry' New state='Submitted' Instrument='MES SEP26' Action='Buy' Limit price=7418 Stop price=0 Quantity=10 Type='Limit' Time in force=GTC Oco='' Filled=0 Fill price=0 Error='No error' Native error='',
7/23/2026 8:21:06 AM,Order,Chart Trader submitting order with strategy 'MES MIN SL8 - 4' (Ticks),
7/23/2026 8:20:50 AM,Order,Order='2834955012/PA-APEX-422136-07' Name='Entry' New state='Accepted' Instrument='MES SEP26' Action='Sell' Limit price=7444 Stop price=0 Quantity=10 Type='Limit' Time in force=GTC Oco='' Filled=0 Fill price=0 Error='No error' Native error='',
7/23/2026 8:20:50 AM,Order,Order='2834955012/PA-APEX-422136-07' Name='Entry' New state='Working' Instrument='MES SEP26' Action='Sell' Limit price=7444 Stop price=0 Quantity=10 Type='Limit' Time in force=GTC Oco='' Filled=0 Fill price=0 Error='No error' Native error='',
7/23/2026 8:20:50 AM,Order,Order='17445c32702d4ad9a55aef3fd15e81b7/PA-APEX-422136-07' Name='Entry' New state='Submitted' Instrument='MES SEP26' Action='Sell' Limit price=7444 Stop price=0 Quantity=10 Type='Limit' Time in force=GTC Oco='' Filled=0 Fill price=0 Error='No error' Native error='',
7/23/2026 8:20:50 AM,Order,Chart Trader submitting order with strategy 'MES MIN SL8 - 3' (Ticks),
7/23/2026 8:20:24 AM,Order,Order='2834953320/PA-APEX-422136-08' Name='Entry' New state='Working' Instrument='MES SEP26' Action='Sell' Limit price=7444 Stop price=0 Quantity=10 Type='Limit' Time in force=GTC Oco='' Filled=0 Fill price=0 Error='No error' Native error='',
7/23/2026 8:20:24 AM,Order,Order='2834953320/PA-APEX-422136-08' Name='Entry' New state='Accepted' Instrument='MES SEP26' Action='Sell' Limit price=7444 Stop price=0 Quantity=10 Type='Limit' Time in force=GTC Oco='' Filled=0 Fill price=0 Error='No error' Native error='',
7/23/2026 8:20:24 AM,Order,Order='11b520e9c8f2433b902ec2f2dcf271dd/PA-APEX-422136-08' Name='Entry' New state='Submitted' Instrument='MES SEP26' Action='Sell' Limit price=7444 Stop price=0 Quantity=10 Type='Limit' Time in force=GTC Oco='' Filled=0 Fill price=0 Error='No error' Native error='',
7/23/2026 8:20:24 AM,Order,Chart Trader submitting order with strategy 'MES MIN SL8 - 2' (Ticks),
7/23/2026 8:19:27 AM,Order,Order='2834948981/PA-APEX-422136-08' Name='Entry' New state='Accepted' Instrument='MES SEP26' Action='Buy' Limit price=7418 Stop price=0 Quantity=10 Type='Limit' Time in force=GTC Oco='' Filled=0 Fill price=0 Error='No error' Native error='',
7/23/2026 8:19:27 AM,Order,Order='2834948981/PA-APEX-422136-08' Name='Entry' New state='Working' Instrument='MES SEP26' Action='Buy' Limit price=7418 Stop price=0 Quantity=10 Type='Limit' Time in force=GTC Oco='' Filled=0 Fill price=0 Error='No error' Native error='',
7/23/2026 8:19:27 AM,Order,Order='71622d0f076e4e998590b5b3b2ef8c4d/PA-APEX-422136-08' Name='Entry' New state='Submitted' Instrument='MES SEP26' Action='Buy' Limit price=7418 Stop price=0 Quantity=10 Type='Limit' Time in force=GTC Oco='' Filled=0 Fill price=0 Error='No error' Native error='',
7/23/2026 8:19:27 AM,Order,Chart Trader submitting order with strategy 'MES MIN SL8 - 1' (Ticks),
7/23/2026 7:55:31 AM,Order,Order='2834830945/PA-APEX-422136-08' Name='Entry' New state='Cancelled' Instrument='MES SEP26' Action='Buy' Limit price=7429 Stop price=0 Quantity=10 Type='Limit' Time in force=GTC Oco='' Filled=0 Fill price=0 Error='No error' Native error='',
7/23/2026 7:55:31 AM,Order,Order='2834830945/PA-APEX-422136-08' Name='Entry' New state='Cancel submitted' Instrument='MES SEP26' Action='Buy' Limit price=7429 Stop price=0 Quantity=10 Type='Limit' Time in force=GTC Oco='' Filled=0 Fill price=0 Error='No error' Native error='',
7/23/2026 7:55:30 AM,Order,Order='2834834236/PA-APEX-422136-08' Name='Entry' New state='Cancelled' Instrument='MES SEP26' Action='Sell' Limit price=7458 Stop price=0 Quantity=10 Type='Limit' Time in force=GTC Oco='' Filled=0 Fill price=0 Error='No error' Native error='',
7/23/2026 7:55:30 AM,Order,Order='2834834236/PA-APEX-422136-08' Name='Entry' New state='Cancel submitted' Instrument='MES SEP26' Action='Sell' Limit price=7458 Stop price=0 Quantity=10 Type='Limit' Time in force=GTC Oco='' Filled=0 Fill price=0 Error='No error' Native error='',
7/23/2026 7:52:07 AM,Order,Order='2834834236/PA-APEX-422136-08' Name='Entry' New state='Working' Instrument='MES SEP26' Action='Sell' Limit price=7458 Stop price=0 Quantity=10 Type='Limit' Time in force=GTC Oco='' Filled=0 Fill price=0 Error='No error' Native error='',
7/23/2026 7:52:07 AM,Order,Order='2834834236/PA-APEX-422136-08' Name='Entry' New state='Accepted' Instrument='MES SEP26' Action='Sell' Limit price=7458 Stop price=0 Quantity=10 Type='Limit' Time in force=GTC Oco='' Filled=0 Fill price=0 Error='No error' Native error='',
7/23/2026 7:52:07 AM,Order,Order='591e1de7b0d845219393207ba23c1561/PA-APEX-422136-08' Name='Entry' New state='Submitted' Instrument='MES SEP26' Action='Sell' Limit price=7458 Stop price=0 Quantity=10 Type='Limit' Time in force=GTC Oco='' Filled=0 Fill price=0 Error='No error' Native error='',
7/23/2026 7:52:07 AM,Order,Chart Trader submitting order with strategy 'MES MIN SL8 - 2' (Ticks),
7/23/2026 7:51:42 AM,Order,Order='2834830945/PA-APEX-422136-08' Name='Entry' New state='Accepted' Instrument='MES SEP26' Action='Buy' Limit price=7429 Stop price=0 Quantity=10 Type='Limit' Time in force=GTC Oco='' Filled=0 Fill price=0 Error='No error' Native error='',
7/23/2026 7:51:42 AM,Order,Order='2834830945/PA-APEX-422136-08' Name='Entry' New state='Working' Instrument='MES SEP26' Action='Buy' Limit price=7429 Stop price=0 Quantity=10 Type='Limit' Time in force=GTC Oco='' Filled=0 Fill price=0 Error='No error' Native error='',
7/23/2026 7:51:42 AM,Order,Order='2834830945/PA-APEX-422136-08' Name='Entry' New state='Change submitted' Instrument='MES SEP26' Action='Buy' Limit price=7429 Stop price=0 Quantity=10 Type='Limit' Time in force=GTC Oco='' Filled=0 Fill price=0 Error='No error' Native error='',
7/23/2026 7:51:33 AM,Order,Order='2834830945/PA-APEX-422136-08' Name='Entry' New state='Accepted' Instrument='MES SEP26' Action='Buy' Limit price=7429.25 Stop price=0 Quantity=10 Type='Limit' Time in force=GTC Oco='' Filled=0 Fill price=0 Error='No error' Native error='',
7/23/2026 7:51:33 AM,Order,Order='2834830945/PA-APEX-422136-08' Name='Entry' New state='Working' Instrument='MES SEP26' Action='Buy' Limit price=7429.25 Stop price=0 Quantity=10 Type='Limit' Time in force=GTC Oco='' Filled=0 Fill price=0 Error='No error' Native error='',
7/23/2026 7:51:33 AM,Order,Order='1965cc8dd7234320b5b8b33b81070b96/PA-APEX-422136-08' Name='Entry' New state='Submitted' Instrument='MES SEP26' Action='Buy' Limit price=7429.25 Stop price=0 Quantity=10 Type='Limit' Time in force=GTC Oco='' Filled=0 Fill price=0 Error='No error' Native error='',
7/23/2026 7:51:33 AM,Order,Chart Trader submitting order with strategy 'MES MIN SL8 - 1' (Ticks),
7/23/2026 7:50:56 AM,Order,Order='2834804435/PA-APEX-422136-07' Name='Entry' New state='Cancelled' Instrument='MES SEP26' Action='Buy' Limit price=7429 Stop price=0 Quantity=8 Type='Limit' Time in force=GTC Oco='' Filled=0 Fill price=0 Error='No error' Native error='',
7/23/2026 7:50:56 AM,Order,Order='2834804435/PA-APEX-422136-07' Name='Entry' New state='Cancel submitted' Instrument='MES SEP26' Action='Buy' Limit price=7429 Stop price=0 Quantity=8 Type='Limit' Time in force=GTC Oco='' Filled=0 Fill price=0 Error='No error' Native error='',
7/23/2026 7:50:31 AM,Order,Order='2834823197/PA-APEX-422136-08' Name='Entry' New state='Cancelled' Instrument='MES SEP26' Action='Sell' Limit price=7458 Stop price=0 Quantity=4 Type='Limit' Time in force=GTC Oco='' Filled=0 Fill price=0 Error='No error' Native error='',
7/23/2026 7:50:31 AM,Order,Order='2834818496/PA-APEX-422136-08' Name='Entry' New state='Cancelled' Instrument='MES SEP26' Action='Buy' Limit price=7429 Stop price=0 Quantity=4 Type='Limit' Time in force=GTC Oco='' Filled=0 Fill price=0 Error='No error' Native error='',
7/23/2026 7:50:31 AM,Order,Order='2834823197/PA-APEX-422136-08' Name='Entry' New state='Cancel submitted' Instrument='MES SEP26' Action='Sell' Limit price=7458 Stop price=0 Quantity=4 Type='Limit' Time in force=GTC Oco='' Filled=0 Fill price=0 Error='No error' Native error='',
7/23/2026 7:50:31 AM,Order,Order='2834818496/PA-APEX-422136-08' Name='Entry' New state='Cancel submitted' Instrument='MES SEP26' Action='Buy' Limit price=7429 Stop price=0 Quantity=4 Type='Limit' Time in force=GTC Oco='' Filled=0 Fill price=0 Error='No error' Native error='',
7/23/2026 7:50:31 AM,Default,Chart Trader close position,
7/23/2026 7:50:31 AM,Default,Cancel all orders account='PA-APEX-422136-08',
7/23/2026 7:50:12 AM,Order,Order='2834823197/PA-APEX-422136-08' Name='Entry' New state='Accepted' Instrument='MES SEP26' Action='Sell' Limit price=7458 Stop price=0 Quantity=4 Type='Limit' Time in force=GTC Oco='' Filled=0 Fill price=0 Error='No error' Native error='',
7/23/2026 7:50:12 AM,Order,Order='2834823197/PA-APEX-422136-08' Name='Entry' New state='Working' Instrument='MES SEP26' Action='Sell' Limit price=7458 Stop price=0 Quantity=4 Type='Limit' Time in force=GTC Oco='' Filled=0 Fill price=0 Error='No error' Native error='',
7/23/2026 7:50:12 AM,Order,Order='e34723771a1040b9b13adf44a942f211/PA-APEX-422136-08' Name='Entry' New state='Submitted' Instrument='MES SEP26' Action='Sell' Limit price=7458 Stop price=0 Quantity=4 Type='Limit' Time in force=GTC Oco='' Filled=0 Fill price=0 Error='No error' Native error='',
7/23/2026 7:50:12 AM,Order,Chart Trader submitting order with strategy 'MGC MIN SL10 - 4' (Ticks),
7/23/2026 7:49:21 AM,Order,Order='2834818496/PA-APEX-422136-08' Name='Entry' New state='Working' Instrument='MES SEP26' Action='Buy' Limit price=7429 Stop price=0 Quantity=4 Type='Limit' Time in force=GTC Oco='' Filled=0 Fill price=0 Error='No error' Native error='',
7/23/2026 7:49:21 AM,Order,Order='2834818496/PA-APEX-422136-08' Name='Entry' New state='Accepted' Instrument='MES SEP26' Action='Buy' Limit price=7429 Stop price=0 Quantity=4 Type='Limit' Time in force=GTC Oco='' Filled=0 Fill price=0 Error='No error' Native error='',
7/23/2026 7:49:21 AM,Order,Order='2834818496/PA-APEX-422136-08' Name='Entry' New state='Change submitted' Instrument='MES SEP26' Action='Buy' Limit price=7429 Stop price=0 Quantity=4 Type='Limit' Time in force=GTC Oco='' Filled=0 Fill price=0 Error='No error' Native error='',
7/23/2026 7:49:21 AM,Order,Order='2834818496/PA-APEX-422136-08' Name='Entry' New state='Accepted' Instrument='MES SEP26' Action='Buy' Limit price=7429.25 Stop price=0 Quantity=4 Type='Limit' Time in force=GTC Oco='' Filled=0 Fill price=0 Error='No error' Native error='',
7/23/2026 7:49:21 AM,Order,Order='2834818496/PA-APEX-422136-08' Name='Entry' New state='Working' Instrument='MES SEP26' Action='Buy' Limit price=7429.25 Stop price=0 Quantity=4 Type='Limit' Time in force=GTC Oco='' Filled=0 Fill price=0 Error='No error' Native error='',
7/23/2026 7:49:21 AM,Order,Order='2834818496/PA-APEX-422136-08' Name='Entry' New state='Change submitted' Instrument='MES SEP26' Action='Buy' Limit price=7429.25 Stop price=0 Quantity=4 Type='Limit' Time in force=GTC Oco='' Filled=0 Fill price=0 Error='No error' Native error='',
7/23/2026 7:49:14 AM,Order,Order='2834818496/PA-APEX-422136-08' Name='Entry' New state='Accepted' Instrument='MES SEP26' Action='Buy' Limit price=7429.5 Stop price=0 Quantity=4 Type='Limit' Time in force=GTC Oco='' Filled=0 Fill price=0 Error='No error' Native error='',
7/23/2026 7:49:14 AM,Order,Order='2834818496/PA-APEX-422136-08' Name='Entry' New state='Working' Instrument='MES SEP26' Action='Buy' Limit price=7429.5 Stop price=0 Quantity=4 Type='Limit' Time in force=GTC Oco='' Filled=0 Fill price=0 Error='No error' Native error='',
7/23/2026 7:49:14 AM,Order,Order='0f2c14a76a4548298befc719f05acdb0/PA-APEX-422136-08' Name='Entry' New state='Submitted' Instrument='MES SEP26' Action='Buy' Limit price=7429.5 Stop price=0 Quantity=4 Type='Limit' Time in force=GTC Oco='' Filled=0 Fill price=0 Error='No error' Native error='',
7/23/2026 7:49:14 AM,Order,Chart Trader submitting order with strategy 'MGC MIN SL10 - 3' (Ticks),
7/23/2026 7:48:57 AM,Order,Order='2834803278/PA-APEX-422136-08' Name='Entry' New state='Cancelled' Instrument='MES SEP26' Action='Buy' Limit price=7429 Stop price=0 Quantity=8 Type='Limit' Time in force=GTC Oco='' Filled=0 Fill price=0 Error='No error' Native error='',
7/23/2026 7:48:57 AM,Order,Order='2834803278/PA-APEX-422136-08' Name='Entry' New state='Cancel submitted' Instrument='MES SEP26' Action='Buy' Limit price=7429 Stop price=0 Quantity=8 Type='Limit' Time in force=GTC Oco='' Filled=0 Fill price=0 Error='No error' Native error='',
7/23/2026 7:46:23 AM,Order,Order='2834804435/PA-APEX-422136-07' Name='Entry' New state='Accepted' Instrument='MES SEP26' Action='Buy' Limit price=7429 Stop price=0 Quantity=8 Type='Limit' Time in force=GTC Oco='' Filled=0 Fill price=0 Error='No error' Native error='',
7/23/2026 7:46:23 AM,Order,Order='2834804435/PA-APEX-422136-07' Name='Entry' New state='Working' Instrument='MES SEP26' Action='Buy' Limit price=7429 Stop price=0 Quantity=8 Type='Limit' Time in force=GTC Oco='' Filled=0 Fill price=0 Error='No error' Native error='',
7/23/2026 7:46:23 AM,Order,Order='e97e1041f28c4ffbbdde0066b0dd8bec/PA-APEX-422136-07' Name='Entry' New state='Submitted' Instrument='MES SEP26' Action='Buy' Limit price=7429 Stop price=0 Quantity=8 Type='Limit' Time in force=GTC Oco='' Filled=0 Fill price=0 Error='No error' Native error='',
7/23/2026 7:46:23 AM,Order,Chart Trader submitting order with strategy 'MES MIN SL9 - 2' (Ticks),
7/23/2026 7:46:14 AM,Order,Order='2834803278/PA-APEX-422136-08' Name='Entry' New state='Accepted' Instrument='MES SEP26' Action='Buy' Limit price=7429 Stop price=0 Quantity=8 Type='Limit' Time in force=GTC Oco='' Filled=0 Fill price=0 Error='No error' Native error='',
7/23/2026 7:46:14 AM,Order,Order='2834803278/PA-APEX-422136-08' Name='Entry' New state='Working' Instrument='MES SEP26' Action='Buy' Limit price=7429 Stop price=0 Quantity=8 Type='Limit' Time in force=GTC Oco='' Filled=0 Fill price=0 Error='No error' Native error='',
7/23/2026 7:46:13 AM,Order,Order='2834803278/PA-APEX-422136-08' Name='Entry' New state='Change submitted' Instrument='MES SEP26' Action='Buy' Limit price=7429 Stop price=0 Quantity=8 Type='Limit' Time in force=GTC Oco='' Filled=0 Fill price=0 Error='No error' Native error='',
7/23/2026 7:46:11 AM,Order,Order='2834803278/PA-APEX-422136-08' Name='Entry' New state='Working' Instrument='MES SEP26' Action='Buy' Limit price=7428.75 Stop price=0 Quantity=8 Type='Limit' Time in force=GTC Oco='' Filled=0 Fill price=0 Error='No error' Native error='',
7/23/2026 7:46:11 AM,Order,Order='2834803278/PA-APEX-422136-08' Name='Entry' New state='Accepted' Instrument='MES SEP26' Action='Buy' Limit price=7428.75 Stop price=0 Quantity=8 Type='Limit' Time in force=GTC Oco='' Filled=0 Fill price=0 Error='No error' Native error='',
7/23/2026 7:46:11 AM,Order,Order='19e17eb1a9694ec9ab2ec5a78e24f65b/PA-APEX-422136-08' Name='Entry' New state='Submitted' Instrument='MES SEP26' Action='Buy' Limit price=7428.75 Stop price=0 Quantity=8 Type='Limit' Time in force=GTC Oco='' Filled=0 Fill price=0 Error='No error' Native error='',
7/23/2026 7:46:11 AM,Order,Chart Trader submitting order with strategy 'MES MIN SL9 - 1' (Ticks),
7/23/2026 7:44:03 AM,Order,Order='2834787921/PA-APEX-422136-08' Name='Entry' New state='Cancelled' Instrument='MES SEP26' Action='Buy' Limit price=7445.75 Stop price=0 Quantity=8 Type='Limit' Time in force=GTC Oco='' Filled=0 Fill price=0 Error='No error' Native error='',
7/23/2026 7:44:02 AM,Order,Order='2834787921/PA-APEX-422136-08' Name='Entry' New state='Cancel submitted' Instrument='MES SEP26' Action='Buy' Limit price=7445.75 Stop price=0 Quantity=8 Type='Limit' Time in force=GTC Oco='' Filled=0 Fill price=0 Error='No error' Native error='',
7/23/2026 7:43:38 AM,Order,Order='2834787921/PA-APEX-422136-08' Name='Entry' New state='Working' Instrument='MES SEP26' Action='Buy' Limit price=7445.75 Stop price=0 Quantity=8 Type='Limit' Time in force=GTC Oco='' Filled=0 Fill price=0 Error='No error' Native error='',
7/23/2026 7:43:38 AM,Order,Order='2834787921/PA-APEX-422136-08' Name='Entry' New state='Accepted' Instrument='MES SEP26' Action='Buy' Limit price=7445.75 Stop price=0 Quantity=8 Type='Limit' Time in force=GTC Oco='' Filled=0 Fill price=0 Error='No error' Native error='',
7/23/2026 7:43:38 AM,Order,Order='8cb29c850b6341c5b7f7555426524626/PA-APEX-422136-08' Name='Entry' New state='Submitted' Instrument='MES SEP26' Action='Buy' Limit price=7445.75 Stop price=0 Quantity=8 Type='Limit' Time in force=GTC Oco='' Filled=0 Fill price=0 Error='No error' Native error='',
7/23/2026 7:43:38 AM,Order,Chart Trader submitting order with strategy 'MES MIN SL10 - 1' (Ticks),
7/23/2026 7:43:25 AM,Order,Order='2834781621/PA-APEX-422136-08' Name='Entry' New state='Cancelled' Instrument='MES SEP26' Action='Buy' Limit price=7446 Stop price=0 Quantity=8 Type='Limit' Time in force=GTC Oco='' Filled=0 Fill price=0 Error='No error' Native error='',
7/23/2026 7:43:25 AM,Order,Order='2834781621/PA-APEX-422136-08' Name='Entry' New state='Cancel submitted' Instrument='MES SEP26' Action='Buy' Limit price=7446 Stop price=0 Quantity=8 Type='Limit' Time in force=GTC Oco='' Filled=0 Fill price=0 Error='No error' Native error='',
7/23/2026 7:42:41 AM,Order,Order='2834781621/PA-APEX-422136-08' Name='Entry' New state='Accepted' Instrument='MES SEP26' Action='Buy' Limit price=7446 Stop price=0 Quantity=8 Type='Limit' Time in force=GTC Oco='' Filled=0 Fill price=0 Error='No error' Native error='',
7/23/2026 7:42:41 AM,Order,Order='2834781621/PA-APEX-422136-08' Name='Entry' New state='Working' Instrument='MES SEP26' Action='Buy' Limit price=7446 Stop price=0 Quantity=8 Type='Limit' Time in force=GTC Oco='' Filled=0 Fill price=0 Error='No error' Native error='',
7/23/2026 7:42:41 AM,Order,Order='83fa321af3714923ac87bfa4d1bba168/PA-APEX-422136-08' Name='Entry' New state='Submitted' Instrument='MES SEP26' Action='Buy' Limit price=7446 Stop price=0 Quantity=8 Type='Limit' Time in force=GTC Oco='' Filled=0 Fill price=0 Error='No error' Native error='',
7/23/2026 7:42:41 AM,Order,Chart Trader submitting order with strategy 'MES MIN SL9 - 1' (Ticks),
7/23/2026 7:41:00 AM,Order,Order='2834759546/PA-APEX-422136-08' Name='Entry' New state='Cancelled' Instrument='MES SEP26' Action='Sell' Limit price=7468 Stop price=0 Quantity=8 Type='Limit' Time in force=GTC Oco='' Filled=0 Fill price=0 Error='No error' Native error='',
7/23/2026 7:41:00 AM,Order,Order='2834759546/PA-APEX-422136-08' Name='Entry' New state='Cancel submitted' Instrument='MES SEP26' Action='Sell' Limit price=7468 Stop price=0 Quantity=8 Type='Limit' Time in force=GTC Oco='' Filled=0 Fill price=0 Error='No error' Native error='',
7/23/2026 7:40:59 AM,Order,Order='2834760461/PA-APEX-422136-07' Name='Entry' New state='Cancelled' Instrument='MES SEP26' Action='Sell' Limit price=7468 Stop price=0 Quantity=8 Type='Limit' Time in force=GTC Oco='' Filled=0 Fill price=0 Error='No error' Native error='',
7/23/2026 7:40:59 AM,Order,Order='2834760461/PA-APEX-422136-07' Name='Entry' New state='Cancel submitted' Instrument='MES SEP26' Action='Sell' Limit price=7468 Stop price=0 Quantity=8 Type='Limit' Time in force=GTC Oco='' Filled=0 Fill price=0 Error='No error' Native error='',
7/23/2026 7:39:59 AM,Order,Order='2834760461/PA-APEX-422136-07' Name='Entry' New state='Accepted' Instrument='MES SEP26' Action='Sell' Limit price=7468 Stop price=0 Quantity=8 Type='Limit' Time in force=GTC Oco='' Filled=0 Fill price=0 Error='No error' Native error='',
7/23/2026 7:39:59 AM,Order,Order='2834760461/PA-APEX-422136-07' Name='Entry' New state='Working' Instrument='MES SEP26' Action='Sell' Limit price=7468 Stop price=0 Quantity=8 Type='Limit' Time in force=GTC Oco='' Filled=0 Fill price=0 Error='No error' Native error='',
7/23/2026 7:39:59 AM,Order,Order='8264c41b73da41bd8242f90d77a55b65/PA-APEX-422136-07' Name='Entry' New state='Submitted' Instrument='MES SEP26' Action='Sell' Limit price=7468 Stop price=0 Quantity=8 Type='Limit' Time in force=GTC Oco='' Filled=0 Fill price=0 Error='No error' Native error='',
7/23/2026 7:39:59 AM,Order,Chart Trader submitting order with strategy 'MES MIN SL9 - 2' (Ticks),
7/23/2026 7:39:47 AM,Order,Order='2834759546/PA-APEX-422136-08' Name='Entry' New state='Accepted' Instrument='MES SEP26' Action='Sell' Limit price=7468 Stop price=0 Quantity=8 Type='Limit' Time in force=GTC Oco='' Filled=0 Fill price=0 Error='No error' Native error='',
7/23/2026 7:39:47 AM,Order,Order='2834759546/PA-APEX-422136-08' Name='Entry' New state='Working' Instrument='MES SEP26' Action='Sell' Limit price=7468 Stop price=0 Quantity=8 Type='Limit' Time in force=GTC Oco='' Filled=0 Fill price=0 Error='No error' Native error='',
7/23/2026 7:39:47 AM,Order,Order='6b386a39bfcc41deadacee093a7c8a7d/PA-APEX-422136-08' Name='Entry' New state='Submitted' Instrument='MES SEP26' Action='Sell' Limit price=7468 Stop price=0 Quantity=8 Type='Limit' Time in force=GTC Oco='' Filled=0 Fill price=0 Error='No error' Native error='',
7/23/2026 7:39:47 AM,Order,Chart Trader submitting order with strategy 'MES MIN SL9 - 1' (Ticks),
7/23/2026 7:38:15 AM,Order,Order='2834749890/PA-APEX-422136-08' Name='Close' New state='Filled' Instrument='MES SEP26' Action='Buy to cover' Limit price=0 Stop price=0 Quantity=8 Type='Market' Time in force=DAY Oco='' Filled=8 Fill price=7459.75 Error='No error' Native error='',
7/23/2026 7:38:15 AM,Execution,Execution='1855612,
7/23/2026 7:38:15 AM,Position,Instrument='MES SEP26' Account='PA-APEX-422136-08' Average price=7460 Quantity=8 Market position=Flat Operation=Remove,
7/23/2026 7:38:15 AM,Order,Order='2834749890/PA-APEX-422136-08' Name='Close' New state='Accepted' Instrument='MES SEP26' Action='Buy to cover' Limit price=0 Stop price=0 Quantity=8 Type='Market' Time in force=DAY Oco='' Filled=0 Fill price=0 Error='No error' Native error='',
7/23/2026 7:38:15 AM,Order,Order='2834749890/PA-APEX-422136-08' Name='Close' New state='Working' Instrument='MES SEP26' Action='Buy to cover' Limit price=0 Stop price=0 Quantity=8 Type='Market' Time in force=DAY Oco='' Filled=0 Fill price=0 Error='No error' Native error='',
7/23/2026 7:38:15 AM,Order,Order='f2d756d370ee4c09bbf10c0cf82a7489/PA-APEX-422136-08' Name='Close' New state='Submitted' Instrument='MES SEP26' Action='Buy to cover' Limit price=0 Stop price=0 Quantity=8 Type='Market' Time in force=DAY Oco='' Filled=0 Fill price=0 Error='No error' Native error='',
7/23/2026 7:38:15 AM,Order,Order='2834745478/PA-APEX-422136-08' Name='Stop2' New state='Cancelled' Instrument='MES SEP26' Action='Buy to cover' Limit price=0 Stop price=7469 Quantity=4 Type='Stop Market' Time in force=GTC Oco='6fe0d6833f234fa29ef63a1bb6df7724' Filled=0 Fill price=0 Error='No error' Native error='',
7/23/2026 7:38:15 AM,Order,Order='2834745461/PA-APEX-422136-08' Name='Stop1' New state='Cancelled' Instrument='MES SEP26' Action='Buy to cover' Limit price=0 Stop price=7469 Quantity=4 Type='Stop Market' Time in force=GTC Oco='e152054e67d349428f4a2df78d234077' Filled=0 Fill price=0 Error='No error' Native error='',
7/23/2026 7:38:15 AM,Order,Order='2834745479/PA-APEX-422136-08' Name='Target2' New state='Cancelled' Instrument='MES SEP26' Action='Buy to cover' Limit price=7455.5 Stop price=0 Quantity=4 Type='Limit' Time in force=GTC Oco='6fe0d6833f234fa29ef63a1bb6df7724' Filled=0 Fill price=0 Error='No error' Native error='',
7/23/2026 7:38:15 AM,Order,Order='2834737017/PA-APEX-422136-08' Name='Entry' New state='Cancelled' Instrument='MES SEP26' Action='Buy' Limit price=7428.5 Stop price=0 Quantity=8 Type='Limit' Time in force=GTC Oco='' Filled=0 Fill price=0 Error='No error' Native error='',
7/23/2026 7:38:15 AM,Order,Order='2834745477/PA-APEX-422136-08' Name='Target1' New state='Cancelled' Instrument='MES SEP26' Action='Buy to cover' Limit price=7456.25 Stop price=0 Quantity=4 Type='Limit' Time in force=GTC Oco='e152054e67d349428f4a2df78d234077' Filled=0 Fill price=0 Error='No error' Native error='',
7/23/2026 7:38:15 AM,Order,Order='2834737017/PA-APEX-422136-08' Name='Entry' New state='Cancel submitted' Instrument='MES SEP26' Action='Buy' Limit price=7428.5 Stop price=0 Quantity=8 Type='Limit' Time in force=GTC Oco='' Filled=0 Fill price=0 Error='No error' Native error='',
7/23/2026 7:38:15 AM,Order,Order='2834745461/PA-APEX-422136-08' Name='Stop1' New state='Cancel submitted' Instrument='MES SEP26' Action='Buy to cover' Limit price=0 Stop price=7469 Quantity=4 Type='Stop Market' Time in force=GTC Oco='e152054e67d349428f4a2df78d234077' Filled=0 Fill price=0 Error='No error' Native error='',
7/23/2026 7:38:15 AM,Order,Order='2834745478/PA-APEX-422136-08' Name='Stop2' New state='Cancel submitted' Instrument='MES SEP26' Action='Buy to cover' Limit price=0 Stop price=7469 Quantity=4 Type='Stop Market' Time in force=GTC Oco='6fe0d6833f234fa29ef63a1bb6df7724' Filled=0 Fill price=0 Error='No error' Native error='',
7/23/2026 7:38:15 AM,Order,Order='2834745479/PA-APEX-422136-08' Name='Target2' New state='Cancel submitted' Instrument='MES SEP26' Action='Buy to cover' Limit price=7455.5 Stop price=0 Quantity=4 Type='Limit' Time in force=GTC Oco='6fe0d6833f234fa29ef63a1bb6df7724' Filled=0 Fill price=0 Error='No error' Native error='',
7/23/2026 7:38:15 AM,Order,Order='2834745477/PA-APEX-422136-08' Name='Target1' New state='Cancel submitted' Instrument='MES SEP26' Action='Buy to cover' Limit price=7456.25 Stop price=0 Quantity=4 Type='Limit' Time in force=GTC Oco='e152054e67d349428f4a2df78d234077' Filled=0 Fill price=0 Error='No error' Native error='',
7/23/2026 7:38:15 AM,Default,Position grid close position,
7/23/2026 7:37:48 AM,Order,Order='2834745477/PA-APEX-422136-08' Name='Target1' New state='Accepted' Instrument='MES SEP26' Action='Buy to cover' Limit price=7456.25 Stop price=0 Quantity=4 Type='Limit' Time in force=GTC Oco='e152054e67d349428f4a2df78d234077' Filled=0 Fill price=0 Error='No error' Native error='',
7/23/2026 7:37:48 AM,Order,Order='2834745477/PA-APEX-422136-08' Name='Target1' New state='Working' Instrument='MES SEP26' Action='Buy to cover' Limit price=7456.25 Stop price=0 Quantity=4 Type='Limit' Time in force=GTC Oco='e152054e67d349428f4a2df78d234077' Filled=0 Fill price=0 Error='No error' Native error='',
7/23/2026 7:37:48 AM,Order,Order='2834745478/PA-APEX-422136-08' Name='Stop2' New state='Accepted' Instrument='MES SEP26' Action='Buy to cover' Limit price=0 Stop price=7469 Quantity=4 Type='Stop Market' Time in force=GTC Oco='6fe0d6833f234fa29ef63a1bb6df7724' Filled=0 Fill price=0 Error='No error' Native error='',
7/23/2026 7:37:48 AM,Order,Order='2834745479/PA-APEX-422136-08' Name='Target2' New state='Accepted' Instrument='MES SEP26' Action='Buy to cover' Limit price=7455.5 Stop price=0 Quantity=4 Type='Limit' Time in force=GTC Oco='6fe0d6833f234fa29ef63a1bb6df7724' Filled=0 Fill price=0 Error='No error' Native error='',
7/23/2026 7:37:48 AM,Order,Order='2834745479/PA-APEX-422136-08' Name='Target2' New state='Working' Instrument='MES SEP26' Action='Buy to cover' Limit price=7455.5 Stop price=0 Quantity=4 Type='Limit' Time in force=GTC Oco='6fe0d6833f234fa29ef63a1bb6df7724' Filled=0 Fill price=0 Error='No error' Native error='',
7/23/2026 7:37:48 AM,Order,Order='2834745461/PA-APEX-422136-08' Name='Stop1' New state='Accepted' Instrument='MES SEP26' Action='Buy to cover' Limit price=0 Stop price=7469 Quantity=4 Type='Stop Market' Time in force=GTC Oco='e152054e67d349428f4a2df78d234077' Filled=0 Fill price=0 Error='No error' Native error='',
7/23/2026 7:37:48 AM,Order,Order='813327b9b8744e9792666471d86a89c8/PA-APEX-422136-08' Name='Target2' New state='Submitted' Instrument='MES SEP26' Action='Buy to cover' Limit price=7455.5 Stop price=0 Quantity=4 Type='Limit' Time in force=GTC Oco='6fe0d6833f234fa29ef63a1bb6df7724' Filled=0 Fill price=0 Error='No error' Native error='',
7/23/2026 7:37:48 AM,Order,Order='67d75b9f410141f0b494495648bb2af3/PA-APEX-422136-08' Name='Stop2' New state='Submitted' Instrument='MES SEP26' Action='Buy to cover' Limit price=0 Stop price=7469 Quantity=4 Type='Stop Market' Time in force=GTC Oco='6fe0d6833f234fa29ef63a1bb6df7724' Filled=0 Fill price=0 Error='No error' Native error='',
7/23/2026 7:37:48 AM,Order,Order='d4e50a6a80e2476cbde05db93d8d926f/PA-APEX-422136-08' Name='Target1' New state='Submitted' Instrument='MES SEP26' Action='Buy to cover' Limit price=7456.25 Stop price=0 Quantity=4 Type='Limit' Time in force=GTC Oco='e152054e67d349428f4a2df78d234077' Filled=0 Fill price=0 Error='No error' Native error='',
7/23/2026 7:37:48 AM,Order,Order='6e5b143a8e2443859a9bb790789b7778/PA-APEX-422136-08' Name='Stop1' New state='Submitted' Instrument='MES SEP26' Action='Buy to cover' Limit price=0 Stop price=7469 Quantity=4 Type='Stop Market' Time in force=GTC Oco='e152054e67d349428f4a2df78d234077' Filled=0 Fill price=0 Error='No error' Native error='',
7/23/2026 7:37:48 AM,Order,Order='2834735759/PA-APEX-422136-08' Name='Entry' New state='Filled' Instrument='MES SEP26' Action='Sell' Limit price=7460 Stop price=0 Quantity=8 Type='Limit' Time in force=GTC Oco='' Filled=8 Fill price=7460 Error='No error' Native error='',
7/23/2026 7:37:48 AM,Execution,Execution='1851493,
7/23/2026 7:37:48 AM,Execution,Execution='1851492,
7/23/2026 7:37:48 AM,Position,Instrument='MES SEP26' Account='PA-APEX-422136-08' Average price=7460 Quantity=8 Market position=Short Operation=Update,
7/23/2026 7:37:48 AM,Order,Order='2834735759/PA-APEX-422136-08' Name='Entry' New state='Partially filled' Instrument='MES SEP26' Action='Sell' Limit price=7460 Stop price=0 Quantity=8 Type='Limit' Time in force=GTC Oco='' Filled=6 Fill price=7460 Error='No error' Native error='',
7/23/2026 7:37:48 AM,Position,Instrument='MES SEP26' Account='PA-APEX-422136-08' Average price=7460 Quantity=6 Market position=Short Operation=Operation_Add,
7/23/2026 7:36:40 AM,Order,Order='2834737017/PA-APEX-422136-08' Name='Entry' New state='Accepted' Instrument='MES SEP26' Action='Buy' Limit price=7428.5 Stop price=0 Quantity=8 Type='Limit' Time in force=GTC Oco='' Filled=0 Fill price=0 Error='No error' Native error='',
7/23/2026 7:36:40 AM,Order,Order='2834737017/PA-APEX-422136-08' Name='Entry' New state='Working' Instrument='MES SEP26' Action='Buy' Limit price=7428.5 Stop price=0 Quantity=8 Type='Limit' Time in force=GTC Oco='' Filled=0 Fill price=0 Error='No error' Native error='',
7/23/2026 7:36:40 AM,Order,Order='79883ecfcc714627bfdd0c02054aa120/PA-APEX-422136-08' Name='Entry' New state='Submitted' Instrument='MES SEP26' Action='Buy' Limit price=7428.5 Stop price=0 Quantity=8 Type='Limit' Time in force=GTC Oco='' Filled=0 Fill price=0 Error='No error' Native error='',
7/23/2026 7:36:40 AM,Order,Chart Trader submitting order with strategy 'MES MIN SL9 - 2' (Ticks),
7/23/2026 7:36:27 AM,Order,Order='2834735759/PA-APEX-422136-08' Name='Entry' New state='Accepted' Instrument='MES SEP26' Action='Sell' Limit price=7460 Stop price=0 Quantity=8 Type='Limit' Time in force=GTC Oco='' Filled=0 Fill price=0 Error='No error' Native error='',
7/23/2026 7:36:27 AM,Order,Order='2834735759/PA-APEX-422136-08' Name='Entry' New state='Working' Instrument='MES SEP26' Action='Sell' Limit price=7460 Stop price=0 Quantity=8 Type='Limit' Time in force=GTC Oco='' Filled=0 Fill price=0 Error='No error' Native error='',
7/23/2026 7:36:27 AM,Order,Order='2834735759/PA-APEX-422136-08' Name='Entry' New state='Change submitted' Instrument='MES SEP26' Action='Sell' Limit price=7460 Stop price=0 Quantity=8 Type='Limit' Time in force=GTC Oco='' Filled=0 Fill price=0 Error='No error' Native error='',
7/23/2026 7:36:27 AM,Order,Order='2834735759/PA-APEX-422136-08' Name='Entry' New state='Accepted' Instrument='MES SEP26' Action='Sell' Limit price=7460.25 Stop price=0 Quantity=8 Type='Limit' Time in force=GTC Oco='' Filled=0 Fill price=0 Error='No error' Native error='',
7/23/2026 7:36:27 AM,Order,Order='2834735759/PA-APEX-422136-08' Name='Entry' New state='Working' Instrument='MES SEP26' Action='Sell' Limit price=7460.25 Stop price=0 Quantity=8 Type='Limit' Time in force=GTC Oco='' Filled=0 Fill price=0 Error='No error' Native error='',
7/23/2026 7:36:27 AM,Order,Order='2834735759/PA-APEX-422136-08' Name='Entry' New state='Change submitted' Instrument='MES SEP26' Action='Sell' Limit price=7460.25 Stop price=0 Quantity=8 Type='Limit' Time in force=GTC Oco='' Filled=0 Fill price=0 Error='No error' Native error='',
7/23/2026 7:36:27 AM,Order,Order='2834735759/PA-APEX-422136-08' Name='Entry' New state='Accepted' Instrument='MES SEP26' Action='Sell' Limit price=7460.5 Stop price=0 Quantity=8 Type='Limit' Time in force=GTC Oco='' Filled=0 Fill price=0 Error='No error' Native error='',
7/23/2026 7:36:27 AM,Order,Order='2834735759/PA-APEX-422136-08' Name='Entry' New state='Working' Instrument='MES SEP26' Action='Sell' Limit price=7460.5 Stop price=0 Quantity=8 Type='Limit' Time in force=GTC Oco='' Filled=0 Fill price=0 Error='No error' Native error='',
7/23/2026 7:36:27 AM,Order,Order='2834735759/PA-APEX-422136-08' Name='Entry' New state='Change submitted' Instrument='MES SEP26' Action='Sell' Limit price=7460.5 Stop price=0 Quantity=8 Type='Limit' Time in force=GTC Oco='' Filled=0 Fill price=0 Error='No error' Native error='',
7/23/2026 7:36:25 AM,Order,Order='2834735759/PA-APEX-422136-08' Name='Entry' New state='Accepted' Instrument='MES SEP26' Action='Sell' Limit price=7460.75 Stop price=0 Quantity=8 Type='Limit' Time in force=GTC Oco='' Filled=0 Fill price=0 Error='No error' Native error='',
7/23/2026 7:36:25 AM,Order,Order='2834735759/PA-APEX-422136-08' Name='Entry' New state='Working' Instrument='MES SEP26' Action='Sell' Limit price=7460.75 Stop price=0 Quantity=8 Type='Limit' Time in force=GTC Oco='' Filled=0 Fill price=0 Error='No error' Native error='',
7/23/2026 7:36:25 AM,Order,Order='e09c46b96e464f25b28916b6da543634/PA-APEX-422136-08' Name='Entry' New state='Submitted' Instrument='MES SEP26' Action='Sell' Limit price=7460.75 Stop price=0 Quantity=8 Type='Limit' Time in force=GTC Oco='' Filled=0 Fill price=0 Error='No error' Native error='',
7/23/2026 7:36:25 AM,Order,Chart Trader submitting order with strategy 'MES MIN SL9 - 1' (Ticks),
7/23/2026 7:35:52 AM,Order,Order='2834692747/PA-APEX-422136-07' Name='Entry' New state='Cancelled' Instrument='MES SEP26' Action='Buy' Limit price=7445 Stop price=0 Quantity=8 Type='Limit' Time in force=GTC Oco='' Filled=0 Fill price=0 Error='No error' Native error='',
7/23/2026 7:35:52 AM,Order,Order='2834692747/PA-APEX-422136-07' Name='Entry' New state='Cancel submitted' Instrument='MES SEP26' Action='Buy' Limit price=7445 Stop price=0 Quantity=8 Type='Limit' Time in force=GTC Oco='' Filled=0 Fill price=0 Error='No error' Native error='',
7/23/2026 7:35:51 AM,Order,Order='2834693911/PA-APEX-422136-08' Name='Entry' New state='Cancelled' Instrument='MES SEP26' Action='Buy' Limit price=7445 Stop price=0 Quantity=8 Type='Limit' Time in force=GTC Oco='' Filled=0 Fill price=0 Error='No error' Native error='',
7/23/2026 7:35:51 AM,Order,Order='2834693911/PA-APEX-422136-08' Name='Entry' New state='Cancel submitted' Instrument='MES SEP26' Action='Buy' Limit price=7445 Stop price=0 Quantity=8 Type='Limit' Time in force=GTC Oco='' Filled=0 Fill price=0 Error='No error' Native error='',
7/23/2026 7:34:37 AM,Order,Order='2834725293/PA-APEX-422136-08' Name='Entry' New state='Cancelled' Instrument='MES SEP26' Action='Sell' Limit price=7460 Stop price=0 Quantity=8 Type='Limit' Time in force=GTC Oco='' Filled=0 Fill price=0 Error='No error' Native error='',
7/23/2026 7:34:37 AM,Order,Order='2834725293/PA-APEX-422136-08' Name='Entry' New state='Cancel submitted' Instrument='MES SEP26' Action='Sell' Limit price=7460 Stop price=0 Quantity=8 Type='Limit' Time in force=GTC Oco='' Filled=0 Fill price=0 Error='No error' Native error='',
7/23/2026 7:34:21 AM,Order,Order='2834725293/PA-APEX-422136-08' Name='Entry' New state='Accepted' Instrument='MES SEP26' Action='Sell' Limit price=7460 Stop price=0 Quantity=8 Type='Limit' Time in force=GTC Oco='' Filled=0 Fill price=0 Error='No error' Native error='',
7/23/2026 7:34:21 AM,Order,Order='2834725293/PA-APEX-422136-08' Name='Entry' New state='Working' Instrument='MES SEP26' Action='Sell' Limit price=7460 Stop price=0 Quantity=8 Type='Limit' Time in force=GTC Oco='' Filled=0 Fill price=0 Error='No error' Native error='',
7/23/2026 7:34:21 AM,Order,Order='3c1984bbe6e946fab3e98e47b05a85c7/PA-APEX-422136-08' Name='Entry' New state='Submitted' Instrument='MES SEP26' Action='Sell' Limit price=7460 Stop price=0 Quantity=8 Type='Limit' Time in force=GTC Oco='' Filled=0 Fill price=0 Error='No error' Native error='',
7/23/2026 7:34:20 AM,Order,Chart Trader submitting order with strategy 'MES MIN SL9 - 6' (Ticks),
7/23/2026 7:34:07 AM,Order,Order='2834694601/PA-APEX-422136-08' Name='Entry' New state='Cancelled' Instrument='MES SEP26' Action='Sell' Limit price=7472 Stop price=0 Quantity=8 Type='Limit' Time in force=GTC Oco='' Filled=0 Fill price=0 Error='No error' Native error='',
7/23/2026 7:34:06 AM,Order,Order='2834694601/PA-APEX-422136-08' Name='Entry' New state='Cancel submitted' Instrument='MES SEP26' Action='Sell' Limit price=7472 Stop price=0 Quantity=8 Type='Limit' Time in force=GTC Oco='' Filled=0 Fill price=0 Error='No error' Native error='',
7/23/2026 7:34:06 AM,Order,Order='2834695544/PA-APEX-422136-07' Name='Entry' New state='Cancelled' Instrument='MES SEP26' Action='Sell' Limit price=7472 Stop price=0 Quantity=8 Type='Limit' Time in force=GTC Oco='' Filled=0 Fill price=0 Error='No error' Native error='',
7/23/2026 7:34:06 AM,Order,Order='2834695544/PA-APEX-422136-07' Name='Entry' New state='Cancel submitted' Instrument='MES SEP26' Action='Sell' Limit price=7472 Stop price=0 Quantity=8 Type='Limit' Time in force=GTC Oco='' Filled=0 Fill price=0 Error='No error' Native error='',
7/23/2026 7:33:45 AM,Order,Order='2834692747/PA-APEX-422136-07' Name='Entry' New state='Working' Instrument='MES SEP26' Action='Buy' Limit price=7445 Stop price=0 Quantity=8 Type='Limit' Time in force=GTC Oco='' Filled=0 Fill price=0 Error='No error' Native error='',
7/23/2026 7:33:45 AM,Order,Order='2834692747/PA-APEX-422136-07' Name='Entry' New state='Accepted' Instrument='MES SEP26' Action='Buy' Limit price=7445 Stop price=0 Quantity=8 Type='Limit' Time in force=GTC Oco='' Filled=0 Fill price=0 Error='No error' Native error='',
7/23/2026 7:33:45 AM,Order,Order='2834692747/PA-APEX-422136-07' Name='Entry' New state='Change submitted' Instrument='MES SEP26' Action='Buy' Limit price=7445 Stop price=0 Quantity=8 Type='Limit' Time in force=GTC Oco='' Filled=0 Fill price=0 Error='No error' Native error='',
7/23/2026 7:33:44 AM,Order,Order='2834693911/PA-APEX-422136-08' Name='Entry' New state='Working' Instrument='MES SEP26' Action='Buy' Limit price=7445 Stop price=0 Quantity=8 Type='Limit' Time in force=GTC Oco='' Filled=0 Fill price=0 Error='No error' Native error='',
7/23/2026 7:33:44 AM,Order,Order='2834693911/PA-APEX-422136-08' Name='Entry' New state='Accepted' Instrument='MES SEP26' Action='Buy' Limit price=7445 Stop price=0 Quantity=8 Type='Limit' Time in force=GTC Oco='' Filled=0 Fill price=0 Error='No error' Native error='',
7/23/2026 7:33:44 AM,Order,Order='2834693911/PA-APEX-422136-08' Name='Entry' New state='Change submitted' Instrument='MES SEP26' Action='Buy' Limit price=7445 Stop price=0 Quantity=8 Type='Limit' Time in force=GTC Oco='' Filled=0 Fill price=0 Error='No error' Native error='',
7/23/2026 7:33:42 AM,Order,Order='2834692747/PA-APEX-422136-07' Name='Entry' New state='Accepted' Instrument='MES SEP26' Action='Buy' Limit price=7445.25 Stop price=0 Quantity=8 Type='Limit' Time in force=GTC Oco='' Filled=0 Fill price=0 Error='No error' Native error='',
7/23/2026 7:33:42 AM,Order,Order='2834692747/PA-APEX-422136-07' Name='Entry' New state='Working' Instrument='MES SEP26' Action='Buy' Limit price=7445.25 Stop price=0 Quantity=8 Type='Limit' Time in force=GTC Oco='' Filled=0 Fill price=0 Error='No error' Native error='',
7/23/2026 7:33:42 AM,Order,Order='2834692747/PA-APEX-422136-07' Name='Entry' New state='Change submitted' Instrument='MES SEP26' Action='Buy' Limit price=7445.25 Stop price=0 Quantity=8 Type='Limit' Time in force=GTC Oco='' Filled=0 Fill price=0 Error='No error' Native error='',
7/23/2026 7:33:42 AM,Order,Order='2834693911/PA-APEX-422136-08' Name='Entry' New state='Accepted' Instrument='MES SEP26' Action='Buy' Limit price=7445.25 Stop price=0 Quantity=8 Type='Limit' Time in force=GTC Oco='' Filled=0 Fill price=0 Error='No error' Native error='',
7/23/2026 7:33:42 AM,Order,Order='2834693911/PA-APEX-422136-08' Name='Entry' New state='Working' Instrument='MES SEP26' Action='Buy' Limit price=7445.25 Stop price=0 Quantity=8 Type='Limit' Time in force=GTC Oco='' Filled=0 Fill price=0 Error='No error' Native error='',
7/23/2026 7:33:42 AM,Order,Order='2834693911/PA-APEX-422136-08' Name='Entry' New state='Change submitted' Instrument='MES SEP26' Action='Buy' Limit price=7445.25 Stop price=0 Quantity=8 Type='Limit' Time in force=GTC Oco='' Filled=0 Fill price=0 Error='No error' Native error='',
7/23/2026 7:33:40 AM,Order,Order='2834692747/PA-APEX-422136-07' Name='Entry' New state='Accepted' Instrument='MES SEP26' Action='Buy' Limit price=7445.5 Stop price=0 Quantity=8 Type='Limit' Time in force=GTC Oco='' Filled=0 Fill price=0 Error='No error' Native error='',
7/23/2026 7:33:40 AM,Order,Order='2834692747/PA-APEX-422136-07' Name='Entry' New state='Working' Instrument='MES SEP26' Action='Buy' Limit price=7445.5 Stop price=0 Quantity=8 Type='Limit' Time in force=GTC Oco='' Filled=0 Fill price=0 Error='No error' Native error='',
7/23/2026 7:33:40 AM,Order,Order='2834692747/PA-APEX-422136-07' Name='Entry' New state='Change submitted' Instrument='MES SEP26' Action='Buy' Limit price=7445.5 Stop price=0 Quantity=8 Type='Limit' Time in force=GTC Oco='' Filled=0 Fill price=0 Error='No error' Native error='',
7/23/2026 7:33:39 AM,Order,Order='2834693911/PA-APEX-422136-08' Name='Entry' New state='Working' Instrument='MES SEP26' Action='Buy' Limit price=7445.5 Stop price=0 Quantity=8 Type='Limit' Time in force=GTC Oco='' Filled=0 Fill price=0 Error='No error' Native error='',
7/23/2026 7:33:39 AM,Order,Order='2834693911/PA-APEX-422136-08' Name='Entry' New state='Accepted' Instrument='MES SEP26' Action='Buy' Limit price=7445.5 Stop price=0 Quantity=8 Type='Limit' Time in force=GTC Oco='' Filled=0 Fill price=0 Error='No error' Native error='',
7/23/2026 7:33:39 AM,Order,Order='2834693911/PA-APEX-422136-08' Name='Entry' New state='Change submitted' Instrument='MES SEP26' Action='Buy' Limit price=7445.5 Stop price=0 Quantity=8 Type='Limit' Time in force=GTC Oco='' Filled=0 Fill price=0 Error='No error' Native error='',
7/23/2026 7:33:39 AM,Order,Order='2834692747/PA-APEX-422136-07' Name='Entry' New state='Working' Instrument='MES SEP26' Action='Buy' Limit price=7445.75 Stop price=0 Quantity=8 Type='Limit' Time in force=GTC Oco='' Filled=0 Fill price=0 Error='No error' Native error='',
7/23/2026 7:33:39 AM,Order,Order='2834692747/PA-APEX-422136-07' Name='Entry' New state='Accepted' Instrument='MES SEP26' Action='Buy' Limit price=7445.75 Stop price=0 Quantity=8 Type='Limit' Time in force=GTC Oco='' Filled=0 Fill price=0 Error='No error' Native error='',
7/23/2026 7:33:39 AM,Order,Order='2834692747/PA-APEX-422136-07' Name='Entry' New state='Change submitted' Instrument='MES SEP26' Action='Buy' Limit price=7445.75 Stop price=0 Quantity=8 Type='Limit' Time in force=GTC Oco='' Filled=0 Fill price=0 Error='No error' Native error='',
7/23/2026 7:33:38 AM,Order,Order='2834693911/PA-APEX-422136-08' Name='Entry' New state='Working' Instrument='MES SEP26' Action='Buy' Limit price=7445.75 Stop price=0 Quantity=8 Type='Limit' Time in force=GTC Oco='' Filled=0 Fill price=0 Error='No error' Native error='',
7/23/2026 7:33:38 AM,Order,Order='2834693911/PA-APEX-422136-08' Name='Entry' New state='Accepted' Instrument='MES SEP26' Action='Buy' Limit price=7445.75 Stop price=0 Quantity=8 Type='Limit' Time in force=GTC Oco='' Filled=0 Fill price=0 Error='No error' Native error='',
7/23/2026 7:33:38 AM,Order,Order='2834693911/PA-APEX-422136-08' Name='Entry' New state='Change submitted' Instrument='MES SEP26' Action='Buy' Limit price=7445.75 Stop price=0 Quantity=8 Type='Limit' Time in force=GTC Oco='' Filled=0 Fill price=0 Error='No error' Native error='',
7/23/2026 7:29:11 AM,Order,Order='2834695544/PA-APEX-422136-07' Name='Entry' New state='Working' Instrument='MES SEP26' Action='Sell' Limit price=7472 Stop price=0 Quantity=8 Type='Limit' Time in force=GTC Oco='' Filled=0 Fill price=0 Error='No error' Native error='',
7/23/2026 7:29:11 AM,Order,Order='2834695544/PA-APEX-422136-07' Name='Entry' New state='Accepted' Instrument='MES SEP26' Action='Sell' Limit price=7472 Stop price=0 Quantity=8 Type='Limit' Time in force=GTC Oco='' Filled=0 Fill price=0 Error='No error' Native error='',
7/23/2026 7:29:11 AM,Order,Order='2834695544/PA-APEX-422136-07' Name='Entry' New state='Change submitted' Instrument='MES SEP26' Action='Sell' Limit price=7472 Stop price=0 Quantity=8 Type='Limit' Time in force=GTC Oco='' Filled=0 Fill price=0 Error='No error' Native error='',
7/23/2026 7:29:09 AM,Order,Order='2834695544/PA-APEX-422136-07' Name='Entry' New state='Working' Instrument='MES SEP26' Action='Sell' Limit price=7472.25 Stop price=0 Quantity=8 Type='Limit' Time in force=GTC Oco='' Filled=0 Fill price=0 Error='No error' Native error='',
7/23/2026 7:29:09 AM,Order,Order='2834695544/PA-APEX-422136-07' Name='Entry' New state='Accepted' Instrument='MES SEP26' Action='Sell' Limit price=7472.25 Stop price=0 Quantity=8 Type='Limit' Time in force=GTC Oco='' Filled=0 Fill price=0 Error='No error' Native error='',
7/23/2026 7:29:09 AM,Order,Order='e8e1c632bfdf40748dbf06d978beda63/PA-APEX-422136-07' Name='Entry' New state='Submitted' Instrument='MES SEP26' Action='Sell' Limit price=7472.25 Stop price=0 Quantity=8 Type='Limit' Time in force=GTC Oco='' Filled=0 Fill price=0 Error='No error' Native error='',
7/23/2026 7:29:09 AM,Order,Chart Trader submitting order with strategy 'MES MIN SL9 - 7' (Ticks),
7/23/2026 7:28:55 AM,Order,Order='2834694601/PA-APEX-422136-08' Name='Entry' New state='Accepted' Instrument='MES SEP26' Action='Sell' Limit price=7472 Stop price=0 Quantity=8 Type='Limit' Time in force=GTC Oco='' Filled=0 Fill price=0 Error='No error' Native error='',
7/23/2026 7:28:55 AM,Order,Order='2834694601/PA-APEX-422136-08' Name='Entry' New state='Working' Instrument='MES SEP26' Action='Sell' Limit price=7472 Stop price=0 Quantity=8 Type='Limit' Time in force=GTC Oco='' Filled=0 Fill price=0 Error='No error' Native error='',
7/23/2026 7:28:55 AM,Order,Order='d7fbe8301fe14663bcb0b0dc06e8f400/PA-APEX-422136-08' Name='Entry' New state='Submitted' Instrument='MES SEP26' Action='Sell' Limit price=7472 Stop price=0 Quantity=8 Type='Limit' Time in force=GTC Oco='' Filled=0 Fill price=0 Error='No error' Native error='',
7/23/2026 7:28:55 AM,Order,Chart Trader submitting order with strategy 'MES MIN SL9 - 6' (Ticks),
7/23/2026 7:28:49 AM,Order,Order='2834521029/PA-APEX-422136-08' Name='Entry' New state='Cancelled' Instrument='MES SEP26' Action='Sell' Limit price=7472 Stop price=0 Quantity=10 Type='Limit' Time in force=GTC Oco='' Filled=0 Fill price=0 Error='No error' Native error='',
7/23/2026 7:28:49 AM,Order,Order='2834521029/PA-APEX-422136-08' Name='Entry' New state='Cancel submitted' Instrument='MES SEP26' Action='Sell' Limit price=7472 Stop price=0 Quantity=10 Type='Limit' Time in force=GTC Oco='' Filled=0 Fill price=0 Error='No error' Native error='',
7/23/2026 7:28:43 AM,Order,Order='2834693911/PA-APEX-422136-08' Name='Entry' New state='Accepted' Instrument='MES SEP26' Action='Buy' Limit price=7446 Stop price=0 Quantity=8 Type='Limit' Time in force=GTC Oco='' Filled=0 Fill price=0 Error='No error' Native error='',
7/23/2026 7:28:43 AM,Order,Order='2834693911/PA-APEX-422136-08' Name='Entry' New state='Working' Instrument='MES SEP26' Action='Buy' Limit price=7446 Stop price=0 Quantity=8 Type='Limit' Time in force=GTC Oco='' Filled=0 Fill price=0 Error='No error' Native error='',
7/23/2026 7:28:42 AM,Order,Order='9345366ab8c0403982df511f65b15ef8/PA-APEX-422136-08' Name='Entry' New state='Submitted' Instrument='MES SEP26' Action='Buy' Limit price=7446 Stop price=0 Quantity=8 Type='Limit' Time in force=GTC Oco='' Filled=0 Fill price=0 Error='No error' Native error='',
7/23/2026 7:28:42 AM,Order,Chart Trader submitting order with strategy 'MES MIN SL9 - 5' (Ticks),
7/23/2026 7:28:39 AM,Order,Order='2834494118/PA-APEX-422136-08' Name='Entry' New state='Cancelled' Instrument='MES SEP26' Action='Buy' Limit price=7446 Stop price=0 Quantity=10 Type='Limit' Time in force=GTC Oco='' Filled=0 Fill price=0 Error='No error' Native error='',
7/23/2026 7:28:39 AM,Order,Order='2834494118/PA-APEX-422136-08' Name='Entry' New state='Cancel submitted' Instrument='MES SEP26' Action='Buy' Limit price=7446 Stop price=0 Quantity=10 Type='Limit' Time in force=GTC Oco='' Filled=0 Fill price=0 Error='No error' Native error='',
7/23/2026 7:28:29 AM,Order,Order='2834692747/PA-APEX-422136-07' Name='Entry' New state='Working' Instrument='MES SEP26' Action='Buy' Limit price=7446 Stop price=0 Quantity=8 Type='Limit' Time in force=GTC Oco='' Filled=0 Fill price=0 Error='No error' Native error='',
7/23/2026 7:28:29 AM,Order,Order='2834692747/PA-APEX-422136-07' Name='Entry' New state='Accepted' Instrument='MES SEP26' Action='Buy' Limit price=7446 Stop price=0 Quantity=8 Type='Limit' Time in force=GTC Oco='' Filled=0 Fill price=0 Error='No error' Native error='',
7/23/2026 7:28:29 AM,Order,Order='eb8a10e4af284447894970fc47fd7360/PA-APEX-422136-07' Name='Entry' New state='Submitted' Instrument='MES SEP26' Action='Buy' Limit price=7446 Stop price=0 Quantity=8 Type='Limit' Time in force=GTC Oco='' Filled=0 Fill price=0 Error='No error' Native error='',
7/23/2026 7:28:29 AM,Order,Chart Trader submitting order with strategy 'MES MIN SL9 - 4' (Ticks),
7/23/2026 7:28:12 AM,Order,Order='2834557408/PA-APEX-422136-07' Name='Entry' New state='Cancelled' Instrument='MES SEP26' Action='Sell' Limit price=7472 Stop price=0 Quantity=10 Type='Limit' Time in force=GTC Oco='' Filled=0 Fill price=0 Error='No error' Native error='',
7/23/2026 7:28:12 AM,Order,Order='2834557408/PA-APEX-422136-07' Name='Entry' New state='Cancel submitted' Instrument='MES SEP26' Action='Sell' Limit price=7472 Stop price=0 Quantity=10 Type='Limit' Time in force=GTC Oco='' Filled=0 Fill price=0 Error='No error' Native error='',
7/23/2026 7:28:10 AM,Order,Order='2834495133/PA-APEX-422136-07' Name='Entry' New state='Cancelled' Instrument='MES SEP26' Action='Buy' Limit price=7446 Stop price=0 Quantity=10 Type='Limit' Time in force=GTC Oco='' Filled=0 Fill price=0 Error='No error' Native error='',
7/23/2026 7:28:09 AM,Order,Order='2834495133/PA-APEX-422136-07' Name='Entry' New state='Cancel submitted' Instrument='MES SEP26' Action='Buy' Limit price=7446 Stop price=0 Quantity=10 Type='Limit' Time in force=GTC Oco='' Filled=0 Fill price=0 Error='No error' Native error='',
7/23/2026 7:18:14 AM,Order,Order='2834521029/PA-APEX-422136-08' Name='Entry' New state='Working' Instrument='MES SEP26' Action='Sell' Limit price=7472 Stop price=0 Quantity=10 Type='Limit' Time in force=GTC Oco='' Filled=0 Fill price=0 Error='No error' Native error='',
7/23/2026 7:18:14 AM,Order,Order='2834521029/PA-APEX-422136-08' Name='Entry' New state='Accepted' Instrument='MES SEP26' Action='Sell' Limit price=7472 Stop price=0 Quantity=10 Type='Limit' Time in force=GTC Oco='' Filled=0 Fill price=0 Error='No error' Native error='',
7/23/2026 7:18:14 AM,Order,Order='2834521029/PA-APEX-422136-08' Name='Entry' New state='Change submitted' Instrument='MES SEP26' Action='Sell' Limit price=7472 Stop price=0 Quantity=10 Type='Limit' Time in force=GTC Oco='' Filled=0 Fill price=0 Error='No error' Native error='',
7/23/2026 7:18:14 AM,Order,Order='2834557408/PA-APEX-422136-07' Name='Entry' New state='Accepted' Instrument='MES SEP26' Action='Sell' Limit price=7472 Stop price=0 Quantity=10 Type='Limit' Time in force=GTC Oco='' Filled=0 Fill price=0 Error='No error' Native error='',
7/23/2026 7:18:14 AM,Order,Order='2834557408/PA-APEX-422136-07' Name='Entry' New state='Working' Instrument='MES SEP26' Action='Sell' Limit price=7472 Stop price=0 Quantity=10 Type='Limit' Time in force=GTC Oco='' Filled=0 Fill price=0 Error='No error' Native error='',
7/23/2026 7:18:14 AM,Order,Order='2834557408/PA-APEX-422136-07' Name='Entry' New state='Change submitted' Instrument='MES SEP26' Action='Sell' Limit price=7472 Stop price=0 Quantity=10 Type='Limit' Time in force=GTC Oco='' Filled=0 Fill price=0 Error='No error' Native error='',
7/23/2026 7:18:13 AM,Order,Order='2834521029/PA-APEX-422136-08' Name='Entry' New state='Accepted' Instrument='MES SEP26' Action='Sell' Limit price=7472.25 Stop price=0 Quantity=10 Type='Limit' Time in force=GTC Oco='' Filled=0 Fill price=0 Error='No error' Native error='',
7/23/2026 7:18:13 AM,Order,Order='2834521029/PA-APEX-422136-08' Name='Entry' New state='Working' Instrument='MES SEP26' Action='Sell' Limit price=7472.25 Stop price=0 Quantity=10 Type='Limit' Time in force=GTC Oco='' Filled=0 Fill price=0 Error='No error' Native error='',
7/23/2026 7:18:13 AM,Order,Order='2834521029/PA-APEX-422136-08' Name='Entry' New state='Change submitted' Instrument='MES SEP26' Action='Sell' Limit price=7472.25 Stop price=0 Quantity=10 Type='Limit' Time in force=GTC Oco='' Filled=0 Fill price=0 Error='No error' Native error='',
7/23/2026 7:18:12 AM,Order,Order='2834557408/PA-APEX-422136-07' Name='Entry' New state='Accepted' Instrument='MES SEP26' Action='Sell' Limit price=7472.25 Stop price=0 Quantity=10 Type='Limit' Time in force=GTC Oco='' Filled=0 Fill price=0 Error='No error' Native error='',
7/23/2026 7:18:12 AM,Order,Order='2834557408/PA-APEX-422136-07' Name='Entry' New state='Working' Instrument='MES SEP26' Action='Sell' Limit price=7472.25 Stop price=0 Quantity=10 Type='Limit' Time in force=GTC Oco='' Filled=0 Fill price=0 Error='No error' Native error='',
7/23/2026 7:18:12 AM,Order,Order='2834557408/PA-APEX-422136-07' Name='Entry' New state='Change submitted' Instrument='MES SEP26' Action='Sell' Limit price=7472.25 Stop price=0 Quantity=10 Type='Limit' Time in force=GTC Oco='' Filled=0 Fill price=0 Error='No error' Native error='',
7/23/2026 7:18:11 AM,Order,Order='2834521029/PA-APEX-422136-08' Name='Entry' New state='Working' Instrument='MES SEP26' Action='Sell' Limit price=7472.5 Stop price=0 Quantity=10 Type='Limit' Time in force=GTC Oco='' Filled=0 Fill price=0 Error='No error' Native error='',
7/23/2026 7:18:11 AM,Order,Order='2834521029/PA-APEX-422136-08' Name='Entry' New state='Accepted' Instrument='MES SEP26' Action='Sell' Limit price=7472.5 Stop price=0 Quantity=10 Type='Limit' Time in force=GTC Oco='' Filled=0 Fill price=0 Error='No error' Native error='',
7/23/2026 7:18:11 AM,Order,Order='2834521029/PA-APEX-422136-08' Name='Entry' New state='Change submitted' Instrument='MES SEP26' Action='Sell' Limit price=7472.5 Stop price=0 Quantity=10 Type='Limit' Time in force=GTC Oco='' Filled=0 Fill price=0 Error='No error' Native error='',
7/23/2026 7:18:11 AM,Order,Order='2834557408/PA-APEX-422136-07' Name='Entry' New state='Accepted' Instrument='MES SEP26' Action='Sell' Limit price=7472.5 Stop price=0 Quantity=10 Type='Limit' Time in force=GTC Oco='' Filled=0 Fill price=0 Error='No error' Native error='',
7/23/2026 7:18:11 AM,Order,Order='2834557408/PA-APEX-422136-07' Name='Entry' New state='Working' Instrument='MES SEP26' Action='Sell' Limit price=7472.5 Stop price=0 Quantity=10 Type='Limit' Time in force=GTC Oco='' Filled=0 Fill price=0 Error='No error' Native error='',
7/23/2026 7:18:10 AM,Order,Order='2834557408/PA-APEX-422136-07' Name='Entry' New state='Change submitted' Instrument='MES SEP26' Action='Sell' Limit price=7472.5 Stop price=0 Quantity=10 Type='Limit' Time in force=GTC Oco='' Filled=0 Fill price=0 Error='No error' Native error='',
7/23/2026 7:18:10 AM,Order,Order='2834521029/PA-APEX-422136-08' Name='Entry' New state='Accepted' Instrument='MES SEP26' Action='Sell' Limit price=7472.75 Stop price=0 Quantity=10 Type='Limit' Time in force=GTC Oco='' Filled=0 Fill price=0 Error='No error' Native error='',
7/23/2026 7:18:10 AM,Order,Order='2834521029/PA-APEX-422136-08' Name='Entry' New state='Working' Instrument='MES SEP26' Action='Sell' Limit price=7472.75 Stop price=0 Quantity=10 Type='Limit' Time in force=GTC Oco='' Filled=0 Fill price=0 Error='No error' Native error='',
7/23/2026 7:18:10 AM,Order,Order='2834521029/PA-APEX-422136-08' Name='Entry' New state='Change submitted' Instrument='MES SEP26' Action='Sell' Limit price=7472.75 Stop price=0 Quantity=10 Type='Limit' Time in force=GTC Oco='' Filled=0 Fill price=0 Error='No error' Native error='',
7/23/2026 7:18:10 AM,Order,Order='2834557408/PA-APEX-422136-07' Name='Entry' New state='Working' Instrument='MES SEP26' Action='Sell' Limit price=7472.75 Stop price=0 Quantity=10 Type='Limit' Time in force=GTC Oco='' Filled=0 Fill price=0 Error='No error' Native error='',
7/23/2026 7:18:10 AM,Order,Order='2834557408/PA-APEX-422136-07' Name='Entry' New state='Accepted' Instrument='MES SEP26' Action='Sell' Limit price=7472.75 Stop price=0 Quantity=10 Type='Limit' Time in force=GTC Oco='' Filled=0 Fill price=0 Error='No error' Native error='',
7/23/2026 7:18:10 AM,Order,Order='2834557408/PA-APEX-422136-07' Name='Entry' New state='Change submitted' Instrument='MES SEP26' Action='Sell' Limit price=7472.75 Stop price=0 Quantity=10 Type='Limit' Time in force=GTC Oco='' Filled=0 Fill price=0 Error='No error' Native error='',
7/23/2026 7:10:52 AM,Order,Order='2834521029/PA-APEX-422136-08' Name='Entry' New state='Working' Instrument='MES SEP26' Action='Sell' Limit price=7473 Stop price=0 Quantity=10 Type='Limit' Time in force=GTC Oco='' Filled=0 Fill price=0 Error='No error' Native error='',
7/23/2026 7:10:52 AM,Order,Order='2834521029/PA-APEX-422136-08' Name='Entry' New state='Accepted' Instrument='MES SEP26' Action='Sell' Limit price=7473 Stop price=0 Quantity=10 Type='Limit' Time in force=GTC Oco='' Filled=0 Fill price=0 Error='No error' Native error='',
7/23/2026 7:10:52 AM,Order,Order='2834521029/PA-APEX-422136-08' Name='Entry' New state='Change submitted' Instrument='MES SEP26' Action='Sell' Limit price=7473 Stop price=0 Quantity=10 Type='Limit' Time in force=GTC Oco='' Filled=0 Fill price=0 Error='No error' Native error='',
7/23/2026 7:10:52 AM,Order,Order='2834557408/PA-APEX-422136-07' Name='Entry' New state='Accepted' Instrument='MES SEP26' Action='Sell' Limit price=7473 Stop price=0 Quantity=10 Type='Limit' Time in force=GTC Oco='' Filled=0 Fill price=0 Error='No error' Native error='',
7/23/2026 7:10:52 AM,Order,Order='2834557408/PA-APEX-422136-07' Name='Entry' New state='Working' Instrument='MES SEP26' Action='Sell' Limit price=7473 Stop price=0 Quantity=10 Type='Limit' Time in force=GTC Oco='' Filled=0 Fill price=0 Error='No error' Native error='',
7/23/2026 7:10:52 AM,Order,Order='2834557408/PA-APEX-422136-07' Name='Entry' New state='Change submitted' Instrument='MES SEP26' Action='Sell' Limit price=7473 Stop price=0 Quantity=10 Type='Limit' Time in force=GTC Oco='' Filled=0 Fill price=0 Error='No error' Native error='',
7/23/2026 7:10:50 AM,Order,Order='2834521029/PA-APEX-422136-08' Name='Entry' New state='Accepted' Instrument='MES SEP26' Action='Sell' Limit price=7473.25 Stop price=0 Quantity=10 Type='Limit' Time in force=GTC Oco='' Filled=0 Fill price=0 Error='No error' Native error='',
7/23/2026 7:10:50 AM,Order,Order='2834521029/PA-APEX-422136-08' Name='Entry' New state='Working' Instrument='MES SEP26' Action='Sell' Limit price=7473.25 Stop price=0 Quantity=10 Type='Limit' Time in force=GTC Oco='' Filled=0 Fill price=0 Error='No error' Native error='',
7/23/2026 7:10:50 AM,Order,Order='2834521029/PA-APEX-422136-08' Name='Entry' New state='Change submitted' Instrument='MES SEP26' Action='Sell' Limit price=7473.25 Stop price=0 Quantity=10 Type='Limit' Time in force=GTC Oco='' Filled=0 Fill price=0 Error='No error' Native error='',
7/23/2026 7:10:49 AM,Order,Order='2834557408/PA-APEX-422136-07' Name='Entry' New state='Working' Instrument='MES SEP26' Action='Sell' Limit price=7473.25 Stop price=0 Quantity=10 Type='Limit' Time in force=GTC Oco='' Filled=0 Fill price=0 Error='No error' Native error='',
7/23/2026 7:10:49 AM,Order,Order='2834557408/PA-APEX-422136-07' Name='Entry' New state='Accepted' Instrument='MES SEP26' Action='Sell' Limit price=7473.25 Stop price=0 Quantity=10 Type='Limit' Time in force=GTC Oco='' Filled=0 Fill price=0 Error='No error' Native error='',
7/23/2026 7:10:49 AM,Order,Order='2834557408/PA-APEX-422136-07' Name='Entry' New state='Change submitted' Instrument='MES SEP26' Action='Sell' Limit price=7473.25 Stop price=0 Quantity=10 Type='Limit' Time in force=GTC Oco='' Filled=0 Fill price=0 Error='No error' Native error='',
7/23/2026 7:10:48 AM,Order,Order='2834521029/PA-APEX-422136-08' Name='Entry' New state='Working' Instrument='MES SEP26' Action='Sell' Limit price=7473.5 Stop price=0 Quantity=10 Type='Limit' Time in force=GTC Oco='' Filled=0 Fill price=0 Error='No error' Native error='',
7/23/2026 7:10:48 AM,Order,Order='2834521029/PA-APEX-422136-08' Name='Entry' New state='Accepted' Instrument='MES SEP26' Action='Sell' Limit price=7473.5 Stop price=0 Quantity=10 Type='Limit' Time in force=GTC Oco='' Filled=0 Fill price=0 Error='No error' Native error='',
7/23/2026 7:10:48 AM,Order,Order='2834521029/PA-APEX-422136-08' Name='Entry' New state='Change submitted' Instrument='MES SEP26' Action='Sell' Limit price=7473.5 Stop price=0 Quantity=10 Type='Limit' Time in force=GTC Oco='' Filled=0 Fill price=0 Error='No error' Native error='',
7/23/2026 7:10:47 AM,Order,Order='2834557408/PA-APEX-422136-07' Name='Entry' New state='Working' Instrument='MES SEP26' Action='Sell' Limit price=7473.5 Stop price=0 Quantity=10 Type='Limit' Time in force=GTC Oco='' Filled=0 Fill price=0 Error='No error' Native error='',
7/23/2026 7:10:47 AM,Order,Order='2834557408/PA-APEX-422136-07' Name='Entry' New state='Accepted' Instrument='MES SEP26' Action='Sell' Limit price=7473.5 Stop price=0 Quantity=10 Type='Limit' Time in force=GTC Oco='' Filled=0 Fill price=0 Error='No error' Native error='',
7/23/2026 7:10:47 AM,Order,Order='2834557408/PA-APEX-422136-07' Name='Entry' New state='Change submitted' Instrument='MES SEP26' Action='Sell' Limit price=7473.5 Stop price=0 Quantity=10 Type='Limit' Time in force=GTC Oco='' Filled=0 Fill price=0 Error='No error' Native error='',
7/23/2026 7:10:46 AM,Order,Order='2834521029/PA-APEX-422136-08' Name='Entry' New state='Accepted' Instrument='MES SEP26' Action='Sell' Limit price=7473.75 Stop price=0 Quantity=10 Type='Limit' Time in force=GTC Oco='' Filled=0 Fill price=0 Error='No error' Native error='',
7/23/2026 7:10:46 AM,Order,Order='2834521029/PA-APEX-422136-08' Name='Entry' New state='Working' Instrument='MES SEP26' Action='Sell' Limit price=7473.75 Stop price=0 Quantity=10 Type='Limit' Time in force=GTC Oco='' Filled=0 Fill price=0 Error='No error' Native error='',
7/23/2026 7:10:46 AM,Order,Order='2834521029/PA-APEX-422136-08' Name='Entry' New state='Change submitted' Instrument='MES SEP26' Action='Sell' Limit price=7473.75 Stop price=0 Quantity=10 Type='Limit' Time in force=GTC Oco='' Filled=0 Fill price=0 Error='No error' Native error='',
7/23/2026 7:10:45 AM,Order,Order='2834557408/PA-APEX-422136-07' Name='Entry' New state='Accepted' Instrument='MES SEP26' Action='Sell' Limit price=7473.75 Stop price=0 Quantity=10 Type='Limit' Time in force=GTC Oco='' Filled=0 Fill price=0 Error='No error' Native error='',
7/23/2026 7:10:45 AM,Order,Order='2834557408/PA-APEX-422136-07' Name='Entry' New state='Working' Instrument='MES SEP26' Action='Sell' Limit price=7473.75 Stop price=0 Quantity=10 Type='Limit' Time in force=GTC Oco='' Filled=0 Fill price=0 Error='No error' Native error='',
7/23/2026 7:10:45 AM,Order,Order='2834557408/PA-APEX-422136-07' Name='Entry' New state='Change submitted' Instrument='MES SEP26' Action='Sell' Limit price=7473.75 Stop price=0 Quantity=10 Type='Limit' Time in force=GTC Oco='' Filled=0 Fill price=0 Error='No error' Native error='',
7/23/2026 7:10:45 AM,Order,Order='2834557408/PA-APEX-422136-07' Name='Entry' New state='Accepted' Instrument='MES SEP26' Action='Sell' Limit price=7474 Stop price=0 Quantity=10 Type='Limit' Time in force=GTC Oco='' Filled=0 Fill price=0 Error='No error' Native error='',
7/23/2026 7:10:45 AM,Order,Order='2834557408/PA-APEX-422136-07' Name='Entry' New state='Working' Instrument='MES SEP26' Action='Sell' Limit price=7474 Stop price=0 Quantity=10 Type='Limit' Time in force=GTC Oco='' Filled=0 Fill price=0 Error='No error' Native error='',
7/23/2026 7:10:45 AM,Order,Order='2834557408/PA-APEX-422136-07' Name='Entry' New state='Change submitted' Instrument='MES SEP26' Action='Sell' Limit price=7474 Stop price=0 Quantity=10 Type='Limit' Time in force=GTC Oco='' Filled=0 Fill price=0 Error='No error' Native error='',
7/23/2026 7:10:44 AM,Order,Order='2834521029/PA-APEX-422136-08' Name='Entry' New state='Accepted' Instrument='MES SEP26' Action='Sell' Limit price=7474 Stop price=0 Quantity=10 Type='Limit' Time in force=GTC Oco='' Filled=0 Fill price=0 Error='No error' Native error='',
7/23/2026 7:10:44 AM,Order,Order='2834521029/PA-APEX-422136-08' Name='Entry' New state='Working' Instrument='MES SEP26' Action='Sell' Limit price=7474 Stop price=0 Quantity=10 Type='Limit' Time in force=GTC Oco='' Filled=0 Fill price=0 Error='No error' Native error='',
7/23/2026 7:10:44 AM,Order,Order='2834521029/PA-APEX-422136-08' Name='Entry' New state='Change submitted' Instrument='MES SEP26' Action='Sell' Limit price=7474 Stop price=0 Quantity=10 Type='Limit' Time in force=GTC Oco='' Filled=0 Fill price=0 Error='No error' Native error='',
7/23/2026 7:10:44 AM,Order,Order='2834521029/PA-APEX-422136-08' Name='Entry' New state='Working' Instrument='MES SEP26' Action='Sell' Limit price=7474.25 Stop price=0 Quantity=10 Type='Limit' Time in force=GTC Oco='' Filled=0 Fill price=0 Error='No error' Native error='',
7/23/2026 7:10:44 AM,Order,Order='2834521029/PA-APEX-422136-08' Name='Entry' New state='Accepted' Instrument='MES SEP26' Action='Sell' Limit price=7474.25 Stop price=0 Quantity=10 Type='Limit' Time in force=GTC Oco='' Filled=0 Fill price=0 Error='No error' Native error='',
7/23/2026 7:10:44 AM,Order,Order='2834521029/PA-APEX-422136-08' Name='Entry' New state='Change submitted' Instrument='MES SEP26' Action='Sell' Limit price=7474.25 Stop price=0 Quantity=10 Type='Limit' Time in force=GTC Oco='' Filled=0 Fill price=0 Error='No error' Native error='',
7/23/2026 7:10:44 AM,Order,Order='2834557408/PA-APEX-422136-07' Name='Entry' New state='Accepted' Instrument='MES SEP26' Action='Sell' Limit price=7474.25 Stop price=0 Quantity=10 Type='Limit' Time in force=GTC Oco='' Filled=0 Fill price=0 Error='No error' Native error='',
7/23/2026 7:10:44 AM,Order,Order='2834557408/PA-APEX-422136-07' Name='Entry' New state='Working' Instrument='MES SEP26' Action='Sell' Limit price=7474.25 Stop price=0 Quantity=10 Type='Limit' Time in force=GTC Oco='' Filled=0 Fill price=0 Error='No error' Native error='',
7/23/2026 7:10:44 AM,Order,Order='2834557408/PA-APEX-422136-07' Name='Entry' New state='Change submitted' Instrument='MES SEP26' Action='Sell' Limit price=7474.25 Stop price=0 Quantity=10 Type='Limit' Time in force=GTC Oco='' Filled=0 Fill price=0 Error='No error' Native error='',
7/23/2026 7:10:43 AM,Order,Order='2834521029/PA-APEX-422136-08' Name='Entry' New state='Working' Instrument='MES SEP26' Action='Sell' Limit price=7474.5 Stop price=0 Quantity=10 Type='Limit' Time in force=GTC Oco='' Filled=0 Fill price=0 Error='No error' Native error='',
7/23/2026 7:10:43 AM,Order,Order='2834521029/PA-APEX-422136-08' Name='Entry' New state='Accepted' Instrument='MES SEP26' Action='Sell' Limit price=7474.5 Stop price=0 Quantity=10 Type='Limit' Time in force=GTC Oco='' Filled=0 Fill price=0 Error='No error' Native error='',
7/23/2026 7:10:43 AM,Order,Order='2834521029/PA-APEX-422136-08' Name='Entry' New state='Change submitted' Instrument='MES SEP26' Action='Sell' Limit price=7474.5 Stop price=0 Quantity=10 Type='Limit' Time in force=GTC Oco='' Filled=0 Fill price=0 Error='No error' Native error='',
7/23/2026 7:10:43 AM,Order,Order='2834557408/PA-APEX-422136-07' Name='Entry' New state='Working' Instrument='MES SEP26' Action='Sell' Limit price=7474.5 Stop price=0 Quantity=10 Type='Limit' Time in force=GTC Oco='' Filled=0 Fill price=0 Error='No error' Native error='',
7/23/2026 7:10:43 AM,Order,Order='2834557408/PA-APEX-422136-07' Name='Entry' New state='Accepted' Instrument='MES SEP26' Action='Sell' Limit price=7474.5 Stop price=0 Quantity=10 Type='Limit' Time in force=GTC Oco='' Filled=0 Fill price=0 Error='No error' Native error='',
7/23/2026 7:10:43 AM,Order,Order='2834557408/PA-APEX-422136-07' Name='Entry' New state='Change submitted' Instrument='MES SEP26' Action='Sell' Limit price=7474.5 Stop price=0 Quantity=10 Type='Limit' Time in force=GTC Oco='' Filled=0 Fill price=0 Error='No error' Native error='',
7/23/2026 7:10:43 AM,Order,Order='2834521029/PA-APEX-422136-08' Name='Entry' New state='Working' Instrument='MES SEP26' Action='Sell' Limit price=7474.75 Stop price=0 Quantity=10 Type='Limit' Time in force=GTC Oco='' Filled=0 Fill price=0 Error='No error' Native error='',
7/23/2026 7:10:43 AM,Order,Order='2834521029/PA-APEX-422136-08' Name='Entry' New state='Accepted' Instrument='MES SEP26' Action='Sell' Limit price=7474.75 Stop price=0 Quantity=10 Type='Limit' Time in force=GTC Oco='' Filled=0 Fill price=0 Error='No error' Native error='',
7/23/2026 7:10:43 AM,Order,Order='2834521029/PA-APEX-422136-08' Name='Entry' New state='Change submitted' Instrument='MES SEP26' Action='Sell' Limit price=7474.75 Stop price=0 Quantity=10 Type='Limit' Time in force=GTC Oco='' Filled=0 Fill price=0 Error='No error' Native error='',
7/23/2026 7:10:42 AM,Order,Order='2834557408/PA-APEX-422136-07' Name='Entry' New state='Working' Instrument='MES SEP26' Action='Sell' Limit price=7474.75 Stop price=0 Quantity=10 Type='Limit' Time in force=GTC Oco='' Filled=0 Fill price=0 Error='No error' Native error='',
7/23/2026 7:10:42 AM,Order,Order='2834557408/PA-APEX-422136-07' Name='Entry' New state='Accepted' Instrument='MES SEP26' Action='Sell' Limit price=7474.75 Stop price=0 Quantity=10 Type='Limit' Time in force=GTC Oco='' Filled=0 Fill price=0 Error='No error' Native error='',
7/23/2026 7:10:42 AM,Order,Order='2834557408/PA-APEX-422136-07' Name='Entry' New state='Change submitted' Instrument='MES SEP26' Action='Sell' Limit price=7474.75 Stop price=0 Quantity=10 Type='Limit' Time in force=GTC Oco='' Filled=0 Fill price=0 Error='No error' Native error='',
7/23/2026 7:07:12 AM,Order,Order='2834557408/PA-APEX-422136-07' Name='Entry' New state='Accepted' Instrument='MES SEP26' Action='Sell' Limit price=7475 Stop price=0 Quantity=10 Type='Limit' Time in force=GTC Oco='' Filled=0 Fill price=0 Error='No error' Native error='',
7/23/2026 7:07:12 AM,Order,Order='2834557408/PA-APEX-422136-07' Name='Entry' New state='Working' Instrument='MES SEP26' Action='Sell' Limit price=7475 Stop price=0 Quantity=10 Type='Limit' Time in force=GTC Oco='' Filled=0 Fill price=0 Error='No error' Native error='',
7/23/2026 7:07:12 AM,Order,Order='01544503db1941a3a85f1343a0fafe46/PA-APEX-422136-07' Name='Entry' New state='Submitted' Instrument='MES SEP26' Action='Sell' Limit price=7475 Stop price=0 Quantity=10 Type='Limit' Time in force=GTC Oco='' Filled=0 Fill price=0 Error='No error' Native error='',
7/23/2026 7:07:12 AM,Order,Chart Trader submitting order with strategy 'MES MIN SL8 - 4' (Ticks),
7/23/2026 7:01:33 AM,Order,Order='2834521029/PA-APEX-422136-08' Name='Entry' New state='Accepted' Instrument='MES SEP26' Action='Sell' Limit price=7475 Stop price=0 Quantity=10 Type='Limit' Time in force=GTC Oco='' Filled=0 Fill price=0 Error='No error' Native error='',
7/23/2026 7:01:33 AM,Order,Order='2834521029/PA-APEX-422136-08' Name='Entry' New state='Working' Instrument='MES SEP26' Action='Sell' Limit price=7475 Stop price=0 Quantity=10 Type='Limit' Time in force=GTC Oco='' Filled=0 Fill price=0 Error='No error' Native error='',
7/23/2026 7:01:33 AM,Order,Order='418c4c3b9977479ab9fa6360eee3b12a/PA-APEX-422136-08' Name='Entry' New state='Submitted' Instrument='MES SEP26' Action='Sell' Limit price=7475 Stop price=0 Quantity=10 Type='Limit' Time in force=GTC Oco='' Filled=0 Fill price=0 Error='No error' Native error='',
7/23/2026 7:01:33 AM,Order,Chart Trader submitting order with strategy 'MES MIN SL8 - 3' (Ticks),
7/23/2026 6:58:26 AM,Order,Order='2834495133/PA-APEX-422136-07' Name='Entry' New state='Accepted' Instrument='MES SEP26' Action='Buy' Limit price=7446 Stop price=0 Quantity=10 Type='Limit' Time in force=GTC Oco='' Filled=0 Fill price=0 Error='No error' Native error='',
7/23/2026 6:58:26 AM,Order,Order='2834495133/PA-APEX-422136-07' Name='Entry' New state='Working' Instrument='MES SEP26' Action='Buy' Limit price=7446 Stop price=0 Quantity=10 Type='Limit' Time in force=GTC Oco='' Filled=0 Fill price=0 Error='No error' Native error='',
7/23/2026 6:58:26 AM,Order,Order='3aaa318b015b4dcfa2504027633ebd53/PA-APEX-422136-07' Name='Entry' New state='Submitted' Instrument='MES SEP26' Action='Buy' Limit price=7446 Stop price=0 Quantity=10 Type='Limit' Time in force=GTC Oco='' Filled=0 Fill price=0 Error='No error' Native error='',
7/23/2026 6:58:26 AM,Order,Chart Trader submitting order with strategy 'MES MIN SL8 - 2' (Ticks),
7/23/2026 6:58:18 AM,Order,Order='2834494118/PA-APEX-422136-08' Name='Entry' New state='Accepted' Instrument='MES SEP26' Action='Buy' Limit price=7446 Stop price=0 Quantity=10 Type='Limit' Time in force=GTC Oco='' Filled=0 Fill price=0 Error='No error' Native error='',
7/23/2026 6:58:18 AM,Order,Order='2834494118/PA-APEX-422136-08' Name='Entry' New state='Working' Instrument='MES SEP26' Action='Buy' Limit price=7446 Stop price=0 Quantity=10 Type='Limit' Time in force=GTC Oco='' Filled=0 Fill price=0 Error='No error' Native error='',
7/23/2026 6:58:18 AM,Order,Order='1662df6b2087484a90ae58fff22f059a/PA-APEX-422136-08' Name='Entry' New state='Submitted' Instrument='MES SEP26' Action='Buy' Limit price=7446 Stop price=0 Quantity=10 Type='Limit' Time in force=GTC Oco='' Filled=0 Fill price=0 Error='No error' Native error='',
7/23/2026 6:58:18 AM,Order,Chart Trader submitting order with strategy 'MES MIN SL8 - 1' (Ticks),
7/23/2026 6:58:06 AM,Order,Order='2834487888/PA-APEX-422136-08' Name='Entry' New state='Cancelled' Instrument='MES SEP26' Action='Buy' Limit price=7454 Stop price=0 Quantity=10 Type='Limit' Time in force=GTC Oco='' Filled=0 Fill price=0 Error='No error' Native error='',
7/23/2026 6:58:06 AM,Order,Order='2834487888/PA-APEX-422136-08' Name='Entry' New state='Cancel submitted' Instrument='MES SEP26' Action='Buy' Limit price=7454 Stop price=0 Quantity=10 Type='Limit' Time in force=GTC Oco='' Filled=0 Fill price=0 Error='No error' Native error='',
7/23/2026 6:58:04 AM,Order,Order='2834488696/PA-APEX-422136-07' Name='Entry' New state='Cancelled' Instrument='MES SEP26' Action='Buy' Limit price=7454 Stop price=0 Quantity=10 Type='Limit' Time in force=GTC Oco='' Filled=0 Fill price=0 Error='No error' Native error='',
7/23/2026 6:58:03 AM,Order,Order='2834488696/PA-APEX-422136-07' Name='Entry' New state='Cancel submitted' Instrument='MES SEP26' Action='Buy' Limit price=7454 Stop price=0 Quantity=10 Type='Limit' Time in force=GTC Oco='' Filled=0 Fill price=0 Error='No error' Native error='',
7/23/2026 6:57:44 AM,Order,Order='2834488696/PA-APEX-422136-07' Name='Entry' New state='Accepted' Instrument='MES SEP26' Action='Buy' Limit price=7454 Stop price=0 Quantity=10 Type='Limit' Time in force=GTC Oco='' Filled=0 Fill price=0 Error='No error' Native error='',
7/23/2026 6:57:44 AM,Order,Order='2834488696/PA-APEX-422136-07' Name='Entry' New state='Working' Instrument='MES SEP26' Action='Buy' Limit price=7454 Stop price=0 Quantity=10 Type='Limit' Time in force=GTC Oco='' Filled=0 Fill price=0 Error='No error' Native error='',
7/23/2026 6:57:44 AM,Order,Order='2834488696/PA-APEX-422136-07' Name='Entry' New state='Change submitted' Instrument='MES SEP26' Action='Buy' Limit price=7454 Stop price=0 Quantity=10 Type='Limit' Time in force=GTC Oco='' Filled=0 Fill price=0 Error='No error' Native error='',
7/23/2026 6:57:40 AM,Order,Order='2834488696/PA-APEX-422136-07' Name='Entry' New state='Accepted' Instrument='MES SEP26' Action='Buy' Limit price=7453.75 Stop price=0 Quantity=10 Type='Limit' Time in force=GTC Oco='' Filled=0 Fill price=0 Error='No error' Native error='',
7/23/2026 6:57:40 AM,Order,Order='2834488696/PA-APEX-422136-07' Name='Entry' New state='Working' Instrument='MES SEP26' Action='Buy' Limit price=7453.75 Stop price=0 Quantity=10 Type='Limit' Time in force=GTC Oco='' Filled=0 Fill price=0 Error='No error' Native error='',
7/23/2026 6:57:40 AM,Order,Order='305eea0dbae346d4a4883025cba41868/PA-APEX-422136-07' Name='Entry' New state='Submitted' Instrument='MES SEP26' Action='Buy' Limit price=7453.75 Stop price=0 Quantity=10 Type='Limit' Time in force=GTC Oco='' Filled=0 Fill price=0 Error='No error' Native error='',
7/23/2026 6:57:40 AM,Order,Chart Trader submitting order with strategy 'MES MIN SL8 - 2' (Ticks),
7/23/2026 6:57:33 AM,Order,Order='2834487888/PA-APEX-422136-08' Name='Entry' New state='Accepted' Instrument='MES SEP26' Action='Buy' Limit price=7454 Stop price=0 Quantity=10 Type='Limit' Time in force=GTC Oco='' Filled=0 Fill price=0 Error='No error' Native error='',
7/23/2026 6:57:33 AM,Order,Order='2834487888/PA-APEX-422136-08' Name='Entry' New state='Working' Instrument='MES SEP26' Action='Buy' Limit price=7454 Stop price=0 Quantity=10 Type='Limit' Time in force=GTC Oco='' Filled=0 Fill price=0 Error='No error' Native error='',
7/23/2026 6:57:33 AM,Order,Order='39fbc5d9ba2b47589c24f37c5491927d/PA-APEX-422136-08' Name='Entry' New state='Submitted' Instrument='MES SEP26' Action='Buy' Limit price=7454 Stop price=0 Quantity=10 Type='Limit' Time in force=GTC Oco='' Filled=0 Fill price=0 Error='No error' Native error='',
7/23/2026 6:57:33 AM,Order,Chart Trader submitting order with strategy 'MES MIN SL8 - 1' (Ticks),
7/23/2026 6:57:03 AM,Order,Order='2834428990/PA-APEX-422136-07' Name='Entry' New state='Cancelled' Instrument='MES SEP26' Action='Sell' Limit price=7477 Stop price=0 Quantity=11 Type='Limit' Time in force=GTC Oco='' Filled=0 Fill price=0 Error='No error' Native error='',
7/23/2026 6:57:03 AM,Order,Order='2834428990/PA-APEX-422136-07' Name='Entry' New state='Cancel submitted' Instrument='MES SEP26' Action='Sell' Limit price=7477 Stop price=0 Quantity=11 Type='Limit' Time in force=GTC Oco='' Filled=0 Fill price=0 Error='No error' Native error='',
7/23/2026 6:57:01 AM,Order,Order='2834430194/PA-APEX-422136-08' Name='Entry' New state='Cancelled' Instrument='MES SEP26' Action='Sell' Limit price=7477 Stop price=0 Quantity=11 Type='Limit' Time in force=GTC Oco='' Filled=0 Fill price=0 Error='No error' Native error='',
7/23/2026 6:57:01 AM,Order,Order='2834430194/PA-APEX-422136-08' Name='Entry' New state='Cancel submitted' Instrument='MES SEP26' Action='Sell' Limit price=7477 Stop price=0 Quantity=11 Type='Limit' Time in force=GTC Oco='' Filled=0 Fill price=0 Error='No error' Native error='',
7/23/2026 6:57:01 AM,Default,Cancel all orders account='PA-APEX-422136-08',
7/23/2026 6:57:01 AM,Default,Chart Trader close position,
7/23/2026 6:54:48 AM,Order,Order='2834442943/PA-APEX-422136-08' Name='Entry' New state='Cancelled' Instrument='MES SEP26' Action='Buy' Limit price=7455 Stop price=0 Quantity=11 Type='Limit' Time in force=GTC Oco='' Filled=0 Fill price=0 Error='No error' Native error='',
7/23/2026 6:54:48 AM,Order,Order='2834442943/PA-APEX-422136-08' Name='Entry' New state='Cancel submitted' Instrument='MES SEP26' Action='Buy' Limit price=7455 Stop price=0 Quantity=11 Type='Limit' Time in force=GTC Oco='' Filled=0 Fill price=0 Error='No error' Native error='',
7/23/2026 6:54:47 AM,Order,Order='2834443718/PA-APEX-422136-07' Name='Entry' New state='Cancelled' Instrument='MES SEP26' Action='Buy' Limit price=7455 Stop price=0 Quantity=11 Type='Limit' Time in force=GTC Oco='' Filled=0 Fill price=0 Error='No error' Native error='',
7/23/2026 6:54:47 AM,Order,Order='2834443718/PA-APEX-422136-07' Name='Entry' New state='Cancel submitted' Instrument='MES SEP26' Action='Buy' Limit price=7455 Stop price=0 Quantity=11 Type='Limit' Time in force=GTC Oco='' Filled=0 Fill price=0 Error='No error' Native error='',
7/23/2026 6:53:03 AM,Order,Order='2834443718/PA-APEX-422136-07' Name='Entry' New state='Working' Instrument='MES SEP26' Action='Buy' Limit price=7455 Stop price=0 Quantity=11 Type='Limit' Time in force=GTC Oco='' Filled=0 Fill price=0 Error='No error' Native error='',
7/23/2026 6:53:03 AM,Order,Order='2834443718/PA-APEX-422136-07' Name='Entry' New state='Accepted' Instrument='MES SEP26' Action='Buy' Limit price=7455 Stop price=0 Quantity=11 Type='Limit' Time in force=GTC Oco='' Filled=0 Fill price=0 Error='No error' Native error='',
7/23/2026 6:53:03 AM,Order,Order='2834443718/PA-APEX-422136-07' Name='Entry' New state='Change submitted' Instrument='MES SEP26' Action='Buy' Limit price=7455 Stop price=0 Quantity=11 Type='Limit' Time in force=GTC Oco='' Filled=0 Fill price=0 Error='No error' Native error='',
7/23/2026 6:52:58 AM,Order,Order='2834443718/PA-APEX-422136-07' Name='Entry' New state='Accepted' Instrument='MES SEP26' Action='Buy' Limit price=7454.75 Stop price=0 Quantity=11 Type='Limit' Time in force=GTC Oco='' Filled=0 Fill price=0 Error='No error' Native error='',
7/23/2026 6:52:58 AM,Order,Order='2834443718/PA-APEX-422136-07' Name='Entry' New state='Working' Instrument='MES SEP26' Action='Buy' Limit price=7454.75 Stop price=0 Quantity=11 Type='Limit' Time in force=GTC Oco='' Filled=0 Fill price=0 Error='No error' Native error='',
7/23/2026 6:52:58 AM,Order,Order='5fa7dce023154f1dadd502d41201b389/PA-APEX-422136-07' Name='Entry' New state='Submitted' Instrument='MES SEP26' Action='Buy' Limit price=7454.75 Stop price=0 Quantity=11 Type='Limit' Time in force=GTC Oco='' Filled=0 Fill price=0 Error='No error' Native error='',
7/23/2026 6:52:58 AM,Order,Chart Trader submitting order with strategy 'MES MIN SL7 - 4' (Ticks),
7/23/2026 6:52:48 AM,Order,Order='2834442943/PA-APEX-422136-08' Name='Entry' New state='Accepted' Instrument='MES SEP26' Action='Buy' Limit price=7455 Stop price=0 Quantity=11 Type='Limit' Time in force=GTC Oco='' Filled=0 Fill price=0 Error='No error' Native error='',
7/23/2026 6:52:48 AM,Order,Order='2834442943/PA-APEX-422136-08' Name='Entry' New state='Working' Instrument='MES SEP26' Action='Buy' Limit price=7455 Stop price=0 Quantity=11 Type='Limit' Time in force=GTC Oco='' Filled=0 Fill price=0 Error='No error' Native error='',
7/23/2026 6:52:48 AM,Order,Order='808e0fcd714a43d9bac225a227de37ab/PA-APEX-422136-08' Name='Entry' New state='Submitted' Instrument='MES SEP26' Action='Buy' Limit price=7455 Stop price=0 Quantity=11 Type='Limit' Time in force=GTC Oco='' Filled=0 Fill price=0 Error='No error' Native error='',
7/23/2026 6:52:48 AM,Order,Chart Trader submitting order with strategy 'MES MIN SL7 - 3' (Ticks),
7/23/2026 6:51:35 AM,Order,Order='2834430194/PA-APEX-422136-08' Name='Entry' New state='Accepted' Instrument='MES SEP26' Action='Sell' Limit price=7477 Stop price=0 Quantity=11 Type='Limit' Time in force=GTC Oco='' Filled=0 Fill price=0 Error='No error' Native error='',
7/23/2026 6:51:35 AM,Order,Order='2834430194/PA-APEX-422136-08' Name='Entry' New state='Working' Instrument='MES SEP26' Action='Sell' Limit price=7477 Stop price=0 Quantity=11 Type='Limit' Time in force=GTC Oco='' Filled=0 Fill price=0 Error='No error' Native error='',
7/23/2026 6:51:35 AM,Order,Order='dde487c98658455995e784df5172f25f/PA-APEX-422136-08' Name='Entry' New state='Submitted' Instrument='MES SEP26' Action='Sell' Limit price=7477 Stop price=0 Quantity=11 Type='Limit' Time in force=GTC Oco='' Filled=0 Fill price=0 Error='No error' Native error='',
7/23/2026 6:51:35 AM,Order,Chart Trader submitting order with strategy 'MES MIN SL7 - 2' (Ticks),
7/23/2026 6:51:27 AM,Order,Order='2834428990/PA-APEX-422136-07' Name='Entry' New state='Working' Instrument='MES SEP26' Action='Sell' Limit price=7477 Stop price=0 Quantity=11 Type='Limit' Time in force=GTC Oco='' Filled=0 Fill price=0 Error='No error' Native error='',
7/23/2026 6:51:27 AM,Order,Order='2834428990/PA-APEX-422136-07' Name='Entry' New state='Accepted' Instrument='MES SEP26' Action='Sell' Limit price=7477 Stop price=0 Quantity=11 Type='Limit' Time in force=GTC Oco='' Filled=0 Fill price=0 Error='No error' Native error='',
7/23/2026 6:51:27 AM,Order,Order='851fb40bf7c94572b4e90ffd8c1d6e1e/PA-APEX-422136-07' Name='Entry' New state='Submitted' Instrument='MES SEP26' Action='Sell' Limit price=7477 Stop price=0 Quantity=11 Type='Limit' Time in force=GTC Oco='' Filled=0 Fill price=0 Error='No error' Native error='',
7/23/2026 6:51:27 AM,Order,Chart Trader submitting order with strategy 'MES MIN SL7 - 1' (Ticks),
7/23/2026 6:50:30 AM,Order,Order='2834392111/PA-APEX-422136-08' Name='Entry' New state='Cancelled' Instrument='MES SEP26' Action='Sell' Limit price=7489 Stop price=0 Quantity=11 Type='Limit' Time in force=GTC Oco='' Filled=0 Fill price=0 Error='No error' Native error='',
7/23/2026 6:50:30 AM,Order,Order='2834392111/PA-APEX-422136-08' Name='Entry' New state='Cancel submitted' Instrument='MES SEP26' Action='Sell' Limit price=7489 Stop price=0 Quantity=11 Type='Limit' Time in force=GTC Oco='' Filled=0 Fill price=0 Error='No error' Native error='',
7/23/2026 6:50:24 AM,Order,Order='2834393758/PA-APEX-422136-08' Name='Entry' New state='Cancelled' Instrument='MES SEP26' Action='Buy' Limit price=7460 Stop price=0 Quantity=11 Type='Limit' Time in force=GTC Oco='' Filled=0 Fill price=0 Error='No error' Native error='',
7/23/2026 6:50:24 AM,Order,Order='2834393758/PA-APEX-422136-08' Name='Entry' New state='Cancel submitted' Instrument='MES SEP26' Action='Buy' Limit price=7460 Stop price=0 Quantity=11 Type='Limit' Time in force=GTC Oco='' Filled=0 Fill price=0 Error='No error' Native error='',
7/23/2026 6:50:24 AM,Order,Order='2834400211/PA-APEX-422136-07' Name='Entry' New state='Cancelled' Instrument='MES SEP26' Action='Buy' Limit price=7460 Stop price=0 Quantity=11 Type='Limit' Time in force=GTC Oco='' Filled=0 Fill price=0 Error='No error' Native error='',
7/23/2026 6:50:24 AM,Order,Order='2834400211/PA-APEX-422136-07' Name='Entry' New state='Cancel submitted' Instrument='MES SEP26' Action='Buy' Limit price=7460 Stop price=0 Quantity=11 Type='Limit' Time in force=GTC Oco='' Filled=0 Fill price=0 Error='No error' Native error='',
7/23/2026 6:48:30 AM,Order,Order='2834400211/PA-APEX-422136-07' Name='Entry' New state='Working' Instrument='MES SEP26' Action='Buy' Limit price=7460 Stop price=0 Quantity=11 Type='Limit' Time in force=GTC Oco='' Filled=0 Fill price=0 Error='No error' Native error='',
7/23/2026 6:48:30 AM,Order,Order='2834400211/PA-APEX-422136-07' Name='Entry' New state='Accepted' Instrument='MES SEP26' Action='Buy' Limit price=7460 Stop price=0 Quantity=11 Type='Limit' Time in force=GTC Oco='' Filled=0 Fill price=0 Error='No error' Native error='',
7/23/2026 6:48:30 AM,Order,Order='2834400211/PA-APEX-422136-07' Name='Entry' New state='Change submitted' Instrument='MES SEP26' Action='Buy' Limit price=7460 Stop price=0 Quantity=11 Type='Limit' Time in force=GTC Oco='' Filled=0 Fill price=0 Error='No error' Native error='',
7/23/2026 6:48:27 AM,Order,Order='2834400211/PA-APEX-422136-07' Name='Entry' New state='Accepted' Instrument='MES SEP26' Action='Buy' Limit price=7459.75 Stop price=0 Quantity=11 Type='Limit' Time in force=GTC Oco='' Filled=0 Fill price=0 Error='No error' Native error='',
7/23/2026 6:48:27 AM,Order,Order='2834400211/PA-APEX-422136-07' Name='Entry' New state='Working' Instrument='MES SEP26' Action='Buy' Limit price=7459.75 Stop price=0 Quantity=11 Type='Limit' Time in force=GTC Oco='' Filled=0 Fill price=0 Error='No error' Native error='',
7/23/2026 6:48:27 AM,Order,Order='02a8f320950b4fddb2875258c85034ac/PA-APEX-422136-07' Name='Entry' New state='Submitted' Instrument='MES SEP26' Action='Buy' Limit price=7459.75 Stop price=0 Quantity=11 Type='Limit' Time in force=GTC Oco='' Filled=0 Fill price=0 Error='No error' Native error='',
7/23/2026 6:48:27 AM,Order,Chart Trader submitting order with strategy 'MES MIN SL7 - 3' (Ticks),
7/23/2026 6:47:48 AM,Order,Order='2834393758/PA-APEX-422136-08' Name='Entry' New state='Accepted' Instrument='MES SEP26' Action='Buy' Limit price=7460 Stop price=0 Quantity=11 Type='Limit' Time in force=GTC Oco='' Filled=0 Fill price=0 Error='No error' Native error='',
7/23/2026 6:47:48 AM,Order,Order='2834393758/PA-APEX-422136-08' Name='Entry' New state='Working' Instrument='MES SEP26' Action='Buy' Limit price=7460 Stop price=0 Quantity=11 Type='Limit' Time in force=GTC Oco='' Filled=0 Fill price=0 Error='No error' Native error='',
7/23/2026 6:47:48 AM,Order,Order='44a68bbcd5814f08ba7753d53d4bc9bd/PA-APEX-422136-08' Name='Entry' New state='Submitted' Instrument='MES SEP26' Action='Buy' Limit price=7460 Stop price=0 Quantity=11 Type='Limit' Time in force=GTC Oco='' Filled=0 Fill price=0 Error='No error' Native error='',
7/23/2026 6:47:48 AM,Order,Chart Trader submitting order with strategy 'MES MIN SL7 - 2' (Ticks),
7/23/2026 6:47:29 AM,Order,Order='2834392111/PA-APEX-422136-08' Name='Entry' New state='Accepted' Instrument='MES SEP26' Action='Sell' Limit price=7489 Stop price=0 Quantity=11 Type='Limit' Time in force=GTC Oco='' Filled=0 Fill price=0 Error='No error' Native error='',
7/23/2026 6:47:29 AM,Order,Order='2834392111/PA-APEX-422136-08' Name='Entry' New state='Working' Instrument='MES SEP26' Action='Sell' Limit price=7489 Stop price=0 Quantity=11 Type='Limit' Time in force=GTC Oco='' Filled=0 Fill price=0 Error='No error' Native error='',
7/23/2026 6:47:29 AM,Order,Order='fc67a7a776d545e592499c76b7a5584e/PA-APEX-422136-08' Name='Entry' New state='Submitted' Instrument='MES SEP26' Action='Sell' Limit price=7489 Stop price=0 Quantity=11 Type='Limit' Time in force=GTC Oco='' Filled=0 Fill price=0 Error='No error' Native error='',
7/23/2026 6:47:29 AM,Order,Chart Trader submitting order with strategy 'MES MIN SL7 - 1' (Ticks),
7/23/2026 6:47:15 AM,Order,Order='2834355850/PA-APEX-422136-07' Name='Entry' New state='Cancelled' Instrument='MES SEP26' Action='Sell' Limit price=7489 Stop price=0 Quantity=11 Type='Limit' Time in force=GTC Oco='' Filled=0 Fill price=0 Error='No error' Native error='',
7/23/2026 6:47:15 AM,Order,Order='2834355850/PA-APEX-422136-07' Name='Entry' New state='Cancel submitted' Instrument='MES SEP26' Action='Sell' Limit price=7489 Stop price=0 Quantity=11 Type='Limit' Time in force=GTC Oco='' Filled=0 Fill price=0 Error='No error' Native error='',
7/23/2026 6:45:13 AM,Order,Order='2834357592/PA-APEX-422136-08' Name='Entry' New state='Cancelled' Instrument='MES SEP26' Action='Sell' Limit price=7489 Stop price=0 Quantity=11 Type='Limit' Time in force=GTC Oco='' Filled=0 Fill price=0 Error='No error' Native error='',
7/23/2026 6:45:13 AM,Order,Order='2834357592/PA-APEX-422136-08' Name='Entry' New state='Cancel submitted' Instrument='MES SEP26' Action='Sell' Limit price=7489 Stop price=0 Quantity=11 Type='Limit' Time in force=GTC Oco='' Filled=0 Fill price=0 Error='No error' Native error='',
7/23/2026 6:43:44 AM,Order,Order='2834203486/PA-APEX-422136-08' Name='Entry' New state='Cancelled' Instrument='MGC AUG26' Action='Buy' Limit price=4023 Stop price=0 Quantity=8 Type='Limit' Time in force=GTC Oco='' Filled=0 Fill price=0 Error='No error' Native error='',
7/23/2026 6:43:44 AM,Order,Order='2834203486/PA-APEX-422136-08' Name='Entry' New state='Cancel submitted' Instrument='MGC AUG26' Action='Buy' Limit price=4023 Stop price=0 Quantity=8 Type='Limit' Time in force=GTC Oco='' Filled=0 Fill price=0 Error='No error' Native error='',
7/23/2026 6:43:36 AM,Order,Order='2834337540/PA-APEX-422136-08' Name='Entry' New state='Cancelled' Instrument='MES SEP26' Action='Buy' Limit price=7460 Stop price=0 Quantity=13 Type='Limit' Time in force=GTC Oco='' Filled=0 Fill price=0 Error='No error' Native error='',
7/23/2026 6:43:36 AM,Order,Order='2834337540/PA-APEX-422136-08' Name='Entry' New state='Cancel submitted' Instrument='MES SEP26' Action='Buy' Limit price=7460 Stop price=0 Quantity=13 Type='Limit' Time in force=GTC Oco='' Filled=0 Fill price=0 Error='No error' Native error='',
7/23/2026 6:43:24 AM,Order,Order='2834357592/PA-APEX-422136-08' Name='Entry' New state='Working' Instrument='MES SEP26' Action='Sell' Limit price=7489 Stop price=0 Quantity=11 Type='Limit' Time in force=GTC Oco='' Filled=0 Fill price=0 Error='No error' Native error='',
7/23/2026 6:43:24 AM,Order,Order='2834357592/PA-APEX-422136-08' Name='Entry' New state='Accepted' Instrument='MES SEP26' Action='Sell' Limit price=7489 Stop price=0 Quantity=11 Type='Limit' Time in force=GTC Oco='' Filled=0 Fill price=0 Error='No error' Native error='',
7/23/2026 6:43:24 AM,Order,Order='2834357592/PA-APEX-422136-08' Name='Entry' New state='Change submitted' Instrument='MES SEP26' Action='Sell' Limit price=7489 Stop price=0 Quantity=11 Type='Limit' Time in force=GTC Oco='' Filled=0 Fill price=0 Error='No error' Native error='',
7/23/2026 6:43:24 AM,Order,Order='2834357592/PA-APEX-422136-08' Name='Entry' New state='Accepted' Instrument='MES SEP26' Action='Sell' Limit price=7489.25 Stop price=0 Quantity=11 Type='Limit' Time in force=GTC Oco='' Filled=0 Fill price=0 Error='No error' Native error='',
7/23/2026 6:43:24 AM,Order,Order='2834357592/PA-APEX-422136-08' Name='Entry' New state='Working' Instrument='MES SEP26' Action='Sell' Limit price=7489.25 Stop price=0 Quantity=11 Type='Limit' Time in force=GTC Oco='' Filled=0 Fill price=0 Error='No error' Native error='',
7/23/2026 6:43:24 AM,Order,Order='2834357592/PA-APEX-422136-08' Name='Entry' New state='Change submitted' Instrument='MES SEP26' Action='Sell' Limit price=7489.25 Stop price=0 Quantity=11 Type='Limit' Time in force=GTC Oco='' Filled=0 Fill price=0 Error='No error' Native error='',
7/23/2026 6:43:22 AM,Order,Order='2834357592/PA-APEX-422136-08' Name='Entry' New state='Working' Instrument='MES SEP26' Action='Sell' Limit price=7489.5 Stop price=0 Quantity=11 Type='Limit' Time in force=GTC Oco='' Filled=0 Fill price=0 Error='No error' Native error='',
7/23/2026 6:43:22 AM,Order,Order='2834357592/PA-APEX-422136-08' Name='Entry' New state='Accepted' Instrument='MES SEP26' Action='Sell' Limit price=7489.5 Stop price=0 Quantity=11 Type='Limit' Time in force=GTC Oco='' Filled=0 Fill price=0 Error='No error' Native error='',
7/23/2026 6:43:22 AM,Order,Order='cfcc9b552d4a4e04930e224739c72a2c/PA-APEX-422136-08' Name='Entry' New state='Submitted' Instrument='MES SEP26' Action='Sell' Limit price=7489.5 Stop price=0 Quantity=11 Type='Limit' Time in force=GTC Oco='' Filled=0 Fill price=0 Error='No error' Native error='',
7/23/2026 6:43:22 AM,Order,Chart Trader submitting order with strategy 'MES MIN SL7 - 7' (Ticks),
7/23/2026 6:43:18 AM,Order,Order='2834335471/PA-APEX-422136-08' Name='Entry' New state='Cancelled' Instrument='MES SEP26' Action='Sell' Limit price=7489 Stop price=0 Quantity=13 Type='Limit' Time in force=GTC Oco='' Filled=0 Fill price=0 Error='No error' Native error='',
7/23/2026 6:43:18 AM,Order,Order='2834335471/PA-APEX-422136-08' Name='Entry' New state='Cancel submitted' Instrument='MES SEP26' Action='Sell' Limit price=7489 Stop price=0 Quantity=13 Type='Limit' Time in force=GTC Oco='' Filled=0 Fill price=0 Error='No error' Native error='',
7/23/2026 6:43:11 AM,Order,Order='2834355850/PA-APEX-422136-07' Name='Entry' New state='Accepted' Instrument='MES SEP26' Action='Sell' Limit price=7489 Stop price=0 Quantity=11 Type='Limit' Time in force=GTC Oco='' Filled=0 Fill price=0 Error='No error' Native error='',
7/23/2026 6:43:11 AM,Order,Order='2834355850/PA-APEX-422136-07' Name='Entry' New state='Working' Instrument='MES SEP26' Action='Sell' Limit price=7489 Stop price=0 Quantity=11 Type='Limit' Time in force=GTC Oco='' Filled=0 Fill price=0 Error='No error' Native error='',
7/23/2026 6:43:10 AM,Order,Order='4d611d685b754f46b9e1cc3569b4fe97/PA-APEX-422136-07' Name='Entry' New state='Submitted' Instrument='MES SEP26' Action='Sell' Limit price=7489 Stop price=0 Quantity=11 Type='Limit' Time in force=GTC Oco='' Filled=0 Fill price=0 Error='No error' Native error='',
7/23/2026 6:43:10 AM,Order,Chart Trader submitting order with strategy 'MES MIN SL7 - 6' (Ticks),
7/23/2026 6:43:05 AM,Order,Order='2834353194/PA-APEX-422136-07' Name='Entry' New state='Cancelled' Instrument='MES SEP26' Action='Sell' Limit price=7489 Stop price=0 Quantity=13 Type='Limit' Time in force=GTC Oco='' Filled=0 Fill price=0 Error='No error' Native error='',
7/23/2026 6:43:05 AM,Order,Order='2834353194/PA-APEX-422136-07' Name='Entry' New state='Cancel submitted' Instrument='MES SEP26' Action='Sell' Limit price=7489 Stop price=0 Quantity=13 Type='Limit' Time in force=GTC Oco='' Filled=0 Fill price=0 Error='No error' Native error='',
7/23/2026 6:43:05 AM,Default,Chart Trader close position,
7/23/2026 6:43:05 AM,Default,Cancel all orders account='PA-APEX-422136-07',
7/23/2026 6:42:51 AM,Order,Order='2834353194/PA-APEX-422136-07' Name='Entry' New state='Accepted' Instrument='MES SEP26' Action='Sell' Limit price=7489 Stop price=0 Quantity=13 Type='Limit' Time in force=GTC Oco='' Filled=0 Fill price=0 Error='No error' Native error='',
7/23/2026 6:42:51 AM,Order,Order='2834353194/PA-APEX-422136-07' Name='Entry' New state='Working' Instrument='MES SEP26' Action='Sell' Limit price=7489 Stop price=0 Quantity=13 Type='Limit' Time in force=GTC Oco='' Filled=0 Fill price=0 Error='No error' Native error='',
7/23/2026 6:42:51 AM,Order,Order='a05b9716f4344708a7b8ed5b621aeb37/PA-APEX-422136-07' Name='Entry' New state='Submitted' Instrument='MES SEP26' Action='Sell' Limit price=7489 Stop price=0 Quantity=13 Type='Limit' Time in force=GTC Oco='' Filled=0 Fill price=0 Error='No error' Native error='',
7/23/2026 6:42:51 AM,Order,Chart Trader submitting order with strategy 'MES MIN SL6 - 6' (Ticks),
7/23/2026 6:40:54 AM,Order,Order='2834337540/PA-APEX-422136-08' Name='Entry' New state='Working' Instrument='MES SEP26' Action='Buy' Limit price=7460 Stop price=0 Quantity=13 Type='Limit' Time in force=GTC Oco='' Filled=0 Fill price=0 Error='No error' Native error='',
7/23/2026 6:40:54 AM,Order,Order='2834337540/PA-APEX-422136-08' Name='Entry' New state='Accepted' Instrument='MES SEP26' Action='Buy' Limit price=7460 Stop price=0 Quantity=13 Type='Limit' Time in force=GTC Oco='' Filled=0 Fill price=0 Error='No error' Native error='',
7/23/2026 6:40:54 AM,Order,Order='f88239e82f9d41ae98869de3f5f9db8f/PA-APEX-422136-08' Name='Entry' New state='Submitted' Instrument='MES SEP26' Action='Buy' Limit price=7460 Stop price=0 Quantity=13 Type='Limit' Time in force=GTC Oco='' Filled=0 Fill price=0 Error='No error' Native error='',
7/23/2026 6:40:54 AM,Order,Chart Trader submitting order with strategy 'MES MIN SL6 - 5' (Ticks),
7/23/2026 6:40:33 AM,Order,Order='2834335471/PA-APEX-422136-08' Name='Entry' New state='Accepted' Instrument='MES SEP26' Action='Sell' Limit price=7489 Stop price=0 Quantity=13 Type='Limit' Time in force=GTC Oco='' Filled=0 Fill price=0 Error='No error' Native error='',
7/23/2026 6:40:33 AM,Order,Order='2834335471/PA-APEX-422136-08' Name='Entry' New state='Working' Instrument='MES SEP26' Action='Sell' Limit price=7489 Stop price=0 Quantity=13 Type='Limit' Time in force=GTC Oco='' Filled=0 Fill price=0 Error='No error' Native error='',
7/23/2026 6:40:33 AM,Order,Order='2834335471/PA-APEX-422136-08' Name='Entry' New state='Change submitted' Instrument='MES SEP26' Action='Sell' Limit price=7489 Stop price=0 Quantity=13 Type='Limit' Time in force=GTC Oco='' Filled=0 Fill price=0 Error='No error' Native error='',
7/23/2026 6:40:32 AM,Order,Order='2834335471/PA-APEX-422136-08' Name='Entry' New state='Working' Instrument='MES SEP26' Action='Sell' Limit price=7489.25 Stop price=0 Quantity=13 Type='Limit' Time in force=GTC Oco='' Filled=0 Fill price=0 Error='No error' Native error='',
7/23/2026 6:40:32 AM,Order,Order='2834335471/PA-APEX-422136-08' Name='Entry' New state='Accepted' Instrument='MES SEP26' Action='Sell' Limit price=7489.25 Stop price=0 Quantity=13 Type='Limit' Time in force=GTC Oco='' Filled=0 Fill price=0 Error='No error' Native error='',
7/23/2026 6:40:32 AM,Order,Order='2834335471/PA-APEX-422136-08' Name='Entry' New state='Change submitted' Instrument='MES SEP26' Action='Sell' Limit price=7489.25 Stop price=0 Quantity=13 Type='Limit' Time in force=GTC Oco='' Filled=0 Fill price=0 Error='No error' Native error='',
7/23/2026 6:40:30 AM,Order,Order='2834335471/PA-APEX-422136-08' Name='Entry' New state='Working' Instrument='MES SEP26' Action='Sell' Limit price=7489.5 Stop price=0 Quantity=13 Type='Limit' Time in force=GTC Oco='' Filled=0 Fill price=0 Error='No error' Native error='',
7/23/2026 6:40:30 AM,Order,Order='2834335471/PA-APEX-422136-08' Name='Entry' New state='Accepted' Instrument='MES SEP26' Action='Sell' Limit price=7489.5 Stop price=0 Quantity=13 Type='Limit' Time in force=GTC Oco='' Filled=0 Fill price=0 Error='No error' Native error='',
7/23/2026 6:40:30 AM,Order,Order='3df0632760d648fa9eaa37d69b2ae2c0/PA-APEX-422136-08' Name='Entry' New state='Submitted' Instrument='MES SEP26' Action='Sell' Limit price=7489.5 Stop price=0 Quantity=13 Type='Limit' Time in force=GTC Oco='' Filled=0 Fill price=0 Error='No error' Native error='',
7/23/2026 6:40:30 AM,Order,Chart Trader submitting order with strategy 'MES MIN SL6 - 4' (Ticks),
7/23/2026 6:40:10 AM,Order,Order='2834328020/PA-APEX-422136-08' Name='Entry' New state='Cancelled' Instrument='MES SEP26' Action='Sell' Limit price=7489 Stop price=0 Quantity=16 Type='Limit' Time in force=GTC Oco='' Filled=0 Fill price=0 Error='No error' Native error='',
7/23/2026 6:40:10 AM,Order,Order='2834328020/PA-APEX-422136-08' Name='Entry' New state='Cancel submitted' Instrument='MES SEP26' Action='Sell' Limit price=7489 Stop price=0 Quantity=16 Type='Limit' Time in force=GTC Oco='' Filled=0 Fill price=0 Error='No error' Native error='',
7/23/2026 6:39:41 AM,Order,Order='2834328020/PA-APEX-422136-08' Name='Entry' New state='Accepted' Instrument='MES SEP26' Action='Sell' Limit price=7489 Stop price=0 Quantity=16 Type='Limit' Time in force=GTC Oco='' Filled=0 Fill price=0 Error='No error' Native error='',
7/23/2026 6:39:41 AM,Order,Order='2834328020/PA-APEX-422136-08' Name='Entry' New state='Working' Instrument='MES SEP26' Action='Sell' Limit price=7489 Stop price=0 Quantity=16 Type='Limit' Time in force=GTC Oco='' Filled=0 Fill price=0 Error='No error' Native error='',
7/23/2026 6:39:41 AM,Order,Order='1cc0eda87e15408690c15fac3f6a91e1/PA-APEX-422136-08' Name='Entry' New state='Submitted' Instrument='MES SEP26' Action='Sell' Limit price=7489 Stop price=0 Quantity=16 Type='Limit' Time in force=GTC Oco='' Filled=0 Fill price=0 Error='No error' Native error='',
7/23/2026 6:39:41 AM,Order,Chart Trader submitting order with strategy 'MES MIN SL5 - 4' (Ticks),
7/23/2026 6:39:30 AM,Order,Order='2834253078/PA-APEX-422136-08' Name='Entry' New state='Cancelled' Instrument='MES SEP26' Action='Buy' Limit price=7440 Stop price=0 Quantity=16 Type='Limit' Time in force=GTC Oco='' Filled=0 Fill price=0 Error='No error' Native error='',
7/23/2026 6:39:29 AM,Order,Order='2834253078/PA-APEX-422136-08' Name='Entry' New state='Cancel submitted' Instrument='MES SEP26' Action='Buy' Limit price=7440 Stop price=0 Quantity=16 Type='Limit' Time in force=GTC Oco='' Filled=0 Fill price=0 Error='No error' Native error='',
7/23/2026 6:35:48 AM,Order,Order='2834287126/PA-APEX-422136-07' Name='Target2' New state='Cancelled' Instrument='MES SEP26' Action='Buy to cover' Limit price=7473.25 Stop price=0 Quantity=8 Type='Limit' Time in force=GTC Oco='5cd84692dc534906968e86b4033e8b51' Filled=0 Fill price=0 Error='No error' Native error='',
7/23/2026 6:35:48 AM,Strategy,Cancelling any remaining strategy orders,
7/23/2026 6:35:48 AM,Order,Order='2834287142/PA-APEX-422136-08' Name='Target2' New state='Cancelled' Instrument='MES SEP26' Action='Buy to cover' Limit price=7473.25 Stop price=0 Quantity=8 Type='Limit' Time in force=GTC Oco='cf3b67552d14442c94b727be70a0aa87' Filled=0 Fill price=0 Error='No error' Native error='',
7/23/2026 6:35:48 AM,Strategy,Cancelling any remaining strategy orders,
7/23/2026 6:35:48 AM,Execution,Execution='1792596,
7/23/2026 6:35:48 AM,Order,Order='2834287126/PA-APEX-422136-07' Name='Target2' New state='Cancel submitted' Instrument='MES SEP26' Action='Buy to cover' Limit price=7473.25 Stop price=0 Quantity=8 Type='Limit' Time in force=GTC Oco='5cd84692dc534906968e86b4033e8b51' Filled=0 Fill price=0 Error='No error' Native error='',
7/23/2026 6:35:48 AM,Order,Order='2834287124/PA-APEX-422136-07' Name='Stop2' New state='Filled' Instrument='MES SEP26' Action='Buy to cover' Limit price=0 Stop price=7475.25 Quantity=8 Type='Stop Market' Time in force=GTC Oco='5cd84692dc534906968e86b4033e8b51' Filled=8 Fill price=7475.25 Error='No error' Native error='',
7/23/2026 6:35:48 AM,Order,Order='2834287142/PA-APEX-422136-08' Name='Target2' New state='Cancel submitted' Instrument='MES SEP26' Action='Buy to cover' Limit price=7473.25 Stop price=0 Quantity=8 Type='Limit' Time in force=GTC Oco='cf3b67552d14442c94b727be70a0aa87' Filled=0 Fill price=0 Error='No error' Native error='',
7/23/2026 6:35:48 AM,Order,Order='2834287124/PA-APEX-422136-07' Name='Stop2' New state='Working' Instrument='MES SEP26' Action='Buy to cover' Limit price=0 Stop price=7475.25 Quantity=8 Type='Stop Market' Time in force=GTC Oco='5cd84692dc534906968e86b4033e8b51' Filled=0 Fill price=0 Error='No error' Native error='',
7/23/2026 6:35:48 AM,Order,Order='2834287125/PA-APEX-422136-08' Name='Stop2' New state='Filled' Instrument='MES SEP26' Action='Buy to cover' Limit price=0 Stop price=7475.25 Quantity=8 Type='Stop Market' Time in force=GTC Oco='cf3b67552d14442c94b727be70a0aa87' Filled=8 Fill price=7475.25 Error='No error' Native error='',
7/23/2026 6:35:48 AM,Execution,Execution='1794708,
7/23/2026 6:35:48 AM,Order,Order='2834287125/PA-APEX-422136-08' Name='Stop2' New state='Working' Instrument='MES SEP26' Action='Buy to cover' Limit price=0 Stop price=7475.25 Quantity=8 Type='Stop Market' Time in force=GTC Oco='cf3b67552d14442c94b727be70a0aa87' Filled=0 Fill price=0 Error='No error' Native error='',
7/23/2026 6:35:48 AM,Position,Instrument='MES SEP26' Account='PA-APEX-422136-07' Average price=7475.75 Quantity=8 Market position=Flat Operation=Remove,
7/23/2026 6:35:48 AM,Position,Instrument='MES SEP26' Account='PA-APEX-422136-08' Average price=7475.75 Quantity=8 Market position=Flat Operation=Remove,
7/23/2026 6:35:45 AM,Order,Order='2834287125/PA-APEX-422136-08' Name='Stop2' New state='Accepted' Instrument='MES SEP26' Action='Buy to cover' Limit price=0 Stop price=7475.25 Quantity=8 Type='Stop Market' Time in force=GTC Oco='cf3b67552d14442c94b727be70a0aa87' Filled=0 Fill price=0 Error='No error' Native error='',
7/23/2026 6:35:45 AM,Order,Order='2834287110/PA-APEX-422136-08' Name='Stop1' New state='Cancelled' Instrument='MES SEP26' Action='Buy to cover' Limit price=0 Stop price=7480.75 Quantity=8 Type='Stop Market' Time in force=GTC Oco='6c0e4e073d6d4fd8af415e36a746d78e' Filled=0 Fill price=0 Error='No error' Native error='',
7/23/2026 6:35:45 AM,Order,Order='2834287124/PA-APEX-422136-07' Name='Stop2' New state='Accepted' Instrument='MES SEP26' Action='Buy to cover' Limit price=0 Stop price=7475.25 Quantity=8 Type='Stop Market' Time in force=GTC Oco='5cd84692dc534906968e86b4033e8b51' Filled=0 Fill price=0 Error='No error' Native error='',
7/23/2026 6:35:45 AM,Order,Order='2834287125/PA-APEX-422136-08' Name='Stop2' New state='Change submitted' Instrument='MES SEP26' Action='Buy to cover' Limit price=0 Stop price=7475.25 Quantity=8 Type='Stop Market' Time in force=GTC Oco='cf3b67552d14442c94b727be70a0aa87' Filled=0 Fill price=0 Error='No error' Native error='',
7/23/2026 6:35:45 AM,Position,Instrument='MES SEP26' Account='PA-APEX-422136-07' Average price=7475.75 Quantity=8 Market position=Short Operation=Update,
7/23/2026 6:35:45 AM,Order,Order='2834287110/PA-APEX-422136-08' Name='Stop1' New state='Cancel submitted' Instrument='MES SEP26' Action='Buy to cover' Limit price=0 Stop price=7480.75 Quantity=8 Type='Stop Market' Time in force=GTC Oco='6c0e4e073d6d4fd8af415e36a746d78e' Filled=0 Fill price=0 Error='No error' Native error='',
7/23/2026 6:35:45 AM,Order,Order='2834287124/PA-APEX-422136-07' Name='Stop2' New state='Change submitted' Instrument='MES SEP26' Action='Buy to cover' Limit price=0 Stop price=7475.25 Quantity=8 Type='Stop Market' Time in force=GTC Oco='5cd84692dc534906968e86b4033e8b51' Filled=0 Fill price=0 Error='No error' Native error='',
7/23/2026 6:35:45 AM,Order,Order='2834287106/PA-APEX-422136-07' Name='Stop1' New state='Cancelled' Instrument='MES SEP26' Action='Buy to cover' Limit price=0 Stop price=7480.75 Quantity=8 Type='Stop Market' Time in force=GTC Oco='3dde263b4d264d9eb957a00713e6e317' Filled=0 Fill price=0 Error='No error' Native error='',
7/23/2026 6:35:45 AM,Order,Order='2834287112/PA-APEX-422136-08' Name='Target1' New state='Filled' Instrument='MES SEP26' Action='Buy to cover' Limit price=7473.75 Stop price=0 Quantity=8 Type='Limit' Time in force=GTC Oco='6c0e4e073d6d4fd8af415e36a746d78e' Filled=8 Fill price=7473.75 Error='No error' Native error='',
7/23/2026 6:35:45 AM,Order,Auto breakeven price modification from '7480.75' to '7475.25',
7/23/2026 6:35:45 AM,Order,Order='2834287106/PA-APEX-422136-07' Name='Stop1' New state='Cancel submitted' Instrument='MES SEP26' Action='Buy to cover' Limit price=0 Stop price=7480.75 Quantity=8 Type='Stop Market' Time in force=GTC Oco='3dde263b4d264d9eb957a00713e6e317' Filled=0 Fill price=0 Error='No error' Native error='',
7/23/2026 6:35:45 AM,Execution,Execution='1792311,
7/23/2026 6:35:45 AM,Order,Auto breakeven price modification from '7480.75' to '7475.25',
7/23/2026 6:35:45 AM,Position,Instrument='MES SEP26' Account='PA-APEX-422136-08' Average price=7475.75 Quantity=8 Market position=Short Operation=Update,
7/23/2026 6:35:45 AM,Order,Order='2834287111/PA-APEX-422136-07' Name='Target1' New state='Filled' Instrument='MES SEP26' Action='Buy to cover' Limit price=7473.75 Stop price=0 Quantity=8 Type='Limit' Time in force=GTC Oco='3dde263b4d264d9eb957a00713e6e317' Filled=8 Fill price=7473.75 Error='No error' Native error='',
7/23/2026 6:35:45 AM,Execution,Execution='1793796,
7/23/2026 6:35:16 AM,Order,Order='2834287142/PA-APEX-422136-08' Name='Target2' New state='Working' Instrument='MES SEP26' Action='Buy to cover' Limit price=7473.25 Stop price=0 Quantity=8 Type='Limit' Time in force=GTC Oco='cf3b67552d14442c94b727be70a0aa87' Filled=0 Fill price=0 Error='No error' Native error='',
7/23/2026 6:35:16 AM,Order,Order='2834287126/PA-APEX-422136-07' Name='Target2' New state='Working' Instrument='MES SEP26' Action='Buy to cover' Limit price=7473.25 Stop price=0 Quantity=8 Type='Limit' Time in force=GTC Oco='5cd84692dc534906968e86b4033e8b51' Filled=0 Fill price=0 Error='No error' Native error='',
7/23/2026 6:35:16 AM,Order,Order='2834287142/PA-APEX-422136-08' Name='Target2' New state='Accepted' Instrument='MES SEP26' Action='Buy to cover' Limit price=7473.25 Stop price=0 Quantity=8 Type='Limit' Time in force=GTC Oco='cf3b67552d14442c94b727be70a0aa87' Filled=0 Fill price=0 Error='No error' Native error='',
7/23/2026 6:35:16 AM,Order,Order='2834287125/PA-APEX-422136-08' Name='Stop2' New state='Accepted' Instrument='MES SEP26' Action='Buy to cover' Limit price=0 Stop price=7480.75 Quantity=8 Type='Stop Market' Time in force=GTC Oco='cf3b67552d14442c94b727be70a0aa87' Filled=0 Fill price=0 Error='No error' Native error='',
7/23/2026 6:35:16 AM,Order,Order='2834287126/PA-APEX-422136-07' Name='Target2' New state='Accepted' Instrument='MES SEP26' Action='Buy to cover' Limit price=7473.25 Stop price=0 Quantity=8 Type='Limit' Time in force=GTC Oco='5cd84692dc534906968e86b4033e8b51' Filled=0 Fill price=0 Error='No error' Native error='',
7/23/2026 6:35:16 AM,Order,Order='2834287124/PA-APEX-422136-07' Name='Stop2' New state='Accepted' Instrument='MES SEP26' Action='Buy to cover' Limit price=0 Stop price=7480.75 Quantity=8 Type='Stop Market' Time in force=GTC Oco='5cd84692dc534906968e86b4033e8b51' Filled=0 Fill price=0 Error='No error' Native error='',
7/23/2026 6:35:16 AM,Order,Order='2834287112/PA-APEX-422136-08' Name='Target1' New state='Working' Instrument='MES SEP26' Action='Buy to cover' Limit price=7473.75 Stop price=0 Quantity=8 Type='Limit' Time in force=GTC Oco='6c0e4e073d6d4fd8af415e36a746d78e' Filled=0 Fill price=0 Error='No error' Native error='',
7/23/2026 6:35:16 AM,Order,Order='2834287112/PA-APEX-422136-08' Name='Target1' New state='Accepted' Instrument='MES SEP26' Action='Buy to cover' Limit price=7473.75 Stop price=0 Quantity=8 Type='Limit' Time in force=GTC Oco='6c0e4e073d6d4fd8af415e36a746d78e' Filled=0 Fill price=0 Error='No error' Native error='',
7/23/2026 6:35:16 AM,Order,Order='2834287111/PA-APEX-422136-07' Name='Target1' New state='Accepted' Instrument='MES SEP26' Action='Buy to cover' Limit price=7473.75 Stop price=0 Quantity=8 Type='Limit' Time in force=GTC Oco='3dde263b4d264d9eb957a00713e6e317' Filled=0 Fill price=0 Error='No error' Native error='',
7/23/2026 6:35:16 AM,Order,Order='2834287111/PA-APEX-422136-07' Name='Target1' New state='Working' Instrument='MES SEP26' Action='Buy to cover' Limit price=7473.75 Stop price=0 Quantity=8 Type='Limit' Time in force=GTC Oco='3dde263b4d264d9eb957a00713e6e317' Filled=0 Fill price=0 Error='No error' Native error='',
7/23/2026 6:35:16 AM,Order,Order='2834287106/PA-APEX-422136-07' Name='Stop1' New state='Accepted' Instrument='MES SEP26' Action='Buy to cover' Limit price=0 Stop price=7480.75 Quantity=8 Type='Stop Market' Time in force=GTC Oco='3dde263b4d264d9eb957a00713e6e317' Filled=0 Fill price=0 Error='No error' Native error='',
7/23/2026 6:35:16 AM,Order,Order='2834287110/PA-APEX-422136-08' Name='Stop1' New state='Accepted' Instrument='MES SEP26' Action='Buy to cover' Limit price=0 Stop price=7480.75 Quantity=8 Type='Stop Market' Time in force=GTC Oco='6c0e4e073d6d4fd8af415e36a746d78e' Filled=0 Fill price=0 Error='No error' Native error='',
7/23/2026 6:35:16 AM,Order,Order='c211e508a2ab4240bd4ac9d7b0fe88c9/PA-APEX-422136-08' Name='Target2' New state='Submitted' Instrument='MES SEP26' Action='Buy to cover' Limit price=7473.25 Stop price=0 Quantity=8 Type='Limit' Time in force=GTC Oco='cf3b67552d14442c94b727be70a0aa87' Filled=0 Fill price=0 Error='No error' Native error='',
7/23/2026 6:35:16 AM,Order,Order='e65972f664d544b9875a00a7e060e904/PA-APEX-422136-07' Name='Target2' New state='Submitted' Instrument='MES SEP26' Action='Buy to cover' Limit price=7473.25 Stop price=0 Quantity=8 Type='Limit' Time in force=GTC Oco='5cd84692dc534906968e86b4033e8b51' Filled=0 Fill price=0 Error='No error' Native error='',
7/23/2026 6:35:16 AM,Order,Order='08a0467de52a4bddbdd4069bde717c19/PA-APEX-422136-08' Name='Stop2' New state='Submitted' Instrument='MES SEP26' Action='Buy to cover' Limit price=0 Stop price=7480.75 Quantity=8 Type='Stop Market' Time in force=GTC Oco='cf3b67552d14442c94b727be70a0aa87' Filled=0 Fill price=0 Error='No error' Native error='',
7/23/2026 6:35:16 AM,Order,Order='a201c5d0eb8b41e7abc0a3fb1c5a43e9/PA-APEX-422136-07' Name='Stop2' New state='Submitted' Instrument='MES SEP26' Action='Buy to cover' Limit price=0 Stop price=7480.75 Quantity=8 Type='Stop Market' Time in force=GTC Oco='5cd84692dc534906968e86b4033e8b51' Filled=0 Fill price=0 Error='No error' Native error='',
7/23/2026 6:35:16 AM,Order,Order='f8a4eab865b64a78bf4addb6615bff7e/PA-APEX-422136-08' Name='Target1' New state='Submitted' Instrument='MES SEP26' Action='Buy to cover' Limit price=7473.75 Stop price=0 Quantity=8 Type='Limit' Time in force=GTC Oco='6c0e4e073d6d4fd8af415e36a746d78e' Filled=0 Fill price=0 Error='No error' Native error='',
7/23/2026 6:35:16 AM,Order,Order='73b076b0f2c64f60b4d4156c4bab634c/PA-APEX-422136-07' Name='Target1' New state='Submitted' Instrument='MES SEP26' Action='Buy to cover' Limit price=7473.75 Stop price=0 Quantity=8 Type='Limit' Time in force=GTC Oco='3dde263b4d264d9eb957a00713e6e317' Filled=0 Fill price=0 Error='No error' Native error='',
7/23/2026 6:35:16 AM,Order,Order='0416ae5a633b4129bdeb86b8e699fff2/PA-APEX-422136-08' Name='Stop1' New state='Submitted' Instrument='MES SEP26' Action='Buy to cover' Limit price=0 Stop price=7480.75 Quantity=8 Type='Stop Market' Time in force=GTC Oco='6c0e4e073d6d4fd8af415e36a746d78e' Filled=0 Fill price=0 Error='No error' Native error='',
7/23/2026 6:35:16 AM,Order,Order='3509325922f4475a8e1a1e9797de4f18/PA-APEX-422136-07' Name='Stop1' New state='Submitted' Instrument='MES SEP26' Action='Buy to cover' Limit price=0 Stop price=7480.75 Quantity=8 Type='Stop Market' Time in force=GTC Oco='3dde263b4d264d9eb957a00713e6e317' Filled=0 Fill price=0 Error='No error' Native error='',
7/23/2026 6:35:16 AM,Execution,Execution='1793330,
7/23/2026 6:35:16 AM,Position,Instrument='MES SEP26' Account='PA-APEX-422136-07' Average price=7475.75 Quantity=16 Market position=Short Operation=Operation_Add,
7/23/2026 6:35:16 AM,Execution,Execution='1786904,
7/23/2026 6:35:16 AM,Order,Order='2834270229/PA-APEX-422136-07' Name='Entry' New state='Filled' Instrument='MES SEP26' Action='Sell' Limit price=7475.75 Stop price=0 Quantity=16 Type='Limit' Time in force=GTC Oco='' Filled=16 Fill price=7475.75 Error='No error' Native error='',
7/23/2026 6:35:16 AM,Order,Order='2834270229/PA-APEX-422136-07' Name='Entry' New state='Accepted' Instrument='MES SEP26' Action='Sell' Limit price=7475.75 Stop price=0 Quantity=16 Type='Limit' Time in force=GTC Oco='' Filled=0 Fill price=0 Error='No error' Native error='',
7/23/2026 6:35:16 AM,Order,Order='2834270229/PA-APEX-422136-07' Name='Entry' New state='Working' Instrument='MES SEP26' Action='Sell' Limit price=7475.75 Stop price=0 Quantity=16 Type='Limit' Time in force=GTC Oco='' Filled=0 Fill price=0 Error='No error' Native error='',
7/23/2026 6:35:16 AM,Order,Order='2834267457/PA-APEX-422136-08' Name='Entry' New state='Filled' Instrument='MES SEP26' Action='Sell' Limit price=7475.75 Stop price=0 Quantity=16 Type='Limit' Time in force=GTC Oco='' Filled=16 Fill price=7475.75 Error='No error' Native error='',
7/23/2026 6:35:16 AM,Position,Instrument='MES SEP26' Account='PA-APEX-422136-08' Average price=7475.75 Quantity=16 Market position=Short Operation=Operation_Add,
7/23/2026 6:35:16 AM,Order,Order='2834267457/PA-APEX-422136-08' Name='Entry' New state='Accepted' Instrument='MES SEP26' Action='Sell' Limit price=7475.75 Stop price=0 Quantity=16 Type='Limit' Time in force=GTC Oco='' Filled=0 Fill price=0 Error='No error' Native error='',
7/23/2026 6:35:16 AM,Order,Order='2834267457/PA-APEX-422136-08' Name='Entry' New state='Working' Instrument='MES SEP26' Action='Sell' Limit price=7475.75 Stop price=0 Quantity=16 Type='Limit' Time in force=GTC Oco='' Filled=0 Fill price=0 Error='No error' Native error='',
7/23/2026 6:35:16 AM,Order,Auto chase price modification to '7475.75',
7/23/2026 6:35:16 AM,Order,Order='2834270229/PA-APEX-422136-07' Name='Entry' New state='Change submitted' Instrument='MES SEP26' Action='Sell' Limit price=7475.75 Stop price=0 Quantity=16 Type='Limit' Time in force=GTC Oco='' Filled=0 Fill price=0 Error='No error' Native error='',
7/23/2026 6:35:16 AM,Order,Order='2834267457/PA-APEX-422136-08' Name='Entry' New state='Change submitted' Instrument='MES SEP26' Action='Sell' Limit price=7475.75 Stop price=0 Quantity=16 Type='Limit' Time in force=GTC Oco='' Filled=0 Fill price=0 Error='No error' Native error='',
7/23/2026 6:35:16 AM,Order,Auto chase price modification to '7475.75',
7/23/2026 6:33:38 AM,Order,Order='2834270229/PA-APEX-422136-07' Name='Entry' New state='Working' Instrument='MES SEP26' Action='Sell' Limit price=7476 Stop price=0 Quantity=16 Type='Limit' Time in force=GTC Oco='' Filled=0 Fill price=0 Error='No error' Native error='',
7/23/2026 6:33:38 AM,Order,Order='2834270229/PA-APEX-422136-07' Name='Entry' New state='Accepted' Instrument='MES SEP26' Action='Sell' Limit price=7476 Stop price=0 Quantity=16 Type='Limit' Time in force=GTC Oco='' Filled=0 Fill price=0 Error='No error' Native error='',
7/23/2026 6:33:38 AM,Order,Order='80b329527fc4495f893db8e703f33b75/PA-APEX-422136-07' Name='Entry' New state='Submitted' Instrument='MES SEP26' Action='Sell' Limit price=7476 Stop price=0 Quantity=16 Type='Limit' Time in force=GTC Oco='' Filled=0 Fill price=0 Error='No error' Native error='',
7/23/2026 6:33:38 AM,Order,Chart Trader submitting order with strategy 'MES MIN SL5 - 6' (Ticks),
7/23/2026 6:33:20 AM,Order,Order='2834267457/PA-APEX-422136-08' Name='Entry' New state='Accepted' Instrument='MES SEP26' Action='Sell' Limit price=7476 Stop price=0 Quantity=16 Type='Limit' Time in force=GTC Oco='' Filled=0 Fill price=0 Error='No error' Native error='',
7/23/2026 6:33:20 AM,Order,Order='2834267457/PA-APEX-422136-08' Name='Entry' New state='Working' Instrument='MES SEP26' Action='Sell' Limit price=7476 Stop price=0 Quantity=16 Type='Limit' Time in force=GTC Oco='' Filled=0 Fill price=0 Error='No error' Native error='',
7/23/2026 6:33:20 AM,Order,Order='dae66c11f806480487723e2cbe4d664f/PA-APEX-422136-08' Name='Entry' New state='Submitted' Instrument='MES SEP26' Action='Sell' Limit price=7476 Stop price=0 Quantity=16 Type='Limit' Time in force=GTC Oco='' Filled=0 Fill price=0 Error='No error' Native error='',
7/23/2026 6:33:20 AM,Order,Chart Trader submitting order with strategy 'MES MIN SL5 - 5' (Ticks),
7/23/2026 6:33:14 AM,Order,Order='2834261742/PA-APEX-422136-08' Name='Entry' New state='Cancelled' Instrument='MES SEP26' Action='Sell' Limit price=7466 Stop price=0 Quantity=16 Type='Limit' Time in force=GTC Oco='' Filled=0 Fill price=0 Error='No error' Native error='',
7/23/2026 6:33:14 AM,Order,Order='2834261742/PA-APEX-422136-08' Name='Entry' New state='Cancel submitted' Instrument='MES SEP26' Action='Sell' Limit price=7466 Stop price=0 Quantity=16 Type='Limit' Time in force=GTC Oco='' Filled=0 Fill price=0 Error='No error' Native error='',
7/23/2026 6:33:14 AM,Order,Order='2834264505/PA-APEX-422136-07' Name='Entry' New state='Cancelled' Instrument='MES SEP26' Action='Sell' Limit price=7466 Stop price=0 Quantity=16 Type='Limit' Time in force=GTC Oco='' Filled=0 Fill price=0 Error='No error' Native error='',
7/23/2026 6:33:13 AM,Order,Order='2834264505/PA-APEX-422136-07' Name='Entry' New state='Cancel submitted' Instrument='MES SEP26' Action='Sell' Limit price=7466 Stop price=0 Quantity=16 Type='Limit' Time in force=GTC Oco='' Filled=0 Fill price=0 Error='No error' Native error='',
7/23/2026 6:33:00 AM,Order,Order='2834264505/PA-APEX-422136-07' Name='Entry' New state='Accepted' Instrument='MES SEP26' Action='Sell' Limit price=7466 Stop price=0 Quantity=16 Type='Limit' Time in force=GTC Oco='' Filled=0 Fill price=0 Error='No error' Native error='',
7/23/2026 6:33:00 AM,Order,Order='2834264505/PA-APEX-422136-07' Name='Entry' New state='Working' Instrument='MES SEP26' Action='Sell' Limit price=7466 Stop price=0 Quantity=16 Type='Limit' Time in force=GTC Oco='' Filled=0 Fill price=0 Error='No error' Native error='',
7/23/2026 6:33:00 AM,Order,Order='af67e2ce634e4211ae9aeacb2d088da0/PA-APEX-422136-07' Name='Entry' New state='Submitted' Instrument='MES SEP26' Action='Sell' Limit price=7466 Stop price=0 Quantity=16 Type='Limit' Time in force=GTC Oco='' Filled=0 Fill price=0 Error='No error' Native error='',
7/23/2026 6:33:00 AM,Order,Chart Trader submitting order with strategy 'MES MIN SL5 - 6' (Ticks),
7/23/2026 6:32:47 AM,Order,Order='2834261742/PA-APEX-422136-08' Name='Entry' New state='Accepted' Instrument='MES SEP26' Action='Sell' Limit price=7466 Stop price=0 Quantity=16 Type='Limit' Time in force=GTC Oco='' Filled=0 Fill price=0 Error='No error' Native error='',
7/23/2026 6:32:47 AM,Order,Order='2834261742/PA-APEX-422136-08' Name='Entry' New state='Working' Instrument='MES SEP26' Action='Sell' Limit price=7466 Stop price=0 Quantity=16 Type='Limit' Time in force=GTC Oco='' Filled=0 Fill price=0 Error='No error' Native error='',
7/23/2026 6:32:47 AM,Order,Order='2834261742/PA-APEX-422136-08' Name='Entry' New state='Change submitted' Instrument='MES SEP26' Action='Sell' Limit price=7466 Stop price=0 Quantity=16 Type='Limit' Time in force=GTC Oco='' Filled=0 Fill price=0 Error='No error' Native error='',
7/23/2026 6:32:47 AM,Order,Order='2834261742/PA-APEX-422136-08' Name='Entry' New state='Accepted' Instrument='MES SEP26' Action='Sell' Limit price=7466.25 Stop price=0 Quantity=16 Type='Limit' Time in force=GTC Oco='' Filled=0 Fill price=0 Error='No error' Native error='',
7/23/2026 6:32:47 AM,Order,Order='2834261742/PA-APEX-422136-08' Name='Entry' New state='Working' Instrument='MES SEP26' Action='Sell' Limit price=7466.25 Stop price=0 Quantity=16 Type='Limit' Time in force=GTC Oco='' Filled=0 Fill price=0 Error='No error' Native error='',
7/23/2026 6:32:47 AM,Order,Order='2834261742/PA-APEX-422136-08' Name='Entry' New state='Change submitted' Instrument='MES SEP26' Action='Sell' Limit price=7466.25 Stop price=0 Quantity=16 Type='Limit' Time in force=GTC Oco='' Filled=0 Fill price=0 Error='No error' Native error='',
7/23/2026 6:32:46 AM,Order,Order='2834261742/PA-APEX-422136-08' Name='Entry' New state='Accepted' Instrument='MES SEP26' Action='Sell' Limit price=7466.5 Stop price=0 Quantity=16 Type='Limit' Time in force=GTC Oco='' Filled=0 Fill price=0 Error='No error' Native error='',
7/23/2026 6:32:46 AM,Order,Order='2834261742/PA-APEX-422136-08' Name='Entry' New state='Working' Instrument='MES SEP26' Action='Sell' Limit price=7466.5 Stop price=0 Quantity=16 Type='Limit' Time in force=GTC Oco='' Filled=0 Fill price=0 Error='No error' Native error='',
7/23/2026 6:32:46 AM,Order,Order='2834261742/PA-APEX-422136-08' Name='Entry' New state='Change submitted' Instrument='MES SEP26' Action='Sell' Limit price=7466.5 Stop price=0 Quantity=16 Type='Limit' Time in force=GTC Oco='' Filled=0 Fill price=0 Error='No error' Native error='',
7/23/2026 6:32:46 AM,Order,Order='2834261742/PA-APEX-422136-08' Name='Entry' New state='Accepted' Instrument='MES SEP26' Action='Sell' Limit price=7466.75 Stop price=0 Quantity=16 Type='Limit' Time in force=GTC Oco='' Filled=0 Fill price=0 Error='No error' Native error='',
7/23/2026 6:32:46 AM,Order,Order='2834261742/PA-APEX-422136-08' Name='Entry' New state='Working' Instrument='MES SEP26' Action='Sell' Limit price=7466.75 Stop price=0 Quantity=16 Type='Limit' Time in force=GTC Oco='' Filled=0 Fill price=0 Error='No error' Native error='',
7/23/2026 6:32:45 AM,Order,Order='2834261742/PA-APEX-422136-08' Name='Entry' New state='Change submitted' Instrument='MES SEP26' Action='Sell' Limit price=7466.75 Stop price=0 Quantity=16 Type='Limit' Time in force=GTC Oco='' Filled=0 Fill price=0 Error='No error' Native error='',
7/23/2026 6:32:45 AM,Order,Order='2834261742/PA-APEX-422136-08' Name='Entry' New state='Accepted' Instrument='MES SEP26' Action='Sell' Limit price=7467 Stop price=0 Quantity=16 Type='Limit' Time in force=GTC Oco='' Filled=0 Fill price=0 Error='No error' Native error='',
7/23/2026 6:32:45 AM,Order,Order='2834261742/PA-APEX-422136-08' Name='Entry' New state='Working' Instrument='MES SEP26' Action='Sell' Limit price=7467 Stop price=0 Quantity=16 Type='Limit' Time in force=GTC Oco='' Filled=0 Fill price=0 Error='No error' Native error='',
7/23/2026 6:32:45 AM,Order,Order='2834261742/PA-APEX-422136-08' Name='Entry' New state='Change submitted' Instrument='MES SEP26' Action='Sell' Limit price=7467 Stop price=0 Quantity=16 Type='Limit' Time in force=GTC Oco='' Filled=0 Fill price=0 Error='No error' Native error='',
7/23/2026 6:32:43 AM,Order,Order='2834261742/PA-APEX-422136-08' Name='Entry' New state='Accepted' Instrument='MES SEP26' Action='Sell' Limit price=7467.25 Stop price=0 Quantity=16 Type='Limit' Time in force=GTC Oco='' Filled=0 Fill price=0 Error='No error' Native error='',
7/23/2026 6:32:43 AM,Order,Order='2834261742/PA-APEX-422136-08' Name='Entry' New state='Working' Instrument='MES SEP26' Action='Sell' Limit price=7467.25 Stop price=0 Quantity=16 Type='Limit' Time in force=GTC Oco='' Filled=0 Fill price=0 Error='No error' Native error='',
7/23/2026 6:32:43 AM,Order,Order='2834261742/PA-APEX-422136-08' Name='Entry' New state='Change submitted' Instrument='MES SEP26' Action='Sell' Limit price=7467.25 Stop price=0 Quantity=16 Type='Limit' Time in force=GTC Oco='' Filled=0 Fill price=0 Error='No error' Native error='',
7/23/2026 6:32:42 AM,Order,Order='2834261742/PA-APEX-422136-08' Name='Entry' New state='Working' Instrument='MES SEP26' Action='Sell' Limit price=7467.5 Stop price=0 Quantity=16 Type='Limit' Time in force=GTC Oco='' Filled=0 Fill price=0 Error='No error' Native error='',
7/23/2026 6:32:42 AM,Order,Order='2834261742/PA-APEX-422136-08' Name='Entry' New state='Accepted' Instrument='MES SEP26' Action='Sell' Limit price=7467.5 Stop price=0 Quantity=16 Type='Limit' Time in force=GTC Oco='' Filled=0 Fill price=0 Error='No error' Native error='',
7/23/2026 6:32:42 AM,Order,Order='2834261742/PA-APEX-422136-08' Name='Entry' New state='Change submitted' Instrument='MES SEP26' Action='Sell' Limit price=7467.5 Stop price=0 Quantity=16 Type='Limit' Time in force=GTC Oco='' Filled=0 Fill price=0 Error='No error' Native error='',
7/23/2026 6:32:40 AM,Order,Order='2834261742/PA-APEX-422136-08' Name='Entry' New state='Working' Instrument='MES SEP26' Action='Sell' Limit price=7467.75 Stop price=0 Quantity=16 Type='Limit' Time in force=GTC Oco='' Filled=0 Fill price=0 Error='No error' Native error='',
7/23/2026 6:32:40 AM,Order,Order='2834261742/PA-APEX-422136-08' Name='Entry' New state='Accepted' Instrument='MES SEP26' Action='Sell' Limit price=7467.75 Stop price=0 Quantity=16 Type='Limit' Time in force=GTC Oco='' Filled=0 Fill price=0 Error='No error' Native error='',
7/23/2026 6:32:40 AM,Order,Order='33d523b2e79d44369262e632fb53f146/PA-APEX-422136-08' Name='Entry' New state='Submitted' Instrument='MES SEP26' Action='Sell' Limit price=7467.75 Stop price=0 Quantity=16 Type='Limit' Time in force=GTC Oco='' Filled=0 Fill price=0 Error='No error' Native error='',
7/23/2026 6:32:39 AM,Order,Chart Trader submitting order with strategy 'MES MIN SL5 - 5' (Ticks),
7/23/2026 6:32:06 AM,Order,Order='2834253078/PA-APEX-422136-08' Name='Entry' New state='Working' Instrument='MES SEP26' Action='Buy' Limit price=7440 Stop price=0 Quantity=16 Type='Limit' Time in force=GTC Oco='' Filled=0 Fill price=0 Error='No error' Native error='',
7/23/2026 6:32:06 AM,Order,Order='2834253078/PA-APEX-422136-08' Name='Entry' New state='Accepted' Instrument='MES SEP26' Action='Buy' Limit price=7440 Stop price=0 Quantity=16 Type='Limit' Time in force=GTC Oco='' Filled=0 Fill price=0 Error='No error' Native error='',
7/23/2026 6:32:06 AM,Order,Order='2834253078/PA-APEX-422136-08' Name='Entry' New state='Change submitted' Instrument='MES SEP26' Action='Buy' Limit price=7440 Stop price=0 Quantity=16 Type='Limit' Time in force=GTC Oco='' Filled=0 Fill price=0 Error='No error' Native error='',
7/23/2026 6:32:02 AM,Order,Order='2834253078/PA-APEX-422136-08' Name='Entry' New state='Working' Instrument='MES SEP26' Action='Buy' Limit price=7440.25 Stop price=0 Quantity=16 Type='Limit' Time in force=GTC Oco='' Filled=0 Fill price=0 Error='No error' Native error='',
7/23/2026 6:32:02 AM,Order,Order='2834253078/PA-APEX-422136-08' Name='Entry' New state='Accepted' Instrument='MES SEP26' Action='Buy' Limit price=7440.25 Stop price=0 Quantity=16 Type='Limit' Time in force=GTC Oco='' Filled=0 Fill price=0 Error='No error' Native error='',
7/23/2026 6:32:02 AM,Order,Order='120edeae881a4338be4412e4bfb5005e/PA-APEX-422136-08' Name='Entry' New state='Submitted' Instrument='MES SEP26' Action='Buy' Limit price=7440.25 Stop price=0 Quantity=16 Type='Limit' Time in force=GTC Oco='' Filled=0 Fill price=0 Error='No error' Native error='',
7/23/2026 6:32:02 AM,Order,Chart Trader submitting order with strategy 'MES MIN SL5 - 4' (Ticks),
7/23/2026 6:28:26 AM,Order,Order='2834213934/PA-APEX-422136-07' Name='Entry' New state='Cancelled' Instrument='MES SEP26' Action='Sell' Limit price=7481 Stop price=0 Quantity=16 Type='Limit' Time in force=GTC Oco='' Filled=0 Fill price=0 Error='No error' Native error='',
7/23/2026 6:28:26 AM,Order,Order='2834213934/PA-APEX-422136-07' Name='Entry' New state='Cancel submitted' Instrument='MES SEP26' Action='Sell' Limit price=7481 Stop price=0 Quantity=16 Type='Limit' Time in force=GTC Oco='' Filled=0 Fill price=0 Error='No error' Native error='',
7/23/2026 6:28:03 AM,Order,Order='2834207171/PA-APEX-422136-08' Name='Entry' New state='Cancelled' Instrument='MES SEP26' Action='Sell' Limit price=7471 Stop price=0 Quantity=16 Type='Limit' Time in force=GTC Oco='' Filled=0 Fill price=0 Error='No error' Native error='',
7/23/2026 6:28:03 AM,Order,Order='2834207171/PA-APEX-422136-08' Name='Entry' New state='Cancel submitted' Instrument='MES SEP26' Action='Sell' Limit price=7471 Stop price=0 Quantity=16 Type='Limit' Time in force=GTC Oco='' Filled=0 Fill price=0 Error='No error' Native error='',
7/23/2026 6:22:49 AM,Order,Order='2834213371/PA-APEX-422136-08' Name='Entry' New state='Cancelled' Instrument='MES SEP26' Action='Sell' Limit price=7481 Stop price=0 Quantity=16 Type='Limit' Time in force=GTC Oco='' Filled=0 Fill price=0 Error='No error' Native error='',
7/23/2026 6:22:49 AM,Order,Order='2834213371/PA-APEX-422136-08' Name='Entry' New state='Cancel submitted' Instrument='MES SEP26' Action='Sell' Limit price=7481 Stop price=0 Quantity=16 Type='Limit' Time in force=GTC Oco='' Filled=0 Fill price=0 Error='No error' Native error='',
7/23/2026 6:21:58 AM,Order,Order='2834213934/PA-APEX-422136-07' Name='Entry' New state='Accepted' Instrument='MES SEP26' Action='Sell' Limit price=7481 Stop price=0 Quantity=16 Type='Limit' Time in force=GTC Oco='' Filled=0 Fill price=0 Error='No error' Native error='',
7/23/2026 6:21:58 AM,Order,Order='2834213934/PA-APEX-422136-07' Name='Entry' New state='Working' Instrument='MES SEP26' Action='Sell' Limit price=7481 Stop price=0 Quantity=16 Type='Limit' Time in force=GTC Oco='' Filled=0 Fill price=0 Error='No error' Native error='',
7/23/2026 6:21:58 AM,Order,Order='5a6757758b1d4bfb98a0112ae8021f0d/PA-APEX-422136-07' Name='Entry' New state='Submitted' Instrument='MES SEP26' Action='Sell' Limit price=7481 Stop price=0 Quantity=16 Type='Limit' Time in force=GTC Oco='' Filled=0 Fill price=0 Error='No error' Native error='',
7/23/2026 6:21:58 AM,Order,Chart Trader submitting order with strategy 'MES MIN SL5 - 8' (Ticks),
7/23/2026 6:21:37 AM,Order,Order='2834213371/PA-APEX-422136-08' Name='Entry' New state='Accepted' Instrument='MES SEP26' Action='Sell' Limit price=7481 Stop price=0 Quantity=16 Type='Limit' Time in force=GTC Oco='' Filled=0 Fill price=0 Error='No error' Native error='',
7/23/2026 6:21:37 AM,Order,Order='2834213371/PA-APEX-422136-08' Name='Entry' New state='Working' Instrument='MES SEP26' Action='Sell' Limit price=7481 Stop price=0 Quantity=16 Type='Limit' Time in force=GTC Oco='' Filled=0 Fill price=0 Error='No error' Native error='',
7/23/2026 6:21:37 AM,Order,Order='f62fcd3544164b9ab2bd0002ee315a3e/PA-APEX-422136-08' Name='Entry' New state='Submitted' Instrument='MES SEP26' Action='Sell' Limit price=7481 Stop price=0 Quantity=16 Type='Limit' Time in force=GTC Oco='' Filled=0 Fill price=0 Error='No error' Native error='',
7/23/2026 6:21:37 AM,Order,Chart Trader submitting order with strategy 'MES MIN SL5 - 7' (Ticks),
7/23/2026 6:20:56 AM,Order,Order='2834204254/PA-APEX-422136-08' Name='Entry' New state='Cancelled' Instrument='MES SEP26' Action='Buy' Limit price=7448 Stop price=0 Quantity=16 Type='Limit' Time in force=GTC Oco='' Filled=0 Fill price=0 Error='No error' Native error='',
7/23/2026 6:20:56 AM,Order,Order='2834204254/PA-APEX-422136-08' Name='Entry' New state='Cancel submitted' Instrument='MES SEP26' Action='Buy' Limit price=7448 Stop price=0 Quantity=16 Type='Limit' Time in force=GTC Oco='' Filled=0 Fill price=0 Error='No error' Native error='',
7/23/2026 6:20:55 AM,Order,Order='2834205612/PA-APEX-422136-07' Name='Entry' New state='Cancelled' Instrument='MES SEP26' Action='Buy' Limit price=7448 Stop price=0 Quantity=16 Type='Limit' Time in force=GTC Oco='' Filled=0 Fill price=0 Error='No error' Native error='',
7/23/2026 6:20:55 AM,Order,Order='2834205612/PA-APEX-422136-07' Name='Entry' New state='Cancel submitted' Instrument='MES SEP26' Action='Buy' Limit price=7448 Stop price=0 Quantity=16 Type='Limit' Time in force=GTC Oco='' Filled=0 Fill price=0 Error='No error' Native error='',
7/23/2026 6:17:58 AM,Order,Order='2834207171/PA-APEX-422136-08' Name='Entry' New state='Working' Instrument='MES SEP26' Action='Sell' Limit price=7471 Stop price=0 Quantity=16 Type='Limit' Time in force=GTC Oco='' Filled=0 Fill price=0 Error='No error' Native error='',
7/23/2026 6:17:58 AM,Order,Order='2834207171/PA-APEX-422136-08' Name='Entry' New state='Accepted' Instrument='MES SEP26' Action='Sell' Limit price=7471 Stop price=0 Quantity=16 Type='Limit' Time in force=GTC Oco='' Filled=0 Fill price=0 Error='No error' Native error='',
7/23/2026 6:17:58 AM,Order,Order='79d23b36df344a76a66f025e9eebf1d8/PA-APEX-422136-08' Name='Entry' New state='Submitted' Instrument='MES SEP26' Action='Sell' Limit price=7471 Stop price=0 Quantity=16 Type='Limit' Time in force=GTC Oco='' Filled=0 Fill price=0 Error='No error' Native error='',
7/23/2026 6:17:58 AM,Order,Chart Trader submitting order with strategy 'MES MIN SL5 - 6' (Ticks),
7/23/2026 6:17:25 AM,Order,Order='2834205612/PA-APEX-422136-07' Name='Entry' New state='Working' Instrument='MES SEP26' Action='Buy' Limit price=7448 Stop price=0 Quantity=16 Type='Limit' Time in force=GTC Oco='' Filled=0 Fill price=0 Error='No error' Native error='',
7/23/2026 6:17:25 AM,Order,Order='2834205612/PA-APEX-422136-07' Name='Entry' New state='Accepted' Instrument='MES SEP26' Action='Buy' Limit price=7448 Stop price=0 Quantity=16 Type='Limit' Time in force=GTC Oco='' Filled=0 Fill price=0 Error='No error' Native error='',
7/23/2026 6:17:25 AM,Order,Order='2834205612/PA-APEX-422136-07' Name='Entry' New state='Change submitted' Instrument='MES SEP26' Action='Buy' Limit price=7448 Stop price=0 Quantity=16 Type='Limit' Time in force=GTC Oco='' Filled=0 Fill price=0 Error='No error' Native error='',
7/23/2026 6:17:22 AM,Order,Order='2834205612/PA-APEX-422136-07' Name='Entry' New state='Working' Instrument='MES SEP26' Action='Buy' Limit price=7448.25 Stop price=0 Quantity=16 Type='Limit' Time in force=GTC Oco='' Filled=0 Fill price=0 Error='No error' Native error='',
7/23/2026 6:17:22 AM,Order,Order='2834205612/PA-APEX-422136-07' Name='Entry' New state='Accepted' Instrument='MES SEP26' Action='Buy' Limit price=7448.25 Stop price=0 Quantity=16 Type='Limit' Time in force=GTC Oco='' Filled=0 Fill price=0 Error='No error' Native error='',
7/23/2026 6:17:22 AM,Order,Order='9313eaadc3ca40a08eee710a7e56f7cd/PA-APEX-422136-07' Name='Entry' New state='Submitted' Instrument='MES SEP26' Action='Buy' Limit price=7448.25 Stop price=0 Quantity=16 Type='Limit' Time in force=GTC Oco='' Filled=0 Fill price=0 Error='No error' Native error='',
7/23/2026 6:17:22 AM,Order,Chart Trader submitting order with strategy 'MES MIN SL5 - 5' (Ticks),
7/23/2026 6:16:50 AM,Order,Order='2834154460/PA-APEX-422136-07' Name='Entry' New state='Cancelled' Instrument='MES SEP26' Action='Buy' Limit price=7448 Stop price=0 Quantity=16 Type='Limit' Time in force=GTC Oco='' Filled=0 Fill price=0 Error='No error' Native error='',
7/23/2026 6:16:50 AM,Order,Order='2834154460/PA-APEX-422136-07' Name='Entry' New state='Cancel submitted' Instrument='MES SEP26' Action='Buy' Limit price=7448 Stop price=0 Quantity=16 Type='Limit' Time in force=GTC Oco='' Filled=0 Fill price=0 Error='No error' Native error='',
7/23/2026 6:16:37 AM,Order,Order='2834204254/PA-APEX-422136-08' Name='Entry' New state='Accepted' Instrument='MES SEP26' Action='Buy' Limit price=7448 Stop price=0 Quantity=16 Type='Limit' Time in force=GTC Oco='' Filled=0 Fill price=0 Error='No error' Native error='',
7/23/2026 6:16:37 AM,Order,Order='2834204254/PA-APEX-422136-08' Name='Entry' New state='Working' Instrument='MES SEP26' Action='Buy' Limit price=7448 Stop price=0 Quantity=16 Type='Limit' Time in force=GTC Oco='' Filled=0 Fill price=0 Error='No error' Native error='',
7/23/2026 6:16:37 AM,Order,Order='98e8f8886d154887a74bda06b1e5b6a9/PA-APEX-422136-08' Name='Entry' New state='Submitted' Instrument='MES SEP26' Action='Buy' Limit price=7448 Stop price=0 Quantity=16 Type='Limit' Time in force=GTC Oco='' Filled=0 Fill price=0 Error='No error' Native error='',
7/23/2026 6:16:37 AM,Order,Chart Trader submitting order with strategy 'MES MIN SL5 - 4' (Ticks),
7/23/2026 6:15:59 AM,Order,Order='2834203486/PA-APEX-422136-08' Name='Entry' New state='Working' Instrument='MGC AUG26' Action='Buy' Limit price=4023 Stop price=0 Quantity=8 Type='Limit' Time in force=GTC Oco='' Filled=0 Fill price=0 Error='No error' Native error='',
7/23/2026 6:15:59 AM,Order,Order='2834203486/PA-APEX-422136-08' Name='Entry' New state='Accepted' Instrument='MGC AUG26' Action='Buy' Limit price=4023 Stop price=0 Quantity=8 Type='Limit' Time in force=GTC Oco='' Filled=0 Fill price=0 Error='No error' Native error='',
7/23/2026 6:15:59 AM,Order,Order='2834203486/PA-APEX-422136-08' Name='Entry' New state='Change submitted' Instrument='MGC AUG26' Action='Buy' Limit price=4023 Stop price=0 Quantity=8 Type='Limit' Time in force=GTC Oco='' Filled=0 Fill price=0 Error='No error' Native error='',
7/23/2026 6:15:54 AM,Order,Order='2834203486/PA-APEX-422136-08' Name='Entry' New state='Working' Instrument='MGC AUG26' Action='Buy' Limit price=4023.1000000000004 Stop price=0 Quantity=8 Type='Limit' Time in force=GTC Oco='' Filled=0 Fill price=0 Error='No error' Native error='',
7/23/2026 6:15:54 AM,Order,Order='2834203486/PA-APEX-422136-08' Name='Entry' New state='Accepted' Instrument='MGC AUG26' Action='Buy' Limit price=4023.1000000000004 Stop price=0 Quantity=8 Type='Limit' Time in force=GTC Oco='' Filled=0 Fill price=0 Error='No error' Native error='',
7/23/2026 6:15:54 AM,Order,Order='27b7bbd96f5946bba5dc827569b0c0fb/PA-APEX-422136-08' Name='Entry' New state='Submitted' Instrument='MGC AUG26' Action='Buy' Limit price=4023.1 Stop price=0 Quantity=8 Type='Limit' Time in force=GTC Oco='' Filled=0 Fill price=0 Error='No error' Native error='',
7/23/2026 6:15:54 AM,Order,Chart Trader submitting order with strategy 'MGC MIN SL5 - 3' (Ticks),
7/23/2026 6:15:25 AM,Order,Order='2834200559/PA-APEX-422136-07' Name='Entry' New state='Cancelled' Instrument='MGC AUG26' Action='Buy' Limit price=4038.2000000000003 Stop price=0 Quantity=6 Type='Limit' Time in force=GTC Oco='' Filled=0 Fill price=0 Error='No error' Native error='',
7/23/2026 6:15:25 AM,Order,Order='2834200559/PA-APEX-422136-07' Name='Entry' New state='Cancel submitted' Instrument='MGC AUG26' Action='Buy' Limit price=4038.2000000000003 Stop price=0 Quantity=6 Type='Limit' Time in force=GTC Oco='' Filled=0 Fill price=0 Error='No error' Native error='',
7/23/2026 6:15:25 AM,Order,Order='2834201242/PA-APEX-422136-08' Name='Entry' New state='Cancelled' Instrument='MGC AUG26' Action='Buy' Limit price=4038.2000000000003 Stop price=0 Quantity=6 Type='Limit' Time in force=GTC Oco='' Filled=0 Fill price=0 Error='No error' Native error='',
7/23/2026 6:15:25 AM,Order,Order='2834201242/PA-APEX-422136-08' Name='Entry' New state='Cancel submitted' Instrument='MGC AUG26' Action='Buy' Limit price=4038.2000000000003 Stop price=0 Quantity=6 Type='Limit' Time in force=GTC Oco='' Filled=0 Fill price=0 Error='No error' Native error='',
7/23/2026 6:14:25 AM,Order,Order='2834201242/PA-APEX-422136-08' Name='Entry' New state='Accepted' Instrument='MGC AUG26' Action='Buy' Limit price=4038.2000000000003 Stop price=0 Quantity=6 Type='Limit' Time in force=GTC Oco='' Filled=0 Fill price=0 Error='No error' Native error='',
7/23/2026 6:14:25 AM,Order,Order='2834201242/PA-APEX-422136-08' Name='Entry' New state='Working' Instrument='MGC AUG26' Action='Buy' Limit price=4038.2000000000003 Stop price=0 Quantity=6 Type='Limit' Time in force=GTC Oco='' Filled=0 Fill price=0 Error='No error' Native error='',
7/23/2026 6:14:25 AM,Order,Order='2834201242/PA-APEX-422136-08' Name='Entry' New state='Change submitted' Instrument='MGC AUG26' Action='Buy' Limit price=4038.2 Stop price=0 Quantity=6 Type='Limit' Time in force=GTC Oco='' Filled=0 Fill price=0 Error='No error' Native error='',
7/23/2026 6:14:24 AM,Order,Order='2834201242/PA-APEX-422136-08' Name='Entry' New state='Accepted' Instrument='MGC AUG26' Action='Buy' Limit price=4038.1000000000004 Stop price=0 Quantity=6 Type='Limit' Time in force=GTC Oco='' Filled=0 Fill price=0 Error='No error' Native error='',
7/23/2026 6:14:24 AM,Order,Order='2834201242/PA-APEX-422136-08' Name='Entry' New state='Working' Instrument='MGC AUG26' Action='Buy' Limit price=4038.1000000000004 Stop price=0 Quantity=6 Type='Limit' Time in force=GTC Oco='' Filled=0 Fill price=0 Error='No error' Native error='',
7/23/2026 6:14:24 AM,Order,Order='2834201242/PA-APEX-422136-08' Name='Entry' New state='Change submitted' Instrument='MGC AUG26' Action='Buy' Limit price=4038.1 Stop price=0 Quantity=6 Type='Limit' Time in force=GTC Oco='' Filled=0 Fill price=0 Error='No error' Native error='',
7/23/2026 6:14:24 AM,Order,Order='2834201242/PA-APEX-422136-08' Name='Entry' New state='Accepted' Instrument='MGC AUG26' Action='Buy' Limit price=4038 Stop price=0 Quantity=6 Type='Limit' Time in force=GTC Oco='' Filled=0 Fill price=0 Error='No error' Native error='',
7/23/2026 6:14:24 AM,Order,Order='2834201242/PA-APEX-422136-08' Name='Entry' New state='Working' Instrument='MGC AUG26' Action='Buy' Limit price=4038 Stop price=0 Quantity=6 Type='Limit' Time in force=GTC Oco='' Filled=0 Fill price=0 Error='No error' Native error='',
7/23/2026 6:14:24 AM,Order,Order='2834201242/PA-APEX-422136-08' Name='Entry' New state='Change submitted' Instrument='MGC AUG26' Action='Buy' Limit price=4038 Stop price=0 Quantity=6 Type='Limit' Time in force=GTC Oco='' Filled=0 Fill price=0 Error='No error' Native error='',
7/23/2026 6:14:19 AM,Order,Order='2834201242/PA-APEX-422136-08' Name='Entry' New state='Accepted' Instrument='MGC AUG26' Action='Buy' Limit price=4037.9 Stop price=0 Quantity=6 Type='Limit' Time in force=GTC Oco='' Filled=0 Fill price=0 Error='No error' Native error='',
7/23/2026 6:14:19 AM,Order,Order='2834201242/PA-APEX-422136-08' Name='Entry' New state='Working' Instrument='MGC AUG26' Action='Buy' Limit price=4037.9 Stop price=0 Quantity=6 Type='Limit' Time in force=GTC Oco='' Filled=0 Fill price=0 Error='No error' Native error='',
7/23/2026 6:14:19 AM,Order,Order='deff50ea7f8d4476b92d4e48d6c6e063/PA-APEX-422136-08' Name='Entry' New state='Submitted' Instrument='MGC AUG26' Action='Buy' Limit price=4037.9 Stop price=0 Quantity=6 Type='Limit' Time in force=GTC Oco='' Filled=0 Fill price=0 Error='No error' Native error='',
7/23/2026 6:14:19 AM,Order,Chart Trader submitting order with strategy 'MGC MIN SL6 - 7' (Ticks),
7/23/2026 6:14:10 AM,Order,Order='2834188978/PA-APEX-422136-08' Name='Entry' New state='Cancelled' Instrument='MGC AUG26' Action='Buy' Limit price=4038.2000000000003 Stop price=0 Quantity=8 Type='Limit' Time in force=GTC Oco='' Filled=0 Fill price=0 Error='No error' Native error='',
7/23/2026 6:14:09 AM,Order,Order='2834188978/PA-APEX-422136-08' Name='Entry' New state='Cancel submitted' Instrument='MGC AUG26' Action='Buy' Limit price=4038.2000000000003 Stop price=0 Quantity=8 Type='Limit' Time in force=GTC Oco='' Filled=0 Fill price=0 Error='No error' Native error='',
7/23/2026 6:14:04 AM,Order,Order='2834200559/PA-APEX-422136-07' Name='Entry' New state='Accepted' Instrument='MGC AUG26' Action='Buy' Limit price=4038.2000000000003 Stop price=0 Quantity=6 Type='Limit' Time in force=GTC Oco='' Filled=0 Fill price=0 Error='No error' Native error='',
7/23/2026 6:14:04 AM,Order,Order='2834200559/PA-APEX-422136-07' Name='Entry' New state='Working' Instrument='MGC AUG26' Action='Buy' Limit price=4038.2000000000003 Stop price=0 Quantity=6 Type='Limit' Time in force=GTC Oco='' Filled=0 Fill price=0 Error='No error' Native error='',
7/23/2026 6:14:04 AM,Order,Order='2834200559/PA-APEX-422136-07' Name='Entry' New state='Change submitted' Instrument='MGC AUG26' Action='Buy' Limit price=4038.2 Stop price=0 Quantity=6 Type='Limit' Time in force=GTC Oco='' Filled=0 Fill price=0 Error='No error' Native error='',
7/23/2026 6:14:03 AM,Order,Order='2834200559/PA-APEX-422136-07' Name='Entry' New state='Accepted' Instrument='MGC AUG26' Action='Buy' Limit price=4038.1000000000004 Stop price=0 Quantity=6 Type='Limit' Time in force=GTC Oco='' Filled=0 Fill price=0 Error='No error' Native error='',
7/23/2026 6:14:03 AM,Order,Order='2834200559/PA-APEX-422136-07' Name='Entry' New state='Working' Instrument='MGC AUG26' Action='Buy' Limit price=4038.1000000000004 Stop price=0 Quantity=6 Type='Limit' Time in force=GTC Oco='' Filled=0 Fill price=0 Error='No error' Native error='',
7/23/2026 6:14:03 AM,Order,Order='2834200559/PA-APEX-422136-07' Name='Entry' New state='Change submitted' Instrument='MGC AUG26' Action='Buy' Limit price=4038.1 Stop price=0 Quantity=6 Type='Limit' Time in force=GTC Oco='' Filled=0 Fill price=0 Error='No error' Native error='',
7/23/2026 6:14:02 AM,Order,Order='2834200559/PA-APEX-422136-07' Name='Entry' New state='Accepted' Instrument='MGC AUG26' Action='Buy' Limit price=4038 Stop price=0 Quantity=6 Type='Limit' Time in force=GTC Oco='' Filled=0 Fill price=0 Error='No error' Native error='',
7/23/2026 6:14:02 AM,Order,Order='2834200559/PA-APEX-422136-07' Name='Entry' New state='Working' Instrument='MGC AUG26' Action='Buy' Limit price=4038 Stop price=0 Quantity=6 Type='Limit' Time in force=GTC Oco='' Filled=0 Fill price=0 Error='No error' Native error='',
7/23/2026 6:14:02 AM,Order,Order='2834200559/PA-APEX-422136-07' Name='Entry' New state='Change submitted' Instrument='MGC AUG26' Action='Buy' Limit price=4038 Stop price=0 Quantity=6 Type='Limit' Time in force=GTC Oco='' Filled=0 Fill price=0 Error='No error' Native error='',
7/23/2026 6:14:00 AM,Order,Order='2834154349/PA-APEX-422136-08' Name='Entry' New state='Cancelled' Instrument='MES SEP26' Action='Buy' Limit price=7448 Stop price=0 Quantity=16 Type='Limit' Time in force=GTC Oco='' Filled=0 Fill price=0 Error='No error' Native error='',
7/23/2026 6:13:59 AM,Order,Order='2834154349/PA-APEX-422136-08' Name='Entry' New state='Cancel submitted' Instrument='MES SEP26' Action='Buy' Limit price=7448 Stop price=0 Quantity=16 Type='Limit' Time in force=GTC Oco='' Filled=0 Fill price=0 Error='No error' Native error='',
7/23/2026 6:13:58 AM,Order,Order='2834200559/PA-APEX-422136-07' Name='Entry' New state='Accepted' Instrument='MGC AUG26' Action='Buy' Limit price=4037.9 Stop price=0 Quantity=6 Type='Limit' Time in force=GTC Oco='' Filled=0 Fill price=0 Error='No error' Native error='',
7/23/2026 6:13:58 AM,Order,Order='2834200559/PA-APEX-422136-07' Name='Entry' New state='Working' Instrument='MGC AUG26' Action='Buy' Limit price=4037.9 Stop price=0 Quantity=6 Type='Limit' Time in force=GTC Oco='' Filled=0 Fill price=0 Error='No error' Native error='',
7/23/2026 6:13:58 AM,Order,Order='1e8c2dccc45e49358691f9007a19c762/PA-APEX-422136-07' Name='Entry' New state='Submitted' Instrument='MGC AUG26' Action='Buy' Limit price=4037.9 Stop price=0 Quantity=6 Type='Limit' Time in force=GTC Oco='' Filled=0 Fill price=0 Error='No error' Native error='',
7/23/2026 6:13:58 AM,Order,Chart Trader submitting order with strategy 'MGC MIN SL6 - 6' (Ticks),
7/23/2026 6:13:51 AM,Order,Order='2834190891/PA-APEX-422136-07' Name='Entry' New state='Cancelled' Instrument='MGC AUG26' Action='Buy' Limit price=4038.2000000000003 Stop price=0 Quantity=8 Type='Limit' Time in force=GTC Oco='' Filled=0 Fill price=0 Error='No error' Native error='',
7/23/2026 6:13:51 AM,Order,Order='2834190891/PA-APEX-422136-07' Name='Entry' New state='Cancel submitted' Instrument='MGC AUG26' Action='Buy' Limit price=4038.2000000000003 Stop price=0 Quantity=8 Type='Limit' Time in force=GTC Oco='' Filled=0 Fill price=0 Error='No error' Native error='',
7/23/2026 6:12:33 AM,Order,Order='2834157816/PA-APEX-422136-08' Name='Entry' New state='Cancelled' Instrument='MES SEP26' Action='Sell' Limit price=7481 Stop price=0 Quantity=16 Type='Limit' Time in force=GTC Oco='' Filled=0 Fill price=0 Error='No error' Native error='',
7/23/2026 6:12:33 AM,Order,Order='2834157816/PA-APEX-422136-08' Name='Entry' New state='Cancel submitted' Instrument='MES SEP26' Action='Sell' Limit price=7481 Stop price=0 Quantity=16 Type='Limit' Time in force=GTC Oco='' Filled=0 Fill price=0 Error='No error' Native error='',
7/23/2026 6:11:04 AM,Order,Order='2834190891/PA-APEX-422136-07' Name='Entry' New state='Accepted' Instrument='MGC AUG26' Action='Buy' Limit price=4038.2000000000003 Stop price=0 Quantity=8 Type='Limit' Time in force=GTC Oco='' Filled=0 Fill price=0 Error='No error' Native error='',
7/23/2026 6:11:04 AM,Order,Order='2834190891/PA-APEX-422136-07' Name='Entry' New state='Working' Instrument='MGC AUG26' Action='Buy' Limit price=4038.2000000000003 Stop price=0 Quantity=8 Type='Limit' Time in force=GTC Oco='' Filled=0 Fill price=0 Error='No error' Native error='',
7/23/2026 6:11:04 AM,Order,Order='2834190891/PA-APEX-422136-07' Name='Entry' New state='Change submitted' Instrument='MGC AUG26' Action='Buy' Limit price=4038.2 Stop price=0 Quantity=8 Type='Limit' Time in force=GTC Oco='' Filled=0 Fill price=0 Error='No error' Native error='',
7/23/2026 6:11:04 AM,Order,Order='2834190891/PA-APEX-422136-07' Name='Entry' New state='Accepted' Instrument='MGC AUG26' Action='Buy' Limit price=4038.1000000000004 Stop price=0 Quantity=8 Type='Limit' Time in force=GTC Oco='' Filled=0 Fill price=0 Error='No error' Native error='',
7/23/2026 6:11:04 AM,Order,Order='2834190891/PA-APEX-422136-07' Name='Entry' New state='Working' Instrument='MGC AUG26' Action='Buy' Limit price=4038.1000000000004 Stop price=0 Quantity=8 Type='Limit' Time in force=GTC Oco='' Filled=0 Fill price=0 Error='No error' Native error='',
7/23/2026 6:11:04 AM,Order,Order='2834190891/PA-APEX-422136-07' Name='Entry' New state='Change submitted' Instrument='MGC AUG26' Action='Buy' Limit price=4038.1 Stop price=0 Quantity=8 Type='Limit' Time in force=GTC Oco='' Filled=0 Fill price=0 Error='No error' Native error='',
7/23/2026 6:11:03 AM,Order,Order='2834190891/PA-APEX-422136-07' Name='Entry' New state='Working' Instrument='MGC AUG26' Action='Buy' Limit price=4038 Stop price=0 Quantity=8 Type='Limit' Time in force=GTC Oco='' Filled=0 Fill price=0 Error='No error' Native error='',
7/23/2026 6:11:03 AM,Order,Order='2834190891/PA-APEX-422136-07' Name='Entry' New state='Accepted' Instrument='MGC AUG26' Action='Buy' Limit price=4038 Stop price=0 Quantity=8 Type='Limit' Time in force=GTC Oco='' Filled=0 Fill price=0 Error='No error' Native error='',
7/23/2026 6:11:03 AM,Order,Order='2834190891/PA-APEX-422136-07' Name='Entry' New state='Change submitted' Instrument='MGC AUG26' Action='Buy' Limit price=4038 Stop price=0 Quantity=8 Type='Limit' Time in force=GTC Oco='' Filled=0 Fill price=0 Error='No error' Native error='',
7/23/2026 6:10:58 AM,Order,Order='2834190891/PA-APEX-422136-07' Name='Entry' New state='Working' Instrument='MGC AUG26' Action='Buy' Limit price=4037.9 Stop price=0 Quantity=8 Type='Limit' Time in force=GTC Oco='' Filled=0 Fill price=0 Error='No error' Native error='',
7/23/2026 6:10:58 AM,Order,Order='2834190891/PA-APEX-422136-07' Name='Entry' New state='Accepted' Instrument='MGC AUG26' Action='Buy' Limit price=4037.9 Stop price=0 Quantity=8 Type='Limit' Time in force=GTC Oco='' Filled=0 Fill price=0 Error='No error' Native error='',
7/23/2026 6:10:58 AM,Order,Order='50f338c6deb6427083392c11e74f6554/PA-APEX-422136-07' Name='Entry' New state='Submitted' Instrument='MGC AUG26' Action='Buy' Limit price=4037.9 Stop price=0 Quantity=8 Type='Limit' Time in force=GTC Oco='' Filled=0 Fill price=0 Error='No error' Native error='',
7/23/2026 6:10:58 AM,Order,Chart Trader submitting order with strategy 'MGC MIN SL5 - 6' (Ticks),
7/23/2026 6:10:20 AM,Order,Order='2834188978/PA-APEX-422136-08' Name='Entry' New state='Working' Instrument='MGC AUG26' Action='Buy' Limit price=4038.2000000000003 Stop price=0 Quantity=8 Type='Limit' Time in force=GTC Oco='' Filled=0 Fill price=0 Error='No error' Native error='',
7/23/2026 6:10:20 AM,Order,Order='2834188978/PA-APEX-422136-08' Name='Entry' New state='Accepted' Instrument='MGC AUG26' Action='Buy' Limit price=4038.2000000000003 Stop price=0 Quantity=8 Type='Limit' Time in force=GTC Oco='' Filled=0 Fill price=0 Error='No error' Native error='',
7/23/2026 6:10:20 AM,Order,Order='8fd3ec719a6245eda496fcf090d624c2/PA-APEX-422136-08' Name='Entry' New state='Submitted' Instrument='MGC AUG26' Action='Buy' Limit price=4038.2 Stop price=0 Quantity=8 Type='Limit' Time in force=GTC Oco='' Filled=0 Fill price=0 Error='No error' Native error='',
