Time,Category,Message,
7/16/2026 8:18:08 PM,Position,Instrument='MES SEP26' Account='Sim102' Average price=0 Quantity=0 Market position=Flat Operation=Remove,
7/16/2026 8:18:08 PM,Execution,Execution='fa80410f647449d0a4d0001715c6ac9b' Instrument='MES SEP26' Account='Sim102' Exchange=Default Price=7536.25 Quantity=12 Market position=Long Operation=Operation_Add Order='0da8774a1e1645368e13058e9e809716' Time='7/16/2026 8:18 PM',
7/16/2026 8:18:08 PM,Order,Order='0da8774a1e1645368e13058e9e809716/Sim102' Name='Close' New state='Filled' Instrument='MES SEP26' Action='Buy to cover' Limit price=0 Stop price=0 Quantity=12 Type='Market' Time in force=DAY Oco='' Filled=12 Fill price=7536.25 Error='No error' Native error='',
7/16/2026 8:18:07 PM,Order,Order='0da8774a1e1645368e13058e9e809716/Sim102' Name='Close' New state='Working' Instrument='MES SEP26' Action='Buy to cover' Limit price=0 Stop price=0 Quantity=12 Type='Market' Time in force=DAY Oco='' Filled=0 Fill price=0 Error='No error' Native error='',
7/16/2026 8:18:07 PM,Order,Order='0da8774a1e1645368e13058e9e809716/Sim102' Name='Close' New state='Accepted' Instrument='MES SEP26' Action='Buy to cover' Limit price=0 Stop price=0 Quantity=12 Type='Market' Time in force=DAY Oco='' Filled=0 Fill price=0 Error='No error' Native error='',
7/16/2026 8:18:07 PM,Order,Order='0da8774a1e1645368e13058e9e809716/Sim102' Name='Close' New state='Submitted' Instrument='MES SEP26' Action='Buy to cover' Limit price=0 Stop price=0 Quantity=12 Type='Market' Time in force=DAY Oco='' Filled=0 Fill price=0 Error='No error' Native error='',
7/16/2026 8:18:07 PM,Order,Order='1651d426024c4349b7b7408c0fd000b0/Sim102' Name='Target3' New state='Cancelled' Instrument='MES SEP26' Action='Buy to cover' Limit price=7532.5 Stop price=0 Quantity=1 Type='Limit' Time in force=GTC Oco='4940c26f671142fa99187c7871513b85' Filled=0 Fill price=0 Error='No error' Native error='',
7/16/2026 8:18:07 PM,Order,Order='fea8a1bbf2b04c3f9d3e1f8f6ac52f2e/Sim102' Name='Stop3' New state='Cancelled' Instrument='MES SEP26' Action='Buy to cover' Limit price=0 Stop price=7539.5 Quantity=1 Type='Stop Market' Time in force=GTC Oco='4940c26f671142fa99187c7871513b85' Filled=0 Fill price=0 Error='No error' Native error='',
7/16/2026 8:18:07 PM,Order,Order='fe88cccc02a542a39264cff0cd904ed5/Sim102' Name='Stop4' New state='Cancelled' Instrument='MES SEP26' Action='Buy to cover' Limit price=0 Stop price=7539.5 Quantity=1 Type='Stop Market' Time in force=GTC Oco='5cb8da4fdf00467d99b902e868f9801a' Filled=0 Fill price=0 Error='No error' Native error='',
7/16/2026 8:18:07 PM,Order,Order='0b37230c65dc42c9a1282df3d1e4cf18/Sim102' Name='Stop2' New state='Cancelled' Instrument='MES SEP26' Action='Buy to cover' Limit price=0 Stop price=7539.5 Quantity=1 Type='Stop Market' Time in force=GTC Oco='0cc0aa56291f4a06b3f79718ff87871a' Filled=0 Fill price=0 Error='No error' Native error='',
7/16/2026 8:18:07 PM,Order,Order='1a8e11f5a73d4fbb90366cc452f45ae7/Sim102' Name='Stop1' New state='Cancelled' Instrument='MES SEP26' Action='Buy to cover' Limit price=0 Stop price=7539.5 Quantity=9 Type='Stop Market' Time in force=GTC Oco='969499ccda954c58bfad4fa2729de81b' Filled=0 Fill price=0 Error='No error' Native error='',
7/16/2026 8:18:07 PM,Order,Order='f8e8da8f782d45d5b778192f04da93ed/Sim102' Name='Target4' New state='Cancelled' Instrument='MES SEP26' Action='Buy to cover' Limit price=7531.5 Stop price=0 Quantity=1 Type='Limit' Time in force=GTC Oco='5cb8da4fdf00467d99b902e868f9801a' Filled=0 Fill price=0 Error='No error' Native error='',
7/16/2026 8:18:07 PM,Order,Order='7727b314397742c9bffdd61909b7439d/Sim102' Name='Target2' New state='Cancelled' Instrument='MES SEP26' Action='Buy to cover' Limit price=7533.5 Stop price=0 Quantity=1 Type='Limit' Time in force=GTC Oco='0cc0aa56291f4a06b3f79718ff87871a' Filled=0 Fill price=0 Error='No error' Native error='',
7/16/2026 8:18:07 PM,Order,Order='5a511152a1fb493180737f74df5b37dd/Sim102' Name='Target1' New state='Cancelled' Instrument='MES SEP26' Action='Buy to cover' Limit price=7534.5 Stop price=0 Quantity=9 Type='Limit' Time in force=GTC Oco='969499ccda954c58bfad4fa2729de81b' Filled=0 Fill price=0 Error='No error' Native error='',
7/16/2026 8:18:07 PM,Order,Order='fe88cccc02a542a39264cff0cd904ed5/Sim102' Name='Stop4' New state='Cancel submitted' Instrument='MES SEP26' Action='Buy to cover' Limit price=0 Stop price=7539.5 Quantity=1 Type='Stop Market' Time in force=GTC Oco='5cb8da4fdf00467d99b902e868f9801a' Filled=0 Fill price=0 Error='No error' Native error='',
7/16/2026 8:18:07 PM,Order,Order='fea8a1bbf2b04c3f9d3e1f8f6ac52f2e/Sim102' Name='Stop3' New state='Cancel submitted' Instrument='MES SEP26' Action='Buy to cover' Limit price=0 Stop price=7539.5 Quantity=1 Type='Stop Market' Time in force=GTC Oco='4940c26f671142fa99187c7871513b85' Filled=0 Fill price=0 Error='No error' Native error='',
7/16/2026 8:18:07 PM,Order,Order='0b37230c65dc42c9a1282df3d1e4cf18/Sim102' Name='Stop2' New state='Cancel submitted' Instrument='MES SEP26' Action='Buy to cover' Limit price=0 Stop price=7539.5 Quantity=1 Type='Stop Market' Time in force=GTC Oco='0cc0aa56291f4a06b3f79718ff87871a' Filled=0 Fill price=0 Error='No error' Native error='',
7/16/2026 8:18:07 PM,Order,Order='1a8e11f5a73d4fbb90366cc452f45ae7/Sim102' Name='Stop1' New state='Cancel submitted' Instrument='MES SEP26' Action='Buy to cover' Limit price=0 Stop price=7539.5 Quantity=9 Type='Stop Market' Time in force=GTC Oco='969499ccda954c58bfad4fa2729de81b' Filled=0 Fill price=0 Error='No error' Native error='',
7/16/2026 8:18:07 PM,Order,Order='f8e8da8f782d45d5b778192f04da93ed/Sim102' Name='Target4' New state='Cancel submitted' Instrument='MES SEP26' Action='Buy to cover' Limit price=7531.5 Stop price=0 Quantity=1 Type='Limit' Time in force=GTC Oco='5cb8da4fdf00467d99b902e868f9801a' Filled=0 Fill price=0 Error='No error' Native error='',
7/16/2026 8:18:07 PM,Order,Order='1651d426024c4349b7b7408c0fd000b0/Sim102' Name='Target3' New state='Cancel submitted' Instrument='MES SEP26' Action='Buy to cover' Limit price=7532.5 Stop price=0 Quantity=1 Type='Limit' Time in force=GTC Oco='4940c26f671142fa99187c7871513b85' Filled=0 Fill price=0 Error='No error' Native error='',
7/16/2026 8:18:07 PM,Order,Order='7727b314397742c9bffdd61909b7439d/Sim102' Name='Target2' New state='Cancel submitted' Instrument='MES SEP26' Action='Buy to cover' Limit price=7533.5 Stop price=0 Quantity=1 Type='Limit' Time in force=GTC Oco='0cc0aa56291f4a06b3f79718ff87871a' Filled=0 Fill price=0 Error='No error' Native error='',
7/16/2026 8:18:07 PM,Order,Order='5a511152a1fb493180737f74df5b37dd/Sim102' Name='Target1' New state='Cancel submitted' Instrument='MES SEP26' Action='Buy to cover' Limit price=7534.5 Stop price=0 Quantity=9 Type='Limit' Time in force=GTC Oco='969499ccda954c58bfad4fa2729de81b' Filled=0 Fill price=0 Error='No error' Native error='',
7/16/2026 8:18:07 PM,Default,Chart Trader close position,
7/16/2026 8:18:03 PM,Position,Instrument='MES SEP26' Account='Sim101' Average price=0 Quantity=0 Market position=Flat Operation=Remove,
7/16/2026 8:18:03 PM,Execution,Execution='f90e6aa625c8427cae63489e902f3fc3' Instrument='MES SEP26' Account='Sim101' Exchange=Default Price=7535.75 Quantity=12 Market position=Short Operation=Operation_Add Order='72704bd93d9d478b944a45704898abc2' Time='7/16/2026 8:18 PM',
7/16/2026 8:18:03 PM,Order,Order='72704bd93d9d478b944a45704898abc2/Sim101' Name='Close' New state='Filled' Instrument='MES SEP26' Action='Sell' Limit price=0 Stop price=0 Quantity=12 Type='Market' Time in force=DAY Oco='' Filled=12 Fill price=7535.75 Error='No error' Native error='',
7/16/2026 8:18:03 PM,Order,Order='72704bd93d9d478b944a45704898abc2/Sim101' Name='Close' New state='Working' Instrument='MES SEP26' Action='Sell' Limit price=0 Stop price=0 Quantity=12 Type='Market' Time in force=DAY Oco='' Filled=0 Fill price=0 Error='No error' Native error='',
7/16/2026 8:18:03 PM,Order,Order='72704bd93d9d478b944a45704898abc2/Sim101' Name='Close' New state='Accepted' Instrument='MES SEP26' Action='Sell' Limit price=0 Stop price=0 Quantity=12 Type='Market' Time in force=DAY Oco='' Filled=0 Fill price=0 Error='No error' Native error='',
7/16/2026 8:18:03 PM,Order,Order='72704bd93d9d478b944a45704898abc2/Sim101' Name='Close' New state='Submitted' Instrument='MES SEP26' Action='Sell' Limit price=0 Stop price=0 Quantity=12 Type='Market' Time in force=DAY Oco='' Filled=0 Fill price=0 Error='No error' Native error='',
7/16/2026 8:18:03 PM,Order,Order='bf430cffb82b48fa9e66f16a897ca5cd/Sim101' Name='Target2' New state='Cancelled' Instrument='MES SEP26' Action='Sell' Limit price=7537.75 Stop price=0 Quantity=1 Type='Limit' Time in force=GTC Oco='7dba5c39391a49248c0816dc31edcdb9' Filled=0 Fill price=0 Error='No error' Native error='',
7/16/2026 8:18:03 PM,Order,Order='c8d13f92944747ceae0814a589acf880/Sim101' Name='Stop3' New state='Cancelled' Instrument='MES SEP26' Action='Sell' Limit price=0 Stop price=7531.75 Quantity=1 Type='Stop Market' Time in force=GTC Oco='c3cfff2329f243aa84de225491d45086' Filled=0 Fill price=0 Error='No error' Native error='',
7/16/2026 8:18:03 PM,Order,Order='331309bbe55c4d1c8482c33bf946293e/Sim101' Name='Stop1' New state='Cancelled' Instrument='MES SEP26' Action='Sell' Limit price=0 Stop price=7531.75 Quantity=9 Type='Stop Market' Time in force=GTC Oco='6325ef9e1a1f4611b8063cfa26cf9a19' Filled=0 Fill price=0 Error='No error' Native error='',
7/16/2026 8:18:03 PM,Order,Order='6fa49cd27e0f495593d05d521f96763e/Sim101' Name='Target4' New state='Cancelled' Instrument='MES SEP26' Action='Sell' Limit price=7539.75 Stop price=0 Quantity=1 Type='Limit' Time in force=GTC Oco='5974ab9585c54a879d67e177456ed67d' Filled=0 Fill price=0 Error='No error' Native error='',
7/16/2026 8:18:03 PM,Order,Order='d0e69d7448904943b0706efb329fd99b/Sim101' Name='Stop2' New state='Cancelled' Instrument='MES SEP26' Action='Sell' Limit price=0 Stop price=7531.75 Quantity=1 Type='Stop Market' Time in force=GTC Oco='7dba5c39391a49248c0816dc31edcdb9' Filled=0 Fill price=0 Error='No error' Native error='',
7/16/2026 8:18:03 PM,Order,Order='2f898493b5784faea4fa13fad6428134/Sim101' Name='Stop4' New state='Cancelled' Instrument='MES SEP26' Action='Sell' Limit price=0 Stop price=7531.75 Quantity=1 Type='Stop Market' Time in force=GTC Oco='5974ab9585c54a879d67e177456ed67d' Filled=0 Fill price=0 Error='No error' Native error='',
7/16/2026 8:18:03 PM,Order,Order='67f1ca8bb8d142a6b0803411fdb93769/Sim101' Name='Target3' New state='Cancelled' Instrument='MES SEP26' Action='Sell' Limit price=7538.75 Stop price=0 Quantity=1 Type='Limit' Time in force=GTC Oco='c3cfff2329f243aa84de225491d45086' Filled=0 Fill price=0 Error='No error' Native error='',
7/16/2026 8:18:03 PM,Order,Order='7b43c27dc02748188a749711210a6f85/Sim101' Name='Target1' New state='Cancelled' Instrument='MES SEP26' Action='Sell' Limit price=7536.75 Stop price=0 Quantity=9 Type='Limit' Time in force=GTC Oco='6325ef9e1a1f4611b8063cfa26cf9a19' Filled=0 Fill price=0 Error='No error' Native error='',
7/16/2026 8:18:03 PM,Order,Order='2f898493b5784faea4fa13fad6428134/Sim101' Name='Stop4' New state='Cancel submitted' Instrument='MES SEP26' Action='Sell' Limit price=0 Stop price=7531.75 Quantity=1 Type='Stop Market' Time in force=GTC Oco='5974ab9585c54a879d67e177456ed67d' Filled=0 Fill price=0 Error='No error' Native error='',
7/16/2026 8:18:03 PM,Order,Order='c8d13f92944747ceae0814a589acf880/Sim101' Name='Stop3' New state='Cancel submitted' Instrument='MES SEP26' Action='Sell' Limit price=0 Stop price=7531.75 Quantity=1 Type='Stop Market' Time in force=GTC Oco='c3cfff2329f243aa84de225491d45086' Filled=0 Fill price=0 Error='No error' Native error='',
7/16/2026 8:18:03 PM,Order,Order='d0e69d7448904943b0706efb329fd99b/Sim101' Name='Stop2' New state='Cancel submitted' Instrument='MES SEP26' Action='Sell' Limit price=0 Stop price=7531.75 Quantity=1 Type='Stop Market' Time in force=GTC Oco='7dba5c39391a49248c0816dc31edcdb9' Filled=0 Fill price=0 Error='No error' Native error='',
7/16/2026 8:18:03 PM,Order,Order='331309bbe55c4d1c8482c33bf946293e/Sim101' Name='Stop1' New state='Cancel submitted' Instrument='MES SEP26' Action='Sell' Limit price=0 Stop price=7531.75 Quantity=9 Type='Stop Market' Time in force=GTC Oco='6325ef9e1a1f4611b8063cfa26cf9a19' Filled=0 Fill price=0 Error='No error' Native error='',
7/16/2026 8:18:03 PM,Order,Order='6fa49cd27e0f495593d05d521f96763e/Sim101' Name='Target4' New state='Cancel submitted' Instrument='MES SEP26' Action='Sell' Limit price=7539.75 Stop price=0 Quantity=1 Type='Limit' Time in force=GTC Oco='5974ab9585c54a879d67e177456ed67d' Filled=0 Fill price=0 Error='No error' Native error='',
7/16/2026 8:18:03 PM,Order,Order='67f1ca8bb8d142a6b0803411fdb93769/Sim101' Name='Target3' New state='Cancel submitted' Instrument='MES SEP26' Action='Sell' Limit price=7538.75 Stop price=0 Quantity=1 Type='Limit' Time in force=GTC Oco='c3cfff2329f243aa84de225491d45086' Filled=0 Fill price=0 Error='No error' Native error='',
7/16/2026 8:18:03 PM,Order,Order='bf430cffb82b48fa9e66f16a897ca5cd/Sim101' Name='Target2' New state='Cancel submitted' Instrument='MES SEP26' Action='Sell' Limit price=7537.75 Stop price=0 Quantity=1 Type='Limit' Time in force=GTC Oco='7dba5c39391a49248c0816dc31edcdb9' Filled=0 Fill price=0 Error='No error' Native error='',
7/16/2026 8:18:03 PM,Order,Order='7b43c27dc02748188a749711210a6f85/Sim101' Name='Target1' New state='Cancel submitted' Instrument='MES SEP26' Action='Sell' Limit price=7536.75 Stop price=0 Quantity=9 Type='Limit' Time in force=GTC Oco='6325ef9e1a1f4611b8063cfa26cf9a19' Filled=0 Fill price=0 Error='No error' Native error='',
7/16/2026 8:18:03 PM,Default,Chart Trader close position,
7/16/2026 8:16:28 PM,Order,Order='f8e8da8f782d45d5b778192f04da93ed/Sim102' Name='Target4' New state='Working' Instrument='MES SEP26' Action='Buy to cover' Limit price=7531.5 Stop price=0 Quantity=1 Type='Limit' Time in force=GTC Oco='5cb8da4fdf00467d99b902e868f9801a' Filled=0 Fill price=0 Error='No error' Native error='',
7/16/2026 8:16:28 PM,Order,Order='f8e8da8f782d45d5b778192f04da93ed/Sim102' Name='Target4' New state='Accepted' Instrument='MES SEP26' Action='Buy to cover' Limit price=7531.5 Stop price=0 Quantity=1 Type='Limit' Time in force=GTC Oco='5cb8da4fdf00467d99b902e868f9801a' Filled=0 Fill price=0 Error='No error' Native error='',
7/16/2026 8:16:28 PM,Order,Order='fe88cccc02a542a39264cff0cd904ed5/Sim102' Name='Stop4' New state='Accepted' Instrument='MES SEP26' Action='Buy to cover' Limit price=0 Stop price=7539.5 Quantity=1 Type='Stop Market' Time in force=GTC Oco='5cb8da4fdf00467d99b902e868f9801a' Filled=0 Fill price=0 Error='No error' Native error='',
7/16/2026 8:16:28 PM,Order,Order='1651d426024c4349b7b7408c0fd000b0/Sim102' Name='Target3' New state='Accepted' Instrument='MES SEP26' Action='Buy to cover' Limit price=7532.5 Stop price=0 Quantity=1 Type='Limit' Time in force=GTC Oco='4940c26f671142fa99187c7871513b85' Filled=0 Fill price=0 Error='No error' Native error='',
7/16/2026 8:16:28 PM,Order,Order='1651d426024c4349b7b7408c0fd000b0/Sim102' Name='Target3' New state='Working' Instrument='MES SEP26' Action='Buy to cover' Limit price=7532.5 Stop price=0 Quantity=1 Type='Limit' Time in force=GTC Oco='4940c26f671142fa99187c7871513b85' Filled=0 Fill price=0 Error='No error' Native error='',
7/16/2026 8:16:28 PM,Order,Order='fea8a1bbf2b04c3f9d3e1f8f6ac52f2e/Sim102' Name='Stop3' New state='Accepted' Instrument='MES SEP26' Action='Buy to cover' Limit price=0 Stop price=7539.5 Quantity=1 Type='Stop Market' Time in force=GTC Oco='4940c26f671142fa99187c7871513b85' Filled=0 Fill price=0 Error='No error' Native error='',
7/16/2026 8:16:28 PM,Order,Order='7727b314397742c9bffdd61909b7439d/Sim102' Name='Target2' New state='Working' Instrument='MES SEP26' Action='Buy to cover' Limit price=7533.5 Stop price=0 Quantity=1 Type='Limit' Time in force=GTC Oco='0cc0aa56291f4a06b3f79718ff87871a' Filled=0 Fill price=0 Error='No error' Native error='',
7/16/2026 8:16:28 PM,Order,Order='7727b314397742c9bffdd61909b7439d/Sim102' Name='Target2' New state='Accepted' Instrument='MES SEP26' Action='Buy to cover' Limit price=7533.5 Stop price=0 Quantity=1 Type='Limit' Time in force=GTC Oco='0cc0aa56291f4a06b3f79718ff87871a' Filled=0 Fill price=0 Error='No error' Native error='',
7/16/2026 8:16:28 PM,Order,Order='0b37230c65dc42c9a1282df3d1e4cf18/Sim102' Name='Stop2' New state='Accepted' Instrument='MES SEP26' Action='Buy to cover' Limit price=0 Stop price=7539.5 Quantity=1 Type='Stop Market' Time in force=GTC Oco='0cc0aa56291f4a06b3f79718ff87871a' Filled=0 Fill price=0 Error='No error' Native error='',
7/16/2026 8:16:28 PM,Order,Order='5a511152a1fb493180737f74df5b37dd/Sim102' Name='Target1' New state='Working' Instrument='MES SEP26' Action='Buy to cover' Limit price=7534.5 Stop price=0 Quantity=9 Type='Limit' Time in force=GTC Oco='969499ccda954c58bfad4fa2729de81b' Filled=0 Fill price=0 Error='No error' Native error='',
7/16/2026 8:16:28 PM,Order,Order='5a511152a1fb493180737f74df5b37dd/Sim102' Name='Target1' New state='Accepted' Instrument='MES SEP26' Action='Buy to cover' Limit price=7534.5 Stop price=0 Quantity=9 Type='Limit' Time in force=GTC Oco='969499ccda954c58bfad4fa2729de81b' Filled=0 Fill price=0 Error='No error' Native error='',
7/16/2026 8:16:28 PM,Order,Order='1a8e11f5a73d4fbb90366cc452f45ae7/Sim102' Name='Stop1' New state='Accepted' Instrument='MES SEP26' Action='Buy to cover' Limit price=0 Stop price=7539.5 Quantity=9 Type='Stop Market' Time in force=GTC Oco='969499ccda954c58bfad4fa2729de81b' Filled=0 Fill price=0 Error='No error' Native error='',
7/16/2026 8:16:27 PM,Order,Order='f8e8da8f782d45d5b778192f04da93ed/Sim102' Name='Target4' New state='Submitted' Instrument='MES SEP26' Action='Buy to cover' Limit price=7531.5 Stop price=0 Quantity=1 Type='Limit' Time in force=GTC Oco='5cb8da4fdf00467d99b902e868f9801a' Filled=0 Fill price=0 Error='No error' Native error='',
7/16/2026 8:16:27 PM,Order,Order='fe88cccc02a542a39264cff0cd904ed5/Sim102' Name='Stop4' New state='Submitted' Instrument='MES SEP26' Action='Buy to cover' Limit price=0 Stop price=7539.5 Quantity=1 Type='Stop Market' Time in force=GTC Oco='5cb8da4fdf00467d99b902e868f9801a' Filled=0 Fill price=0 Error='No error' Native error='',
7/16/2026 8:16:27 PM,Order,Order='1651d426024c4349b7b7408c0fd000b0/Sim102' Name='Target3' New state='Submitted' Instrument='MES SEP26' Action='Buy to cover' Limit price=7532.5 Stop price=0 Quantity=1 Type='Limit' Time in force=GTC Oco='4940c26f671142fa99187c7871513b85' Filled=0 Fill price=0 Error='No error' Native error='',
7/16/2026 8:16:27 PM,Order,Order='fea8a1bbf2b04c3f9d3e1f8f6ac52f2e/Sim102' Name='Stop3' New state='Submitted' Instrument='MES SEP26' Action='Buy to cover' Limit price=0 Stop price=7539.5 Quantity=1 Type='Stop Market' Time in force=GTC Oco='4940c26f671142fa99187c7871513b85' Filled=0 Fill price=0 Error='No error' Native error='',
7/16/2026 8:16:27 PM,Order,Order='7727b314397742c9bffdd61909b7439d/Sim102' Name='Target2' New state='Submitted' Instrument='MES SEP26' Action='Buy to cover' Limit price=7533.5 Stop price=0 Quantity=1 Type='Limit' Time in force=GTC Oco='0cc0aa56291f4a06b3f79718ff87871a' Filled=0 Fill price=0 Error='No error' Native error='',
7/16/2026 8:16:27 PM,Order,Order='0b37230c65dc42c9a1282df3d1e4cf18/Sim102' Name='Stop2' New state='Submitted' Instrument='MES SEP26' Action='Buy to cover' Limit price=0 Stop price=7539.5 Quantity=1 Type='Stop Market' Time in force=GTC Oco='0cc0aa56291f4a06b3f79718ff87871a' Filled=0 Fill price=0 Error='No error' Native error='',
7/16/2026 8:16:27 PM,Order,Order='5a511152a1fb493180737f74df5b37dd/Sim102' Name='Target1' New state='Submitted' Instrument='MES SEP26' Action='Buy to cover' Limit price=7534.5 Stop price=0 Quantity=9 Type='Limit' Time in force=GTC Oco='969499ccda954c58bfad4fa2729de81b' Filled=0 Fill price=0 Error='No error' Native error='',
7/16/2026 8:16:27 PM,Order,Order='1a8e11f5a73d4fbb90366cc452f45ae7/Sim102' Name='Stop1' New state='Submitted' Instrument='MES SEP26' Action='Buy to cover' Limit price=0 Stop price=7539.5 Quantity=9 Type='Stop Market' Time in force=GTC Oco='969499ccda954c58bfad4fa2729de81b' Filled=0 Fill price=0 Error='No error' Native error='',
7/16/2026 8:16:27 PM,Position,Instrument='MES SEP26' Account='Sim102' Average price=7535.5 Quantity=12 Market position=Short Operation=Operation_Add,
7/16/2026 8:16:27 PM,Execution,Execution='9e60ad86539e49ff983c2d13d47b30a1' Instrument='MES SEP26' Account='Sim102' Exchange=Default Price=7535.5 Quantity=12 Market position=Short Operation=Operation_Add Order='5f99a1a03faa4160b91ce75d722e6f28' Time='7/16/2026 8:16 PM',
7/16/2026 8:16:27 PM,Order,Order='5f99a1a03faa4160b91ce75d722e6f28/Sim102' Name='Entry' New state='Filled' Instrument='MES SEP26' Action='Sell' Limit price=0 Stop price=0 Quantity=12 Type='Market' Time in force=GTC Oco='' Filled=12 Fill price=7535.5 Error='No error' Native error='',
7/16/2026 8:16:27 PM,Order,Order='5f99a1a03faa4160b91ce75d722e6f28/Sim102' Name='Entry' New state='Working' Instrument='MES SEP26' Action='Sell' Limit price=0 Stop price=0 Quantity=12 Type='Market' Time in force=GTC Oco='' Filled=0 Fill price=0 Error='No error' Native error='',
7/16/2026 8:16:27 PM,Order,Order='5f99a1a03faa4160b91ce75d722e6f28/Sim102' Name='Entry' New state='Accepted' Instrument='MES SEP26' Action='Sell' Limit price=0 Stop price=0 Quantity=12 Type='Market' Time in force=GTC Oco='' Filled=0 Fill price=0 Error='No error' Native error='',
7/16/2026 8:16:27 PM,Order,Order='5f99a1a03faa4160b91ce75d722e6f28/Sim102' Name='Entry' New state='Submitted' Instrument='MES SEP26' Action='Sell' Limit price=0 Stop price=0 Quantity=12 Type='Market' Time in force=GTC Oco='' Filled=0 Fill price=0 Error='No error' Native error='',
7/16/2026 8:16:27 PM,Order,Chart Trader submitting order with strategy 'MES RMA 4SL 12Q - 2' (Ticks),
7/16/2026 8:16:27 PM,Order,Order='6fa49cd27e0f495593d05d521f96763e/Sim101' Name='Target4' New state='Working' Instrument='MES SEP26' Action='Sell' Limit price=7539.75 Stop price=0 Quantity=1 Type='Limit' Time in force=GTC Oco='5974ab9585c54a879d67e177456ed67d' Filled=0 Fill price=0 Error='No error' Native error='',
7/16/2026 8:16:27 PM,Order,Order='6fa49cd27e0f495593d05d521f96763e/Sim101' Name='Target4' New state='Accepted' Instrument='MES SEP26' Action='Sell' Limit price=7539.75 Stop price=0 Quantity=1 Type='Limit' Time in force=GTC Oco='5974ab9585c54a879d67e177456ed67d' Filled=0 Fill price=0 Error='No error' Native error='',
7/16/2026 8:16:27 PM,Order,Order='67f1ca8bb8d142a6b0803411fdb93769/Sim101' Name='Target3' New state='Working' Instrument='MES SEP26' Action='Sell' Limit price=7538.75 Stop price=0 Quantity=1 Type='Limit' Time in force=GTC Oco='c3cfff2329f243aa84de225491d45086' Filled=0 Fill price=0 Error='No error' Native error='',
7/16/2026 8:16:27 PM,Order,Order='2f898493b5784faea4fa13fad6428134/Sim101' Name='Stop4' New state='Accepted' Instrument='MES SEP26' Action='Sell' Limit price=0 Stop price=7531.75 Quantity=1 Type='Stop Market' Time in force=GTC Oco='5974ab9585c54a879d67e177456ed67d' Filled=0 Fill price=0 Error='No error' Native error='',
7/16/2026 8:16:27 PM,Order,Order='67f1ca8bb8d142a6b0803411fdb93769/Sim101' Name='Target3' New state='Accepted' Instrument='MES SEP26' Action='Sell' Limit price=7538.75 Stop price=0 Quantity=1 Type='Limit' Time in force=GTC Oco='c3cfff2329f243aa84de225491d45086' Filled=0 Fill price=0 Error='No error' Native error='',
7/16/2026 8:16:27 PM,Order,Order='bf430cffb82b48fa9e66f16a897ca5cd/Sim101' Name='Target2' New state='Accepted' Instrument='MES SEP26' Action='Sell' Limit price=7537.75 Stop price=0 Quantity=1 Type='Limit' Time in force=GTC Oco='7dba5c39391a49248c0816dc31edcdb9' Filled=0 Fill price=0 Error='No error' Native error='',
7/16/2026 8:16:27 PM,Order,Order='bf430cffb82b48fa9e66f16a897ca5cd/Sim101' Name='Target2' New state='Working' Instrument='MES SEP26' Action='Sell' Limit price=7537.75 Stop price=0 Quantity=1 Type='Limit' Time in force=GTC Oco='7dba5c39391a49248c0816dc31edcdb9' Filled=0 Fill price=0 Error='No error' Native error='',
7/16/2026 8:16:27 PM,Order,Order='c8d13f92944747ceae0814a589acf880/Sim101' Name='Stop3' New state='Accepted' Instrument='MES SEP26' Action='Sell' Limit price=0 Stop price=7531.75 Quantity=1 Type='Stop Market' Time in force=GTC Oco='c3cfff2329f243aa84de225491d45086' Filled=0 Fill price=0 Error='No error' Native error='',
7/16/2026 8:16:27 PM,Order,Order='d0e69d7448904943b0706efb329fd99b/Sim101' Name='Stop2' New state='Accepted' Instrument='MES SEP26' Action='Sell' Limit price=0 Stop price=7531.75 Quantity=1 Type='Stop Market' Time in force=GTC Oco='7dba5c39391a49248c0816dc31edcdb9' Filled=0 Fill price=0 Error='No error' Native error='',
7/16/2026 8:16:27 PM,Order,Order='7b43c27dc02748188a749711210a6f85/Sim101' Name='Target1' New state='Working' Instrument='MES SEP26' Action='Sell' Limit price=7536.75 Stop price=0 Quantity=9 Type='Limit' Time in force=GTC Oco='6325ef9e1a1f4611b8063cfa26cf9a19' Filled=0 Fill price=0 Error='No error' Native error='',
7/16/2026 8:16:27 PM,Order,Order='7b43c27dc02748188a749711210a6f85/Sim101' Name='Target1' New state='Accepted' Instrument='MES SEP26' Action='Sell' Limit price=7536.75 Stop price=0 Quantity=9 Type='Limit' Time in force=GTC Oco='6325ef9e1a1f4611b8063cfa26cf9a19' Filled=0 Fill price=0 Error='No error' Native error='',
7/16/2026 8:16:27 PM,Order,Order='331309bbe55c4d1c8482c33bf946293e/Sim101' Name='Stop1' New state='Accepted' Instrument='MES SEP26' Action='Sell' Limit price=0 Stop price=7531.75 Quantity=9 Type='Stop Market' Time in force=GTC Oco='6325ef9e1a1f4611b8063cfa26cf9a19' Filled=0 Fill price=0 Error='No error' Native error='',
7/16/2026 8:16:27 PM,Order,Order='6fa49cd27e0f495593d05d521f96763e/Sim101' Name='Target4' New state='Submitted' Instrument='MES SEP26' Action='Sell' Limit price=7539.75 Stop price=0 Quantity=1 Type='Limit' Time in force=GTC Oco='5974ab9585c54a879d67e177456ed67d' Filled=0 Fill price=0 Error='No error' Native error='',
7/16/2026 8:16:27 PM,Order,Order='2f898493b5784faea4fa13fad6428134/Sim101' Name='Stop4' New state='Submitted' Instrument='MES SEP26' Action='Sell' Limit price=0 Stop price=7531.75 Quantity=1 Type='Stop Market' Time in force=GTC Oco='5974ab9585c54a879d67e177456ed67d' Filled=0 Fill price=0 Error='No error' Native error='',
7/16/2026 8:16:27 PM,Order,Order='67f1ca8bb8d142a6b0803411fdb93769/Sim101' Name='Target3' New state='Submitted' Instrument='MES SEP26' Action='Sell' Limit price=7538.75 Stop price=0 Quantity=1 Type='Limit' Time in force=GTC Oco='c3cfff2329f243aa84de225491d45086' Filled=0 Fill price=0 Error='No error' Native error='',
7/16/2026 8:16:27 PM,Order,Order='c8d13f92944747ceae0814a589acf880/Sim101' Name='Stop3' New state='Submitted' Instrument='MES SEP26' Action='Sell' Limit price=0 Stop price=7531.75 Quantity=1 Type='Stop Market' Time in force=GTC Oco='c3cfff2329f243aa84de225491d45086' Filled=0 Fill price=0 Error='No error' Native error='',
7/16/2026 8:16:27 PM,Order,Order='bf430cffb82b48fa9e66f16a897ca5cd/Sim101' Name='Target2' New state='Submitted' Instrument='MES SEP26' Action='Sell' Limit price=7537.75 Stop price=0 Quantity=1 Type='Limit' Time in force=GTC Oco='7dba5c39391a49248c0816dc31edcdb9' Filled=0 Fill price=0 Error='No error' Native error='',
7/16/2026 8:16:27 PM,Order,Order='d0e69d7448904943b0706efb329fd99b/Sim101' Name='Stop2' New state='Submitted' Instrument='MES SEP26' Action='Sell' Limit price=0 Stop price=7531.75 Quantity=1 Type='Stop Market' Time in force=GTC Oco='7dba5c39391a49248c0816dc31edcdb9' Filled=0 Fill price=0 Error='No error' Native error='',
7/16/2026 8:16:27 PM,Order,Order='7b43c27dc02748188a749711210a6f85/Sim101' Name='Target1' New state='Submitted' Instrument='MES SEP26' Action='Sell' Limit price=7536.75 Stop price=0 Quantity=9 Type='Limit' Time in force=GTC Oco='6325ef9e1a1f4611b8063cfa26cf9a19' Filled=0 Fill price=0 Error='No error' Native error='',
7/16/2026 8:16:27 PM,Position,Instrument='MES SEP26' Account='Sim101' Average price=7535.75 Quantity=12 Market position=Long Operation=Operation_Add,
7/16/2026 8:16:27 PM,Order,Order='331309bbe55c4d1c8482c33bf946293e/Sim101' Name='Stop1' New state='Submitted' Instrument='MES SEP26' Action='Sell' Limit price=0 Stop price=7531.75 Quantity=9 Type='Stop Market' Time in force=GTC Oco='6325ef9e1a1f4611b8063cfa26cf9a19' Filled=0 Fill price=0 Error='No error' Native error='',
7/16/2026 8:16:27 PM,Execution,Execution='0d62866a63984bb4b27dd458960379b8' Instrument='MES SEP26' Account='Sim101' Exchange=Default Price=7535.75 Quantity=12 Market position=Long Operation=Operation_Add Order='8ad89363af09443a87bfa8f480a4d3b2' Time='7/16/2026 8:16 PM',
7/16/2026 8:16:27 PM,Order,Order='8ad89363af09443a87bfa8f480a4d3b2/Sim101' Name='Entry' New state='Filled' Instrument='MES SEP26' Action='Buy' Limit price=0 Stop price=0 Quantity=12 Type='Market' Time in force=GTC Oco='' Filled=12 Fill price=7535.75 Error='No error' Native error='',
7/16/2026 8:16:27 PM,Order,Order='8ad89363af09443a87bfa8f480a4d3b2/Sim101' Name='Entry' New state='Working' Instrument='MES SEP26' Action='Buy' Limit price=0 Stop price=0 Quantity=12 Type='Market' Time in force=GTC Oco='' Filled=0 Fill price=0 Error='No error' Native error='',
7/16/2026 8:16:27 PM,Order,Order='8ad89363af09443a87bfa8f480a4d3b2/Sim101' Name='Entry' New state='Accepted' Instrument='MES SEP26' Action='Buy' Limit price=0 Stop price=0 Quantity=12 Type='Market' Time in force=GTC Oco='' Filled=0 Fill price=0 Error='No error' Native error='',
7/16/2026 8:16:26 PM,Order,Order='8ad89363af09443a87bfa8f480a4d3b2/Sim101' Name='Entry' New state='Submitted' Instrument='MES SEP26' Action='Buy' Limit price=0 Stop price=0 Quantity=12 Type='Market' Time in force=GTC Oco='' Filled=0 Fill price=0 Error='No error' Native error='',
7/16/2026 8:16:26 PM,Order,Chart Trader submitting order with strategy 'MES RMA 4SL 12Q - 1' (Ticks),
7/16/2026 8:15:40 PM,Connection,Using HDS (hds-us-nt-017.ninjatrader.com/31655),
7/16/2026 8:15:40 PM,Connection,Time to auto close position='12:00:00 AM' Enabled=False,
7/16/2026 8:15:40 PM,Connection,My Rithmic for NinjaTrader Brokerage: Primary connection=Connected Price feed=Connected,
7/16/2026 8:15:25 PM,Default,Restoring workspace 'Testing'...,
7/16/2026 8:15:23 PM,Default,Auto close enabled=False,
7/16/2026 8:15:23 PM,Order,Order entry hot keys disabled,
7/16/2026 8:15:23 PM,Connection,My Rithmic for NinjaTrader Brokerage: Primary connection=Connecting Price feed=Connecting,
7/16/2026 8:15:23 PM,Default,Auto connecting 'My Rithmic for NinjaTrader Brokerage'...,
7/16/2026 8:15:23 PM,Connection,Using IS (is-us-nt-006.ninjatrader.com/31658),
7/16/2026 8:15:23 PM,Default,Automated trading disabled,
7/16/2026 8:15:19 PM,Default,Global simulation mode disabled,
7/16/2026 8:15:04 PM,Default,Session Break (Version 8.1.7.2),
7/16/2026 8:14:57 PM,Connection,My Rithmic for NinjaTrader Brokerage: Primary connection=Disconnected Price feed=Disconnected,
7/16/2026 8:14:57 PM,Connection,My Rithmic for NinjaTrader Brokerage: Primary connection=Disconnecting Price feed=Disconnecting,
7/16/2026 8:14:56 PM,Default,Workspace Testing not saved,
7/16/2026 7:53:01 PM,Position,Instrument='MES SEP26' Account='Sim102' Average price=0 Quantity=0 Market position=Flat Operation=Remove,
7/16/2026 7:53:01 PM,Execution,Execution='7a91d8f378c443b280a09f6515889505' Instrument='MES SEP26' Account='Sim102' Exchange=Default Price=7528.75 Quantity=12 Market position=Long Operation=Operation_Add Order='2d014af65be0483eaf5b2378d5e2ff2c' Time='7/16/2026 7:53 PM',
7/16/2026 7:53:01 PM,Order,Order='2d014af65be0483eaf5b2378d5e2ff2c/Sim102' Name='Close' New state='Filled' Instrument='MES SEP26' Action='Buy to cover' Limit price=0 Stop price=0 Quantity=12 Type='Market' Time in force=DAY Oco='' Filled=12 Fill price=7528.75 Error='No error' Native error='',
7/16/2026 7:53:01 PM,Order,Order='2d014af65be0483eaf5b2378d5e2ff2c/Sim102' Name='Close' New state='Accepted' Instrument='MES SEP26' Action='Buy to cover' Limit price=0 Stop price=0 Quantity=12 Type='Market' Time in force=DAY Oco='' Filled=0 Fill price=0 Error='No error' Native error='',
7/16/2026 7:53:01 PM,Order,Order='2d014af65be0483eaf5b2378d5e2ff2c/Sim102' Name='Close' New state='Working' Instrument='MES SEP26' Action='Buy to cover' Limit price=0 Stop price=0 Quantity=12 Type='Market' Time in force=DAY Oco='' Filled=0 Fill price=0 Error='No error' Native error='',
7/16/2026 7:53:01 PM,Order,Order='2d014af65be0483eaf5b2378d5e2ff2c/Sim102' Name='Close' New state='Submitted' Instrument='MES SEP26' Action='Buy to cover' Limit price=0 Stop price=0 Quantity=12 Type='Market' Time in force=DAY Oco='' Filled=0 Fill price=0 Error='No error' Native error='',
7/16/2026 7:53:01 PM,Default,Position grid close position,
7/16/2026 7:52:59 PM,Position,Instrument='MES SEP26' Account='Sim101' Average price=0 Quantity=0 Market position=Flat Operation=Remove,
7/16/2026 7:52:59 PM,Order,Order='eaf36d2753824e80bbc609ddef7b4a38/Sim101' Name='Close' New state='Filled' Instrument='MES SEP26' Action='Sell' Limit price=0 Stop price=0 Quantity=3 Type='Market' Time in force=DAY Oco='' Filled=3 Fill price=7528.5 Error='No error' Native error='',
7/16/2026 7:52:59 PM,Execution,Execution='11f55996e4324e60b94701fa6cdf9bfd' Instrument='MES SEP26' Account='Sim101' Exchange=Default Price=7528.5 Quantity=3 Market position=Short Operation=Operation_Add Order='eaf36d2753824e80bbc609ddef7b4a38' Time='7/16/2026 7:52 PM',
7/16/2026 7:52:59 PM,Order,Order='eaf36d2753824e80bbc609ddef7b4a38/Sim101' Name='Close' New state='Accepted' Instrument='MES SEP26' Action='Sell' Limit price=0 Stop price=0 Quantity=3 Type='Market' Time in force=DAY Oco='' Filled=0 Fill price=0 Error='No error' Native error='',
7/16/2026 7:52:59 PM,Order,Order='eaf36d2753824e80bbc609ddef7b4a38/Sim101' Name='Close' New state='Working' Instrument='MES SEP26' Action='Sell' Limit price=0 Stop price=0 Quantity=3 Type='Market' Time in force=DAY Oco='' Filled=0 Fill price=0 Error='No error' Native error='',
7/16/2026 7:52:59 PM,Order,Order='eaf36d2753824e80bbc609ddef7b4a38/Sim101' Name='Close' New state='Submitted' Instrument='MES SEP26' Action='Sell' Limit price=0 Stop price=0 Quantity=3 Type='Market' Time in force=DAY Oco='' Filled=0 Fill price=0 Error='No error' Native error='',
7/16/2026 7:52:59 PM,Default,Position grid close position,
7/16/2026 7:52:47 PM,Position,Close operation failed. Operation timed out. Manually close your position,
7/16/2026 7:52:44 PM,Default,Chart Trader close position,
7/16/2026 7:52:42 PM,Order,Order='a0e27680c29248ecadafdd8497d96d9a/Sim101' Name='Stop4' New state='Cancelled' Instrument='MES SEP26' Action='Sell' Limit price=0 Stop price=7525 Quantity=1 Type='Stop Market' Time in force=GTC Oco='7f10e729067b47a0afb42c1240fb1477' Filled=0 Fill price=0 Error='No error' Native error='',
7/16/2026 7:52:42 PM,Order,Order='2f2042e4ad2d47418c762a1ec221d20b/Sim101' Name='Target3' New state='Cancelled' Instrument='MES SEP26' Action='Sell' Limit price=7532 Stop price=0 Quantity=1 Type='Limit' Time in force=GTC Oco='455f403d0f5a43e482a36e7790f46ab8' Filled=0 Fill price=0 Error='No error' Native error='',
7/16/2026 7:52:42 PM,Order,Order='ec3357891b334599979ea90aef022b41/Sim101' Name='Target4' New state='Cancelled' Instrument='MES SEP26' Action='Sell' Limit price=7533 Stop price=0 Quantity=1 Type='Limit' Time in force=GTC Oco='7f10e729067b47a0afb42c1240fb1477' Filled=0 Fill price=0 Error='No error' Native error='',
7/16/2026 7:52:42 PM,Order,Order='4a390e28c4f343518db380bcbc3959b3/Sim101' Name='Stop2' New state='Cancelled' Instrument='MES SEP26' Action='Sell' Limit price=0 Stop price=7525 Quantity=1 Type='Stop Market' Time in force=GTC Oco='72d88971f88e4960b7c1d7a0f38625a3' Filled=0 Fill price=0 Error='No error' Native error='',
7/16/2026 7:52:42 PM,Order,Order='3426d581ec1e4c1fabcc8361249806c6/Sim101' Name='Stop3' New state='Cancelled' Instrument='MES SEP26' Action='Sell' Limit price=0 Stop price=7525 Quantity=1 Type='Stop Market' Time in force=GTC Oco='455f403d0f5a43e482a36e7790f46ab8' Filled=0 Fill price=0 Error='No error' Native error='',
7/16/2026 7:52:42 PM,Order,Order='281c620228f34a62839a700b72e44973/Sim101' Name='Target2' New state='Cancelled' Instrument='MES SEP26' Action='Sell' Limit price=7531 Stop price=0 Quantity=1 Type='Limit' Time in force=GTC Oco='72d88971f88e4960b7c1d7a0f38625a3' Filled=0 Fill price=0 Error='No error' Native error='',
7/16/2026 7:52:42 PM,Order,Order='a0e27680c29248ecadafdd8497d96d9a/Sim101' Name='Stop4' New state='Cancel submitted' Instrument='MES SEP26' Action='Sell' Limit price=0 Stop price=7525 Quantity=1 Type='Stop Market' Time in force=GTC Oco='7f10e729067b47a0afb42c1240fb1477' Filled=0 Fill price=0 Error='No error' Native error='',
7/16/2026 7:52:42 PM,Order,Order='3426d581ec1e4c1fabcc8361249806c6/Sim101' Name='Stop3' New state='Cancel submitted' Instrument='MES SEP26' Action='Sell' Limit price=0 Stop price=7525 Quantity=1 Type='Stop Market' Time in force=GTC Oco='455f403d0f5a43e482a36e7790f46ab8' Filled=0 Fill price=0 Error='No error' Native error='',
7/16/2026 7:52:42 PM,Order,Order='4a390e28c4f343518db380bcbc3959b3/Sim101' Name='Stop2' New state='Cancel submitted' Instrument='MES SEP26' Action='Sell' Limit price=0 Stop price=7525 Quantity=1 Type='Stop Market' Time in force=GTC Oco='72d88971f88e4960b7c1d7a0f38625a3' Filled=0 Fill price=0 Error='No error' Native error='',
7/16/2026 7:52:42 PM,Order,Order='ec3357891b334599979ea90aef022b41/Sim101' Name='Target4' New state='Cancel submitted' Instrument='MES SEP26' Action='Sell' Limit price=7533 Stop price=0 Quantity=1 Type='Limit' Time in force=GTC Oco='7f10e729067b47a0afb42c1240fb1477' Filled=0 Fill price=0 Error='No error' Native error='',
7/16/2026 7:52:42 PM,Order,Order='2f2042e4ad2d47418c762a1ec221d20b/Sim101' Name='Target3' New state='Cancel submitted' Instrument='MES SEP26' Action='Sell' Limit price=7532 Stop price=0 Quantity=1 Type='Limit' Time in force=GTC Oco='455f403d0f5a43e482a36e7790f46ab8' Filled=0 Fill price=0 Error='No error' Native error='',
7/16/2026 7:52:42 PM,Order,Order='281c620228f34a62839a700b72e44973/Sim101' Name='Target2' New state='Cancel submitted' Instrument='MES SEP26' Action='Sell' Limit price=7531 Stop price=0 Quantity=1 Type='Limit' Time in force=GTC Oco='72d88971f88e4960b7c1d7a0f38625a3' Filled=0 Fill price=0 Error='No error' Native error='',
7/16/2026 7:52:42 PM,Default,Chart Trader close position,
7/16/2026 7:52:34 PM,Position,Close operation failed. Operation timed out. Manually close your position,
7/16/2026 7:52:31 PM,Default,Chart Trader close position,
7/16/2026 7:52:29 PM,Order,Order='0750ff8e39c44f0ea5ae514c6888a99b/Sim102' Name='Target4' New state='Cancelled' Instrument='MES SEP26' Action='Buy to cover' Limit price=7524.75 Stop price=0 Quantity=1 Type='Limit' Time in force=GTC Oco='8da43d1381cc4b5c8c25165e4c4d98d6' Filled=0 Fill price=0 Error='No error' Native error='',
7/16/2026 7:52:29 PM,Order,Order='4b47b65bc43b4ce7b0c80dc9545c0cdc/Sim102' Name='Stop1' New state='Cancelled' Instrument='MES SEP26' Action='Buy to cover' Limit price=0 Stop price=7532.75 Quantity=9 Type='Stop Market' Time in force=GTC Oco='ba74f95295c94efd95aeb0b850c99889' Filled=0 Fill price=0 Error='No error' Native error='',
7/16/2026 7:52:29 PM,Order,Order='42e78fa23bba4f788ba9299a3ebcfef8/Sim102' Name='Stop3' New state='Cancelled' Instrument='MES SEP26' Action='Buy to cover' Limit price=0 Stop price=7532.75 Quantity=1 Type='Stop Market' Time in force=GTC Oco='9c89368cbed2477c8df0c602febb797b' Filled=0 Fill price=0 Error='No error' Native error='',
7/16/2026 7:52:29 PM,Order,Order='a1dd71692d594ae5a047c1b74b00ba68/Sim102' Name='Stop2' New state='Cancelled' Instrument='MES SEP26' Action='Buy to cover' Limit price=0 Stop price=7532.75 Quantity=1 Type='Stop Market' Time in force=GTC Oco='30363cc6ed8f447185c7dff926e880fd' Filled=0 Fill price=0 Error='No error' Native error='',
7/16/2026 7:52:29 PM,Order,Order='f5c6da94e45d4080b1e641fb9c1c7f37/Sim102' Name='Stop4' New state='Cancelled' Instrument='MES SEP26' Action='Buy to cover' Limit price=0 Stop price=7532.75 Quantity=1 Type='Stop Market' Time in force=GTC Oco='8da43d1381cc4b5c8c25165e4c4d98d6' Filled=0 Fill price=0 Error='No error' Native error='',
7/16/2026 7:52:29 PM,Order,Order='949efadb330a4149aafbfe503b332930/Sim102' Name='Target3' New state='Cancelled' Instrument='MES SEP26' Action='Buy to cover' Limit price=7525.75 Stop price=0 Quantity=1 Type='Limit' Time in force=GTC Oco='9c89368cbed2477c8df0c602febb797b' Filled=0 Fill price=0 Error='No error' Native error='',
7/16/2026 7:52:29 PM,Order,Order='cfbcc9b70eaf4109ba758c3a71f3b304/Sim102' Name='Target2' New state='Cancelled' Instrument='MES SEP26' Action='Buy to cover' Limit price=7526.75 Stop price=0 Quantity=1 Type='Limit' Time in force=GTC Oco='30363cc6ed8f447185c7dff926e880fd' Filled=0 Fill price=0 Error='No error' Native error='',
7/16/2026 7:52:29 PM,Order,Order='2cb565a6de4743a4b00259ffb4300993/Sim102' Name='Target1' New state='Cancelled' Instrument='MES SEP26' Action='Buy to cover' Limit price=7527.75 Stop price=0 Quantity=9 Type='Limit' Time in force=GTC Oco='ba74f95295c94efd95aeb0b850c99889' Filled=0 Fill price=0 Error='No error' Native error='',
7/16/2026 7:52:29 PM,Order,Order='f5c6da94e45d4080b1e641fb9c1c7f37/Sim102' Name='Stop4' New state='Cancel submitted' Instrument='MES SEP26' Action='Buy to cover' Limit price=0 Stop price=7532.75 Quantity=1 Type='Stop Market' Time in force=GTC Oco='8da43d1381cc4b5c8c25165e4c4d98d6' Filled=0 Fill price=0 Error='No error' Native error='',
7/16/2026 7:52:29 PM,Order,Order='42e78fa23bba4f788ba9299a3ebcfef8/Sim102' Name='Stop3' New state='Cancel submitted' Instrument='MES SEP26' Action='Buy to cover' Limit price=0 Stop price=7532.75 Quantity=1 Type='Stop Market' Time in force=GTC Oco='9c89368cbed2477c8df0c602febb797b' Filled=0 Fill price=0 Error='No error' Native error='',
7/16/2026 7:52:29 PM,Order,Order='a1dd71692d594ae5a047c1b74b00ba68/Sim102' Name='Stop2' New state='Cancel submitted' Instrument='MES SEP26' Action='Buy to cover' Limit price=0 Stop price=7532.75 Quantity=1 Type='Stop Market' Time in force=GTC Oco='30363cc6ed8f447185c7dff926e880fd' Filled=0 Fill price=0 Error='No error' Native error='',
7/16/2026 7:52:29 PM,Order,Order='4b47b65bc43b4ce7b0c80dc9545c0cdc/Sim102' Name='Stop1' New state='Cancel submitted' Instrument='MES SEP26' Action='Buy to cover' Limit price=0 Stop price=7532.75 Quantity=9 Type='Stop Market' Time in force=GTC Oco='ba74f95295c94efd95aeb0b850c99889' Filled=0 Fill price=0 Error='No error' Native error='',
7/16/2026 7:52:29 PM,Order,Order='0750ff8e39c44f0ea5ae514c6888a99b/Sim102' Name='Target4' New state='Cancel submitted' Instrument='MES SEP26' Action='Buy to cover' Limit price=7524.75 Stop price=0 Quantity=1 Type='Limit' Time in force=GTC Oco='8da43d1381cc4b5c8c25165e4c4d98d6' Filled=0 Fill price=0 Error='No error' Native error='',
7/16/2026 7:52:29 PM,Order,Order='949efadb330a4149aafbfe503b332930/Sim102' Name='Target3' New state='Cancel submitted' Instrument='MES SEP26' Action='Buy to cover' Limit price=7525.75 Stop price=0 Quantity=1 Type='Limit' Time in force=GTC Oco='9c89368cbed2477c8df0c602febb797b' Filled=0 Fill price=0 Error='No error' Native error='',
7/16/2026 7:52:28 PM,Order,Order='cfbcc9b70eaf4109ba758c3a71f3b304/Sim102' Name='Target2' New state='Cancel submitted' Instrument='MES SEP26' Action='Buy to cover' Limit price=7526.75 Stop price=0 Quantity=1 Type='Limit' Time in force=GTC Oco='30363cc6ed8f447185c7dff926e880fd' Filled=0 Fill price=0 Error='No error' Native error='',
7/16/2026 7:52:28 PM,Order,Order='2cb565a6de4743a4b00259ffb4300993/Sim102' Name='Target1' New state='Cancel submitted' Instrument='MES SEP26' Action='Buy to cover' Limit price=7527.75 Stop price=0 Quantity=9 Type='Limit' Time in force=GTC Oco='ba74f95295c94efd95aeb0b850c99889' Filled=0 Fill price=0 Error='No error' Native error='',
7/16/2026 7:52:28 PM,Default,Chart Trader close position,
7/16/2026 7:51:54 PM,Order,Order='85db44e5e5fd4ed9b9498f8d1a89a086/Sim101' Name='Stop1' New state='Cancelled' Instrument='MES SEP26' Action='Sell' Limit price=0 Stop price=7525 Quantity=1 Type='Stop Market' Time in force=GTC Oco='c3af8fb0efaf4481b493addb6bc36400' Filled=0 Fill price=0 Error='No error' Native error='',
7/16/2026 7:51:54 PM,Position,Instrument='MES SEP26' Account='Sim101' Average price=7529 Quantity=3 Market position=Long Operation=Update,
7/16/2026 7:51:54 PM,Order,Order='010ad6dd6fee4bbeb3448e39ba279086/Sim101' Name='Target1' New state='Filled' Instrument='MES SEP26' Action='Sell' Limit price=7530 Stop price=0 Quantity=9 Type='Limit' Time in force=GTC Oco='c3af8fb0efaf4481b493addb6bc36400' Filled=9 Fill price=7530 Error='No error' Native error='',
7/16/2026 7:51:54 PM,Order,Order='85db44e5e5fd4ed9b9498f8d1a89a086/Sim101' Name='Stop1' New state='Cancel submitted' Instrument='MES SEP26' Action='Sell' Limit price=0 Stop price=7525 Quantity=1 Type='Stop Market' Time in force=GTC Oco='c3af8fb0efaf4481b493addb6bc36400' Filled=0 Fill price=0 Error='No error' Native error='',
7/16/2026 7:51:54 PM,Execution,Execution='3bbe74c7c9e44598920c45905aa0e347' Instrument='MES SEP26' Account='Sim101' Exchange=Default Price=7530 Quantity=1 Market position=Short Operation=Operation_Add Order='010ad6dd6fee4bbeb3448e39ba279086' Time='7/16/2026 7:51 PM',
7/16/2026 7:51:54 PM,Position,Instrument='MES SEP26' Account='Sim101' Average price=7529 Quantity=4 Market position=Long Operation=Update,
7/16/2026 7:51:54 PM,Order,Order='85db44e5e5fd4ed9b9498f8d1a89a086/Sim101' Name='Stop1' New state='Accepted' Instrument='MES SEP26' Action='Sell' Limit price=0 Stop price=7525 Quantity=1 Type='Stop Market' Time in force=GTC Oco='c3af8fb0efaf4481b493addb6bc36400' Filled=0 Fill price=0 Error='No error' Native error='',
7/16/2026 7:51:54 PM,Execution,Execution='07e568fec189444a9f58fd68014b8fba' Instrument='MES SEP26' Account='Sim101' Exchange=Default Price=7530 Quantity=2 Market position=Short Operation=Operation_Add Order='010ad6dd6fee4bbeb3448e39ba279086' Time='7/16/2026 7:51 PM',
7/16/2026 7:51:54 PM,Order,Order='010ad6dd6fee4bbeb3448e39ba279086/Sim101' Name='Target1' New state='Partially filled' Instrument='MES SEP26' Action='Sell' Limit price=7530 Stop price=0 Quantity=9 Type='Limit' Time in force=GTC Oco='c3af8fb0efaf4481b493addb6bc36400' Filled=8 Fill price=7530 Error='No error' Native error='',
7/16/2026 7:51:54 PM,Position,Instrument='MES SEP26' Account='Sim101' Average price=7529 Quantity=6 Market position=Long Operation=Update,
7/16/2026 7:51:54 PM,Order,Order='010ad6dd6fee4bbeb3448e39ba279086/Sim101' Name='Target1' New state='Partially filled' Instrument='MES SEP26' Action='Sell' Limit price=7530 Stop price=0 Quantity=9 Type='Limit' Time in force=GTC Oco='c3af8fb0efaf4481b493addb6bc36400' Filled=6 Fill price=7530 Error='No error' Native error='',
7/16/2026 7:51:54 PM,Order,Order='85db44e5e5fd4ed9b9498f8d1a89a086/Sim101' Name='Stop1' New state='Change submitted' Instrument='MES SEP26' Action='Sell' Limit price=0 Stop price=7525 Quantity=3 Type='Stop Market' Time in force=GTC Oco='c3af8fb0efaf4481b493addb6bc36400' Filled=0 Fill price=0 Error='No error' Native error='',
7/16/2026 7:51:54 PM,Execution,Execution='fb7530b69e444910aeb975ddf4a56475' Instrument='MES SEP26' Account='Sim101' Exchange=Default Price=7530 Quantity=1 Market position=Short Operation=Operation_Add Order='010ad6dd6fee4bbeb3448e39ba279086' Time='7/16/2026 7:51 PM',
7/16/2026 7:51:54 PM,Position,Instrument='MES SEP26' Account='Sim101' Average price=7529 Quantity=7 Market position=Long Operation=Update,
7/16/2026 7:51:53 PM,Order,Order='85db44e5e5fd4ed9b9498f8d1a89a086/Sim101' Name='Stop1' New state='Accepted' Instrument='MES SEP26' Action='Sell' Limit price=0 Stop price=7525 Quantity=4 Type='Stop Market' Time in force=GTC Oco='c3af8fb0efaf4481b493addb6bc36400' Filled=0 Fill price=0 Error='No error' Native error='',
7/16/2026 7:51:53 PM,Order,Order='010ad6dd6fee4bbeb3448e39ba279086/Sim101' Name='Target1' New state='Partially filled' Instrument='MES SEP26' Action='Sell' Limit price=7530 Stop price=0 Quantity=9 Type='Limit' Time in force=GTC Oco='c3af8fb0efaf4481b493addb6bc36400' Filled=5 Fill price=7530 Error='No error' Native error='',
7/16/2026 7:51:53 PM,Execution,Execution='87a17424ecd9431a83a7cbd3c22966b2' Instrument='MES SEP26' Account='Sim101' Exchange=Default Price=7530 Quantity=1 Market position=Short Operation=Operation_Add Order='010ad6dd6fee4bbeb3448e39ba279086' Time='7/16/2026 7:51 PM',
7/16/2026 7:51:53 PM,Position,Instrument='MES SEP26' Account='Sim101' Average price=7529 Quantity=8 Market position=Long Operation=Update,
7/16/2026 7:51:53 PM,Execution,Execution='e0abeb64c2b143289b78585d54fcae73' Instrument='MES SEP26' Account='Sim101' Exchange=Default Price=7530 Quantity=2 Market position=Short Operation=Operation_Add Order='010ad6dd6fee4bbeb3448e39ba279086' Time='7/16/2026 7:51 PM',
7/16/2026 7:51:53 PM,Order,Order='010ad6dd6fee4bbeb3448e39ba279086/Sim101' Name='Target1' New state='Partially filled' Instrument='MES SEP26' Action='Sell' Limit price=7530 Stop price=0 Quantity=9 Type='Limit' Time in force=GTC Oco='c3af8fb0efaf4481b493addb6bc36400' Filled=4 Fill price=7530 Error='No error' Native error='',
7/16/2026 7:51:53 PM,Position,Instrument='MES SEP26' Account='Sim101' Average price=7529 Quantity=10 Market position=Long Operation=Update,
7/16/2026 7:51:53 PM,Order,Order='85db44e5e5fd4ed9b9498f8d1a89a086/Sim101' Name='Stop1' New state='Change submitted' Instrument='MES SEP26' Action='Sell' Limit price=0 Stop price=7525 Quantity=7 Type='Stop Market' Time in force=GTC Oco='c3af8fb0efaf4481b493addb6bc36400' Filled=0 Fill price=0 Error='No error' Native error='',
7/16/2026 7:51:53 PM,Execution,Execution='98d8878341a24c96841e53ce52d4879b' Instrument='MES SEP26' Account='Sim101' Exchange=Default Price=7530 Quantity=2 Market position=Short Operation=Operation_Add Order='010ad6dd6fee4bbeb3448e39ba279086' Time='7/16/2026 7:51 PM',
7/16/2026 7:51:53 PM,Order,Order='010ad6dd6fee4bbeb3448e39ba279086/Sim101' Name='Target1' New state='Partially filled' Instrument='MES SEP26' Action='Sell' Limit price=7530 Stop price=0 Quantity=9 Type='Limit' Time in force=GTC Oco='c3af8fb0efaf4481b493addb6bc36400' Filled=2 Fill price=7530 Error='No error' Native error='',
7/16/2026 7:51:02 PM,Order,Order='0750ff8e39c44f0ea5ae514c6888a99b/Sim102' Name='Target4' New state='Accepted' Instrument='MES SEP26' Action='Buy to cover' Limit price=7524.75 Stop price=0 Quantity=1 Type='Limit' Time in force=GTC Oco='8da43d1381cc4b5c8c25165e4c4d98d6' Filled=0 Fill price=0 Error='No error' Native error='',
7/16/2026 7:51:02 PM,Order,Order='0750ff8e39c44f0ea5ae514c6888a99b/Sim102' Name='Target4' New state='Working' Instrument='MES SEP26' Action='Buy to cover' Limit price=7524.75 Stop price=0 Quantity=1 Type='Limit' Time in force=GTC Oco='8da43d1381cc4b5c8c25165e4c4d98d6' Filled=0 Fill price=0 Error='No error' Native error='',
7/16/2026 7:51:02 PM,Order,Order='f5c6da94e45d4080b1e641fb9c1c7f37/Sim102' Name='Stop4' New state='Accepted' Instrument='MES SEP26' Action='Buy to cover' Limit price=0 Stop price=7532.75 Quantity=1 Type='Stop Market' Time in force=GTC Oco='8da43d1381cc4b5c8c25165e4c4d98d6' Filled=0 Fill price=0 Error='No error' Native error='',
7/16/2026 7:51:02 PM,Order,Order='42e78fa23bba4f788ba9299a3ebcfef8/Sim102' Name='Stop3' New state='Accepted' Instrument='MES SEP26' Action='Buy to cover' Limit price=0 Stop price=7532.75 Quantity=1 Type='Stop Market' Time in force=GTC Oco='9c89368cbed2477c8df0c602febb797b' Filled=0 Fill price=0 Error='No error' Native error='',
7/16/2026 7:51:02 PM,Order,Order='949efadb330a4149aafbfe503b332930/Sim102' Name='Target3' New state='Accepted' Instrument='MES SEP26' Action='Buy to cover' Limit price=7525.75 Stop price=0 Quantity=1 Type='Limit' Time in force=GTC Oco='9c89368cbed2477c8df0c602febb797b' Filled=0 Fill price=0 Error='No error' Native error='',
7/16/2026 7:51:02 PM,Order,Order='949efadb330a4149aafbfe503b332930/Sim102' Name='Target3' New state='Working' Instrument='MES SEP26' Action='Buy to cover' Limit price=7525.75 Stop price=0 Quantity=1 Type='Limit' Time in force=GTC Oco='9c89368cbed2477c8df0c602febb797b' Filled=0 Fill price=0 Error='No error' Native error='',
7/16/2026 7:51:02 PM,Order,Order='cfbcc9b70eaf4109ba758c3a71f3b304/Sim102' Name='Target2' New state='Accepted' Instrument='MES SEP26' Action='Buy to cover' Limit price=7526.75 Stop price=0 Quantity=1 Type='Limit' Time in force=GTC Oco='30363cc6ed8f447185c7dff926e880fd' Filled=0 Fill price=0 Error='No error' Native error='',
7/16/2026 7:51:02 PM,Order,Order='cfbcc9b70eaf4109ba758c3a71f3b304/Sim102' Name='Target2' New state='Working' Instrument='MES SEP26' Action='Buy to cover' Limit price=7526.75 Stop price=0 Quantity=1 Type='Limit' Time in force=GTC Oco='30363cc6ed8f447185c7dff926e880fd' Filled=0 Fill price=0 Error='No error' Native error='',
7/16/2026 7:51:02 PM,Order,Order='a1dd71692d594ae5a047c1b74b00ba68/Sim102' Name='Stop2' New state='Accepted' Instrument='MES SEP26' Action='Buy to cover' Limit price=0 Stop price=7532.75 Quantity=1 Type='Stop Market' Time in force=GTC Oco='30363cc6ed8f447185c7dff926e880fd' Filled=0 Fill price=0 Error='No error' Native error='',
7/16/2026 7:51:02 PM,Order,Order='2cb565a6de4743a4b00259ffb4300993/Sim102' Name='Target1' New state='Accepted' Instrument='MES SEP26' Action='Buy to cover' Limit price=7527.75 Stop price=0 Quantity=9 Type='Limit' Time in force=GTC Oco='ba74f95295c94efd95aeb0b850c99889' Filled=0 Fill price=0 Error='No error' Native error='',
7/16/2026 7:51:02 PM,Order,Order='2cb565a6de4743a4b00259ffb4300993/Sim102' Name='Target1' New state='Working' Instrument='MES SEP26' Action='Buy to cover' Limit price=7527.75 Stop price=0 Quantity=9 Type='Limit' Time in force=GTC Oco='ba74f95295c94efd95aeb0b850c99889' Filled=0 Fill price=0 Error='No error' Native error='',
7/16/2026 7:51:02 PM,Order,Order='4b47b65bc43b4ce7b0c80dc9545c0cdc/Sim102' Name='Stop1' New state='Accepted' Instrument='MES SEP26' Action='Buy to cover' Limit price=0 Stop price=7532.75 Quantity=9 Type='Stop Market' Time in force=GTC Oco='ba74f95295c94efd95aeb0b850c99889' Filled=0 Fill price=0 Error='No error' Native error='',
7/16/2026 7:51:02 PM,Order,Order='0750ff8e39c44f0ea5ae514c6888a99b/Sim102' Name='Target4' New state='Submitted' Instrument='MES SEP26' Action='Buy to cover' Limit price=7524.75 Stop price=0 Quantity=1 Type='Limit' Time in force=GTC Oco='8da43d1381cc4b5c8c25165e4c4d98d6' Filled=0 Fill price=0 Error='No error' Native error='',
7/16/2026 7:51:02 PM,Order,Order='f5c6da94e45d4080b1e641fb9c1c7f37/Sim102' Name='Stop4' New state='Submitted' Instrument='MES SEP26' Action='Buy to cover' Limit price=0 Stop price=7532.75 Quantity=1 Type='Stop Market' Time in force=GTC Oco='8da43d1381cc4b5c8c25165e4c4d98d6' Filled=0 Fill price=0 Error='No error' Native error='',
7/16/2026 7:51:02 PM,Order,Order='949efadb330a4149aafbfe503b332930/Sim102' Name='Target3' New state='Submitted' Instrument='MES SEP26' Action='Buy to cover' Limit price=7525.75 Stop price=0 Quantity=1 Type='Limit' Time in force=GTC Oco='9c89368cbed2477c8df0c602febb797b' Filled=0 Fill price=0 Error='No error' Native error='',
7/16/2026 7:51:02 PM,Order,Order='42e78fa23bba4f788ba9299a3ebcfef8/Sim102' Name='Stop3' New state='Submitted' Instrument='MES SEP26' Action='Buy to cover' Limit price=0 Stop price=7532.75 Quantity=1 Type='Stop Market' Time in force=GTC Oco='9c89368cbed2477c8df0c602febb797b' Filled=0 Fill price=0 Error='No error' Native error='',
7/16/2026 7:51:02 PM,Order,Order='cfbcc9b70eaf4109ba758c3a71f3b304/Sim102' Name='Target2' New state='Submitted' Instrument='MES SEP26' Action='Buy to cover' Limit price=7526.75 Stop price=0 Quantity=1 Type='Limit' Time in force=GTC Oco='30363cc6ed8f447185c7dff926e880fd' Filled=0 Fill price=0 Error='No error' Native error='',
7/16/2026 7:51:02 PM,Order,Order='a1dd71692d594ae5a047c1b74b00ba68/Sim102' Name='Stop2' New state='Submitted' Instrument='MES SEP26' Action='Buy to cover' Limit price=0 Stop price=7532.75 Quantity=1 Type='Stop Market' Time in force=GTC Oco='30363cc6ed8f447185c7dff926e880fd' Filled=0 Fill price=0 Error='No error' Native error='',
7/16/2026 7:51:02 PM,Order,Order='2cb565a6de4743a4b00259ffb4300993/Sim102' Name='Target1' New state='Submitted' Instrument='MES SEP26' Action='Buy to cover' Limit price=7527.75 Stop price=0 Quantity=9 Type='Limit' Time in force=GTC Oco='ba74f95295c94efd95aeb0b850c99889' Filled=0 Fill price=0 Error='No error' Native error='',
7/16/2026 7:51:02 PM,Order,Order='4b47b65bc43b4ce7b0c80dc9545c0cdc/Sim102' Name='Stop1' New state='Submitted' Instrument='MES SEP26' Action='Buy to cover' Limit price=0 Stop price=7532.75 Quantity=9 Type='Stop Market' Time in force=GTC Oco='ba74f95295c94efd95aeb0b850c99889' Filled=0 Fill price=0 Error='No error' Native error='',
7/16/2026 7:51:02 PM,Execution,Execution='552dab36538f439898aabff6d9bd9a05' Instrument='MES SEP26' Account='Sim102' Exchange=Default Price=7528.75 Quantity=12 Market position=Short Operation=Operation_Add Order='bc19722caa3c4650bd3c5e1d388fed9e' Time='7/16/2026 7:51 PM',
7/16/2026 7:51:02 PM,Position,Instrument='MES SEP26' Account='Sim102' Average price=7528.75 Quantity=12 Market position=Short Operation=Operation_Add,
7/16/2026 7:51:02 PM,Order,Order='bc19722caa3c4650bd3c5e1d388fed9e/Sim102' Name='Entry' New state='Filled' Instrument='MES SEP26' Action='Sell' Limit price=0 Stop price=0 Quantity=12 Type='Market' Time in force=GTC Oco='' Filled=12 Fill price=7528.75 Error='No error' Native error='',
7/16/2026 7:51:02 PM,Order,Order='bc19722caa3c4650bd3c5e1d388fed9e/Sim102' Name='Entry' New state='Working' Instrument='MES SEP26' Action='Sell' Limit price=0 Stop price=0 Quantity=12 Type='Market' Time in force=GTC Oco='' Filled=0 Fill price=0 Error='No error' Native error='',
7/16/2026 7:51:02 PM,Order,Order='bc19722caa3c4650bd3c5e1d388fed9e/Sim102' Name='Entry' New state='Accepted' Instrument='MES SEP26' Action='Sell' Limit price=0 Stop price=0 Quantity=12 Type='Market' Time in force=GTC Oco='' Filled=0 Fill price=0 Error='No error' Native error='',
7/16/2026 7:51:01 PM,Order,Order='bc19722caa3c4650bd3c5e1d388fed9e/Sim102' Name='Entry' New state='Submitted' Instrument='MES SEP26' Action='Sell' Limit price=0 Stop price=0 Quantity=12 Type='Market' Time in force=GTC Oco='' Filled=0 Fill price=0 Error='No error' Native error='',
7/16/2026 7:51:01 PM,Order,Chart Trader submitting order with strategy 'MES RMA 4SL 12Q - 2' (Ticks),
7/16/2026 7:51:01 PM,Order,Order='2f2042e4ad2d47418c762a1ec221d20b/Sim101' Name='Target3' New state='Working' Instrument='MES SEP26' Action='Sell' Limit price=7532 Stop price=0 Quantity=1 Type='Limit' Time in force=GTC Oco='455f403d0f5a43e482a36e7790f46ab8' Filled=0 Fill price=0 Error='No error' Native error='',
7/16/2026 7:51:01 PM,Order,Order='2f2042e4ad2d47418c762a1ec221d20b/Sim101' Name='Target3' New state='Accepted' Instrument='MES SEP26' Action='Sell' Limit price=7532 Stop price=0 Quantity=1 Type='Limit' Time in force=GTC Oco='455f403d0f5a43e482a36e7790f46ab8' Filled=0 Fill price=0 Error='No error' Native error='',
7/16/2026 7:51:01 PM,Order,Order='a0e27680c29248ecadafdd8497d96d9a/Sim101' Name='Stop4' New state='Accepted' Instrument='MES SEP26' Action='Sell' Limit price=0 Stop price=7525 Quantity=1 Type='Stop Market' Time in force=GTC Oco='7f10e729067b47a0afb42c1240fb1477' Filled=0 Fill price=0 Error='No error' Native error='',
7/16/2026 7:51:01 PM,Order,Order='ec3357891b334599979ea90aef022b41/Sim101' Name='Target4' New state='Working' Instrument='MES SEP26' Action='Sell' Limit price=7533 Stop price=0 Quantity=1 Type='Limit' Time in force=GTC Oco='7f10e729067b47a0afb42c1240fb1477' Filled=0 Fill price=0 Error='No error' Native error='',
7/16/2026 7:51:01 PM,Order,Order='ec3357891b334599979ea90aef022b41/Sim101' Name='Target4' New state='Accepted' Instrument='MES SEP26' Action='Sell' Limit price=7533 Stop price=0 Quantity=1 Type='Limit' Time in force=GTC Oco='7f10e729067b47a0afb42c1240fb1477' Filled=0 Fill price=0 Error='No error' Native error='',
7/16/2026 7:51:01 PM,Order,Order='3426d581ec1e4c1fabcc8361249806c6/Sim101' Name='Stop3' New state='Accepted' Instrument='MES SEP26' Action='Sell' Limit price=0 Stop price=7525 Quantity=1 Type='Stop Market' Time in force=GTC Oco='455f403d0f5a43e482a36e7790f46ab8' Filled=0 Fill price=0 Error='No error' Native error='',
7/16/2026 7:51:01 PM,Order,Order='281c620228f34a62839a700b72e44973/Sim101' Name='Target2' New state='Accepted' Instrument='MES SEP26' Action='Sell' Limit price=7531 Stop price=0 Quantity=1 Type='Limit' Time in force=GTC Oco='72d88971f88e4960b7c1d7a0f38625a3' Filled=0 Fill price=0 Error='No error' Native error='',
7/16/2026 7:51:01 PM,Order,Order='281c620228f34a62839a700b72e44973/Sim101' Name='Target2' New state='Working' Instrument='MES SEP26' Action='Sell' Limit price=7531 Stop price=0 Quantity=1 Type='Limit' Time in force=GTC Oco='72d88971f88e4960b7c1d7a0f38625a3' Filled=0 Fill price=0 Error='No error' Native error='',
7/16/2026 7:51:01 PM,Order,Order='4a390e28c4f343518db380bcbc3959b3/Sim101' Name='Stop2' New state='Accepted' Instrument='MES SEP26' Action='Sell' Limit price=0 Stop price=7525 Quantity=1 Type='Stop Market' Time in force=GTC Oco='72d88971f88e4960b7c1d7a0f38625a3' Filled=0 Fill price=0 Error='No error' Native error='',
7/16/2026 7:51:01 PM,Order,Order='85db44e5e5fd4ed9b9498f8d1a89a086/Sim101' Name='Stop1' New state='Accepted' Instrument='MES SEP26' Action='Sell' Limit price=0 Stop price=7525 Quantity=9 Type='Stop Market' Time in force=GTC Oco='c3af8fb0efaf4481b493addb6bc36400' Filled=0 Fill price=0 Error='No error' Native error='',
7/16/2026 7:51:01 PM,Order,Order='010ad6dd6fee4bbeb3448e39ba279086/Sim101' Name='Target1' New state='Accepted' Instrument='MES SEP26' Action='Sell' Limit price=7530 Stop price=0 Quantity=9 Type='Limit' Time in force=GTC Oco='c3af8fb0efaf4481b493addb6bc36400' Filled=0 Fill price=0 Error='No error' Native error='',
7/16/2026 7:51:01 PM,Order,Order='010ad6dd6fee4bbeb3448e39ba279086/Sim101' Name='Target1' New state='Working' Instrument='MES SEP26' Action='Sell' Limit price=7530 Stop price=0 Quantity=9 Type='Limit' Time in force=GTC Oco='c3af8fb0efaf4481b493addb6bc36400' Filled=0 Fill price=0 Error='No error' Native error='',
7/16/2026 7:51:01 PM,Order,Order='ec3357891b334599979ea90aef022b41/Sim101' Name='Target4' New state='Submitted' Instrument='MES SEP26' Action='Sell' Limit price=7533 Stop price=0 Quantity=1 Type='Limit' Time in force=GTC Oco='7f10e729067b47a0afb42c1240fb1477' Filled=0 Fill price=0 Error='No error' Native error='',
7/16/2026 7:51:01 PM,Order,Order='a0e27680c29248ecadafdd8497d96d9a/Sim101' Name='Stop4' New state='Submitted' Instrument='MES SEP26' Action='Sell' Limit price=0 Stop price=7525 Quantity=1 Type='Stop Market' Time in force=GTC Oco='7f10e729067b47a0afb42c1240fb1477' Filled=0 Fill price=0 Error='No error' Native error='',
7/16/2026 7:51:01 PM,Order,Order='2f2042e4ad2d47418c762a1ec221d20b/Sim101' Name='Target3' New state='Submitted' Instrument='MES SEP26' Action='Sell' Limit price=7532 Stop price=0 Quantity=1 Type='Limit' Time in force=GTC Oco='455f403d0f5a43e482a36e7790f46ab8' Filled=0 Fill price=0 Error='No error' Native error='',
7/16/2026 7:51:01 PM,Order,Order='3426d581ec1e4c1fabcc8361249806c6/Sim101' Name='Stop3' New state='Submitted' Instrument='MES SEP26' Action='Sell' Limit price=0 Stop price=7525 Quantity=1 Type='Stop Market' Time in force=GTC Oco='455f403d0f5a43e482a36e7790f46ab8' Filled=0 Fill price=0 Error='No error' Native error='',
7/16/2026 7:51:01 PM,Order,Order='281c620228f34a62839a700b72e44973/Sim101' Name='Target2' New state='Submitted' Instrument='MES SEP26' Action='Sell' Limit price=7531 Stop price=0 Quantity=1 Type='Limit' Time in force=GTC Oco='72d88971f88e4960b7c1d7a0f38625a3' Filled=0 Fill price=0 Error='No error' Native error='',
7/16/2026 7:51:01 PM,Order,Order='4a390e28c4f343518db380bcbc3959b3/Sim101' Name='Stop2' New state='Submitted' Instrument='MES SEP26' Action='Sell' Limit price=0 Stop price=7525 Quantity=1 Type='Stop Market' Time in force=GTC Oco='72d88971f88e4960b7c1d7a0f38625a3' Filled=0 Fill price=0 Error='No error' Native error='',
7/16/2026 7:51:01 PM,Order,Order='010ad6dd6fee4bbeb3448e39ba279086/Sim101' Name='Target1' New state='Submitted' Instrument='MES SEP26' Action='Sell' Limit price=7530 Stop price=0 Quantity=9 Type='Limit' Time in force=GTC Oco='c3af8fb0efaf4481b493addb6bc36400' Filled=0 Fill price=0 Error='No error' Native error='',
7/16/2026 7:51:01 PM,Order,Order='85db44e5e5fd4ed9b9498f8d1a89a086/Sim101' Name='Stop1' New state='Submitted' Instrument='MES SEP26' Action='Sell' Limit price=0 Stop price=7525 Quantity=9 Type='Stop Market' Time in force=GTC Oco='c3af8fb0efaf4481b493addb6bc36400' Filled=0 Fill price=0 Error='No error' Native error='',
7/16/2026 7:51:01 PM,Execution,Execution='872efb8a9e8a46e1a93845384fa99a1f' Instrument='MES SEP26' Account='Sim101' Exchange=Default Price=7529 Quantity=12 Market position=Long Operation=Operation_Add Order='02f23e7ba348405486af2ce9a370e97e' Time='7/16/2026 7:51 PM',
7/16/2026 7:51:01 PM,Position,Instrument='MES SEP26' Account='Sim101' Average price=7529 Quantity=12 Market position=Long Operation=Operation_Add,
7/16/2026 7:51:01 PM,Order,Order='02f23e7ba348405486af2ce9a370e97e/Sim101' Name='Entry' New state='Filled' Instrument='MES SEP26' Action='Buy' Limit price=0 Stop price=0 Quantity=12 Type='Market' Time in force=GTC Oco='' Filled=12 Fill price=7529 Error='No error' Native error='',
7/16/2026 7:51:01 PM,Order,Order='02f23e7ba348405486af2ce9a370e97e/Sim101' Name='Entry' New state='Working' Instrument='MES SEP26' Action='Buy' Limit price=0 Stop price=0 Quantity=12 Type='Market' Time in force=GTC Oco='' Filled=0 Fill price=0 Error='No error' Native error='',
7/16/2026 7:51:01 PM,Order,Order='02f23e7ba348405486af2ce9a370e97e/Sim101' Name='Entry' New state='Accepted' Instrument='MES SEP26' Action='Buy' Limit price=0 Stop price=0 Quantity=12 Type='Market' Time in force=GTC Oco='' Filled=0 Fill price=0 Error='No error' Native error='',
7/16/2026 7:51:00 PM,Order,Order='02f23e7ba348405486af2ce9a370e97e/Sim101' Name='Entry' New state='Submitted' Instrument='MES SEP26' Action='Buy' Limit price=0 Stop price=0 Quantity=12 Type='Market' Time in force=GTC Oco='' Filled=0 Fill price=0 Error='No error' Native error='',
7/16/2026 7:51:00 PM,Order,Chart Trader submitting order with strategy 'MES RMA 4SL 12Q - 1' (Ticks),
7/16/2026 7:48:09 PM,Position,Instrument='MES SEP26' Account='Sim102' Average price=0 Quantity=0 Market position=Flat Operation=Remove,
7/16/2026 7:48:09 PM,Execution,Execution='7c59cad03e2241758efa958d9ee1954e' Instrument='MES SEP26' Account='Sim102' Exchange=Default Price=7532 Quantity=9 Market position=Long Operation=Operation_Add Order='1828c59b6c8e48df9cb5d9a7b1f9924b' Time='7/16/2026 7:48 PM',
7/16/2026 7:48:09 PM,Order,Order='1828c59b6c8e48df9cb5d9a7b1f9924b/Sim102' Name='Close' New state='Filled' Instrument='MES SEP26' Action='Buy to cover' Limit price=0 Stop price=0 Quantity=12 Type='Market' Time in force=DAY Oco='' Filled=12 Fill price=7531.9375 Error='No error' Native error='',
7/16/2026 7:48:09 PM,Position,Instrument='MES SEP26' Account='Sim102' Average price=7531.1944444444443 Quantity=9 Market position=Short Operation=Update,
7/16/2026 7:48:09 PM,Order,Order='1828c59b6c8e48df9cb5d9a7b1f9924b/Sim102' Name='Close' New state='Partially filled' Instrument='MES SEP26' Action='Buy to cover' Limit price=0 Stop price=0 Quantity=12 Type='Market' Time in force=DAY Oco='' Filled=3 Fill price=7531.75 Error='No error' Native error='',
7/16/2026 7:48:09 PM,Execution,Execution='705cbc9d801e455da2f3acf321108ed8' Instrument='MES SEP26' Account='Sim102' Exchange=Default Price=7531.75 Quantity=3 Market position=Long Operation=Operation_Add Order='1828c59b6c8e48df9cb5d9a7b1f9924b' Time='7/16/2026 7:48 PM',
7/16/2026 7:48:09 PM,Order,Order='1828c59b6c8e48df9cb5d9a7b1f9924b/Sim102' Name='Close' New state='Accepted' Instrument='MES SEP26' Action='Buy to cover' Limit price=0 Stop price=0 Quantity=12 Type='Market' Time in force=DAY Oco='' Filled=0 Fill price=0 Error='No error' Native error='',
7/16/2026 7:48:09 PM,Order,Order='1828c59b6c8e48df9cb5d9a7b1f9924b/Sim102' Name='Close' New state='Working' Instrument='MES SEP26' Action='Buy to cover' Limit price=0 Stop price=0 Quantity=12 Type='Market' Time in force=DAY Oco='' Filled=0 Fill price=0 Error='No error' Native error='',
7/16/2026 7:48:09 PM,Order,Order='1828c59b6c8e48df9cb5d9a7b1f9924b/Sim102' Name='Close' New state='Submitted' Instrument='MES SEP26' Action='Buy to cover' Limit price=0 Stop price=0 Quantity=12 Type='Market' Time in force=DAY Oco='' Filled=0 Fill price=0 Error='No error' Native error='',
7/16/2026 7:48:09 PM,Order,Order='37a96b120771457da1aeef7a7e68c50e/Sim102' Name='Target4' New state='Cancelled' Instrument='MES SEP26' Action='Buy to cover' Limit price=7527.25 Stop price=0 Quantity=1 Type='Limit' Time in force=GTC Oco='0ab9e03e88484490ad8ecab90ccfadc7' Filled=0 Fill price=0 Error='No error' Native error='',
7/16/2026 7:48:09 PM,Order,Order='baca0e1f433d4283b0d67191bb908215/Sim102' Name='Stop4' New state='Cancelled' Instrument='MES SEP26' Action='Buy to cover' Limit price=0 Stop price=7535.25 Quantity=1 Type='Stop Market' Time in force=GTC Oco='0ab9e03e88484490ad8ecab90ccfadc7' Filled=0 Fill price=0 Error='No error' Native error='',
7/16/2026 7:48:09 PM,Order,Order='62092648b5cf43a8b6ab9815f50530d2/Sim102' Name='Target3' New state='Cancelled' Instrument='MES SEP26' Action='Buy to cover' Limit price=7528.25 Stop price=0 Quantity=1 Type='Limit' Time in force=GTC Oco='2d5daf6122264d5cbcda78c0bc02d870' Filled=0 Fill price=0 Error='No error' Native error='',
7/16/2026 7:48:09 PM,Order,Order='a9f3c6382953493d8f4c7e71c84f2739/Sim102' Name='Stop3' New state='Cancelled' Instrument='MES SEP26' Action='Buy to cover' Limit price=0 Stop price=7535.25 Quantity=1 Type='Stop Market' Time in force=GTC Oco='2d5daf6122264d5cbcda78c0bc02d870' Filled=0 Fill price=0 Error='No error' Native error='',
7/16/2026 7:48:09 PM,Order,Order='f51861cc49af4aad9fe1625df4d15ea5/Sim102' Name='Stop1' New state='Cancelled' Instrument='MES SEP26' Action='Buy to cover' Limit price=0 Stop price=7535.25 Quantity=9 Type='Stop Market' Time in force=GTC Oco='3da3f6037285434fb2a2d65d3c173048' Filled=0 Fill price=0 Error='No error' Native error='',
7/16/2026 7:48:09 PM,Order,Order='00a0923b42414afcbc30b81783f579dd/Sim102' Name='Stop2' New state='Cancelled' Instrument='MES SEP26' Action='Buy to cover' Limit price=0 Stop price=7535.25 Quantity=1 Type='Stop Market' Time in force=GTC Oco='63a58ae51cdc42e19140a364a7a3e659' Filled=0 Fill price=0 Error='No error' Native error='',
7/16/2026 7:48:09 PM,Order,Order='a8fdc147d67e4b9ab68cb56d8a218bea/Sim102' Name='Target2' New state='Cancelled' Instrument='MES SEP26' Action='Buy to cover' Limit price=7529.25 Stop price=0 Quantity=1 Type='Limit' Time in force=GTC Oco='63a58ae51cdc42e19140a364a7a3e659' Filled=0 Fill price=0 Error='No error' Native error='',
7/16/2026 7:48:09 PM,Order,Order='e5bbf218bd3d48a39d2132003a505532/Sim102' Name='Target1' New state='Cancelled' Instrument='MES SEP26' Action='Buy to cover' Limit price=7530.25 Stop price=0 Quantity=9 Type='Limit' Time in force=GTC Oco='3da3f6037285434fb2a2d65d3c173048' Filled=0 Fill price=0 Error='No error' Native error='',
7/16/2026 7:48:09 PM,Order,Order='baca0e1f433d4283b0d67191bb908215/Sim102' Name='Stop4' New state='Cancel submitted' Instrument='MES SEP26' Action='Buy to cover' Limit price=0 Stop price=7535.25 Quantity=1 Type='Stop Market' Time in force=GTC Oco='0ab9e03e88484490ad8ecab90ccfadc7' Filled=0 Fill price=0 Error='No error' Native error='',
7/16/2026 7:48:09 PM,Order,Order='a9f3c6382953493d8f4c7e71c84f2739/Sim102' Name='Stop3' New state='Cancel submitted' Instrument='MES SEP26' Action='Buy to cover' Limit price=0 Stop price=7535.25 Quantity=1 Type='Stop Market' Time in force=GTC Oco='2d5daf6122264d5cbcda78c0bc02d870' Filled=0 Fill price=0 Error='No error' Native error='',
7/16/2026 7:48:09 PM,Order,Order='00a0923b42414afcbc30b81783f579dd/Sim102' Name='Stop2' New state='Cancel submitted' Instrument='MES SEP26' Action='Buy to cover' Limit price=0 Stop price=7535.25 Quantity=1 Type='Stop Market' Time in force=GTC Oco='63a58ae51cdc42e19140a364a7a3e659' Filled=0 Fill price=0 Error='No error' Native error='',
7/16/2026 7:48:09 PM,Order,Order='f51861cc49af4aad9fe1625df4d15ea5/Sim102' Name='Stop1' New state='Cancel submitted' Instrument='MES SEP26' Action='Buy to cover' Limit price=0 Stop price=7535.25 Quantity=9 Type='Stop Market' Time in force=GTC Oco='3da3f6037285434fb2a2d65d3c173048' Filled=0 Fill price=0 Error='No error' Native error='',
7/16/2026 7:48:09 PM,Order,Order='37a96b120771457da1aeef7a7e68c50e/Sim102' Name='Target4' New state='Cancel submitted' Instrument='MES SEP26' Action='Buy to cover' Limit price=7527.25 Stop price=0 Quantity=1 Type='Limit' Time in force=GTC Oco='0ab9e03e88484490ad8ecab90ccfadc7' Filled=0 Fill price=0 Error='No error' Native error='',
7/16/2026 7:48:09 PM,Order,Order='62092648b5cf43a8b6ab9815f50530d2/Sim102' Name='Target3' New state='Cancel submitted' Instrument='MES SEP26' Action='Buy to cover' Limit price=7528.25 Stop price=0 Quantity=1 Type='Limit' Time in force=GTC Oco='2d5daf6122264d5cbcda78c0bc02d870' Filled=0 Fill price=0 Error='No error' Native error='',
7/16/2026 7:48:09 PM,Order,Order='a8fdc147d67e4b9ab68cb56d8a218bea/Sim102' Name='Target2' New state='Cancel submitted' Instrument='MES SEP26' Action='Buy to cover' Limit price=7529.25 Stop price=0 Quantity=1 Type='Limit' Time in force=GTC Oco='63a58ae51cdc42e19140a364a7a3e659' Filled=0 Fill price=0 Error='No error' Native error='',
7/16/2026 7:48:09 PM,Order,Order='e5bbf218bd3d48a39d2132003a505532/Sim102' Name='Target1' New state='Cancel submitted' Instrument='MES SEP26' Action='Buy to cover' Limit price=7530.25 Stop price=0 Quantity=9 Type='Limit' Time in force=GTC Oco='3da3f6037285434fb2a2d65d3c173048' Filled=0 Fill price=0 Error='No error' Native error='',
7/16/2026 7:48:09 PM,Default,Chart Trader close position,
7/16/2026 7:48:08 PM,Position,Instrument='MES SEP26' Account='Sim101' Average price=0 Quantity=0 Market position=Flat Operation=Remove,
7/16/2026 7:48:08 PM,Order,Order='4cf4637646fe45039fbf4c576b88679e/Sim101' Name='Close' New state='Filled' Instrument='MES SEP26' Action='Sell' Limit price=0 Stop price=0 Quantity=12 Type='Market' Time in force=DAY Oco='' Filled=12 Fill price=7531.5 Error='No error' Native error='',
7/16/2026 7:48:08 PM,Execution,Execution='cbd2bd468e1e498585ba611919f41406' Instrument='MES SEP26' Account='Sim101' Exchange=Default Price=7531.5 Quantity=12 Market position=Short Operation=Operation_Add Order='4cf4637646fe45039fbf4c576b88679e' Time='7/16/2026 7:48 PM',
7/16/2026 7:48:08 PM,Order,Order='4cf4637646fe45039fbf4c576b88679e/Sim101' Name='Close' New state='Accepted' Instrument='MES SEP26' Action='Sell' Limit price=0 Stop price=0 Quantity=12 Type='Market' Time in force=DAY Oco='' Filled=0 Fill price=0 Error='No error' Native error='',
7/16/2026 7:48:08 PM,Order,Order='4cf4637646fe45039fbf4c576b88679e/Sim101' Name='Close' New state='Working' Instrument='MES SEP26' Action='Sell' Limit price=0 Stop price=0 Quantity=12 Type='Market' Time in force=DAY Oco='' Filled=0 Fill price=0 Error='No error' Native error='',
7/16/2026 7:48:08 PM,Order,Order='4cf4637646fe45039fbf4c576b88679e/Sim101' Name='Close' New state='Submitted' Instrument='MES SEP26' Action='Sell' Limit price=0 Stop price=0 Quantity=12 Type='Market' Time in force=DAY Oco='' Filled=0 Fill price=0 Error='No error' Native error='',
7/16/2026 7:48:08 PM,Order,Order='6c4c6c5c82d64cf9ab62871ce4814cf7/Sim101' Name='Stop3' New state='Cancelled' Instrument='MES SEP26' Action='Sell' Limit price=0 Stop price=7527.5 Quantity=1 Type='Stop Market' Time in force=GTC Oco='20d4ce872df74d6f9c548504e1d0c12f' Filled=0 Fill price=0 Error='No error' Native error='',
7/16/2026 7:48:08 PM,Order,Order='512e264055b24fb5840d5b320e01de05/Sim101' Name='Stop1' New state='Cancelled' Instrument='MES SEP26' Action='Sell' Limit price=0 Stop price=7527.5 Quantity=9 Type='Stop Market' Time in force=GTC Oco='603b6a68343849dd8c522e4ed5ae2750' Filled=0 Fill price=0 Error='No error' Native error='',
7/16/2026 7:48:08 PM,Order,Order='54389c8f8e0a4a5189a844744fbdb6ea/Sim101' Name='Stop2' New state='Cancelled' Instrument='MES SEP26' Action='Sell' Limit price=0 Stop price=7527.5 Quantity=1 Type='Stop Market' Time in force=GTC Oco='066fce1993bc4513b41cb249f05f618e' Filled=0 Fill price=0 Error='No error' Native error='',
7/16/2026 7:48:08 PM,Order,Order='fe2bfe8bc15d4fcb8862ac6c77a12b4b/Sim101' Name='Target4' New state='Cancelled' Instrument='MES SEP26' Action='Sell' Limit price=7535.5 Stop price=0 Quantity=1 Type='Limit' Time in force=GTC Oco='e01e0a08a2404f89857d1a502e1a81fe' Filled=0 Fill price=0 Error='No error' Native error='',
7/16/2026 7:48:08 PM,Order,Order='b4efde994e594839b3a2f1ddceca7a60/Sim101' Name='Target3' New state='Cancelled' Instrument='MES SEP26' Action='Sell' Limit price=7534.5 Stop price=0 Quantity=1 Type='Limit' Time in force=GTC Oco='20d4ce872df74d6f9c548504e1d0c12f' Filled=0 Fill price=0 Error='No error' Native error='',
7/16/2026 7:48:08 PM,Order,Order='e4e24929181c4e4f99a927c47a1cab85/Sim101' Name='Stop4' New state='Cancelled' Instrument='MES SEP26' Action='Sell' Limit price=0 Stop price=7527.5 Quantity=1 Type='Stop Market' Time in force=GTC Oco='e01e0a08a2404f89857d1a502e1a81fe' Filled=0 Fill price=0 Error='No error' Native error='',
7/16/2026 7:48:08 PM,Order,Order='305296aedd374cffb304881421a51eb2/Sim101' Name='Target2' New state='Cancelled' Instrument='MES SEP26' Action='Sell' Limit price=7533.5 Stop price=0 Quantity=1 Type='Limit' Time in force=GTC Oco='066fce1993bc4513b41cb249f05f618e' Filled=0 Fill price=0 Error='No error' Native error='',
7/16/2026 7:48:08 PM,Order,Order='5060fdfc8e004146955ef57545d3065e/Sim101' Name='Target1' New state='Cancelled' Instrument='MES SEP26' Action='Sell' Limit price=7532.5 Stop price=0 Quantity=9 Type='Limit' Time in force=GTC Oco='603b6a68343849dd8c522e4ed5ae2750' Filled=0 Fill price=0 Error='No error' Native error='',
7/16/2026 7:48:08 PM,Order,Order='e4e24929181c4e4f99a927c47a1cab85/Sim101' Name='Stop4' New state='Cancel submitted' Instrument='MES SEP26' Action='Sell' Limit price=0 Stop price=7527.5 Quantity=1 Type='Stop Market' Time in force=GTC Oco='e01e0a08a2404f89857d1a502e1a81fe' Filled=0 Fill price=0 Error='No error' Native error='',
7/16/2026 7:48:08 PM,Order,Order='6c4c6c5c82d64cf9ab62871ce4814cf7/Sim101' Name='Stop3' New state='Cancel submitted' Instrument='MES SEP26' Action='Sell' Limit price=0 Stop price=7527.5 Quantity=1 Type='Stop Market' Time in force=GTC Oco='20d4ce872df74d6f9c548504e1d0c12f' Filled=0 Fill price=0 Error='No error' Native error='',
7/16/2026 7:48:08 PM,Order,Order='54389c8f8e0a4a5189a844744fbdb6ea/Sim101' Name='Stop2' New state='Cancel submitted' Instrument='MES SEP26' Action='Sell' Limit price=0 Stop price=7527.5 Quantity=1 Type='Stop Market' Time in force=GTC Oco='066fce1993bc4513b41cb249f05f618e' Filled=0 Fill price=0 Error='No error' Native error='',
7/16/2026 7:48:08 PM,Order,Order='512e264055b24fb5840d5b320e01de05/Sim101' Name='Stop1' New state='Cancel submitted' Instrument='MES SEP26' Action='Sell' Limit price=0 Stop price=7527.5 Quantity=9 Type='Stop Market' Time in force=GTC Oco='603b6a68343849dd8c522e4ed5ae2750' Filled=0 Fill price=0 Error='No error' Native error='',
7/16/2026 7:48:08 PM,Order,Order='fe2bfe8bc15d4fcb8862ac6c77a12b4b/Sim101' Name='Target4' New state='Cancel submitted' Instrument='MES SEP26' Action='Sell' Limit price=7535.5 Stop price=0 Quantity=1 Type='Limit' Time in force=GTC Oco='e01e0a08a2404f89857d1a502e1a81fe' Filled=0 Fill price=0 Error='No error' Native error='',
7/16/2026 7:48:08 PM,Order,Order='b4efde994e594839b3a2f1ddceca7a60/Sim101' Name='Target3' New state='Cancel submitted' Instrument='MES SEP26' Action='Sell' Limit price=7534.5 Stop price=0 Quantity=1 Type='Limit' Time in force=GTC Oco='20d4ce872df74d6f9c548504e1d0c12f' Filled=0 Fill price=0 Error='No error' Native error='',
7/16/2026 7:48:08 PM,Order,Order='305296aedd374cffb304881421a51eb2/Sim101' Name='Target2' New state='Cancel submitted' Instrument='MES SEP26' Action='Sell' Limit price=7533.5 Stop price=0 Quantity=1 Type='Limit' Time in force=GTC Oco='066fce1993bc4513b41cb249f05f618e' Filled=0 Fill price=0 Error='No error' Native error='',
7/16/2026 7:48:08 PM,Order,Order='5060fdfc8e004146955ef57545d3065e/Sim101' Name='Target1' New state='Cancel submitted' Instrument='MES SEP26' Action='Sell' Limit price=7532.5 Stop price=0 Quantity=9 Type='Limit' Time in force=GTC Oco='603b6a68343849dd8c522e4ed5ae2750' Filled=0 Fill price=0 Error='No error' Native error='',
7/16/2026 7:48:08 PM,Default,Chart Trader close position,
7/16/2026 7:46:45 PM,Order,Order='37a96b120771457da1aeef7a7e68c50e/Sim102' Name='Target4' New state='Accepted' Instrument='MES SEP26' Action='Buy to cover' Limit price=7527.25 Stop price=0 Quantity=1 Type='Limit' Time in force=GTC Oco='0ab9e03e88484490ad8ecab90ccfadc7' Filled=0 Fill price=0 Error='No error' Native error='',
7/16/2026 7:46:45 PM,Order,Order='37a96b120771457da1aeef7a7e68c50e/Sim102' Name='Target4' New state='Working' Instrument='MES SEP26' Action='Buy to cover' Limit price=7527.25 Stop price=0 Quantity=1 Type='Limit' Time in force=GTC Oco='0ab9e03e88484490ad8ecab90ccfadc7' Filled=0 Fill price=0 Error='No error' Native error='',
7/16/2026 7:46:45 PM,Order,Order='baca0e1f433d4283b0d67191bb908215/Sim102' Name='Stop4' New state='Accepted' Instrument='MES SEP26' Action='Buy to cover' Limit price=0 Stop price=7535.25 Quantity=1 Type='Stop Market' Time in force=GTC Oco='0ab9e03e88484490ad8ecab90ccfadc7' Filled=0 Fill price=0 Error='No error' Native error='',
7/16/2026 7:46:45 PM,Order,Order='a8fdc147d67e4b9ab68cb56d8a218bea/Sim102' Name='Target2' New state='Working' Instrument='MES SEP26' Action='Buy to cover' Limit price=7529.25 Stop price=0 Quantity=1 Type='Limit' Time in force=GTC Oco='63a58ae51cdc42e19140a364a7a3e659' Filled=0 Fill price=0 Error='No error' Native error='',
7/16/2026 7:46:45 PM,Order,Order='a8fdc147d67e4b9ab68cb56d8a218bea/Sim102' Name='Target2' New state='Accepted' Instrument='MES SEP26' Action='Buy to cover' Limit price=7529.25 Stop price=0 Quantity=1 Type='Limit' Time in force=GTC Oco='63a58ae51cdc42e19140a364a7a3e659' Filled=0 Fill price=0 Error='No error' Native error='',
7/16/2026 7:46:45 PM,Order,Order='a9f3c6382953493d8f4c7e71c84f2739/Sim102' Name='Stop3' New state='Accepted' Instrument='MES SEP26' Action='Buy to cover' Limit price=0 Stop price=7535.25 Quantity=1 Type='Stop Market' Time in force=GTC Oco='2d5daf6122264d5cbcda78c0bc02d870' Filled=0 Fill price=0 Error='No error' Native error='',
7/16/2026 7:46:45 PM,Order,Order='62092648b5cf43a8b6ab9815f50530d2/Sim102' Name='Target3' New state='Working' Instrument='MES SEP26' Action='Buy to cover' Limit price=7528.25 Stop price=0 Quantity=1 Type='Limit' Time in force=GTC Oco='2d5daf6122264d5cbcda78c0bc02d870' Filled=0 Fill price=0 Error='No error' Native error='',
7/16/2026 7:46:45 PM,Order,Order='62092648b5cf43a8b6ab9815f50530d2/Sim102' Name='Target3' New state='Accepted' Instrument='MES SEP26' Action='Buy to cover' Limit price=7528.25 Stop price=0 Quantity=1 Type='Limit' Time in force=GTC Oco='2d5daf6122264d5cbcda78c0bc02d870' Filled=0 Fill price=0 Error='No error' Native error='',
7/16/2026 7:46:45 PM,Order,Order='e5bbf218bd3d48a39d2132003a505532/Sim102' Name='Target1' New state='Accepted' Instrument='MES SEP26' Action='Buy to cover' Limit price=7530.25 Stop price=0 Quantity=9 Type='Limit' Time in force=GTC Oco='3da3f6037285434fb2a2d65d3c173048' Filled=0 Fill price=0 Error='No error' Native error='',
7/16/2026 7:46:45 PM,Order,Order='00a0923b42414afcbc30b81783f579dd/Sim102' Name='Stop2' New state='Accepted' Instrument='MES SEP26' Action='Buy to cover' Limit price=0 Stop price=7535.25 Quantity=1 Type='Stop Market' Time in force=GTC Oco='63a58ae51cdc42e19140a364a7a3e659' Filled=0 Fill price=0 Error='No error' Native error='',
7/16/2026 7:46:45 PM,Order,Order='e5bbf218bd3d48a39d2132003a505532/Sim102' Name='Target1' New state='Working' Instrument='MES SEP26' Action='Buy to cover' Limit price=7530.25 Stop price=0 Quantity=9 Type='Limit' Time in force=GTC Oco='3da3f6037285434fb2a2d65d3c173048' Filled=0 Fill price=0 Error='No error' Native error='',
7/16/2026 7:46:45 PM,Order,Order='f51861cc49af4aad9fe1625df4d15ea5/Sim102' Name='Stop1' New state='Accepted' Instrument='MES SEP26' Action='Buy to cover' Limit price=0 Stop price=7535.25 Quantity=9 Type='Stop Market' Time in force=GTC Oco='3da3f6037285434fb2a2d65d3c173048' Filled=0 Fill price=0 Error='No error' Native error='',
7/16/2026 7:46:45 PM,Order,Order='37a96b120771457da1aeef7a7e68c50e/Sim102' Name='Target4' New state='Submitted' Instrument='MES SEP26' Action='Buy to cover' Limit price=7527.25 Stop price=0 Quantity=1 Type='Limit' Time in force=GTC Oco='0ab9e03e88484490ad8ecab90ccfadc7' Filled=0 Fill price=0 Error='No error' Native error='',
7/16/2026 7:46:45 PM,Order,Order='baca0e1f433d4283b0d67191bb908215/Sim102' Name='Stop4' New state='Submitted' Instrument='MES SEP26' Action='Buy to cover' Limit price=0 Stop price=7535.25 Quantity=1 Type='Stop Market' Time in force=GTC Oco='0ab9e03e88484490ad8ecab90ccfadc7' Filled=0 Fill price=0 Error='No error' Native error='',
7/16/2026 7:46:45 PM,Order,Order='62092648b5cf43a8b6ab9815f50530d2/Sim102' Name='Target3' New state='Submitted' Instrument='MES SEP26' Action='Buy to cover' Limit price=7528.25 Stop price=0 Quantity=1 Type='Limit' Time in force=GTC Oco='2d5daf6122264d5cbcda78c0bc02d870' Filled=0 Fill price=0 Error='No error' Native error='',
7/16/2026 7:46:45 PM,Order,Order='a9f3c6382953493d8f4c7e71c84f2739/Sim102' Name='Stop3' New state='Submitted' Instrument='MES SEP26' Action='Buy to cover' Limit price=0 Stop price=7535.25 Quantity=1 Type='Stop Market' Time in force=GTC Oco='2d5daf6122264d5cbcda78c0bc02d870' Filled=0 Fill price=0 Error='No error' Native error='',
7/16/2026 7:46:45 PM,Order,Order='a8fdc147d67e4b9ab68cb56d8a218bea/Sim102' Name='Target2' New state='Submitted' Instrument='MES SEP26' Action='Buy to cover' Limit price=7529.25 Stop price=0 Quantity=1 Type='Limit' Time in force=GTC Oco='63a58ae51cdc42e19140a364a7a3e659' Filled=0 Fill price=0 Error='No error' Native error='',
7/16/2026 7:46:45 PM,Order,Order='00a0923b42414afcbc30b81783f579dd/Sim102' Name='Stop2' New state='Submitted' Instrument='MES SEP26' Action='Buy to cover' Limit price=0 Stop price=7535.25 Quantity=1 Type='Stop Market' Time in force=GTC Oco='63a58ae51cdc42e19140a364a7a3e659' Filled=0 Fill price=0 Error='No error' Native error='',
7/16/2026 7:46:45 PM,Order,Order='e5bbf218bd3d48a39d2132003a505532/Sim102' Name='Target1' New state='Submitted' Instrument='MES SEP26' Action='Buy to cover' Limit price=7530.25 Stop price=0 Quantity=9 Type='Limit' Time in force=GTC Oco='3da3f6037285434fb2a2d65d3c173048' Filled=0 Fill price=0 Error='No error' Native error='',
7/16/2026 7:46:45 PM,Order,Order='f51861cc49af4aad9fe1625df4d15ea5/Sim102' Name='Stop1' New state='Submitted' Instrument='MES SEP26' Action='Buy to cover' Limit price=0 Stop price=7535.25 Quantity=9 Type='Stop Market' Time in force=GTC Oco='3da3f6037285434fb2a2d65d3c173048' Filled=0 Fill price=0 Error='No error' Native error='',
7/16/2026 7:46:45 PM,Position,Instrument='MES SEP26' Account='Sim102' Average price=7531.208333333333 Quantity=12 Market position=Short Operation=Update,
7/16/2026 7:46:45 PM,Order,Order='dc248d9f1d85464db4a84d82ffbad447/Sim102' Name='Entry' New state='Filled' Instrument='MES SEP26' Action='Sell' Limit price=0 Stop price=0 Quantity=12 Type='Market' Time in force=GTC Oco='' Filled=12 Fill price=7531.208333333333 Error='No error' Native error='',
7/16/2026 7:46:45 PM,Execution,Execution='733dce67ce9d4a57ab281fdf669fd14a' Instrument='MES SEP26' Account='Sim102' Exchange=Default Price=7531 Quantity=2 Market position=Short Operation=Operation_Add Order='dc248d9f1d85464db4a84d82ffbad447' Time='7/16/2026 7:46 PM',
7/16/2026 7:46:45 PM,Execution,Execution='8bf5b118558046db8925d0b896e3d138' Instrument='MES SEP26' Account='Sim102' Exchange=Default Price=7531.25 Quantity=10 Market position=Short Operation=Operation_Add Order='dc248d9f1d85464db4a84d82ffbad447' Time='7/16/2026 7:46 PM',
7/16/2026 7:46:45 PM,Position,Instrument='MES SEP26' Account='Sim102' Average price=7531.25 Quantity=10 Market position=Short Operation=Operation_Add,
7/16/2026 7:46:45 PM,Order,Order='dc248d9f1d85464db4a84d82ffbad447/Sim102' Name='Entry' New state='Partially filled' Instrument='MES SEP26' Action='Sell' Limit price=0 Stop price=0 Quantity=12 Type='Market' Time in force=GTC Oco='' Filled=10 Fill price=7531.25 Error='No error' Native error='',
7/16/2026 7:46:45 PM,Order,Order='dc248d9f1d85464db4a84d82ffbad447/Sim102' Name='Entry' New state='Accepted' Instrument='MES SEP26' Action='Sell' Limit price=0 Stop price=0 Quantity=12 Type='Market' Time in force=GTC Oco='' Filled=0 Fill price=0 Error='No error' Native error='',
7/16/2026 7:46:45 PM,Order,Order='dc248d9f1d85464db4a84d82ffbad447/Sim102' Name='Entry' New state='Working' Instrument='MES SEP26' Action='Sell' Limit price=0 Stop price=0 Quantity=12 Type='Market' Time in force=GTC Oco='' Filled=0 Fill price=0 Error='No error' Native error='',
7/16/2026 7:46:45 PM,Order,Order='dc248d9f1d85464db4a84d82ffbad447/Sim102' Name='Entry' New state='Submitted' Instrument='MES SEP26' Action='Sell' Limit price=0 Stop price=0 Quantity=12 Type='Market' Time in force=GTC Oco='' Filled=0 Fill price=0 Error='No error' Native error='',
7/16/2026 7:46:45 PM,Order,Chart Trader submitting order with strategy 'MES RMA 4SL 12Q - 2' (Ticks),
7/16/2026 7:46:44 PM,Order,Order='b4efde994e594839b3a2f1ddceca7a60/Sim101' Name='Target3' New state='Working' Instrument='MES SEP26' Action='Sell' Limit price=7534.5 Stop price=0 Quantity=1 Type='Limit' Time in force=GTC Oco='20d4ce872df74d6f9c548504e1d0c12f' Filled=0 Fill price=0 Error='No error' Native error='',
7/16/2026 7:46:44 PM,Order,Order='e4e24929181c4e4f99a927c47a1cab85/Sim101' Name='Stop4' New state='Accepted' Instrument='MES SEP26' Action='Sell' Limit price=0 Stop price=7527.5 Quantity=1 Type='Stop Market' Time in force=GTC Oco='e01e0a08a2404f89857d1a502e1a81fe' Filled=0 Fill price=0 Error='No error' Native error='',
7/16/2026 7:46:44 PM,Order,Order='fe2bfe8bc15d4fcb8862ac6c77a12b4b/Sim101' Name='Target4' New state='Accepted' Instrument='MES SEP26' Action='Sell' Limit price=7535.5 Stop price=0 Quantity=1 Type='Limit' Time in force=GTC Oco='e01e0a08a2404f89857d1a502e1a81fe' Filled=0 Fill price=0 Error='No error' Native error='',
7/16/2026 7:46:44 PM,Order,Order='b4efde994e594839b3a2f1ddceca7a60/Sim101' Name='Target3' New state='Accepted' Instrument='MES SEP26' Action='Sell' Limit price=7534.5 Stop price=0 Quantity=1 Type='Limit' Time in force=GTC Oco='20d4ce872df74d6f9c548504e1d0c12f' Filled=0 Fill price=0 Error='No error' Native error='',
7/16/2026 7:46:44 PM,Order,Order='fe2bfe8bc15d4fcb8862ac6c77a12b4b/Sim101' Name='Target4' New state='Working' Instrument='MES SEP26' Action='Sell' Limit price=7535.5 Stop price=0 Quantity=1 Type='Limit' Time in force=GTC Oco='e01e0a08a2404f89857d1a502e1a81fe' Filled=0 Fill price=0 Error='No error' Native error='',
7/16/2026 7:46:44 PM,Order,Order='54389c8f8e0a4a5189a844744fbdb6ea/Sim101' Name='Stop2' New state='Accepted' Instrument='MES SEP26' Action='Sell' Limit price=0 Stop price=7527.5 Quantity=1 Type='Stop Market' Time in force=GTC Oco='066fce1993bc4513b41cb249f05f618e' Filled=0 Fill price=0 Error='No error' Native error='',
7/16/2026 7:46:44 PM,Order,Order='305296aedd374cffb304881421a51eb2/Sim101' Name='Target2' New state='Accepted' Instrument='MES SEP26' Action='Sell' Limit price=7533.5 Stop price=0 Quantity=1 Type='Limit' Time in force=GTC Oco='066fce1993bc4513b41cb249f05f618e' Filled=0 Fill price=0 Error='No error' Native error='',
7/16/2026 7:46:44 PM,Order,Order='305296aedd374cffb304881421a51eb2/Sim101' Name='Target2' New state='Working' Instrument='MES SEP26' Action='Sell' Limit price=7533.5 Stop price=0 Quantity=1 Type='Limit' Time in force=GTC Oco='066fce1993bc4513b41cb249f05f618e' Filled=0 Fill price=0 Error='No error' Native error='',
7/16/2026 7:46:44 PM,Order,Order='6c4c6c5c82d64cf9ab62871ce4814cf7/Sim101' Name='Stop3' New state='Accepted' Instrument='MES SEP26' Action='Sell' Limit price=0 Stop price=7527.5 Quantity=1 Type='Stop Market' Time in force=GTC Oco='20d4ce872df74d6f9c548504e1d0c12f' Filled=0 Fill price=0 Error='No error' Native error='',
7/16/2026 7:46:44 PM,Order,Order='5060fdfc8e004146955ef57545d3065e/Sim101' Name='Target1' New state='Working' Instrument='MES SEP26' Action='Sell' Limit price=7532.5 Stop price=0 Quantity=9 Type='Limit' Time in force=GTC Oco='603b6a68343849dd8c522e4ed5ae2750' Filled=0 Fill price=0 Error='No error' Native error='',
7/16/2026 7:46:44 PM,Order,Order='512e264055b24fb5840d5b320e01de05/Sim101' Name='Stop1' New state='Accepted' Instrument='MES SEP26' Action='Sell' Limit price=0 Stop price=7527.5 Quantity=9 Type='Stop Market' Time in force=GTC Oco='603b6a68343849dd8c522e4ed5ae2750' Filled=0 Fill price=0 Error='No error' Native error='',
7/16/2026 7:46:44 PM,Order,Order='5060fdfc8e004146955ef57545d3065e/Sim101' Name='Target1' New state='Accepted' Instrument='MES SEP26' Action='Sell' Limit price=7532.5 Stop price=0 Quantity=9 Type='Limit' Time in force=GTC Oco='603b6a68343849dd8c522e4ed5ae2750' Filled=0 Fill price=0 Error='No error' Native error='',
7/16/2026 7:46:44 PM,Order,Order='fe2bfe8bc15d4fcb8862ac6c77a12b4b/Sim101' Name='Target4' New state='Submitted' Instrument='MES SEP26' Action='Sell' Limit price=7535.5 Stop price=0 Quantity=1 Type='Limit' Time in force=GTC Oco='e01e0a08a2404f89857d1a502e1a81fe' Filled=0 Fill price=0 Error='No error' Native error='',
7/16/2026 7:46:44 PM,Order,Order='e4e24929181c4e4f99a927c47a1cab85/Sim101' Name='Stop4' New state='Submitted' Instrument='MES SEP26' Action='Sell' Limit price=0 Stop price=7527.5 Quantity=1 Type='Stop Market' Time in force=GTC Oco='e01e0a08a2404f89857d1a502e1a81fe' Filled=0 Fill price=0 Error='No error' Native error='',
7/16/2026 7:46:44 PM,Order,Order='b4efde994e594839b3a2f1ddceca7a60/Sim101' Name='Target3' New state='Submitted' Instrument='MES SEP26' Action='Sell' Limit price=7534.5 Stop price=0 Quantity=1 Type='Limit' Time in force=GTC Oco='20d4ce872df74d6f9c548504e1d0c12f' Filled=0 Fill price=0 Error='No error' Native error='',
7/16/2026 7:46:44 PM,Order,Order='6c4c6c5c82d64cf9ab62871ce4814cf7/Sim101' Name='Stop3' New state='Submitted' Instrument='MES SEP26' Action='Sell' Limit price=0 Stop price=7527.5 Quantity=1 Type='Stop Market' Time in force=GTC Oco='20d4ce872df74d6f9c548504e1d0c12f' Filled=0 Fill price=0 Error='No error' Native error='',
7/16/2026 7:46:44 PM,Order,Order='305296aedd374cffb304881421a51eb2/Sim101' Name='Target2' New state='Submitted' Instrument='MES SEP26' Action='Sell' Limit price=7533.5 Stop price=0 Quantity=1 Type='Limit' Time in force=GTC Oco='066fce1993bc4513b41cb249f05f618e' Filled=0 Fill price=0 Error='No error' Native error='',
7/16/2026 7:46:44 PM,Order,Order='54389c8f8e0a4a5189a844744fbdb6ea/Sim101' Name='Stop2' New state='Submitted' Instrument='MES SEP26' Action='Sell' Limit price=0 Stop price=7527.5 Quantity=1 Type='Stop Market' Time in force=GTC Oco='066fce1993bc4513b41cb249f05f618e' Filled=0 Fill price=0 Error='No error' Native error='',
7/16/2026 7:46:44 PM,Position,Instrument='MES SEP26' Account='Sim101' Average price=7531.5 Quantity=12 Market position=Long Operation=Operation_Add,
7/16/2026 7:46:44 PM,Order,Order='5060fdfc8e004146955ef57545d3065e/Sim101' Name='Target1' New state='Submitted' Instrument='MES SEP26' Action='Sell' Limit price=7532.5 Stop price=0 Quantity=9 Type='Limit' Time in force=GTC Oco='603b6a68343849dd8c522e4ed5ae2750' Filled=0 Fill price=0 Error='No error' Native error='',
7/16/2026 7:46:44 PM,Order,Order='512e264055b24fb5840d5b320e01de05/Sim101' Name='Stop1' New state='Submitted' Instrument='MES SEP26' Action='Sell' Limit price=0 Stop price=7527.5 Quantity=9 Type='Stop Market' Time in force=GTC Oco='603b6a68343849dd8c522e4ed5ae2750' Filled=0 Fill price=0 Error='No error' Native error='',
7/16/2026 7:46:44 PM,Execution,Execution='800a4c5b0c9741e7b761148f60b6ca04' Instrument='MES SEP26' Account='Sim101' Exchange=Default Price=7531.5 Quantity=12 Market position=Long Operation=Operation_Add Order='f80438c2df7d457082d0b8e8e24c6846' Time='7/16/2026 7:46 PM',
7/16/2026 7:46:44 PM,Order,Order='f80438c2df7d457082d0b8e8e24c6846/Sim101' Name='Entry' New state='Filled' Instrument='MES SEP26' Action='Buy' Limit price=0 Stop price=0 Quantity=12 Type='Market' Time in force=GTC Oco='' Filled=12 Fill price=7531.5 Error='No error' Native error='',
7/16/2026 7:46:44 PM,Order,Order='f80438c2df7d457082d0b8e8e24c6846/Sim101' Name='Entry' New state='Accepted' Instrument='MES SEP26' Action='Buy' Limit price=0 Stop price=0 Quantity=12 Type='Market' Time in force=GTC Oco='' Filled=0 Fill price=0 Error='No error' Native error='',
7/16/2026 7:46:44 PM,Order,Order='f80438c2df7d457082d0b8e8e24c6846/Sim101' Name='Entry' New state='Working' Instrument='MES SEP26' Action='Buy' Limit price=0 Stop price=0 Quantity=12 Type='Market' Time in force=GTC Oco='' Filled=0 Fill price=0 Error='No error' Native error='',
7/16/2026 7:46:44 PM,Order,Order='f80438c2df7d457082d0b8e8e24c6846/Sim101' Name='Entry' New state='Submitted' Instrument='MES SEP26' Action='Buy' Limit price=0 Stop price=0 Quantity=12 Type='Market' Time in force=GTC Oco='' Filled=0 Fill price=0 Error='No error' Native error='',
7/16/2026 7:46:43 PM,Order,Chart Trader submitting order with strategy 'MES RMA 4SL 12Q - 1' (Ticks),
7/16/2026 7:46:11 PM,Connection,Using HDS (hds-us-nt-019.ninjatrader.com/31655),
7/16/2026 7:46:11 PM,Connection,Time to auto close position='12:00:00 AM' Enabled=False,
7/16/2026 7:46:11 PM,Connection,My Rithmic for NinjaTrader Brokerage: Primary connection=Connected Price feed=Connected,
7/16/2026 7:45:56 PM,Default,Restoring workspace 'Testing'...,
7/16/2026 7:45:54 PM,Default,Auto close enabled=False,
7/16/2026 7:45:54 PM,Order,Order entry hot keys disabled,
7/16/2026 7:45:54 PM,Connection,My Rithmic for NinjaTrader Brokerage: Primary connection=Connecting Price feed=Connecting,
7/16/2026 7:45:54 PM,Default,Auto connecting 'My Rithmic for NinjaTrader Brokerage'...,
7/16/2026 7:45:54 PM,Connection,Using IS (is-us-nt-005.ninjatrader.com/31658),
7/16/2026 7:45:54 PM,Default,Automated trading disabled,
7/16/2026 7:45:51 PM,Default,Global simulation mode disabled,
7/16/2026 7:45:31 PM,Default,Session Break (Version 8.1.7.2),
7/16/2026 5:04:57 PM,Connection,My Rithmic for NinjaTrader Brokerage: Primary connection=Disconnected Price feed=Disconnected,
7/16/2026 5:04:56 PM,Connection,My Rithmic for NinjaTrader Brokerage: Primary connection=Disconnecting Price feed=Disconnecting,
7/16/2026 5:04:55 PM,Connection,There was a problem authenticating account malhitti Simulation. Please try reconnecting or contact support.,
7/16/2026 5:04:54 PM,Default,Workspace Testing not saved,
7/16/2026 5:04:27 PM,Connection,There was a problem authenticating account malhitti Simulation. Please try reconnecting or contact support.,
7/16/2026 5:03:56 PM,Connection,There was a problem authenticating account malhitti Simulation. Please try reconnecting or contact support.,
7/16/2026 5:03:26 PM,Connection,There was a problem authenticating account malhitti Simulation. Please try reconnecting or contact support.,
7/16/2026 5:02:55 PM,Connection,There was a problem authenticating account malhitti Simulation. Please try reconnecting or contact support.,
7/16/2026 5:02:25 PM,Connection,There was a problem authenticating account malhitti Simulation. Please try reconnecting or contact support.,
7/16/2026 5:01:54 PM,Connection,There was a problem authenticating account malhitti Simulation. Please try reconnecting or contact support.,
7/16/2026 5:01:24 PM,Connection,There was a problem authenticating account malhitti Simulation. Please try reconnecting or contact support.,
7/16/2026 5:00:53 PM,Connection,There was a problem authenticating account malhitti Simulation. Please try reconnecting or contact support.,
7/16/2026 5:00:23 PM,Connection,There was a problem authenticating account malhitti Simulation. Please try reconnecting or contact support.,
7/16/2026 4:59:52 PM,Connection,There was a problem authenticating account malhitti Simulation. Please try reconnecting or contact support.,
7/16/2026 4:59:22 PM,Connection,There was a problem authenticating account malhitti Simulation. Please try reconnecting or contact support.,
7/16/2026 4:58:52 PM,Connection,There was a problem authenticating account malhitti Simulation. Please try reconnecting or contact support.,
7/16/2026 4:58:21 PM,Connection,There was a problem authenticating account malhitti Simulation. Please try reconnecting or contact support.,
7/16/2026 3:53:56 PM,Position,Instrument='MES SEP26' Account='Sim102' Average price=0 Quantity=0 Market position=Flat Operation=Remove,
7/16/2026 3:53:56 PM,Order,Order='62504b4e4a8d47059a1273c7cc3d8d4c/Sim102' Name='Close' New state='Filled' Instrument='MES SEP26' Action='Buy to cover' Limit price=0 Stop price=0 Quantity=3 Type='Market' Time in force=DAY Oco='' Filled=3 Fill price=7564.75 Error='No error' Native error='',
7/16/2026 3:53:56 PM,Execution,Execution='d9d46c09a3d04057a5ff90497f6faf8f' Instrument='MES SEP26' Account='Sim102' Exchange=Default Price=7564.75 Quantity=3 Market position=Long Operation=Operation_Add Order='62504b4e4a8d47059a1273c7cc3d8d4c' Time='7/16/2026 3:53 PM',
7/16/2026 3:53:56 PM,Order,Order='62504b4e4a8d47059a1273c7cc3d8d4c/Sim102' Name='Close' New state='Working' Instrument='MES SEP26' Action='Buy to cover' Limit price=0 Stop price=0 Quantity=3 Type='Market' Time in force=DAY Oco='' Filled=0 Fill price=0 Error='No error' Native error='',
7/16/2026 3:53:56 PM,Order,Order='62504b4e4a8d47059a1273c7cc3d8d4c/Sim102' Name='Close' New state='Accepted' Instrument='MES SEP26' Action='Buy to cover' Limit price=0 Stop price=0 Quantity=3 Type='Market' Time in force=DAY Oco='' Filled=0 Fill price=0 Error='No error' Native error='',
7/16/2026 3:53:56 PM,Order,Order='62504b4e4a8d47059a1273c7cc3d8d4c/Sim102' Name='Close' New state='Submitted' Instrument='MES SEP26' Action='Buy to cover' Limit price=0 Stop price=0 Quantity=3 Type='Market' Time in force=DAY Oco='' Filled=0 Fill price=0 Error='No error' Native error='',
7/16/2026 3:53:56 PM,Order,Order='ad422dc16a9e4bdea97a9620a9a85cb0/Sim102' Name='Stop4' New state='Cancelled' Instrument='MES SEP26' Action='Buy to cover' Limit price=0 Stop price=7565.75 Quantity=1 Type='Stop Market' Time in force=GTC Oco='64f357ae79b74fd69003b8380c9a9ad5' Filled=0 Fill price=0 Error='No error' Native error='',
7/16/2026 3:53:56 PM,Order,Order='9ae45e9e7d764496a7ca685e2cd4144f/Sim102' Name='Target3' New state='Cancelled' Instrument='MES SEP26' Action='Buy to cover' Limit price=7563 Stop price=0 Quantity=1 Type='Limit' Time in force=GTC Oco='5635b41af35d41daa3f2b0221fd71a76' Filled=0 Fill price=0 Error='No error' Native error='',
7/16/2026 3:53:56 PM,Order,Order='94416f16d37b4cc197d29e4ef694e612/Sim102' Name='Target4' New state='Cancelled' Instrument='MES SEP26' Action='Buy to cover' Limit price=7562 Stop price=0 Quantity=1 Type='Limit' Time in force=GTC Oco='64f357ae79b74fd69003b8380c9a9ad5' Filled=0 Fill price=0 Error='No error' Native error='',
7/16/2026 3:53:56 PM,Order,Order='50e73da9b0474f6fbad35a4743c61522/Sim102' Name='Target2' New state='Cancelled' Instrument='MES SEP26' Action='Buy to cover' Limit price=7564 Stop price=0 Quantity=1 Type='Limit' Time in force=GTC Oco='da11037099d24999ae4471ed0cef60f2' Filled=0 Fill price=0 Error='No error' Native error='',
7/16/2026 3:53:56 PM,Order,Order='1b8410e82a1247b2b3f74a73265a0ea1/Sim102' Name='Stop3' New state='Cancelled' Instrument='MES SEP26' Action='Buy to cover' Limit price=0 Stop price=7565.75 Quantity=1 Type='Stop Market' Time in force=GTC Oco='5635b41af35d41daa3f2b0221fd71a76' Filled=0 Fill price=0 Error='No error' Native error='',
7/16/2026 3:53:56 PM,Order,Order='781d71e8f53943d28c68a9271e64feb7/Sim102' Name='Stop2' New state='Cancelled' Instrument='MES SEP26' Action='Buy to cover' Limit price=0 Stop price=7565.75 Quantity=1 Type='Stop Market' Time in force=GTC Oco='da11037099d24999ae4471ed0cef60f2' Filled=0 Fill price=0 Error='No error' Native error='',
7/16/2026 3:53:56 PM,Order,Order='ad422dc16a9e4bdea97a9620a9a85cb0/Sim102' Name='Stop4' New state='Cancel submitted' Instrument='MES SEP26' Action='Buy to cover' Limit price=0 Stop price=7565.75 Quantity=1 Type='Stop Market' Time in force=GTC Oco='64f357ae79b74fd69003b8380c9a9ad5' Filled=0 Fill price=0 Error='No error' Native error='',
7/16/2026 3:53:56 PM,Order,Order='1b8410e82a1247b2b3f74a73265a0ea1/Sim102' Name='Stop3' New state='Cancel submitted' Instrument='MES SEP26' Action='Buy to cover' Limit price=0 Stop price=7565.75 Quantity=1 Type='Stop Market' Time in force=GTC Oco='5635b41af35d41daa3f2b0221fd71a76' Filled=0 Fill price=0 Error='No error' Native error='',
7/16/2026 3:53:56 PM,Order,Order='781d71e8f53943d28c68a9271e64feb7/Sim102' Name='Stop2' New state='Cancel submitted' Instrument='MES SEP26' Action='Buy to cover' Limit price=0 Stop price=7565.75 Quantity=1 Type='Stop Market' Time in force=GTC Oco='da11037099d24999ae4471ed0cef60f2' Filled=0 Fill price=0 Error='No error' Native error='',
7/16/2026 3:53:56 PM,Order,Order='94416f16d37b4cc197d29e4ef694e612/Sim102' Name='Target4' New state='Cancel submitted' Instrument='MES SEP26' Action='Buy to cover' Limit price=7562 Stop price=0 Quantity=1 Type='Limit' Time in force=GTC Oco='64f357ae79b74fd69003b8380c9a9ad5' Filled=0 Fill price=0 Error='No error' Native error='',
7/16/2026 3:53:56 PM,Order,Order='9ae45e9e7d764496a7ca685e2cd4144f/Sim102' Name='Target3' New state='Cancel submitted' Instrument='MES SEP26' Action='Buy to cover' Limit price=7563 Stop price=0 Quantity=1 Type='Limit' Time in force=GTC Oco='5635b41af35d41daa3f2b0221fd71a76' Filled=0 Fill price=0 Error='No error' Native error='',
7/16/2026 3:53:56 PM,Order,Order='50e73da9b0474f6fbad35a4743c61522/Sim102' Name='Target2' New state='Cancel submitted' Instrument='MES SEP26' Action='Buy to cover' Limit price=7564 Stop price=0 Quantity=1 Type='Limit' Time in force=GTC Oco='da11037099d24999ae4471ed0cef60f2' Filled=0 Fill price=0 Error='No error' Native error='',
7/16/2026 3:53:56 PM,Default,Chart Trader close position,
7/16/2026 3:53:46 PM,Order,Order='ad422dc16a9e4bdea97a9620a9a85cb0/Sim102' Name='Stop4' New state='Accepted' Instrument='MES SEP26' Action='Buy to cover' Limit price=0 Stop price=7565.75 Quantity=1 Type='Stop Market' Time in force=GTC Oco='64f357ae79b74fd69003b8380c9a9ad5' Filled=0 Fill price=0 Error='No error' Native error='',
7/16/2026 3:53:46 PM,Order,Order='1b8410e82a1247b2b3f74a73265a0ea1/Sim102' Name='Stop3' New state='Accepted' Instrument='MES SEP26' Action='Buy to cover' Limit price=0 Stop price=7565.75 Quantity=1 Type='Stop Market' Time in force=GTC Oco='5635b41af35d41daa3f2b0221fd71a76' Filled=0 Fill price=0 Error='No error' Native error='',
7/16/2026 3:53:46 PM,Order,Order='781d71e8f53943d28c68a9271e64feb7/Sim102' Name='Stop2' New state='Accepted' Instrument='MES SEP26' Action='Buy to cover' Limit price=0 Stop price=7565.75 Quantity=1 Type='Stop Market' Time in force=GTC Oco='da11037099d24999ae4471ed0cef60f2' Filled=0 Fill price=0 Error='No error' Native error='',
7/16/2026 3:53:46 PM,Order,Order='ad422dc16a9e4bdea97a9620a9a85cb0/Sim102' Name='Stop4' New state='Change submitted' Instrument='MES SEP26' Action='Buy to cover' Limit price=0 Stop price=7565.75 Quantity=1 Type='Stop Market' Time in force=GTC Oco='64f357ae79b74fd69003b8380c9a9ad5' Filled=0 Fill price=0 Error='No error' Native error='',
7/16/2026 3:53:46 PM,Order,Auto breakeven price modification from '7570.00' to '7565.75',
7/16/2026 3:53:46 PM,Order,Order='1b8410e82a1247b2b3f74a73265a0ea1/Sim102' Name='Stop3' New state='Change submitted' Instrument='MES SEP26' Action='Buy to cover' Limit price=0 Stop price=7565.75 Quantity=1 Type='Stop Market' Time in force=GTC Oco='5635b41af35d41daa3f2b0221fd71a76' Filled=0 Fill price=0 Error='No error' Native error='',
7/16/2026 3:53:46 PM,Order,Order='781d71e8f53943d28c68a9271e64feb7/Sim102' Name='Stop2' New state='Change submitted' Instrument='MES SEP26' Action='Buy to cover' Limit price=0 Stop price=7565.75 Quantity=1 Type='Stop Market' Time in force=GTC Oco='da11037099d24999ae4471ed0cef60f2' Filled=0 Fill price=0 Error='No error' Native error='',
7/16/2026 3:53:46 PM,Order,Auto breakeven price modification from '7570.00' to '7565.75',
7/16/2026 3:53:46 PM,Order,Auto breakeven price modification from '7570.00' to '7565.75',
7/16/2026 3:50:46 PM,Position,Instrument='MES SEP26' Account='Sim101' Average price=0 Quantity=0 Market position=Flat Operation=Remove,
7/16/2026 3:50:46 PM,Execution,Execution='e5b2e32745e548f9baed71d01bd145e9' Instrument='MES SEP26' Account='Sim101' Exchange=Default Price=7566 Quantity=12 Market position=Short Operation=Operation_Add Order='8412bad33c334c33a6acbccf6df4445d' Time='7/16/2026 3:50 PM',
7/16/2026 3:50:46 PM,Order,Order='8412bad33c334c33a6acbccf6df4445d/Sim101' Name='Close' New state='Filled' Instrument='MES SEP26' Action='Sell' Limit price=0 Stop price=0 Quantity=12 Type='Market' Time in force=DAY Oco='' Filled=12 Fill price=7566 Error='No error' Native error='',
7/16/2026 3:50:46 PM,Order,Order='8412bad33c334c33a6acbccf6df4445d/Sim101' Name='Close' New state='Accepted' Instrument='MES SEP26' Action='Sell' Limit price=0 Stop price=0 Quantity=12 Type='Market' Time in force=DAY Oco='' Filled=0 Fill price=0 Error='No error' Native error='',
7/16/2026 3:50:46 PM,Order,Order='8412bad33c334c33a6acbccf6df4445d/Sim101' Name='Close' New state='Working' Instrument='MES SEP26' Action='Sell' Limit price=0 Stop price=0 Quantity=12 Type='Market' Time in force=DAY Oco='' Filled=0 Fill price=0 Error='No error' Native error='',
7/16/2026 3:50:46 PM,Order,Order='8412bad33c334c33a6acbccf6df4445d/Sim101' Name='Close' New state='Submitted' Instrument='MES SEP26' Action='Sell' Limit price=0 Stop price=0 Quantity=12 Type='Market' Time in force=DAY Oco='' Filled=0 Fill price=0 Error='No error' Native error='',
7/16/2026 3:50:46 PM,Order,Order='4777eb549fce4bb6a97a3241fc0e04c3/Sim101' Name='Stop4' New state='Cancelled' Instrument='MES SEP26' Action='Sell' Limit price=0 Stop price=7562.25 Quantity=1 Type='Stop Market' Time in force=GTC Oco='859e7fc7c9244b72b8ee86c97117ac19' Filled=0 Fill price=0 Error='No error' Native error='',
7/16/2026 3:50:46 PM,Order,Order='91757c0e2191419b80162ab18e561dc2/Sim101' Name='Stop1' New state='Cancelled' Instrument='MES SEP26' Action='Sell' Limit price=0 Stop price=7562.25 Quantity=9 Type='Stop Market' Time in force=GTC Oco='2574c0be283c472fa0d560744ac8c56c' Filled=0 Fill price=0 Error='No error' Native error='',
7/16/2026 3:50:46 PM,Order,Order='3af0d4f2aa63443cb234b24d930f0ada/Sim101' Name='Target3' New state='Cancelled' Instrument='MES SEP26' Action='Sell' Limit price=7569.25 Stop price=0 Quantity=1 Type='Limit' Time in force=GTC Oco='f0fb43ccf27d41b789a08f7e1f098135' Filled=0 Fill price=0 Error='No error' Native error='',
7/16/2026 3:50:46 PM,Order,Order='e5bf7c9af6a44986976fa7863dfd019c/Sim101' Name='Target4' New state='Cancelled' Instrument='MES SEP26' Action='Sell' Limit price=7570.25 Stop price=0 Quantity=1 Type='Limit' Time in force=GTC Oco='859e7fc7c9244b72b8ee86c97117ac19' Filled=0 Fill price=0 Error='No error' Native error='',
7/16/2026 3:50:46 PM,Order,Order='f01ec21a4a89453cafe4023b12dc8ee1/Sim101' Name='Stop2' New state='Cancelled' Instrument='MES SEP26' Action='Sell' Limit price=0 Stop price=7562.25 Quantity=1 Type='Stop Market' Time in force=GTC Oco='942d2923f4ea47f68f8c8de2540fe51d' Filled=0 Fill price=0 Error='No error' Native error='',
7/16/2026 3:50:46 PM,Order,Order='700dbb62de7f435c92088df4d001445c/Sim101' Name='Stop3' New state='Cancelled' Instrument='MES SEP26' Action='Sell' Limit price=0 Stop price=7562.25 Quantity=1 Type='Stop Market' Time in force=GTC Oco='f0fb43ccf27d41b789a08f7e1f098135' Filled=0 Fill price=0 Error='No error' Native error='',
7/16/2026 3:50:46 PM,Order,Order='a7b4239cc6c041038c25c22ab6ee2f71/Sim101' Name='Target2' New state='Cancelled' Instrument='MES SEP26' Action='Sell' Limit price=7568.25 Stop price=0 Quantity=1 Type='Limit' Time in force=GTC Oco='942d2923f4ea47f68f8c8de2540fe51d' Filled=0 Fill price=0 Error='No error' Native error='',
7/16/2026 3:50:46 PM,Order,Order='e694c6400a0942cd860bd15eb4c35e92/Sim101' Name='Target1' New state='Cancelled' Instrument='MES SEP26' Action='Sell' Limit price=7567.25 Stop price=0 Quantity=9 Type='Limit' Time in force=GTC Oco='2574c0be283c472fa0d560744ac8c56c' Filled=0 Fill price=0 Error='No error' Native error='',
7/16/2026 3:50:46 PM,Order,Order='4777eb549fce4bb6a97a3241fc0e04c3/Sim101' Name='Stop4' New state='Cancel submitted' Instrument='MES SEP26' Action='Sell' Limit price=0 Stop price=7562.25 Quantity=1 Type='Stop Market' Time in force=GTC Oco='859e7fc7c9244b72b8ee86c97117ac19' Filled=0 Fill price=0 Error='No error' Native error='',
7/16/2026 3:50:46 PM,Order,Order='700dbb62de7f435c92088df4d001445c/Sim101' Name='Stop3' New state='Cancel submitted' Instrument='MES SEP26' Action='Sell' Limit price=0 Stop price=7562.25 Quantity=1 Type='Stop Market' Time in force=GTC Oco='f0fb43ccf27d41b789a08f7e1f098135' Filled=0 Fill price=0 Error='No error' Native error='',
7/16/2026 3:50:46 PM,Order,Order='f01ec21a4a89453cafe4023b12dc8ee1/Sim101' Name='Stop2' New state='Cancel submitted' Instrument='MES SEP26' Action='Sell' Limit price=0 Stop price=7562.25 Quantity=1 Type='Stop Market' Time in force=GTC Oco='942d2923f4ea47f68f8c8de2540fe51d' Filled=0 Fill price=0 Error='No error' Native error='',
7/16/2026 3:50:46 PM,Order,Order='91757c0e2191419b80162ab18e561dc2/Sim101' Name='Stop1' New state='Cancel submitted' Instrument='MES SEP26' Action='Sell' Limit price=0 Stop price=7562.25 Quantity=9 Type='Stop Market' Time in force=GTC Oco='2574c0be283c472fa0d560744ac8c56c' Filled=0 Fill price=0 Error='No error' Native error='',
7/16/2026 3:50:46 PM,Order,Order='e5bf7c9af6a44986976fa7863dfd019c/Sim101' Name='Target4' New state='Cancel submitted' Instrument='MES SEP26' Action='Sell' Limit price=7570.25 Stop price=0 Quantity=1 Type='Limit' Time in force=GTC Oco='859e7fc7c9244b72b8ee86c97117ac19' Filled=0 Fill price=0 Error='No error' Native error='',
7/16/2026 3:50:46 PM,Order,Order='3af0d4f2aa63443cb234b24d930f0ada/Sim101' Name='Target3' New state='Cancel submitted' Instrument='MES SEP26' Action='Sell' Limit price=7569.25 Stop price=0 Quantity=1 Type='Limit' Time in force=GTC Oco='f0fb43ccf27d41b789a08f7e1f098135' Filled=0 Fill price=0 Error='No error' Native error='',
7/16/2026 3:50:46 PM,Order,Order='a7b4239cc6c041038c25c22ab6ee2f71/Sim101' Name='Target2' New state='Cancel submitted' Instrument='MES SEP26' Action='Sell' Limit price=7568.25 Stop price=0 Quantity=1 Type='Limit' Time in force=GTC Oco='942d2923f4ea47f68f8c8de2540fe51d' Filled=0 Fill price=0 Error='No error' Native error='',
7/16/2026 3:50:46 PM,Order,Order='e694c6400a0942cd860bd15eb4c35e92/Sim101' Name='Target1' New state='Cancel submitted' Instrument='MES SEP26' Action='Sell' Limit price=7567.25 Stop price=0 Quantity=9 Type='Limit' Time in force=GTC Oco='2574c0be283c472fa0d560744ac8c56c' Filled=0 Fill price=0 Error='No error' Native error='',
7/16/2026 3:50:46 PM,Default,Chart Trader close position,
7/16/2026 3:50:40 PM,Order,Order='3af0d4f2aa63443cb234b24d930f0ada/Sim101' Name='Target3' New state='Working' Instrument='MES SEP26' Action='Sell' Limit price=7569.25 Stop price=0 Quantity=1 Type='Limit' Time in force=GTC Oco='f0fb43ccf27d41b789a08f7e1f098135' Filled=0 Fill price=0 Error='No error' Native error='',
7/16/2026 3:50:40 PM,Order,Order='3af0d4f2aa63443cb234b24d930f0ada/Sim101' Name='Target3' New state='Accepted' Instrument='MES SEP26' Action='Sell' Limit price=7569.25 Stop price=0 Quantity=1 Type='Limit' Time in force=GTC Oco='f0fb43ccf27d41b789a08f7e1f098135' Filled=0 Fill price=0 Error='No error' Native error='',
7/16/2026 3:50:40 PM,Order,Order='700dbb62de7f435c92088df4d001445c/Sim101' Name='Stop3' New state='Accepted' Instrument='MES SEP26' Action='Sell' Limit price=0 Stop price=7562.25 Quantity=1 Type='Stop Market' Time in force=GTC Oco='f0fb43ccf27d41b789a08f7e1f098135' Filled=0 Fill price=0 Error='No error' Native error='',
7/16/2026 3:50:40 PM,Order,Order='e5bf7c9af6a44986976fa7863dfd019c/Sim101' Name='Target4' New state='Working' Instrument='MES SEP26' Action='Sell' Limit price=7570.25 Stop price=0 Quantity=1 Type='Limit' Time in force=GTC Oco='859e7fc7c9244b72b8ee86c97117ac19' Filled=0 Fill price=0 Error='No error' Native error='',
7/16/2026 3:50:40 PM,Order,Order='e5bf7c9af6a44986976fa7863dfd019c/Sim101' Name='Target4' New state='Accepted' Instrument='MES SEP26' Action='Sell' Limit price=7570.25 Stop price=0 Quantity=1 Type='Limit' Time in force=GTC Oco='859e7fc7c9244b72b8ee86c97117ac19' Filled=0 Fill price=0 Error='No error' Native error='',
7/16/2026 3:50:40 PM,Order,Order='4777eb549fce4bb6a97a3241fc0e04c3/Sim101' Name='Stop4' New state='Accepted' Instrument='MES SEP26' Action='Sell' Limit price=0 Stop price=7562.25 Quantity=1 Type='Stop Market' Time in force=GTC Oco='859e7fc7c9244b72b8ee86c97117ac19' Filled=0 Fill price=0 Error='No error' Native error='',
7/16/2026 3:50:40 PM,Order,Order='f01ec21a4a89453cafe4023b12dc8ee1/Sim101' Name='Stop2' New state='Accepted' Instrument='MES SEP26' Action='Sell' Limit price=0 Stop price=7562.25 Quantity=1 Type='Stop Market' Time in force=GTC Oco='942d2923f4ea47f68f8c8de2540fe51d' Filled=0 Fill price=0 Error='No error' Native error='',
7/16/2026 3:50:40 PM,Order,Order='a7b4239cc6c041038c25c22ab6ee2f71/Sim101' Name='Target2' New state='Accepted' Instrument='MES SEP26' Action='Sell' Limit price=7568.25 Stop price=0 Quantity=1 Type='Limit' Time in force=GTC Oco='942d2923f4ea47f68f8c8de2540fe51d' Filled=0 Fill price=0 Error='No error' Native error='',
7/16/2026 3:50:40 PM,Order,Order='a7b4239cc6c041038c25c22ab6ee2f71/Sim101' Name='Target2' New state='Working' Instrument='MES SEP26' Action='Sell' Limit price=7568.25 Stop price=0 Quantity=1 Type='Limit' Time in force=GTC Oco='942d2923f4ea47f68f8c8de2540fe51d' Filled=0 Fill price=0 Error='No error' Native error='',
7/16/2026 3:50:40 PM,Order,Order='e694c6400a0942cd860bd15eb4c35e92/Sim101' Name='Target1' New state='Accepted' Instrument='MES SEP26' Action='Sell' Limit price=7567.25 Stop price=0 Quantity=9 Type='Limit' Time in force=GTC Oco='2574c0be283c472fa0d560744ac8c56c' Filled=0 Fill price=0 Error='No error' Native error='',
7/16/2026 3:50:40 PM,Order,Order='e694c6400a0942cd860bd15eb4c35e92/Sim101' Name='Target1' New state='Working' Instrument='MES SEP26' Action='Sell' Limit price=7567.25 Stop price=0 Quantity=9 Type='Limit' Time in force=GTC Oco='2574c0be283c472fa0d560744ac8c56c' Filled=0 Fill price=0 Error='No error' Native error='',
7/16/2026 3:50:40 PM,Order,Order='91757c0e2191419b80162ab18e561dc2/Sim101' Name='Stop1' New state='Accepted' Instrument='MES SEP26' Action='Sell' Limit price=0 Stop price=7562.25 Quantity=9 Type='Stop Market' Time in force=GTC Oco='2574c0be283c472fa0d560744ac8c56c' Filled=0 Fill price=0 Error='No error' Native error='',
7/16/2026 3:50:39 PM,Order,Order='e5bf7c9af6a44986976fa7863dfd019c/Sim101' Name='Target4' New state='Submitted' Instrument='MES SEP26' Action='Sell' Limit price=7570.25 Stop price=0 Quantity=1 Type='Limit' Time in force=GTC Oco='859e7fc7c9244b72b8ee86c97117ac19' Filled=0 Fill price=0 Error='No error' Native error='',
7/16/2026 3:50:39 PM,Order,Order='4777eb549fce4bb6a97a3241fc0e04c3/Sim101' Name='Stop4' New state='Submitted' Instrument='MES SEP26' Action='Sell' Limit price=0 Stop price=7562.25 Quantity=1 Type='Stop Market' Time in force=GTC Oco='859e7fc7c9244b72b8ee86c97117ac19' Filled=0 Fill price=0 Error='No error' Native error='',
7/16/2026 3:50:39 PM,Order,Order='3af0d4f2aa63443cb234b24d930f0ada/Sim101' Name='Target3' New state='Submitted' Instrument='MES SEP26' Action='Sell' Limit price=7569.25 Stop price=0 Quantity=1 Type='Limit' Time in force=GTC Oco='f0fb43ccf27d41b789a08f7e1f098135' Filled=0 Fill price=0 Error='No error' Native error='',
7/16/2026 3:50:39 PM,Order,Order='700dbb62de7f435c92088df4d001445c/Sim101' Name='Stop3' New state='Submitted' Instrument='MES SEP26' Action='Sell' Limit price=0 Stop price=7562.25 Quantity=1 Type='Stop Market' Time in force=GTC Oco='f0fb43ccf27d41b789a08f7e1f098135' Filled=0 Fill price=0 Error='No error' Native error='',
7/16/2026 3:50:39 PM,Order,Order='a7b4239cc6c041038c25c22ab6ee2f71/Sim101' Name='Target2' New state='Submitted' Instrument='MES SEP26' Action='Sell' Limit price=7568.25 Stop price=0 Quantity=1 Type='Limit' Time in force=GTC Oco='942d2923f4ea47f68f8c8de2540fe51d' Filled=0 Fill price=0 Error='No error' Native error='',
7/16/2026 3:50:39 PM,Order,Order='f01ec21a4a89453cafe4023b12dc8ee1/Sim101' Name='Stop2' New state='Submitted' Instrument='MES SEP26' Action='Sell' Limit price=0 Stop price=7562.25 Quantity=1 Type='Stop Market' Time in force=GTC Oco='942d2923f4ea47f68f8c8de2540fe51d' Filled=0 Fill price=0 Error='No error' Native error='',
7/16/2026 3:50:39 PM,Order,Order='e694c6400a0942cd860bd15eb4c35e92/Sim101' Name='Target1' New state='Submitted' Instrument='MES SEP26' Action='Sell' Limit price=7567.25 Stop price=0 Quantity=9 Type='Limit' Time in force=GTC Oco='2574c0be283c472fa0d560744ac8c56c' Filled=0 Fill price=0 Error='No error' Native error='',
7/16/2026 3:50:39 PM,Order,Order='91757c0e2191419b80162ab18e561dc2/Sim101' Name='Stop1' New state='Submitted' Instrument='MES SEP26' Action='Sell' Limit price=0 Stop price=7562.25 Quantity=9 Type='Stop Market' Time in force=GTC Oco='2574c0be283c472fa0d560744ac8c56c' Filled=0 Fill price=0 Error='No error' Native error='',
7/16/2026 3:50:39 PM,Position,Instrument='MES SEP26' Account='Sim101' Average price=7566.291666666667 Quantity=12 Market position=Long Operation=Update,
7/16/2026 3:50:39 PM,Order,Order='60b28093d03b42498b65a9b9d0c57679/Sim101' Name='Entry' New state='Filled' Instrument='MES SEP26' Action='Buy' Limit price=0 Stop price=0 Quantity=12 Type='Market' Time in force=GTC Oco='' Filled=12 Fill price=7566.291666666667 Error='No error' Native error='',
7/16/2026 3:50:39 PM,Execution,Execution='d248642d304e4019967b5d303f59e2e2' Instrument='MES SEP26' Account='Sim101' Exchange=Default Price=7566.5 Quantity=2 Market position=Long Operation=Operation_Add Order='60b28093d03b42498b65a9b9d0c57679' Time='7/16/2026 3:50 PM',
7/16/2026 3:50:39 PM,Position,Instrument='MES SEP26' Account='Sim101' Average price=7566.25 Quantity=10 Market position=Long Operation=Operation_Add,
7/16/2026 3:50:39 PM,Order,Order='60b28093d03b42498b65a9b9d0c57679/Sim101' Name='Entry' New state='Partially filled' Instrument='MES SEP26' Action='Buy' Limit price=0 Stop price=0 Quantity=12 Type='Market' Time in force=GTC Oco='' Filled=10 Fill price=7566.25 Error='No error' Native error='',
7/16/2026 3:50:39 PM,Execution,Execution='14d83c1f41ea44cca9dcd11c5721bdad' Instrument='MES SEP26' Account='Sim101' Exchange=Default Price=7566.25 Quantity=10 Market position=Long Operation=Operation_Add Order='60b28093d03b42498b65a9b9d0c57679' Time='7/16/2026 3:50 PM',
7/16/2026 3:50:39 PM,Order,Order='60b28093d03b42498b65a9b9d0c57679/Sim101' Name='Entry' New state='Accepted' Instrument='MES SEP26' Action='Buy' Limit price=0 Stop price=0 Quantity=12 Type='Market' Time in force=GTC Oco='' Filled=0 Fill price=0 Error='No error' Native error='',
7/16/2026 3:50:39 PM,Order,Order='60b28093d03b42498b65a9b9d0c57679/Sim101' Name='Entry' New state='Working' Instrument='MES SEP26' Action='Buy' Limit price=0 Stop price=0 Quantity=12 Type='Market' Time in force=GTC Oco='' Filled=0 Fill price=0 Error='No error' Native error='',
7/16/2026 3:50:39 PM,Order,Order='60b28093d03b42498b65a9b9d0c57679/Sim101' Name='Entry' New state='Submitted' Instrument='MES SEP26' Action='Buy' Limit price=0 Stop price=0 Quantity=12 Type='Market' Time in force=GTC Oco='' Filled=0 Fill price=0 Error='No error' Native error='',
7/16/2026 3:50:39 PM,Order,Chart Trader submitting order with strategy 'MES RMA 4SL 12Q - 3' (Ticks),
7/16/2026 3:50:34 PM,Position,Instrument='MES SEP26' Account='Sim101' Average price=0 Quantity=0 Market position=Flat Operation=Remove,
7/16/2026 3:50:34 PM,Order,Order='48eb6ad6f9a842378783f0fe19401ccd/Sim101' Name='Close' New state='Filled' Instrument='MES SEP26' Action='Sell' Limit price=0 Stop price=0 Quantity=12 Type='Market' Time in force=DAY Oco='' Filled=12 Fill price=7565.75 Error='No error' Native error='',
7/16/2026 3:50:34 PM,Execution,Execution='f81c17be6f9c45afb7d11be71124b46b' Instrument='MES SEP26' Account='Sim101' Exchange=Default Price=7565.75 Quantity=12 Market position=Short Operation=Operation_Add Order='48eb6ad6f9a842378783f0fe19401ccd' Time='7/16/2026 3:50 PM',
7/16/2026 3:50:34 PM,Order,Order='48eb6ad6f9a842378783f0fe19401ccd/Sim101' Name='Close' New state='Working' Instrument='MES SEP26' Action='Sell' Limit price=0 Stop price=0 Quantity=12 Type='Market' Time in force=DAY Oco='' Filled=0 Fill price=0 Error='No error' Native error='',
7/16/2026 3:50:34 PM,Order,Order='48eb6ad6f9a842378783f0fe19401ccd/Sim101' Name='Close' New state='Accepted' Instrument='MES SEP26' Action='Sell' Limit price=0 Stop price=0 Quantity=12 Type='Market' Time in force=DAY Oco='' Filled=0 Fill price=0 Error='No error' Native error='',
7/16/2026 3:50:34 PM,Order,Order='48eb6ad6f9a842378783f0fe19401ccd/Sim101' Name='Close' New state='Submitted' Instrument='MES SEP26' Action='Sell' Limit price=0 Stop price=0 Quantity=12 Type='Market' Time in force=DAY Oco='' Filled=0 Fill price=0 Error='No error' Native error='',
7/16/2026 3:50:34 PM,Order,Order='582aed2640264c2f9a77a3fb0beb2cb4/Sim101' Name='Target2' New state='Cancelled' Instrument='MES SEP26' Action='Sell' Limit price=7569.25 Stop price=0 Quantity=1 Type='Limit' Time in force=GTC Oco='6638999b663b4be2af333b9136657785' Filled=0 Fill price=0 Error='No error' Native error='',
7/16/2026 3:50:34 PM,Order,Order='dcd7ab536a1d48f48faa1171691475b5/Sim101' Name='Stop3' New state='Cancelled' Instrument='MES SEP26' Action='Sell' Limit price=0 Stop price=7563.25 Quantity=1 Type='Stop Market' Time in force=GTC Oco='a5bf913436454fb59579993c28a1e78b' Filled=0 Fill price=0 Error='No error' Native error='',
7/16/2026 3:50:34 PM,Order,Order='c96d9c8b6c8a4841bd3e5db75453c594/Sim101' Name='Stop4' New state='Cancelled' Instrument='MES SEP26' Action='Sell' Limit price=0 Stop price=7563.25 Quantity=1 Type='Stop Market' Time in force=GTC Oco='e714a15248654dbaba89edc9294e094b' Filled=0 Fill price=0 Error='No error' Native error='',
7/16/2026 3:50:34 PM,Order,Order='935b02d00ba249139183738337c0a49a/Sim101' Name='Stop1' New state='Cancelled' Instrument='MES SEP26' Action='Sell' Limit price=0 Stop price=7563.25 Quantity=9 Type='Stop Market' Time in force=GTC Oco='2d56fc37eb4b47db9fe0e2c095585a25' Filled=0 Fill price=0 Error='No error' Native error='',
7/16/2026 3:50:34 PM,Order,Order='4da1bccb1f334de09b3d1d61f6fd5b1e/Sim101' Name='Stop2' New state='Cancelled' Instrument='MES SEP26' Action='Sell' Limit price=0 Stop price=7563.25 Quantity=1 Type='Stop Market' Time in force=GTC Oco='6638999b663b4be2af333b9136657785' Filled=0 Fill price=0 Error='No error' Native error='',
7/16/2026 3:50:34 PM,Order,Order='f5082bb98c4c40deb6cbbe8e0e962dab/Sim101' Name='Target4' New state='Cancelled' Instrument='MES SEP26' Action='Sell' Limit price=7571.25 Stop price=0 Quantity=1 Type='Limit' Time in force=GTC Oco='e714a15248654dbaba89edc9294e094b' Filled=0 Fill price=0 Error='No error' Native error='',
7/16/2026 3:50:34 PM,Order,Order='b3c14837470148bb8d0bd50d10aae623/Sim101' Name='Target1' New state='Cancelled' Instrument='MES SEP26' Action='Sell' Limit price=7568.25 Stop price=0 Quantity=9 Type='Limit' Time in force=GTC Oco='2d56fc37eb4b47db9fe0e2c095585a25' Filled=0 Fill price=0 Error='No error' Native error='',
7/16/2026 3:50:34 PM,Order,Order='3de2e3ef300f47d6a3dfd1c86d746889/Sim101' Name='Target3' New state='Cancelled' Instrument='MES SEP26' Action='Sell' Limit price=7570.25 Stop price=0 Quantity=1 Type='Limit' Time in force=GTC Oco='a5bf913436454fb59579993c28a1e78b' Filled=0 Fill price=0 Error='No error' Native error='',
7/16/2026 3:50:34 PM,Order,Order='c96d9c8b6c8a4841bd3e5db75453c594/Sim101' Name='Stop4' New state='Cancel submitted' Instrument='MES SEP26' Action='Sell' Limit price=0 Stop price=7563.25 Quantity=1 Type='Stop Market' Time in force=GTC Oco='e714a15248654dbaba89edc9294e094b' Filled=0 Fill price=0 Error='No error' Native error='',
7/16/2026 3:50:34 PM,Order,Order='dcd7ab536a1d48f48faa1171691475b5/Sim101' Name='Stop3' New state='Cancel submitted' Instrument='MES SEP26' Action='Sell' Limit price=0 Stop price=7563.25 Quantity=1 Type='Stop Market' Time in force=GTC Oco='a5bf913436454fb59579993c28a1e78b' Filled=0 Fill price=0 Error='No error' Native error='',
7/16/2026 3:50:34 PM,Order,Order='4da1bccb1f334de09b3d1d61f6fd5b1e/Sim101' Name='Stop2' New state='Cancel submitted' Instrument='MES SEP26' Action='Sell' Limit price=0 Stop price=7563.25 Quantity=1 Type='Stop Market' Time in force=GTC Oco='6638999b663b4be2af333b9136657785' Filled=0 Fill price=0 Error='No error' Native error='',
7/16/2026 3:50:34 PM,Order,Order='f5082bb98c4c40deb6cbbe8e0e962dab/Sim101' Name='Target4' New state='Cancel submitted' Instrument='MES SEP26' Action='Sell' Limit price=7571.25 Stop price=0 Quantity=1 Type='Limit' Time in force=GTC Oco='e714a15248654dbaba89edc9294e094b' Filled=0 Fill price=0 Error='No error' Native error='',
7/16/2026 3:50:34 PM,Order,Order='935b02d00ba249139183738337c0a49a/Sim101' Name='Stop1' New state='Cancel submitted' Instrument='MES SEP26' Action='Sell' Limit price=0 Stop price=7563.25 Quantity=9 Type='Stop Market' Time in force=GTC Oco='2d56fc37eb4b47db9fe0e2c095585a25' Filled=0 Fill price=0 Error='No error' Native error='',
7/16/2026 3:50:34 PM,Order,Order='3de2e3ef300f47d6a3dfd1c86d746889/Sim101' Name='Target3' New state='Cancel submitted' Instrument='MES SEP26' Action='Sell' Limit price=7570.25 Stop price=0 Quantity=1 Type='Limit' Time in force=GTC Oco='a5bf913436454fb59579993c28a1e78b' Filled=0 Fill price=0 Error='No error' Native error='',
7/16/2026 3:50:34 PM,Order,Order='582aed2640264c2f9a77a3fb0beb2cb4/Sim101' Name='Target2' New state='Cancel submitted' Instrument='MES SEP26' Action='Sell' Limit price=7569.25 Stop price=0 Quantity=1 Type='Limit' Time in force=GTC Oco='6638999b663b4be2af333b9136657785' Filled=0 Fill price=0 Error='No error' Native error='',
7/16/2026 3:50:34 PM,Order,Order='b3c14837470148bb8d0bd50d10aae623/Sim101' Name='Target1' New state='Cancel submitted' Instrument='MES SEP26' Action='Sell' Limit price=7568.25 Stop price=0 Quantity=9 Type='Limit' Time in force=GTC Oco='2d56fc37eb4b47db9fe0e2c095585a25' Filled=0 Fill price=0 Error='No error' Native error='',
7/16/2026 3:50:34 PM,Default,Chart Trader close position,
7/16/2026 3:50:23 PM,Order,Order='65830d65de8a4e29bfbab7a3722e8cc6/Sim102' Name='Stop1' New state='Cancelled' Instrument='MES SEP26' Action='Buy to cover' Limit price=0 Stop price=7570 Quantity=8 Type='Stop Market' Time in force=GTC Oco='da04fb6be3e04cb4b51fa8425fff018f' Filled=0 Fill price=0 Error='No error' Native error='',
7/16/2026 3:50:23 PM,Position,Instrument='MES SEP26' Account='Sim102' Average price=7566 Quantity=3 Market position=Short Operation=Update,
7/16/2026 3:50:23 PM,Order,Order='65830d65de8a4e29bfbab7a3722e8cc6/Sim102' Name='Stop1' New state='Cancel submitted' Instrument='MES SEP26' Action='Buy to cover' Limit price=0 Stop price=7570 Quantity=8 Type='Stop Market' Time in force=GTC Oco='da04fb6be3e04cb4b51fa8425fff018f' Filled=0 Fill price=0 Error='No error' Native error='',
7/16/2026 3:50:23 PM,Order,Order='65830d65de8a4e29bfbab7a3722e8cc6/Sim102' Name='Stop1' New state='Accepted' Instrument='MES SEP26' Action='Buy to cover' Limit price=0 Stop price=7570 Quantity=8 Type='Stop Market' Time in force=GTC Oco='da04fb6be3e04cb4b51fa8425fff018f' Filled=0 Fill price=0 Error='No error' Native error='',
7/16/2026 3:50:23 PM,Execution,Execution='769967a400cd47aeaefa67ae9cb16b28' Instrument='MES SEP26' Account='Sim102' Exchange=Default Price=7565 Quantity=8 Market position=Long Operation=Operation_Add Order='6966ba34cdfa418ebe0d6e8a5ccbb2ee' Time='7/16/2026 3:50 PM',
7/16/2026 3:50:23 PM,Order,Order='6966ba34cdfa418ebe0d6e8a5ccbb2ee/Sim102' Name='Target1' New state='Filled' Instrument='MES SEP26' Action='Buy to cover' Limit price=7565 Stop price=0 Quantity=9 Type='Limit' Time in force=GTC Oco='da04fb6be3e04cb4b51fa8425fff018f' Filled=9 Fill price=7565 Error='No error' Native error='',
7/16/2026 3:50:23 PM,Position,Instrument='MES SEP26' Account='Sim102' Average price=7566 Quantity=11 Market position=Short Operation=Update,
7/16/2026 3:50:23 PM,Execution,Execution='a1c13ff0c36544fb941c2e6aff05d979' Instrument='MES SEP26' Account='Sim102' Exchange=Default Price=7565 Quantity=1 Market position=Long Operation=Operation_Add Order='6966ba34cdfa418ebe0d6e8a5ccbb2ee' Time='7/16/2026 3:50 PM',
7/16/2026 3:50:23 PM,Order,Order='65830d65de8a4e29bfbab7a3722e8cc6/Sim102' Name='Stop1' New state='Change submitted' Instrument='MES SEP26' Action='Buy to cover' Limit price=0 Stop price=7570 Quantity=8 Type='Stop Market' Time in force=GTC Oco='da04fb6be3e04cb4b51fa8425fff018f' Filled=0 Fill price=0 Error='No error' Native error='',
7/16/2026 3:50:23 PM,Order,Order='6966ba34cdfa418ebe0d6e8a5ccbb2ee/Sim102' Name='Target1' New state='Partially filled' Instrument='MES SEP26' Action='Buy to cover' Limit price=7565 Stop price=0 Quantity=9 Type='Limit' Time in force=GTC Oco='da04fb6be3e04cb4b51fa8425fff018f' Filled=1 Fill price=7565 Error='No error' Native error='',
7/16/2026 3:45:03 PM,Order,Order='f5082bb98c4c40deb6cbbe8e0e962dab/Sim101' Name='Target4' New state='Accepted' Instrument='MES SEP26' Action='Sell' Limit price=7571.25 Stop price=0 Quantity=1 Type='Limit' Time in force=GTC Oco='e714a15248654dbaba89edc9294e094b' Filled=0 Fill price=0 Error='No error' Native error='',
7/16/2026 3:45:03 PM,Order,Order='f5082bb98c4c40deb6cbbe8e0e962dab/Sim101' Name='Target4' New state='Working' Instrument='MES SEP26' Action='Sell' Limit price=7571.25 Stop price=0 Quantity=1 Type='Limit' Time in force=GTC Oco='e714a15248654dbaba89edc9294e094b' Filled=0 Fill price=0 Error='No error' Native error='',
7/16/2026 3:45:03 PM,Order,Order='3de2e3ef300f47d6a3dfd1c86d746889/Sim101' Name='Target3' New state='Working' Instrument='MES SEP26' Action='Sell' Limit price=7570.25 Stop price=0 Quantity=1 Type='Limit' Time in force=GTC Oco='a5bf913436454fb59579993c28a1e78b' Filled=0 Fill price=0 Error='No error' Native error='',
7/16/2026 3:45:03 PM,Order,Order='dcd7ab536a1d48f48faa1171691475b5/Sim101' Name='Stop3' New state='Accepted' Instrument='MES SEP26' Action='Sell' Limit price=0 Stop price=7563.25 Quantity=1 Type='Stop Market' Time in force=GTC Oco='a5bf913436454fb59579993c28a1e78b' Filled=0 Fill price=0 Error='No error' Native error='',
7/16/2026 3:45:03 PM,Order,Order='c96d9c8b6c8a4841bd3e5db75453c594/Sim101' Name='Stop4' New state='Accepted' Instrument='MES SEP26' Action='Sell' Limit price=0 Stop price=7563.25 Quantity=1 Type='Stop Market' Time in force=GTC Oco='e714a15248654dbaba89edc9294e094b' Filled=0 Fill price=0 Error='No error' Native error='',
7/16/2026 3:45:03 PM,Order,Order='3de2e3ef300f47d6a3dfd1c86d746889/Sim101' Name='Target3' New state='Accepted' Instrument='MES SEP26' Action='Sell' Limit price=7570.25 Stop price=0 Quantity=1 Type='Limit' Time in force=GTC Oco='a5bf913436454fb59579993c28a1e78b' Filled=0 Fill price=0 Error='No error' Native error='',
7/16/2026 3:45:03 PM,Order,Order='582aed2640264c2f9a77a3fb0beb2cb4/Sim101' Name='Target2' New state='Accepted' Instrument='MES SEP26' Action='Sell' Limit price=7569.25 Stop price=0 Quantity=1 Type='Limit' Time in force=GTC Oco='6638999b663b4be2af333b9136657785' Filled=0 Fill price=0 Error='No error' Native error='',
7/16/2026 3:45:03 PM,Order,Order='582aed2640264c2f9a77a3fb0beb2cb4/Sim101' Name='Target2' New state='Working' Instrument='MES SEP26' Action='Sell' Limit price=7569.25 Stop price=0 Quantity=1 Type='Limit' Time in force=GTC Oco='6638999b663b4be2af333b9136657785' Filled=0 Fill price=0 Error='No error' Native error='',
7/16/2026 3:45:02 PM,Order,Order='4da1bccb1f334de09b3d1d61f6fd5b1e/Sim101' Name='Stop2' New state='Accepted' Instrument='MES SEP26' Action='Sell' Limit price=0 Stop price=7563.25 Quantity=1 Type='Stop Market' Time in force=GTC Oco='6638999b663b4be2af333b9136657785' Filled=0 Fill price=0 Error='No error' Native error='',
7/16/2026 3:45:02 PM,Order,Order='b3c14837470148bb8d0bd50d10aae623/Sim101' Name='Target1' New state='Working' Instrument='MES SEP26' Action='Sell' Limit price=7568.25 Stop price=0 Quantity=9 Type='Limit' Time in force=GTC Oco='2d56fc37eb4b47db9fe0e2c095585a25' Filled=0 Fill price=0 Error='No error' Native error='',
7/16/2026 3:45:02 PM,Order,Order='935b02d00ba249139183738337c0a49a/Sim101' Name='Stop1' New state='Accepted' Instrument='MES SEP26' Action='Sell' Limit price=0 Stop price=7563.25 Quantity=9 Type='Stop Market' Time in force=GTC Oco='2d56fc37eb4b47db9fe0e2c095585a25' Filled=0 Fill price=0 Error='No error' Native error='',
7/16/2026 3:45:02 PM,Order,Order='b3c14837470148bb8d0bd50d10aae623/Sim101' Name='Target1' New state='Accepted' Instrument='MES SEP26' Action='Sell' Limit price=7568.25 Stop price=0 Quantity=9 Type='Limit' Time in force=GTC Oco='2d56fc37eb4b47db9fe0e2c095585a25' Filled=0 Fill price=0 Error='No error' Native error='',
7/16/2026 3:45:02 PM,Order,Order='f5082bb98c4c40deb6cbbe8e0e962dab/Sim101' Name='Target4' New state='Submitted' Instrument='MES SEP26' Action='Sell' Limit price=7571.25 Stop price=0 Quantity=1 Type='Limit' Time in force=GTC Oco='e714a15248654dbaba89edc9294e094b' Filled=0 Fill price=0 Error='No error' Native error='',
7/16/2026 3:45:02 PM,Order,Order='c96d9c8b6c8a4841bd3e5db75453c594/Sim101' Name='Stop4' New state='Submitted' Instrument='MES SEP26' Action='Sell' Limit price=0 Stop price=7563.25 Quantity=1 Type='Stop Market' Time in force=GTC Oco='e714a15248654dbaba89edc9294e094b' Filled=0 Fill price=0 Error='No error' Native error='',
7/16/2026 3:45:02 PM,Order,Order='3de2e3ef300f47d6a3dfd1c86d746889/Sim101' Name='Target3' New state='Submitted' Instrument='MES SEP26' Action='Sell' Limit price=7570.25 Stop price=0 Quantity=1 Type='Limit' Time in force=GTC Oco='a5bf913436454fb59579993c28a1e78b' Filled=0 Fill price=0 Error='No error' Native error='',
7/16/2026 3:45:02 PM,Order,Order='dcd7ab536a1d48f48faa1171691475b5/Sim101' Name='Stop3' New state='Submitted' Instrument='MES SEP26' Action='Sell' Limit price=0 Stop price=7563.25 Quantity=1 Type='Stop Market' Time in force=GTC Oco='a5bf913436454fb59579993c28a1e78b' Filled=0 Fill price=0 Error='No error' Native error='',
7/16/2026 3:45:02 PM,Order,Order='582aed2640264c2f9a77a3fb0beb2cb4/Sim101' Name='Target2' New state='Submitted' Instrument='MES SEP26' Action='Sell' Limit price=7569.25 Stop price=0 Quantity=1 Type='Limit' Time in force=GTC Oco='6638999b663b4be2af333b9136657785' Filled=0 Fill price=0 Error='No error' Native error='',
7/16/2026 3:45:02 PM,Order,Order='4da1bccb1f334de09b3d1d61f6fd5b1e/Sim101' Name='Stop2' New state='Submitted' Instrument='MES SEP26' Action='Sell' Limit price=0 Stop price=7563.25 Quantity=1 Type='Stop Market' Time in force=GTC Oco='6638999b663b4be2af333b9136657785' Filled=0 Fill price=0 Error='No error' Native error='',
7/16/2026 3:45:02 PM,Order,Order='b3c14837470148bb8d0bd50d10aae623/Sim101' Name='Target1' New state='Submitted' Instrument='MES SEP26' Action='Sell' Limit price=7568.25 Stop price=0 Quantity=9 Type='Limit' Time in force=GTC Oco='2d56fc37eb4b47db9fe0e2c095585a25' Filled=0 Fill price=0 Error='No error' Native error='',
7/16/2026 3:45:02 PM,Order,Order='935b02d00ba249139183738337c0a49a/Sim101' Name='Stop1' New state='Submitted' Instrument='MES SEP26' Action='Sell' Limit price=0 Stop price=7563.25 Quantity=9 Type='Stop Market' Time in force=GTC Oco='2d56fc37eb4b47db9fe0e2c095585a25' Filled=0 Fill price=0 Error='No error' Native error='',
7/16/2026 3:45:02 PM,Position,Instrument='MES SEP26' Account='Sim101' Average price=7567.25 Quantity=12 Market position=Long Operation=Operation_Add,
7/16/2026 3:45:02 PM,Order,Order='8cdd3ce177a84a3c86fe05a03b265565/Sim101' Name='Entry' New state='Filled' Instrument='MES SEP26' Action='Buy' Limit price=0 Stop price=0 Quantity=12 Type='Market' Time in force=GTC Oco='' Filled=12 Fill price=7567.25 Error='No error' Native error='',
7/16/2026 3:45:02 PM,Execution,Execution='fa951071a0e8476f93bb5ae9bc348aa7' Instrument='MES SEP26' Account='Sim101' Exchange=Default Price=7567.25 Quantity=12 Market position=Long Operation=Operation_Add Order='8cdd3ce177a84a3c86fe05a03b265565' Time='7/16/2026 3:45 PM',
7/16/2026 3:45:02 PM,Order,Order='8cdd3ce177a84a3c86fe05a03b265565/Sim101' Name='Entry' New state='Working' Instrument='MES SEP26' Action='Buy' Limit price=0 Stop price=0 Quantity=12 Type='Market' Time in force=GTC Oco='' Filled=0 Fill price=0 Error='No error' Native error='',
7/16/2026 3:45:02 PM,Order,Order='8cdd3ce177a84a3c86fe05a03b265565/Sim101' Name='Entry' New state='Accepted' Instrument='MES SEP26' Action='Buy' Limit price=0 Stop price=0 Quantity=12 Type='Market' Time in force=GTC Oco='' Filled=0 Fill price=0 Error='No error' Native error='',
7/16/2026 3:45:02 PM,Order,Order='8cdd3ce177a84a3c86fe05a03b265565/Sim101' Name='Entry' New state='Submitted' Instrument='MES SEP26' Action='Buy' Limit price=0 Stop price=0 Quantity=12 Type='Market' Time in force=GTC Oco='' Filled=0 Fill price=0 Error='No error' Native error='',
7/16/2026 3:45:02 PM,Order,Chart Trader submitting order with strategy 'MES RMA 4SL 12Q - 3' (Ticks),
7/16/2026 3:45:00 PM,Position,Instrument='MES SEP26' Account='Sim101' Average price=0 Quantity=0 Market position=Flat Operation=Remove,
7/16/2026 3:45:00 PM,Execution,Execution='eef2b5c341d344c2bcc65c60e90a0ff9' Instrument='MES SEP26' Account='Sim101' Exchange=Default Price=7567 Quantity=3 Market position=Short Operation=Operation_Add Order='aaff433983154e25934948773362e1b2' Time='7/16/2026 3:45 PM',
7/16/2026 3:45:00 PM,Order,Order='aaff433983154e25934948773362e1b2/Sim101' Name='Close' New state='Filled' Instrument='MES SEP26' Action='Sell' Limit price=0 Stop price=0 Quantity=3 Type='Market' Time in force=DAY Oco='' Filled=3 Fill price=7567 Error='No error' Native error='',
7/16/2026 3:45:00 PM,Order,Order='aaff433983154e25934948773362e1b2/Sim101' Name='Close' New state='Working' Instrument='MES SEP26' Action='Sell' Limit price=0 Stop price=0 Quantity=3 Type='Market' Time in force=DAY Oco='' Filled=0 Fill price=0 Error='No error' Native error='',
7/16/2026 3:45:00 PM,Order,Order='aaff433983154e25934948773362e1b2/Sim101' Name='Close' New state='Accepted' Instrument='MES SEP26' Action='Sell' Limit price=0 Stop price=0 Quantity=3 Type='Market' Time in force=DAY Oco='' Filled=0 Fill price=0 Error='No error' Native error='',
7/16/2026 3:44:59 PM,Order,Order='aaff433983154e25934948773362e1b2/Sim101' Name='Close' New state='Submitted' Instrument='MES SEP26' Action='Sell' Limit price=0 Stop price=0 Quantity=3 Type='Market' Time in force=DAY Oco='' Filled=0 Fill price=0 Error='No error' Native error='',
7/16/2026 3:44:59 PM,Order,Order='b9c6c3fbf73e4f23b6658fb831ebc3a7/Sim101' Name='Target4' New state='Cancelled' Instrument='MES SEP26' Action='Sell' Limit price=7570.25 Stop price=0 Quantity=1 Type='Limit' Time in force=GTC Oco='994c6e3022c74eeaa6cfc32e71fdf2d6' Filled=0 Fill price=0 Error='No error' Native error='',
7/16/2026 3:44:59 PM,Order,Order='2cf486e397c946e99c1ba6bf30fff651/Sim101' Name='Stop2' New state='Cancelled' Instrument='MES SEP26' Action='Sell' Limit price=0 Stop price=7562.25 Quantity=1 Type='Stop Market' Time in force=GTC Oco='687a2f75771245bbb2a909844733d449' Filled=0 Fill price=0 Error='No error' Native error='',
7/16/2026 3:44:59 PM,Order,Order='b7b56f53cd2e48458a35182c96a5d53b/Sim101' Name='Stop3' New state='Cancelled' Instrument='MES SEP26' Action='Sell' Limit price=0 Stop price=7562.25 Quantity=1 Type='Stop Market' Time in force=GTC Oco='252738d77f8f42d0a592bb16747e48ba' Filled=0 Fill price=0 Error='No error' Native error='',
7/16/2026 3:44:59 PM,Order,Order='9a61971ae5124ea9bda4151ca8638d2b/Sim101' Name='Stop4' New state='Cancelled' Instrument='MES SEP26' Action='Sell' Limit price=0 Stop price=7562.25 Quantity=1 Type='Stop Market' Time in force=GTC Oco='994c6e3022c74eeaa6cfc32e71fdf2d6' Filled=0 Fill price=0 Error='No error' Native error='',
7/16/2026 3:44:59 PM,Order,Order='22730f43fc5c4f268be828d1452c6c44/Sim101' Name='Target3' New state='Cancelled' Instrument='MES SEP26' Action='Sell' Limit price=7569.25 Stop price=0 Quantity=1 Type='Limit' Time in force=GTC Oco='252738d77f8f42d0a592bb16747e48ba' Filled=0 Fill price=0 Error='No error' Native error='',
7/16/2026 3:44:59 PM,Order,Order='a9daf2acb3a648409ed39bd90b76d23a/Sim101' Name='Target2' New state='Cancelled' Instrument='MES SEP26' Action='Sell' Limit price=7568.25 Stop price=0 Quantity=1 Type='Limit' Time in force=GTC Oco='687a2f75771245bbb2a909844733d449' Filled=0 Fill price=0 Error='No error' Native error='',
7/16/2026 3:44:59 PM,Order,Order='9a61971ae5124ea9bda4151ca8638d2b/Sim101' Name='Stop4' New state='Cancel submitted' Instrument='MES SEP26' Action='Sell' Limit price=0 Stop price=7562.25 Quantity=1 Type='Stop Market' Time in force=GTC Oco='994c6e3022c74eeaa6cfc32e71fdf2d6' Filled=0 Fill price=0 Error='No error' Native error='',
7/16/2026 3:44:59 PM,Order,Order='b7b56f53cd2e48458a35182c96a5d53b/Sim101' Name='Stop3' New state='Cancel submitted' Instrument='MES SEP26' Action='Sell' Limit price=0 Stop price=7562.25 Quantity=1 Type='Stop Market' Time in force=GTC Oco='252738d77f8f42d0a592bb16747e48ba' Filled=0 Fill price=0 Error='No error' Native error='',
7/16/2026 3:44:59 PM,Order,Order='2cf486e397c946e99c1ba6bf30fff651/Sim101' Name='Stop2' New state='Cancel submitted' Instrument='MES SEP26' Action='Sell' Limit price=0 Stop price=7562.25 Quantity=1 Type='Stop Market' Time in force=GTC Oco='687a2f75771245bbb2a909844733d449' Filled=0 Fill price=0 Error='No error' Native error='',
7/16/2026 3:44:59 PM,Order,Order='b9c6c3fbf73e4f23b6658fb831ebc3a7/Sim101' Name='Target4' New state='Cancel submitted' Instrument='MES SEP26' Action='Sell' Limit price=7570.25 Stop price=0 Quantity=1 Type='Limit' Time in force=GTC Oco='994c6e3022c74eeaa6cfc32e71fdf2d6' Filled=0 Fill price=0 Error='No error' Native error='',
7/16/2026 3:44:59 PM,Order,Order='22730f43fc5c4f268be828d1452c6c44/Sim101' Name='Target3' New state='Cancel submitted' Instrument='MES SEP26' Action='Sell' Limit price=7569.25 Stop price=0 Quantity=1 Type='Limit' Time in force=GTC Oco='252738d77f8f42d0a592bb16747e48ba' Filled=0 Fill price=0 Error='No error' Native error='',
7/16/2026 3:44:59 PM,Order,Order='a9daf2acb3a648409ed39bd90b76d23a/Sim101' Name='Target2' New state='Cancel submitted' Instrument='MES SEP26' Action='Sell' Limit price=7568.25 Stop price=0 Quantity=1 Type='Limit' Time in force=GTC Oco='687a2f75771245bbb2a909844733d449' Filled=0 Fill price=0 Error='No error' Native error='',
7/16/2026 3:44:59 PM,Default,Chart Trader close position,
7/16/2026 3:44:42 PM,Order,Order='f60adc6102b2460984c9be8f99d2d70e/Sim101' Name='Stop1' New state='Cancelled' Instrument='MES SEP26' Action='Sell' Limit price=0 Stop price=7562.25 Quantity=7 Type='Stop Market' Time in force=GTC Oco='bfe1e4eaeaa64ff090765aeb66ffe11e' Filled=0 Fill price=0 Error='No error' Native error='',
7/16/2026 3:44:42 PM,Position,Instrument='MES SEP26' Account='Sim101' Average price=7566.25 Quantity=3 Market position=Long Operation=Update,
7/16/2026 3:44:42 PM,Order,Order='f60adc6102b2460984c9be8f99d2d70e/Sim101' Name='Stop1' New state='Cancel submitted' Instrument='MES SEP26' Action='Sell' Limit price=0 Stop price=7562.25 Quantity=7 Type='Stop Market' Time in force=GTC Oco='bfe1e4eaeaa64ff090765aeb66ffe11e' Filled=0 Fill price=0 Error='No error' Native error='',
7/16/2026 3:44:42 PM,Execution,Execution='fc431c0d915e4c6583fae19b0eca955c' Instrument='MES SEP26' Account='Sim101' Exchange=Default Price=7567.25 Quantity=7 Market position=Short Operation=Operation_Add Order='599ef7940bb64c9e937ea2272c3a43ad' Time='7/16/2026 3:44 PM',
7/16/2026 3:44:42 PM,Order,Order='f60adc6102b2460984c9be8f99d2d70e/Sim101' Name='Stop1' New state='Accepted' Instrument='MES SEP26' Action='Sell' Limit price=0 Stop price=7562.25 Quantity=7 Type='Stop Market' Time in force=GTC Oco='bfe1e4eaeaa64ff090765aeb66ffe11e' Filled=0 Fill price=0 Error='No error' Native error='',
7/16/2026 3:44:42 PM,Order,Order='599ef7940bb64c9e937ea2272c3a43ad/Sim101' Name='Target1' New state='Filled' Instrument='MES SEP26' Action='Sell' Limit price=7567.25 Stop price=0 Quantity=9 Type='Limit' Time in force=GTC Oco='bfe1e4eaeaa64ff090765aeb66ffe11e' Filled=9 Fill price=7567.25 Error='No error' Native error='',
7/16/2026 3:44:41 PM,Position,Instrument='MES SEP26' Account='Sim101' Average price=7566.25 Quantity=10 Market position=Long Operation=Update,
7/16/2026 3:44:41 PM,Execution,Execution='890771f3763141deb8f9efa9aba85fa1' Instrument='MES SEP26' Account='Sim101' Exchange=Default Price=7567.25 Quantity=1 Market position=Short Operation=Operation_Add Order='599ef7940bb64c9e937ea2272c3a43ad' Time='7/16/2026 3:44 PM',
7/16/2026 3:44:41 PM,Order,Order='599ef7940bb64c9e937ea2272c3a43ad/Sim101' Name='Target1' New state='Partially filled' Instrument='MES SEP26' Action='Sell' Limit price=7567.25 Stop price=0 Quantity=9 Type='Limit' Time in force=GTC Oco='bfe1e4eaeaa64ff090765aeb66ffe11e' Filled=2 Fill price=7567.25 Error='No error' Native error='',
7/16/2026 3:44:41 PM,Position,Instrument='MES SEP26' Account='Sim101' Average price=7566.25 Quantity=11 Market position=Long Operation=Update,
7/16/2026 3:44:41 PM,Order,Order='f60adc6102b2460984c9be8f99d2d70e/Sim101' Name='Stop1' New state='Change submitted' Instrument='MES SEP26' Action='Sell' Limit price=0 Stop price=7562.25 Quantity=8 Type='Stop Market' Time in force=GTC Oco='bfe1e4eaeaa64ff090765aeb66ffe11e' Filled=0 Fill price=0 Error='No error' Native error='',
7/16/2026 3:44:41 PM,Execution,Execution='ffccd952bfc7441b93e0eb7df85e82be' Instrument='MES SEP26' Account='Sim101' Exchange=Default Price=7567.25 Quantity=1 Market position=Short Operation=Operation_Add Order='599ef7940bb64c9e937ea2272c3a43ad' Time='7/16/2026 3:44 PM',
7/16/2026 3:44:41 PM,Order,Order='599ef7940bb64c9e937ea2272c3a43ad/Sim101' Name='Target1' New state='Partially filled' Instrument='MES SEP26' Action='Sell' Limit price=7567.25 Stop price=0 Quantity=9 Type='Limit' Time in force=GTC Oco='bfe1e4eaeaa64ff090765aeb66ffe11e' Filled=1 Fill price=7567.25 Error='No error' Native error='',
7/16/2026 3:44:25 PM,Order,Order='94416f16d37b4cc197d29e4ef694e612/Sim102' Name='Target4' New state='Working' Instrument='MES SEP26' Action='Buy to cover' Limit price=7562 Stop price=0 Quantity=1 Type='Limit' Time in force=GTC Oco='64f357ae79b74fd69003b8380c9a9ad5' Filled=0 Fill price=0 Error='No error' Native error='',
7/16/2026 3:44:25 PM,Order,Order='94416f16d37b4cc197d29e4ef694e612/Sim102' Name='Target4' New state='Accepted' Instrument='MES SEP26' Action='Buy to cover' Limit price=7562 Stop price=0 Quantity=1 Type='Limit' Time in force=GTC Oco='64f357ae79b74fd69003b8380c9a9ad5' Filled=0 Fill price=0 Error='No error' Native error='',
7/16/2026 3:44:25 PM,Order,Order='ad422dc16a9e4bdea97a9620a9a85cb0/Sim102' Name='Stop4' New state='Accepted' Instrument='MES SEP26' Action='Buy to cover' Limit price=0 Stop price=7570 Quantity=1 Type='Stop Market' Time in force=GTC Oco='64f357ae79b74fd69003b8380c9a9ad5' Filled=0 Fill price=0 Error='No error' Native error='',
7/16/2026 3:44:25 PM,Order,Order='9ae45e9e7d764496a7ca685e2cd4144f/Sim102' Name='Target3' New state='Accepted' Instrument='MES SEP26' Action='Buy to cover' Limit price=7563 Stop price=0 Quantity=1 Type='Limit' Time in force=GTC Oco='5635b41af35d41daa3f2b0221fd71a76' Filled=0 Fill price=0 Error='No error' Native error='',
7/16/2026 3:44:25 PM,Order,Order='9ae45e9e7d764496a7ca685e2cd4144f/Sim102' Name='Target3' New state='Working' Instrument='MES SEP26' Action='Buy to cover' Limit price=7563 Stop price=0 Quantity=1 Type='Limit' Time in force=GTC Oco='5635b41af35d41daa3f2b0221fd71a76' Filled=0 Fill price=0 Error='No error' Native error='',
7/16/2026 3:44:25 PM,Order,Order='50e73da9b0474f6fbad35a4743c61522/Sim102' Name='Target2' New state='Accepted' Instrument='MES SEP26' Action='Buy to cover' Limit price=7564 Stop price=0 Quantity=1 Type='Limit' Time in force=GTC Oco='da11037099d24999ae4471ed0cef60f2' Filled=0 Fill price=0 Error='No error' Native error='',
7/16/2026 3:44:25 PM,Order,Order='50e73da9b0474f6fbad35a4743c61522/Sim102' Name='Target2' New state='Working' Instrument='MES SEP26' Action='Buy to cover' Limit price=7564 Stop price=0 Quantity=1 Type='Limit' Time in force=GTC Oco='da11037099d24999ae4471ed0cef60f2' Filled=0 Fill price=0 Error='No error' Native error='',
7/16/2026 3:44:25 PM,Order,Order='1b8410e82a1247b2b3f74a73265a0ea1/Sim102' Name='Stop3' New state='Accepted' Instrument='MES SEP26' Action='Buy to cover' Limit price=0 Stop price=7570 Quantity=1 Type='Stop Market' Time in force=GTC Oco='5635b41af35d41daa3f2b0221fd71a76' Filled=0 Fill price=0 Error='No error' Native error='',
7/16/2026 3:44:25 PM,Order,Order='781d71e8f53943d28c68a9271e64feb7/Sim102' Name='Stop2' New state='Accepted' Instrument='MES SEP26' Action='Buy to cover' Limit price=0 Stop price=7570 Quantity=1 Type='Stop Market' Time in force=GTC Oco='da11037099d24999ae4471ed0cef60f2' Filled=0 Fill price=0 Error='No error' Native error='',
7/16/2026 3:44:25 PM,Order,Order='6966ba34cdfa418ebe0d6e8a5ccbb2ee/Sim102' Name='Target1' New state='Working' Instrument='MES SEP26' Action='Buy to cover' Limit price=7565 Stop price=0 Quantity=9 Type='Limit' Time in force=GTC Oco='da04fb6be3e04cb4b51fa8425fff018f' Filled=0 Fill price=0 Error='No error' Native error='',
7/16/2026 3:44:25 PM,Order,Order='6966ba34cdfa418ebe0d6e8a5ccbb2ee/Sim102' Name='Target1' New state='Accepted' Instrument='MES SEP26' Action='Buy to cover' Limit price=7565 Stop price=0 Quantity=9 Type='Limit' Time in force=GTC Oco='da04fb6be3e04cb4b51fa8425fff018f' Filled=0 Fill price=0 Error='No error' Native error='',
7/16/2026 3:44:25 PM,Order,Order='94416f16d37b4cc197d29e4ef694e612/Sim102' Name='Target4' New state='Submitted' Instrument='MES SEP26' Action='Buy to cover' Limit price=7562 Stop price=0 Quantity=1 Type='Limit' Time in force=GTC Oco='64f357ae79b74fd69003b8380c9a9ad5' Filled=0 Fill price=0 Error='No error' Native error='',
7/16/2026 3:44:25 PM,Order,Order='65830d65de8a4e29bfbab7a3722e8cc6/Sim102' Name='Stop1' New state='Accepted' Instrument='MES SEP26' Action='Buy to cover' Limit price=0 Stop price=7570 Quantity=9 Type='Stop Market' Time in force=GTC Oco='da04fb6be3e04cb4b51fa8425fff018f' Filled=0 Fill price=0 Error='No error' Native error='',
7/16/2026 3:44:25 PM,Order,Order='ad422dc16a9e4bdea97a9620a9a85cb0/Sim102' Name='Stop4' New state='Submitted' Instrument='MES SEP26' Action='Buy to cover' Limit price=0 Stop price=7570 Quantity=1 Type='Stop Market' Time in force=GTC Oco='64f357ae79b74fd69003b8380c9a9ad5' Filled=0 Fill price=0 Error='No error' Native error='',
7/16/2026 3:44:25 PM,Order,Order='9ae45e9e7d764496a7ca685e2cd4144f/Sim102' Name='Target3' New state='Submitted' Instrument='MES SEP26' Action='Buy to cover' Limit price=7563 Stop price=0 Quantity=1 Type='Limit' Time in force=GTC Oco='5635b41af35d41daa3f2b0221fd71a76' Filled=0 Fill price=0 Error='No error' Native error='',
7/16/2026 3:44:25 PM,Order,Order='1b8410e82a1247b2b3f74a73265a0ea1/Sim102' Name='Stop3' New state='Submitted' Instrument='MES SEP26' Action='Buy to cover' Limit price=0 Stop price=7570 Quantity=1 Type='Stop Market' Time in force=GTC Oco='5635b41af35d41daa3f2b0221fd71a76' Filled=0 Fill price=0 Error='No error' Native error='',
7/16/2026 3:44:25 PM,Order,Order='50e73da9b0474f6fbad35a4743c61522/Sim102' Name='Target2' New state='Submitted' Instrument='MES SEP26' Action='Buy to cover' Limit price=7564 Stop price=0 Quantity=1 Type='Limit' Time in force=GTC Oco='da11037099d24999ae4471ed0cef60f2' Filled=0 Fill price=0 Error='No error' Native error='',
7/16/2026 3:44:25 PM,Order,Order='781d71e8f53943d28c68a9271e64feb7/Sim102' Name='Stop2' New state='Submitted' Instrument='MES SEP26' Action='Buy to cover' Limit price=0 Stop price=7570 Quantity=1 Type='Stop Market' Time in force=GTC Oco='da11037099d24999ae4471ed0cef60f2' Filled=0 Fill price=0 Error='No error' Native error='',
7/16/2026 3:44:25 PM,Order,Order='6966ba34cdfa418ebe0d6e8a5ccbb2ee/Sim102' Name='Target1' New state='Submitted' Instrument='MES SEP26' Action='Buy to cover' Limit price=7565 Stop price=0 Quantity=9 Type='Limit' Time in force=GTC Oco='da04fb6be3e04cb4b51fa8425fff018f' Filled=0 Fill price=0 Error='No error' Native error='',
7/16/2026 3:44:25 PM,Order,Order='65830d65de8a4e29bfbab7a3722e8cc6/Sim102' Name='Stop1' New state='Submitted' Instrument='MES SEP26' Action='Buy to cover' Limit price=0 Stop price=7570 Quantity=9 Type='Stop Market' Time in force=GTC Oco='da04fb6be3e04cb4b51fa8425fff018f' Filled=0 Fill price=0 Error='No error' Native error='',
7/16/2026 3:44:25 PM,Execution,Execution='d45d17bed88b4f87ab875f28ffcca945' Instrument='MES SEP26' Account='Sim102' Exchange=Default Price=7566 Quantity=12 Market position=Short Operation=Operation_Add Order='1b0905f6d8524ae98e3b3cabc2fb35a8' Time='7/16/2026 3:44 PM',
7/16/2026 3:44:25 PM,Position,Instrument='MES SEP26' Account='Sim102' Average price=7566 Quantity=12 Market position=Short Operation=Operation_Add,
7/16/2026 3:44:25 PM,Order,Order='1b0905f6d8524ae98e3b3cabc2fb35a8/Sim102' Name='Entry' New state='Filled' Instrument='MES SEP26' Action='Sell' Limit price=0 Stop price=0 Quantity=12 Type='Market' Time in force=GTC Oco='' Filled=12 Fill price=7566 Error='No error' Native error='',
7/16/2026 3:44:25 PM,Order,Order='1b0905f6d8524ae98e3b3cabc2fb35a8/Sim102' Name='Entry' New state='Accepted' Instrument='MES SEP26' Action='Sell' Limit price=0 Stop price=0 Quantity=12 Type='Market' Time in force=GTC Oco='' Filled=0 Fill price=0 Error='No error' Native error='',
7/16/2026 3:44:25 PM,Order,Order='1b0905f6d8524ae98e3b3cabc2fb35a8/Sim102' Name='Entry' New state='Working' Instrument='MES SEP26' Action='Sell' Limit price=0 Stop price=0 Quantity=12 Type='Market' Time in force=GTC Oco='' Filled=0 Fill price=0 Error='No error' Native error='',
7/16/2026 3:44:25 PM,Order,Order='1b0905f6d8524ae98e3b3cabc2fb35a8/Sim102' Name='Entry' New state='Submitted' Instrument='MES SEP26' Action='Sell' Limit price=0 Stop price=0 Quantity=12 Type='Market' Time in force=GTC Oco='' Filled=0 Fill price=0 Error='No error' Native error='',
7/16/2026 3:44:25 PM,Order,Chart Trader submitting order with strategy 'MES RMA 4SL 12Q - 2' (Ticks),
7/16/2026 3:44:24 PM,Order,Order='b9c6c3fbf73e4f23b6658fb831ebc3a7/Sim101' Name='Target4' New state='Accepted' Instrument='MES SEP26' Action='Sell' Limit price=7570.25 Stop price=0 Quantity=1 Type='Limit' Time in force=GTC Oco='994c6e3022c74eeaa6cfc32e71fdf2d6' Filled=0 Fill price=0 Error='No error' Native error='',
7/16/2026 3:44:24 PM,Order,Order='b9c6c3fbf73e4f23b6658fb831ebc3a7/Sim101' Name='Target4' New state='Working' Instrument='MES SEP26' Action='Sell' Limit price=7570.25 Stop price=0 Quantity=1 Type='Limit' Time in force=GTC Oco='994c6e3022c74eeaa6cfc32e71fdf2d6' Filled=0 Fill price=0 Error='No error' Native error='',
7/16/2026 3:44:24 PM,Order,Order='9a61971ae5124ea9bda4151ca8638d2b/Sim101' Name='Stop4' New state='Accepted' Instrument='MES SEP26' Action='Sell' Limit price=0 Stop price=7562.25 Quantity=1 Type='Stop Market' Time in force=GTC Oco='994c6e3022c74eeaa6cfc32e71fdf2d6' Filled=0 Fill price=0 Error='No error' Native error='',
7/16/2026 3:44:24 PM,Order,Order='22730f43fc5c4f268be828d1452c6c44/Sim101' Name='Target3' New state='Working' Instrument='MES SEP26' Action='Sell' Limit price=7569.25 Stop price=0 Quantity=1 Type='Limit' Time in force=GTC Oco='252738d77f8f42d0a592bb16747e48ba' Filled=0 Fill price=0 Error='No error' Native error='',
7/16/2026 3:44:24 PM,Order,Order='22730f43fc5c4f268be828d1452c6c44/Sim101' Name='Target3' New state='Accepted' Instrument='MES SEP26' Action='Sell' Limit price=7569.25 Stop price=0 Quantity=1 Type='Limit' Time in force=GTC Oco='252738d77f8f42d0a592bb16747e48ba' Filled=0 Fill price=0 Error='No error' Native error='',
7/16/2026 3:44:24 PM,Order,Order='a9daf2acb3a648409ed39bd90b76d23a/Sim101' Name='Target2' New state='Accepted' Instrument='MES SEP26' Action='Sell' Limit price=7568.25 Stop price=0 Quantity=1 Type='Limit' Time in force=GTC Oco='687a2f75771245bbb2a909844733d449' Filled=0 Fill price=0 Error='No error' Native error='',
7/16/2026 3:44:24 PM,Order,Order='a9daf2acb3a648409ed39bd90b76d23a/Sim101' Name='Target2' New state='Working' Instrument='MES SEP26' Action='Sell' Limit price=7568.25 Stop price=0 Quantity=1 Type='Limit' Time in force=GTC Oco='687a2f75771245bbb2a909844733d449' Filled=0 Fill price=0 Error='No error' Native error='',
7/16/2026 3:44:24 PM,Order,Order='b7b56f53cd2e48458a35182c96a5d53b/Sim101' Name='Stop3' New state='Accepted' Instrument='MES SEP26' Action='Sell' Limit price=0 Stop price=7562.25 Quantity=1 Type='Stop Market' Time in force=GTC Oco='252738d77f8f42d0a592bb16747e48ba' Filled=0 Fill price=0 Error='No error' Native error='',
7/16/2026 3:44:24 PM,Order,Order='2cf486e397c946e99c1ba6bf30fff651/Sim101' Name='Stop2' New state='Accepted' Instrument='MES SEP26' Action='Sell' Limit price=0 Stop price=7562.25 Quantity=1 Type='Stop Market' Time in force=GTC Oco='687a2f75771245bbb2a909844733d449' Filled=0 Fill price=0 Error='No error' Native error='',
7/16/2026 3:44:24 PM,Order,Order='599ef7940bb64c9e937ea2272c3a43ad/Sim101' Name='Target1' New state='Accepted' Instrument='MES SEP26' Action='Sell' Limit price=7567.25 Stop price=0 Quantity=9 Type='Limit' Time in force=GTC Oco='bfe1e4eaeaa64ff090765aeb66ffe11e' Filled=0 Fill price=0 Error='No error' Native error='',
7/16/2026 3:44:24 PM,Order,Order='599ef7940bb64c9e937ea2272c3a43ad/Sim101' Name='Target1' New state='Working' Instrument='MES SEP26' Action='Sell' Limit price=7567.25 Stop price=0 Quantity=9 Type='Limit' Time in force=GTC Oco='bfe1e4eaeaa64ff090765aeb66ffe11e' Filled=0 Fill price=0 Error='No error' Native error='',
7/16/2026 3:44:24 PM,Order,Order='f60adc6102b2460984c9be8f99d2d70e/Sim101' Name='Stop1' New state='Accepted' Instrument='MES SEP26' Action='Sell' Limit price=0 Stop price=7562.25 Quantity=9 Type='Stop Market' Time in force=GTC Oco='bfe1e4eaeaa64ff090765aeb66ffe11e' Filled=0 Fill price=0 Error='No error' Native error='',
7/16/2026 3:44:24 PM,Order,Order='b9c6c3fbf73e4f23b6658fb831ebc3a7/Sim101' Name='Target4' New state='Submitted' Instrument='MES SEP26' Action='Sell' Limit price=7570.25 Stop price=0 Quantity=1 Type='Limit' Time in force=GTC Oco='994c6e3022c74eeaa6cfc32e71fdf2d6' Filled=0 Fill price=0 Error='No error' Native error='',
7/16/2026 3:44:24 PM,Order,Order='9a61971ae5124ea9bda4151ca8638d2b/Sim101' Name='Stop4' New state='Submitted' Instrument='MES SEP26' Action='Sell' Limit price=0 Stop price=7562.25 Quantity=1 Type='Stop Market' Time in force=GTC Oco='994c6e3022c74eeaa6cfc32e71fdf2d6' Filled=0 Fill price=0 Error='No error' Native error='',
7/16/2026 3:44:24 PM,Order,Order='22730f43fc5c4f268be828d1452c6c44/Sim101' Name='Target3' New state='Submitted' Instrument='MES SEP26' Action='Sell' Limit price=7569.25 Stop price=0 Quantity=1 Type='Limit' Time in force=GTC Oco='252738d77f8f42d0a592bb16747e48ba' Filled=0 Fill price=0 Error='No error' Native error='',
7/16/2026 3:44:24 PM,Order,Order='b7b56f53cd2e48458a35182c96a5d53b/Sim101' Name='Stop3' New state='Submitted' Instrument='MES SEP26' Action='Sell' Limit price=0 Stop price=7562.25 Quantity=1 Type='Stop Market' Time in force=GTC Oco='252738d77f8f42d0a592bb16747e48ba' Filled=0 Fill price=0 Error='No error' Native error='',
7/16/2026 3:44:24 PM,Order,Order='a9daf2acb3a648409ed39bd90b76d23a/Sim101' Name='Target2' New state='Submitted' Instrument='MES SEP26' Action='Sell' Limit price=7568.25 Stop price=0 Quantity=1 Type='Limit' Time in force=GTC Oco='687a2f75771245bbb2a909844733d449' Filled=0 Fill price=0 Error='No error' Native error='',
7/16/2026 3:44:24 PM,Order,Order='2cf486e397c946e99c1ba6bf30fff651/Sim101' Name='Stop2' New state='Submitted' Instrument='MES SEP26' Action='Sell' Limit price=0 Stop price=7562.25 Quantity=1 Type='Stop Market' Time in force=GTC Oco='687a2f75771245bbb2a909844733d449' Filled=0 Fill price=0 Error='No error' Native error='',
7/16/2026 3:44:24 PM,Order,Order='599ef7940bb64c9e937ea2272c3a43ad/Sim101' Name='Target1' New state='Submitted' Instrument='MES SEP26' Action='Sell' Limit price=7567.25 Stop price=0 Quantity=9 Type='Limit' Time in force=GTC Oco='bfe1e4eaeaa64ff090765aeb66ffe11e' Filled=0 Fill price=0 Error='No error' Native error='',
7/16/2026 3:44:24 PM,Position,Instrument='MES SEP26' Account='Sim101' Average price=7566.25 Quantity=12 Market position=Long Operation=Operation_Add,
7/16/2026 3:44:24 PM,Order,Order='f60adc6102b2460984c9be8f99d2d70e/Sim101' Name='Stop1' New state='Submitted' Instrument='MES SEP26' Action='Sell' Limit price=0 Stop price=7562.25 Quantity=9 Type='Stop Market' Time in force=GTC Oco='bfe1e4eaeaa64ff090765aeb66ffe11e' Filled=0 Fill price=0 Error='No error' Native error='',
7/16/2026 3:44:24 PM,Execution,Execution='6c96f699c7444b819fab23455f157786' Instrument='MES SEP26' Account='Sim101' Exchange=Default Price=7566.25 Quantity=12 Market position=Long Operation=Operation_Add Order='e63d5084241f4d88b5a37c3a64dad4d9' Time='7/16/2026 3:44 PM',
7/16/2026 3:44:24 PM,Order,Order='e63d5084241f4d88b5a37c3a64dad4d9/Sim101' Name='Entry' New state='Filled' Instrument='MES SEP26' Action='Buy' Limit price=0 Stop price=0 Quantity=12 Type='Market' Time in force=GTC Oco='' Filled=12 Fill price=7566.25 Error='No error' Native error='',
7/16/2026 3:44:24 PM,Order,Order='e63d5084241f4d88b5a37c3a64dad4d9/Sim101' Name='Entry' New state='Accepted' Instrument='MES SEP26' Action='Buy' Limit price=0 Stop price=0 Quantity=12 Type='Market' Time in force=GTC Oco='' Filled=0 Fill price=0 Error='No error' Native error='',
7/16/2026 3:44:24 PM,Order,Order='e63d5084241f4d88b5a37c3a64dad4d9/Sim101' Name='Entry' New state='Working' Instrument='MES SEP26' Action='Buy' Limit price=0 Stop price=0 Quantity=12 Type='Market' Time in force=GTC Oco='' Filled=0 Fill price=0 Error='No error' Native error='',
7/16/2026 3:44:23 PM,Order,Order='e63d5084241f4d88b5a37c3a64dad4d9/Sim101' Name='Entry' New state='Submitted' Instrument='MES SEP26' Action='Buy' Limit price=0 Stop price=0 Quantity=12 Type='Market' Time in force=GTC Oco='' Filled=0 Fill price=0 Error='No error' Native error='',
7/16/2026 3:44:23 PM,Order,Chart Trader submitting order with strategy 'MES RMA 4SL 12Q - 1' (Ticks),
7/16/2026 3:43:46 PM,Connection,Using HDS (hds-us-nt-008.ninjatrader.com/31655),
7/16/2026 3:43:46 PM,Connection,Time to auto close position='12:00:00 AM' Enabled=False,
7/16/2026 3:43:46 PM,Connection,My Rithmic for NinjaTrader Brokerage: Primary connection=Connected Price feed=Connected,
7/16/2026 3:43:31 PM,Default,Restoring workspace 'Testing'...,
7/16/2026 3:43:29 PM,Default,Auto close enabled=False,
7/16/2026 3:43:29 PM,Order,Order entry hot keys disabled,
7/16/2026 3:43:29 PM,Connection,My Rithmic for NinjaTrader Brokerage: Primary connection=Connecting Price feed=Connecting,
7/16/2026 3:43:29 PM,Default,Auto connecting 'My Rithmic for NinjaTrader Brokerage'...,
7/16/2026 3:43:29 PM,Connection,Using IS (is-us-nt-005.ninjatrader.com/31658),
7/16/2026 3:43:29 PM,Default,Automated trading disabled,
7/16/2026 3:43:26 PM,Default,Global simulation mode disabled,
7/16/2026 3:43:07 PM,Default,Session Break (Version 8.1.7.2),
7/16/2026 2:25:16 PM,Connection,My Rithmic for NinjaTrader Brokerage: Primary connection=Disconnected Price feed=Disconnected,
7/16/2026 2:25:15 PM,Connection,My Rithmic for NinjaTrader Brokerage: Primary connection=Disconnecting Price feed=Disconnecting,
7/16/2026 2:25:14 PM,Default,Workspace Testing not saved,
7/16/2026 2:24:20 PM,DB,Error on executing DB command: code = Misuse (21) message = System.Data.SQLite.SQLiteException (0x87AF0649): bad parameter or other API misuse,
7/16/2026 2:24:10 PM,DB,Error on executing DB command: code = Misuse (21) message = System.Data.SQLite.SQLiteException (0x87AF0649): bad parameter or other API misuse,
7/16/2026 2:24:00 PM,DB,Error on executing DB command: code = Misuse (21) message = System.Data.SQLite.SQLiteException (0x87AF0649): bad parameter or other API misuse,
7/16/2026 2:23:49 PM,DB,Error on executing DB command: code = Misuse (21) message = System.Data.SQLite.SQLiteException (0x87AF0649): bad parameter or other API misuse,
7/16/2026 2:23:39 PM,DB,Error on executing DB command: code = Misuse (21) message = System.Data.SQLite.SQLiteException (0x87AF0649): bad parameter or other API misuse,
7/16/2026 2:23:29 PM,DB,Error on executing DB command: code = Misuse (21) message = System.Data.SQLite.SQLiteException (0x87AF0649): bad parameter or other API misuse,
7/16/2026 2:23:19 PM,DB,Error on executing DB command: code = Misuse (21) message = System.Data.SQLite.SQLiteException (0x87AF0649): bad parameter or other API misuse,
7/16/2026 2:23:09 PM,DB,Error on executing DB command: code = Misuse (21) message = System.Data.SQLite.SQLiteException (0x87AF0649): bad parameter or other API misuse,
7/16/2026 2:22:59 PM,DB,Error on executing DB command: code = Misuse (21) message = System.Data.SQLite.SQLiteException (0x87AF0649): bad parameter or other API misuse,
7/16/2026 2:22:49 PM,DB,Error on executing DB command: code = Misuse (21) message = System.Data.SQLite.SQLiteException (0x87AF0649): bad parameter or other API misuse,
7/16/2026 2:22:39 PM,DB,Error on executing DB command: code = Misuse (21) message = System.Data.SQLite.SQLiteException (0x87AF0649): bad parameter or other API misuse,
7/16/2026 2:22:29 PM,DB,Error on executing DB command: code = Misuse (21) message = System.Data.SQLite.SQLiteException (0x87AF0649): bad parameter or other API misuse,
7/16/2026 2:22:19 PM,DB,Error on executing DB command: code = Misuse (21) message = System.Data.SQLite.SQLiteException (0x87AF0649): bad parameter or other API misuse,
7/16/2026 2:22:09 PM,DB,Error on executing DB command: code = Misuse (21) message = System.Data.SQLite.SQLiteException (0x87AF0649): bad parameter or other API misuse,
7/16/2026 2:21:59 PM,DB,Error on executing DB command: code = Misuse (21) message = System.Data.SQLite.SQLiteException (0x87AF0649): bad parameter or other API misuse,
7/16/2026 2:21:49 PM,DB,Error on executing DB command: code = Misuse (21) message = System.Data.SQLite.SQLiteException (0x87AF0649): bad parameter or other API misuse,
7/16/2026 2:21:39 PM,DB,Error on executing DB command: code = Misuse (21) message = System.Data.SQLite.SQLiteException (0x87AF0649): bad parameter or other API misuse,
7/16/2026 2:21:29 PM,DB,Error on executing DB command: code = Misuse (21) message = System.Data.SQLite.SQLiteException (0x87AF0649): bad parameter or other API misuse,
7/16/2026 2:21:19 PM,DB,Error on executing DB command: code = Misuse (21) message = System.Data.SQLite.SQLiteException (0x87AF0649): bad parameter or other API misuse,
7/16/2026 2:21:09 PM,DB,Error on executing DB command: code = Misuse (21) message = System.Data.SQLite.SQLiteException (0x87AF0649): bad parameter or other API misuse,
7/16/2026 2:20:59 PM,DB,Error on executing DB command: code = Misuse (21) message = System.Data.SQLite.SQLiteException (0x87AF0649): bad parameter or other API misuse,
7/16/2026 2:20:49 PM,DB,Error on executing DB command: code = Misuse (21) message = System.Data.SQLite.SQLiteException (0x87AF0649): bad parameter or other API misuse,
7/16/2026 2:20:39 PM,DB,Error on executing DB command: code = Misuse (21) message = System.Data.SQLite.SQLiteException (0x87AF0649): bad parameter or other API misuse,
7/16/2026 2:20:29 PM,DB,Error on executing DB command: code = Misuse (21) message = System.Data.SQLite.SQLiteException (0x87AF0649): bad parameter or other API misuse,
7/16/2026 2:20:19 PM,DB,Error on executing DB command: code = Misuse (21) message = System.Data.SQLite.SQLiteException (0x87AF0649): bad parameter or other API misuse,
7/16/2026 2:20:09 PM,DB,Error on executing DB command: code = Misuse (21) message = System.Data.SQLite.SQLiteException (0x87AF0649): bad parameter or other API misuse,
7/16/2026 2:19:59 PM,DB,Error on executing DB command: code = Misuse (21) message = System.Data.SQLite.SQLiteException (0x87AF0649): bad parameter or other API misuse,
7/16/2026 2:19:49 PM,DB,Error on executing DB command: code = Misuse (21) message = System.Data.SQLite.SQLiteException (0x87AF0649): bad parameter or other API misuse,
7/16/2026 2:19:39 PM,DB,Error on executing DB command: code = Misuse (21) message = System.Data.SQLite.SQLiteException (0x87AF0649): bad parameter or other API misuse,
7/16/2026 2:19:29 PM,DB,Error on executing DB command: code = Misuse (21) message = System.Data.SQLite.SQLiteException (0x87AF0649): bad parameter or other API misuse,
7/16/2026 2:19:19 PM,DB,Error on executing DB command: code = Misuse (21) message = System.Data.SQLite.SQLiteException (0x87AF0649): bad parameter or other API misuse,
7/16/2026 2:19:09 PM,DB,Error on executing DB command: code = Misuse (21) message = System.Data.SQLite.SQLiteException (0x87AF0649): bad parameter or other API misuse,
7/16/2026 2:18:59 PM,DB,Error on executing DB command: code = Misuse (21) message = System.Data.SQLite.SQLiteException (0x87AF0649): bad parameter or other API misuse,
7/16/2026 2:18:49 PM,DB,Error on executing DB command: code = Misuse (21) message = System.Data.SQLite.SQLiteException (0x87AF0649): bad parameter or other API misuse,
7/16/2026 2:18:39 PM,DB,Error on executing DB command: code = Misuse (21) message = System.Data.SQLite.SQLiteException (0x87AF0649): bad parameter or other API misuse,
7/16/2026 2:18:29 PM,DB,Error on executing DB command: code = Misuse (21) message = System.Data.SQLite.SQLiteException (0x87AF0649): bad parameter or other API misuse,
7/16/2026 2:18:19 PM,DB,Error on executing DB command: code = Misuse (21) message = System.Data.SQLite.SQLiteException (0x87AF0649): bad parameter or other API misuse,
7/16/2026 2:18:09 PM,DB,Error on executing DB command: code = Misuse (21) message = System.Data.SQLite.SQLiteException (0x87AF0649): bad parameter or other API misuse,
7/16/2026 2:17:59 PM,DB,Error on executing DB command: code = Misuse (21) message = System.Data.SQLite.SQLiteException (0x87AF0649): bad parameter or other API misuse,
7/16/2026 2:17:50 PM,Order,Order='52f54d4eb9a34a29a5d8d6252e62cced/Sim102' Name='Entry' New state='Rejected' Instrument='MES SEP26' Action='Sell' Limit price=0 Stop price=0 Quantity=12 Type='Market' Time in force=GTC Oco='' Filled=0 Fill price=0 Error='Order rejected' Native error='There is no market data available to drive the simulation engine.',
7/16/2026 2:17:50 PM,Order,Sim102 There is no market data available to drive the simulation engine. affected Order: Sell 12 Market,
7/16/2026 2:17:49 PM,DB,Error on executing DB command: code = Misuse (21) message = System.Data.SQLite.SQLiteException (0x87AF0649): bad parameter or other API misuse,
7/16/2026 2:17:45 PM,Order,Order='7efce923404941049bfb326039feab15/Sim102' Name='Entry' New state='Rejected' Instrument='MES SEP26' Action='Sell' Limit price=0 Stop price=0 Quantity=12 Type='Market' Time in force=GTC Oco='' Filled=0 Fill price=0 Error='Order rejected' Native error='There is no market data available to drive the simulation engine.',
7/16/2026 2:17:45 PM,Order,Sim102 There is no market data available to drive the simulation engine. affected Order: Sell 12 Market,
7/16/2026 2:17:44 PM,Order,Sim101 There is no market data available to drive the simulation engine. affected Order: Buy 12 Market,
7/16/2026 2:17:44 PM,Order,Order='a3de490d3bf34237adf9023adb1183c4/Sim101' Name='Entry' New state='Rejected' Instrument='MES SEP26' Action='Buy' Limit price=0 Stop price=0 Quantity=12 Type='Market' Time in force=GTC Oco='' Filled=0 Fill price=0 Error='Order rejected' Native error='There is no market data available to drive the simulation engine.',
7/16/2026 2:17:41 PM,Default,Chart Trader close position,
7/16/2026 2:17:41 PM,Default,Cancel all orders account='Sim101',
7/16/2026 2:17:41 PM,Default,Chart Trader close position,
7/16/2026 2:17:41 PM,Default,Cancel all orders account='Sim101',
7/16/2026 2:17:40 PM,Default,Cancel all orders account='Sim102',
7/16/2026 2:17:40 PM,Default,Chart Trader close position,
7/16/2026 2:17:39 PM,Default,Chart Trader close position,
7/16/2026 2:17:39 PM,Default,Cancel all orders account='Sim101',
7/16/2026 2:17:39 PM,DB,Error on executing DB command: code = Misuse (21) message = System.Data.SQLite.SQLiteException (0x87AF0649): bad parameter or other API misuse,
7/16/2026 2:17:38 PM,Default,Chart Trader close position,
7/16/2026 2:17:38 PM,Default,Cancel all orders account='Sim101',
7/16/2026 2:17:37 PM,Default,Cancel all orders account='Sim102',
7/16/2026 2:17:37 PM,Default,Chart Trader close position,
7/16/2026 2:17:30 PM,Order,Order='52f54d4eb9a34a29a5d8d6252e62cced/Sim102' Name='Entry' New state='Submitted' Instrument='MES SEP26' Action='Sell' Limit price=0 Stop price=0 Quantity=12 Type='Market' Time in force=GTC Oco='' Filled=0 Fill price=0 Error='No error' Native error='',
7/16/2026 2:17:30 PM,Order,Chart Trader submitting order with strategy 'MES RMA 4SL 12Q - 3' (Ticks),
7/16/2026 2:17:29 PM,DB,Error on executing DB command: code = Misuse (21) message = System.Data.SQLite.SQLiteException (0x87AF0649): bad parameter or other API misuse,
7/16/2026 2:17:25 PM,Order,Order='7efce923404941049bfb326039feab15/Sim102' Name='Entry' New state='Submitted' Instrument='MES SEP26' Action='Sell' Limit price=0 Stop price=0 Quantity=12 Type='Market' Time in force=GTC Oco='' Filled=0 Fill price=0 Error='No error' Native error='',
7/16/2026 2:17:25 PM,Order,Chart Trader submitting order with strategy 'MES RMA 4SL 12Q - 2' (Ticks),
7/16/2026 2:17:24 PM,Order,Order='a3de490d3bf34237adf9023adb1183c4/Sim101' Name='Entry' New state='Submitted' Instrument='MES SEP26' Action='Buy' Limit price=0 Stop price=0 Quantity=12 Type='Market' Time in force=GTC Oco='' Filled=0 Fill price=0 Error='No error' Native error='',
7/16/2026 2:17:24 PM,Order,Chart Trader submitting order with strategy 'MES RMA 4SL 12Q - 1' (Ticks),
7/16/2026 2:17:19 PM,DB,Error on executing DB command: code = Misuse (21) message = System.Data.SQLite.SQLiteException (0x87AF0649): bad parameter or other API misuse,
7/16/2026 2:17:09 PM,DB,Error on executing DB command: code = Constraint (19) message = System.Data.SQLite.SQLiteException (0x87AF202F): constraint failed,
7/16/2026 2:16:59 PM,DB,Error on executing DB command: code = Misuse (21) message = System.Data.SQLite.SQLiteException (0x87AF0649): bad parameter or other API misuse,
7/16/2026 2:16:49 PM,DB,Error on executing DB command: code = Misuse (21) message = System.Data.SQLite.SQLiteException (0x87AF0649): bad parameter or other API misuse,
7/16/2026 2:16:39 PM,DB,Error on executing DB command: code = Constraint (19) message = System.Data.SQLite.SQLiteException (0x87AF202F): constraint failed,
7/16/2026 2:16:38 PM,Connection,Using HDS (hds-us-nt-004.ninjatrader.com/31655),
7/16/2026 2:16:38 PM,Connection,Time to auto close position='12:00:00 AM' Enabled=False,
7/16/2026 2:16:38 PM,Execution,Execution='1793371,
7/16/2026 2:16:38 PM,Execution,Execution='1793372,
7/16/2026 2:16:37 PM,Connection,My Rithmic for NinjaTrader Brokerage: Primary connection=Connected Price feed=Connected,
7/16/2026 2:16:23 PM,Default,Restoring workspace 'Testing'...,
7/16/2026 2:16:21 PM,Default,Auto close enabled=False,
7/16/2026 2:16:21 PM,Order,Order entry hot keys disabled,
7/16/2026 2:16:20 PM,Connection,My Rithmic for NinjaTrader Brokerage: Primary connection=Connecting Price feed=Connecting,
7/16/2026 2:16:20 PM,Default,Auto connecting 'My Rithmic for NinjaTrader Brokerage'...,
7/16/2026 2:16:20 PM,Connection,Using IS (is-us-nt-005.ninjatrader.com/31658),
7/16/2026 2:16:20 PM,Default,Automated trading disabled,
7/16/2026 2:16:17 PM,Default,Global simulation mode disabled,
7/16/2026 2:15:50 PM,Default,Session Break (Version 8.1.7.2),
7/16/2026 2:15:24 PM,Connection,My Rithmic for NinjaTrader Brokerage: Primary connection=Disconnected Price feed=Disconnected,
7/16/2026 2:15:24 PM,Connection,My Rithmic for NinjaTrader Brokerage: Primary connection=Disconnecting Price feed=Disconnecting,
7/16/2026 2:15:23 PM,Default,Workspace Testing not saved,
7/16/2026 1:57:45 PM,Position,Instrument='MES SEP26' Account='Sim102' Average price=0 Quantity=0 Market position=Flat Operation=Remove,
7/16/2026 1:57:45 PM,Order,Order='a77246cecfcd4f948e650bb4ba028b33/Sim102' Name='Close' New state='Filled' Instrument='MES SEP26' Action='Sell' Limit price=0 Stop price=0 Quantity=12 Type='Market' Time in force=DAY Oco='' Filled=12 Fill price=7568.25 Error='No error' Native error='',
7/16/2026 1:57:45 PM,Execution,Execution='24b24b1a46c343feb648296010e635ba' Instrument='MES SEP26' Account='Sim102' Exchange=Default Price=7568.25 Quantity=12 Market position=Short Operation=Operation_Add Order='a77246cecfcd4f948e650bb4ba028b33' Time='7/16/2026 1:57 PM',
7/16/2026 1:57:45 PM,Order,Order='a77246cecfcd4f948e650bb4ba028b33/Sim102' Name='Close' New state='Working' Instrument='MES SEP26' Action='Sell' Limit price=0 Stop price=0 Quantity=12 Type='Market' Time in force=DAY Oco='' Filled=0 Fill price=0 Error='No error' Native error='',
7/16/2026 1:57:45 PM,Order,Order='a77246cecfcd4f948e650bb4ba028b33/Sim102' Name='Close' New state='Accepted' Instrument='MES SEP26' Action='Sell' Limit price=0 Stop price=0 Quantity=12 Type='Market' Time in force=DAY Oco='' Filled=0 Fill price=0 Error='No error' Native error='',
7/16/2026 1:57:45 PM,Order,Order='a77246cecfcd4f948e650bb4ba028b33/Sim102' Name='Close' New state='Submitted' Instrument='MES SEP26' Action='Sell' Limit price=0 Stop price=0 Quantity=12 Type='Market' Time in force=DAY Oco='' Filled=0 Fill price=0 Error='No error' Native error='',
7/16/2026 1:57:45 PM,Order,Order='b9cfbccc5eac4f5caa88db124b87fa84/Sim102' Name='Target4' New state='Cancelled' Instrument='MES SEP26' Action='Sell' Limit price=7573 Stop price=0 Quantity=1 Type='Limit' Time in force=GTC Oco='79f30c2be52c425e8a3dbf21ad05c395' Filled=0 Fill price=0 Error='No error' Native error='',
7/16/2026 1:57:45 PM,Order,Order='cb1004a7b0f7403eb507da7004f1c537/Sim102' Name='Target3' New state='Cancelled' Instrument='MES SEP26' Action='Sell' Limit price=7572 Stop price=0 Quantity=1 Type='Limit' Time in force=GTC Oco='7fe04e16e7f24d7fa186e7ef868bc0d2' Filled=0 Fill price=0 Error='No error' Native error='',
7/16/2026 1:57:45 PM,Order,Order='f7fc050ad7c243d4a3e5633d0f58466a/Sim102' Name='Stop2' New state='Cancelled' Instrument='MES SEP26' Action='Sell' Limit price=0 Stop price=7565 Quantity=1 Type='Stop Market' Time in force=GTC Oco='542c3a9a054749d485aab8d5b26b80d0' Filled=0 Fill price=0 Error='No error' Native error='',
7/16/2026 1:57:45 PM,Order,Order='d0b85145ef044c74a8e3af21e3671458/Sim102' Name='Stop4' New state='Cancelled' Instrument='MES SEP26' Action='Sell' Limit price=0 Stop price=7565 Quantity=1 Type='Stop Market' Time in force=GTC Oco='79f30c2be52c425e8a3dbf21ad05c395' Filled=0 Fill price=0 Error='No error' Native error='',
7/16/2026 1:57:45 PM,Order,Order='dd06595ff5204ab0a332bcea41cf7216/Sim102' Name='Target2' New state='Cancelled' Instrument='MES SEP26' Action='Sell' Limit price=7571 Stop price=0 Quantity=1 Type='Limit' Time in force=GTC Oco='542c3a9a054749d485aab8d5b26b80d0' Filled=0 Fill price=0 Error='No error' Native error='',
7/16/2026 1:57:45 PM,Order,Order='04bc8137180a4a76a9cf55efddd8c731/Sim102' Name='Stop3' New state='Cancelled' Instrument='MES SEP26' Action='Sell' Limit price=0 Stop price=7565 Quantity=1 Type='Stop Market' Time in force=GTC Oco='7fe04e16e7f24d7fa186e7ef868bc0d2' Filled=0 Fill price=0 Error='No error' Native error='',
7/16/2026 1:57:45 PM,Order,Order='ce44b6d21198463cb4a55be8dc7f9ec7/Sim102' Name='Stop1' New state='Cancelled' Instrument='MES SEP26' Action='Sell' Limit price=0 Stop price=7565 Quantity=9 Type='Stop Market' Time in force=GTC Oco='785638ee9cd8409faf77765308df651e' Filled=0 Fill price=0 Error='No error' Native error='',
7/16/2026 1:57:45 PM,Order,Order='5af92b81c1d446f7b82be64e2a31e596/Sim102' Name='Target1' New state='Cancelled' Instrument='MES SEP26' Action='Sell' Limit price=7570 Stop price=0 Quantity=9 Type='Limit' Time in force=GTC Oco='785638ee9cd8409faf77765308df651e' Filled=0 Fill price=0 Error='No error' Native error='',
7/16/2026 1:57:44 PM,Order,Order='d0b85145ef044c74a8e3af21e3671458/Sim102' Name='Stop4' New state='Cancel submitted' Instrument='MES SEP26' Action='Sell' Limit price=0 Stop price=7565 Quantity=1 Type='Stop Market' Time in force=GTC Oco='79f30c2be52c425e8a3dbf21ad05c395' Filled=0 Fill price=0 Error='No error' Native error='',
7/16/2026 1:57:44 PM,Order,Order='04bc8137180a4a76a9cf55efddd8c731/Sim102' Name='Stop3' New state='Cancel submitted' Instrument='MES SEP26' Action='Sell' Limit price=0 Stop price=7565 Quantity=1 Type='Stop Market' Time in force=GTC Oco='7fe04e16e7f24d7fa186e7ef868bc0d2' Filled=0 Fill price=0 Error='No error' Native error='',
7/16/2026 1:57:44 PM,Order,Order='f7fc050ad7c243d4a3e5633d0f58466a/Sim102' Name='Stop2' New state='Cancel submitted' Instrument='MES SEP26' Action='Sell' Limit price=0 Stop price=7565 Quantity=1 Type='Stop Market' Time in force=GTC Oco='542c3a9a054749d485aab8d5b26b80d0' Filled=0 Fill price=0 Error='No error' Native error='',
7/16/2026 1:57:44 PM,Order,Order='ce44b6d21198463cb4a55be8dc7f9ec7/Sim102' Name='Stop1' New state='Cancel submitted' Instrument='MES SEP26' Action='Sell' Limit price=0 Stop price=7565 Quantity=9 Type='Stop Market' Time in force=GTC Oco='785638ee9cd8409faf77765308df651e' Filled=0 Fill price=0 Error='No error' Native error='',
7/16/2026 1:57:44 PM,Order,Order='b9cfbccc5eac4f5caa88db124b87fa84/Sim102' Name='Target4' New state='Cancel submitted' Instrument='MES SEP26' Action='Sell' Limit price=7573 Stop price=0 Quantity=1 Type='Limit' Time in force=GTC Oco='79f30c2be52c425e8a3dbf21ad05c395' Filled=0 Fill price=0 Error='No error' Native error='',
7/16/2026 1:57:44 PM,Order,Order='cb1004a7b0f7403eb507da7004f1c537/Sim102' Name='Target3' New state='Cancel submitted' Instrument='MES SEP26' Action='Sell' Limit price=7572 Stop price=0 Quantity=1 Type='Limit' Time in force=GTC Oco='7fe04e16e7f24d7fa186e7ef868bc0d2' Filled=0 Fill price=0 Error='No error' Native error='',
7/16/2026 1:57:44 PM,Order,Order='dd06595ff5204ab0a332bcea41cf7216/Sim102' Name='Target2' New state='Cancel submitted' Instrument='MES SEP26' Action='Sell' Limit price=7571 Stop price=0 Quantity=1 Type='Limit' Time in force=GTC Oco='542c3a9a054749d485aab8d5b26b80d0' Filled=0 Fill price=0 Error='No error' Native error='',
7/16/2026 1:57:44 PM,Order,Order='5af92b81c1d446f7b82be64e2a31e596/Sim102' Name='Target1' New state='Cancel submitted' Instrument='MES SEP26' Action='Sell' Limit price=7570 Stop price=0 Quantity=9 Type='Limit' Time in force=GTC Oco='785638ee9cd8409faf77765308df651e' Filled=0 Fill price=0 Error='No error' Native error='',
7/16/2026 1:57:44 PM,Default,Chart Trader close position,
7/16/2026 1:56:36 PM,Order,Order='b9cfbccc5eac4f5caa88db124b87fa84/Sim102' Name='Target4' New state='Accepted' Instrument='MES SEP26' Action='Sell' Limit price=7573 Stop price=0 Quantity=1 Type='Limit' Time in force=GTC Oco='79f30c2be52c425e8a3dbf21ad05c395' Filled=0 Fill price=0 Error='No error' Native error='',
7/16/2026 1:56:36 PM,Order,Order='b9cfbccc5eac4f5caa88db124b87fa84/Sim102' Name='Target4' New state='Working' Instrument='MES SEP26' Action='Sell' Limit price=7573 Stop price=0 Quantity=1 Type='Limit' Time in force=GTC Oco='79f30c2be52c425e8a3dbf21ad05c395' Filled=0 Fill price=0 Error='No error' Native error='',
7/16/2026 1:56:36 PM,Order,Order='d0b85145ef044c74a8e3af21e3671458/Sim102' Name='Stop4' New state='Accepted' Instrument='MES SEP26' Action='Sell' Limit price=0 Stop price=7565 Quantity=1 Type='Stop Market' Time in force=GTC Oco='79f30c2be52c425e8a3dbf21ad05c395' Filled=0 Fill price=0 Error='No error' Native error='',
7/16/2026 1:56:36 PM,Order,Order='cb1004a7b0f7403eb507da7004f1c537/Sim102' Name='Target3' New state='Accepted' Instrument='MES SEP26' Action='Sell' Limit price=7572 Stop price=0 Quantity=1 Type='Limit' Time in force=GTC Oco='7fe04e16e7f24d7fa186e7ef868bc0d2' Filled=0 Fill price=0 Error='No error' Native error='',
7/16/2026 1:56:36 PM,Order,Order='cb1004a7b0f7403eb507da7004f1c537/Sim102' Name='Target3' New state='Working' Instrument='MES SEP26' Action='Sell' Limit price=7572 Stop price=0 Quantity=1 Type='Limit' Time in force=GTC Oco='7fe04e16e7f24d7fa186e7ef868bc0d2' Filled=0 Fill price=0 Error='No error' Native error='',
7/16/2026 1:56:36 PM,Order,Order='dd06595ff5204ab0a332bcea41cf7216/Sim102' Name='Target2' New state='Accepted' Instrument='MES SEP26' Action='Sell' Limit price=7571 Stop price=0 Quantity=1 Type='Limit' Time in force=GTC Oco='542c3a9a054749d485aab8d5b26b80d0' Filled=0 Fill price=0 Error='No error' Native error='',
7/16/2026 1:56:36 PM,Order,Order='dd06595ff5204ab0a332bcea41cf7216/Sim102' Name='Target2' New state='Working' Instrument='MES SEP26' Action='Sell' Limit price=7571 Stop price=0 Quantity=1 Type='Limit' Time in force=GTC Oco='542c3a9a054749d485aab8d5b26b80d0' Filled=0 Fill price=0 Error='No error' Native error='',
7/16/2026 1:56:36 PM,Order,Order='04bc8137180a4a76a9cf55efddd8c731/Sim102' Name='Stop3' New state='Accepted' Instrument='MES SEP26' Action='Sell' Limit price=0 Stop price=7565 Quantity=1 Type='Stop Market' Time in force=GTC Oco='7fe04e16e7f24d7fa186e7ef868bc0d2' Filled=0 Fill price=0 Error='No error' Native error='',
7/16/2026 1:56:36 PM,Order,Order='5af92b81c1d446f7b82be64e2a31e596/Sim102' Name='Target1' New state='Working' Instrument='MES SEP26' Action='Sell' Limit price=7570 Stop price=0 Quantity=9 Type='Limit' Time in force=GTC Oco='785638ee9cd8409faf77765308df651e' Filled=0 Fill price=0 Error='No error' Native error='',
7/16/2026 1:56:36 PM,Order,Order='f7fc050ad7c243d4a3e5633d0f58466a/Sim102' Name='Stop2' New state='Accepted' Instrument='MES SEP26' Action='Sell' Limit price=0 Stop price=7565 Quantity=1 Type='Stop Market' Time in force=GTC Oco='542c3a9a054749d485aab8d5b26b80d0' Filled=0 Fill price=0 Error='No error' Native error='',
7/16/2026 1:56:36 PM,Order,Order='5af92b81c1d446f7b82be64e2a31e596/Sim102' Name='Target1' New state='Accepted' Instrument='MES SEP26' Action='Sell' Limit price=7570 Stop price=0 Quantity=9 Type='Limit' Time in force=GTC Oco='785638ee9cd8409faf77765308df651e' Filled=0 Fill price=0 Error='No error' Native error='',
7/16/2026 1:56:36 PM,Order,Order='ce44b6d21198463cb4a55be8dc7f9ec7/Sim102' Name='Stop1' New state='Accepted' Instrument='MES SEP26' Action='Sell' Limit price=0 Stop price=7565 Quantity=9 Type='Stop Market' Time in force=GTC Oco='785638ee9cd8409faf77765308df651e' Filled=0 Fill price=0 Error='No error' Native error='',
7/16/2026 1:56:36 PM,Order,Order='b9cfbccc5eac4f5caa88db124b87fa84/Sim102' Name='Target4' New state='Submitted' Instrument='MES SEP26' Action='Sell' Limit price=7573 Stop price=0 Quantity=1 Type='Limit' Time in force=GTC Oco='79f30c2be52c425e8a3dbf21ad05c395' Filled=0 Fill price=0 Error='No error' Native error='',
7/16/2026 1:56:36 PM,Order,Order='d0b85145ef044c74a8e3af21e3671458/Sim102' Name='Stop4' New state='Submitted' Instrument='MES SEP26' Action='Sell' Limit price=0 Stop price=7565 Quantity=1 Type='Stop Market' Time in force=GTC Oco='79f30c2be52c425e8a3dbf21ad05c395' Filled=0 Fill price=0 Error='No error' Native error='',
7/16/2026 1:56:36 PM,Order,Order='cb1004a7b0f7403eb507da7004f1c537/Sim102' Name='Target3' New state='Submitted' Instrument='MES SEP26' Action='Sell' Limit price=7572 Stop price=0 Quantity=1 Type='Limit' Time in force=GTC Oco='7fe04e16e7f24d7fa186e7ef868bc0d2' Filled=0 Fill price=0 Error='No error' Native error='',
7/16/2026 1:56:36 PM,Order,Order='04bc8137180a4a76a9cf55efddd8c731/Sim102' Name='Stop3' New state='Submitted' Instrument='MES SEP26' Action='Sell' Limit price=0 Stop price=7565 Quantity=1 Type='Stop Market' Time in force=GTC Oco='7fe04e16e7f24d7fa186e7ef868bc0d2' Filled=0 Fill price=0 Error='No error' Native error='',
7/16/2026 1:56:36 PM,Order,Order='dd06595ff5204ab0a332bcea41cf7216/Sim102' Name='Target2' New state='Submitted' Instrument='MES SEP26' Action='Sell' Limit price=7571 Stop price=0 Quantity=1 Type='Limit' Time in force=GTC Oco='542c3a9a054749d485aab8d5b26b80d0' Filled=0 Fill price=0 Error='No error' Native error='',
7/16/2026 1:56:36 PM,Order,Order='f7fc050ad7c243d4a3e5633d0f58466a/Sim102' Name='Stop2' New state='Submitted' Instrument='MES SEP26' Action='Sell' Limit price=0 Stop price=7565 Quantity=1 Type='Stop Market' Time in force=GTC Oco='542c3a9a054749d485aab8d5b26b80d0' Filled=0 Fill price=0 Error='No error' Native error='',
7/16/2026 1:56:36 PM,Order,Order='5af92b81c1d446f7b82be64e2a31e596/Sim102' Name='Target1' New state='Submitted' Instrument='MES SEP26' Action='Sell' Limit price=7570 Stop price=0 Quantity=9 Type='Limit' Time in force=GTC Oco='785638ee9cd8409faf77765308df651e' Filled=0 Fill price=0 Error='No error' Native error='',
7/16/2026 1:56:36 PM,Order,Order='ce44b6d21198463cb4a55be8dc7f9ec7/Sim102' Name='Stop1' New state='Submitted' Instrument='MES SEP26' Action='Sell' Limit price=0 Stop price=7565 Quantity=9 Type='Stop Market' Time in force=GTC Oco='785638ee9cd8409faf77765308df651e' Filled=0 Fill price=0 Error='No error' Native error='',
7/16/2026 1:56:36 PM,Position,Instrument='MES SEP26' Account='Sim102' Average price=7569 Quantity=12 Market position=Long Operation=Operation_Add,
7/16/2026 1:56:36 PM,Order,Order='5891365097e649e68591b09fc052db5a/Sim102' Name='Entry' New state='Filled' Instrument='MES SEP26' Action='Buy' Limit price=0 Stop price=0 Quantity=12 Type='Market' Time in force=GTC Oco='' Filled=12 Fill price=7569 Error='No error' Native error='',
7/16/2026 1:56:36 PM,Execution,Execution='5391f9cb7950462fac03e7968e2938b2' Instrument='MES SEP26' Account='Sim102' Exchange=Default Price=7569 Quantity=12 Market position=Long Operation=Operation_Add Order='5891365097e649e68591b09fc052db5a' Time='7/16/2026 1:56 PM',
7/16/2026 1:56:36 PM,Order,Order='5891365097e649e68591b09fc052db5a/Sim102' Name='Entry' New state='Accepted' Instrument='MES SEP26' Action='Buy' Limit price=0 Stop price=0 Quantity=12 Type='Market' Time in force=GTC Oco='' Filled=0 Fill price=0 Error='No error' Native error='',
7/16/2026 1:56:36 PM,Order,Order='5891365097e649e68591b09fc052db5a/Sim102' Name='Entry' New state='Working' Instrument='MES SEP26' Action='Buy' Limit price=0 Stop price=0 Quantity=12 Type='Market' Time in force=GTC Oco='' Filled=0 Fill price=0 Error='No error' Native error='',
7/16/2026 1:56:36 PM,Order,Order='5891365097e649e68591b09fc052db5a/Sim102' Name='Entry' New state='Submitted' Instrument='MES SEP26' Action='Buy' Limit price=0 Stop price=0 Quantity=12 Type='Market' Time in force=GTC Oco='' Filled=0 Fill price=0 Error='No error' Native error='',
7/16/2026 1:56:36 PM,Order,Chart Trader submitting order with strategy 'MES RMA 4SL 12Q - 1' (Ticks),
7/16/2026 1:56:29 PM,Position,Instrument='MES SEP26' Account='Sim102' Average price=0 Quantity=0 Market position=Flat Operation=Remove,
7/16/2026 1:56:29 PM,Execution,Execution='c8b829f0359e43d18fcdb56fc5d0b1e4' Instrument='MES SEP26' Account='Sim102' Exchange=Default Price=7568.75 Quantity=12 Market position=Short Operation=Operation_Add Order='1fd6df7c6b2e4fcba2b127f97724cc4e' Time='7/16/2026 1:56 PM',
7/16/2026 1:56:29 PM,Order,Order='1fd6df7c6b2e4fcba2b127f97724cc4e/Sim102' Name='Close' New state='Filled' Instrument='MES SEP26' Action='Sell' Limit price=0 Stop price=0 Quantity=12 Type='Market' Time in force=DAY Oco='' Filled=12 Fill price=7568.75 Error='No error' Native error='',
7/16/2026 1:56:29 PM,Order,Order='1fd6df7c6b2e4fcba2b127f97724cc4e/Sim102' Name='Close' New state='Accepted' Instrument='MES SEP26' Action='Sell' Limit price=0 Stop price=0 Quantity=12 Type='Market' Time in force=DAY Oco='' Filled=0 Fill price=0 Error='No error' Native error='',
7/16/2026 1:56:29 PM,Order,Order='1fd6df7c6b2e4fcba2b127f97724cc4e/Sim102' Name='Close' New state='Working' Instrument='MES SEP26' Action='Sell' Limit price=0 Stop price=0 Quantity=12 Type='Market' Time in force=DAY Oco='' Filled=0 Fill price=0 Error='No error' Native error='',
7/16/2026 1:56:29 PM,Order,Order='1fd6df7c6b2e4fcba2b127f97724cc4e/Sim102' Name='Close' New state='Submitted' Instrument='MES SEP26' Action='Sell' Limit price=0 Stop price=0 Quantity=12 Type='Market' Time in force=DAY Oco='' Filled=0 Fill price=0 Error='No error' Native error='',
7/16/2026 1:56:29 PM,Order,Order='091777f28e0941dfb5ddaa7b02cb8098/Sim102' Name='Target3' New state='Cancelled' Instrument='MES SEP26' Action='Sell' Limit price=7572 Stop price=0 Quantity=1 Type='Limit' Time in force=GTC Oco='6f179d18722848d4b5883c9ea8aff2c1' Filled=0 Fill price=0 Error='No error' Native error='',
7/16/2026 1:56:29 PM,Order,Order='b78f4ac945454ce5a1224fcb41801394/Sim102' Name='Target2' New state='Cancelled' Instrument='MES SEP26' Action='Sell' Limit price=7571 Stop price=0 Quantity=1 Type='Limit' Time in force=GTC Oco='113c4a586b4048e88b6c5c6f0b807d5f' Filled=0 Fill price=0 Error='No error' Native error='',
7/16/2026 1:56:29 PM,Order,Order='e03d548d0943442ebb88867c2e8477d4/Sim102' Name='Target4' New state='Cancelled' Instrument='MES SEP26' Action='Sell' Limit price=7573 Stop price=0 Quantity=1 Type='Limit' Time in force=GTC Oco='ed9a677f2e7445c8b44d6530f39e219f' Filled=0 Fill price=0 Error='No error' Native error='',
7/16/2026 1:56:29 PM,Order,Order='54eef45bfdf94d8a9b101e7e33a8cf8f/Sim102' Name='Stop3' New state='Cancelled' Instrument='MES SEP26' Action='Sell' Limit price=0 Stop price=7565 Quantity=1 Type='Stop Market' Time in force=GTC Oco='6f179d18722848d4b5883c9ea8aff2c1' Filled=0 Fill price=0 Error='No error' Native error='',
7/16/2026 1:56:29 PM,Order,Order='e8e612b7f8a843c2b3f2f62f83823609/Sim102' Name='Stop4' New state='Cancelled' Instrument='MES SEP26' Action='Sell' Limit price=0 Stop price=7565 Quantity=1 Type='Stop Market' Time in force=GTC Oco='ed9a677f2e7445c8b44d6530f39e219f' Filled=0 Fill price=0 Error='No error' Native error='',
7/16/2026 1:56:29 PM,Order,Order='6004f6b4e03c412b9e77689b45c72684/Sim102' Name='Stop1' New state='Cancelled' Instrument='MES SEP26' Action='Sell' Limit price=0 Stop price=7565 Quantity=9 Type='Stop Market' Time in force=GTC Oco='352b6acbabae42c0b075933bf17c442e' Filled=0 Fill price=0 Error='No error' Native error='',
7/16/2026 1:56:29 PM,Order,Order='f3ac313e889e4258bfb5039f7f64fc81/Sim102' Name='Stop2' New state='Cancelled' Instrument='MES SEP26' Action='Sell' Limit price=0 Stop price=7565 Quantity=1 Type='Stop Market' Time in force=GTC Oco='113c4a586b4048e88b6c5c6f0b807d5f' Filled=0 Fill price=0 Error='No error' Native error='',
7/16/2026 1:56:29 PM,Order,Order='d1d4e1750b9c4db186f580bdec7226cd/Sim102' Name='Target1' New state='Cancelled' Instrument='MES SEP26' Action='Sell' Limit price=7570 Stop price=0 Quantity=9 Type='Limit' Time in force=GTC Oco='352b6acbabae42c0b075933bf17c442e' Filled=0 Fill price=0 Error='No error' Native error='',
7/16/2026 1:56:29 PM,Order,Order='e8e612b7f8a843c2b3f2f62f83823609/Sim102' Name='Stop4' New state='Cancel submitted' Instrument='MES SEP26' Action='Sell' Limit price=0 Stop price=7565 Quantity=1 Type='Stop Market' Time in force=GTC Oco='ed9a677f2e7445c8b44d6530f39e219f' Filled=0 Fill price=0 Error='No error' Native error='',
7/16/2026 1:56:29 PM,Order,Order='54eef45bfdf94d8a9b101e7e33a8cf8f/Sim102' Name='Stop3' New state='Cancel submitted' Instrument='MES SEP26' Action='Sell' Limit price=0 Stop price=7565 Quantity=1 Type='Stop Market' Time in force=GTC Oco='6f179d18722848d4b5883c9ea8aff2c1' Filled=0 Fill price=0 Error='No error' Native error='',
7/16/2026 1:56:29 PM,Order,Order='f3ac313e889e4258bfb5039f7f64fc81/Sim102' Name='Stop2' New state='Cancel submitted' Instrument='MES SEP26' Action='Sell' Limit price=0 Stop price=7565 Quantity=1 Type='Stop Market' Time in force=GTC Oco='113c4a586b4048e88b6c5c6f0b807d5f' Filled=0 Fill price=0 Error='No error' Native error='',
7/16/2026 1:56:29 PM,Order,Order='6004f6b4e03c412b9e77689b45c72684/Sim102' Name='Stop1' New state='Cancel submitted' Instrument='MES SEP26' Action='Sell' Limit price=0 Stop price=7565 Quantity=9 Type='Stop Market' Time in force=GTC Oco='352b6acbabae42c0b075933bf17c442e' Filled=0 Fill price=0 Error='No error' Native error='',
7/16/2026 1:56:29 PM,Order,Order='e03d548d0943442ebb88867c2e8477d4/Sim102' Name='Target4' New state='Cancel submitted' Instrument='MES SEP26' Action='Sell' Limit price=7573 Stop price=0 Quantity=1 Type='Limit' Time in force=GTC Oco='ed9a677f2e7445c8b44d6530f39e219f' Filled=0 Fill price=0 Error='No error' Native error='',
7/16/2026 1:56:29 PM,Order,Order='091777f28e0941dfb5ddaa7b02cb8098/Sim102' Name='Target3' New state='Cancel submitted' Instrument='MES SEP26' Action='Sell' Limit price=7572 Stop price=0 Quantity=1 Type='Limit' Time in force=GTC Oco='6f179d18722848d4b5883c9ea8aff2c1' Filled=0 Fill price=0 Error='No error' Native error='',
7/16/2026 1:56:29 PM,Order,Order='b78f4ac945454ce5a1224fcb41801394/Sim102' Name='Target2' New state='Cancel submitted' Instrument='MES SEP26' Action='Sell' Limit price=7571 Stop price=0 Quantity=1 Type='Limit' Time in force=GTC Oco='113c4a586b4048e88b6c5c6f0b807d5f' Filled=0 Fill price=0 Error='No error' Native error='',
7/16/2026 1:56:29 PM,Order,Order='d1d4e1750b9c4db186f580bdec7226cd/Sim102' Name='Target1' New state='Cancel submitted' Instrument='MES SEP26' Action='Sell' Limit price=7570 Stop price=0 Quantity=9 Type='Limit' Time in force=GTC Oco='352b6acbabae42c0b075933bf17c442e' Filled=0 Fill price=0 Error='No error' Native error='',
7/16/2026 1:56:29 PM,Default,Chart Trader close position,
7/16/2026 1:56:25 PM,Order,Order='b78f4ac945454ce5a1224fcb41801394/Sim102' Name='Target2' New state='Accepted' Instrument='MES SEP26' Action='Sell' Limit price=7571 Stop price=0 Quantity=1 Type='Limit' Time in force=GTC Oco='113c4a586b4048e88b6c5c6f0b807d5f' Filled=0 Fill price=0 Error='No error' Native error='',
7/16/2026 1:56:25 PM,Order,Order='e03d548d0943442ebb88867c2e8477d4/Sim102' Name='Target4' New state='Accepted' Instrument='MES SEP26' Action='Sell' Limit price=7573 Stop price=0 Quantity=1 Type='Limit' Time in force=GTC Oco='ed9a677f2e7445c8b44d6530f39e219f' Filled=0 Fill price=0 Error='No error' Native error='',
7/16/2026 1:56:25 PM,Order,Order='e8e612b7f8a843c2b3f2f62f83823609/Sim102' Name='Stop4' New state='Accepted' Instrument='MES SEP26' Action='Sell' Limit price=0 Stop price=7565 Quantity=1 Type='Stop Market' Time in force=GTC Oco='ed9a677f2e7445c8b44d6530f39e219f' Filled=0 Fill price=0 Error='No error' Native error='',
7/16/2026 1:56:25 PM,Order,Order='54eef45bfdf94d8a9b101e7e33a8cf8f/Sim102' Name='Stop3' New state='Accepted' Instrument='MES SEP26' Action='Sell' Limit price=0 Stop price=7565 Quantity=1 Type='Stop Market' Time in force=GTC Oco='6f179d18722848d4b5883c9ea8aff2c1' Filled=0 Fill price=0 Error='No error' Native error='',
7/16/2026 1:56:25 PM,Order,Order='b78f4ac945454ce5a1224fcb41801394/Sim102' Name='Target2' New state='Working' Instrument='MES SEP26' Action='Sell' Limit price=7571 Stop price=0 Quantity=1 Type='Limit' Time in force=GTC Oco='113c4a586b4048e88b6c5c6f0b807d5f' Filled=0 Fill price=0 Error='No error' Native error='',
7/16/2026 1:56:25 PM,Order,Order='e03d548d0943442ebb88867c2e8477d4/Sim102' Name='Target4' New state='Working' Instrument='MES SEP26' Action='Sell' Limit price=7573 Stop price=0 Quantity=1 Type='Limit' Time in force=GTC Oco='ed9a677f2e7445c8b44d6530f39e219f' Filled=0 Fill price=0 Error='No error' Native error='',
7/16/2026 1:56:25 PM,Order,Order='091777f28e0941dfb5ddaa7b02cb8098/Sim102' Name='Target3' New state='Accepted' Instrument='MES SEP26' Action='Sell' Limit price=7572 Stop price=0 Quantity=1 Type='Limit' Time in force=GTC Oco='6f179d18722848d4b5883c9ea8aff2c1' Filled=0 Fill price=0 Error='No error' Native error='',
7/16/2026 1:56:25 PM,Order,Order='091777f28e0941dfb5ddaa7b02cb8098/Sim102' Name='Target3' New state='Working' Instrument='MES SEP26' Action='Sell' Limit price=7572 Stop price=0 Quantity=1 Type='Limit' Time in force=GTC Oco='6f179d18722848d4b5883c9ea8aff2c1' Filled=0 Fill price=0 Error='No error' Native error='',
7/16/2026 1:56:25 PM,Order,Order='f3ac313e889e4258bfb5039f7f64fc81/Sim102' Name='Stop2' New state='Accepted' Instrument='MES SEP26' Action='Sell' Limit price=0 Stop price=7565 Quantity=1 Type='Stop Market' Time in force=GTC Oco='113c4a586b4048e88b6c5c6f0b807d5f' Filled=0 Fill price=0 Error='No error' Native error='',
7/16/2026 1:56:25 PM,Order,Order='d1d4e1750b9c4db186f580bdec7226cd/Sim102' Name='Target1' New state='Accepted' Instrument='MES SEP26' Action='Sell' Limit price=7570 Stop price=0 Quantity=9 Type='Limit' Time in force=GTC Oco='352b6acbabae42c0b075933bf17c442e' Filled=0 Fill price=0 Error='No error' Native error='',
7/16/2026 1:56:25 PM,Order,Order='6004f6b4e03c412b9e77689b45c72684/Sim102' Name='Stop1' New state='Accepted' Instrument='MES SEP26' Action='Sell' Limit price=0 Stop price=7565 Quantity=9 Type='Stop Market' Time in force=GTC Oco='352b6acbabae42c0b075933bf17c442e' Filled=0 Fill price=0 Error='No error' Native error='',
7/16/2026 1:56:25 PM,Order,Order='d1d4e1750b9c4db186f580bdec7226cd/Sim102' Name='Target1' New state='Working' Instrument='MES SEP26' Action='Sell' Limit price=7570 Stop price=0 Quantity=9 Type='Limit' Time in force=GTC Oco='352b6acbabae42c0b075933bf17c442e' Filled=0 Fill price=0 Error='No error' Native error='',
7/16/2026 1:56:25 PM,Order,Order='e03d548d0943442ebb88867c2e8477d4/Sim102' Name='Target4' New state='Submitted' Instrument='MES SEP26' Action='Sell' Limit price=7573 Stop price=0 Quantity=1 Type='Limit' Time in force=GTC Oco='ed9a677f2e7445c8b44d6530f39e219f' Filled=0 Fill price=0 Error='No error' Native error='',
7/16/2026 1:56:25 PM,Order,Order='e8e612b7f8a843c2b3f2f62f83823609/Sim102' Name='Stop4' New state='Submitted' Instrument='MES SEP26' Action='Sell' Limit price=0 Stop price=7565 Quantity=1 Type='Stop Market' Time in force=GTC Oco='ed9a677f2e7445c8b44d6530f39e219f' Filled=0 Fill price=0 Error='No error' Native error='',
7/16/2026 1:56:25 PM,Order,Order='091777f28e0941dfb5ddaa7b02cb8098/Sim102' Name='Target3' New state='Submitted' Instrument='MES SEP26' Action='Sell' Limit price=7572 Stop price=0 Quantity=1 Type='Limit' Time in force=GTC Oco='6f179d18722848d4b5883c9ea8aff2c1' Filled=0 Fill price=0 Error='No error' Native error='',
7/16/2026 1:56:25 PM,Order,Order='54eef45bfdf94d8a9b101e7e33a8cf8f/Sim102' Name='Stop3' New state='Submitted' Instrument='MES SEP26' Action='Sell' Limit price=0 Stop price=7565 Quantity=1 Type='Stop Market' Time in force=GTC Oco='6f179d18722848d4b5883c9ea8aff2c1' Filled=0 Fill price=0 Error='No error' Native error='',
7/16/2026 1:56:25 PM,Order,Order='b78f4ac945454ce5a1224fcb41801394/Sim102' Name='Target2' New state='Submitted' Instrument='MES SEP26' Action='Sell' Limit price=7571 Stop price=0 Quantity=1 Type='Limit' Time in force=GTC Oco='113c4a586b4048e88b6c5c6f0b807d5f' Filled=0 Fill price=0 Error='No error' Native error='',
7/16/2026 1:56:25 PM,Order,Order='f3ac313e889e4258bfb5039f7f64fc81/Sim102' Name='Stop2' New state='Submitted' Instrument='MES SEP26' Action='Sell' Limit price=0 Stop price=7565 Quantity=1 Type='Stop Market' Time in force=GTC Oco='113c4a586b4048e88b6c5c6f0b807d5f' Filled=0 Fill price=0 Error='No error' Native error='',
7/16/2026 1:56:25 PM,Order,Order='d1d4e1750b9c4db186f580bdec7226cd/Sim102' Name='Target1' New state='Submitted' Instrument='MES SEP26' Action='Sell' Limit price=7570 Stop price=0 Quantity=9 Type='Limit' Time in force=GTC Oco='352b6acbabae42c0b075933bf17c442e' Filled=0 Fill price=0 Error='No error' Native error='',
7/16/2026 1:56:25 PM,Order,Order='6004f6b4e03c412b9e77689b45c72684/Sim102' Name='Stop1' New state='Submitted' Instrument='MES SEP26' Action='Sell' Limit price=0 Stop price=7565 Quantity=9 Type='Stop Market' Time in force=GTC Oco='352b6acbabae42c0b075933bf17c442e' Filled=0 Fill price=0 Error='No error' Native error='',
7/16/2026 1:56:25 PM,Position,Instrument='MES SEP26' Account='Sim102' Average price=7569 Quantity=12 Market position=Long Operation=Operation_Add,
7/16/2026 1:56:25 PM,Order,Order='76f9ef9f1d604e24898105eba8f7e150/Sim102' Name='Entry' New state='Filled' Instrument='MES SEP26' Action='Buy' Limit price=0 Stop price=0 Quantity=12 Type='Market' Time in force=GTC Oco='' Filled=12 Fill price=7569 Error='No error' Native error='',
7/16/2026 1:56:25 PM,Execution,Execution='a8638dd8640143448b6202458a5244b8' Instrument='MES SEP26' Account='Sim102' Exchange=Default Price=7569 Quantity=12 Market position=Long Operation=Operation_Add Order='76f9ef9f1d604e24898105eba8f7e150' Time='7/16/2026 1:56 PM',
7/16/2026 1:56:25 PM,Order,Order='76f9ef9f1d604e24898105eba8f7e150/Sim102' Name='Entry' New state='Working' Instrument='MES SEP26' Action='Buy' Limit price=0 Stop price=0 Quantity=12 Type='Market' Time in force=GTC Oco='' Filled=0 Fill price=0 Error='No error' Native error='',
7/16/2026 1:56:25 PM,Order,Order='76f9ef9f1d604e24898105eba8f7e150/Sim102' Name='Entry' New state='Accepted' Instrument='MES SEP26' Action='Buy' Limit price=0 Stop price=0 Quantity=12 Type='Market' Time in force=GTC Oco='' Filled=0 Fill price=0 Error='No error' Native error='',
7/16/2026 1:56:25 PM,Order,Order='76f9ef9f1d604e24898105eba8f7e150/Sim102' Name='Entry' New state='Submitted' Instrument='MES SEP26' Action='Buy' Limit price=0 Stop price=0 Quantity=12 Type='Market' Time in force=GTC Oco='' Filled=0 Fill price=0 Error='No error' Native error='',
7/16/2026 1:56:25 PM,Order,Chart Trader submitting order with strategy 'MES RMA 4SL 12Q - 1' (Ticks),
7/16/2026 1:56:23 PM,Position,Instrument='MES SEP26' Account='Sim101' Average price=0 Quantity=0 Market position=Flat Operation=Remove,
7/16/2026 1:56:23 PM,Execution,Execution='2471cea33de94c168f8f624400513a8b' Instrument='MES SEP26' Account='Sim101' Exchange=Default Price=7568.5 Quantity=1 Market position=Short Operation=Operation_Add Order='b557ce28873a4996862615489fb9581f' Time='7/16/2026 1:56 PM',
7/16/2026 1:56:23 PM,Order,Order='b557ce28873a4996862615489fb9581f/Sim101' Name='Close' New state='Filled' Instrument='MES SEP26' Action='Sell' Limit price=0 Stop price=0 Quantity=12 Type='Market' Time in force=DAY Oco='' Filled=12 Fill price=7568.729166666667 Error='No error' Native error='',
7/16/2026 1:56:23 PM,Position,Instrument='MES SEP26' Account='Sim101' Average price=7568.25 Quantity=1 Market position=Long Operation=Update,
7/16/2026 1:56:23 PM,Execution,Execution='5a88b4af9ded4f2b93f15ebee86f8d32' Instrument='MES SEP26' Account='Sim101' Exchange=Default Price=7568.75 Quantity=11 Market position=Short Operation=Operation_Add Order='b557ce28873a4996862615489fb9581f' Time='7/16/2026 1:56 PM',
7/16/2026 1:56:23 PM,Order,Order='b557ce28873a4996862615489fb9581f/Sim101' Name='Close' New state='Working' Instrument='MES SEP26' Action='Sell' Limit price=0 Stop price=0 Quantity=12 Type='Market' Time in force=DAY Oco='' Filled=0 Fill price=0 Error='No error' Native error='',
7/16/2026 1:56:23 PM,Order,Order='b557ce28873a4996862615489fb9581f/Sim101' Name='Close' New state='Partially filled' Instrument='MES SEP26' Action='Sell' Limit price=0 Stop price=0 Quantity=12 Type='Market' Time in force=DAY Oco='' Filled=11 Fill price=7568.75 Error='No error' Native error='',
7/16/2026 1:56:23 PM,Order,Order='b557ce28873a4996862615489fb9581f/Sim101' Name='Close' New state='Accepted' Instrument='MES SEP26' Action='Sell' Limit price=0 Stop price=0 Quantity=12 Type='Market' Time in force=DAY Oco='' Filled=0 Fill price=0 Error='No error' Native error='',
7/16/2026 1:56:23 PM,Order,Order='b557ce28873a4996862615489fb9581f/Sim101' Name='Close' New state='Submitted' Instrument='MES SEP26' Action='Sell' Limit price=0 Stop price=0 Quantity=12 Type='Market' Time in force=DAY Oco='' Filled=0 Fill price=0 Error='No error' Native error='',
7/16/2026 1:56:23 PM,Order,Order='942132e7fb644a21abd7cded497a18b2/Sim101' Name='Stop2' New state='Cancelled' Instrument='MES SEP26' Action='Sell' Limit price=0 Stop price=7564.25 Quantity=1 Type='Stop Market' Time in force=GTC Oco='33efec7b1e364324ab468f216b6969ef' Filled=0 Fill price=0 Error='No error' Native error='',
7/16/2026 1:56:23 PM,Order,Order='2309d83e0f6b431a9fe7d8b294389ddb/Sim101' Name='Stop1' New state='Cancelled' Instrument='MES SEP26' Action='Sell' Limit price=0 Stop price=7564.25 Quantity=9 Type='Stop Market' Time in force=GTC Oco='2d0d5c3df0824812b1d9b8798224c13f' Filled=0 Fill price=0 Error='No error' Native error='',
7/16/2026 1:56:23 PM,Order,Order='e82527e2cbb1425dac2b8f865456b184/Sim101' Name='Target4' New state='Cancelled' Instrument='MES SEP26' Action='Sell' Limit price=7572.25 Stop price=0 Quantity=1 Type='Limit' Time in force=GTC Oco='6889427d247a460380257ca6bf5a08e9' Filled=0 Fill price=0 Error='No error' Native error='',
7/16/2026 1:56:23 PM,Order,Order='6afbc81a461d4cfcb6be8285b3594cd8/Sim101' Name='Target2' New state='Cancelled' Instrument='MES SEP26' Action='Sell' Limit price=7570.25 Stop price=0 Quantity=1 Type='Limit' Time in force=GTC Oco='33efec7b1e364324ab468f216b6969ef' Filled=0 Fill price=0 Error='No error' Native error='',
7/16/2026 1:56:23 PM,Order,Order='c203e3371c914cae855082d16f7b2698/Sim101' Name='Stop4' New state='Cancelled' Instrument='MES SEP26' Action='Sell' Limit price=0 Stop price=7564.25 Quantity=1 Type='Stop Market' Time in force=GTC Oco='6889427d247a460380257ca6bf5a08e9' Filled=0 Fill price=0 Error='No error' Native error='',
7/16/2026 1:56:23 PM,Order,Order='a8a28343d8d34e00a655a69d5836ee42/Sim101' Name='Stop3' New state='Cancelled' Instrument='MES SEP26' Action='Sell' Limit price=0 Stop price=7564.25 Quantity=1 Type='Stop Market' Time in force=GTC Oco='44339879c8434571b6017ff4e863ac7a' Filled=0 Fill price=0 Error='No error' Native error='',
7/16/2026 1:56:23 PM,Order,Order='bc2f46a2fe284e7191a9350259573f61/Sim101' Name='Target3' New state='Cancelled' Instrument='MES SEP26' Action='Sell' Limit price=7571.25 Stop price=0 Quantity=1 Type='Limit' Time in force=GTC Oco='44339879c8434571b6017ff4e863ac7a' Filled=0 Fill price=0 Error='No error' Native error='',
7/16/2026 1:56:23 PM,Order,Order='7374538b34274c42a8b49248601e82b1/Sim101' Name='Target1' New state='Cancelled' Instrument='MES SEP26' Action='Sell' Limit price=7569.25 Stop price=0 Quantity=9 Type='Limit' Time in force=GTC Oco='2d0d5c3df0824812b1d9b8798224c13f' Filled=0 Fill price=0 Error='No error' Native error='',
7/16/2026 1:56:23 PM,Order,Order='c203e3371c914cae855082d16f7b2698/Sim101' Name='Stop4' New state='Cancel submitted' Instrument='MES SEP26' Action='Sell' Limit price=0 Stop price=7564.25 Quantity=1 Type='Stop Market' Time in force=GTC Oco='6889427d247a460380257ca6bf5a08e9' Filled=0 Fill price=0 Error='No error' Native error='',
7/16/2026 1:56:23 PM,Order,Order='a8a28343d8d34e00a655a69d5836ee42/Sim101' Name='Stop3' New state='Cancel submitted' Instrument='MES SEP26' Action='Sell' Limit price=0 Stop price=7564.25 Quantity=1 Type='Stop Market' Time in force=GTC Oco='44339879c8434571b6017ff4e863ac7a' Filled=0 Fill price=0 Error='No error' Native error='',
7/16/2026 1:56:23 PM,Order,Order='942132e7fb644a21abd7cded497a18b2/Sim101' Name='Stop2' New state='Cancel submitted' Instrument='MES SEP26' Action='Sell' Limit price=0 Stop price=7564.25 Quantity=1 Type='Stop Market' Time in force=GTC Oco='33efec7b1e364324ab468f216b6969ef' Filled=0 Fill price=0 Error='No error' Native error='',
7/16/2026 1:56:23 PM,Order,Order='2309d83e0f6b431a9fe7d8b294389ddb/Sim101' Name='Stop1' New state='Cancel submitted' Instrument='MES SEP26' Action='Sell' Limit price=0 Stop price=7564.25 Quantity=9 Type='Stop Market' Time in force=GTC Oco='2d0d5c3df0824812b1d9b8798224c13f' Filled=0 Fill price=0 Error='No error' Native error='',
7/16/2026 1:56:23 PM,Order,Order='e82527e2cbb1425dac2b8f865456b184/Sim101' Name='Target4' New state='Cancel submitted' Instrument='MES SEP26' Action='Sell' Limit price=7572.25 Stop price=0 Quantity=1 Type='Limit' Time in force=GTC Oco='6889427d247a460380257ca6bf5a08e9' Filled=0 Fill price=0 Error='No error' Native error='',
7/16/2026 1:56:23 PM,Order,Order='bc2f46a2fe284e7191a9350259573f61/Sim101' Name='Target3' New state='Cancel submitted' Instrument='MES SEP26' Action='Sell' Limit price=7571.25 Stop price=0 Quantity=1 Type='Limit' Time in force=GTC Oco='44339879c8434571b6017ff4e863ac7a' Filled=0 Fill price=0 Error='No error' Native error='',
7/16/2026 1:56:23 PM,Order,Order='6afbc81a461d4cfcb6be8285b3594cd8/Sim101' Name='Target2' New state='Cancel submitted' Instrument='MES SEP26' Action='Sell' Limit price=7570.25 Stop price=0 Quantity=1 Type='Limit' Time in force=GTC Oco='33efec7b1e364324ab468f216b6969ef' Filled=0 Fill price=0 Error='No error' Native error='',
7/16/2026 1:56:23 PM,Order,Order='7374538b34274c42a8b49248601e82b1/Sim101' Name='Target1' New state='Cancel submitted' Instrument='MES SEP26' Action='Sell' Limit price=7569.25 Stop price=0 Quantity=9 Type='Limit' Time in force=GTC Oco='2d0d5c3df0824812b1d9b8798224c13f' Filled=0 Fill price=0 Error='No error' Native error='',
7/16/2026 1:56:23 PM,Default,Chart Trader close position,
7/16/2026 1:56:21 PM,Position,Instrument='MES SEP26' Account='Sim102' Average price=0 Quantity=0 Market position=Flat Operation=Remove,
7/16/2026 1:56:21 PM,Execution,Execution='3d2de03d3d38433e97700fab338f062e' Instrument='MES SEP26' Account='Sim102' Exchange=Default Price=7569 Quantity=12 Market position=Long Operation=Operation_Add Order='1dd678b76e2f4b7cb73100bae4ee70d6' Time='7/16/2026 1:56 PM',
7/16/2026 1:56:21 PM,Order,Order='1dd678b76e2f4b7cb73100bae4ee70d6/Sim102' Name='Close' New state='Filled' Instrument='MES SEP26' Action='Buy to cover' Limit price=0 Stop price=0 Quantity=12 Type='Market' Time in force=DAY Oco='' Filled=12 Fill price=7569 Error='No error' Native error='',
7/16/2026 1:56:21 PM,Order,Order='1dd678b76e2f4b7cb73100bae4ee70d6/Sim102' Name='Close' New state='Accepted' Instrument='MES SEP26' Action='Buy to cover' Limit price=0 Stop price=0 Quantity=12 Type='Market' Time in force=DAY Oco='' Filled=0 Fill price=0 Error='No error' Native error='',
7/16/2026 1:56:21 PM,Order,Order='1dd678b76e2f4b7cb73100bae4ee70d6/Sim102' Name='Close' New state='Working' Instrument='MES SEP26' Action='Buy to cover' Limit price=0 Stop price=0 Quantity=12 Type='Market' Time in force=DAY Oco='' Filled=0 Fill price=0 Error='No error' Native error='',
7/16/2026 1:56:21 PM,Order,Order='1dd678b76e2f4b7cb73100bae4ee70d6/Sim102' Name='Close' New state='Submitted' Instrument='MES SEP26' Action='Buy to cover' Limit price=0 Stop price=0 Quantity=12 Type='Market' Time in force=DAY Oco='' Filled=0 Fill price=0 Error='No error' Native error='',
7/16/2026 1:56:21 PM,Order,Order='90e650faddc94c3d920bb2f29e2bf425/Sim102' Name='Target3' New state='Cancelled' Instrument='MES SEP26' Action='Buy to cover' Limit price=7565 Stop price=0 Quantity=1 Type='Limit' Time in force=GTC Oco='75342b0c038f4d6591d5f5a5928424a5' Filled=0 Fill price=0 Error='No error' Native error='',
7/16/2026 1:56:21 PM,Order,Order='fca9538cd54e4055ae1b27f71c8a8ed1/Sim102' Name='Stop2' New state='Cancelled' Instrument='MES SEP26' Action='Buy to cover' Limit price=0 Stop price=7572 Quantity=1 Type='Stop Market' Time in force=GTC Oco='2e40992b590341deb381c53c88ff6cf5' Filled=0 Fill price=0 Error='No error' Native error='',
7/16/2026 1:56:21 PM,Order,Order='6b7ed7f703f6472abf9b2e416fbb4fb5/Sim102' Name='Stop3' New state='Cancelled' Instrument='MES SEP26' Action='Buy to cover' Limit price=0 Stop price=7572 Quantity=1 Type='Stop Market' Time in force=GTC Oco='75342b0c038f4d6591d5f5a5928424a5' Filled=0 Fill price=0 Error='No error' Native error='',
7/16/2026 1:56:21 PM,Order,Order='1863239c241e46a783eb825aadbc4956/Sim102' Name='Stop1' New state='Cancelled' Instrument='MES SEP26' Action='Buy to cover' Limit price=0 Stop price=7572 Quantity=9 Type='Stop Market' Time in force=GTC Oco='61473bfb31694fc9998f4635a512c4e2' Filled=0 Fill price=0 Error='No error' Native error='',
7/16/2026 1:56:21 PM,Order,Order='b7a5dac63f95450798fa83b619a7195f/Sim102' Name='Target4' New state='Cancelled' Instrument='MES SEP26' Action='Buy to cover' Limit price=7564 Stop price=0 Quantity=1 Type='Limit' Time in force=GTC Oco='9d8d8ad53645427cbdee7e741105884a' Filled=0 Fill price=0 Error='No error' Native error='',
7/16/2026 1:56:21 PM,Order,Order='6fe2f07ea5604bee992aaf233cc95b85/Sim102' Name='Stop4' New state='Cancelled' Instrument='MES SEP26' Action='Buy to cover' Limit price=0 Stop price=7572 Quantity=1 Type='Stop Market' Time in force=GTC Oco='9d8d8ad53645427cbdee7e741105884a' Filled=0 Fill price=0 Error='No error' Native error='',
7/16/2026 1:56:21 PM,Order,Order='bd6ea1407f3840a3a236b3a756dd3493/Sim102' Name='Target2' New state='Cancelled' Instrument='MES SEP26' Action='Buy to cover' Limit price=7566 Stop price=0 Quantity=1 Type='Limit' Time in force=GTC Oco='2e40992b590341deb381c53c88ff6cf5' Filled=0 Fill price=0 Error='No error' Native error='',
7/16/2026 1:56:21 PM,Order,Order='47f1d2961c3648cfa47037e6bfab22b7/Sim102' Name='Target1' New state='Cancelled' Instrument='MES SEP26' Action='Buy to cover' Limit price=7567 Stop price=0 Quantity=9 Type='Limit' Time in force=GTC Oco='61473bfb31694fc9998f4635a512c4e2' Filled=0 Fill price=0 Error='No error' Native error='',
7/16/2026 1:56:21 PM,Order,Order='6fe2f07ea5604bee992aaf233cc95b85/Sim102' Name='Stop4' New state='Cancel submitted' Instrument='MES SEP26' Action='Buy to cover' Limit price=0 Stop price=7572 Quantity=1 Type='Stop Market' Time in force=GTC Oco='9d8d8ad53645427cbdee7e741105884a' Filled=0 Fill price=0 Error='No error' Native error='',
7/16/2026 1:56:21 PM,Order,Order='6b7ed7f703f6472abf9b2e416fbb4fb5/Sim102' Name='Stop3' New state='Cancel submitted' Instrument='MES SEP26' Action='Buy to cover' Limit price=0 Stop price=7572 Quantity=1 Type='Stop Market' Time in force=GTC Oco='75342b0c038f4d6591d5f5a5928424a5' Filled=0 Fill price=0 Error='No error' Native error='',
7/16/2026 1:56:21 PM,Order,Order='fca9538cd54e4055ae1b27f71c8a8ed1/Sim102' Name='Stop2' New state='Cancel submitted' Instrument='MES SEP26' Action='Buy to cover' Limit price=0 Stop price=7572 Quantity=1 Type='Stop Market' Time in force=GTC Oco='2e40992b590341deb381c53c88ff6cf5' Filled=0 Fill price=0 Error='No error' Native error='',
7/16/2026 1:56:21 PM,Order,Order='1863239c241e46a783eb825aadbc4956/Sim102' Name='Stop1' New state='Cancel submitted' Instrument='MES SEP26' Action='Buy to cover' Limit price=0 Stop price=7572 Quantity=9 Type='Stop Market' Time in force=GTC Oco='61473bfb31694fc9998f4635a512c4e2' Filled=0 Fill price=0 Error='No error' Native error='',
7/16/2026 1:56:21 PM,Order,Order='b7a5dac63f95450798fa83b619a7195f/Sim102' Name='Target4' New state='Cancel submitted' Instrument='MES SEP26' Action='Buy to cover' Limit price=7564 Stop price=0 Quantity=1 Type='Limit' Time in force=GTC Oco='9d8d8ad53645427cbdee7e741105884a' Filled=0 Fill price=0 Error='No error' Native error='',
7/16/2026 1:56:21 PM,Order,Order='90e650faddc94c3d920bb2f29e2bf425/Sim102' Name='Target3' New state='Cancel submitted' Instrument='MES SEP26' Action='Buy to cover' Limit price=7565 Stop price=0 Quantity=1 Type='Limit' Time in force=GTC Oco='75342b0c038f4d6591d5f5a5928424a5' Filled=0 Fill price=0 Error='No error' Native error='',
7/16/2026 1:56:21 PM,Order,Order='bd6ea1407f3840a3a236b3a756dd3493/Sim102' Name='Target2' New state='Cancel submitted' Instrument='MES SEP26' Action='Buy to cover' Limit price=7566 Stop price=0 Quantity=1 Type='Limit' Time in force=GTC Oco='2e40992b590341deb381c53c88ff6cf5' Filled=0 Fill price=0 Error='No error' Native error='',
7/16/2026 1:56:21 PM,Order,Order='47f1d2961c3648cfa47037e6bfab22b7/Sim102' Name='Target1' New state='Cancel submitted' Instrument='MES SEP26' Action='Buy to cover' Limit price=7567 Stop price=0 Quantity=9 Type='Limit' Time in force=GTC Oco='61473bfb31694fc9998f4635a512c4e2' Filled=0 Fill price=0 Error='No error' Native error='',
7/16/2026 1:56:21 PM,Default,Chart Trader close position,
7/16/2026 1:55:35 PM,Order,Order='b7a5dac63f95450798fa83b619a7195f/Sim102' Name='Target4' New state='Accepted' Instrument='MES SEP26' Action='Buy to cover' Limit price=7564 Stop price=0 Quantity=1 Type='Limit' Time in force=GTC Oco='9d8d8ad53645427cbdee7e741105884a' Filled=0 Fill price=0 Error='No error' Native error='',
7/16/2026 1:55:35 PM,Order,Order='b7a5dac63f95450798fa83b619a7195f/Sim102' Name='Target4' New state='Working' Instrument='MES SEP26' Action='Buy to cover' Limit price=7564 Stop price=0 Quantity=1 Type='Limit' Time in force=GTC Oco='9d8d8ad53645427cbdee7e741105884a' Filled=0 Fill price=0 Error='No error' Native error='',
7/16/2026 1:55:35 PM,Order,Order='6fe2f07ea5604bee992aaf233cc95b85/Sim102' Name='Stop4' New state='Accepted' Instrument='MES SEP26' Action='Buy to cover' Limit price=0 Stop price=7572 Quantity=1 Type='Stop Market' Time in force=GTC Oco='9d8d8ad53645427cbdee7e741105884a' Filled=0 Fill price=0 Error='No error' Native error='',
7/16/2026 1:55:35 PM,Order,Order='90e650faddc94c3d920bb2f29e2bf425/Sim102' Name='Target3' New state='Working' Instrument='MES SEP26' Action='Buy to cover' Limit price=7565 Stop price=0 Quantity=1 Type='Limit' Time in force=GTC Oco='75342b0c038f4d6591d5f5a5928424a5' Filled=0 Fill price=0 Error='No error' Native error='',
7/16/2026 1:55:35 PM,Order,Order='6b7ed7f703f6472abf9b2e416fbb4fb5/Sim102' Name='Stop3' New state='Accepted' Instrument='MES SEP26' Action='Buy to cover' Limit price=0 Stop price=7572 Quantity=1 Type='Stop Market' Time in force=GTC Oco='75342b0c038f4d6591d5f5a5928424a5' Filled=0 Fill price=0 Error='No error' Native error='',
7/16/2026 1:55:35 PM,Order,Order='90e650faddc94c3d920bb2f29e2bf425/Sim102' Name='Target3' New state='Accepted' Instrument='MES SEP26' Action='Buy to cover' Limit price=7565 Stop price=0 Quantity=1 Type='Limit' Time in force=GTC Oco='75342b0c038f4d6591d5f5a5928424a5' Filled=0 Fill price=0 Error='No error' Native error='',
7/16/2026 1:55:35 PM,Order,Order='bd6ea1407f3840a3a236b3a756dd3493/Sim102' Name='Target2' New state='Accepted' Instrument='MES SEP26' Action='Buy to cover' Limit price=7566 Stop price=0 Quantity=1 Type='Limit' Time in force=GTC Oco='2e40992b590341deb381c53c88ff6cf5' Filled=0 Fill price=0 Error='No error' Native error='',
7/16/2026 1:55:35 PM,Order,Order='bd6ea1407f3840a3a236b3a756dd3493/Sim102' Name='Target2' New state='Working' Instrument='MES SEP26' Action='Buy to cover' Limit price=7566 Stop price=0 Quantity=1 Type='Limit' Time in force=GTC Oco='2e40992b590341deb381c53c88ff6cf5' Filled=0 Fill price=0 Error='No error' Native error='',
7/16/2026 1:55:35 PM,Order,Order='fca9538cd54e4055ae1b27f71c8a8ed1/Sim102' Name='Stop2' New state='Accepted' Instrument='MES SEP26' Action='Buy to cover' Limit price=0 Stop price=7572 Quantity=1 Type='Stop Market' Time in force=GTC Oco='2e40992b590341deb381c53c88ff6cf5' Filled=0 Fill price=0 Error='No error' Native error='',
7/16/2026 1:55:35 PM,Order,Order='1863239c241e46a783eb825aadbc4956/Sim102' Name='Stop1' New state='Accepted' Instrument='MES SEP26' Action='Buy to cover' Limit price=0 Stop price=7572 Quantity=9 Type='Stop Market' Time in force=GTC Oco='61473bfb31694fc9998f4635a512c4e2' Filled=0 Fill price=0 Error='No error' Native error='',
7/16/2026 1:55:35 PM,Order,Order='47f1d2961c3648cfa47037e6bfab22b7/Sim102' Name='Target1' New state='Accepted' Instrument='MES SEP26' Action='Buy to cover' Limit price=7567 Stop price=0 Quantity=9 Type='Limit' Time in force=GTC Oco='61473bfb31694fc9998f4635a512c4e2' Filled=0 Fill price=0 Error='No error' Native error='',
7/16/2026 1:55:35 PM,Order,Order='47f1d2961c3648cfa47037e6bfab22b7/Sim102' Name='Target1' New state='Working' Instrument='MES SEP26' Action='Buy to cover' Limit price=7567 Stop price=0 Quantity=9 Type='Limit' Time in force=GTC Oco='61473bfb31694fc9998f4635a512c4e2' Filled=0 Fill price=0 Error='No error' Native error='',
7/16/2026 1:55:35 PM,Order,Order='b7a5dac63f95450798fa83b619a7195f/Sim102' Name='Target4' New state='Submitted' Instrument='MES SEP26' Action='Buy to cover' Limit price=7564 Stop price=0 Quantity=1 Type='Limit' Time in force=GTC Oco='9d8d8ad53645427cbdee7e741105884a' Filled=0 Fill price=0 Error='No error' Native error='',
7/16/2026 1:55:35 PM,Order,Order='6fe2f07ea5604bee992aaf233cc95b85/Sim102' Name='Stop4' New state='Submitted' Instrument='MES SEP26' Action='Buy to cover' Limit price=0 Stop price=7572 Quantity=1 Type='Stop Market' Time in force=GTC Oco='9d8d8ad53645427cbdee7e741105884a' Filled=0 Fill price=0 Error='No error' Native error='',
7/16/2026 1:55:35 PM,Order,Order='90e650faddc94c3d920bb2f29e2bf425/Sim102' Name='Target3' New state='Submitted' Instrument='MES SEP26' Action='Buy to cover' Limit price=7565 Stop price=0 Quantity=1 Type='Limit' Time in force=GTC Oco='75342b0c038f4d6591d5f5a5928424a5' Filled=0 Fill price=0 Error='No error' Native error='',
7/16/2026 1:55:35 PM,Order,Order='6b7ed7f703f6472abf9b2e416fbb4fb5/Sim102' Name='Stop3' New state='Submitted' Instrument='MES SEP26' Action='Buy to cover' Limit price=0 Stop price=7572 Quantity=1 Type='Stop Market' Time in force=GTC Oco='75342b0c038f4d6591d5f5a5928424a5' Filled=0 Fill price=0 Error='No error' Native error='',
7/16/2026 1:55:35 PM,Order,Order='bd6ea1407f3840a3a236b3a756dd3493/Sim102' Name='Target2' New state='Submitted' Instrument='MES SEP26' Action='Buy to cover' Limit price=7566 Stop price=0 Quantity=1 Type='Limit' Time in force=GTC Oco='2e40992b590341deb381c53c88ff6cf5' Filled=0 Fill price=0 Error='No error' Native error='',
7/16/2026 1:55:35 PM,Order,Order='fca9538cd54e4055ae1b27f71c8a8ed1/Sim102' Name='Stop2' New state='Submitted' Instrument='MES SEP26' Action='Buy to cover' Limit price=0 Stop price=7572 Quantity=1 Type='Stop Market' Time in force=GTC Oco='2e40992b590341deb381c53c88ff6cf5' Filled=0 Fill price=0 Error='No error' Native error='',
7/16/2026 1:55:35 PM,Order,Order='47f1d2961c3648cfa47037e6bfab22b7/Sim102' Name='Target1' New state='Submitted' Instrument='MES SEP26' Action='Buy to cover' Limit price=7567 Stop price=0 Quantity=9 Type='Limit' Time in force=GTC Oco='61473bfb31694fc9998f4635a512c4e2' Filled=0 Fill price=0 Error='No error' Native error='',
7/16/2026 1:55:35 PM,Order,Order='1863239c241e46a783eb825aadbc4956/Sim102' Name='Stop1' New state='Submitted' Instrument='MES SEP26' Action='Buy to cover' Limit price=0 Stop price=7572 Quantity=9 Type='Stop Market' Time in force=GTC Oco='61473bfb31694fc9998f4635a512c4e2' Filled=0 Fill price=0 Error='No error' Native error='',
7/16/2026 1:55:35 PM,Order,Order='c8c97da73f3340d2b566c2b2315a42f9/Sim102' Name='Entry' New state='Filled' Instrument='MES SEP26' Action='Sell' Limit price=0 Stop price=0 Quantity=12 Type='Market' Time in force=GTC Oco='' Filled=12 Fill price=7568 Error='No error' Native error='',
7/16/2026 1:55:35 PM,Execution,Execution='dae98630ffdc42a9a26ea4857959e038' Instrument='MES SEP26' Account='Sim102' Exchange=Default Price=7568 Quantity=12 Market position=Short Operation=Operation_Add Order='c8c97da73f3340d2b566c2b2315a42f9' Time='7/16/2026 1:55 PM',
7/16/2026 1:55:35 PM,Position,Instrument='MES SEP26' Account='Sim102' Average price=7568 Quantity=12 Market position=Short Operation=Operation_Add,
7/16/2026 1:55:35 PM,Order,Order='c8c97da73f3340d2b566c2b2315a42f9/Sim102' Name='Entry' New state='Accepted' Instrument='MES SEP26' Action='Sell' Limit price=0 Stop price=0 Quantity=12 Type='Market' Time in force=GTC Oco='' Filled=0 Fill price=0 Error='No error' Native error='',
7/16/2026 1:55:35 PM,Order,Order='c8c97da73f3340d2b566c2b2315a42f9/Sim102' Name='Entry' New state='Working' Instrument='MES SEP26' Action='Sell' Limit price=0 Stop price=0 Quantity=12 Type='Market' Time in force=GTC Oco='' Filled=0 Fill price=0 Error='No error' Native error='',
7/16/2026 1:55:35 PM,Order,Order='c8c97da73f3340d2b566c2b2315a42f9/Sim102' Name='Entry' New state='Submitted' Instrument='MES SEP26' Action='Sell' Limit price=0 Stop price=0 Quantity=12 Type='Market' Time in force=GTC Oco='' Filled=0 Fill price=0 Error='No error' Native error='',
7/16/2026 1:55:35 PM,Order,Chart Trader submitting order with strategy 'MES RMA 4SL 12Q - 2' (Ticks),
7/16/2026 1:55:34 PM,Order,Order='c203e3371c914cae855082d16f7b2698/Sim101' Name='Stop4' New state='Accepted' Instrument='MES SEP26' Action='Sell' Limit price=0 Stop price=7564.25 Quantity=1 Type='Stop Market' Time in force=GTC Oco='6889427d247a460380257ca6bf5a08e9' Filled=0 Fill price=0 Error='No error' Native error='',
7/16/2026 1:55:34 PM,Order,Order='e82527e2cbb1425dac2b8f865456b184/Sim101' Name='Target4' New state='Accepted' Instrument='MES SEP26' Action='Sell' Limit price=7572.25 Stop price=0 Quantity=1 Type='Limit' Time in force=GTC Oco='6889427d247a460380257ca6bf5a08e9' Filled=0 Fill price=0 Error='No error' Native error='',
7/16/2026 1:55:34 PM,Order,Order='e82527e2cbb1425dac2b8f865456b184/Sim101' Name='Target4' New state='Working' Instrument='MES SEP26' Action='Sell' Limit price=7572.25 Stop price=0 Quantity=1 Type='Limit' Time in force=GTC Oco='6889427d247a460380257ca6bf5a08e9' Filled=0 Fill price=0 Error='No error' Native error='',
7/16/2026 1:55:33 PM,Order,Order='a8a28343d8d34e00a655a69d5836ee42/Sim101' Name='Stop3' New state='Accepted' Instrument='MES SEP26' Action='Sell' Limit price=0 Stop price=7564.25 Quantity=1 Type='Stop Market' Time in force=GTC Oco='44339879c8434571b6017ff4e863ac7a' Filled=0 Fill price=0 Error='No error' Native error='',
7/16/2026 1:55:33 PM,Order,Order='bc2f46a2fe284e7191a9350259573f61/Sim101' Name='Target3' New state='Accepted' Instrument='MES SEP26' Action='Sell' Limit price=7571.25 Stop price=0 Quantity=1 Type='Limit' Time in force=GTC Oco='44339879c8434571b6017ff4e863ac7a' Filled=0 Fill price=0 Error='No error' Native error='',
7/16/2026 1:55:33 PM,Order,Order='bc2f46a2fe284e7191a9350259573f61/Sim101' Name='Target3' New state='Working' Instrument='MES SEP26' Action='Sell' Limit price=7571.25 Stop price=0 Quantity=1 Type='Limit' Time in force=GTC Oco='44339879c8434571b6017ff4e863ac7a' Filled=0 Fill price=0 Error='No error' Native error='',
7/16/2026 1:55:33 PM,Order,Order='6afbc81a461d4cfcb6be8285b3594cd8/Sim101' Name='Target2' New state='Accepted' Instrument='MES SEP26' Action='Sell' Limit price=7570.25 Stop price=0 Quantity=1 Type='Limit' Time in force=GTC Oco='33efec7b1e364324ab468f216b6969ef' Filled=0 Fill price=0 Error='No error' Native error='',
7/16/2026 1:55:33 PM,Order,Order='6afbc81a461d4cfcb6be8285b3594cd8/Sim101' Name='Target2' New state='Working' Instrument='MES SEP26' Action='Sell' Limit price=7570.25 Stop price=0 Quantity=1 Type='Limit' Time in force=GTC Oco='33efec7b1e364324ab468f216b6969ef' Filled=0 Fill price=0 Error='No error' Native error='',
7/16/2026 1:55:33 PM,Order,Order='7374538b34274c42a8b49248601e82b1/Sim101' Name='Target1' New state='Accepted' Instrument='MES SEP26' Action='Sell' Limit price=7569.25 Stop price=0 Quantity=9 Type='Limit' Time in force=GTC Oco='2d0d5c3df0824812b1d9b8798224c13f' Filled=0 Fill price=0 Error='No error' Native error='',
7/16/2026 1:55:33 PM,Order,Order='7374538b34274c42a8b49248601e82b1/Sim101' Name='Target1' New state='Working' Instrument='MES SEP26' Action='Sell' Limit price=7569.25 Stop price=0 Quantity=9 Type='Limit' Time in force=GTC Oco='2d0d5c3df0824812b1d9b8798224c13f' Filled=0 Fill price=0 Error='No error' Native error='',
7/16/2026 1:55:33 PM,Order,Order='942132e7fb644a21abd7cded497a18b2/Sim101' Name='Stop2' New state='Accepted' Instrument='MES SEP26' Action='Sell' Limit price=0 Stop price=7564.25 Quantity=1 Type='Stop Market' Time in force=GTC Oco='33efec7b1e364324ab468f216b6969ef' Filled=0 Fill price=0 Error='No error' Native error='',
7/16/2026 1:55:33 PM,Order,Order='2309d83e0f6b431a9fe7d8b294389ddb/Sim101' Name='Stop1' New state='Accepted' Instrument='MES SEP26' Action='Sell' Limit price=0 Stop price=7564.25 Quantity=9 Type='Stop Market' Time in force=GTC Oco='2d0d5c3df0824812b1d9b8798224c13f' Filled=0 Fill price=0 Error='No error' Native error='',
7/16/2026 1:55:33 PM,Order,Order='e82527e2cbb1425dac2b8f865456b184/Sim101' Name='Target4' New state='Submitted' Instrument='MES SEP26' Action='Sell' Limit price=7572.25 Stop price=0 Quantity=1 Type='Limit' Time in force=GTC Oco='6889427d247a460380257ca6bf5a08e9' Filled=0 Fill price=0 Error='No error' Native error='',
7/16/2026 1:55:33 PM,Order,Order='c203e3371c914cae855082d16f7b2698/Sim101' Name='Stop4' New state='Submitted' Instrument='MES SEP26' Action='Sell' Limit price=0 Stop price=7564.25 Quantity=1 Type='Stop Market' Time in force=GTC Oco='6889427d247a460380257ca6bf5a08e9' Filled=0 Fill price=0 Error='No error' Native error='',
7/16/2026 1:55:33 PM,Order,Order='bc2f46a2fe284e7191a9350259573f61/Sim101' Name='Target3' New state='Submitted' Instrument='MES SEP26' Action='Sell' Limit price=7571.25 Stop price=0 Quantity=1 Type='Limit' Time in force=GTC Oco='44339879c8434571b6017ff4e863ac7a' Filled=0 Fill price=0 Error='No error' Native error='',
7/16/2026 1:55:33 PM,Order,Order='a8a28343d8d34e00a655a69d5836ee42/Sim101' Name='Stop3' New state='Submitted' Instrument='MES SEP26' Action='Sell' Limit price=0 Stop price=7564.25 Quantity=1 Type='Stop Market' Time in force=GTC Oco='44339879c8434571b6017ff4e863ac7a' Filled=0 Fill price=0 Error='No error' Native error='',
7/16/2026 1:55:33 PM,Order,Order='6afbc81a461d4cfcb6be8285b3594cd8/Sim101' Name='Target2' New state='Submitted' Instrument='MES SEP26' Action='Sell' Limit price=7570.25 Stop price=0 Quantity=1 Type='Limit' Time in force=GTC Oco='33efec7b1e364324ab468f216b6969ef' Filled=0 Fill price=0 Error='No error' Native error='',
7/16/2026 1:55:33 PM,Order,Order='942132e7fb644a21abd7cded497a18b2/Sim101' Name='Stop2' New state='Submitted' Instrument='MES SEP26' Action='Sell' Limit price=0 Stop price=7564.25 Quantity=1 Type='Stop Market' Time in force=GTC Oco='33efec7b1e364324ab468f216b6969ef' Filled=0 Fill price=0 Error='No error' Native error='',
7/16/2026 1:55:33 PM,Order,Order='7374538b34274c42a8b49248601e82b1/Sim101' Name='Target1' New state='Submitted' Instrument='MES SEP26' Action='Sell' Limit price=7569.25 Stop price=0 Quantity=9 Type='Limit' Time in force=GTC Oco='2d0d5c3df0824812b1d9b8798224c13f' Filled=0 Fill price=0 Error='No error' Native error='',
7/16/2026 1:55:33 PM,Order,Order='2309d83e0f6b431a9fe7d8b294389ddb/Sim101' Name='Stop1' New state='Submitted' Instrument='MES SEP26' Action='Sell' Limit price=0 Stop price=7564.25 Quantity=9 Type='Stop Market' Time in force=GTC Oco='2d0d5c3df0824812b1d9b8798224c13f' Filled=0 Fill price=0 Error='No error' Native error='',
7/16/2026 1:55:33 PM,Position,Instrument='MES SEP26' Account='Sim101' Average price=7568.25 Quantity=12 Market position=Long Operation=Operation_Add,
7/16/2026 1:55:33 PM,Order,Order='0b7c648c4b55447d9609f73e4987e892/Sim101' Name='Entry' New state='Filled' Instrument='MES SEP26' Action='Buy' Limit price=0 Stop price=0 Quantity=12 Type='Market' Time in force=GTC Oco='' Filled=12 Fill price=7568.25 Error='No error' Native error='',
7/16/2026 1:55:33 PM,Execution,Execution='bd5389726a8841f4a46523768b336762' Instrument='MES SEP26' Account='Sim101' Exchange=Default Price=7568.25 Quantity=12 Market position=Long Operation=Operation_Add Order='0b7c648c4b55447d9609f73e4987e892' Time='7/16/2026 1:55 PM',
7/16/2026 1:55:33 PM,Order,Order='0b7c648c4b55447d9609f73e4987e892/Sim101' Name='Entry' New state='Accepted' Instrument='MES SEP26' Action='Buy' Limit price=0 Stop price=0 Quantity=12 Type='Market' Time in force=GTC Oco='' Filled=0 Fill price=0 Error='No error' Native error='',
7/16/2026 1:55:33 PM,Order,Order='0b7c648c4b55447d9609f73e4987e892/Sim101' Name='Entry' New state='Working' Instrument='MES SEP26' Action='Buy' Limit price=0 Stop price=0 Quantity=12 Type='Market' Time in force=GTC Oco='' Filled=0 Fill price=0 Error='No error' Native error='',
7/16/2026 1:55:33 PM,Order,Order='0b7c648c4b55447d9609f73e4987e892/Sim101' Name='Entry' New state='Submitted' Instrument='MES SEP26' Action='Buy' Limit price=0 Stop price=0 Quantity=12 Type='Market' Time in force=GTC Oco='' Filled=0 Fill price=0 Error='No error' Native error='',
7/16/2026 1:55:33 PM,Order,Chart Trader submitting order with strategy 'MES RMA 4SL 12Q - 1' (Ticks),
7/16/2026 1:55:29 PM,Default,Cancel all orders account='Sim102',
7/16/2026 1:55:29 PM,Default,Chart Trader close position,
7/16/2026 1:54:58 PM,Position,Instrument='MES SEP26' Account='Sim102' Average price=0 Quantity=0 Market position=Flat Operation=Remove,
7/16/2026 1:54:58 PM,Order,Order='0315a79034e348ac90174ad6af869ff1/Sim102' Name='Close' New state='Filled' Instrument='MES SEP26' Action='Buy to cover' Limit price=0 Stop price=0 Quantity=12 Type='Market' Time in force=DAY Oco='' Filled=12 Fill price=7569.75 Error='No error' Native error='',
7/16/2026 1:54:58 PM,Execution,Execution='a731541992a44aaa84cd654f6ce2e635' Instrument='MES SEP26' Account='Sim102' Exchange=Default Price=7569.75 Quantity=12 Market position=Long Operation=Operation_Add Order='0315a79034e348ac90174ad6af869ff1' Time='7/16/2026 1:54 PM',
7/16/2026 1:54:58 PM,Order,Order='0315a79034e348ac90174ad6af869ff1/Sim102' Name='Close' New state='Working' Instrument='MES SEP26' Action='Buy to cover' Limit price=0 Stop price=0 Quantity=12 Type='Market' Time in force=DAY Oco='' Filled=0 Fill price=0 Error='No error' Native error='',
7/16/2026 1:54:58 PM,Order,Order='0315a79034e348ac90174ad6af869ff1/Sim102' Name='Close' New state='Accepted' Instrument='MES SEP26' Action='Buy to cover' Limit price=0 Stop price=0 Quantity=12 Type='Market' Time in force=DAY Oco='' Filled=0 Fill price=0 Error='No error' Native error='',
7/16/2026 1:54:58 PM,Order,Order='0315a79034e348ac90174ad6af869ff1/Sim102' Name='Close' New state='Submitted' Instrument='MES SEP26' Action='Buy to cover' Limit price=0 Stop price=0 Quantity=12 Type='Market' Time in force=DAY Oco='' Filled=0 Fill price=0 Error='No error' Native error='',
7/16/2026 1:54:58 PM,Order,Order='4d781f9940df4eb4859e5f156cee532c/Sim102' Name='Stop1' New state='Cancelled' Instrument='MES SEP26' Action='Buy to cover' Limit price=0 Stop price=7572.75 Quantity=9 Type='Stop Market' Time in force=GTC Oco='9ebfcdd739a644c4aff1873637b1210d' Filled=0 Fill price=0 Error='No error' Native error='',
7/16/2026 1:54:58 PM,Order,Order='feef31ff785a4c2a863cc06d998e0872/Sim102' Name='Target4' New state='Cancelled' Instrument='MES SEP26' Action='Buy to cover' Limit price=7564.75 Stop price=0 Quantity=1 Type='Limit' Time in force=GTC Oco='ac23bc2ded534dd1b53c89026f5dfdcf' Filled=0 Fill price=0 Error='No error' Native error='',
7/16/2026 1:54:58 PM,Order,Order='7e2ebf98b28e4b778c021a1ac0f048cc/Sim102' Name='Target3' New state='Cancelled' Instrument='MES SEP26' Action='Buy to cover' Limit price=7565.75 Stop price=0 Quantity=1 Type='Limit' Time in force=GTC Oco='3293c8e007824c91a7536c7e742ecf4a' Filled=0 Fill price=0 Error='No error' Native error='',
7/16/2026 1:54:58 PM,Order,Order='88704b6875ea48dcb375bb83f02d3ddb/Sim102' Name='Stop4' New state='Cancelled' Instrument='MES SEP26' Action='Buy to cover' Limit price=0 Stop price=7572.75 Quantity=1 Type='Stop Market' Time in force=GTC Oco='ac23bc2ded534dd1b53c89026f5dfdcf' Filled=0 Fill price=0 Error='No error' Native error='',
7/16/2026 1:54:58 PM,Order,Order='812c1e996f3740d1a905539d5cad7e2d/Sim102' Name='Stop3' New state='Cancelled' Instrument='MES SEP26' Action='Buy to cover' Limit price=0 Stop price=7572.75 Quantity=1 Type='Stop Market' Time in force=GTC Oco='3293c8e007824c91a7536c7e742ecf4a' Filled=0 Fill price=0 Error='No error' Native error='',
7/16/2026 1:54:58 PM,Order,Order='571a32756bdd43918c6ce52aed9d4379/Sim102' Name='Stop2' New state='Cancelled' Instrument='MES SEP26' Action='Buy to cover' Limit price=0 Stop price=7572.75 Quantity=1 Type='Stop Market' Time in force=GTC Oco='d305fc97583144c799c7999685a56b34' Filled=0 Fill price=0 Error='No error' Native error='',
7/16/2026 1:54:58 PM,Order,Order='7f3bf897670e4b078b842b94d8453a62/Sim102' Name='Target2' New state='Cancelled' Instrument='MES SEP26' Action='Buy to cover' Limit price=7566.75 Stop price=0 Quantity=1 Type='Limit' Time in force=GTC Oco='d305fc97583144c799c7999685a56b34' Filled=0 Fill price=0 Error='No error' Native error='',
7/16/2026 1:54:58 PM,Order,Order='da894974509f4532834164f6dd3438af/Sim102' Name='Target1' New state='Cancelled' Instrument='MES SEP26' Action='Buy to cover' Limit price=7567.75 Stop price=0 Quantity=9 Type='Limit' Time in force=GTC Oco='9ebfcdd739a644c4aff1873637b1210d' Filled=0 Fill price=0 Error='No error' Native error='',
7/16/2026 1:54:58 PM,Order,Order='88704b6875ea48dcb375bb83f02d3ddb/Sim102' Name='Stop4' New state='Cancel submitted' Instrument='MES SEP26' Action='Buy to cover' Limit price=0 Stop price=7572.75 Quantity=1 Type='Stop Market' Time in force=GTC Oco='ac23bc2ded534dd1b53c89026f5dfdcf' Filled=0 Fill price=0 Error='No error' Native error='',
7/16/2026 1:54:58 PM,Order,Order='812c1e996f3740d1a905539d5cad7e2d/Sim102' Name='Stop3' New state='Cancel submitted' Instrument='MES SEP26' Action='Buy to cover' Limit price=0 Stop price=7572.75 Quantity=1 Type='Stop Market' Time in force=GTC Oco='3293c8e007824c91a7536c7e742ecf4a' Filled=0 Fill price=0 Error='No error' Native error='',
7/16/2026 1:54:58 PM,Order,Order='571a32756bdd43918c6ce52aed9d4379/Sim102' Name='Stop2' New state='Cancel submitted' Instrument='MES SEP26' Action='Buy to cover' Limit price=0 Stop price=7572.75 Quantity=1 Type='Stop Market' Time in force=GTC Oco='d305fc97583144c799c7999685a56b34' Filled=0 Fill price=0 Error='No error' Native error='',
7/16/2026 1:54:58 PM,Order,Order='4d781f9940df4eb4859e5f156cee532c/Sim102' Name='Stop1' New state='Cancel submitted' Instrument='MES SEP26' Action='Buy to cover' Limit price=0 Stop price=7572.75 Quantity=9 Type='Stop Market' Time in force=GTC Oco='9ebfcdd739a644c4aff1873637b1210d' Filled=0 Fill price=0 Error='No error' Native error='',
7/16/2026 1:54:58 PM,Order,Order='feef31ff785a4c2a863cc06d998e0872/Sim102' Name='Target4' New state='Cancel submitted' Instrument='MES SEP26' Action='Buy to cover' Limit price=7564.75 Stop price=0 Quantity=1 Type='Limit' Time in force=GTC Oco='ac23bc2ded534dd1b53c89026f5dfdcf' Filled=0 Fill price=0 Error='No error' Native error='',
7/16/2026 1:54:58 PM,Order,Order='7e2ebf98b28e4b778c021a1ac0f048cc/Sim102' Name='Target3' New state='Cancel submitted' Instrument='MES SEP26' Action='Buy to cover' Limit price=7565.75 Stop price=0 Quantity=1 Type='Limit' Time in force=GTC Oco='3293c8e007824c91a7536c7e742ecf4a' Filled=0 Fill price=0 Error='No error' Native error='',
7/16/2026 1:54:57 PM,Order,Order='7f3bf897670e4b078b842b94d8453a62/Sim102' Name='Target2' New state='Cancel submitted' Instrument='MES SEP26' Action='Buy to cover' Limit price=7566.75 Stop price=0 Quantity=1 Type='Limit' Time in force=GTC Oco='d305fc97583144c799c7999685a56b34' Filled=0 Fill price=0 Error='No error' Native error='',
7/16/2026 1:54:57 PM,Order,Order='da894974509f4532834164f6dd3438af/Sim102' Name='Target1' New state='Cancel submitted' Instrument='MES SEP26' Action='Buy to cover' Limit price=7567.75 Stop price=0 Quantity=9 Type='Limit' Time in force=GTC Oco='9ebfcdd739a644c4aff1873637b1210d' Filled=0 Fill price=0 Error='No error' Native error='',
7/16/2026 1:54:57 PM,Default,Chart Trader close position,
7/16/2026 1:54:56 PM,Position,Instrument='MES SEP26' Account='Sim101' Average price=0 Quantity=0 Market position=Flat Operation=Remove,
7/16/2026 1:54:56 PM,Execution,Execution='e28945aecd80406faea73a9b8a9d3f77' Instrument='MES SEP26' Account='Sim101' Exchange=Default Price=7569.5 Quantity=12 Market position=Short Operation=Operation_Add Order='e064b40dabf74f5eaf1fd2312a7a5003' Time='7/16/2026 1:54 PM',
7/16/2026 1:54:56 PM,Order,Order='e064b40dabf74f5eaf1fd2312a7a5003/Sim101' Name='Close' New state='Filled' Instrument='MES SEP26' Action='Sell' Limit price=0 Stop price=0 Quantity=12 Type='Market' Time in force=DAY Oco='' Filled=12 Fill price=7569.5 Error='No error' Native error='',
7/16/2026 1:54:56 PM,Order,Order='e064b40dabf74f5eaf1fd2312a7a5003/Sim101' Name='Close' New state='Accepted' Instrument='MES SEP26' Action='Sell' Limit price=0 Stop price=0 Quantity=12 Type='Market' Time in force=DAY Oco='' Filled=0 Fill price=0 Error='No error' Native error='',
7/16/2026 1:54:56 PM,Order,Order='e064b40dabf74f5eaf1fd2312a7a5003/Sim101' Name='Close' New state='Working' Instrument='MES SEP26' Action='Sell' Limit price=0 Stop price=0 Quantity=12 Type='Market' Time in force=DAY Oco='' Filled=0 Fill price=0 Error='No error' Native error='',
7/16/2026 1:54:56 PM,Order,Order='e064b40dabf74f5eaf1fd2312a7a5003/Sim101' Name='Close' New state='Submitted' Instrument='MES SEP26' Action='Sell' Limit price=0 Stop price=0 Quantity=12 Type='Market' Time in force=DAY Oco='' Filled=0 Fill price=0 Error='No error' Native error='',
7/16/2026 1:54:56 PM,Order,Order='0a2daa56541048af969cd4e73f6c1ddb/Sim101' Name='Target3' New state='Cancelled' Instrument='MES SEP26' Action='Sell' Limit price=7572.25 Stop price=0 Quantity=1 Type='Limit' Time in force=GTC Oco='3520fbf7d5ce46558589516962c48f8d' Filled=0 Fill price=0 Error='No error' Native error='',
7/16/2026 1:54:56 PM,Order,Order='6f9c40b3739c4f8f816427f332c372e6/Sim101' Name='Stop3' New state='Cancelled' Instrument='MES SEP26' Action='Sell' Limit price=0 Stop price=7565.25 Quantity=1 Type='Stop Market' Time in force=GTC Oco='3520fbf7d5ce46558589516962c48f8d' Filled=0 Fill price=0 Error='No error' Native error='',
7/16/2026 1:54:56 PM,Order,Order='dbf5ad77255d4751ba4327ae839446df/Sim101' Name='Stop4' New state='Cancelled' Instrument='MES SEP26' Action='Sell' Limit price=0 Stop price=7565.25 Quantity=1 Type='Stop Market' Time in force=GTC Oco='a7aad741adc7496485a1cd810fb41d23' Filled=0 Fill price=0 Error='No error' Native error='',
7/16/2026 1:54:56 PM,Order,Order='5fb2a2386b4048d2ac7fa809e31e525d/Sim101' Name='Stop2' New state='Cancelled' Instrument='MES SEP26' Action='Sell' Limit price=0 Stop price=7565.25 Quantity=1 Type='Stop Market' Time in force=GTC Oco='4d144a3ce0ed43779a240bf29fa2458f' Filled=0 Fill price=0 Error='No error' Native error='',
7/16/2026 1:54:56 PM,Order,Order='edaadce9647e47e78a7031b5bd61c5d6/Sim101' Name='Stop1' New state='Cancelled' Instrument='MES SEP26' Action='Sell' Limit price=0 Stop price=7565.25 Quantity=9 Type='Stop Market' Time in force=GTC Oco='0bdebdbb8aa74da7ae7f09c47390c5d9' Filled=0 Fill price=0 Error='No error' Native error='',
7/16/2026 1:54:56 PM,Order,Order='47e1cc69403d4987b85c0a794a2182b5/Sim101' Name='Target4' New state='Cancelled' Instrument='MES SEP26' Action='Sell' Limit price=7573.25 Stop price=0 Quantity=1 Type='Limit' Time in force=GTC Oco='a7aad741adc7496485a1cd810fb41d23' Filled=0 Fill price=0 Error='No error' Native error='',
7/16/2026 1:54:56 PM,Order,Order='805c55fc74d1414f894ee61934d8202a/Sim101' Name='Target2' New state='Cancelled' Instrument='MES SEP26' Action='Sell' Limit price=7571.25 Stop price=0 Quantity=1 Type='Limit' Time in force=GTC Oco='4d144a3ce0ed43779a240bf29fa2458f' Filled=0 Fill price=0 Error='No error' Native error='',
7/16/2026 1:54:56 PM,Order,Order='f8a1dc8ce8224d708c98bb45687b97b2/Sim101' Name='Target1' New state='Cancelled' Instrument='MES SEP26' Action='Sell' Limit price=7570.25 Stop price=0 Quantity=9 Type='Limit' Time in force=GTC Oco='0bdebdbb8aa74da7ae7f09c47390c5d9' Filled=0 Fill price=0 Error='No error' Native error='',
7/16/2026 1:54:56 PM,Order,Order='dbf5ad77255d4751ba4327ae839446df/Sim101' Name='Stop4' New state='Cancel submitted' Instrument='MES SEP26' Action='Sell' Limit price=0 Stop price=7565.25 Quantity=1 Type='Stop Market' Time in force=GTC Oco='a7aad741adc7496485a1cd810fb41d23' Filled=0 Fill price=0 Error='No error' Native error='',
7/16/2026 1:54:56 PM,Order,Order='6f9c40b3739c4f8f816427f332c372e6/Sim101' Name='Stop3' New state='Cancel submitted' Instrument='MES SEP26' Action='Sell' Limit price=0 Stop price=7565.25 Quantity=1 Type='Stop Market' Time in force=GTC Oco='3520fbf7d5ce46558589516962c48f8d' Filled=0 Fill price=0 Error='No error' Native error='',
7/16/2026 1:54:56 PM,Order,Order='5fb2a2386b4048d2ac7fa809e31e525d/Sim101' Name='Stop2' New state='Cancel submitted' Instrument='MES SEP26' Action='Sell' Limit price=0 Stop price=7565.25 Quantity=1 Type='Stop Market' Time in force=GTC Oco='4d144a3ce0ed43779a240bf29fa2458f' Filled=0 Fill price=0 Error='No error' Native error='',
7/16/2026 1:54:56 PM,Order,Order='edaadce9647e47e78a7031b5bd61c5d6/Sim101' Name='Stop1' New state='Cancel submitted' Instrument='MES SEP26' Action='Sell' Limit price=0 Stop price=7565.25 Quantity=9 Type='Stop Market' Time in force=GTC Oco='0bdebdbb8aa74da7ae7f09c47390c5d9' Filled=0 Fill price=0 Error='No error' Native error='',
7/16/2026 1:54:56 PM,Order,Order='47e1cc69403d4987b85c0a794a2182b5/Sim101' Name='Target4' New state='Cancel submitted' Instrument='MES SEP26' Action='Sell' Limit price=7573.25 Stop price=0 Quantity=1 Type='Limit' Time in force=GTC Oco='a7aad741adc7496485a1cd810fb41d23' Filled=0 Fill price=0 Error='No error' Native error='',
7/16/2026 1:54:56 PM,Order,Order='0a2daa56541048af969cd4e73f6c1ddb/Sim101' Name='Target3' New state='Cancel submitted' Instrument='MES SEP26' Action='Sell' Limit price=7572.25 Stop price=0 Quantity=1 Type='Limit' Time in force=GTC Oco='3520fbf7d5ce46558589516962c48f8d' Filled=0 Fill price=0 Error='No error' Native error='',
7/16/2026 1:54:56 PM,Order,Order='805c55fc74d1414f894ee61934d8202a/Sim101' Name='Target2' New state='Cancel submitted' Instrument='MES SEP26' Action='Sell' Limit price=7571.25 Stop price=0 Quantity=1 Type='Limit' Time in force=GTC Oco='4d144a3ce0ed43779a240bf29fa2458f' Filled=0 Fill price=0 Error='No error' Native error='',
7/16/2026 1:54:56 PM,Order,Order='f8a1dc8ce8224d708c98bb45687b97b2/Sim101' Name='Target1' New state='Cancel submitted' Instrument='MES SEP26' Action='Sell' Limit price=7570.25 Stop price=0 Quantity=9 Type='Limit' Time in force=GTC Oco='0bdebdbb8aa74da7ae7f09c47390c5d9' Filled=0 Fill price=0 Error='No error' Native error='',
7/16/2026 1:54:56 PM,Default,Chart Trader close position,
7/16/2026 1:52:35 PM,Order,Order='feef31ff785a4c2a863cc06d998e0872/Sim102' Name='Target4' New state='Accepted' Instrument='MES SEP26' Action='Buy to cover' Limit price=7564.75 Stop price=0 Quantity=1 Type='Limit' Time in force=GTC Oco='ac23bc2ded534dd1b53c89026f5dfdcf' Filled=0 Fill price=0 Error='No error' Native error='',
7/16/2026 1:52:35 PM,Order,Order='feef31ff785a4c2a863cc06d998e0872/Sim102' Name='Target4' New state='Working' Instrument='MES SEP26' Action='Buy to cover' Limit price=7564.75 Stop price=0 Quantity=1 Type='Limit' Time in force=GTC Oco='ac23bc2ded534dd1b53c89026f5dfdcf' Filled=0 Fill price=0 Error='No error' Native error='',
7/16/2026 1:52:35 PM,Order,Order='7e2ebf98b28e4b778c021a1ac0f048cc/Sim102' Name='Target3' New state='Accepted' Instrument='MES SEP26' Action='Buy to cover' Limit price=7565.75 Stop price=0 Quantity=1 Type='Limit' Time in force=GTC Oco='3293c8e007824c91a7536c7e742ecf4a' Filled=0 Fill price=0 Error='No error' Native error='',
7/16/2026 1:52:35 PM,Order,Order='7e2ebf98b28e4b778c021a1ac0f048cc/Sim102' Name='Target3' New state='Working' Instrument='MES SEP26' Action='Buy to cover' Limit price=7565.75 Stop price=0 Quantity=1 Type='Limit' Time in force=GTC Oco='3293c8e007824c91a7536c7e742ecf4a' Filled=0 Fill price=0 Error='No error' Native error='',
7/16/2026 1:52:35 PM,Order,Order='88704b6875ea48dcb375bb83f02d3ddb/Sim102' Name='Stop4' New state='Accepted' Instrument='MES SEP26' Action='Buy to cover' Limit price=0 Stop price=7572.75 Quantity=1 Type='Stop Market' Time in force=GTC Oco='ac23bc2ded534dd1b53c89026f5dfdcf' Filled=0 Fill price=0 Error='No error' Native error='',
7/16/2026 1:52:35 PM,Order,Order='812c1e996f3740d1a905539d5cad7e2d/Sim102' Name='Stop3' New state='Accepted' Instrument='MES SEP26' Action='Buy to cover' Limit price=0 Stop price=7572.75 Quantity=1 Type='Stop Market' Time in force=GTC Oco='3293c8e007824c91a7536c7e742ecf4a' Filled=0 Fill price=0 Error='No error' Native error='',
7/16/2026 1:52:35 PM,Order,Order='7f3bf897670e4b078b842b94d8453a62/Sim102' Name='Target2' New state='Working' Instrument='MES SEP26' Action='Buy to cover' Limit price=7566.75 Stop price=0 Quantity=1 Type='Limit' Time in force=GTC Oco='d305fc97583144c799c7999685a56b34' Filled=0 Fill price=0 Error='No error' Native error='',
7/16/2026 1:52:35 PM,Order,Order='571a32756bdd43918c6ce52aed9d4379/Sim102' Name='Stop2' New state='Accepted' Instrument='MES SEP26' Action='Buy to cover' Limit price=0 Stop price=7572.75 Quantity=1 Type='Stop Market' Time in force=GTC Oco='d305fc97583144c799c7999685a56b34' Filled=0 Fill price=0 Error='No error' Native error='',
7/16/2026 1:52:35 PM,Order,Order='7f3bf897670e4b078b842b94d8453a62/Sim102' Name='Target2' New state='Accepted' Instrument='MES SEP26' Action='Buy to cover' Limit price=7566.75 Stop price=0 Quantity=1 Type='Limit' Time in force=GTC Oco='d305fc97583144c799c7999685a56b34' Filled=0 Fill price=0 Error='No error' Native error='',
7/16/2026 1:52:35 PM,Order,Order='da894974509f4532834164f6dd3438af/Sim102' Name='Target1' New state='Working' Instrument='MES SEP26' Action='Buy to cover' Limit price=7567.75 Stop price=0 Quantity=9 Type='Limit' Time in force=GTC Oco='9ebfcdd739a644c4aff1873637b1210d' Filled=0 Fill price=0 Error='No error' Native error='',
7/16/2026 1:52:35 PM,Order,Order='da894974509f4532834164f6dd3438af/Sim102' Name='Target1' New state='Accepted' Instrument='MES SEP26' Action='Buy to cover' Limit price=7567.75 Stop price=0 Quantity=9 Type='Limit' Time in force=GTC Oco='9ebfcdd739a644c4aff1873637b1210d' Filled=0 Fill price=0 Error='No error' Native error='',
7/16/2026 1:52:35 PM,Order,Order='4d781f9940df4eb4859e5f156cee532c/Sim102' Name='Stop1' New state='Accepted' Instrument='MES SEP26' Action='Buy to cover' Limit price=0 Stop price=7572.75 Quantity=9 Type='Stop Market' Time in force=GTC Oco='9ebfcdd739a644c4aff1873637b1210d' Filled=0 Fill price=0 Error='No error' Native error='',
7/16/2026 1:52:35 PM,Order,Order='feef31ff785a4c2a863cc06d998e0872/Sim102' Name='Target4' New state='Submitted' Instrument='MES SEP26' Action='Buy to cover' Limit price=7564.75 Stop price=0 Quantity=1 Type='Limit' Time in force=GTC Oco='ac23bc2ded534dd1b53c89026f5dfdcf' Filled=0 Fill price=0 Error='No error' Native error='',
7/16/2026 1:52:35 PM,Order,Order='88704b6875ea48dcb375bb83f02d3ddb/Sim102' Name='Stop4' New state='Submitted' Instrument='MES SEP26' Action='Buy to cover' Limit price=0 Stop price=7572.75 Quantity=1 Type='Stop Market' Time in force=GTC Oco='ac23bc2ded534dd1b53c89026f5dfdcf' Filled=0 Fill price=0 Error='No error' Native error='',
7/16/2026 1:52:35 PM,Order,Order='7e2ebf98b28e4b778c021a1ac0f048cc/Sim102' Name='Target3' New state='Submitted' Instrument='MES SEP26' Action='Buy to cover' Limit price=7565.75 Stop price=0 Quantity=1 Type='Limit' Time in force=GTC Oco='3293c8e007824c91a7536c7e742ecf4a' Filled=0 Fill price=0 Error='No error' Native error='',
7/16/2026 1:52:35 PM,Order,Order='812c1e996f3740d1a905539d5cad7e2d/Sim102' Name='Stop3' New state='Submitted' Instrument='MES SEP26' Action='Buy to cover' Limit price=0 Stop price=7572.75 Quantity=1 Type='Stop Market' Time in force=GTC Oco='3293c8e007824c91a7536c7e742ecf4a' Filled=0 Fill price=0 Error='No error' Native error='',
7/16/2026 1:52:35 PM,Order,Order='7f3bf897670e4b078b842b94d8453a62/Sim102' Name='Target2' New state='Submitted' Instrument='MES SEP26' Action='Buy to cover' Limit price=7566.75 Stop price=0 Quantity=1 Type='Limit' Time in force=GTC Oco='d305fc97583144c799c7999685a56b34' Filled=0 Fill price=0 Error='No error' Native error='',
7/16/2026 1:52:35 PM,Order,Order='571a32756bdd43918c6ce52aed9d4379/Sim102' Name='Stop2' New state='Submitted' Instrument='MES SEP26' Action='Buy to cover' Limit price=0 Stop price=7572.75 Quantity=1 Type='Stop Market' Time in force=GTC Oco='d305fc97583144c799c7999685a56b34' Filled=0 Fill price=0 Error='No error' Native error='',
7/16/2026 1:52:35 PM,Order,Order='da894974509f4532834164f6dd3438af/Sim102' Name='Target1' New state='Submitted' Instrument='MES SEP26' Action='Buy to cover' Limit price=7567.75 Stop price=0 Quantity=9 Type='Limit' Time in force=GTC Oco='9ebfcdd739a644c4aff1873637b1210d' Filled=0 Fill price=0 Error='No error' Native error='',
7/16/2026 1:52:35 PM,Order,Order='4d781f9940df4eb4859e5f156cee532c/Sim102' Name='Stop1' New state='Submitted' Instrument='MES SEP26' Action='Buy to cover' Limit price=0 Stop price=7572.75 Quantity=9 Type='Stop Market' Time in force=GTC Oco='9ebfcdd739a644c4aff1873637b1210d' Filled=0 Fill price=0 Error='No error' Native error='',
7/16/2026 1:52:35 PM,Position,Instrument='MES SEP26' Account='Sim102' Average price=7568.75 Quantity=12 Market position=Short Operation=Operation_Add,
7/16/2026 1:52:35 PM,Order,Order='9bd7b92ea882448bbc6e69513d6be890/Sim102' Name='Entry' New state='Filled' Instrument='MES SEP26' Action='Sell' Limit price=0 Stop price=0 Quantity=12 Type='Market' Time in force=GTC Oco='' Filled=12 Fill price=7568.75 Error='No error' Native error='',
7/16/2026 1:52:35 PM,Execution,Execution='01a7c8dfa0994543abf58d6343c3623d' Instrument='MES SEP26' Account='Sim102' Exchange=Default Price=7568.75 Quantity=12 Market position=Short Operation=Operation_Add Order='9bd7b92ea882448bbc6e69513d6be890' Time='7/16/2026 1:52 PM',
7/16/2026 1:52:34 PM,Order,Order='9bd7b92ea882448bbc6e69513d6be890/Sim102' Name='Entry' New state='Accepted' Instrument='MES SEP26' Action='Sell' Limit price=0 Stop price=0 Quantity=12 Type='Market' Time in force=GTC Oco='' Filled=0 Fill price=0 Error='No error' Native error='',
7/16/2026 1:52:34 PM,Order,Order='9bd7b92ea882448bbc6e69513d6be890/Sim102' Name='Entry' New state='Working' Instrument='MES SEP26' Action='Sell' Limit price=0 Stop price=0 Quantity=12 Type='Market' Time in force=GTC Oco='' Filled=0 Fill price=0 Error='No error' Native error='',
7/16/2026 1:52:34 PM,Order,Order='9bd7b92ea882448bbc6e69513d6be890/Sim102' Name='Entry' New state='Submitted' Instrument='MES SEP26' Action='Sell' Limit price=0 Stop price=0 Quantity=12 Type='Market' Time in force=GTC Oco='' Filled=0 Fill price=0 Error='No error' Native error='',
7/16/2026 1:52:34 PM,Order,Chart Trader submitting order with strategy 'MES RMA 4SL 12Q - 2' (Ticks),
7/16/2026 1:52:34 PM,Order,Order='47e1cc69403d4987b85c0a794a2182b5/Sim101' Name='Target4' New state='Accepted' Instrument='MES SEP26' Action='Sell' Limit price=7573.25 Stop price=0 Quantity=1 Type='Limit' Time in force=GTC Oco='a7aad741adc7496485a1cd810fb41d23' Filled=0 Fill price=0 Error='No error' Native error='',
7/16/2026 1:52:34 PM,Order,Order='0a2daa56541048af969cd4e73f6c1ddb/Sim101' Name='Target3' New state='Accepted' Instrument='MES SEP26' Action='Sell' Limit price=7572.25 Stop price=0 Quantity=1 Type='Limit' Time in force=GTC Oco='3520fbf7d5ce46558589516962c48f8d' Filled=0 Fill price=0 Error='No error' Native error='',
7/16/2026 1:52:34 PM,Order,Order='dbf5ad77255d4751ba4327ae839446df/Sim101' Name='Stop4' New state='Accepted' Instrument='MES SEP26' Action='Sell' Limit price=0 Stop price=7565.25 Quantity=1 Type='Stop Market' Time in force=GTC Oco='a7aad741adc7496485a1cd810fb41d23' Filled=0 Fill price=0 Error='No error' Native error='',
7/16/2026 1:52:34 PM,Order,Order='47e1cc69403d4987b85c0a794a2182b5/Sim101' Name='Target4' New state='Working' Instrument='MES SEP26' Action='Sell' Limit price=7573.25 Stop price=0 Quantity=1 Type='Limit' Time in force=GTC Oco='a7aad741adc7496485a1cd810fb41d23' Filled=0 Fill price=0 Error='No error' Native error='',
7/16/2026 1:52:34 PM,Order,Order='0a2daa56541048af969cd4e73f6c1ddb/Sim101' Name='Target3' New state='Working' Instrument='MES SEP26' Action='Sell' Limit price=7572.25 Stop price=0 Quantity=1 Type='Limit' Time in force=GTC Oco='3520fbf7d5ce46558589516962c48f8d' Filled=0 Fill price=0 Error='No error' Native error='',
7/16/2026 1:52:34 PM,Order,Order='6f9c40b3739c4f8f816427f332c372e6/Sim101' Name='Stop3' New state='Accepted' Instrument='MES SEP26' Action='Sell' Limit price=0 Stop price=7565.25 Quantity=1 Type='Stop Market' Time in force=GTC Oco='3520fbf7d5ce46558589516962c48f8d' Filled=0 Fill price=0 Error='No error' Native error='',
7/16/2026 1:52:34 PM,Order,Order='805c55fc74d1414f894ee61934d8202a/Sim101' Name='Target2' New state='Accepted' Instrument='MES SEP26' Action='Sell' Limit price=7571.25 Stop price=0 Quantity=1 Type='Limit' Time in force=GTC Oco='4d144a3ce0ed43779a240bf29fa2458f' Filled=0 Fill price=0 Error='No error' Native error='',
7/16/2026 1:52:34 PM,Order,Order='805c55fc74d1414f894ee61934d8202a/Sim101' Name='Target2' New state='Working' Instrument='MES SEP26' Action='Sell' Limit price=7571.25 Stop price=0 Quantity=1 Type='Limit' Time in force=GTC Oco='4d144a3ce0ed43779a240bf29fa2458f' Filled=0 Fill price=0 Error='No error' Native error='',
7/16/2026 1:52:34 PM,Order,Order='5fb2a2386b4048d2ac7fa809e31e525d/Sim101' Name='Stop2' New state='Accepted' Instrument='MES SEP26' Action='Sell' Limit price=0 Stop price=7565.25 Quantity=1 Type='Stop Market' Time in force=GTC Oco='4d144a3ce0ed43779a240bf29fa2458f' Filled=0 Fill price=0 Error='No error' Native error='',
7/16/2026 1:52:34 PM,Order,Order='f8a1dc8ce8224d708c98bb45687b97b2/Sim101' Name='Target1' New state='Working' Instrument='MES SEP26' Action='Sell' Limit price=7570.25 Stop price=0 Quantity=9 Type='Limit' Time in force=GTC Oco='0bdebdbb8aa74da7ae7f09c47390c5d9' Filled=0 Fill price=0 Error='No error' Native error='',
7/16/2026 1:52:34 PM,Order,Order='edaadce9647e47e78a7031b5bd61c5d6/Sim101' Name='Stop1' New state='Accepted' Instrument='MES SEP26' Action='Sell' Limit price=0 Stop price=7565.25 Quantity=9 Type='Stop Market' Time in force=GTC Oco='0bdebdbb8aa74da7ae7f09c47390c5d9' Filled=0 Fill price=0 Error='No error' Native error='',
7/16/2026 1:52:34 PM,Order,Order='f8a1dc8ce8224d708c98bb45687b97b2/Sim101' Name='Target1' New state='Accepted' Instrument='MES SEP26' Action='Sell' Limit price=7570.25 Stop price=0 Quantity=9 Type='Limit' Time in force=GTC Oco='0bdebdbb8aa74da7ae7f09c47390c5d9' Filled=0 Fill price=0 Error='No error' Native error='',
7/16/2026 1:52:34 PM,Order,Order='47e1cc69403d4987b85c0a794a2182b5/Sim101' Name='Target4' New state='Submitted' Instrument='MES SEP26' Action='Sell' Limit price=7573.25 Stop price=0 Quantity=1 Type='Limit' Time in force=GTC Oco='a7aad741adc7496485a1cd810fb41d23' Filled=0 Fill price=0 Error='No error' Native error='',
7/16/2026 1:52:34 PM,Order,Order='dbf5ad77255d4751ba4327ae839446df/Sim101' Name='Stop4' New state='Submitted' Instrument='MES SEP26' Action='Sell' Limit price=0 Stop price=7565.25 Quantity=1 Type='Stop Market' Time in force=GTC Oco='a7aad741adc7496485a1cd810fb41d23' Filled=0 Fill price=0 Error='No error' Native error='',
7/16/2026 1:52:34 PM,Order,Order='0a2daa56541048af969cd4e73f6c1ddb/Sim101' Name='Target3' New state='Submitted' Instrument='MES SEP26' Action='Sell' Limit price=7572.25 Stop price=0 Quantity=1 Type='Limit' Time in force=GTC Oco='3520fbf7d5ce46558589516962c48f8d' Filled=0 Fill price=0 Error='No error' Native error='',
7/16/2026 1:52:34 PM,Order,Order='6f9c40b3739c4f8f816427f332c372e6/Sim101' Name='Stop3' New state='Submitted' Instrument='MES SEP26' Action='Sell' Limit price=0 Stop price=7565.25 Quantity=1 Type='Stop Market' Time in force=GTC Oco='3520fbf7d5ce46558589516962c48f8d' Filled=0 Fill price=0 Error='No error' Native error='',
7/16/2026 1:52:34 PM,Order,Order='805c55fc74d1414f894ee61934d8202a/Sim101' Name='Target2' New state='Submitted' Instrument='MES SEP26' Action='Sell' Limit price=7571.25 Stop price=0 Quantity=1 Type='Limit' Time in force=GTC Oco='4d144a3ce0ed43779a240bf29fa2458f' Filled=0 Fill price=0 Error='No error' Native error='',
7/16/2026 1:52:34 PM,Order,Order='5fb2a2386b4048d2ac7fa809e31e525d/Sim101' Name='Stop2' New state='Submitted' Instrument='MES SEP26' Action='Sell' Limit price=0 Stop price=7565.25 Quantity=1 Type='Stop Market' Time in force=GTC Oco='4d144a3ce0ed43779a240bf29fa2458f' Filled=0 Fill price=0 Error='No error' Native error='',
7/16/2026 1:52:34 PM,Order,Order='f8a1dc8ce8224d708c98bb45687b97b2/Sim101' Name='Target1' New state='Submitted' Instrument='MES SEP26' Action='Sell' Limit price=7570.25 Stop price=0 Quantity=9 Type='Limit' Time in force=GTC Oco='0bdebdbb8aa74da7ae7f09c47390c5d9' Filled=0 Fill price=0 Error='No error' Native error='',
7/16/2026 1:52:34 PM,Order,Order='edaadce9647e47e78a7031b5bd61c5d6/Sim101' Name='Stop1' New state='Submitted' Instrument='MES SEP26' Action='Sell' Limit price=0 Stop price=7565.25 Quantity=9 Type='Stop Market' Time in force=GTC Oco='0bdebdbb8aa74da7ae7f09c47390c5d9' Filled=0 Fill price=0 Error='No error' Native error='',
7/16/2026 1:52:34 PM,Position,Instrument='MES SEP26' Account='Sim101' Average price=7569.25 Quantity=12 Market position=Long Operation=Operation_Add,
7/16/2026 1:52:34 PM,Execution,Execution='2760da868d314fa99fd7a71bb8522e73' Instrument='MES SEP26' Account='Sim101' Exchange=Default Price=7569.25 Quantity=12 Market position=Long Operation=Operation_Add Order='3d66c805322b4d43bd352c58f849fd17' Time='7/16/2026 1:52 PM',
7/16/2026 1:52:34 PM,Order,Order='3d66c805322b4d43bd352c58f849fd17/Sim101' Name='Entry' New state='Filled' Instrument='MES SEP26' Action='Buy' Limit price=0 Stop price=0 Quantity=12 Type='Market' Time in force=GTC Oco='' Filled=12 Fill price=7569.25 Error='No error' Native error='',
7/16/2026 1:52:34 PM,Order,Order='3d66c805322b4d43bd352c58f849fd17/Sim101' Name='Entry' New state='Accepted' Instrument='MES SEP26' Action='Buy' Limit price=0 Stop price=0 Quantity=12 Type='Market' Time in force=GTC Oco='' Filled=0 Fill price=0 Error='No error' Native error='',
7/16/2026 1:52:34 PM,Order,Order='3d66c805322b4d43bd352c58f849fd17/Sim101' Name='Entry' New state='Working' Instrument='MES SEP26' Action='Buy' Limit price=0 Stop price=0 Quantity=12 Type='Market' Time in force=GTC Oco='' Filled=0 Fill price=0 Error='No error' Native error='',
7/16/2026 1:52:34 PM,Order,Order='3d66c805322b4d43bd352c58f849fd17/Sim101' Name='Entry' New state='Submitted' Instrument='MES SEP26' Action='Buy' Limit price=0 Stop price=0 Quantity=12 Type='Market' Time in force=GTC Oco='' Filled=0 Fill price=0 Error='No error' Native error='',
7/16/2026 1:52:33 PM,Order,Chart Trader submitting order with strategy 'MES RMA 4SL 12Q - 1' (Ticks),
7/16/2026 1:52:03 PM,Connection,Using HDS (hds-us-nt-016.ninjatrader.com/31655),
7/16/2026 1:52:03 PM,Connection,Time to auto close position='12:00:00 AM' Enabled=False,
7/16/2026 1:52:03 PM,Connection,My Rithmic for NinjaTrader Brokerage: Primary connection=Connected Price feed=Connected,
7/16/2026 1:51:49 PM,Default,Restoring workspace 'Testing'...,
7/16/2026 1:51:46 PM,Default,Auto close enabled=False,
7/16/2026 1:51:46 PM,Order,Order entry hot keys disabled,
7/16/2026 1:51:46 PM,Connection,My Rithmic for NinjaTrader Brokerage: Primary connection=Connecting Price feed=Connecting,
7/16/2026 1:51:46 PM,Default,Auto connecting 'My Rithmic for NinjaTrader Brokerage'...,
7/16/2026 1:51:46 PM,Connection,Using IS (is-us-nt-005.ninjatrader.com/31658),
7/16/2026 1:51:46 PM,Default,Automated trading disabled,
7/16/2026 1:51:41 PM,Default,Global simulation mode disabled,
7/16/2026 1:51:25 PM,Default,Session Break (Version 8.1.7.2),
7/16/2026 1:51:16 PM,Connection,My Rithmic for NinjaTrader Brokerage: Primary connection=Disconnected Price feed=Disconnected,
7/16/2026 1:51:16 PM,Connection,My Rithmic for NinjaTrader Brokerage: Primary connection=Disconnecting Price feed=Disconnecting,
7/16/2026 1:51:15 PM,Default,Workspace Testing saved,
7/16/2026 12:11:33 PM,Position,Instrument='MES SEP26' Account='Sim101' Average price=0 Quantity=0 Market position=Flat Operation=Remove,
7/16/2026 12:11:33 PM,Order,Order='e555b3c8a5514c6287779fb93c54cdfd/Sim101' Name='Close' New state='Filled' Instrument='MES SEP26' Action='Sell' Limit price=0 Stop price=0 Quantity=12 Type='Market' Time in force=DAY Oco='' Filled=12 Fill price=7566 Error='No error' Native error='',
7/16/2026 12:11:33 PM,Execution,Execution='e37513df53344c06bfebbd59e67b6a15' Instrument='MES SEP26' Account='Sim101' Exchange=Default Price=7566 Quantity=12 Market position=Short Operation=Operation_Add Order='e555b3c8a5514c6287779fb93c54cdfd' Time='7/16/2026 12:11 PM',
7/16/2026 12:11:33 PM,Order,Order='e555b3c8a5514c6287779fb93c54cdfd/Sim101' Name='Close' New state='Working' Instrument='MES SEP26' Action='Sell' Limit price=0 Stop price=0 Quantity=12 Type='Market' Time in force=DAY Oco='' Filled=0 Fill price=0 Error='No error' Native error='',
7/16/2026 12:11:33 PM,Order,Order='e555b3c8a5514c6287779fb93c54cdfd/Sim101' Name='Close' New state='Accepted' Instrument='MES SEP26' Action='Sell' Limit price=0 Stop price=0 Quantity=12 Type='Market' Time in force=DAY Oco='' Filled=0 Fill price=0 Error='No error' Native error='',
7/16/2026 12:11:33 PM,Order,Order='e555b3c8a5514c6287779fb93c54cdfd/Sim101' Name='Close' New state='Submitted' Instrument='MES SEP26' Action='Sell' Limit price=0 Stop price=0 Quantity=12 Type='Market' Time in force=DAY Oco='' Filled=0 Fill price=0 Error='No error' Native error='',
7/16/2026 12:11:33 PM,Order,Order='5b7931a5d82e480bb7f894250eb6d8ac/Sim101' Name='Target2' New state='Cancelled' Instrument='MES SEP26' Action='Sell' Limit price=7568.75 Stop price=0 Quantity=1 Type='Limit' Time in force=GTC Oco='0fb83a3ab26f48c1a1501298a721526c' Filled=0 Fill price=0 Error='No error' Native error='',
7/16/2026 12:11:33 PM,Order,Order='25dfb81450994a1183ac7b3b29736149/Sim101' Name='Stop3' New state='Cancelled' Instrument='MES SEP26' Action='Sell' Limit price=0 Stop price=7562.75 Quantity=1 Type='Stop Market' Time in force=GTC Oco='48b8d6041ab04e9da2e292b46ecddcb6' Filled=0 Fill price=0 Error='No error' Native error='',
7/16/2026 12:11:33 PM,Order,Order='035bc3a11a7742feb15faf5aad7997f6/Sim101' Name='Stop2' New state='Cancelled' Instrument='MES SEP26' Action='Sell' Limit price=0 Stop price=7562.75 Quantity=1 Type='Stop Market' Time in force=GTC Oco='0fb83a3ab26f48c1a1501298a721526c' Filled=0 Fill price=0 Error='No error' Native error='',
7/16/2026 12:11:33 PM,Order,Order='d38bdb2b9e5b47149024c99136093096/Sim101' Name='Stop4' New state='Cancelled' Instrument='MES SEP26' Action='Sell' Limit price=0 Stop price=7562.75 Quantity=1 Type='Stop Market' Time in force=GTC Oco='1103d82f72614ef9949ecca56bbf0518' Filled=0 Fill price=0 Error='No error' Native error='',
7/16/2026 12:11:33 PM,Order,Order='fa82cba2e2dc4094867cbc26ce5ea420/Sim101' Name='Stop1' New state='Cancelled' Instrument='MES SEP26' Action='Sell' Limit price=0 Stop price=7562.75 Quantity=9 Type='Stop Market' Time in force=GTC Oco='2b2f1842094247f181fddcce41d3a264' Filled=0 Fill price=0 Error='No error' Native error='',
7/16/2026 12:11:33 PM,Order,Order='7d6100bba2824fdeb71af014db963520/Sim101' Name='Target4' New state='Cancelled' Instrument='MES SEP26' Action='Sell' Limit price=7570.75 Stop price=0 Quantity=1 Type='Limit' Time in force=GTC Oco='1103d82f72614ef9949ecca56bbf0518' Filled=0 Fill price=0 Error='No error' Native error='',
7/16/2026 12:11:33 PM,Order,Order='63200eaa03c546e68e4da411264a5e39/Sim101' Name='Target3' New state='Cancelled' Instrument='MES SEP26' Action='Sell' Limit price=7569.75 Stop price=0 Quantity=1 Type='Limit' Time in force=GTC Oco='48b8d6041ab04e9da2e292b46ecddcb6' Filled=0 Fill price=0 Error='No error' Native error='',
7/16/2026 12:11:33 PM,Order,Order='ee52dd34e2194b6f82e180d65bbcff71/Sim101' Name='Target1' New state='Cancelled' Instrument='MES SEP26' Action='Sell' Limit price=7567.75 Stop price=0 Quantity=9 Type='Limit' Time in force=GTC Oco='2b2f1842094247f181fddcce41d3a264' Filled=0 Fill price=0 Error='No error' Native error='',
7/16/2026 12:11:33 PM,Order,Order='d38bdb2b9e5b47149024c99136093096/Sim101' Name='Stop4' New state='Cancel submitted' Instrument='MES SEP26' Action='Sell' Limit price=0 Stop price=7562.75 Quantity=1 Type='Stop Market' Time in force=GTC Oco='1103d82f72614ef9949ecca56bbf0518' Filled=0 Fill price=0 Error='No error' Native error='',
7/16/2026 12:11:33 PM,Order,Order='25dfb81450994a1183ac7b3b29736149/Sim101' Name='Stop3' New state='Cancel submitted' Instrument='MES SEP26' Action='Sell' Limit price=0 Stop price=7562.75 Quantity=1 Type='Stop Market' Time in force=GTC Oco='48b8d6041ab04e9da2e292b46ecddcb6' Filled=0 Fill price=0 Error='No error' Native error='',
7/16/2026 12:11:33 PM,Order,Order='035bc3a11a7742feb15faf5aad7997f6/Sim101' Name='Stop2' New state='Cancel submitted' Instrument='MES SEP26' Action='Sell' Limit price=0 Stop price=7562.75 Quantity=1 Type='Stop Market' Time in force=GTC Oco='0fb83a3ab26f48c1a1501298a721526c' Filled=0 Fill price=0 Error='No error' Native error='',
7/16/2026 12:11:33 PM,Order,Order='fa82cba2e2dc4094867cbc26ce5ea420/Sim101' Name='Stop1' New state='Cancel submitted' Instrument='MES SEP26' Action='Sell' Limit price=0 Stop price=7562.75 Quantity=9 Type='Stop Market' Time in force=GTC Oco='2b2f1842094247f181fddcce41d3a264' Filled=0 Fill price=0 Error='No error' Native error='',
7/16/2026 12:11:33 PM,Order,Order='7d6100bba2824fdeb71af014db963520/Sim101' Name='Target4' New state='Cancel submitted' Instrument='MES SEP26' Action='Sell' Limit price=7570.75 Stop price=0 Quantity=1 Type='Limit' Time in force=GTC Oco='1103d82f72614ef9949ecca56bbf0518' Filled=0 Fill price=0 Error='No error' Native error='',
7/16/2026 12:11:33 PM,Order,Order='63200eaa03c546e68e4da411264a5e39/Sim101' Name='Target3' New state='Cancel submitted' Instrument='MES SEP26' Action='Sell' Limit price=7569.75 Stop price=0 Quantity=1 Type='Limit' Time in force=GTC Oco='48b8d6041ab04e9da2e292b46ecddcb6' Filled=0 Fill price=0 Error='No error' Native error='',
7/16/2026 12:11:33 PM,Order,Order='5b7931a5d82e480bb7f894250eb6d8ac/Sim101' Name='Target2' New state='Cancel submitted' Instrument='MES SEP26' Action='Sell' Limit price=7568.75 Stop price=0 Quantity=1 Type='Limit' Time in force=GTC Oco='0fb83a3ab26f48c1a1501298a721526c' Filled=0 Fill price=0 Error='No error' Native error='',
7/16/2026 12:11:33 PM,Order,Order='ee52dd34e2194b6f82e180d65bbcff71/Sim101' Name='Target1' New state='Cancel submitted' Instrument='MES SEP26' Action='Sell' Limit price=7567.75 Stop price=0 Quantity=9 Type='Limit' Time in force=GTC Oco='2b2f1842094247f181fddcce41d3a264' Filled=0 Fill price=0 Error='No error' Native error='',
7/16/2026 12:11:33 PM,Default,Chart Trader close position,
7/16/2026 12:11:17 PM,Order,Order='7d6100bba2824fdeb71af014db963520/Sim101' Name='Target4' New state='Accepted' Instrument='MES SEP26' Action='Sell' Limit price=7570.75 Stop price=0 Quantity=1 Type='Limit' Time in force=GTC Oco='1103d82f72614ef9949ecca56bbf0518' Filled=0 Fill price=0 Error='No error' Native error='',
7/16/2026 12:11:17 PM,Order,Order='7d6100bba2824fdeb71af014db963520/Sim101' Name='Target4' New state='Working' Instrument='MES SEP26' Action='Sell' Limit price=7570.75 Stop price=0 Quantity=1 Type='Limit' Time in force=GTC Oco='1103d82f72614ef9949ecca56bbf0518' Filled=0 Fill price=0 Error='No error' Native error='',
7/16/2026 12:11:17 PM,Order,Order='63200eaa03c546e68e4da411264a5e39/Sim101' Name='Target3' New state='Accepted' Instrument='MES SEP26' Action='Sell' Limit price=7569.75 Stop price=0 Quantity=1 Type='Limit' Time in force=GTC Oco='48b8d6041ab04e9da2e292b46ecddcb6' Filled=0 Fill price=0 Error='No error' Native error='',
7/16/2026 12:11:17 PM,Order,Order='63200eaa03c546e68e4da411264a5e39/Sim101' Name='Target3' New state='Working' Instrument='MES SEP26' Action='Sell' Limit price=7569.75 Stop price=0 Quantity=1 Type='Limit' Time in force=GTC Oco='48b8d6041ab04e9da2e292b46ecddcb6' Filled=0 Fill price=0 Error='No error' Native error='',
7/16/2026 12:11:17 PM,Order,Order='d38bdb2b9e5b47149024c99136093096/Sim101' Name='Stop4' New state='Accepted' Instrument='MES SEP26' Action='Sell' Limit price=0 Stop price=7562.75 Quantity=1 Type='Stop Market' Time in force=GTC Oco='1103d82f72614ef9949ecca56bbf0518' Filled=0 Fill price=0 Error='No error' Native error='',
7/16/2026 12:11:17 PM,Order,Order='25dfb81450994a1183ac7b3b29736149/Sim101' Name='Stop3' New state='Accepted' Instrument='MES SEP26' Action='Sell' Limit price=0 Stop price=7562.75 Quantity=1 Type='Stop Market' Time in force=GTC Oco='48b8d6041ab04e9da2e292b46ecddcb6' Filled=0 Fill price=0 Error='No error' Native error='',
7/16/2026 12:11:17 PM,Order,Order='5b7931a5d82e480bb7f894250eb6d8ac/Sim101' Name='Target2' New state='Accepted' Instrument='MES SEP26' Action='Sell' Limit price=7568.75 Stop price=0 Quantity=1 Type='Limit' Time in force=GTC Oco='0fb83a3ab26f48c1a1501298a721526c' Filled=0 Fill price=0 Error='No error' Native error='',
7/16/2026 12:11:17 PM,Order,Order='5b7931a5d82e480bb7f894250eb6d8ac/Sim101' Name='Target2' New state='Working' Instrument='MES SEP26' Action='Sell' Limit price=7568.75 Stop price=0 Quantity=1 Type='Limit' Time in force=GTC Oco='0fb83a3ab26f48c1a1501298a721526c' Filled=0 Fill price=0 Error='No error' Native error='',
7/16/2026 12:11:17 PM,Order,Order='035bc3a11a7742feb15faf5aad7997f6/Sim101' Name='Stop2' New state='Accepted' Instrument='MES SEP26' Action='Sell' Limit price=0 Stop price=7562.75 Quantity=1 Type='Stop Market' Time in force=GTC Oco='0fb83a3ab26f48c1a1501298a721526c' Filled=0 Fill price=0 Error='No error' Native error='',
7/16/2026 12:11:17 PM,Order,Order='ee52dd34e2194b6f82e180d65bbcff71/Sim101' Name='Target1' New state='Working' Instrument='MES SEP26' Action='Sell' Limit price=7567.75 Stop price=0 Quantity=9 Type='Limit' Time in force=GTC Oco='2b2f1842094247f181fddcce41d3a264' Filled=0 Fill price=0 Error='No error' Native error='',
7/16/2026 12:11:17 PM,Order,Order='ee52dd34e2194b6f82e180d65bbcff71/Sim101' Name='Target1' New state='Accepted' Instrument='MES SEP26' Action='Sell' Limit price=7567.75 Stop price=0 Quantity=9 Type='Limit' Time in force=GTC Oco='2b2f1842094247f181fddcce41d3a264' Filled=0 Fill price=0 Error='No error' Native error='',
7/16/2026 12:11:17 PM,Order,Order='fa82cba2e2dc4094867cbc26ce5ea420/Sim101' Name='Stop1' New state='Accepted' Instrument='MES SEP26' Action='Sell' Limit price=0 Stop price=7562.75 Quantity=9 Type='Stop Market' Time in force=GTC Oco='2b2f1842094247f181fddcce41d3a264' Filled=0 Fill price=0 Error='No error' Native error='',
7/16/2026 12:11:17 PM,Order,Order='7d6100bba2824fdeb71af014db963520/Sim101' Name='Target4' New state='Submitted' Instrument='MES SEP26' Action='Sell' Limit price=7570.75 Stop price=0 Quantity=1 Type='Limit' Time in force=GTC Oco='1103d82f72614ef9949ecca56bbf0518' Filled=0 Fill price=0 Error='No error' Native error='',
7/16/2026 12:11:17 PM,Order,Order='d38bdb2b9e5b47149024c99136093096/Sim101' Name='Stop4' New state='Submitted' Instrument='MES SEP26' Action='Sell' Limit price=0 Stop price=7562.75 Quantity=1 Type='Stop Market' Time in force=GTC Oco='1103d82f72614ef9949ecca56bbf0518' Filled=0 Fill price=0 Error='No error' Native error='',
7/16/2026 12:11:17 PM,Order,Order='63200eaa03c546e68e4da411264a5e39/Sim101' Name='Target3' New state='Submitted' Instrument='MES SEP26' Action='Sell' Limit price=7569.75 Stop price=0 Quantity=1 Type='Limit' Time in force=GTC Oco='48b8d6041ab04e9da2e292b46ecddcb6' Filled=0 Fill price=0 Error='No error' Native error='',
7/16/2026 12:11:17 PM,Order,Order='25dfb81450994a1183ac7b3b29736149/Sim101' Name='Stop3' New state='Submitted' Instrument='MES SEP26' Action='Sell' Limit price=0 Stop price=7562.75 Quantity=1 Type='Stop Market' Time in force=GTC Oco='48b8d6041ab04e9da2e292b46ecddcb6' Filled=0 Fill price=0 Error='No error' Native error='',
7/16/2026 12:11:17 PM,Order,Order='5b7931a5d82e480bb7f894250eb6d8ac/Sim101' Name='Target2' New state='Submitted' Instrument='MES SEP26' Action='Sell' Limit price=7568.75 Stop price=0 Quantity=1 Type='Limit' Time in force=GTC Oco='0fb83a3ab26f48c1a1501298a721526c' Filled=0 Fill price=0 Error='No error' Native error='',
7/16/2026 12:11:17 PM,Order,Order='035bc3a11a7742feb15faf5aad7997f6/Sim101' Name='Stop2' New state='Submitted' Instrument='MES SEP26' Action='Sell' Limit price=0 Stop price=7562.75 Quantity=1 Type='Stop Market' Time in force=GTC Oco='0fb83a3ab26f48c1a1501298a721526c' Filled=0 Fill price=0 Error='No error' Native error='',
7/16/2026 12:11:17 PM,Order,Order='ee52dd34e2194b6f82e180d65bbcff71/Sim101' Name='Target1' New state='Submitted' Instrument='MES SEP26' Action='Sell' Limit price=7567.75 Stop price=0 Quantity=9 Type='Limit' Time in force=GTC Oco='2b2f1842094247f181fddcce41d3a264' Filled=0 Fill price=0 Error='No error' Native error='',
7/16/2026 12:11:17 PM,Order,Order='fa82cba2e2dc4094867cbc26ce5ea420/Sim101' Name='Stop1' New state='Submitted' Instrument='MES SEP26' Action='Sell' Limit price=0 Stop price=7562.75 Quantity=9 Type='Stop Market' Time in force=GTC Oco='2b2f1842094247f181fddcce41d3a264' Filled=0 Fill price=0 Error='No error' Native error='',
7/16/2026 12:11:17 PM,Order,Order='5b20a7aeeecf4e6fada995f6a34356a3/Sim101' Name='Entry' New state='Filled' Instrument='MES SEP26' Action='Buy' Limit price=0 Stop price=0 Quantity=12 Type='Market' Time in force=GTC Oco='' Filled=12 Fill price=7566.75 Error='No error' Native error='',
7/16/2026 12:11:17 PM,Execution,Execution='95c167b64bd24981ba18d9097441e245' Instrument='MES SEP26' Account='Sim101' Exchange=Default Price=7566.75 Quantity=12 Market position=Long Operation=Operation_Add Order='5b20a7aeeecf4e6fada995f6a34356a3' Time='7/16/2026 12:11 PM',
7/16/2026 12:11:17 PM,Position,Instrument='MES SEP26' Account='Sim101' Average price=7566.75 Quantity=12 Market position=Long Operation=Operation_Add,
7/16/2026 12:11:17 PM,Order,Order='5b20a7aeeecf4e6fada995f6a34356a3/Sim101' Name='Entry' New state='Accepted' Instrument='MES SEP26' Action='Buy' Limit price=0 Stop price=0 Quantity=12 Type='Market' Time in force=GTC Oco='' Filled=0 Fill price=0 Error='No error' Native error='',
7/16/2026 12:11:17 PM,Order,Order='5b20a7aeeecf4e6fada995f6a34356a3/Sim101' Name='Entry' New state='Working' Instrument='MES SEP26' Action='Buy' Limit price=0 Stop price=0 Quantity=12 Type='Market' Time in force=GTC Oco='' Filled=0 Fill price=0 Error='No error' Native error='',
7/16/2026 12:11:16 PM,Order,Order='5b20a7aeeecf4e6fada995f6a34356a3/Sim101' Name='Entry' New state='Submitted' Instrument='MES SEP26' Action='Buy' Limit price=0 Stop price=0 Quantity=12 Type='Market' Time in force=GTC Oco='' Filled=0 Fill price=0 Error='No error' Native error='',
7/16/2026 12:11:16 PM,Order,Chart Trader submitting order with strategy 'MES RMA 4SL 12Q - 1' (Ticks),
7/16/2026 12:11:10 PM,Position,Instrument='MES SEP26' Account='Sim101' Average price=0 Quantity=0 Market position=Flat Operation=Remove,
7/16/2026 12:11:10 PM,Order,Order='632b964d9d4a40758227a4c8796a03ba/Sim101' Name='Close' New state='Filled' Instrument='MES SEP26' Action='Sell' Limit price=0 Stop price=0 Quantity=12 Type='Market' Time in force=DAY Oco='' Filled=12 Fill price=7566 Error='No error' Native error='',
7/16/2026 12:11:10 PM,Execution,Execution='d062f5bfacfe4d37bd1707153571904d' Instrument='MES SEP26' Account='Sim101' Exchange=Default Price=7566 Quantity=12 Market position=Short Operation=Operation_Add Order='632b964d9d4a40758227a4c8796a03ba' Time='7/16/2026 12:11 PM',
7/16/2026 12:11:10 PM,Order,Order='632b964d9d4a40758227a4c8796a03ba/Sim101' Name='Close' New state='Accepted' Instrument='MES SEP26' Action='Sell' Limit price=0 Stop price=0 Quantity=12 Type='Market' Time in force=DAY Oco='' Filled=0 Fill price=0 Error='No error' Native error='',
7/16/2026 12:11:10 PM,Order,Order='632b964d9d4a40758227a4c8796a03ba/Sim101' Name='Close' New state='Working' Instrument='MES SEP26' Action='Sell' Limit price=0 Stop price=0 Quantity=12 Type='Market' Time in force=DAY Oco='' Filled=0 Fill price=0 Error='No error' Native error='',
7/16/2026 12:11:10 PM,Order,Order='632b964d9d4a40758227a4c8796a03ba/Sim101' Name='Close' New state='Submitted' Instrument='MES SEP26' Action='Sell' Limit price=0 Stop price=0 Quantity=12 Type='Market' Time in force=DAY Oco='' Filled=0 Fill price=0 Error='No error' Native error='',
7/16/2026 12:11:10 PM,Order,Order='2e0b2342c39c4f0c924b1ef82629edfb/Sim101' Name='Stop4' New state='Cancelled' Instrument='MES SEP26' Action='Sell' Limit price=0 Stop price=7563.25 Quantity=1 Type='Stop Market' Time in force=GTC Oco='27aeadda178942c999ac5166278ad317' Filled=0 Fill price=0 Error='No error' Native error='',
7/16/2026 12:11:10 PM,Order,Order='2392a96322ee4ce79efc58ddcfc53e29/Sim101' Name='Target4' New state='Cancelled' Instrument='MES SEP26' Action='Sell' Limit price=7571.25 Stop price=0 Quantity=1 Type='Limit' Time in force=GTC Oco='27aeadda178942c999ac5166278ad317' Filled=0 Fill price=0 Error='No error' Native error='',
7/16/2026 12:11:10 PM,Order,Order='468c366e837e4169a924cdc982611e0e/Sim101' Name='Target2' New state='Cancelled' Instrument='MES SEP26' Action='Sell' Limit price=7569.25 Stop price=0 Quantity=1 Type='Limit' Time in force=GTC Oco='ede7391598144829a7c7bf1ec7dc70c6' Filled=0 Fill price=0 Error='No error' Native error='',
7/16/2026 12:11:10 PM,Order,Order='cc87c26c9bf84824b0a33d8ee6e2d48f/Sim101' Name='Stop1' New state='Cancelled' Instrument='MES SEP26' Action='Sell' Limit price=0 Stop price=7563.25 Quantity=9 Type='Stop Market' Time in force=GTC Oco='f258fa5c02be4f90aa18b38ce795a37b' Filled=0 Fill price=0 Error='No error' Native error='',
7/16/2026 12:11:10 PM,Order,Order='588dd01aa3e04968b38ee7d428fe3d6c/Sim101' Name='Stop2' New state='Cancelled' Instrument='MES SEP26' Action='Sell' Limit price=0 Stop price=7563.25 Quantity=1 Type='Stop Market' Time in force=GTC Oco='ede7391598144829a7c7bf1ec7dc70c6' Filled=0 Fill price=0 Error='No error' Native error='',
7/16/2026 12:11:10 PM,Order,Order='c8c7b039982243a6b953ca81b8823c5e/Sim101' Name='Stop3' New state='Cancelled' Instrument='MES SEP26' Action='Sell' Limit price=0 Stop price=7563.25 Quantity=1 Type='Stop Market' Time in force=GTC Oco='8986f8e073b24617a606704d70b98c2a' Filled=0 Fill price=0 Error='No error' Native error='',
7/16/2026 12:11:10 PM,Order,Order='c72a1dc2c41540378a3c7dfd2e73c4a9/Sim101' Name='Target3' New state='Cancelled' Instrument='MES SEP26' Action='Sell' Limit price=7570.25 Stop price=0 Quantity=1 Type='Limit' Time in force=GTC Oco='8986f8e073b24617a606704d70b98c2a' Filled=0 Fill price=0 Error='No error' Native error='',
7/16/2026 12:11:10 PM,Order,Order='9560e280efa540c0a870a6ce8abd41dd/Sim101' Name='Target1' New state='Cancelled' Instrument='MES SEP26' Action='Sell' Limit price=7568.25 Stop price=0 Quantity=9 Type='Limit' Time in force=GTC Oco='f258fa5c02be4f90aa18b38ce795a37b' Filled=0 Fill price=0 Error='No error' Native error='',
7/16/2026 12:11:09 PM,Order,Order='2e0b2342c39c4f0c924b1ef82629edfb/Sim101' Name='Stop4' New state='Cancel submitted' Instrument='MES SEP26' Action='Sell' Limit price=0 Stop price=7563.25 Quantity=1 Type='Stop Market' Time in force=GTC Oco='27aeadda178942c999ac5166278ad317' Filled=0 Fill price=0 Error='No error' Native error='',
7/16/2026 12:11:09 PM,Order,Order='c8c7b039982243a6b953ca81b8823c5e/Sim101' Name='Stop3' New state='Cancel submitted' Instrument='MES SEP26' Action='Sell' Limit price=0 Stop price=7563.25 Quantity=1 Type='Stop Market' Time in force=GTC Oco='8986f8e073b24617a606704d70b98c2a' Filled=0 Fill price=0 Error='No error' Native error='',
7/16/2026 12:11:09 PM,Order,Order='588dd01aa3e04968b38ee7d428fe3d6c/Sim101' Name='Stop2' New state='Cancel submitted' Instrument='MES SEP26' Action='Sell' Limit price=0 Stop price=7563.25 Quantity=1 Type='Stop Market' Time in force=GTC Oco='ede7391598144829a7c7bf1ec7dc70c6' Filled=0 Fill price=0 Error='No error' Native error='',
7/16/2026 12:11:09 PM,Order,Order='cc87c26c9bf84824b0a33d8ee6e2d48f/Sim101' Name='Stop1' New state='Cancel submitted' Instrument='MES SEP26' Action='Sell' Limit price=0 Stop price=7563.25 Quantity=9 Type='Stop Market' Time in force=GTC Oco='f258fa5c02be4f90aa18b38ce795a37b' Filled=0 Fill price=0 Error='No error' Native error='',
7/16/2026 12:11:09 PM,Order,Order='2392a96322ee4ce79efc58ddcfc53e29/Sim101' Name='Target4' New state='Cancel submitted' Instrument='MES SEP26' Action='Sell' Limit price=7571.25 Stop price=0 Quantity=1 Type='Limit' Time in force=GTC Oco='27aeadda178942c999ac5166278ad317' Filled=0 Fill price=0 Error='No error' Native error='',
7/16/2026 12:11:09 PM,Order,Order='c72a1dc2c41540378a3c7dfd2e73c4a9/Sim101' Name='Target3' New state='Cancel submitted' Instrument='MES SEP26' Action='Sell' Limit price=7570.25 Stop price=0 Quantity=1 Type='Limit' Time in force=GTC Oco='8986f8e073b24617a606704d70b98c2a' Filled=0 Fill price=0 Error='No error' Native error='',
7/16/2026 12:11:09 PM,Order,Order='468c366e837e4169a924cdc982611e0e/Sim101' Name='Target2' New state='Cancel submitted' Instrument='MES SEP26' Action='Sell' Limit price=7569.25 Stop price=0 Quantity=1 Type='Limit' Time in force=GTC Oco='ede7391598144829a7c7bf1ec7dc70c6' Filled=0 Fill price=0 Error='No error' Native error='',
7/16/2026 12:11:09 PM,Order,Order='9560e280efa540c0a870a6ce8abd41dd/Sim101' Name='Target1' New state='Cancel submitted' Instrument='MES SEP26' Action='Sell' Limit price=7568.25 Stop price=0 Quantity=9 Type='Limit' Time in force=GTC Oco='f258fa5c02be4f90aa18b38ce795a37b' Filled=0 Fill price=0 Error='No error' Native error='',
7/16/2026 12:11:09 PM,Default,Chart Trader close position,
7/16/2026 12:09:49 PM,Order,Order='2392a96322ee4ce79efc58ddcfc53e29/Sim101' Name='Target4' New state='Accepted' Instrument='MES SEP26' Action='Sell' Limit price=7571.25 Stop price=0 Quantity=1 Type='Limit' Time in force=GTC Oco='27aeadda178942c999ac5166278ad317' Filled=0 Fill price=0 Error='No error' Native error='',
7/16/2026 12:09:49 PM,Order,Order='2392a96322ee4ce79efc58ddcfc53e29/Sim101' Name='Target4' New state='Working' Instrument='MES SEP26' Action='Sell' Limit price=7571.25 Stop price=0 Quantity=1 Type='Limit' Time in force=GTC Oco='27aeadda178942c999ac5166278ad317' Filled=0 Fill price=0 Error='No error' Native error='',
7/16/2026 12:09:49 PM,Order,Order='c72a1dc2c41540378a3c7dfd2e73c4a9/Sim101' Name='Target3' New state='Working' Instrument='MES SEP26' Action='Sell' Limit price=7570.25 Stop price=0 Quantity=1 Type='Limit' Time in force=GTC Oco='8986f8e073b24617a606704d70b98c2a' Filled=0 Fill price=0 Error='No error' Native error='',
7/16/2026 12:09:49 PM,Order,Order='2e0b2342c39c4f0c924b1ef82629edfb/Sim101' Name='Stop4' New state='Accepted' Instrument='MES SEP26' Action='Sell' Limit price=0 Stop price=7563.25 Quantity=1 Type='Stop Market' Time in force=GTC Oco='27aeadda178942c999ac5166278ad317' Filled=0 Fill price=0 Error='No error' Native error='',
