Time,Category,Message,
7/27/2026 10:31:46 PM,Position,Instrument='MES SEP26' Account='Sim102' Average price=0 Quantity=0 Market position=Flat Operation=Remove,
7/27/2026 10:31:46 PM,Execution,Execution='39c7f850827d4f3abb5360d31f399e6d' Instrument='MES SEP26' Account='Sim102' Exchange=Default Price=7421.5 Quantity=7 Market position=Long Operation=Operation_Add Order='c52ddc38ba17418b92045a6705326bde' Time='7/27/2026 10:31 PM',
7/27/2026 10:31:46 PM,Order,Order='c52ddc38ba17418b92045a6705326bde/Sim102' Name='Close' New state='Filled' Instrument='MES SEP26' Action='Buy to cover' Limit price=0 Stop price=0 Quantity=7 Type='Market' Time in force=DAY Oco='' Filled=7 Fill price=7421.5 Error='No error' Native error='',
7/27/2026 10:31:46 PM,Order,Order='c52ddc38ba17418b92045a6705326bde/Sim102' Name='Close' New state='Working' Instrument='MES SEP26' Action='Buy to cover' Limit price=0 Stop price=0 Quantity=7 Type='Market' Time in force=DAY Oco='' Filled=0 Fill price=0 Error='No error' Native error='',
7/27/2026 10:31:46 PM,Order,Order='c52ddc38ba17418b92045a6705326bde/Sim102' Name='Close' New state='Accepted' Instrument='MES SEP26' Action='Buy to cover' Limit price=0 Stop price=0 Quantity=7 Type='Market' Time in force=DAY Oco='' Filled=0 Fill price=0 Error='No error' Native error='',
7/27/2026 10:31:46 PM,Order,Order='c52ddc38ba17418b92045a6705326bde/Sim102' Name='Close' New state='Submitted' Instrument='MES SEP26' Action='Buy to cover' Limit price=0 Stop price=0 Quantity=7 Type='Market' Time in force=DAY Oco='' Filled=0 Fill price=0 Error='No error' Native error='',
7/27/2026 10:31:46 PM,Default,Chart Trader close position,
7/27/2026 10:31:43 PM,Position,Instrument='MES SEP26' Account='Sim101' Average price=0 Quantity=0 Market position=Flat Operation=Remove,
7/27/2026 10:31:43 PM,Order,Order='05dd40fe7dd447a7b459ecd8c7f89d16/Sim101' Name='Target2' New state='Cancelled' Instrument='MES SEP26' Action='Sell' Limit price=7430 Stop price=0 Quantity=7 Type='Limit' Time in force=GTC Oco='5c503a9b3f9c4fe89086ec76fb1c55e9' Filled=0 Fill price=0 Error='No error' Native error='',
7/27/2026 10:31:43 PM,Execution,Execution='ebed8a6987344a2992efecdcc3039338' Instrument='MES SEP26' Account='Sim101' Exchange=Default Price=7421 Quantity=7 Market position=Short Operation=Operation_Add Order='96028bd7bae046ecb468462759afd5e4' Time='7/27/2026 10:31 PM',
7/27/2026 10:31:43 PM,Order,Order='05dd40fe7dd447a7b459ecd8c7f89d16/Sim101' Name='Target2' New state='Cancel submitted' Instrument='MES SEP26' Action='Sell' Limit price=7430 Stop price=0 Quantity=7 Type='Limit' Time in force=GTC Oco='5c503a9b3f9c4fe89086ec76fb1c55e9' Filled=0 Fill price=0 Error='No error' Native error='',
7/27/2026 10:31:43 PM,Order,Order='96028bd7bae046ecb468462759afd5e4/Sim101' Name='Stop2' New state='Filled' Instrument='MES SEP26' Action='Sell' Limit price=0 Stop price=7421 Quantity=7 Type='Stop Market' Time in force=GTC Oco='5c503a9b3f9c4fe89086ec76fb1c55e9' Filled=7 Fill price=7421 Error='No error' Native error='',
7/27/2026 10:31:43 PM,Position,Instrument='MES SEP26' Account='Sim101' Average price=7427 Quantity=7 Market position=Long Operation=Update,
7/27/2026 10:31:43 PM,Order,Order='a4d6e74e7b51482fa1580fb7cca458e9/Sim101' Name='Target1' New state='Cancelled' Instrument='MES SEP26' Action='Sell' Limit price=7429.5 Stop price=0 Quantity=6 Type='Limit' Time in force=GTC Oco='c1e5e1708c65444b83407247246c14dd' Filled=0 Fill price=0 Error='No error' Native error='',
7/27/2026 10:31:43 PM,Execution,Execution='87397c65ec114bfaa7b8f6be3cbf13cf' Instrument='MES SEP26' Account='Sim101' Exchange=Default Price=7421 Quantity=6 Market position=Short Operation=Operation_Add Order='a88921f9c93d40de935514a83930d958' Time='7/27/2026 10:31 PM',
7/27/2026 10:31:43 PM,Order,Order='a4d6e74e7b51482fa1580fb7cca458e9/Sim101' Name='Target1' New state='Cancel submitted' Instrument='MES SEP26' Action='Sell' Limit price=7429.5 Stop price=0 Quantity=6 Type='Limit' Time in force=GTC Oco='c1e5e1708c65444b83407247246c14dd' Filled=0 Fill price=0 Error='No error' Native error='',
7/27/2026 10:31:43 PM,Order,Order='a88921f9c93d40de935514a83930d958/Sim101' Name='Stop1' New state='Filled' Instrument='MES SEP26' Action='Sell' Limit price=0 Stop price=7421 Quantity=6 Type='Stop Market' Time in force=GTC Oco='c1e5e1708c65444b83407247246c14dd' Filled=6 Fill price=7421 Error='No error' Native error='',
7/27/2026 10:31:43 PM,Order,Order='96028bd7bae046ecb468462759afd5e4/Sim101' Name='Stop2' New state='Working' Instrument='MES SEP26' Action='Sell' Limit price=0 Stop price=7421 Quantity=7 Type='Stop Market' Time in force=GTC Oco='5c503a9b3f9c4fe89086ec76fb1c55e9' Filled=0 Fill price=0 Error='No error' Native error='',
7/27/2026 10:31:43 PM,Order,Order='a88921f9c93d40de935514a83930d958/Sim101' Name='Stop1' New state='Working' Instrument='MES SEP26' Action='Sell' Limit price=0 Stop price=7421 Quantity=6 Type='Stop Market' Time in force=GTC Oco='c1e5e1708c65444b83407247246c14dd' Filled=0 Fill price=0 Error='No error' Native error='',
7/27/2026 10:26:15 PM,Position,Instrument='MES SEP26' Account='Sim102' Average price=7426.5 Quantity=7 Market position=Short Operation=Update,
7/27/2026 10:26:14 PM,Order,Order='938eb0279b4043379b9dd7ceda77d97e/Sim102' Name='PTT-BE-Stop' New state='Cancelled' Instrument='MES SEP26' Action='Buy to cover' Limit price=0 Stop price=7426.5 Quantity=13 Type='Stop Market' Time in force=DAY Oco='PTT-BE-Sim1-5271' Filled=0 Fill price=0 Error='No error' Native error='',
7/27/2026 10:26:14 PM,Order,Order='613642f0f5ab4dfb885b60253e6e8af5/Sim102' Name='PTT-BE-Target-2' New state='Cancelled' Instrument='MES SEP26' Action='Buy to cover' Limit price=7423.5 Stop price=0 Quantity=7 Type='Limit' Time in force=GTC Oco='PTT-BE-Sim1-5271' Filled=0 Fill price=0 Error='No error' Native error='',
7/27/2026 10:26:14 PM,Execution,Execution='4af4d0c284e149af8e8142b3860d0cba' Instrument='MES SEP26' Account='Sim102' Exchange=Default Price=7424 Quantity=6 Market position=Long Operation=Operation_Add Order='22f6dae69e2d4bb1989e30805efefb6d' Time='7/27/2026 10:26 PM',
7/27/2026 10:26:14 PM,Order,Order='938eb0279b4043379b9dd7ceda77d97e/Sim102' Name='PTT-BE-Stop' New state='Cancel submitted' Instrument='MES SEP26' Action='Buy to cover' Limit price=0 Stop price=7426.5 Quantity=13 Type='Stop Market' Time in force=DAY Oco='PTT-BE-Sim1-5271' Filled=0 Fill price=0 Error='No error' Native error='',
7/27/2026 10:26:14 PM,Order,Order='613642f0f5ab4dfb885b60253e6e8af5/Sim102' Name='PTT-BE-Target-2' New state='Cancel submitted' Instrument='MES SEP26' Action='Buy to cover' Limit price=7423.5 Stop price=0 Quantity=7 Type='Limit' Time in force=GTC Oco='PTT-BE-Sim1-5271' Filled=0 Fill price=0 Error='No error' Native error='',
7/27/2026 10:26:14 PM,Order,Order='22f6dae69e2d4bb1989e30805efefb6d/Sim102' Name='PTT-BE-Target-1' New state='Filled' Instrument='MES SEP26' Action='Buy to cover' Limit price=7424 Stop price=0 Quantity=6 Type='Limit' Time in force=GTC Oco='PTT-BE-Sim1-5271' Filled=6 Fill price=7424 Error='No error' Native error='',
7/27/2026 10:25:01 PM,Order,Order='613642f0f5ab4dfb885b60253e6e8af5/Sim102' Name='PTT-BE-Target-2' New state='Working' Instrument='MES SEP26' Action='Buy to cover' Limit price=7423.5 Stop price=0 Quantity=7 Type='Limit' Time in force=GTC Oco='PTT-BE-Sim1-5271' Filled=0 Fill price=0 Error='No error' Native error='',
7/27/2026 10:25:01 PM,Order,Order='613642f0f5ab4dfb885b60253e6e8af5/Sim102' Name='PTT-BE-Target-2' New state='Accepted' Instrument='MES SEP26' Action='Buy to cover' Limit price=7423.5 Stop price=0 Quantity=7 Type='Limit' Time in force=GTC Oco='PTT-BE-Sim1-5271' Filled=0 Fill price=0 Error='No error' Native error='',
7/27/2026 10:25:01 PM,Order,Order='6bb2a9b35af44db88512cc374ebbcdc9/Sim102' Name='Stop2' New state='Cancelled' Instrument='MES SEP26' Action='Buy to cover' Limit price=0 Stop price=7432.5 Quantity=7 Type='Stop Market' Time in force=GTC Oco='481f58a2d2b94a28b6b9dd4b9231ae48' Filled=0 Fill price=0 Error='No error' Native error='',
7/27/2026 10:25:01 PM,Order,Order='400adfee689b4923b497ae3f4c898cd4/Sim102' Name='Stop1' New state='Cancelled' Instrument='MES SEP26' Action='Buy to cover' Limit price=0 Stop price=7432.5 Quantity=6 Type='Stop Market' Time in force=GTC Oco='e27b5845f0f84acfb7f1e43b8d1466d6' Filled=0 Fill price=0 Error='No error' Native error='',
7/27/2026 10:25:01 PM,Order,Order='574ece6aa6ca468f804e89ed05d6458b/Sim102' Name='Target2' New state='Cancelled' Instrument='MES SEP26' Action='Buy to cover' Limit price=7423.5 Stop price=0 Quantity=7 Type='Limit' Time in force=GTC Oco='481f58a2d2b94a28b6b9dd4b9231ae48' Filled=0 Fill price=0 Error='No error' Native error='',
7/27/2026 10:25:01 PM,Order,Order='22f6dae69e2d4bb1989e30805efefb6d/Sim102' Name='PTT-BE-Target-1' New state='Working' Instrument='MES SEP26' Action='Buy to cover' Limit price=7424 Stop price=0 Quantity=6 Type='Limit' Time in force=GTC Oco='PTT-BE-Sim1-5271' Filled=0 Fill price=0 Error='No error' Native error='',
7/27/2026 10:25:01 PM,Order,Order='22f6dae69e2d4bb1989e30805efefb6d/Sim102' Name='PTT-BE-Target-1' New state='Accepted' Instrument='MES SEP26' Action='Buy to cover' Limit price=7424 Stop price=0 Quantity=6 Type='Limit' Time in force=GTC Oco='PTT-BE-Sim1-5271' Filled=0 Fill price=0 Error='No error' Native error='',
7/27/2026 10:25:01 PM,Order,Order='d68632a198724ceb85b021351fc45592/Sim102' Name='Target1' New state='Cancelled' Instrument='MES SEP26' Action='Buy to cover' Limit price=7424 Stop price=0 Quantity=6 Type='Limit' Time in force=GTC Oco='e27b5845f0f84acfb7f1e43b8d1466d6' Filled=0 Fill price=0 Error='No error' Native error='',
7/27/2026 10:25:01 PM,Order,Order='613642f0f5ab4dfb885b60253e6e8af5/Sim102' Name='PTT-BE-Target-2' New state='Submitted' Instrument='MES SEP26' Action='Buy to cover' Limit price=7423.5 Stop price=0 Quantity=7 Type='Limit' Time in force=GTC Oco='PTT-BE-Sim1-5271' Filled=0 Fill price=0 Error='No error' Native error='',
7/27/2026 10:25:01 PM,Order,Order='938eb0279b4043379b9dd7ceda77d97e/Sim102' Name='PTT-BE-Stop' New state='Accepted' Instrument='MES SEP26' Action='Buy to cover' Limit price=0 Stop price=7426.5 Quantity=13 Type='Stop Market' Time in force=DAY Oco='PTT-BE-Sim1-5271' Filled=0 Fill price=0 Error='No error' Native error='',
7/27/2026 10:25:01 PM,Order,Order='22f6dae69e2d4bb1989e30805efefb6d/Sim102' Name='PTT-BE-Target-1' New state='Submitted' Instrument='MES SEP26' Action='Buy to cover' Limit price=7424 Stop price=0 Quantity=6 Type='Limit' Time in force=GTC Oco='PTT-BE-Sim1-5271' Filled=0 Fill price=0 Error='No error' Native error='',
7/27/2026 10:25:01 PM,Order,Order='938eb0279b4043379b9dd7ceda77d97e/Sim102' Name='PTT-BE-Stop' New state='Submitted' Instrument='MES SEP26' Action='Buy to cover' Limit price=0 Stop price=7426.5 Quantity=13 Type='Stop Market' Time in force=DAY Oco='PTT-BE-Sim1-5271' Filled=0 Fill price=0 Error='No error' Native error='',
7/27/2026 10:25:01 PM,Order,Order='400adfee689b4923b497ae3f4c898cd4/Sim102' Name='Stop1' New state='Cancel submitted' Instrument='MES SEP26' Action='Buy to cover' Limit price=0 Stop price=7432.5 Quantity=6 Type='Stop Market' Time in force=GTC Oco='e27b5845f0f84acfb7f1e43b8d1466d6' Filled=0 Fill price=0 Error='No error' Native error='',
7/27/2026 10:25:01 PM,Order,Order='6bb2a9b35af44db88512cc374ebbcdc9/Sim102' Name='Stop2' New state='Cancel submitted' Instrument='MES SEP26' Action='Buy to cover' Limit price=0 Stop price=7432.5 Quantity=7 Type='Stop Market' Time in force=GTC Oco='481f58a2d2b94a28b6b9dd4b9231ae48' Filled=0 Fill price=0 Error='No error' Native error='',
7/27/2026 10:25:01 PM,Order,Order='574ece6aa6ca468f804e89ed05d6458b/Sim102' Name='Target2' New state='Cancel submitted' Instrument='MES SEP26' Action='Buy to cover' Limit price=7423.5 Stop price=0 Quantity=7 Type='Limit' Time in force=GTC Oco='481f58a2d2b94a28b6b9dd4b9231ae48' Filled=0 Fill price=0 Error='No error' Native error='',
7/27/2026 10:25:01 PM,Order,Order='d68632a198724ceb85b021351fc45592/Sim102' Name='Target1' New state='Cancel submitted' Instrument='MES SEP26' Action='Buy to cover' Limit price=7424 Stop price=0 Quantity=6 Type='Limit' Time in force=GTC Oco='e27b5845f0f84acfb7f1e43b8d1466d6' Filled=0 Fill price=0 Error='No error' Native error='',
7/27/2026 10:24:41 PM,Order,Order='574ece6aa6ca468f804e89ed05d6458b/Sim102' Name='Target2' New state='Working' Instrument='MES SEP26' Action='Buy to cover' Limit price=7423.5 Stop price=0 Quantity=7 Type='Limit' Time in force=GTC Oco='481f58a2d2b94a28b6b9dd4b9231ae48' Filled=0 Fill price=0 Error='No error' Native error='',
7/27/2026 10:24:41 PM,Order,Order='574ece6aa6ca468f804e89ed05d6458b/Sim102' Name='Target2' New state='Accepted' Instrument='MES SEP26' Action='Buy to cover' Limit price=7423.5 Stop price=0 Quantity=7 Type='Limit' Time in force=GTC Oco='481f58a2d2b94a28b6b9dd4b9231ae48' Filled=0 Fill price=0 Error='No error' Native error='',
7/27/2026 10:24:41 PM,Order,Order='6bb2a9b35af44db88512cc374ebbcdc9/Sim102' Name='Stop2' New state='Accepted' Instrument='MES SEP26' Action='Buy to cover' Limit price=0 Stop price=7432.5 Quantity=7 Type='Stop Market' Time in force=GTC Oco='481f58a2d2b94a28b6b9dd4b9231ae48' Filled=0 Fill price=0 Error='No error' Native error='',
7/27/2026 10:24:41 PM,Order,Order='d68632a198724ceb85b021351fc45592/Sim102' Name='Target1' New state='Working' Instrument='MES SEP26' Action='Buy to cover' Limit price=7424 Stop price=0 Quantity=6 Type='Limit' Time in force=GTC Oco='e27b5845f0f84acfb7f1e43b8d1466d6' Filled=0 Fill price=0 Error='No error' Native error='',
7/27/2026 10:24:41 PM,Order,Order='d68632a198724ceb85b021351fc45592/Sim102' Name='Target1' New state='Accepted' Instrument='MES SEP26' Action='Buy to cover' Limit price=7424 Stop price=0 Quantity=6 Type='Limit' Time in force=GTC Oco='e27b5845f0f84acfb7f1e43b8d1466d6' Filled=0 Fill price=0 Error='No error' Native error='',
7/27/2026 10:24:41 PM,Order,Order='400adfee689b4923b497ae3f4c898cd4/Sim102' Name='Stop1' New state='Accepted' Instrument='MES SEP26' Action='Buy to cover' Limit price=0 Stop price=7432.5 Quantity=6 Type='Stop Market' Time in force=GTC Oco='e27b5845f0f84acfb7f1e43b8d1466d6' Filled=0 Fill price=0 Error='No error' Native error='',
7/27/2026 10:24:41 PM,Order,Order='574ece6aa6ca468f804e89ed05d6458b/Sim102' Name='Target2' New state='Submitted' Instrument='MES SEP26' Action='Buy to cover' Limit price=7423.5 Stop price=0 Quantity=7 Type='Limit' Time in force=GTC Oco='481f58a2d2b94a28b6b9dd4b9231ae48' Filled=0 Fill price=0 Error='No error' Native error='',
7/27/2026 10:24:41 PM,Order,Order='6bb2a9b35af44db88512cc374ebbcdc9/Sim102' Name='Stop2' New state='Submitted' Instrument='MES SEP26' Action='Buy to cover' Limit price=0 Stop price=7432.5 Quantity=7 Type='Stop Market' Time in force=GTC Oco='481f58a2d2b94a28b6b9dd4b9231ae48' Filled=0 Fill price=0 Error='No error' Native error='',
7/27/2026 10:24:41 PM,Order,Order='d68632a198724ceb85b021351fc45592/Sim102' Name='Target1' New state='Submitted' Instrument='MES SEP26' Action='Buy to cover' Limit price=7424 Stop price=0 Quantity=6 Type='Limit' Time in force=GTC Oco='e27b5845f0f84acfb7f1e43b8d1466d6' Filled=0 Fill price=0 Error='No error' Native error='',
7/27/2026 10:24:41 PM,Order,Order='400adfee689b4923b497ae3f4c898cd4/Sim102' Name='Stop1' New state='Submitted' Instrument='MES SEP26' Action='Buy to cover' Limit price=0 Stop price=7432.5 Quantity=6 Type='Stop Market' Time in force=GTC Oco='e27b5845f0f84acfb7f1e43b8d1466d6' Filled=0 Fill price=0 Error='No error' Native error='',
7/27/2026 10:24:41 PM,Position,Instrument='MES SEP26' Account='Sim102' Average price=7426.5 Quantity=13 Market position=Short Operation=Operation_Add,
7/27/2026 10:24:41 PM,Execution,Execution='0d18d4bf0e3f4a9687f8fc3b7eb216ff' Instrument='MES SEP26' Account='Sim102' Exchange=Default Price=7426.5 Quantity=13 Market position=Short Operation=Operation_Add Order='67e2ce9817d447bf96267850b2b52c78' Time='7/27/2026 10:24 PM',
7/27/2026 10:24:41 PM,Order,Order='67e2ce9817d447bf96267850b2b52c78/Sim102' Name='Entry' New state='Filled' Instrument='MES SEP26' Action='Sell' Limit price=0 Stop price=0 Quantity=13 Type='Market' Time in force=GTC Oco='' Filled=13 Fill price=7426.5 Error='No error' Native error='',
7/27/2026 10:24:41 PM,Order,Order='67e2ce9817d447bf96267850b2b52c78/Sim102' Name='Entry' New state='Working' Instrument='MES SEP26' Action='Sell' Limit price=0 Stop price=0 Quantity=13 Type='Market' Time in force=GTC Oco='' Filled=0 Fill price=0 Error='No error' Native error='',
7/27/2026 10:24:41 PM,Order,Order='67e2ce9817d447bf96267850b2b52c78/Sim102' Name='Entry' New state='Accepted' Instrument='MES SEP26' Action='Sell' Limit price=0 Stop price=0 Quantity=13 Type='Market' Time in force=GTC Oco='' Filled=0 Fill price=0 Error='No error' Native error='',
7/27/2026 10:24:40 PM,Order,Order='67e2ce9817d447bf96267850b2b52c78/Sim102' Name='Entry' New state='Submitted' Instrument='MES SEP26' Action='Sell' Limit price=0 Stop price=0 Quantity=13 Type='Market' Time in force=GTC Oco='' Filled=0 Fill price=0 Error='No error' Native error='',
7/27/2026 10:24:40 PM,Order,Chart Trader submitting order with strategy 'MES MIN SL6 - 2' (Ticks),
7/27/2026 10:24:40 PM,Order,Order='05dd40fe7dd447a7b459ecd8c7f89d16/Sim101' Name='Target2' New state='Working' Instrument='MES SEP26' Action='Sell' Limit price=7430 Stop price=0 Quantity=7 Type='Limit' Time in force=GTC Oco='5c503a9b3f9c4fe89086ec76fb1c55e9' Filled=0 Fill price=0 Error='No error' Native error='',
7/27/2026 10:24:40 PM,Order,Order='05dd40fe7dd447a7b459ecd8c7f89d16/Sim101' Name='Target2' New state='Accepted' Instrument='MES SEP26' Action='Sell' Limit price=7430 Stop price=0 Quantity=7 Type='Limit' Time in force=GTC Oco='5c503a9b3f9c4fe89086ec76fb1c55e9' Filled=0 Fill price=0 Error='No error' Native error='',
7/27/2026 10:24:40 PM,Order,Order='a4d6e74e7b51482fa1580fb7cca458e9/Sim101' Name='Target1' New state='Working' Instrument='MES SEP26' Action='Sell' Limit price=7429.5 Stop price=0 Quantity=6 Type='Limit' Time in force=GTC Oco='c1e5e1708c65444b83407247246c14dd' Filled=0 Fill price=0 Error='No error' Native error='',
7/27/2026 10:24:40 PM,Order,Order='a4d6e74e7b51482fa1580fb7cca458e9/Sim101' Name='Target1' New state='Accepted' Instrument='MES SEP26' Action='Sell' Limit price=7429.5 Stop price=0 Quantity=6 Type='Limit' Time in force=GTC Oco='c1e5e1708c65444b83407247246c14dd' Filled=0 Fill price=0 Error='No error' Native error='',
7/27/2026 10:24:40 PM,Order,Order='96028bd7bae046ecb468462759afd5e4/Sim101' Name='Stop2' New state='Accepted' Instrument='MES SEP26' Action='Sell' Limit price=0 Stop price=7421 Quantity=7 Type='Stop Market' Time in force=GTC Oco='5c503a9b3f9c4fe89086ec76fb1c55e9' Filled=0 Fill price=0 Error='No error' Native error='',
7/27/2026 10:24:40 PM,Order,Order='a88921f9c93d40de935514a83930d958/Sim101' Name='Stop1' New state='Accepted' Instrument='MES SEP26' Action='Sell' Limit price=0 Stop price=7421 Quantity=6 Type='Stop Market' Time in force=GTC Oco='c1e5e1708c65444b83407247246c14dd' Filled=0 Fill price=0 Error='No error' Native error='',
7/27/2026 10:24:40 PM,Order,Order='05dd40fe7dd447a7b459ecd8c7f89d16/Sim101' Name='Target2' New state='Submitted' Instrument='MES SEP26' Action='Sell' Limit price=7430 Stop price=0 Quantity=7 Type='Limit' Time in force=GTC Oco='5c503a9b3f9c4fe89086ec76fb1c55e9' Filled=0 Fill price=0 Error='No error' Native error='',
7/27/2026 10:24:40 PM,Order,Order='96028bd7bae046ecb468462759afd5e4/Sim101' Name='Stop2' New state='Submitted' Instrument='MES SEP26' Action='Sell' Limit price=0 Stop price=7421 Quantity=7 Type='Stop Market' Time in force=GTC Oco='5c503a9b3f9c4fe89086ec76fb1c55e9' Filled=0 Fill price=0 Error='No error' Native error='',
7/27/2026 10:24:40 PM,Order,Order='a4d6e74e7b51482fa1580fb7cca458e9/Sim101' Name='Target1' New state='Submitted' Instrument='MES SEP26' Action='Sell' Limit price=7429.5 Stop price=0 Quantity=6 Type='Limit' Time in force=GTC Oco='c1e5e1708c65444b83407247246c14dd' Filled=0 Fill price=0 Error='No error' Native error='',
7/27/2026 10:24:40 PM,Position,Instrument='MES SEP26' Account='Sim101' Average price=7427 Quantity=13 Market position=Long Operation=Operation_Add,
7/27/2026 10:24:40 PM,Order,Order='a88921f9c93d40de935514a83930d958/Sim101' Name='Stop1' New state='Submitted' Instrument='MES SEP26' Action='Sell' Limit price=0 Stop price=7421 Quantity=6 Type='Stop Market' Time in force=GTC Oco='c1e5e1708c65444b83407247246c14dd' Filled=0 Fill price=0 Error='No error' Native error='',
7/27/2026 10:24:40 PM,Execution,Execution='68c1cdca11a74d92bcb1d4ad290d6166' Instrument='MES SEP26' Account='Sim101' Exchange=Default Price=7427 Quantity=13 Market position=Long Operation=Operation_Add Order='c9d4b4ec52ad4b0d9786ceee87a8067e' Time='7/27/2026 10:24 PM',
7/27/2026 10:24:40 PM,Order,Order='c9d4b4ec52ad4b0d9786ceee87a8067e/Sim101' Name='Entry' New state='Filled' Instrument='MES SEP26' Action='Buy' Limit price=0 Stop price=0 Quantity=13 Type='Market' Time in force=GTC Oco='' Filled=13 Fill price=7427 Error='No error' Native error='',
7/27/2026 10:24:40 PM,Order,Order='c9d4b4ec52ad4b0d9786ceee87a8067e/Sim101' Name='Entry' New state='Working' Instrument='MES SEP26' Action='Buy' Limit price=0 Stop price=0 Quantity=13 Type='Market' Time in force=GTC Oco='' Filled=0 Fill price=0 Error='No error' Native error='',
7/27/2026 10:24:40 PM,Order,Order='c9d4b4ec52ad4b0d9786ceee87a8067e/Sim101' Name='Entry' New state='Accepted' Instrument='MES SEP26' Action='Buy' Limit price=0 Stop price=0 Quantity=13 Type='Market' Time in force=GTC Oco='' Filled=0 Fill price=0 Error='No error' Native error='',
7/27/2026 10:24:39 PM,Order,Order='c9d4b4ec52ad4b0d9786ceee87a8067e/Sim101' Name='Entry' New state='Submitted' Instrument='MES SEP26' Action='Buy' Limit price=0 Stop price=0 Quantity=13 Type='Market' Time in force=GTC Oco='' Filled=0 Fill price=0 Error='No error' Native error='',
7/27/2026 10:24:39 PM,Order,Chart Trader submitting order with strategy 'MES MIN SL6 - 1' (Ticks),
7/27/2026 10:24:05 PM,Connection,Using HDS (hds-us-nt-015.ninjatrader.com/31655),
7/27/2026 10:24:05 PM,Connection,Time to auto close position='12:00:00 AM' Enabled=False,
7/27/2026 10:24:04 PM,Connection,My Rithmic for NinjaTrader Brokerage: Primary connection=Connected Price feed=Connected,
7/27/2026 10:23:44 PM,Default,Restoring workspace '3'...,
7/27/2026 10:23:36 PM,Default,Restoring workspace 'Testing'...,
7/27/2026 10:23:35 PM,Order,Order entry hot keys disabled,
7/27/2026 10:23:35 PM,Default,Auto close enabled=False,
7/27/2026 10:23:35 PM,Connection,My Rithmic for NinjaTrader Brokerage: Primary connection=Connecting Price feed=Connecting,
7/27/2026 10:23:35 PM,Default,Auto connecting 'My Rithmic for NinjaTrader Brokerage'...,
7/27/2026 10:23:34 PM,Default,Automated trading disabled,
7/27/2026 10:23:34 PM,Connection,Using IS (is-us-nt-005.ninjatrader.com/31658),
7/27/2026 10:23:32 PM,Default,Global simulation mode disabled,
7/27/2026 10:23:16 PM,Default,Session Break (Version 8.1.7.2),
7/27/2026 7:34:52 PM,Connection,My Rithmic for NinjaTrader Brokerage: Primary connection=Disconnected Price feed=Disconnected,
7/27/2026 7:34:52 PM,Connection,My Rithmic for NinjaTrader Brokerage: Primary connection=Disconnecting Price feed=Disconnecting,
7/27/2026 7:34:51 PM,Default,Workspace Testing not saved,
7/27/2026 7:34:51 PM,Default,Workspace 3 not saved,
7/27/2026 6:55:57 PM,Connection,Using HDS (hds-us-nt-011.ninjatrader.com/31655),
7/27/2026 6:55:57 PM,Connection,Time to auto close position='12:00:00 AM' Enabled=False,
7/27/2026 6:55:57 PM,Connection,My Rithmic for NinjaTrader Brokerage: Primary connection=Connected Price feed=Connected,
7/27/2026 6:55:47 PM,Default,Restoring workspace '3'...,
7/27/2026 6:55:33 PM,Default,Restoring workspace 'Testing'...,
7/27/2026 6:55:31 PM,Default,Auto close enabled=False,
7/27/2026 6:55:31 PM,Order,Order entry hot keys disabled,
7/27/2026 6:55:31 PM,Connection,My Rithmic for NinjaTrader Brokerage: Primary connection=Connecting Price feed=Connecting,
7/27/2026 6:55:31 PM,Default,Auto connecting 'My Rithmic for NinjaTrader Brokerage'...,
7/27/2026 6:55:30 PM,Default,Automated trading disabled,
7/27/2026 6:55:30 PM,Connection,Using IS (is-us-nt-006.ninjatrader.com/31658),
7/27/2026 6:55:26 PM,Default,Global simulation mode disabled,
7/27/2026 6:54:49 PM,Default,Session Break (Version 8.1.7.2),
7/27/2026 10:29:55 AM,Connection,My Rithmic for NinjaTrader Brokerage: Primary connection=Disconnected Price feed=Disconnected,
7/27/2026 10:29:55 AM,Connection,My Rithmic for NinjaTrader Brokerage: Primary connection=Disconnecting Price feed=Disconnecting,
7/27/2026 10:29:53 AM,Default,Workspace Testing saved,
7/27/2026 10:29:53 AM,Default,Workspace 3 saved,
7/27/2026 10:03:27 AM,Order,Order='2838788593/PA-APEX-422136-07' Name='Close' New state='Filled' Instrument='MES SEP26' Action='Sell' Limit price=0 Stop price=0 Quantity=10 Type='Market' Time in force=DAY Oco='' Filled=10 Fill price=7420 Error='No error' Native error='',
7/27/2026 10:03:27 AM,Execution,Execution='1202622,
7/27/2026 10:03:27 AM,Order,Order='2838788593/PA-APEX-422136-07' Name='Close' New state='Accepted' Instrument='MES SEP26' Action='Sell' Limit price=0 Stop price=0 Quantity=10 Type='Market' Time in force=DAY Oco='' Filled=0 Fill price=0 Error='No error' Native error='',
7/27/2026 10:03:27 AM,Order,Order='2838788593/PA-APEX-422136-07' Name='Close' New state='Working' Instrument='MES SEP26' Action='Sell' Limit price=0 Stop price=0 Quantity=10 Type='Market' Time in force=DAY Oco='' Filled=0 Fill price=0 Error='No error' Native error='',
7/27/2026 10:03:27 AM,Order,Order='2838788591/PA-APEX-422136-08' Name='Close' New state='Filled' Instrument='MES SEP26' Action='Sell' Limit price=0 Stop price=0 Quantity=10 Type='Market' Time in force=DAY Oco='' Filled=10 Fill price=7420 Error='No error' Native error='',
7/27/2026 10:03:27 AM,Execution,Execution='1203195,
7/27/2026 10:03:27 AM,Order,Order='2838788591/PA-APEX-422136-08' Name='Close' New state='Accepted' Instrument='MES SEP26' Action='Sell' Limit price=0 Stop price=0 Quantity=10 Type='Market' Time in force=DAY Oco='' Filled=0 Fill price=0 Error='No error' Native error='',
7/27/2026 10:03:27 AM,Order,Order='2838788591/PA-APEX-422136-08' Name='Close' New state='Working' Instrument='MES SEP26' Action='Sell' Limit price=0 Stop price=0 Quantity=10 Type='Market' Time in force=DAY Oco='' Filled=0 Fill price=0 Error='No error' Native error='',
7/27/2026 10:03:26 AM,Position,Instrument='MES SEP26' Account='PA-APEX-422136-07' Average price=7419.25 Quantity=10 Market position=Flat Operation=Remove,
7/27/2026 10:03:26 AM,Execution,Execution='1203891,
7/27/2026 10:03:26 AM,Order,Order='87cebb7024d64d2f870efc662a903463/PA-APEX-422136-07' Name='Close' New state='Submitted' Instrument='MES SEP26' Action='Sell' Limit price=0 Stop price=0 Quantity=10 Type='Market' Time in force=DAY Oco='' Filled=0 Fill price=0 Error='No error' Native error='',
7/27/2026 10:03:26 AM,Order,Order='2838788589/PA-APEX-422136-09' Name='Close' New state='Filled' Instrument='MES SEP26' Action='Sell' Limit price=0 Stop price=0 Quantity=10 Type='Market' Time in force=DAY Oco='' Filled=10 Fill price=7420 Error='No error' Native error='',
7/27/2026 10:03:26 AM,Position,Instrument='MES SEP26' Account='PA-APEX-422136-08' Average price=7419.25 Quantity=10 Market position=Flat Operation=Remove,
7/27/2026 10:03:26 AM,Order,Order='2838788589/PA-APEX-422136-09' Name='Close' New state='Accepted' Instrument='MES SEP26' Action='Sell' Limit price=0 Stop price=0 Quantity=10 Type='Market' Time in force=DAY Oco='' Filled=0 Fill price=0 Error='No error' Native error='',
7/27/2026 10:03:26 AM,Order,Order='2838788589/PA-APEX-422136-09' Name='Close' New state='Working' Instrument='MES SEP26' Action='Sell' Limit price=0 Stop price=0 Quantity=10 Type='Market' Time in force=DAY Oco='' Filled=0 Fill price=0 Error='No error' Native error='',
7/27/2026 10:03:26 AM,Order,Order='2838787079/PA-APEX-422136-07' Name='Stop1' New state='Cancelled' Instrument='MES SEP26' Action='Sell' Limit price=0 Stop price=7411.25 Quantity=5 Type='Stop Market' Time in force=GTC Oco='6c40e91ed6ae4427832c894d80330f36' Filled=0 Fill price=0 Error='No error' Native error='',
7/27/2026 10:03:26 AM,Order,Order='2838787083/PA-APEX-422136-07' Name='Stop2' New state='Cancelled' Instrument='MES SEP26' Action='Sell' Limit price=0 Stop price=7411.25 Quantity=5 Type='Stop Market' Time in force=GTC Oco='d5d06ea0a8314cf491e08e53c2321382' Filled=0 Fill price=0 Error='No error' Native error='',
7/27/2026 10:03:26 AM,Order,Order='2838766691/PA-APEX-422136-07' Name='Entry' New state='Cancelled' Instrument='MES SEP26' Action='Sell' Limit price=7437.5 Stop price=0 Quantity=10 Type='Limit' Time in force=GTC Oco='' Filled=0 Fill price=0 Error='No error' Native error='',
7/27/2026 10:03:26 AM,Order,Order='2838787081/PA-APEX-422136-07' Name='Target1' New state='Cancelled' Instrument='MES SEP26' Action='Sell' Limit price=7422 Stop price=0 Quantity=5 Type='Limit' Time in force=GTC Oco='6c40e91ed6ae4427832c894d80330f36' Filled=0 Fill price=0 Error='No error' Native error='',
7/27/2026 10:03:26 AM,Position,Instrument='MES SEP26' Account='PA-APEX-422136-09' Average price=7419.25 Quantity=10 Market position=Flat Operation=Remove,
7/27/2026 10:03:26 AM,Order,Order='de431266deb04290b7b3e988fa1092aa/PA-APEX-422136-08' Name='Close' New state='Submitted' Instrument='MES SEP26' Action='Sell' Limit price=0 Stop price=0 Quantity=10 Type='Market' Time in force=DAY Oco='' Filled=0 Fill price=0 Error='No error' Native error='',
7/27/2026 10:03:26 AM,Order,Order='2838787084/PA-APEX-422136-07' Name='Target2' New state='Cancelled' Instrument='MES SEP26' Action='Sell' Limit price=7423.25 Stop price=0 Quantity=5 Type='Limit' Time in force=GTC Oco='d5d06ea0a8314cf491e08e53c2321382' Filled=0 Fill price=0 Error='No error' Native error='',
7/27/2026 10:03:26 AM,Order,Order='2838787080/PA-APEX-422136-08' Name='Stop2' New state='Cancelled' Instrument='MES SEP26' Action='Sell' Limit price=0 Stop price=7411.25 Quantity=5 Type='Stop Market' Time in force=GTC Oco='9e819cc0211e444e8853bf29ed7aa033' Filled=0 Fill price=0 Error='No error' Native error='',
7/27/2026 10:03:26 AM,Order,Order='2838787076/PA-APEX-422136-08' Name='Stop1' New state='Cancelled' Instrument='MES SEP26' Action='Sell' Limit price=0 Stop price=7411.25 Quantity=5 Type='Stop Market' Time in force=GTC Oco='c139de1c6caa4acebb2074e29715ef2e' Filled=0 Fill price=0 Error='No error' Native error='',
7/27/2026 10:03:26 AM,Order,Order='2838787082/PA-APEX-422136-08' Name='Target2' New state='Cancelled' Instrument='MES SEP26' Action='Sell' Limit price=7423.25 Stop price=0 Quantity=5 Type='Limit' Time in force=GTC Oco='9e819cc0211e444e8853bf29ed7aa033' Filled=0 Fill price=0 Error='No error' Native error='',
7/27/2026 10:03:26 AM,Order,Order='8943f519b2ae4dacb17a084202fbcad5/PA-APEX-422136-09' Name='Close' New state='Submitted' Instrument='MES SEP26' Action='Sell' Limit price=0 Stop price=0 Quantity=10 Type='Market' Time in force=DAY Oco='' Filled=0 Fill price=0 Error='No error' Native error='',
7/27/2026 10:03:26 AM,Order,Order='2838787078/PA-APEX-422136-08' Name='Target1' New state='Cancelled' Instrument='MES SEP26' Action='Sell' Limit price=7422 Stop price=0 Quantity=5 Type='Limit' Time in force=GTC Oco='c139de1c6caa4acebb2074e29715ef2e' Filled=0 Fill price=0 Error='No error' Native error='',
7/27/2026 10:03:26 AM,Order,Order='2838787094/PA-APEX-422136-09' Name='Target2' New state='Cancelled' Instrument='MES SEP26' Action='Sell' Limit price=7423.25 Stop price=0 Quantity=5 Type='Limit' Time in force=GTC Oco='464c1b02ab6a4edb909921136e5370ce' Filled=0 Fill price=0 Error='No error' Native error='',
7/27/2026 10:03:26 AM,Order,Order='2838787093/PA-APEX-422136-09' Name='Stop2' New state='Cancelled' Instrument='MES SEP26' Action='Sell' Limit price=0 Stop price=7411.25 Quantity=5 Type='Stop Market' Time in force=GTC Oco='464c1b02ab6a4edb909921136e5370ce' Filled=0 Fill price=0 Error='No error' Native error='',
7/27/2026 10:03:26 AM,Order,Order='2838787091/PA-APEX-422136-09' Name='Stop1' New state='Cancelled' Instrument='MES SEP26' Action='Sell' Limit price=0 Stop price=7411.25 Quantity=5 Type='Stop Market' Time in force=GTC Oco='fed8bd10e2034d08a74217db9e27be6c' Filled=0 Fill price=0 Error='No error' Native error='',
7/27/2026 10:03:26 AM,Order,Order='2838787092/PA-APEX-422136-09' Name='Target1' New state='Cancelled' Instrument='MES SEP26' Action='Sell' Limit price=7422 Stop price=0 Quantity=5 Type='Limit' Time in force=GTC Oco='fed8bd10e2034d08a74217db9e27be6c' Filled=0 Fill price=0 Error='No error' Native error='',
7/27/2026 10:03:26 AM,Order,Order='2838766691/PA-APEX-422136-07' Name='Entry' New state='Cancel submitted' Instrument='MES SEP26' Action='Sell' Limit price=7437.5 Stop price=0 Quantity=10 Type='Limit' Time in force=GTC Oco='' Filled=0 Fill price=0 Error='No error' Native error='',
7/27/2026 10:03:26 AM,Order,Order='2838787079/PA-APEX-422136-07' Name='Stop1' New state='Cancel submitted' Instrument='MES SEP26' Action='Sell' Limit price=0 Stop price=7411.25 Quantity=5 Type='Stop Market' Time in force=GTC Oco='6c40e91ed6ae4427832c894d80330f36' Filled=0 Fill price=0 Error='No error' Native error='',
7/27/2026 10:03:26 AM,Order,Order='2838787083/PA-APEX-422136-07' Name='Stop2' New state='Cancel submitted' Instrument='MES SEP26' Action='Sell' Limit price=0 Stop price=7411.25 Quantity=5 Type='Stop Market' Time in force=GTC Oco='d5d06ea0a8314cf491e08e53c2321382' Filled=0 Fill price=0 Error='No error' Native error='',
7/27/2026 10:03:26 AM,Position,Flatten account='PA-APEX-422136-04',
7/27/2026 10:03:26 AM,Position,Flatten account='PA-APEX-422136-05',
7/27/2026 10:03:26 AM,Position,Flatten account='PA-APEX-422136-06',
7/27/2026 10:03:26 AM,Position,Flatten account='PA-APEX-422136-03',
7/27/2026 10:03:26 AM,Order,Order='2838787084/PA-APEX-422136-07' Name='Target2' New state='Cancel submitted' Instrument='MES SEP26' Action='Sell' Limit price=7423.25 Stop price=0 Quantity=5 Type='Limit' Time in force=GTC Oco='d5d06ea0a8314cf491e08e53c2321382' Filled=0 Fill price=0 Error='No error' Native error='',
7/27/2026 10:03:26 AM,Order,Order='2838787081/PA-APEX-422136-07' Name='Target1' New state='Cancel submitted' Instrument='MES SEP26' Action='Sell' Limit price=7422 Stop price=0 Quantity=5 Type='Limit' Time in force=GTC Oco='6c40e91ed6ae4427832c894d80330f36' Filled=0 Fill price=0 Error='No error' Native error='',
7/27/2026 10:03:26 AM,Position,Flatten account='PA-APEX-422136-01',
7/27/2026 10:03:26 AM,Order,Order='2838787082/PA-APEX-422136-08' Name='Target2' New state='Cancel submitted' Instrument='MES SEP26' Action='Sell' Limit price=7423.25 Stop price=0 Quantity=5 Type='Limit' Time in force=GTC Oco='9e819cc0211e444e8853bf29ed7aa033' Filled=0 Fill price=0 Error='No error' Native error='',
7/27/2026 10:03:26 AM,Order,Order='2838787076/PA-APEX-422136-08' Name='Stop1' New state='Cancel submitted' Instrument='MES SEP26' Action='Sell' Limit price=0 Stop price=7411.25 Quantity=5 Type='Stop Market' Time in force=GTC Oco='c139de1c6caa4acebb2074e29715ef2e' Filled=0 Fill price=0 Error='No error' Native error='',
7/27/2026 10:03:26 AM,Order,Order='2838787080/PA-APEX-422136-08' Name='Stop2' New state='Cancel submitted' Instrument='MES SEP26' Action='Sell' Limit price=0 Stop price=7411.25 Quantity=5 Type='Stop Market' Time in force=GTC Oco='9e819cc0211e444e8853bf29ed7aa033' Filled=0 Fill price=0 Error='No error' Native error='',
7/27/2026 10:03:26 AM,Position,Flatten account='PA-APEX-422136-07',
7/27/2026 10:03:26 AM,Order,Order='2838787093/PA-APEX-422136-09' Name='Stop2' New state='Cancel submitted' Instrument='MES SEP26' Action='Sell' Limit price=0 Stop price=7411.25 Quantity=5 Type='Stop Market' Time in force=GTC Oco='464c1b02ab6a4edb909921136e5370ce' Filled=0 Fill price=0 Error='No error' Native error='',
7/27/2026 10:03:26 AM,Order,Order='2838787078/PA-APEX-422136-08' Name='Target1' New state='Cancel submitted' Instrument='MES SEP26' Action='Sell' Limit price=7422 Stop price=0 Quantity=5 Type='Limit' Time in force=GTC Oco='c139de1c6caa4acebb2074e29715ef2e' Filled=0 Fill price=0 Error='No error' Native error='',
7/27/2026 10:03:26 AM,Order,Order='2838787091/PA-APEX-422136-09' Name='Stop1' New state='Cancel submitted' Instrument='MES SEP26' Action='Sell' Limit price=0 Stop price=7411.25 Quantity=5 Type='Stop Market' Time in force=GTC Oco='fed8bd10e2034d08a74217db9e27be6c' Filled=0 Fill price=0 Error='No error' Native error='',
7/27/2026 10:03:26 AM,Position,Flatten account='PA-APEX-422136-08',
7/27/2026 10:03:26 AM,Order,Order='2838787092/PA-APEX-422136-09' Name='Target1' New state='Cancel submitted' Instrument='MES SEP26' Action='Sell' Limit price=7422 Stop price=0 Quantity=5 Type='Limit' Time in force=GTC Oco='fed8bd10e2034d08a74217db9e27be6c' Filled=0 Fill price=0 Error='No error' Native error='',
7/27/2026 10:03:26 AM,Order,Order='2838787094/PA-APEX-422136-09' Name='Target2' New state='Cancel submitted' Instrument='MES SEP26' Action='Sell' Limit price=7423.25 Stop price=0 Quantity=5 Type='Limit' Time in force=GTC Oco='464c1b02ab6a4edb909921136e5370ce' Filled=0 Fill price=0 Error='No error' Native error='',
7/27/2026 10:03:26 AM,Position,Flatten account='PA-APEX-422136-09',
7/27/2026 10:03:26 AM,Position,Flatten account='Sim102',
7/27/2026 10:03:26 AM,Position,Flatten account='Sim101',
7/27/2026 10:03:26 AM,Default,Terminating any NinjaScript strategies invoked by Flatten Everything command,
7/27/2026 10:02:57 AM,Order,Order='2838787094/PA-APEX-422136-09' Name='Target2' New state='Accepted' Instrument='MES SEP26' Action='Sell' Limit price=7423.25 Stop price=0 Quantity=5 Type='Limit' Time in force=GTC Oco='464c1b02ab6a4edb909921136e5370ce' Filled=0 Fill price=0 Error='No error' Native error='',
7/27/2026 10:02:57 AM,Order,Order='2838787094/PA-APEX-422136-09' Name='Target2' New state='Working' Instrument='MES SEP26' Action='Sell' Limit price=7423.25 Stop price=0 Quantity=5 Type='Limit' Time in force=GTC Oco='464c1b02ab6a4edb909921136e5370ce' Filled=0 Fill price=0 Error='No error' Native error='',
7/27/2026 10:02:57 AM,Order,Order='2838787093/PA-APEX-422136-09' Name='Stop2' New state='Accepted' Instrument='MES SEP26' Action='Sell' Limit price=0 Stop price=7411.25 Quantity=5 Type='Stop Market' Time in force=GTC Oco='464c1b02ab6a4edb909921136e5370ce' Filled=0 Fill price=0 Error='No error' Native error='',
7/27/2026 10:02:57 AM,Order,Order='2838787092/PA-APEX-422136-09' Name='Target1' New state='Accepted' Instrument='MES SEP26' Action='Sell' Limit price=7422 Stop price=0 Quantity=5 Type='Limit' Time in force=GTC Oco='fed8bd10e2034d08a74217db9e27be6c' Filled=0 Fill price=0 Error='No error' Native error='',
7/27/2026 10:02:57 AM,Order,Order='2838787092/PA-APEX-422136-09' Name='Target1' New state='Working' Instrument='MES SEP26' Action='Sell' Limit price=7422 Stop price=0 Quantity=5 Type='Limit' Time in force=GTC Oco='fed8bd10e2034d08a74217db9e27be6c' Filled=0 Fill price=0 Error='No error' Native error='',
7/27/2026 10:02:57 AM,Order,Order='2838787091/PA-APEX-422136-09' Name='Stop1' New state='Accepted' Instrument='MES SEP26' Action='Sell' Limit price=0 Stop price=7411.25 Quantity=5 Type='Stop Market' Time in force=GTC Oco='fed8bd10e2034d08a74217db9e27be6c' Filled=0 Fill price=0 Error='No error' Native error='',
7/27/2026 10:02:57 AM,Order,Order='2838787084/PA-APEX-422136-07' Name='Target2' New state='Working' Instrument='MES SEP26' Action='Sell' Limit price=7423.25 Stop price=0 Quantity=5 Type='Limit' Time in force=GTC Oco='d5d06ea0a8314cf491e08e53c2321382' Filled=0 Fill price=0 Error='No error' Native error='',
7/27/2026 10:02:57 AM,Order,Order='2838787084/PA-APEX-422136-07' Name='Target2' New state='Accepted' Instrument='MES SEP26' Action='Sell' Limit price=7423.25 Stop price=0 Quantity=5 Type='Limit' Time in force=GTC Oco='d5d06ea0a8314cf491e08e53c2321382' Filled=0 Fill price=0 Error='No error' Native error='',
7/27/2026 10:02:57 AM,Order,Order='2838787082/PA-APEX-422136-08' Name='Target2' New state='Accepted' Instrument='MES SEP26' Action='Sell' Limit price=7423.25 Stop price=0 Quantity=5 Type='Limit' Time in force=GTC Oco='9e819cc0211e444e8853bf29ed7aa033' Filled=0 Fill price=0 Error='No error' Native error='',
7/27/2026 10:02:57 AM,Order,Order='2838787082/PA-APEX-422136-08' Name='Target2' New state='Working' Instrument='MES SEP26' Action='Sell' Limit price=7423.25 Stop price=0 Quantity=5 Type='Limit' Time in force=GTC Oco='9e819cc0211e444e8853bf29ed7aa033' Filled=0 Fill price=0 Error='No error' Native error='',
7/27/2026 10:02:57 AM,Order,Order='2838787081/PA-APEX-422136-07' Name='Target1' New state='Accepted' Instrument='MES SEP26' Action='Sell' Limit price=7422 Stop price=0 Quantity=5 Type='Limit' Time in force=GTC Oco='6c40e91ed6ae4427832c894d80330f36' Filled=0 Fill price=0 Error='No error' Native error='',
7/27/2026 10:02:57 AM,Order,Order='2838787081/PA-APEX-422136-07' Name='Target1' New state='Working' Instrument='MES SEP26' Action='Sell' Limit price=7422 Stop price=0 Quantity=5 Type='Limit' Time in force=GTC Oco='6c40e91ed6ae4427832c894d80330f36' Filled=0 Fill price=0 Error='No error' Native error='',
7/27/2026 10:02:57 AM,Order,Order='2838787083/PA-APEX-422136-07' Name='Stop2' New state='Accepted' Instrument='MES SEP26' Action='Sell' Limit price=0 Stop price=7411.25 Quantity=5 Type='Stop Market' Time in force=GTC Oco='d5d06ea0a8314cf491e08e53c2321382' Filled=0 Fill price=0 Error='No error' Native error='',
7/27/2026 10:02:57 AM,Order,Order='2838787080/PA-APEX-422136-08' Name='Stop2' New state='Accepted' Instrument='MES SEP26' Action='Sell' Limit price=0 Stop price=7411.25 Quantity=5 Type='Stop Market' Time in force=GTC Oco='9e819cc0211e444e8853bf29ed7aa033' Filled=0 Fill price=0 Error='No error' Native error='',
7/27/2026 10:02:57 AM,Order,Order='2838787078/PA-APEX-422136-08' Name='Target1' New state='Accepted' Instrument='MES SEP26' Action='Sell' Limit price=7422 Stop price=0 Quantity=5 Type='Limit' Time in force=GTC Oco='c139de1c6caa4acebb2074e29715ef2e' Filled=0 Fill price=0 Error='No error' Native error='',
7/27/2026 10:02:57 AM,Order,Order='2838787078/PA-APEX-422136-08' Name='Target1' New state='Working' Instrument='MES SEP26' Action='Sell' Limit price=7422 Stop price=0 Quantity=5 Type='Limit' Time in force=GTC Oco='c139de1c6caa4acebb2074e29715ef2e' Filled=0 Fill price=0 Error='No error' Native error='',
7/27/2026 10:02:57 AM,Order,Order='2838787079/PA-APEX-422136-07' Name='Stop1' New state='Accepted' Instrument='MES SEP26' Action='Sell' Limit price=0 Stop price=7411.25 Quantity=5 Type='Stop Market' Time in force=GTC Oco='6c40e91ed6ae4427832c894d80330f36' Filled=0 Fill price=0 Error='No error' Native error='',
7/27/2026 10:02:57 AM,Order,Order='5fbec49c0b4d40e3a0629577a4205774/PA-APEX-422136-09' Name='Target2' New state='Submitted' Instrument='MES SEP26' Action='Sell' Limit price=7423.25 Stop price=0 Quantity=5 Type='Limit' Time in force=GTC Oco='464c1b02ab6a4edb909921136e5370ce' Filled=0 Fill price=0 Error='No error' Native error='',
7/27/2026 10:02:57 AM,Order,Order='b4648d166a3d44fda48ab3ec76cd08a1/PA-APEX-422136-09' Name='Stop2' New state='Submitted' Instrument='MES SEP26' Action='Sell' Limit price=0 Stop price=7411.25 Quantity=5 Type='Stop Market' Time in force=GTC Oco='464c1b02ab6a4edb909921136e5370ce' Filled=0 Fill price=0 Error='No error' Native error='',
7/27/2026 10:02:57 AM,Order,Order='e8c1cdf65efd4f9eaec11a13c05b7360/PA-APEX-422136-09' Name='Target1' New state='Submitted' Instrument='MES SEP26' Action='Sell' Limit price=7422 Stop price=0 Quantity=5 Type='Limit' Time in force=GTC Oco='fed8bd10e2034d08a74217db9e27be6c' Filled=0 Fill price=0 Error='No error' Native error='',
7/27/2026 10:02:57 AM,Order,Order='0e896a2266e34ff7ac5e6056c1b7ec82/PA-APEX-422136-09' Name='Stop1' New state='Submitted' Instrument='MES SEP26' Action='Sell' Limit price=0 Stop price=7411.25 Quantity=5 Type='Stop Market' Time in force=GTC Oco='fed8bd10e2034d08a74217db9e27be6c' Filled=0 Fill price=0 Error='No error' Native error='',
7/27/2026 10:02:57 AM,Order,Order='2838787076/PA-APEX-422136-08' Name='Stop1' New state='Accepted' Instrument='MES SEP26' Action='Sell' Limit price=0 Stop price=7411.25 Quantity=5 Type='Stop Market' Time in force=GTC Oco='c139de1c6caa4acebb2074e29715ef2e' Filled=0 Fill price=0 Error='No error' Native error='',
7/27/2026 10:02:56 AM,Order,Order='d63d0b1a712a428b83fce1f76e18878f/PA-APEX-422136-07' Name='Target2' New state='Submitted' Instrument='MES SEP26' Action='Sell' Limit price=7423.25 Stop price=0 Quantity=5 Type='Limit' Time in force=GTC Oco='d5d06ea0a8314cf491e08e53c2321382' Filled=0 Fill price=0 Error='No error' Native error='',
7/27/2026 10:02:56 AM,Order,Order='2838774946/PA-APEX-422136-09' Name='Entry' New state='Filled' Instrument='MES SEP26' Action='Buy' Limit price=7419.25 Stop price=0 Quantity=10 Type='Limit' Time in force=GTC Oco='' Filled=10 Fill price=7419.25 Error='No error' Native error='',
7/27/2026 10:02:56 AM,Execution,Execution='1205980,
7/27/2026 10:02:56 AM,Order,Order='d235ed884a26471ab6cc25f96ea8b84a/PA-APEX-422136-07' Name='Stop2' New state='Submitted' Instrument='MES SEP26' Action='Sell' Limit price=0 Stop price=7411.25 Quantity=5 Type='Stop Market' Time in force=GTC Oco='d5d06ea0a8314cf491e08e53c2321382' Filled=0 Fill price=0 Error='No error' Native error='',
7/27/2026 10:02:56 AM,Order,Order='79686a7c529e4868a4c9375b0d434229/PA-APEX-422136-08' Name='Target2' New state='Submitted' Instrument='MES SEP26' Action='Sell' Limit price=7423.25 Stop price=0 Quantity=5 Type='Limit' Time in force=GTC Oco='9e819cc0211e444e8853bf29ed7aa033' Filled=0 Fill price=0 Error='No error' Native error='',
7/27/2026 10:02:56 AM,Order,Order='027bef0ce7cb4edcb88cc24af56f4021/PA-APEX-422136-07' Name='Target1' New state='Submitted' Instrument='MES SEP26' Action='Sell' Limit price=7422 Stop price=0 Quantity=5 Type='Limit' Time in force=GTC Oco='6c40e91ed6ae4427832c894d80330f36' Filled=0 Fill price=0 Error='No error' Native error='',
7/27/2026 10:02:56 AM,Order,Order='c8f2ab077bc24e9ea09ba9c2a6e5a880/PA-APEX-422136-08' Name='Stop2' New state='Submitted' Instrument='MES SEP26' Action='Sell' Limit price=0 Stop price=7411.25 Quantity=5 Type='Stop Market' Time in force=GTC Oco='9e819cc0211e444e8853bf29ed7aa033' Filled=0 Fill price=0 Error='No error' Native error='',
7/27/2026 10:02:56 AM,Order,Order='d2dfc9d231934a64a8c4c217744837f6/PA-APEX-422136-07' Name='Stop1' New state='Submitted' Instrument='MES SEP26' Action='Sell' Limit price=0 Stop price=7411.25 Quantity=5 Type='Stop Market' Time in force=GTC Oco='6c40e91ed6ae4427832c894d80330f36' Filled=0 Fill price=0 Error='No error' Native error='',
7/27/2026 10:02:56 AM,Order,Order='10602a3dcb1b4d7b88c8bd3fdd984243/PA-APEX-422136-08' Name='Target1' New state='Submitted' Instrument='MES SEP26' Action='Sell' Limit price=7422 Stop price=0 Quantity=5 Type='Limit' Time in force=GTC Oco='c139de1c6caa4acebb2074e29715ef2e' Filled=0 Fill price=0 Error='No error' Native error='',
7/27/2026 10:02:56 AM,Order,Order='3062932d29a6470e95020361cd35750f/PA-APEX-422136-08' Name='Stop1' New state='Submitted' Instrument='MES SEP26' Action='Sell' Limit price=0 Stop price=7411.25 Quantity=5 Type='Stop Market' Time in force=GTC Oco='c139de1c6caa4acebb2074e29715ef2e' Filled=0 Fill price=0 Error='No error' Native error='',
7/27/2026 10:02:56 AM,Order,Order='2838766971/PA-APEX-422136-07' Name='Entry' New state='Filled' Instrument='MES SEP26' Action='Buy' Limit price=7419.25 Stop price=0 Quantity=10 Type='Limit' Time in force=GTC Oco='' Filled=10 Fill price=7419.25 Error='No error' Native error='',
7/27/2026 10:02:56 AM,Execution,Execution='1205670,
7/27/2026 10:02:56 AM,Order,Order='2838773153/PA-APEX-422136-08' Name='Entry' New state='Filled' Instrument='MES SEP26' Action='Buy' Limit price=7419.25 Stop price=0 Quantity=10 Type='Limit' Time in force=GTC Oco='' Filled=10 Fill price=7419.25 Error='No error' Native error='',
7/27/2026 10:02:56 AM,Position,Instrument='MES SEP26' Account='PA-APEX-422136-09' Average price=7419.25 Quantity=10 Market position=Long Operation=Operation_Add,
7/27/2026 10:02:56 AM,Position,Instrument='MES SEP26' Account='PA-APEX-422136-07' Average price=7419.25 Quantity=10 Market position=Long Operation=Operation_Add,
7/27/2026 10:02:56 AM,Position,Instrument='MES SEP26' Account='PA-APEX-422136-08' Average price=7419.25 Quantity=10 Market position=Long Operation=Update,
7/27/2026 10:02:56 AM,Position,Instrument='MES SEP26' Account='PA-APEX-422136-08' Average price=7419.25 Quantity=3 Market position=Long Operation=Operation_Add,
7/27/2026 10:02:56 AM,Execution,Execution='1202266,
7/27/2026 10:02:56 AM,Order,Order='2838766971/PA-APEX-422136-07' Name='Entry' New state='Partially filled' Instrument='MES SEP26' Action='Buy' Limit price=7419.25 Stop price=0 Quantity=10 Type='Limit' Time in force=GTC Oco='' Filled=4 Fill price=7419.25 Error='No error' Native error='',
7/27/2026 10:02:56 AM,Execution,Execution='1205669,
7/27/2026 10:02:56 AM,Execution,Execution='1202265,
7/27/2026 10:02:56 AM,Order,Order='2838773153/PA-APEX-422136-08' Name='Entry' New state='Partially filled' Instrument='MES SEP26' Action='Buy' Limit price=7419.25 Stop price=0 Quantity=10 Type='Limit' Time in force=GTC Oco='' Filled=3 Fill price=7419.25 Error='No error' Native error='',
7/27/2026 10:02:56 AM,Order,Order='2838774946/PA-APEX-422136-09' Name='Entry' New state='Accepted' Instrument='MES SEP26' Action='Buy' Limit price=7419.25 Stop price=0 Quantity=10 Type='Limit' Time in force=GTC Oco='' Filled=0 Fill price=0 Error='No error' Native error='',
7/27/2026 10:02:56 AM,Order,Order='2838774946/PA-APEX-422136-09' Name='Entry' New state='Working' Instrument='MES SEP26' Action='Buy' Limit price=7419.25 Stop price=0 Quantity=10 Type='Limit' Time in force=GTC Oco='' Filled=0 Fill price=0 Error='No error' Native error='',
7/27/2026 10:02:56 AM,Order,Order='2838773153/PA-APEX-422136-08' Name='Entry' New state='Working' Instrument='MES SEP26' Action='Buy' Limit price=7419.25 Stop price=0 Quantity=10 Type='Limit' Time in force=GTC Oco='' Filled=0 Fill price=0 Error='No error' Native error='',
7/27/2026 10:02:56 AM,Order,Order='2838773153/PA-APEX-422136-08' Name='Entry' New state='Accepted' Instrument='MES SEP26' Action='Buy' Limit price=7419.25 Stop price=0 Quantity=10 Type='Limit' Time in force=GTC Oco='' Filled=0 Fill price=0 Error='No error' Native error='',
7/27/2026 10:02:56 AM,Order,Order='2838774946/PA-APEX-422136-09' Name='Entry' New state='Change submitted' Instrument='MES SEP26' Action='Buy' Limit price=7419.25 Stop price=0 Quantity=10 Type='Limit' Time in force=GTC Oco='' Filled=0 Fill price=0 Error='No error' Native error='',
7/27/2026 10:02:56 AM,Order,Auto chase price modification to '7419.25',
7/27/2026 10:02:56 AM,Order,Order='2838766971/PA-APEX-422136-07' Name='Entry' New state='Working' Instrument='MES SEP26' Action='Buy' Limit price=7419.25 Stop price=0 Quantity=10 Type='Limit' Time in force=GTC Oco='' Filled=0 Fill price=0 Error='No error' Native error='',
7/27/2026 10:02:56 AM,Order,Order='2838766971/PA-APEX-422136-07' Name='Entry' New state='Accepted' Instrument='MES SEP26' Action='Buy' Limit price=7419.25 Stop price=0 Quantity=10 Type='Limit' Time in force=GTC Oco='' Filled=0 Fill price=0 Error='No error' Native error='',
7/27/2026 10:02:56 AM,Order,Auto chase price modification to '7419.25',
7/27/2026 10:02:56 AM,Order,Order='2838773153/PA-APEX-422136-08' Name='Entry' New state='Change submitted' Instrument='MES SEP26' Action='Buy' Limit price=7419.25 Stop price=0 Quantity=10 Type='Limit' Time in force=GTC Oco='' Filled=0 Fill price=0 Error='No error' Native error='',
7/27/2026 10:02:56 AM,Order,Order='2838766971/PA-APEX-422136-07' Name='Entry' New state='Change submitted' Instrument='MES SEP26' Action='Buy' Limit price=7419.25 Stop price=0 Quantity=10 Type='Limit' Time in force=GTC Oco='' Filled=0 Fill price=0 Error='No error' Native error='',
7/27/2026 10:02:56 AM,Order,Auto chase price modification to '7419.25',
7/27/2026 9:57:11 AM,Order,Order='2838774946/PA-APEX-422136-09' Name='Entry' New state='Working' Instrument='MES SEP26' Action='Buy' Limit price=7419 Stop price=0 Quantity=10 Type='Limit' Time in force=GTC Oco='' Filled=0 Fill price=0 Error='No error' Native error='',
7/27/2026 9:57:11 AM,Order,Order='2838774946/PA-APEX-422136-09' Name='Entry' New state='Accepted' Instrument='MES SEP26' Action='Buy' Limit price=7419 Stop price=0 Quantity=10 Type='Limit' Time in force=GTC Oco='' Filled=0 Fill price=0 Error='No error' Native error='',
7/27/2026 9:57:11 AM,Order,Order='764c7cef388a464a80fe8aaaddbc5f09/PA-APEX-422136-09' Name='Entry' New state='Submitted' Instrument='MES SEP26' Action='Buy' Limit price=7419 Stop price=0 Quantity=10 Type='Limit' Time in force=GTC Oco='' Filled=0 Fill price=0 Error='No error' Native error='',
7/27/2026 9:57:11 AM,Order,Chart Trader submitting order with strategy 'MES MIN SL8 - 4' (Ticks),
7/27/2026 9:56:24 AM,Order,Order='2838773153/PA-APEX-422136-08' Name='Entry' New state='Accepted' Instrument='MES SEP26' Action='Buy' Limit price=7419 Stop price=0 Quantity=10 Type='Limit' Time in force=GTC Oco='' Filled=0 Fill price=0 Error='No error' Native error='',
7/27/2026 9:56:24 AM,Order,Order='2838773153/PA-APEX-422136-08' Name='Entry' New state='Working' Instrument='MES SEP26' Action='Buy' Limit price=7419 Stop price=0 Quantity=10 Type='Limit' Time in force=GTC Oco='' Filled=0 Fill price=0 Error='No error' Native error='',
7/27/2026 9:56:24 AM,Order,Order='2838773153/PA-APEX-422136-08' Name='Entry' New state='Change submitted' Instrument='MES SEP26' Action='Buy' Limit price=7419 Stop price=0 Quantity=10 Type='Limit' Time in force=GTC Oco='' Filled=0 Fill price=0 Error='No error' Native error='',
7/27/2026 9:56:21 AM,Order,Order='2838773153/PA-APEX-422136-08' Name='Entry' New state='Accepted' Instrument='MES SEP26' Action='Buy' Limit price=7418.75 Stop price=0 Quantity=10 Type='Limit' Time in force=GTC Oco='' Filled=0 Fill price=0 Error='No error' Native error='',
7/27/2026 9:56:21 AM,Order,Order='2838773153/PA-APEX-422136-08' Name='Entry' New state='Working' Instrument='MES SEP26' Action='Buy' Limit price=7418.75 Stop price=0 Quantity=10 Type='Limit' Time in force=GTC Oco='' Filled=0 Fill price=0 Error='No error' Native error='',
7/27/2026 9:56:20 AM,Order,Order='c4886f0b1a1b49c0a1a6079804e26dc9/PA-APEX-422136-08' Name='Entry' New state='Submitted' Instrument='MES SEP26' Action='Buy' Limit price=7418.75 Stop price=0 Quantity=10 Type='Limit' Time in force=GTC Oco='' Filled=0 Fill price=0 Error='No error' Native error='',
7/27/2026 9:56:20 AM,Order,Chart Trader submitting order with strategy 'MES MIN SL8 - 3' (Ticks),
7/27/2026 9:53:40 AM,Order,Order='2838766971/PA-APEX-422136-07' Name='Entry' New state='Accepted' Instrument='MES SEP26' Action='Buy' Limit price=7419 Stop price=0 Quantity=10 Type='Limit' Time in force=GTC Oco='' Filled=0 Fill price=0 Error='No error' Native error='',
7/27/2026 9:53:40 AM,Order,Order='2838766971/PA-APEX-422136-07' Name='Entry' New state='Working' Instrument='MES SEP26' Action='Buy' Limit price=7419 Stop price=0 Quantity=10 Type='Limit' Time in force=GTC Oco='' Filled=0 Fill price=0 Error='No error' Native error='',
7/27/2026 9:53:40 AM,Order,Order='2838766971/PA-APEX-422136-07' Name='Entry' New state='Change submitted' Instrument='MES SEP26' Action='Buy' Limit price=7419 Stop price=0 Quantity=10 Type='Limit' Time in force=GTC Oco='' Filled=0 Fill price=0 Error='No error' Native error='',
7/27/2026 9:53:37 AM,Order,Order='2838766971/PA-APEX-422136-07' Name='Entry' New state='Accepted' Instrument='MES SEP26' Action='Buy' Limit price=7418.75 Stop price=0 Quantity=10 Type='Limit' Time in force=GTC Oco='' Filled=0 Fill price=0 Error='No error' Native error='',
7/27/2026 9:53:37 AM,Order,Order='2838766971/PA-APEX-422136-07' Name='Entry' New state='Working' Instrument='MES SEP26' Action='Buy' Limit price=7418.75 Stop price=0 Quantity=10 Type='Limit' Time in force=GTC Oco='' Filled=0 Fill price=0 Error='No error' Native error='',
7/27/2026 9:53:37 AM,Order,Order='e95a0afe498d4612a26a3b762416fb66/PA-APEX-422136-07' Name='Entry' New state='Submitted' Instrument='MES SEP26' Action='Buy' Limit price=7418.75 Stop price=0 Quantity=10 Type='Limit' Time in force=GTC Oco='' Filled=0 Fill price=0 Error='No error' Native error='',
7/27/2026 9:53:37 AM,Order,Chart Trader submitting order with strategy 'MES MIN SL8 - 2' (Ticks),
7/27/2026 9:53:25 AM,Order,Order='2838766691/PA-APEX-422136-07' Name='Entry' New state='Accepted' Instrument='MES SEP26' Action='Sell' Limit price=7437.5 Stop price=0 Quantity=10 Type='Limit' Time in force=GTC Oco='' Filled=0 Fill price=0 Error='No error' Native error='',
7/27/2026 9:53:25 AM,Order,Order='2838766691/PA-APEX-422136-07' Name='Entry' New state='Working' Instrument='MES SEP26' Action='Sell' Limit price=7437.5 Stop price=0 Quantity=10 Type='Limit' Time in force=GTC Oco='' Filled=0 Fill price=0 Error='No error' Native error='',
7/27/2026 9:53:25 AM,Order,Order='852bf2a2961b41338313445c69281b9a/PA-APEX-422136-07' Name='Entry' New state='Submitted' Instrument='MES SEP26' Action='Sell' Limit price=7437.5 Stop price=0 Quantity=10 Type='Limit' Time in force=GTC Oco='' Filled=0 Fill price=0 Error='No error' Native error='',
7/27/2026 9:53:25 AM,Order,Chart Trader submitting order with strategy 'MES MIN SL8 - 1' (Ticks),
7/27/2026 9:52:29 AM,Order,Order='2838762871/PA-APEX-422136-07' Name='Entry' New state='Cancelled' Instrument='MES SEP26' Action='Sell' Limit price=7437.5 Stop price=0 Quantity=10 Type='Limit' Time in force=GTC Oco='' Filled=0 Fill price=0 Error='No error' Native error='',
7/27/2026 9:52:28 AM,Order,Order='2838762871/PA-APEX-422136-07' Name='Entry' New state='Cancel submitted' Instrument='MES SEP26' Action='Sell' Limit price=7437.5 Stop price=0 Quantity=10 Type='Limit' Time in force=GTC Oco='' Filled=0 Fill price=0 Error='No error' Native error='',
7/27/2026 9:52:28 AM,Default,Chart Trader close position,
7/27/2026 9:52:28 AM,Default,Cancel all orders account='PA-APEX-422136-07',
7/27/2026 9:52:02 AM,Order,Order='2838762871/PA-APEX-422136-07' Name='Entry' New state='Accepted' Instrument='MES SEP26' Action='Sell' Limit price=7437.5 Stop price=0 Quantity=10 Type='Limit' Time in force=GTC Oco='' Filled=0 Fill price=0 Error='No error' Native error='',
7/27/2026 9:52:02 AM,Order,Order='2838762871/PA-APEX-422136-07' Name='Entry' New state='Working' Instrument='MES SEP26' Action='Sell' Limit price=7437.5 Stop price=0 Quantity=10 Type='Limit' Time in force=GTC Oco='' Filled=0 Fill price=0 Error='No error' Native error='',
7/27/2026 9:52:02 AM,Order,Order='27f49c6805f3405b866f122424e8b7ec/PA-APEX-422136-07' Name='Entry' New state='Submitted' Instrument='MES SEP26' Action='Sell' Limit price=7437.5 Stop price=0 Quantity=10 Type='Limit' Time in force=GTC Oco='' Filled=0 Fill price=0 Error='No error' Native error='',
7/27/2026 9:52:02 AM,Order,Chart Trader submitting order with strategy 'MES MIN SL8 - 1' (Ticks),
7/27/2026 9:13:53 AM,Order,Order='2838650356/PA-APEX-422136-07' Name='Entry' New state='Cancelled' Instrument='MES SEP26' Action='Sell' Limit price=7452 Stop price=0 Quantity=10 Type='Limit' Time in force=GTC Oco='' Filled=0 Fill price=0 Error='No error' Native error='',
7/27/2026 9:13:53 AM,Order,Order='2838650356/PA-APEX-422136-07' Name='Entry' New state='Cancel submitted' Instrument='MES SEP26' Action='Sell' Limit price=7452 Stop price=0 Quantity=10 Type='Limit' Time in force=GTC Oco='' Filled=0 Fill price=0 Error='No error' Native error='',
7/27/2026 9:13:52 AM,Order,Order='2838650774/PA-APEX-422136-08' Name='Entry' New state='Cancelled' Instrument='MES SEP26' Action='Sell' Limit price=7452 Stop price=0 Quantity=10 Type='Limit' Time in force=GTC Oco='' Filled=0 Fill price=0 Error='No error' Native error='',
7/27/2026 9:13:52 AM,Order,Order='2838650774/PA-APEX-422136-08' Name='Entry' New state='Cancel submitted' Instrument='MES SEP26' Action='Sell' Limit price=7452 Stop price=0 Quantity=10 Type='Limit' Time in force=GTC Oco='' Filled=0 Fill price=0 Error='No error' Native error='',
7/27/2026 9:07:44 AM,Order,Order='2838650774/PA-APEX-422136-08' Name='Entry' New state='Working' Instrument='MES SEP26' Action='Sell' Limit price=7452 Stop price=0 Quantity=10 Type='Limit' Time in force=GTC Oco='' Filled=0 Fill price=0 Error='No error' Native error='',
7/27/2026 9:07:44 AM,Order,Order='2838650774/PA-APEX-422136-08' Name='Entry' New state='Accepted' Instrument='MES SEP26' Action='Sell' Limit price=7452 Stop price=0 Quantity=10 Type='Limit' Time in force=GTC Oco='' Filled=0 Fill price=0 Error='No error' Native error='',
7/27/2026 9:07:44 AM,Order,Order='c99db664cecd4df69c293b72acd20cf2/PA-APEX-422136-08' Name='Entry' New state='Submitted' Instrument='MES SEP26' Action='Sell' Limit price=7452 Stop price=0 Quantity=10 Type='Limit' Time in force=GTC Oco='' Filled=0 Fill price=0 Error='No error' Native error='',
7/27/2026 9:07:44 AM,Order,Chart Trader submitting order with strategy 'MES MIN SL8 - 2' (Ticks),
7/27/2026 9:07:33 AM,Order,Order='2838650356/PA-APEX-422136-07' Name='Entry' New state='Working' Instrument='MES SEP26' Action='Sell' Limit price=7452 Stop price=0 Quantity=10 Type='Limit' Time in force=GTC Oco='' Filled=0 Fill price=0 Error='No error' Native error='',
7/27/2026 9:07:33 AM,Order,Order='2838650356/PA-APEX-422136-07' Name='Entry' New state='Accepted' Instrument='MES SEP26' Action='Sell' Limit price=7452 Stop price=0 Quantity=10 Type='Limit' Time in force=GTC Oco='' Filled=0 Fill price=0 Error='No error' Native error='',
7/27/2026 9:07:33 AM,Order,Order='feaed33850e74562bc20d46f144197d8/PA-APEX-422136-07' Name='Entry' New state='Submitted' Instrument='MES SEP26' Action='Sell' Limit price=7452 Stop price=0 Quantity=10 Type='Limit' Time in force=GTC Oco='' Filled=0 Fill price=0 Error='No error' Native error='',
7/27/2026 9:07:33 AM,Order,Chart Trader submitting order with strategy 'MES MIN SL8 - 1' (Ticks),
7/27/2026 9:07:23 AM,Order,Order='2838551269/PA-APEX-422136-07' Name='Entry' New state='Cancelled' Instrument='MES SEP26' Action='Buy' Limit price=7412 Stop price=0 Quantity=10 Type='Limit' Time in force=GTC Oco='' Filled=0 Fill price=0 Error='No error' Native error='',
7/27/2026 9:07:23 AM,Order,Order='2838551269/PA-APEX-422136-07' Name='Entry' New state='Cancel submitted' Instrument='MES SEP26' Action='Buy' Limit price=7412 Stop price=0 Quantity=10 Type='Limit' Time in force=GTC Oco='' Filled=0 Fill price=0 Error='No error' Native error='',
7/27/2026 9:07:23 AM,Order,Order='2838567163/PA-APEX-422136-08' Name='Entry' New state='Cancelled' Instrument='MES SEP26' Action='Buy' Limit price=7412 Stop price=0 Quantity=10 Type='Limit' Time in force=GTC Oco='' Filled=0 Fill price=0 Error='No error' Native error='',
7/27/2026 9:07:22 AM,Order,Order='2838567163/PA-APEX-422136-08' Name='Entry' New state='Cancel submitted' Instrument='MES SEP26' Action='Buy' Limit price=7412 Stop price=0 Quantity=10 Type='Limit' Time in force=GTC Oco='' Filled=0 Fill price=0 Error='No error' Native error='',
7/27/2026 9:05:13 AM,Order,Order='2838549453/PA-APEX-422136-07' Name='Entry' New state='Cancelled' Instrument='MES SEP26' Action='Sell' Limit price=7444 Stop price=0 Quantity=10 Type='Limit' Time in force=GTC Oco='' Filled=0 Fill price=0 Error='No error' Native error='',
7/27/2026 9:05:13 AM,Order,Order='2838549453/PA-APEX-422136-07' Name='Entry' New state='Cancel submitted' Instrument='MES SEP26' Action='Sell' Limit price=7444 Stop price=0 Quantity=10 Type='Limit' Time in force=GTC Oco='' Filled=0 Fill price=0 Error='No error' Native error='',
7/27/2026 9:05:12 AM,Order,Order='2838567561/PA-APEX-422136-08' Name='Entry' New state='Cancelled' Instrument='MES SEP26' Action='Sell' Limit price=7444 Stop price=0 Quantity=10 Type='Limit' Time in force=GTC Oco='' Filled=0 Fill price=0 Error='No error' Native error='',
7/27/2026 9:05:12 AM,Order,Order='2838567561/PA-APEX-422136-08' Name='Entry' New state='Cancel submitted' Instrument='MES SEP26' Action='Sell' Limit price=7444 Stop price=0 Quantity=10 Type='Limit' Time in force=GTC Oco='' Filled=0 Fill price=0 Error='No error' Native error='',
7/27/2026 8:43:01 AM,Order,Order='2838567561/PA-APEX-422136-08' Name='Entry' New state='Accepted' Instrument='MES SEP26' Action='Sell' Limit price=7444 Stop price=0 Quantity=10 Type='Limit' Time in force=GTC Oco='' Filled=0 Fill price=0 Error='No error' Native error='',
7/27/2026 8:43:01 AM,Order,Order='2838567561/PA-APEX-422136-08' Name='Entry' New state='Working' Instrument='MES SEP26' Action='Sell' Limit price=7444 Stop price=0 Quantity=10 Type='Limit' Time in force=GTC Oco='' Filled=0 Fill price=0 Error='No error' Native error='',
7/27/2026 8:43:00 AM,Order,Order='2838567561/PA-APEX-422136-08' Name='Entry' New state='Change submitted' Instrument='MES SEP26' Action='Sell' Limit price=7444 Stop price=0 Quantity=10 Type='Limit' Time in force=GTC Oco='' Filled=0 Fill price=0 Error='No error' Native error='',
7/27/2026 8:42:43 AM,Order,Order='2838549453/PA-APEX-422136-07' Name='Entry' New state='Accepted' Instrument='MES SEP26' Action='Sell' Limit price=7444 Stop price=0 Quantity=10 Type='Limit' Time in force=GTC Oco='' Filled=0 Fill price=0 Error='No error' Native error='',
7/27/2026 8:42:43 AM,Order,Order='2838549453/PA-APEX-422136-07' Name='Entry' New state='Working' Instrument='MES SEP26' Action='Sell' Limit price=7444 Stop price=0 Quantity=10 Type='Limit' Time in force=GTC Oco='' Filled=0 Fill price=0 Error='No error' Native error='',
7/27/2026 8:42:43 AM,Order,Order='2838549453/PA-APEX-422136-07' Name='Entry' New state='Change submitted' Instrument='MES SEP26' Action='Sell' Limit price=7444 Stop price=0 Quantity=10 Type='Limit' Time in force=GTC Oco='' Filled=0 Fill price=0 Error='No error' Native error='',
7/27/2026 8:39:51 AM,Order,Order='2838567561/PA-APEX-422136-08' Name='Entry' New state='Accepted' Instrument='MES SEP26' Action='Sell' Limit price=7463 Stop price=0 Quantity=10 Type='Limit' Time in force=GTC Oco='' Filled=0 Fill price=0 Error='No error' Native error='',
7/27/2026 8:39:51 AM,Order,Order='2838567561/PA-APEX-422136-08' Name='Entry' New state='Working' Instrument='MES SEP26' Action='Sell' Limit price=7463 Stop price=0 Quantity=10 Type='Limit' Time in force=GTC Oco='' Filled=0 Fill price=0 Error='No error' Native error='',
7/27/2026 8:39:51 AM,Order,Order='acdc39621927485fb7c65e3548658bab/PA-APEX-422136-08' Name='Entry' New state='Submitted' Instrument='MES SEP26' Action='Sell' Limit price=7463 Stop price=0 Quantity=10 Type='Limit' Time in force=GTC Oco='' Filled=0 Fill price=0 Error='No error' Native error='',
7/27/2026 8:39:51 AM,Order,Chart Trader submitting order with strategy 'MES MIN SL8 - 4' (Ticks),
7/27/2026 8:39:43 AM,Order,Order='2838567163/PA-APEX-422136-08' Name='Entry' New state='Working' Instrument='MES SEP26' Action='Buy' Limit price=7412 Stop price=0 Quantity=10 Type='Limit' Time in force=GTC Oco='' Filled=0 Fill price=0 Error='No error' Native error='',
7/27/2026 8:39:43 AM,Order,Order='2838567163/PA-APEX-422136-08' Name='Entry' New state='Accepted' Instrument='MES SEP26' Action='Buy' Limit price=7412 Stop price=0 Quantity=10 Type='Limit' Time in force=GTC Oco='' Filled=0 Fill price=0 Error='No error' Native error='',
7/27/2026 8:39:43 AM,Order,Order='9c35068b439e4d3fbd3e12335e69f8e3/PA-APEX-422136-08' Name='Entry' New state='Submitted' Instrument='MES SEP26' Action='Buy' Limit price=7412 Stop price=0 Quantity=10 Type='Limit' Time in force=GTC Oco='' Filled=0 Fill price=0 Error='No error' Native error='',
7/27/2026 8:39:43 AM,Order,Chart Trader submitting order with strategy 'MES MIN SL8 - 3' (Ticks),
7/27/2026 8:39:02 AM,Order,Order='2838551269/PA-APEX-422136-07' Name='Entry' New state='Accepted' Instrument='MES SEP26' Action='Buy' Limit price=7412 Stop price=0 Quantity=10 Type='Limit' Time in force=GTC Oco='' Filled=0 Fill price=0 Error='No error' Native error='',
7/27/2026 8:39:02 AM,Order,Order='2838551269/PA-APEX-422136-07' Name='Entry' New state='Working' Instrument='MES SEP26' Action='Buy' Limit price=7412 Stop price=0 Quantity=10 Type='Limit' Time in force=GTC Oco='' Filled=0 Fill price=0 Error='No error' Native error='',
7/27/2026 8:39:02 AM,Order,Order='2838551269/PA-APEX-422136-07' Name='Entry' New state='Change submitted' Instrument='MES SEP26' Action='Buy' Limit price=7412 Stop price=0 Quantity=10 Type='Limit' Time in force=GTC Oco='' Filled=0 Fill price=0 Error='No error' Native error='',
7/27/2026 8:39:00 AM,Order,Order='2838551269/PA-APEX-422136-07' Name='Entry' New state='Accepted' Instrument='MES SEP26' Action='Buy' Limit price=7411.75 Stop price=0 Quantity=10 Type='Limit' Time in force=GTC Oco='' Filled=0 Fill price=0 Error='No error' Native error='',
7/27/2026 8:39:00 AM,Order,Order='2838551269/PA-APEX-422136-07' Name='Entry' New state='Working' Instrument='MES SEP26' Action='Buy' Limit price=7411.75 Stop price=0 Quantity=10 Type='Limit' Time in force=GTC Oco='' Filled=0 Fill price=0 Error='No error' Native error='',
7/27/2026 8:39:00 AM,Order,Order='2838551269/PA-APEX-422136-07' Name='Entry' New state='Change submitted' Instrument='MES SEP26' Action='Buy' Limit price=7411.75 Stop price=0 Quantity=10 Type='Limit' Time in force=GTC Oco='' Filled=0 Fill price=0 Error='No error' Native error='',
7/27/2026 8:34:40 AM,Order,Order='2838551269/PA-APEX-422136-07' Name='Entry' New state='Accepted' Instrument='MES SEP26' Action='Buy' Limit price=7412 Stop price=0 Quantity=10 Type='Limit' Time in force=GTC Oco='' Filled=0 Fill price=0 Error='No error' Native error='',
7/27/2026 8:34:40 AM,Order,Order='2838551269/PA-APEX-422136-07' Name='Entry' New state='Working' Instrument='MES SEP26' Action='Buy' Limit price=7412 Stop price=0 Quantity=10 Type='Limit' Time in force=GTC Oco='' Filled=0 Fill price=0 Error='No error' Native error='',
7/27/2026 8:34:39 AM,Order,Order='2838551269/PA-APEX-422136-07' Name='Entry' New state='Change submitted' Instrument='MES SEP26' Action='Buy' Limit price=7412 Stop price=0 Quantity=10 Type='Limit' Time in force=GTC Oco='' Filled=0 Fill price=0 Error='No error' Native error='',
7/27/2026 8:34:37 AM,Order,Order='2838551269/PA-APEX-422136-07' Name='Entry' New state='Accepted' Instrument='MES SEP26' Action='Buy' Limit price=7411.75 Stop price=0 Quantity=10 Type='Limit' Time in force=GTC Oco='' Filled=0 Fill price=0 Error='No error' Native error='',
7/27/2026 8:34:37 AM,Order,Order='2838551269/PA-APEX-422136-07' Name='Entry' New state='Working' Instrument='MES SEP26' Action='Buy' Limit price=7411.75 Stop price=0 Quantity=10 Type='Limit' Time in force=GTC Oco='' Filled=0 Fill price=0 Error='No error' Native error='',
7/27/2026 8:34:37 AM,Order,Order='86c0b9a77faf4ebe9cbedc7ccf10a1cb/PA-APEX-422136-07' Name='Entry' New state='Submitted' Instrument='MES SEP26' Action='Buy' Limit price=7411.75 Stop price=0 Quantity=10 Type='Limit' Time in force=GTC Oco='' Filled=0 Fill price=0 Error='No error' Native error='',
7/27/2026 8:34:37 AM,Order,Chart Trader submitting order with strategy 'MES MIN SL8 - 2' (Ticks),
7/27/2026 8:34:08 AM,Order,Order='2838549453/PA-APEX-422136-07' Name='Entry' New state='Working' Instrument='MES SEP26' Action='Sell' Limit price=7463 Stop price=0 Quantity=10 Type='Limit' Time in force=GTC Oco='' Filled=0 Fill price=0 Error='No error' Native error='',
7/27/2026 8:34:08 AM,Order,Order='2838549453/PA-APEX-422136-07' Name='Entry' New state='Accepted' Instrument='MES SEP26' Action='Sell' Limit price=7463 Stop price=0 Quantity=10 Type='Limit' Time in force=GTC Oco='' Filled=0 Fill price=0 Error='No error' Native error='',
7/27/2026 8:34:08 AM,Order,Order='2838549453/PA-APEX-422136-07' Name='Entry' New state='Change submitted' Instrument='MES SEP26' Action='Sell' Limit price=7463 Stop price=0 Quantity=10 Type='Limit' Time in force=GTC Oco='' Filled=0 Fill price=0 Error='No error' Native error='',
7/27/2026 8:34:04 AM,Order,Order='2838549453/PA-APEX-422136-07' Name='Entry' New state='Accepted' Instrument='MES SEP26' Action='Sell' Limit price=7463.25 Stop price=0 Quantity=10 Type='Limit' Time in force=GTC Oco='' Filled=0 Fill price=0 Error='No error' Native error='',
7/27/2026 8:34:04 AM,Order,Order='2838549453/PA-APEX-422136-07' Name='Entry' New state='Working' Instrument='MES SEP26' Action='Sell' Limit price=7463.25 Stop price=0 Quantity=10 Type='Limit' Time in force=GTC Oco='' Filled=0 Fill price=0 Error='No error' Native error='',
7/27/2026 8:34:04 AM,Order,Order='2838549453/PA-APEX-422136-07' Name='Entry' New state='Change submitted' Instrument='MES SEP26' Action='Sell' Limit price=7463.25 Stop price=0 Quantity=10 Type='Limit' Time in force=GTC Oco='' Filled=0 Fill price=0 Error='No error' Native error='',
7/27/2026 8:33:59 AM,Order,Order='2838549453/PA-APEX-422136-07' Name='Entry' New state='Working' Instrument='MES SEP26' Action='Sell' Limit price=7463.5 Stop price=0 Quantity=10 Type='Limit' Time in force=GTC Oco='' Filled=0 Fill price=0 Error='No error' Native error='',
7/27/2026 8:33:59 AM,Order,Order='2838549453/PA-APEX-422136-07' Name='Entry' New state='Accepted' Instrument='MES SEP26' Action='Sell' Limit price=7463.5 Stop price=0 Quantity=10 Type='Limit' Time in force=GTC Oco='' Filled=0 Fill price=0 Error='No error' Native error='',
7/27/2026 8:33:59 AM,Order,Order='b70960b6c88344839981445c41dc214a/PA-APEX-422136-07' Name='Entry' New state='Submitted' Instrument='MES SEP26' Action='Sell' Limit price=7463.5 Stop price=0 Quantity=10 Type='Limit' Time in force=GTC Oco='' Filled=0 Fill price=0 Error='No error' Native error='',
7/27/2026 8:33:59 AM,Order,Chart Trader submitting order with strategy 'MES MIN SL8 - 1' (Ticks),
7/27/2026 8:00:09 AM,Order,Order='2838397271/PA-APEX-422136-08' Name='Target2' New state='Cancelled' Instrument='MES SEP26' Action='Buy to cover' Limit price=7450.25 Stop price=0 Quantity=5 Type='Limit' Time in force=GTC Oco='4af058ba3e1046e886ad97ef4dbce283' Filled=0 Fill price=0 Error='No error' Native error='',
7/27/2026 8:00:09 AM,Order,Order='2838397268/PA-APEX-422136-09' Name='Target2' New state='Cancelled' Instrument='MES SEP26' Action='Buy to cover' Limit price=7450.25 Stop price=0 Quantity=5 Type='Limit' Time in force=GTC Oco='8ab686e801ea483199598a9e38811f5d' Filled=0 Fill price=0 Error='No error' Native error='',
7/27/2026 8:00:09 AM,Order,Order='2838397259/PA-APEX-422136-07' Name='Target2' New state='Cancelled' Instrument='MES SEP26' Action='Buy to cover' Limit price=7450.25 Stop price=0 Quantity=5 Type='Limit' Time in force=GTC Oco='8ff89b34f6b44038903658ef42acecb2' Filled=0 Fill price=0 Error='No error' Native error='',
7/27/2026 8:00:09 AM,Strategy,Cancelling any remaining strategy orders,
7/27/2026 8:00:09 AM,Order,Order='2838397261/PA-APEX-422136-09' Name='Stop1' New state='Cancelled' Instrument='MES SEP26' Action='Buy to cover' Limit price=0 Stop price=7462.25 Quantity=4 Type='Stop Market' Time in force=GTC Oco='7efa4731eae94203b669635a290e9e06' Filled=0 Fill price=0 Error='No error' Native error='',
7/27/2026 8:00:09 AM,Order,Order='2838397267/PA-APEX-422136-08' Name='Stop1' New state='Cancelled' Instrument='MES SEP26' Action='Buy to cover' Limit price=0 Stop price=7462.25 Quantity=4 Type='Stop Market' Time in force=GTC Oco='d8bb9c088ea64e5aab368f7a60783e73' Filled=0 Fill price=0 Error='No error' Native error='',
7/27/2026 8:00:09 AM,Order,Order='2838397254/PA-APEX-422136-07' Name='Stop1' New state='Cancelled' Instrument='MES SEP26' Action='Buy to cover' Limit price=0 Stop price=7462.25 Quantity=4 Type='Stop Market' Time in force=GTC Oco='791be7f546f64c62acf3a68d41caef45' Filled=0 Fill price=0 Error='No error' Native error='',
7/27/2026 8:00:09 AM,Order,Order='2838397271/PA-APEX-422136-08' Name='Target2' New state='Cancel submitted' Instrument='MES SEP26' Action='Buy to cover' Limit price=7450.25 Stop price=0 Quantity=5 Type='Limit' Time in force=GTC Oco='4af058ba3e1046e886ad97ef4dbce283' Filled=0 Fill price=0 Error='No error' Native error='',
7/27/2026 8:00:09 AM,Order,Order='2838397270/PA-APEX-422136-08' Name='Stop2' New state='Filled' Instrument='MES SEP26' Action='Buy to cover' Limit price=0 Stop price=7453.25 Quantity=5 Type='Stop Market' Time in force=GTC Oco='4af058ba3e1046e886ad97ef4dbce283' Filled=5 Fill price=7453.25 Error='No error' Native error='',
7/27/2026 8:00:09 AM,Order,Order='2838397268/PA-APEX-422136-09' Name='Target2' New state='Cancel submitted' Instrument='MES SEP26' Action='Buy to cover' Limit price=7450.25 Stop price=0 Quantity=5 Type='Limit' Time in force=GTC Oco='8ab686e801ea483199598a9e38811f5d' Filled=0 Fill price=0 Error='No error' Native error='',
7/27/2026 8:00:09 AM,Execution,Execution='1152943,
7/27/2026 8:00:09 AM,Strategy,Cancelling any remaining strategy orders,
7/27/2026 8:00:09 AM,Order,Order='2838397270/PA-APEX-422136-08' Name='Stop2' New state='Working' Instrument='MES SEP26' Action='Buy to cover' Limit price=0 Stop price=7453.25 Quantity=5 Type='Stop Market' Time in force=GTC Oco='4af058ba3e1046e886ad97ef4dbce283' Filled=0 Fill price=0 Error='No error' Native error='',
7/27/2026 8:00:09 AM,Order,Order='2838397263/PA-APEX-422136-09' Name='Stop2' New state='Filled' Instrument='MES SEP26' Action='Buy to cover' Limit price=0 Stop price=7453.25 Quantity=5 Type='Stop Market' Time in force=GTC Oco='8ab686e801ea483199598a9e38811f5d' Filled=5 Fill price=7453.25 Error='No error' Native error='',
7/27/2026 8:00:09 AM,Execution,Execution='1152559,
7/27/2026 8:00:09 AM,Strategy,Cancelling any remaining strategy orders,
7/27/2026 8:00:09 AM,Order,Order='2838397263/PA-APEX-422136-09' Name='Stop2' New state='Working' Instrument='MES SEP26' Action='Buy to cover' Limit price=0 Stop price=7453.25 Quantity=5 Type='Stop Market' Time in force=GTC Oco='8ab686e801ea483199598a9e38811f5d' Filled=0 Fill price=0 Error='No error' Native error='',
7/27/2026 8:00:09 AM,Position,Instrument='MES SEP26' Account='PA-APEX-422136-09' Average price=7454.25 Quantity=5 Market position=Flat Operation=Remove,
7/27/2026 8:00:09 AM,Position,Instrument='MES SEP26' Account='PA-APEX-422136-07' Average price=7454.25 Quantity=5 Market position=Flat Operation=Remove,
7/27/2026 8:00:09 AM,Execution,Execution='1152650,
7/27/2026 8:00:09 AM,Order,Order='2838397259/PA-APEX-422136-07' Name='Target2' New state='Cancel submitted' Instrument='MES SEP26' Action='Buy to cover' Limit price=7450.25 Stop price=0 Quantity=5 Type='Limit' Time in force=GTC Oco='8ff89b34f6b44038903658ef42acecb2' Filled=0 Fill price=0 Error='No error' Native error='',
7/27/2026 8:00:09 AM,Order,Order='2838397256/PA-APEX-422136-07' Name='Stop2' New state='Filled' Instrument='MES SEP26' Action='Buy to cover' Limit price=0 Stop price=7453.25 Quantity=5 Type='Stop Market' Time in force=GTC Oco='8ff89b34f6b44038903658ef42acecb2' Filled=5 Fill price=7453.25 Error='No error' Native error='',
7/27/2026 8:00:09 AM,Order,Order='2838397267/PA-APEX-422136-08' Name='Stop1' New state='Cancel submitted' Instrument='MES SEP26' Action='Buy to cover' Limit price=0 Stop price=7462.25 Quantity=4 Type='Stop Market' Time in force=GTC Oco='d8bb9c088ea64e5aab368f7a60783e73' Filled=0 Fill price=0 Error='No error' Native error='',
7/27/2026 8:00:09 AM,Order,Order='2838397267/PA-APEX-422136-08' Name='Stop1' New state='Accepted' Instrument='MES SEP26' Action='Buy to cover' Limit price=0 Stop price=7462.25 Quantity=4 Type='Stop Market' Time in force=GTC Oco='d8bb9c088ea64e5aab368f7a60783e73' Filled=0 Fill price=0 Error='No error' Native error='',
7/27/2026 8:00:09 AM,Order,Order='2838397256/PA-APEX-422136-07' Name='Stop2' New state='Working' Instrument='MES SEP26' Action='Buy to cover' Limit price=0 Stop price=7453.25 Quantity=5 Type='Stop Market' Time in force=GTC Oco='8ff89b34f6b44038903658ef42acecb2' Filled=0 Fill price=0 Error='No error' Native error='',
7/27/2026 8:00:09 AM,Order,Order='2838397261/PA-APEX-422136-09' Name='Stop1' New state='Cancel submitted' Instrument='MES SEP26' Action='Buy to cover' Limit price=0 Stop price=7462.25 Quantity=4 Type='Stop Market' Time in force=GTC Oco='7efa4731eae94203b669635a290e9e06' Filled=0 Fill price=0 Error='No error' Native error='',
7/27/2026 8:00:09 AM,Order,Order='2838397270/PA-APEX-422136-08' Name='Stop2' New state='Accepted' Instrument='MES SEP26' Action='Buy to cover' Limit price=0 Stop price=7453.25 Quantity=5 Type='Stop Market' Time in force=GTC Oco='4af058ba3e1046e886ad97ef4dbce283' Filled=0 Fill price=0 Error='No error' Native error='',
7/27/2026 8:00:09 AM,Order,Order='2838397263/PA-APEX-422136-09' Name='Stop2' New state='Accepted' Instrument='MES SEP26' Action='Buy to cover' Limit price=0 Stop price=7453.25 Quantity=5 Type='Stop Market' Time in force=GTC Oco='8ab686e801ea483199598a9e38811f5d' Filled=0 Fill price=0 Error='No error' Native error='',
7/27/2026 8:00:09 AM,Order,Order='2838397261/PA-APEX-422136-09' Name='Stop1' New state='Accepted' Instrument='MES SEP26' Action='Buy to cover' Limit price=0 Stop price=7462.25 Quantity=4 Type='Stop Market' Time in force=GTC Oco='7efa4731eae94203b669635a290e9e06' Filled=0 Fill price=0 Error='No error' Native error='',
7/27/2026 8:00:09 AM,Order,Order='2838397254/PA-APEX-422136-07' Name='Stop1' New state='Cancel submitted' Instrument='MES SEP26' Action='Buy to cover' Limit price=0 Stop price=7462.25 Quantity=4 Type='Stop Market' Time in force=GTC Oco='791be7f546f64c62acf3a68d41caef45' Filled=0 Fill price=0 Error='No error' Native error='',
7/27/2026 8:00:09 AM,Order,Order='2838397256/PA-APEX-422136-07' Name='Stop2' New state='Accepted' Instrument='MES SEP26' Action='Buy to cover' Limit price=0 Stop price=7453.25 Quantity=5 Type='Stop Market' Time in force=GTC Oco='8ff89b34f6b44038903658ef42acecb2' Filled=0 Fill price=0 Error='No error' Native error='',
7/27/2026 8:00:09 AM,Order,Order='2838397254/PA-APEX-422136-07' Name='Stop1' New state='Accepted' Instrument='MES SEP26' Action='Buy to cover' Limit price=0 Stop price=7462.25 Quantity=4 Type='Stop Market' Time in force=GTC Oco='791be7f546f64c62acf3a68d41caef45' Filled=0 Fill price=0 Error='No error' Native error='',
7/27/2026 8:00:08 AM,Order,Order='2838397269/PA-APEX-422136-08' Name='Target1' New state='Filled' Instrument='MES SEP26' Action='Buy to cover' Limit price=7451.5 Stop price=0 Quantity=5 Type='Limit' Time in force=GTC Oco='d8bb9c088ea64e5aab368f7a60783e73' Filled=5 Fill price=7451.5 Error='No error' Native error='',
7/27/2026 8:00:08 AM,Execution,Execution='1152225,
7/27/2026 8:00:08 AM,Order,Order='2838397269/PA-APEX-422136-08' Name='Target1' New state='Partially filled' Instrument='MES SEP26' Action='Buy to cover' Limit price=7451.5 Stop price=0 Quantity=5 Type='Limit' Time in force=GTC Oco='d8bb9c088ea64e5aab368f7a60783e73' Filled=4 Fill price=7451.5 Error='No error' Native error='',
7/27/2026 8:00:08 AM,Execution,Execution='1152224,
7/27/2026 8:00:08 AM,Order,Order='2838397269/PA-APEX-422136-08' Name='Target1' New state='Partially filled' Instrument='MES SEP26' Action='Buy to cover' Limit price=7451.5 Stop price=0 Quantity=5 Type='Limit' Time in force=GTC Oco='d8bb9c088ea64e5aab368f7a60783e73' Filled=3 Fill price=7451.5 Error='No error' Native error='',
7/27/2026 8:00:08 AM,Execution,Execution='1152223,
7/27/2026 8:00:08 AM,Order,Order='2838397269/PA-APEX-422136-08' Name='Target1' New state='Partially filled' Instrument='MES SEP26' Action='Buy to cover' Limit price=7451.5 Stop price=0 Quantity=5 Type='Limit' Time in force=GTC Oco='d8bb9c088ea64e5aab368f7a60783e73' Filled=2 Fill price=7451.5 Error='No error' Native error='',
7/27/2026 8:00:08 AM,Position,Instrument='MES SEP26' Account='PA-APEX-422136-08' Average price=7454.25 Quantity=5 Market position=Flat Operation=Remove,
7/27/2026 8:00:08 AM,Execution,Execution='1152222,
7/27/2026 8:00:08 AM,Order,Order='2838397269/PA-APEX-422136-08' Name='Target1' New state='Partially filled' Instrument='MES SEP26' Action='Buy to cover' Limit price=7451.5 Stop price=0 Quantity=5 Type='Limit' Time in force=GTC Oco='d8bb9c088ea64e5aab368f7a60783e73' Filled=1 Fill price=7451.5 Error='No error' Native error='',
7/27/2026 8:00:08 AM,Execution,Execution='1152221,
7/27/2026 8:00:08 AM,Order,Order='2838397267/PA-APEX-422136-08' Name='Stop1' New state='Change submitted' Instrument='MES SEP26' Action='Buy to cover' Limit price=0 Stop price=7462.25 Quantity=4 Type='Stop Market' Time in force=GTC Oco='d8bb9c088ea64e5aab368f7a60783e73' Filled=0 Fill price=0 Error='No error' Native error='',
7/27/2026 8:00:08 AM,Order,Order='2838397262/PA-APEX-422136-09' Name='Target1' New state='Filled' Instrument='MES SEP26' Action='Buy to cover' Limit price=7451.5 Stop price=0 Quantity=5 Type='Limit' Time in force=GTC Oco='7efa4731eae94203b669635a290e9e06' Filled=5 Fill price=7451.5 Error='No error' Native error='',
7/27/2026 8:00:08 AM,Execution,Execution='1153236,
7/27/2026 8:00:08 AM,Execution,Execution='1153235,
7/27/2026 8:00:08 AM,Order,Order='2838397262/PA-APEX-422136-09' Name='Target1' New state='Partially filled' Instrument='MES SEP26' Action='Buy to cover' Limit price=7451.5 Stop price=0 Quantity=5 Type='Limit' Time in force=GTC Oco='7efa4731eae94203b669635a290e9e06' Filled=4 Fill price=7451.5 Error='No error' Native error='',
7/27/2026 8:00:08 AM,Order,Order='2838397262/PA-APEX-422136-09' Name='Target1' New state='Partially filled' Instrument='MES SEP26' Action='Buy to cover' Limit price=7451.5 Stop price=0 Quantity=5 Type='Limit' Time in force=GTC Oco='7efa4731eae94203b669635a290e9e06' Filled=3 Fill price=7451.5 Error='No error' Native error='',
7/27/2026 8:00:08 AM,Execution,Execution='1153234,
7/27/2026 8:00:08 AM,Order,Order='2838397262/PA-APEX-422136-09' Name='Target1' New state='Partially filled' Instrument='MES SEP26' Action='Buy to cover' Limit price=7451.5 Stop price=0 Quantity=5 Type='Limit' Time in force=GTC Oco='7efa4731eae94203b669635a290e9e06' Filled=2 Fill price=7451.5 Error='No error' Native error='',
7/27/2026 8:00:08 AM,Execution,Execution='1153233,
7/27/2026 8:00:08 AM,Order,Order='2838397261/PA-APEX-422136-09' Name='Stop1' New state='Change submitted' Instrument='MES SEP26' Action='Buy to cover' Limit price=0 Stop price=7462.25 Quantity=4 Type='Stop Market' Time in force=GTC Oco='7efa4731eae94203b669635a290e9e06' Filled=0 Fill price=0 Error='No error' Native error='',
7/27/2026 8:00:07 AM,Execution,Execution='1153232,
7/27/2026 8:00:07 AM,Order,Order='2838397262/PA-APEX-422136-09' Name='Target1' New state='Partially filled' Instrument='MES SEP26' Action='Buy to cover' Limit price=7451.5 Stop price=0 Quantity=5 Type='Limit' Time in force=GTC Oco='7efa4731eae94203b669635a290e9e06' Filled=1 Fill price=7451.5 Error='No error' Native error='',
7/27/2026 8:00:07 AM,Order,Order='2838397255/PA-APEX-422136-07' Name='Target1' New state='Filled' Instrument='MES SEP26' Action='Buy to cover' Limit price=7451.5 Stop price=0 Quantity=5 Type='Limit' Time in force=GTC Oco='791be7f546f64c62acf3a68d41caef45' Filled=5 Fill price=7451.5 Error='No error' Native error='',
7/27/2026 8:00:07 AM,Execution,Execution='1151291,
7/27/2026 8:00:07 AM,Order,Order='2838397255/PA-APEX-422136-07' Name='Target1' New state='Partially filled' Instrument='MES SEP26' Action='Buy to cover' Limit price=7451.5 Stop price=0 Quantity=5 Type='Limit' Time in force=GTC Oco='791be7f546f64c62acf3a68d41caef45' Filled=4 Fill price=7451.5 Error='No error' Native error='',
7/27/2026 8:00:07 AM,Execution,Execution='1151290,
7/27/2026 8:00:07 AM,Execution,Execution='1151289,
7/27/2026 8:00:07 AM,Order,Order='2838397255/PA-APEX-422136-07' Name='Target1' New state='Partially filled' Instrument='MES SEP26' Action='Buy to cover' Limit price=7451.5 Stop price=0 Quantity=5 Type='Limit' Time in force=GTC Oco='791be7f546f64c62acf3a68d41caef45' Filled=3 Fill price=7451.5 Error='No error' Native error='',
7/27/2026 8:00:07 AM,Order,Order='2838397255/PA-APEX-422136-07' Name='Target1' New state='Partially filled' Instrument='MES SEP26' Action='Buy to cover' Limit price=7451.5 Stop price=0 Quantity=5 Type='Limit' Time in force=GTC Oco='791be7f546f64c62acf3a68d41caef45' Filled=2 Fill price=7451.5 Error='No error' Native error='',
7/27/2026 8:00:07 AM,Execution,Execution='1151288,
7/27/2026 8:00:07 AM,Order,Order='2838397270/PA-APEX-422136-08' Name='Stop2' New state='Change submitted' Instrument='MES SEP26' Action='Buy to cover' Limit price=0 Stop price=7453.25 Quantity=5 Type='Stop Market' Time in force=GTC Oco='4af058ba3e1046e886ad97ef4dbce283' Filled=0 Fill price=0 Error='No error' Native error='',
7/27/2026 8:00:07 AM,Order,Order='2838397263/PA-APEX-422136-09' Name='Stop2' New state='Change submitted' Instrument='MES SEP26' Action='Buy to cover' Limit price=0 Stop price=7453.25 Quantity=5 Type='Stop Market' Time in force=GTC Oco='8ab686e801ea483199598a9e38811f5d' Filled=0 Fill price=0 Error='No error' Native error='',
7/27/2026 8:00:07 AM,Order,Auto trail price modification from '7453.75' to '7453.25',
7/27/2026 8:00:07 AM,Order,Auto trail price modification from '7453.75' to '7453.25',
7/27/2026 8:00:07 AM,Order,Order='2838397256/PA-APEX-422136-07' Name='Stop2' New state='Change submitted' Instrument='MES SEP26' Action='Buy to cover' Limit price=0 Stop price=7453.25 Quantity=5 Type='Stop Market' Time in force=GTC Oco='8ff89b34f6b44038903658ef42acecb2' Filled=0 Fill price=0 Error='No error' Native error='',
7/27/2026 8:00:07 AM,Position,Instrument='MES SEP26' Account='PA-APEX-422136-08' Average price=7454.25 Quantity=5 Market position=Short Operation=Update,
7/27/2026 8:00:07 AM,Position,Instrument='MES SEP26' Account='PA-APEX-422136-08' Average price=7454.25 Quantity=6 Market position=Short Operation=Update,
7/27/2026 8:00:07 AM,Position,Instrument='MES SEP26' Account='PA-APEX-422136-08' Average price=7454.25 Quantity=9 Market position=Short Operation=Update,
7/27/2026 8:00:07 AM,Position,Instrument='MES SEP26' Account='PA-APEX-422136-08' Average price=7454.25 Quantity=8 Market position=Short Operation=Update,
7/27/2026 8:00:07 AM,Position,Instrument='MES SEP26' Account='PA-APEX-422136-08' Average price=7454.25 Quantity=7 Market position=Short Operation=Update,
7/27/2026 8:00:07 AM,Position,Instrument='MES SEP26' Account='PA-APEX-422136-09' Average price=7454.25 Quantity=6 Market position=Short Operation=Update,
7/27/2026 8:00:07 AM,Position,Instrument='MES SEP26' Account='PA-APEX-422136-09' Average price=7454.25 Quantity=5 Market position=Short Operation=Update,
7/27/2026 8:00:07 AM,Position,Instrument='MES SEP26' Account='PA-APEX-422136-09' Average price=7454.25 Quantity=7 Market position=Short Operation=Update,
7/27/2026 8:00:07 AM,Position,Instrument='MES SEP26' Account='PA-APEX-422136-09' Average price=7454.25 Quantity=8 Market position=Short Operation=Update,
7/27/2026 8:00:07 AM,Order,Auto trail price modification from '7453.75' to '7453.25',
7/27/2026 8:00:07 AM,Position,Instrument='MES SEP26' Account='PA-APEX-422136-07' Average price=7454.25 Quantity=5 Market position=Short Operation=Update,
7/27/2026 8:00:07 AM,Position,Instrument='MES SEP26' Account='PA-APEX-422136-09' Average price=7454.25 Quantity=9 Market position=Short Operation=Update,
7/27/2026 8:00:07 AM,Position,Instrument='MES SEP26' Account='PA-APEX-422136-07' Average price=7454.25 Quantity=6 Market position=Short Operation=Update,
7/27/2026 8:00:07 AM,Order,Order='2838397254/PA-APEX-422136-07' Name='Stop1' New state='Change submitted' Instrument='MES SEP26' Action='Buy to cover' Limit price=0 Stop price=7462.25 Quantity=4 Type='Stop Market' Time in force=GTC Oco='791be7f546f64c62acf3a68d41caef45' Filled=0 Fill price=0 Error='No error' Native error='',
7/27/2026 8:00:07 AM,Position,Instrument='MES SEP26' Account='PA-APEX-422136-07' Average price=7454.25 Quantity=7 Market position=Short Operation=Update,
7/27/2026 8:00:07 AM,Execution,Execution='1151287,
7/27/2026 8:00:07 AM,Position,Instrument='MES SEP26' Account='PA-APEX-422136-07' Average price=7454.25 Quantity=8 Market position=Short Operation=Update,
7/27/2026 8:00:07 AM,Position,Instrument='MES SEP26' Account='PA-APEX-422136-07' Average price=7454.25 Quantity=9 Market position=Short Operation=Update,
7/27/2026 8:00:07 AM,Order,Order='2838397255/PA-APEX-422136-07' Name='Target1' New state='Partially filled' Instrument='MES SEP26' Action='Buy to cover' Limit price=7451.5 Stop price=0 Quantity=5 Type='Limit' Time in force=GTC Oco='791be7f546f64c62acf3a68d41caef45' Filled=1 Fill price=7451.5 Error='No error' Native error='',
7/27/2026 8:00:06 AM,Order,Order='2838397270/PA-APEX-422136-08' Name='Stop2' New state='Accepted' Instrument='MES SEP26' Action='Buy to cover' Limit price=0 Stop price=7453.75 Quantity=5 Type='Stop Market' Time in force=GTC Oco='4af058ba3e1046e886ad97ef4dbce283' Filled=0 Fill price=0 Error='No error' Native error='',
7/27/2026 8:00:06 AM,Order,Order='2838397263/PA-APEX-422136-09' Name='Stop2' New state='Accepted' Instrument='MES SEP26' Action='Buy to cover' Limit price=0 Stop price=7453.75 Quantity=5 Type='Stop Market' Time in force=GTC Oco='8ab686e801ea483199598a9e38811f5d' Filled=0 Fill price=0 Error='No error' Native error='',
7/27/2026 8:00:06 AM,Order,Order='2838397256/PA-APEX-422136-07' Name='Stop2' New state='Accepted' Instrument='MES SEP26' Action='Buy to cover' Limit price=0 Stop price=7453.75 Quantity=5 Type='Stop Market' Time in force=GTC Oco='8ff89b34f6b44038903658ef42acecb2' Filled=0 Fill price=0 Error='No error' Native error='',
7/27/2026 8:00:06 AM,Order,Order='2838397270/PA-APEX-422136-08' Name='Stop2' New state='Change submitted' Instrument='MES SEP26' Action='Buy to cover' Limit price=0 Stop price=7453.75 Quantity=5 Type='Stop Market' Time in force=GTC Oco='4af058ba3e1046e886ad97ef4dbce283' Filled=0 Fill price=0 Error='No error' Native error='',
7/27/2026 8:00:06 AM,Order,Order='2838397263/PA-APEX-422136-09' Name='Stop2' New state='Change submitted' Instrument='MES SEP26' Action='Buy to cover' Limit price=0 Stop price=7453.75 Quantity=5 Type='Stop Market' Time in force=GTC Oco='8ab686e801ea483199598a9e38811f5d' Filled=0 Fill price=0 Error='No error' Native error='',
7/27/2026 8:00:06 AM,Order,Auto breakeven price modification from '7462.25' to '7453.75',
7/27/2026 8:00:06 AM,Order,Auto breakeven price modification from '7462.25' to '7453.75',
7/27/2026 8:00:06 AM,Order,Order='2838397256/PA-APEX-422136-07' Name='Stop2' New state='Change submitted' Instrument='MES SEP26' Action='Buy to cover' Limit price=0 Stop price=7453.75 Quantity=5 Type='Stop Market' Time in force=GTC Oco='8ff89b34f6b44038903658ef42acecb2' Filled=0 Fill price=0 Error='No error' Native error='',
7/27/2026 8:00:06 AM,Order,Auto breakeven price modification from '7462.25' to '7453.75',
7/27/2026 7:59:32 AM,Order,Order='2838397271/PA-APEX-422136-08' Name='Target2' New state='Working' Instrument='MES SEP26' Action='Buy to cover' Limit price=7450.25 Stop price=0 Quantity=5 Type='Limit' Time in force=GTC Oco='4af058ba3e1046e886ad97ef4dbce283' Filled=0 Fill price=0 Error='No error' Native error='',
7/27/2026 7:59:32 AM,Order,Order='2838397271/PA-APEX-422136-08' Name='Target2' New state='Accepted' Instrument='MES SEP26' Action='Buy to cover' Limit price=7450.25 Stop price=0 Quantity=5 Type='Limit' Time in force=GTC Oco='4af058ba3e1046e886ad97ef4dbce283' Filled=0 Fill price=0 Error='No error' Native error='',
7/27/2026 7:59:32 AM,Order,Order='2838397270/PA-APEX-422136-08' Name='Stop2' New state='Accepted' Instrument='MES SEP26' Action='Buy to cover' Limit price=0 Stop price=7462.25 Quantity=5 Type='Stop Market' Time in force=GTC Oco='4af058ba3e1046e886ad97ef4dbce283' Filled=0 Fill price=0 Error='No error' Native error='',
7/27/2026 7:59:32 AM,Order,Order='2838397267/PA-APEX-422136-08' Name='Stop1' New state='Accepted' Instrument='MES SEP26' Action='Buy to cover' Limit price=0 Stop price=7462.25 Quantity=5 Type='Stop Market' Time in force=GTC Oco='d8bb9c088ea64e5aab368f7a60783e73' Filled=0 Fill price=0 Error='No error' Native error='',
7/27/2026 7:59:32 AM,Order,Order='2838397261/PA-APEX-422136-09' Name='Stop1' New state='Accepted' Instrument='MES SEP26' Action='Buy to cover' Limit price=0 Stop price=7462.25 Quantity=5 Type='Stop Market' Time in force=GTC Oco='7efa4731eae94203b669635a290e9e06' Filled=0 Fill price=0 Error='No error' Native error='',
7/27/2026 7:59:32 AM,Order,Order='2838397263/PA-APEX-422136-09' Name='Stop2' New state='Accepted' Instrument='MES SEP26' Action='Buy to cover' Limit price=0 Stop price=7462.25 Quantity=5 Type='Stop Market' Time in force=GTC Oco='8ab686e801ea483199598a9e38811f5d' Filled=0 Fill price=0 Error='No error' Native error='',
7/27/2026 7:59:32 AM,Order,Order='2838397269/PA-APEX-422136-08' Name='Target1' New state='Working' Instrument='MES SEP26' Action='Buy to cover' Limit price=7451.5 Stop price=0 Quantity=5 Type='Limit' Time in force=GTC Oco='d8bb9c088ea64e5aab368f7a60783e73' Filled=0 Fill price=0 Error='No error' Native error='',
7/27/2026 7:59:32 AM,Order,Order='2838397269/PA-APEX-422136-08' Name='Target1' New state='Accepted' Instrument='MES SEP26' Action='Buy to cover' Limit price=7451.5 Stop price=0 Quantity=5 Type='Limit' Time in force=GTC Oco='d8bb9c088ea64e5aab368f7a60783e73' Filled=0 Fill price=0 Error='No error' Native error='',
7/27/2026 7:59:32 AM,Order,Order='2838397268/PA-APEX-422136-09' Name='Target2' New state='Working' Instrument='MES SEP26' Action='Buy to cover' Limit price=7450.25 Stop price=0 Quantity=5 Type='Limit' Time in force=GTC Oco='8ab686e801ea483199598a9e38811f5d' Filled=0 Fill price=0 Error='No error' Native error='',
7/27/2026 7:59:32 AM,Order,Order='2838397268/PA-APEX-422136-09' Name='Target2' New state='Accepted' Instrument='MES SEP26' Action='Buy to cover' Limit price=7450.25 Stop price=0 Quantity=5 Type='Limit' Time in force=GTC Oco='8ab686e801ea483199598a9e38811f5d' Filled=0 Fill price=0 Error='No error' Native error='',
7/27/2026 7:59:32 AM,Order,Order='2838397262/PA-APEX-422136-09' Name='Target1' New state='Working' Instrument='MES SEP26' Action='Buy to cover' Limit price=7451.5 Stop price=0 Quantity=5 Type='Limit' Time in force=GTC Oco='7efa4731eae94203b669635a290e9e06' Filled=0 Fill price=0 Error='No error' Native error='',
7/27/2026 7:59:32 AM,Order,Order='2838397262/PA-APEX-422136-09' Name='Target1' New state='Accepted' Instrument='MES SEP26' Action='Buy to cover' Limit price=7451.5 Stop price=0 Quantity=5 Type='Limit' Time in force=GTC Oco='7efa4731eae94203b669635a290e9e06' Filled=0 Fill price=0 Error='No error' Native error='',
7/27/2026 7:59:32 AM,Order,Order='2838397259/PA-APEX-422136-07' Name='Target2' New state='Accepted' Instrument='MES SEP26' Action='Buy to cover' Limit price=7450.25 Stop price=0 Quantity=5 Type='Limit' Time in force=GTC Oco='8ff89b34f6b44038903658ef42acecb2' Filled=0 Fill price=0 Error='No error' Native error='',
7/27/2026 7:59:32 AM,Order,Order='2838397259/PA-APEX-422136-07' Name='Target2' New state='Working' Instrument='MES SEP26' Action='Buy to cover' Limit price=7450.25 Stop price=0 Quantity=5 Type='Limit' Time in force=GTC Oco='8ff89b34f6b44038903658ef42acecb2' Filled=0 Fill price=0 Error='No error' Native error='',
7/27/2026 7:59:32 AM,Order,Order='710963bd83cc45a1915138de8837297c/PA-APEX-422136-08' Name='Target2' New state='Submitted' Instrument='MES SEP26' Action='Buy to cover' Limit price=7450.25 Stop price=0 Quantity=5 Type='Limit' Time in force=GTC Oco='4af058ba3e1046e886ad97ef4dbce283' Filled=0 Fill price=0 Error='No error' Native error='',
7/27/2026 7:59:32 AM,Order,Order='be0205f58338447d9e9508f1d56f480a/PA-APEX-422136-08' Name='Stop2' New state='Submitted' Instrument='MES SEP26' Action='Buy to cover' Limit price=0 Stop price=7462.25 Quantity=5 Type='Stop Market' Time in force=GTC Oco='4af058ba3e1046e886ad97ef4dbce283' Filled=0 Fill price=0 Error='No error' Native error='',
7/27/2026 7:59:32 AM,Order,Order='50742fcce83641fe9732766e99c0d170/PA-APEX-422136-08' Name='Target1' New state='Submitted' Instrument='MES SEP26' Action='Buy to cover' Limit price=7451.5 Stop price=0 Quantity=5 Type='Limit' Time in force=GTC Oco='d8bb9c088ea64e5aab368f7a60783e73' Filled=0 Fill price=0 Error='No error' Native error='',
7/27/2026 7:59:32 AM,Order,Order='b3abb67b178e4017b35c9ef704d9b0fc/PA-APEX-422136-09' Name='Target2' New state='Submitted' Instrument='MES SEP26' Action='Buy to cover' Limit price=7450.25 Stop price=0 Quantity=5 Type='Limit' Time in force=GTC Oco='8ab686e801ea483199598a9e38811f5d' Filled=0 Fill price=0 Error='No error' Native error='',
7/27/2026 7:59:32 AM,Order,Order='e4ae6f5a63c74a2c8550ac9d23ab2f98/PA-APEX-422136-08' Name='Stop1' New state='Submitted' Instrument='MES SEP26' Action='Buy to cover' Limit price=0 Stop price=7462.25 Quantity=5 Type='Stop Market' Time in force=GTC Oco='d8bb9c088ea64e5aab368f7a60783e73' Filled=0 Fill price=0 Error='No error' Native error='',
7/27/2026 7:59:32 AM,Order,Order='3c42a60383e047928542003877cb8b28/PA-APEX-422136-09' Name='Stop2' New state='Submitted' Instrument='MES SEP26' Action='Buy to cover' Limit price=0 Stop price=7462.25 Quantity=5 Type='Stop Market' Time in force=GTC Oco='8ab686e801ea483199598a9e38811f5d' Filled=0 Fill price=0 Error='No error' Native error='',
7/27/2026 7:59:32 AM,Order,Order='2838397255/PA-APEX-422136-07' Name='Target1' New state='Accepted' Instrument='MES SEP26' Action='Buy to cover' Limit price=7451.5 Stop price=0 Quantity=5 Type='Limit' Time in force=GTC Oco='791be7f546f64c62acf3a68d41caef45' Filled=0 Fill price=0 Error='No error' Native error='',
7/27/2026 7:59:32 AM,Order,Order='2838397254/PA-APEX-422136-07' Name='Stop1' New state='Accepted' Instrument='MES SEP26' Action='Buy to cover' Limit price=0 Stop price=7462.25 Quantity=5 Type='Stop Market' Time in force=GTC Oco='791be7f546f64c62acf3a68d41caef45' Filled=0 Fill price=0 Error='No error' Native error='',
7/27/2026 7:59:32 AM,Order,Order='2838397256/PA-APEX-422136-07' Name='Stop2' New state='Accepted' Instrument='MES SEP26' Action='Buy to cover' Limit price=0 Stop price=7462.25 Quantity=5 Type='Stop Market' Time in force=GTC Oco='8ff89b34f6b44038903658ef42acecb2' Filled=0 Fill price=0 Error='No error' Native error='',
7/27/2026 7:59:32 AM,Order,Order='2838397255/PA-APEX-422136-07' Name='Target1' New state='Working' Instrument='MES SEP26' Action='Buy to cover' Limit price=7451.5 Stop price=0 Quantity=5 Type='Limit' Time in force=GTC Oco='791be7f546f64c62acf3a68d41caef45' Filled=0 Fill price=0 Error='No error' Native error='',
7/27/2026 7:59:32 AM,Order,Order='233baba6beff4fd581687c615e5098ae/PA-APEX-422136-09' Name='Target1' New state='Submitted' Instrument='MES SEP26' Action='Buy to cover' Limit price=7451.5 Stop price=0 Quantity=5 Type='Limit' Time in force=GTC Oco='7efa4731eae94203b669635a290e9e06' Filled=0 Fill price=0 Error='No error' Native error='',
7/27/2026 7:59:32 AM,Order,Order='2838390108/PA-APEX-422136-08' Name='Entry' New state='Filled' Instrument='MES SEP26' Action='Sell' Limit price=7454.25 Stop price=0 Quantity=10 Type='Limit' Time in force=GTC Oco='' Filled=10 Fill price=7454.25 Error='No error' Native error='',
7/27/2026 7:59:32 AM,Execution,Execution='1152136,
7/27/2026 7:59:32 AM,Order,Order='796ea1e4ba694a66bfce27254542e2e5/PA-APEX-422136-09' Name='Stop1' New state='Submitted' Instrument='MES SEP26' Action='Buy to cover' Limit price=0 Stop price=7462.25 Quantity=5 Type='Stop Market' Time in force=GTC Oco='7efa4731eae94203b669635a290e9e06' Filled=0 Fill price=0 Error='No error' Native error='',
7/27/2026 7:59:32 AM,Order,Order='2838390108/PA-APEX-422136-08' Name='Entry' New state='Working' Instrument='MES SEP26' Action='Sell' Limit price=7454.25 Stop price=0 Quantity=10 Type='Limit' Time in force=GTC Oco='' Filled=0 Fill price=0 Error='No error' Native error='',
7/27/2026 7:59:32 AM,Order,Order='2838390108/PA-APEX-422136-08' Name='Entry' New state='Accepted' Instrument='MES SEP26' Action='Sell' Limit price=7454.25 Stop price=0 Quantity=10 Type='Limit' Time in force=GTC Oco='' Filled=0 Fill price=0 Error='No error' Native error='',
7/27/2026 7:59:32 AM,Order,Order='2838390876/PA-APEX-422136-09' Name='Entry' New state='Filled' Instrument='MES SEP26' Action='Sell' Limit price=7454.25 Stop price=0 Quantity=10 Type='Limit' Time in force=GTC Oco='' Filled=10 Fill price=7454.25 Error='No error' Native error='',
7/27/2026 7:59:32 AM,Position,Instrument='MES SEP26' Account='PA-APEX-422136-08' Average price=7454.25 Quantity=10 Market position=Short Operation=Operation_Add,
7/27/2026 7:59:32 AM,Position,Instrument='MES SEP26' Account='PA-APEX-422136-09' Average price=7454.25 Quantity=10 Market position=Short Operation=Operation_Add,
7/27/2026 7:59:32 AM,Execution,Execution='1151416,
7/27/2026 7:59:32 AM,Order,Order='2838390876/PA-APEX-422136-09' Name='Entry' New state='Accepted' Instrument='MES SEP26' Action='Sell' Limit price=7454.25 Stop price=0 Quantity=10 Type='Limit' Time in force=GTC Oco='' Filled=0 Fill price=0 Error='No error' Native error='',
7/27/2026 7:59:32 AM,Order,Order='2838390876/PA-APEX-422136-09' Name='Entry' New state='Working' Instrument='MES SEP26' Action='Sell' Limit price=7454.25 Stop price=0 Quantity=10 Type='Limit' Time in force=GTC Oco='' Filled=0 Fill price=0 Error='No error' Native error='',
7/27/2026 7:59:32 AM,Order,Order='18057741a194460aaeb139f23e72f79c/PA-APEX-422136-07' Name='Target2' New state='Submitted' Instrument='MES SEP26' Action='Buy to cover' Limit price=7450.25 Stop price=0 Quantity=5 Type='Limit' Time in force=GTC Oco='8ff89b34f6b44038903658ef42acecb2' Filled=0 Fill price=0 Error='No error' Native error='',
7/27/2026 7:59:32 AM,Order,Order='582544d16b9541e8ab5ae97830918225/PA-APEX-422136-07' Name='Stop2' New state='Submitted' Instrument='MES SEP26' Action='Buy to cover' Limit price=0 Stop price=7462.25 Quantity=5 Type='Stop Market' Time in force=GTC Oco='8ff89b34f6b44038903658ef42acecb2' Filled=0 Fill price=0 Error='No error' Native error='',
7/27/2026 7:59:32 AM,Order,Order='872ad440773848e7a18b56f9685214f9/PA-APEX-422136-07' Name='Target1' New state='Submitted' Instrument='MES SEP26' Action='Buy to cover' Limit price=7451.5 Stop price=0 Quantity=5 Type='Limit' Time in force=GTC Oco='791be7f546f64c62acf3a68d41caef45' Filled=0 Fill price=0 Error='No error' Native error='',
7/27/2026 7:59:32 AM,Order,Order='0e85a7e8d22142a38c6a48c5a502682f/PA-APEX-422136-07' Name='Stop1' New state='Submitted' Instrument='MES SEP26' Action='Buy to cover' Limit price=0 Stop price=7462.25 Quantity=5 Type='Stop Market' Time in force=GTC Oco='791be7f546f64c62acf3a68d41caef45' Filled=0 Fill price=0 Error='No error' Native error='',
7/27/2026 7:59:32 AM,Order,Order='2838389567/PA-APEX-422136-07' Name='Entry' New state='Filled' Instrument='MES SEP26' Action='Sell' Limit price=7454.25 Stop price=0 Quantity=10 Type='Limit' Time in force=GTC Oco='' Filled=10 Fill price=7454.25 Error='No error' Native error='',
7/27/2026 7:59:32 AM,Execution,Execution='1152772,
7/27/2026 7:59:32 AM,Position,Instrument='MES SEP26' Account='PA-APEX-422136-07' Average price=7454.25 Quantity=10 Market position=Short Operation=Operation_Add,
7/27/2026 7:59:32 AM,Order,Order='2838389567/PA-APEX-422136-07' Name='Entry' New state='Accepted' Instrument='MES SEP26' Action='Sell' Limit price=7454.25 Stop price=0 Quantity=10 Type='Limit' Time in force=GTC Oco='' Filled=0 Fill price=0 Error='No error' Native error='',
7/27/2026 7:59:32 AM,Order,Order='2838389567/PA-APEX-422136-07' Name='Entry' New state='Working' Instrument='MES SEP26' Action='Sell' Limit price=7454.25 Stop price=0 Quantity=10 Type='Limit' Time in force=GTC Oco='' Filled=0 Fill price=0 Error='No error' Native error='',
7/27/2026 7:59:32 AM,Order,Auto chase price modification to '7454.25',
7/27/2026 7:59:32 AM,Order,Order='2838390876/PA-APEX-422136-09' Name='Entry' New state='Change submitted' Instrument='MES SEP26' Action='Sell' Limit price=7454.25 Stop price=0 Quantity=10 Type='Limit' Time in force=GTC Oco='' Filled=0 Fill price=0 Error='No error' Native error='',
7/27/2026 7:59:32 AM,Order,Order='2838390108/PA-APEX-422136-08' Name='Entry' New state='Change submitted' Instrument='MES SEP26' Action='Sell' Limit price=7454.25 Stop price=0 Quantity=10 Type='Limit' Time in force=GTC Oco='' Filled=0 Fill price=0 Error='No error' Native error='',
7/27/2026 7:59:32 AM,Order,Auto chase price modification to '7454.25',
7/27/2026 7:59:32 AM,Order,Auto chase price modification to '7454.25',
7/27/2026 7:59:32 AM,Order,Order='2838389567/PA-APEX-422136-07' Name='Entry' New state='Change submitted' Instrument='MES SEP26' Action='Sell' Limit price=7454.25 Stop price=0 Quantity=10 Type='Limit' Time in force=GTC Oco='' Filled=0 Fill price=0 Error='No error' Native error='',
7/27/2026 7:57:47 AM,Order,Order='2838390876/PA-APEX-422136-09' Name='Entry' New state='Accepted' Instrument='MES SEP26' Action='Sell' Limit price=7454.5 Stop price=0 Quantity=10 Type='Limit' Time in force=GTC Oco='' Filled=0 Fill price=0 Error='No error' Native error='',
7/27/2026 7:57:47 AM,Order,Order='2838390876/PA-APEX-422136-09' Name='Entry' New state='Working' Instrument='MES SEP26' Action='Sell' Limit price=7454.5 Stop price=0 Quantity=10 Type='Limit' Time in force=GTC Oco='' Filled=0 Fill price=0 Error='No error' Native error='',
7/27/2026 7:57:47 AM,Order,Order='2838390876/PA-APEX-422136-09' Name='Entry' New state='Change submitted' Instrument='MES SEP26' Action='Sell' Limit price=7454.5 Stop price=0 Quantity=10 Type='Limit' Time in force=GTC Oco='' Filled=0 Fill price=0 Error='No error' Native error='',
7/27/2026 7:57:45 AM,Order,Order='2838390108/PA-APEX-422136-08' Name='Entry' New state='Accepted' Instrument='MES SEP26' Action='Sell' Limit price=7454.5 Stop price=0 Quantity=10 Type='Limit' Time in force=GTC Oco='' Filled=0 Fill price=0 Error='No error' Native error='',
7/27/2026 7:57:45 AM,Order,Order='2838390108/PA-APEX-422136-08' Name='Entry' New state='Working' Instrument='MES SEP26' Action='Sell' Limit price=7454.5 Stop price=0 Quantity=10 Type='Limit' Time in force=GTC Oco='' Filled=0 Fill price=0 Error='No error' Native error='',
7/27/2026 7:57:45 AM,Order,Order='2838390108/PA-APEX-422136-08' Name='Entry' New state='Change submitted' Instrument='MES SEP26' Action='Sell' Limit price=7454.5 Stop price=0 Quantity=10 Type='Limit' Time in force=GTC Oco='' Filled=0 Fill price=0 Error='No error' Native error='',
7/27/2026 7:57:44 AM,Order,Order='2838389567/PA-APEX-422136-07' Name='Entry' New state='Accepted' Instrument='MES SEP26' Action='Sell' Limit price=7454.5 Stop price=0 Quantity=10 Type='Limit' Time in force=GTC Oco='' Filled=0 Fill price=0 Error='No error' Native error='',
7/27/2026 7:57:44 AM,Order,Order='2838389567/PA-APEX-422136-07' Name='Entry' New state='Working' Instrument='MES SEP26' Action='Sell' Limit price=7454.5 Stop price=0 Quantity=10 Type='Limit' Time in force=GTC Oco='' Filled=0 Fill price=0 Error='No error' Native error='',
7/27/2026 7:57:44 AM,Order,Order='2838389567/PA-APEX-422136-07' Name='Entry' New state='Change submitted' Instrument='MES SEP26' Action='Sell' Limit price=7454.5 Stop price=0 Quantity=10 Type='Limit' Time in force=GTC Oco='' Filled=0 Fill price=0 Error='No error' Native error='',
7/27/2026 7:57:44 AM,Order,Order='2838389567/PA-APEX-422136-07' Name='Entry' New state='Accepted' Instrument='MES SEP26' Action='Sell' Limit price=7454.25 Stop price=0 Quantity=10 Type='Limit' Time in force=GTC Oco='' Filled=0 Fill price=0 Error='No error' Native error='',
7/27/2026 7:57:44 AM,Order,Order='2838389567/PA-APEX-422136-07' Name='Entry' New state='Working' Instrument='MES SEP26' Action='Sell' Limit price=7454.25 Stop price=0 Quantity=10 Type='Limit' Time in force=GTC Oco='' Filled=0 Fill price=0 Error='No error' Native error='',
7/27/2026 7:57:44 AM,Order,Order='2838389567/PA-APEX-422136-07' Name='Entry' New state='Change submitted' Instrument='MES SEP26' Action='Sell' Limit price=7454.25 Stop price=0 Quantity=10 Type='Limit' Time in force=GTC Oco='' Filled=0 Fill price=0 Error='No error' Native error='',
7/27/2026 7:57:42 AM,Order,Order='2838390108/PA-APEX-422136-08' Name='Entry' New state='Working' Instrument='MES SEP26' Action='Sell' Limit price=7454.25 Stop price=0 Quantity=10 Type='Limit' Time in force=GTC Oco='' Filled=0 Fill price=0 Error='No error' Native error='',
7/27/2026 7:57:42 AM,Order,Order='2838390108/PA-APEX-422136-08' Name='Entry' New state='Accepted' Instrument='MES SEP26' Action='Sell' Limit price=7454.25 Stop price=0 Quantity=10 Type='Limit' Time in force=GTC Oco='' Filled=0 Fill price=0 Error='No error' Native error='',
7/27/2026 7:57:42 AM,Order,Order='2838390108/PA-APEX-422136-08' Name='Entry' New state='Change submitted' Instrument='MES SEP26' Action='Sell' Limit price=7454.25 Stop price=0 Quantity=10 Type='Limit' Time in force=GTC Oco='' Filled=0 Fill price=0 Error='No error' Native error='',
7/27/2026 7:57:39 AM,Order,Order='2838390876/PA-APEX-422136-09' Name='Entry' New state='Accepted' Instrument='MES SEP26' Action='Sell' Limit price=7454.75 Stop price=0 Quantity=10 Type='Limit' Time in force=GTC Oco='' Filled=0 Fill price=0 Error='No error' Native error='',
7/27/2026 7:57:39 AM,Order,Order='2838390876/PA-APEX-422136-09' Name='Entry' New state='Working' Instrument='MES SEP26' Action='Sell' Limit price=7454.75 Stop price=0 Quantity=10 Type='Limit' Time in force=GTC Oco='' Filled=0 Fill price=0 Error='No error' Native error='',
7/27/2026 7:57:39 AM,Order,Order='2de1854e15ec41298b360e3628d60c9f/PA-APEX-422136-09' Name='Entry' New state='Submitted' Instrument='MES SEP26' Action='Sell' Limit price=7454.75 Stop price=0 Quantity=10 Type='Limit' Time in force=GTC Oco='' Filled=0 Fill price=0 Error='No error' Native error='',
7/27/2026 7:57:39 AM,Order,Chart Trader submitting order with strategy 'MES MIN SL8 - 3' (Ticks),
7/27/2026 7:57:25 AM,Order,Order='2838390108/PA-APEX-422136-08' Name='Entry' New state='Accepted' Instrument='MES SEP26' Action='Sell' Limit price=7454 Stop price=0 Quantity=10 Type='Limit' Time in force=GTC Oco='' Filled=0 Fill price=0 Error='No error' Native error='',
7/27/2026 7:57:25 AM,Order,Order='2838390108/PA-APEX-422136-08' Name='Entry' New state='Working' Instrument='MES SEP26' Action='Sell' Limit price=7454 Stop price=0 Quantity=10 Type='Limit' Time in force=GTC Oco='' Filled=0 Fill price=0 Error='No error' Native error='',
7/27/2026 7:57:25 AM,Order,Order='f2d3b83ffbc8404a89c3c698b5949ae7/PA-APEX-422136-08' Name='Entry' New state='Submitted' Instrument='MES SEP26' Action='Sell' Limit price=7454 Stop price=0 Quantity=10 Type='Limit' Time in force=GTC Oco='' Filled=0 Fill price=0 Error='No error' Native error='',
7/27/2026 7:57:25 AM,Order,Chart Trader submitting order with strategy 'MES MIN SL8 - 2' (Ticks),
7/27/2026 7:57:16 AM,Order,Order='2838389567/PA-APEX-422136-07' Name='Entry' New state='Accepted' Instrument='MES SEP26' Action='Sell' Limit price=7454 Stop price=0 Quantity=10 Type='Limit' Time in force=GTC Oco='' Filled=0 Fill price=0 Error='No error' Native error='',
7/27/2026 7:57:16 AM,Order,Order='2838389567/PA-APEX-422136-07' Name='Entry' New state='Working' Instrument='MES SEP26' Action='Sell' Limit price=7454 Stop price=0 Quantity=10 Type='Limit' Time in force=GTC Oco='' Filled=0 Fill price=0 Error='No error' Native error='',
7/27/2026 7:57:16 AM,Order,Order='3f30b23f2620435285226b854f81722f/PA-APEX-422136-07' Name='Entry' New state='Submitted' Instrument='MES SEP26' Action='Sell' Limit price=7454 Stop price=0 Quantity=10 Type='Limit' Time in force=GTC Oco='' Filled=0 Fill price=0 Error='No error' Native error='',
7/27/2026 7:57:16 AM,Order,Chart Trader submitting order with strategy 'MES MIN SL8 - 1' (Ticks),
7/27/2026 7:57:07 AM,Order,Order='2838376535/PA-APEX-422136-07' Name='Entry' New state='Cancelled' Instrument='MES SEP26' Action='Sell' Limit price=7458 Stop price=0 Quantity=10 Type='Limit' Time in force=GTC Oco='' Filled=0 Fill price=0 Error='No error' Native error='',
7/27/2026 7:57:07 AM,Order,Order='2838376535/PA-APEX-422136-07' Name='Entry' New state='Cancel submitted' Instrument='MES SEP26' Action='Sell' Limit price=7458 Stop price=0 Quantity=10 Type='Limit' Time in force=GTC Oco='' Filled=0 Fill price=0 Error='No error' Native error='',
7/27/2026 7:57:07 AM,Default,Chart Trader close position,
7/27/2026 7:57:07 AM,Default,Cancel all orders account='PA-APEX-422136-07',
7/27/2026 7:57:05 AM,Order,Order='2838377863/PA-APEX-422136-08' Name='Entry' New state='Cancelled' Instrument='MES SEP26' Action='Sell' Limit price=7458 Stop price=0 Quantity=10 Type='Limit' Time in force=GTC Oco='' Filled=0 Fill price=0 Error='No error' Native error='',
7/27/2026 7:57:05 AM,Order,Order='2838377863/PA-APEX-422136-08' Name='Entry' New state='Cancel submitted' Instrument='MES SEP26' Action='Sell' Limit price=7458 Stop price=0 Quantity=10 Type='Limit' Time in force=GTC Oco='' Filled=0 Fill price=0 Error='No error' Native error='',
7/27/2026 7:57:05 AM,Default,Chart Trader close position,
7/27/2026 7:57:05 AM,Default,Cancel all orders account='PA-APEX-422136-08',
7/27/2026 7:55:10 AM,Order,Order='2838377863/PA-APEX-422136-08' Name='Entry' New state='Accepted' Instrument='MES SEP26' Action='Sell' Limit price=7458 Stop price=0 Quantity=10 Type='Limit' Time in force=GTC Oco='' Filled=0 Fill price=0 Error='No error' Native error='',
7/27/2026 7:55:10 AM,Order,Order='2838377863/PA-APEX-422136-08' Name='Entry' New state='Working' Instrument='MES SEP26' Action='Sell' Limit price=7458 Stop price=0 Quantity=10 Type='Limit' Time in force=GTC Oco='' Filled=0 Fill price=0 Error='No error' Native error='',
7/27/2026 7:55:10 AM,Order,Order='f79d68bebc014383a3bbf57d8bea5cdd/PA-APEX-422136-08' Name='Entry' New state='Submitted' Instrument='MES SEP26' Action='Sell' Limit price=7458 Stop price=0 Quantity=10 Type='Limit' Time in force=GTC Oco='' Filled=0 Fill price=0 Error='No error' Native error='',
7/27/2026 7:55:10 AM,Order,Chart Trader submitting order with strategy 'MES MIN SL8 - 2' (Ticks),
7/27/2026 7:54:46 AM,Order,Order='2838376535/PA-APEX-422136-07' Name='Entry' New state='Accepted' Instrument='MES SEP26' Action='Sell' Limit price=7458 Stop price=0 Quantity=10 Type='Limit' Time in force=GTC Oco='' Filled=0 Fill price=0 Error='No error' Native error='',
7/27/2026 7:54:46 AM,Order,Order='2838376535/PA-APEX-422136-07' Name='Entry' New state='Working' Instrument='MES SEP26' Action='Sell' Limit price=7458 Stop price=0 Quantity=10 Type='Limit' Time in force=GTC Oco='' Filled=0 Fill price=0 Error='No error' Native error='',
7/27/2026 7:54:46 AM,Order,Order='40e818d9b9eb43469ea2b6aa2ef8a9b5/PA-APEX-422136-07' Name='Entry' New state='Submitted' Instrument='MES SEP26' Action='Sell' Limit price=7458 Stop price=0 Quantity=10 Type='Limit' Time in force=GTC Oco='' Filled=0 Fill price=0 Error='No error' Native error='',
7/27/2026 7:54:46 AM,Order,Chart Trader submitting order with strategy 'MES MIN SL8 - 1' (Ticks),
7/27/2026 7:51:05 AM,Order,Order='2838351802/PA-APEX-422136-09' Name='Target2' New state='Cancelled' Instrument='MES SEP26' Action='Buy to cover' Limit price=7440 Stop price=0 Quantity=5 Type='Limit' Time in force=GTC Oco='2d396d6dbafc463dac9cf2cd00feb3b1' Filled=0 Fill price=0 Error='No error' Native error='',
7/27/2026 7:51:05 AM,Strategy,Cancelling any remaining strategy orders,
7/27/2026 7:51:05 AM,Order,Order='2838351797/PA-APEX-422136-08' Name='Target2' New state='Cancelled' Instrument='MES SEP26' Action='Buy to cover' Limit price=7440 Stop price=0 Quantity=5 Type='Limit' Time in force=GTC Oco='5a80a393c5214a7492b6e510e583d476' Filled=0 Fill price=0 Error='No error' Native error='',
7/27/2026 7:51:05 AM,Order,Order='2838351796/PA-APEX-422136-07' Name='Target2' New state='Cancelled' Instrument='MES SEP26' Action='Buy to cover' Limit price=7440 Stop price=0 Quantity=5 Type='Limit' Time in force=GTC Oco='319014e2998a4df18f71ef3a60b553f2' Filled=0 Fill price=0 Error='No error' Native error='',
7/27/2026 7:51:05 AM,Order,Order='2838351802/PA-APEX-422136-09' Name='Target2' New state='Cancel submitted' Instrument='MES SEP26' Action='Buy to cover' Limit price=7440 Stop price=0 Quantity=5 Type='Limit' Time in force=GTC Oco='2d396d6dbafc463dac9cf2cd00feb3b1' Filled=0 Fill price=0 Error='No error' Native error='',
7/27/2026 7:51:05 AM,Execution,Execution='1145624,
7/27/2026 7:51:05 AM,Order,Order='2838351801/PA-APEX-422136-09' Name='Stop2' New state='Filled' Instrument='MES SEP26' Action='Buy to cover' Limit price=0 Stop price=7443 Quantity=5 Type='Stop Market' Time in force=GTC Oco='2d396d6dbafc463dac9cf2cd00feb3b1' Filled=5 Fill price=7443 Error='No error' Native error='',
7/27/2026 7:51:05 AM,Strategy,Cancelling any remaining strategy orders,
7/27/2026 7:51:05 AM,Order,Order='2838351797/PA-APEX-422136-08' Name='Target2' New state='Cancel submitted' Instrument='MES SEP26' Action='Buy to cover' Limit price=7440 Stop price=0 Quantity=5 Type='Limit' Time in force=GTC Oco='5a80a393c5214a7492b6e510e583d476' Filled=0 Fill price=0 Error='No error' Native error='',
7/27/2026 7:51:05 AM,Order,Order='2838351801/PA-APEX-422136-09' Name='Stop2' New state='Working' Instrument='MES SEP26' Action='Buy to cover' Limit price=0 Stop price=7443 Quantity=5 Type='Stop Market' Time in force=GTC Oco='2d396d6dbafc463dac9cf2cd00feb3b1' Filled=0 Fill price=0 Error='No error' Native error='',
7/27/2026 7:51:05 AM,Order,Order='2838351794/PA-APEX-422136-08' Name='Stop2' New state='Filled' Instrument='MES SEP26' Action='Buy to cover' Limit price=0 Stop price=7443 Quantity=5 Type='Stop Market' Time in force=GTC Oco='5a80a393c5214a7492b6e510e583d476' Filled=5 Fill price=7443 Error='No error' Native error='',
7/27/2026 7:51:05 AM,Execution,Execution='1146650,
7/27/2026 7:51:05 AM,Strategy,Cancelling any remaining strategy orders,
7/27/2026 7:51:05 AM,Order,Order='2838351796/PA-APEX-422136-07' Name='Target2' New state='Cancel submitted' Instrument='MES SEP26' Action='Buy to cover' Limit price=7440 Stop price=0 Quantity=5 Type='Limit' Time in force=GTC Oco='319014e2998a4df18f71ef3a60b553f2' Filled=0 Fill price=0 Error='No error' Native error='',
7/27/2026 7:51:05 AM,Position,Instrument='MES SEP26' Account='PA-APEX-422136-09' Average price=7444 Quantity=5 Market position=Flat Operation=Remove,
7/27/2026 7:51:05 AM,Position,Instrument='MES SEP26' Account='PA-APEX-422136-08' Average price=7444 Quantity=5 Market position=Flat Operation=Remove,
7/27/2026 7:51:05 AM,Order,Order='2838351794/PA-APEX-422136-08' Name='Stop2' New state='Working' Instrument='MES SEP26' Action='Buy to cover' Limit price=0 Stop price=7443 Quantity=5 Type='Stop Market' Time in force=GTC Oco='5a80a393c5214a7492b6e510e583d476' Filled=0 Fill price=0 Error='No error' Native error='',
7/27/2026 7:51:05 AM,Position,Instrument='MES SEP26' Account='PA-APEX-422136-07' Average price=7444 Quantity=5 Market position=Flat Operation=Remove,
7/27/2026 7:51:05 AM,Order,Order='2838351793/PA-APEX-422136-07' Name='Stop2' New state='Filled' Instrument='MES SEP26' Action='Buy to cover' Limit price=0 Stop price=7443 Quantity=5 Type='Stop Market' Time in force=GTC Oco='319014e2998a4df18f71ef3a60b553f2' Filled=5 Fill price=7443 Error='No error' Native error='',
7/27/2026 7:51:05 AM,Execution,Execution='1148847,
7/27/2026 7:51:05 AM,Order,Order='2838351793/PA-APEX-422136-07' Name='Stop2' New state='Working' Instrument='MES SEP26' Action='Buy to cover' Limit price=0 Stop price=7443 Quantity=5 Type='Stop Market' Time in force=GTC Oco='319014e2998a4df18f71ef3a60b553f2' Filled=0 Fill price=0 Error='No error' Native error='',
7/27/2026 7:51:02 AM,Order,Order='2838351786/PA-APEX-422136-07' Name='Stop1' New state='Cancelled' Instrument='MES SEP26' Action='Buy to cover' Limit price=0 Stop price=7452 Quantity=3 Type='Stop Market' Time in force=GTC Oco='ab5f78837bc34db6835d8fefaa059528' Filled=0 Fill price=0 Error='No error' Native error='',
7/27/2026 7:51:02 AM,Order,Order='2838351787/PA-APEX-422136-08' Name='Stop1' New state='Cancelled' Instrument='MES SEP26' Action='Buy to cover' Limit price=0 Stop price=7452 Quantity=3 Type='Stop Market' Time in force=GTC Oco='3af4e1cc89b1463d9929d4d857a236a6' Filled=0 Fill price=0 Error='No error' Native error='',
7/27/2026 7:51:02 AM,Order,Order='2838351798/PA-APEX-422136-09' Name='Stop1' New state='Cancelled' Instrument='MES SEP26' Action='Buy to cover' Limit price=0 Stop price=7452 Quantity=3 Type='Stop Market' Time in force=GTC Oco='6ce6fa6ee15d4144a5a850f8ffdcd691' Filled=0 Fill price=0 Error='No error' Native error='',
7/27/2026 7:51:02 AM,Order,Order='2838351786/PA-APEX-422136-07' Name='Stop1' New state='Accepted' Instrument='MES SEP26' Action='Buy to cover' Limit price=0 Stop price=7452 Quantity=3 Type='Stop Market' Time in force=GTC Oco='ab5f78837bc34db6835d8fefaa059528' Filled=0 Fill price=0 Error='No error' Native error='',
7/27/2026 7:51:02 AM,Order,Order='2838351786/PA-APEX-422136-07' Name='Stop1' New state='Cancel submitted' Instrument='MES SEP26' Action='Buy to cover' Limit price=0 Stop price=7452 Quantity=3 Type='Stop Market' Time in force=GTC Oco='ab5f78837bc34db6835d8fefaa059528' Filled=0 Fill price=0 Error='No error' Native error='',
7/27/2026 7:51:02 AM,Order,Order='2838351787/PA-APEX-422136-08' Name='Stop1' New state='Accepted' Instrument='MES SEP26' Action='Buy to cover' Limit price=0 Stop price=7452 Quantity=3 Type='Stop Market' Time in force=GTC Oco='3af4e1cc89b1463d9929d4d857a236a6' Filled=0 Fill price=0 Error='No error' Native error='',
7/27/2026 7:51:02 AM,Order,Order='2838351787/PA-APEX-422136-08' Name='Stop1' New state='Cancel submitted' Instrument='MES SEP26' Action='Buy to cover' Limit price=0 Stop price=7452 Quantity=3 Type='Stop Market' Time in force=GTC Oco='3af4e1cc89b1463d9929d4d857a236a6' Filled=0 Fill price=0 Error='No error' Native error='',
7/27/2026 7:51:02 AM,Order,Order='2838351794/PA-APEX-422136-08' Name='Stop2' New state='Accepted' Instrument='MES SEP26' Action='Buy to cover' Limit price=0 Stop price=7443 Quantity=5 Type='Stop Market' Time in force=GTC Oco='5a80a393c5214a7492b6e510e583d476' Filled=0 Fill price=0 Error='No error' Native error='',
7/27/2026 7:51:02 AM,Order,Order='2838351801/PA-APEX-422136-09' Name='Stop2' New state='Accepted' Instrument='MES SEP26' Action='Buy to cover' Limit price=0 Stop price=7443 Quantity=5 Type='Stop Market' Time in force=GTC Oco='2d396d6dbafc463dac9cf2cd00feb3b1' Filled=0 Fill price=0 Error='No error' Native error='',
7/27/2026 7:51:02 AM,Order,Order='2838351798/PA-APEX-422136-09' Name='Stop1' New state='Cancel submitted' Instrument='MES SEP26' Action='Buy to cover' Limit price=0 Stop price=7452 Quantity=3 Type='Stop Market' Time in force=GTC Oco='6ce6fa6ee15d4144a5a850f8ffdcd691' Filled=0 Fill price=0 Error='No error' Native error='',
7/27/2026 7:51:02 AM,Order,Order='2838351793/PA-APEX-422136-07' Name='Stop2' New state='Accepted' Instrument='MES SEP26' Action='Buy to cover' Limit price=0 Stop price=7443 Quantity=5 Type='Stop Market' Time in force=GTC Oco='319014e2998a4df18f71ef3a60b553f2' Filled=0 Fill price=0 Error='No error' Native error='',
7/27/2026 7:51:02 AM,Order,Order='2838351798/PA-APEX-422136-09' Name='Stop1' New state='Accepted' Instrument='MES SEP26' Action='Buy to cover' Limit price=0 Stop price=7452 Quantity=3 Type='Stop Market' Time in force=GTC Oco='6ce6fa6ee15d4144a5a850f8ffdcd691' Filled=0 Fill price=0 Error='No error' Native error='',
7/27/2026 7:51:02 AM,Order,Order='2838351788/PA-APEX-422136-07' Name='Target1' New state='Filled' Instrument='MES SEP26' Action='Buy to cover' Limit price=7441.25 Stop price=0 Quantity=5 Type='Limit' Time in force=GTC Oco='ab5f78837bc34db6835d8fefaa059528' Filled=5 Fill price=7441.25 Error='No error' Native error='',
7/27/2026 7:51:02 AM,Execution,Execution='1146801,
7/27/2026 7:51:02 AM,Order,Order='2838351788/PA-APEX-422136-07' Name='Target1' New state='Partially filled' Instrument='MES SEP26' Action='Buy to cover' Limit price=7441.25 Stop price=0 Quantity=5 Type='Limit' Time in force=GTC Oco='ab5f78837bc34db6835d8fefaa059528' Filled=4 Fill price=7441.25 Error='No error' Native error='',
7/27/2026 7:51:02 AM,Execution,Execution='1146800,
7/27/2026 7:51:02 AM,Order,Order='2838351788/PA-APEX-422136-07' Name='Target1' New state='Partially filled' Instrument='MES SEP26' Action='Buy to cover' Limit price=7441.25 Stop price=0 Quantity=5 Type='Limit' Time in force=GTC Oco='ab5f78837bc34db6835d8fefaa059528' Filled=3 Fill price=7441.25 Error='No error' Native error='',
7/27/2026 7:51:02 AM,Execution,Execution='1146799,
7/27/2026 7:51:02 AM,Order,Order='2838351788/PA-APEX-422136-07' Name='Target1' New state='Partially filled' Instrument='MES SEP26' Action='Buy to cover' Limit price=7441.25 Stop price=0 Quantity=5 Type='Limit' Time in force=GTC Oco='ab5f78837bc34db6835d8fefaa059528' Filled=2 Fill price=7441.25 Error='No error' Native error='',
7/27/2026 7:51:02 AM,Execution,Execution='1146798,
7/27/2026 7:51:02 AM,Order,Order='2838351786/PA-APEX-422136-07' Name='Stop1' New state='Change submitted' Instrument='MES SEP26' Action='Buy to cover' Limit price=0 Stop price=7452 Quantity=3 Type='Stop Market' Time in force=GTC Oco='ab5f78837bc34db6835d8fefaa059528' Filled=0 Fill price=0 Error='No error' Native error='',
7/27/2026 7:51:02 AM,Order,Order='2838351792/PA-APEX-422136-08' Name='Target1' New state='Filled' Instrument='MES SEP26' Action='Buy to cover' Limit price=7441.25 Stop price=0 Quantity=5 Type='Limit' Time in force=GTC Oco='3af4e1cc89b1463d9929d4d857a236a6' Filled=5 Fill price=7441.25 Error='No error' Native error='',
7/27/2026 7:51:02 AM,Execution,Execution='1146198,
7/27/2026 7:51:02 AM,Execution,Execution='1146197,
7/27/2026 7:51:02 AM,Order,Order='2838351792/PA-APEX-422136-08' Name='Target1' New state='Partially filled' Instrument='MES SEP26' Action='Buy to cover' Limit price=7441.25 Stop price=0 Quantity=5 Type='Limit' Time in force=GTC Oco='3af4e1cc89b1463d9929d4d857a236a6' Filled=3 Fill price=7441.25 Error='No error' Native error='',
7/27/2026 7:51:02 AM,Order,Order='2838351792/PA-APEX-422136-08' Name='Target1' New state='Partially filled' Instrument='MES SEP26' Action='Buy to cover' Limit price=7441.25 Stop price=0 Quantity=5 Type='Limit' Time in force=GTC Oco='3af4e1cc89b1463d9929d4d857a236a6' Filled=4 Fill price=7441.25 Error='No error' Native error='',
7/27/2026 7:51:02 AM,Execution,Execution='1146196,
7/27/2026 7:51:01 AM,Order,Order='2838351787/PA-APEX-422136-08' Name='Stop1' New state='Change submitted' Instrument='MES SEP26' Action='Buy to cover' Limit price=0 Stop price=7452 Quantity=3 Type='Stop Market' Time in force=GTC Oco='3af4e1cc89b1463d9929d4d857a236a6' Filled=0 Fill price=0 Error='No error' Native error='',
7/27/2026 7:51:01 AM,Order,Order='2838351792/PA-APEX-422136-08' Name='Target1' New state='Partially filled' Instrument='MES SEP26' Action='Buy to cover' Limit price=7441.25 Stop price=0 Quantity=5 Type='Limit' Time in force=GTC Oco='3af4e1cc89b1463d9929d4d857a236a6' Filled=2 Fill price=7441.25 Error='No error' Native error='',
7/27/2026 7:51:01 AM,Execution,Execution='1146195,
7/27/2026 7:51:01 AM,Order,Order='2838351800/PA-APEX-422136-09' Name='Target1' New state='Filled' Instrument='MES SEP26' Action='Buy to cover' Limit price=7441.25 Stop price=0 Quantity=5 Type='Limit' Time in force=GTC Oco='6ce6fa6ee15d4144a5a850f8ffdcd691' Filled=5 Fill price=7441.25 Error='No error' Native error='',
7/27/2026 7:51:01 AM,Execution,Execution='1146432,
7/27/2026 7:51:01 AM,Order,Order='2838351800/PA-APEX-422136-09' Name='Target1' New state='Partially filled' Instrument='MES SEP26' Action='Buy to cover' Limit price=7441.25 Stop price=0 Quantity=5 Type='Limit' Time in force=GTC Oco='6ce6fa6ee15d4144a5a850f8ffdcd691' Filled=4 Fill price=7441.25 Error='No error' Native error='',
7/27/2026 7:51:01 AM,Execution,Execution='1146431,
7/27/2026 7:51:01 AM,Order,Order='2838351801/PA-APEX-422136-09' Name='Stop2' New state='Change submitted' Instrument='MES SEP26' Action='Buy to cover' Limit price=0 Stop price=7443 Quantity=5 Type='Stop Market' Time in force=GTC Oco='2d396d6dbafc463dac9cf2cd00feb3b1' Filled=0 Fill price=0 Error='No error' Native error='',
7/27/2026 7:51:01 AM,Order,Order='2838351800/PA-APEX-422136-09' Name='Target1' New state='Partially filled' Instrument='MES SEP26' Action='Buy to cover' Limit price=7441.25 Stop price=0 Quantity=5 Type='Limit' Time in force=GTC Oco='6ce6fa6ee15d4144a5a850f8ffdcd691' Filled=3 Fill price=7441.25 Error='No error' Native error='',
7/27/2026 7:51:01 AM,Execution,Execution='1146430,
7/27/2026 7:51:01 AM,Order,Order='2838351794/PA-APEX-422136-08' Name='Stop2' New state='Change submitted' Instrument='MES SEP26' Action='Buy to cover' Limit price=0 Stop price=7443 Quantity=5 Type='Stop Market' Time in force=GTC Oco='5a80a393c5214a7492b6e510e583d476' Filled=0 Fill price=0 Error='No error' Native error='',
7/27/2026 7:51:01 AM,Order,Auto trail price modification from '7443.50' to '7443.00',
7/27/2026 7:51:01 AM,Order,Order='2838351793/PA-APEX-422136-07' Name='Stop2' New state='Change submitted' Instrument='MES SEP26' Action='Buy to cover' Limit price=0 Stop price=7443 Quantity=5 Type='Stop Market' Time in force=GTC Oco='319014e2998a4df18f71ef3a60b553f2' Filled=0 Fill price=0 Error='No error' Native error='',
7/27/2026 7:51:01 AM,Order,Auto trail price modification from '7443.50' to '7443.00',
7/27/2026 7:51:01 AM,Order,Auto trail price modification from '7443.50' to '7443.00',
7/27/2026 7:51:01 AM,Position,Instrument='MES SEP26' Account='PA-APEX-422136-07' Average price=7444 Quantity=5 Market position=Short Operation=Update,
7/27/2026 7:51:01 AM,Position,Instrument='MES SEP26' Account='PA-APEX-422136-07' Average price=7444 Quantity=6 Market position=Short Operation=Update,
7/27/2026 7:51:01 AM,Position,Instrument='MES SEP26' Account='PA-APEX-422136-07' Average price=7444 Quantity=8 Market position=Short Operation=Update,
7/27/2026 7:51:01 AM,Position,Instrument='MES SEP26' Account='PA-APEX-422136-07' Average price=7444 Quantity=7 Market position=Short Operation=Update,
7/27/2026 7:51:01 AM,Position,Instrument='MES SEP26' Account='PA-APEX-422136-08' Average price=7444 Quantity=6 Market position=Short Operation=Update,
7/27/2026 7:51:01 AM,Position,Instrument='MES SEP26' Account='PA-APEX-422136-08' Average price=7444 Quantity=5 Market position=Short Operation=Update,
7/27/2026 7:51:01 AM,Position,Instrument='MES SEP26' Account='PA-APEX-422136-08' Average price=7444 Quantity=8 Market position=Short Operation=Update,
7/27/2026 7:51:01 AM,Position,Instrument='MES SEP26' Account='PA-APEX-422136-08' Average price=7444 Quantity=7 Market position=Short Operation=Update,
7/27/2026 7:51:01 AM,Position,Instrument='MES SEP26' Account='PA-APEX-422136-09' Average price=7444 Quantity=7 Market position=Short Operation=Update,
7/27/2026 7:51:01 AM,Position,Instrument='MES SEP26' Account='PA-APEX-422136-09' Average price=7444 Quantity=6 Market position=Short Operation=Update,
7/27/2026 7:51:01 AM,Position,Instrument='MES SEP26' Account='PA-APEX-422136-09' Average price=7444 Quantity=5 Market position=Short Operation=Update,
7/27/2026 7:51:01 AM,Position,Instrument='MES SEP26' Account='PA-APEX-422136-09' Average price=7444 Quantity=8 Market position=Short Operation=Update,
7/27/2026 7:51:01 AM,Execution,Execution='1146429,
7/27/2026 7:51:01 AM,Order,Order='2838351798/PA-APEX-422136-09' Name='Stop1' New state='Change submitted' Instrument='MES SEP26' Action='Buy to cover' Limit price=0 Stop price=7452 Quantity=3 Type='Stop Market' Time in force=GTC Oco='6ce6fa6ee15d4144a5a850f8ffdcd691' Filled=0 Fill price=0 Error='No error' Native error='',
7/27/2026 7:51:01 AM,Order,Order='2838351800/PA-APEX-422136-09' Name='Target1' New state='Partially filled' Instrument='MES SEP26' Action='Buy to cover' Limit price=7441.25 Stop price=0 Quantity=5 Type='Limit' Time in force=GTC Oco='6ce6fa6ee15d4144a5a850f8ffdcd691' Filled=2 Fill price=7441.25 Error='No error' Native error='',
7/27/2026 7:51:00 AM,Order,Order='2838351801/PA-APEX-422136-09' Name='Stop2' New state='Accepted' Instrument='MES SEP26' Action='Buy to cover' Limit price=0 Stop price=7443.5 Quantity=5 Type='Stop Market' Time in force=GTC Oco='2d396d6dbafc463dac9cf2cd00feb3b1' Filled=0 Fill price=0 Error='No error' Native error='',
7/27/2026 7:51:00 AM,Order,Order='2838351794/PA-APEX-422136-08' Name='Stop2' New state='Accepted' Instrument='MES SEP26' Action='Buy to cover' Limit price=0 Stop price=7443.5 Quantity=5 Type='Stop Market' Time in force=GTC Oco='5a80a393c5214a7492b6e510e583d476' Filled=0 Fill price=0 Error='No error' Native error='',
7/27/2026 7:51:00 AM,Order,Order='2838351793/PA-APEX-422136-07' Name='Stop2' New state='Accepted' Instrument='MES SEP26' Action='Buy to cover' Limit price=0 Stop price=7443.5 Quantity=5 Type='Stop Market' Time in force=GTC Oco='319014e2998a4df18f71ef3a60b553f2' Filled=0 Fill price=0 Error='No error' Native error='',
7/27/2026 7:50:59 AM,Order,Order='2838351801/PA-APEX-422136-09' Name='Stop2' New state='Change submitted' Instrument='MES SEP26' Action='Buy to cover' Limit price=0 Stop price=7443.5 Quantity=5 Type='Stop Market' Time in force=GTC Oco='2d396d6dbafc463dac9cf2cd00feb3b1' Filled=0 Fill price=0 Error='No error' Native error='',
7/27/2026 7:50:59 AM,Order,Order='2838351794/PA-APEX-422136-08' Name='Stop2' New state='Change submitted' Instrument='MES SEP26' Action='Buy to cover' Limit price=0 Stop price=7443.5 Quantity=5 Type='Stop Market' Time in force=GTC Oco='5a80a393c5214a7492b6e510e583d476' Filled=0 Fill price=0 Error='No error' Native error='',
7/27/2026 7:50:59 AM,Order,Auto breakeven price modification from '7452.00' to '7443.50',
7/27/2026 7:50:59 AM,Order,Order='2838351793/PA-APEX-422136-07' Name='Stop2' New state='Change submitted' Instrument='MES SEP26' Action='Buy to cover' Limit price=0 Stop price=7443.5 Quantity=5 Type='Stop Market' Time in force=GTC Oco='319014e2998a4df18f71ef3a60b553f2' Filled=0 Fill price=0 Error='No error' Native error='',
7/27/2026 7:50:59 AM,Order,Auto breakeven price modification from '7452.00' to '7443.50',
7/27/2026 7:50:59 AM,Order,Auto breakeven price modification from '7452.00' to '7443.50',
7/27/2026 7:50:43 AM,Order,Order='2838351802/PA-APEX-422136-09' Name='Target2' New state='Accepted' Instrument='MES SEP26' Action='Buy to cover' Limit price=7440 Stop price=0 Quantity=5 Type='Limit' Time in force=GTC Oco='2d396d6dbafc463dac9cf2cd00feb3b1' Filled=0 Fill price=0 Error='No error' Native error='',
7/27/2026 7:50:43 AM,Order,Order='2838351802/PA-APEX-422136-09' Name='Target2' New state='Working' Instrument='MES SEP26' Action='Buy to cover' Limit price=7440 Stop price=0 Quantity=5 Type='Limit' Time in force=GTC Oco='2d396d6dbafc463dac9cf2cd00feb3b1' Filled=0 Fill price=0 Error='No error' Native error='',
7/27/2026 7:50:43 AM,Order,Order='2838351796/PA-APEX-422136-07' Name='Target2' New state='Working' Instrument='MES SEP26' Action='Buy to cover' Limit price=7440 Stop price=0 Quantity=5 Type='Limit' Time in force=GTC Oco='319014e2998a4df18f71ef3a60b553f2' Filled=0 Fill price=0 Error='No error' Native error='',
7/27/2026 7:50:43 AM,Order,Order='2838351796/PA-APEX-422136-07' Name='Target2' New state='Accepted' Instrument='MES SEP26' Action='Buy to cover' Limit price=7440 Stop price=0 Quantity=5 Type='Limit' Time in force=GTC Oco='319014e2998a4df18f71ef3a60b553f2' Filled=0 Fill price=0 Error='No error' Native error='',
7/27/2026 7:50:43 AM,Order,Order='2838351801/PA-APEX-422136-09' Name='Stop2' New state='Accepted' Instrument='MES SEP26' Action='Buy to cover' Limit price=0 Stop price=7452 Quantity=5 Type='Stop Market' Time in force=GTC Oco='2d396d6dbafc463dac9cf2cd00feb3b1' Filled=0 Fill price=0 Error='No error' Native error='',
7/27/2026 7:50:43 AM,Order,Order='2838351800/PA-APEX-422136-09' Name='Target1' New state='Accepted' Instrument='MES SEP26' Action='Buy to cover' Limit price=7441.25 Stop price=0 Quantity=5 Type='Limit' Time in force=GTC Oco='6ce6fa6ee15d4144a5a850f8ffdcd691' Filled=0 Fill price=0 Error='No error' Native error='',
7/27/2026 7:50:43 AM,Order,Order='2838351800/PA-APEX-422136-09' Name='Target1' New state='Working' Instrument='MES SEP26' Action='Buy to cover' Limit price=7441.25 Stop price=0 Quantity=5 Type='Limit' Time in force=GTC Oco='6ce6fa6ee15d4144a5a850f8ffdcd691' Filled=0 Fill price=0 Error='No error' Native error='',
7/27/2026 7:50:43 AM,Order,Order='2838351797/PA-APEX-422136-08' Name='Target2' New state='Accepted' Instrument='MES SEP26' Action='Buy to cover' Limit price=7440 Stop price=0 Quantity=5 Type='Limit' Time in force=GTC Oco='5a80a393c5214a7492b6e510e583d476' Filled=0 Fill price=0 Error='No error' Native error='',
7/27/2026 7:50:43 AM,Order,Order='2838351797/PA-APEX-422136-08' Name='Target2' New state='Working' Instrument='MES SEP26' Action='Buy to cover' Limit price=7440 Stop price=0 Quantity=5 Type='Limit' Time in force=GTC Oco='5a80a393c5214a7492b6e510e583d476' Filled=0 Fill price=0 Error='No error' Native error='',
7/27/2026 7:50:43 AM,Order,Order='2838351792/PA-APEX-422136-08' Name='Target1' New state='Working' Instrument='MES SEP26' Action='Buy to cover' Limit price=7441.25 Stop price=0 Quantity=5 Type='Limit' Time in force=GTC Oco='3af4e1cc89b1463d9929d4d857a236a6' Filled=0 Fill price=0 Error='No error' Native error='',
7/27/2026 7:50:43 AM,Order,Order='2838351798/PA-APEX-422136-09' Name='Stop1' New state='Accepted' Instrument='MES SEP26' Action='Buy to cover' Limit price=0 Stop price=7452 Quantity=5 Type='Stop Market' Time in force=GTC Oco='6ce6fa6ee15d4144a5a850f8ffdcd691' Filled=0 Fill price=0 Error='No error' Native error='',
7/27/2026 7:50:43 AM,Order,Order='2838351792/PA-APEX-422136-08' Name='Target1' New state='Accepted' Instrument='MES SEP26' Action='Buy to cover' Limit price=7441.25 Stop price=0 Quantity=5 Type='Limit' Time in force=GTC Oco='3af4e1cc89b1463d9929d4d857a236a6' Filled=0 Fill price=0 Error='No error' Native error='',
7/27/2026 7:50:43 AM,Order,Order='2838351794/PA-APEX-422136-08' Name='Stop2' New state='Accepted' Instrument='MES SEP26' Action='Buy to cover' Limit price=0 Stop price=7452 Quantity=5 Type='Stop Market' Time in force=GTC Oco='5a80a393c5214a7492b6e510e583d476' Filled=0 Fill price=0 Error='No error' Native error='',
7/27/2026 7:50:43 AM,Order,Order='2838351793/PA-APEX-422136-07' Name='Stop2' New state='Accepted' Instrument='MES SEP26' Action='Buy to cover' Limit price=0 Stop price=7452 Quantity=5 Type='Stop Market' Time in force=GTC Oco='319014e2998a4df18f71ef3a60b553f2' Filled=0 Fill price=0 Error='No error' Native error='',
7/27/2026 7:50:43 AM,Order,Order='2838351787/PA-APEX-422136-08' Name='Stop1' New state='Accepted' Instrument='MES SEP26' Action='Buy to cover' Limit price=0 Stop price=7452 Quantity=5 Type='Stop Market' Time in force=GTC Oco='3af4e1cc89b1463d9929d4d857a236a6' Filled=0 Fill price=0 Error='No error' Native error='',
7/27/2026 7:50:43 AM,Order,Order='2838351786/PA-APEX-422136-07' Name='Stop1' New state='Accepted' Instrument='MES SEP26' Action='Buy to cover' Limit price=0 Stop price=7452 Quantity=5 Type='Stop Market' Time in force=GTC Oco='ab5f78837bc34db6835d8fefaa059528' Filled=0 Fill price=0 Error='No error' Native error='',
7/27/2026 7:50:43 AM,Order,Order='2838351788/PA-APEX-422136-07' Name='Target1' New state='Accepted' Instrument='MES SEP26' Action='Buy to cover' Limit price=7441.25 Stop price=0 Quantity=5 Type='Limit' Time in force=GTC Oco='ab5f78837bc34db6835d8fefaa059528' Filled=0 Fill price=0 Error='No error' Native error='',
7/27/2026 7:50:43 AM,Order,Order='2838351788/PA-APEX-422136-07' Name='Target1' New state='Working' Instrument='MES SEP26' Action='Buy to cover' Limit price=7441.25 Stop price=0 Quantity=5 Type='Limit' Time in force=GTC Oco='ab5f78837bc34db6835d8fefaa059528' Filled=0 Fill price=0 Error='No error' Native error='',
7/27/2026 7:50:43 AM,Order,Order='2838346420/PA-APEX-422136-09' Name='Entry' New state='Filled' Instrument='MES SEP26' Action='Sell' Limit price=7444 Stop price=0 Quantity=10 Type='Limit' Time in force=GTC Oco='' Filled=10 Fill price=7444 Error='Unable to change order' Native error='Modification rejected by the Order Management System - Order is complete.',
7/27/2026 7:50:43 AM,Order,PA-APEX-422136-09 Modification rejected by the Order Management System - Order is complete. affected Order: Sell 10 Limit @ 7444,
7/27/2026 7:50:43 AM,Order,PA-APEX-422136-08 Modification rejected by the Order Management System - Order is complete. affected Order: Sell 10 Limit @ 7444,
7/27/2026 7:50:43 AM,Order,Order='2838337464/PA-APEX-422136-08' Name='Entry' New state='Filled' Instrument='MES SEP26' Action='Sell' Limit price=7444 Stop price=0 Quantity=10 Type='Limit' Time in force=GTC Oco='' Filled=10 Fill price=7444 Error='Unable to change order' Native error='Modification rejected by the Order Management System - Order is complete.',
7/27/2026 7:50:43 AM,Order,Order='2838336053/PA-APEX-422136-07' Name='Entry' New state='Filled' Instrument='MES SEP26' Action='Sell' Limit price=7444 Stop price=0 Quantity=10 Type='Limit' Time in force=GTC Oco='' Filled=10 Fill price=7444 Error='Unable to change order' Native error='Modification rejected by the Order Management System - Order is complete.',
7/27/2026 7:50:43 AM,Order,PA-APEX-422136-07 Modification rejected by the Order Management System - Order is complete. affected Order: Sell 10 Limit @ 7444,
7/27/2026 7:50:43 AM,Order,Order='9f3e0ff64bf5485085593562ca105a34/PA-APEX-422136-09' Name='Target2' New state='Submitted' Instrument='MES SEP26' Action='Buy to cover' Limit price=7440 Stop price=0 Quantity=5 Type='Limit' Time in force=GTC Oco='2d396d6dbafc463dac9cf2cd00feb3b1' Filled=0 Fill price=0 Error='No error' Native error='',
7/27/2026 7:50:43 AM,Order,Order='8598c3ba7f3c4a29b235478990542eb1/PA-APEX-422136-09' Name='Stop2' New state='Submitted' Instrument='MES SEP26' Action='Buy to cover' Limit price=0 Stop price=7452 Quantity=5 Type='Stop Market' Time in force=GTC Oco='2d396d6dbafc463dac9cf2cd00feb3b1' Filled=0 Fill price=0 Error='No error' Native error='',
7/27/2026 7:50:43 AM,Order,Order='8291c0ca1c654bb3ab123c3283ae9af6/PA-APEX-422136-09' Name='Target1' New state='Submitted' Instrument='MES SEP26' Action='Buy to cover' Limit price=7441.25 Stop price=0 Quantity=5 Type='Limit' Time in force=GTC Oco='6ce6fa6ee15d4144a5a850f8ffdcd691' Filled=0 Fill price=0 Error='No error' Native error='',
7/27/2026 7:50:43 AM,Order,Order='3cf57e499a824902a49693a27970985e/PA-APEX-422136-09' Name='Stop1' New state='Submitted' Instrument='MES SEP26' Action='Buy to cover' Limit price=0 Stop price=7452 Quantity=5 Type='Stop Market' Time in force=GTC Oco='6ce6fa6ee15d4144a5a850f8ffdcd691' Filled=0 Fill price=0 Error='No error' Native error='',
7/27/2026 7:50:43 AM,Order,Order='6e16c08a238241b78bff2cebd86381e2/PA-APEX-422136-08' Name='Target2' New state='Submitted' Instrument='MES SEP26' Action='Buy to cover' Limit price=7440 Stop price=0 Quantity=5 Type='Limit' Time in force=GTC Oco='5a80a393c5214a7492b6e510e583d476' Filled=0 Fill price=0 Error='No error' Native error='',
7/27/2026 7:50:43 AM,Order,Order='1d932eea20f549219ff9799c1d2addda/PA-APEX-422136-07' Name='Target2' New state='Submitted' Instrument='MES SEP26' Action='Buy to cover' Limit price=7440 Stop price=0 Quantity=5 Type='Limit' Time in force=GTC Oco='319014e2998a4df18f71ef3a60b553f2' Filled=0 Fill price=0 Error='No error' Native error='',
7/27/2026 7:50:43 AM,Order,Order='87710852ea334e5b84539f25ca820aa7/PA-APEX-422136-08' Name='Stop2' New state='Submitted' Instrument='MES SEP26' Action='Buy to cover' Limit price=0 Stop price=7452 Quantity=5 Type='Stop Market' Time in force=GTC Oco='5a80a393c5214a7492b6e510e583d476' Filled=0 Fill price=0 Error='No error' Native error='',
7/27/2026 7:50:43 AM,Execution,Execution='1145305,
7/27/2026 7:50:43 AM,Order,Order='2838346420/PA-APEX-422136-09' Name='Entry' New state='Filled' Instrument='MES SEP26' Action='Sell' Limit price=7444 Stop price=0 Quantity=10 Type='Limit' Time in force=GTC Oco='' Filled=10 Fill price=7444 Error='No error' Native error='',
7/27/2026 7:50:43 AM,Order,Order='f319c4abaf5e4e998f9bc30f694ce428/PA-APEX-422136-08' Name='Target1' New state='Submitted' Instrument='MES SEP26' Action='Buy to cover' Limit price=7441.25 Stop price=0 Quantity=5 Type='Limit' Time in force=GTC Oco='3af4e1cc89b1463d9929d4d857a236a6' Filled=0 Fill price=0 Error='No error' Native error='',
7/27/2026 7:50:43 AM,Order,Order='abe06fce5f6c40c3812c5d03ce3f31ef/PA-APEX-422136-07' Name='Stop2' New state='Submitted' Instrument='MES SEP26' Action='Buy to cover' Limit price=0 Stop price=7452 Quantity=5 Type='Stop Market' Time in force=GTC Oco='319014e2998a4df18f71ef3a60b553f2' Filled=0 Fill price=0 Error='No error' Native error='',
7/27/2026 7:50:43 AM,Order,Order='4848aca84e7a40f8bb1c6cadb7ac1684/PA-APEX-422136-08' Name='Stop1' New state='Submitted' Instrument='MES SEP26' Action='Buy to cover' Limit price=0 Stop price=7452 Quantity=5 Type='Stop Market' Time in force=GTC Oco='3af4e1cc89b1463d9929d4d857a236a6' Filled=0 Fill price=0 Error='No error' Native error='',
7/27/2026 7:50:43 AM,Order,Order='5828e974e87b44239dec64d22cbd8246/PA-APEX-422136-07' Name='Target1' New state='Submitted' Instrument='MES SEP26' Action='Buy to cover' Limit price=7441.25 Stop price=0 Quantity=5 Type='Limit' Time in force=GTC Oco='ab5f78837bc34db6835d8fefaa059528' Filled=0 Fill price=0 Error='No error' Native error='',
7/27/2026 7:50:43 AM,Order,Order='8b355d4b2dc94a639e3319e21b702b46/PA-APEX-422136-07' Name='Stop1' New state='Submitted' Instrument='MES SEP26' Action='Buy to cover' Limit price=0 Stop price=7452 Quantity=5 Type='Stop Market' Time in force=GTC Oco='ab5f78837bc34db6835d8fefaa059528' Filled=0 Fill price=0 Error='No error' Native error='',
7/27/2026 7:50:43 AM,Order,Order='2838337464/PA-APEX-422136-08' Name='Entry' New state='Filled' Instrument='MES SEP26' Action='Sell' Limit price=7444 Stop price=0 Quantity=10 Type='Limit' Time in force=GTC Oco='' Filled=10 Fill price=7444 Error='No error' Native error='',
7/27/2026 7:50:43 AM,Execution,Execution='1146271,
7/27/2026 7:50:43 AM,Order,Order='2838336053/PA-APEX-422136-07' Name='Entry' New state='Filled' Instrument='MES SEP26' Action='Sell' Limit price=7444 Stop price=0 Quantity=10 Type='Limit' Time in force=GTC Oco='' Filled=10 Fill price=7444 Error='No error' Native error='',
7/27/2026 7:50:43 AM,Order,Order='2838346420/PA-APEX-422136-09' Name='Entry' New state='Change submitted' Instrument='MES SEP26' Action='Sell' Limit price=7443.75 Stop price=0 Quantity=10 Type='Limit' Time in force=GTC Oco='' Filled=0 Fill price=0 Error='No error' Native error='',
7/27/2026 7:50:43 AM,Order,Auto chase price modification to '7443.75',
7/27/2026 7:50:43 AM,Execution,Execution='1146063,
7/27/2026 7:50:43 AM,Execution,Execution='1146270,
7/27/2026 7:50:43 AM,Order,Order='2838337464/PA-APEX-422136-08' Name='Entry' New state='Partially filled' Instrument='MES SEP26' Action='Sell' Limit price=7444 Stop price=0 Quantity=10 Type='Limit' Time in force=GTC Oco='' Filled=6 Fill price=7444 Error='No error' Native error='',
7/27/2026 7:50:43 AM,Order,Order='2838337464/PA-APEX-422136-08' Name='Entry' New state='Partially filled' Instrument='MES SEP26' Action='Sell' Limit price=7444 Stop price=0 Quantity=10 Type='Limit' Time in force=GTC Oco='' Filled=5 Fill price=7444 Error='No error' Native error='',
7/27/2026 7:50:43 AM,Execution,Execution='1146269,
7/27/2026 7:50:43 AM,Execution,Execution='1146062,
7/27/2026 7:50:43 AM,Order,Order='2838336053/PA-APEX-422136-07' Name='Entry' New state='Partially filled' Instrument='MES SEP26' Action='Sell' Limit price=7444 Stop price=0 Quantity=10 Type='Limit' Time in force=GTC Oco='' Filled=6 Fill price=7444 Error='No error' Native error='',
7/27/2026 7:50:43 AM,Order,Order='2838337464/PA-APEX-422136-08' Name='Entry' New state='Change submitted' Instrument='MES SEP26' Action='Sell' Limit price=7443.75 Stop price=0 Quantity=10 Type='Limit' Time in force=GTC Oco='' Filled=4 Fill price=7444 Error='No error' Native error='',
7/27/2026 7:50:43 AM,Execution,Execution='1146061,
7/27/2026 7:50:43 AM,Order,Order='2838336053/PA-APEX-422136-07' Name='Entry' New state='Partially filled' Instrument='MES SEP26' Action='Sell' Limit price=7444 Stop price=0 Quantity=10 Type='Limit' Time in force=GTC Oco='' Filled=5 Fill price=7444 Error='No error' Native error='',
7/27/2026 7:50:43 AM,Position,Instrument='MES SEP26' Account='PA-APEX-422136-09' Average price=7444 Quantity=10 Market position=Short Operation=Operation_Add,
7/27/2026 7:50:43 AM,Order,Auto chase price modification to '7443.75',
7/27/2026 7:50:43 AM,Execution,Execution='1146268,
7/27/2026 7:50:43 AM,Order,Order='2838337464/PA-APEX-422136-08' Name='Entry' New state='Partially filled' Instrument='MES SEP26' Action='Sell' Limit price=7444 Stop price=0 Quantity=10 Type='Limit' Time in force=GTC Oco='' Filled=4 Fill price=7444 Error='No error' Native error='',
7/27/2026 7:50:43 AM,Position,Instrument='MES SEP26' Account='PA-APEX-422136-08' Average price=7444 Quantity=10 Market position=Short Operation=Update,
7/27/2026 7:50:43 AM,Position,Instrument='MES SEP26' Account='PA-APEX-422136-08' Average price=7444 Quantity=6 Market position=Short Operation=Update,
7/27/2026 7:50:43 AM,Position,Instrument='MES SEP26' Account='PA-APEX-422136-07' Average price=7444 Quantity=10 Market position=Short Operation=Update,
7/27/2026 7:50:43 AM,Position,Instrument='MES SEP26' Account='PA-APEX-422136-08' Average price=7444 Quantity=5 Market position=Short Operation=Update,
7/27/2026 7:50:43 AM,Execution,Execution='1146267,
7/27/2026 7:50:43 AM,Order,Order='2838337464/PA-APEX-422136-08' Name='Entry' New state='Partially filled' Instrument='MES SEP26' Action='Sell' Limit price=7444 Stop price=0 Quantity=10 Type='Limit' Time in force=GTC Oco='' Filled=3 Fill price=7444 Error='No error' Native error='',
7/27/2026 7:50:43 AM,Execution,Execution='1146060,
7/27/2026 7:50:43 AM,Order,Order='2838336053/PA-APEX-422136-07' Name='Entry' New state='Partially filled' Instrument='MES SEP26' Action='Sell' Limit price=7444 Stop price=0 Quantity=10 Type='Limit' Time in force=GTC Oco='' Filled=4 Fill price=7444 Error='No error' Native error='',
7/27/2026 7:50:43 AM,Execution,Execution='1146059,
7/27/2026 7:50:43 AM,Position,Instrument='MES SEP26' Account='PA-APEX-422136-08' Average price=7444 Quantity=4 Market position=Short Operation=Update,
7/27/2026 7:50:43 AM,Position,Instrument='MES SEP26' Account='PA-APEX-422136-08' Average price=7444 Quantity=3 Market position=Short Operation=Update,
7/27/2026 7:50:43 AM,Order,Order='2838336053/PA-APEX-422136-07' Name='Entry' New state='Partially filled' Instrument='MES SEP26' Action='Sell' Limit price=7444 Stop price=0 Quantity=10 Type='Limit' Time in force=GTC Oco='' Filled=3 Fill price=7444 Error='No error' Native error='',
7/27/2026 7:50:43 AM,Position,Instrument='MES SEP26' Account='PA-APEX-422136-07' Average price=7444 Quantity=4 Market position=Short Operation=Update,
7/27/2026 7:50:43 AM,Position,Instrument='MES SEP26' Account='PA-APEX-422136-07' Average price=7444 Quantity=3 Market position=Short Operation=Update,
7/27/2026 7:50:43 AM,Execution,Execution='1146058,
7/27/2026 7:50:43 AM,Execution,Execution='1146057,
7/27/2026 7:50:43 AM,Order,Order='2838336053/PA-APEX-422136-07' Name='Entry' New state='Partially filled' Instrument='MES SEP26' Action='Sell' Limit price=7444 Stop price=0 Quantity=10 Type='Limit' Time in force=GTC Oco='' Filled=1 Fill price=7444 Error='No error' Native error='',
7/27/2026 7:50:43 AM,Order,Order='2838336053/PA-APEX-422136-07' Name='Entry' New state='Partially filled' Instrument='MES SEP26' Action='Sell' Limit price=7444 Stop price=0 Quantity=10 Type='Limit' Time in force=GTC Oco='' Filled=2 Fill price=7444 Error='No error' Native error='',
7/27/2026 7:50:43 AM,Position,Instrument='MES SEP26' Account='PA-APEX-422136-07' Average price=7444 Quantity=2 Market position=Short Operation=Update,
7/27/2026 7:50:43 AM,Execution,Execution='1146266,
7/27/2026 7:50:43 AM,Order,Order='2838337464/PA-APEX-422136-08' Name='Entry' New state='Partially filled' Instrument='MES SEP26' Action='Sell' Limit price=7444 Stop price=0 Quantity=10 Type='Limit' Time in force=GTC Oco='' Filled=2 Fill price=7444 Error='No error' Native error='',
7/27/2026 7:50:43 AM,Position,Instrument='MES SEP26' Account='PA-APEX-422136-07' Average price=7444 Quantity=1 Market position=Short Operation=Operation_Add,
7/27/2026 7:50:43 AM,Position,Instrument='MES SEP26' Account='PA-APEX-422136-08' Average price=7444 Quantity=2 Market position=Short Operation=Update,
7/27/2026 7:50:43 AM,Position,Instrument='MES SEP26' Account='PA-APEX-422136-08' Average price=7444 Quantity=1 Market position=Short Operation=Operation_Add,
7/27/2026 7:50:43 AM,Execution,Execution='1146265,
7/27/2026 7:50:43 AM,Order,Order='2838337464/PA-APEX-422136-08' Name='Entry' New state='Partially filled' Instrument='MES SEP26' Action='Sell' Limit price=7444 Stop price=0 Quantity=10 Type='Limit' Time in force=GTC Oco='' Filled=1 Fill price=7444 Error='No error' Native error='',
7/27/2026 7:50:43 AM,Order,Auto chase price modification to '7443.75',
7/27/2026 7:50:43 AM,Order,Order='2838336053/PA-APEX-422136-07' Name='Entry' New state='Change submitted' Instrument='MES SEP26' Action='Sell' Limit price=7443.75 Stop price=0 Quantity=10 Type='Limit' Time in force=GTC Oco='' Filled=0 Fill price=0 Error='No error' Native error='',
7/27/2026 7:49:58 AM,Order,Order='2838330390/PA-APEX-422136-07' Name='Entry' New state='Cancelled' Instrument='MES SEP26' Action='Buy' Limit price=7418 Stop price=0 Quantity=10 Type='Limit' Time in force=GTC Oco='' Filled=0 Fill price=0 Error='No error' Native error='',
7/27/2026 7:49:58 AM,Order,Order='2838330390/PA-APEX-422136-07' Name='Entry' New state='Cancel submitted' Instrument='MES SEP26' Action='Buy' Limit price=7418 Stop price=0 Quantity=10 Type='Limit' Time in force=GTC Oco='' Filled=0 Fill price=0 Error='No error' Native error='',
7/27/2026 7:49:57 AM,Order,Order='2838331402/PA-APEX-422136-08' Name='Entry' New state='Cancelled' Instrument='MES SEP26' Action='Buy' Limit price=7418 Stop price=0 Quantity=10 Type='Limit' Time in force=GTC Oco='' Filled=0 Fill price=0 Error='No error' Native error='',
7/27/2026 7:49:57 AM,Order,Order='2838331402/PA-APEX-422136-08' Name='Entry' New state='Cancel submitted' Instrument='MES SEP26' Action='Buy' Limit price=7418 Stop price=0 Quantity=10 Type='Limit' Time in force=GTC Oco='' Filled=0 Fill price=0 Error='No error' Native error='',
7/27/2026 7:49:55 AM,Order,Order='2838346420/PA-APEX-422136-09' Name='Entry' New state='Accepted' Instrument='MES SEP26' Action='Sell' Limit price=7444 Stop price=0 Quantity=10 Type='Limit' Time in force=GTC Oco='' Filled=0 Fill price=0 Error='No error' Native error='',
7/27/2026 7:49:55 AM,Order,Order='2838346420/PA-APEX-422136-09' Name='Entry' New state='Working' Instrument='MES SEP26' Action='Sell' Limit price=7444 Stop price=0 Quantity=10 Type='Limit' Time in force=GTC Oco='' Filled=0 Fill price=0 Error='No error' Native error='',
7/27/2026 7:49:55 AM,Order,Order='069a70f9135948bcbbb5a2b21f5f96d3/PA-APEX-422136-09' Name='Entry' New state='Submitted' Instrument='MES SEP26' Action='Sell' Limit price=7444 Stop price=0 Quantity=10 Type='Limit' Time in force=GTC Oco='' Filled=0 Fill price=0 Error='No error' Native error='',
7/27/2026 7:49:55 AM,Order,Chart Trader submitting order with strategy 'MES MIN SL8 - 5' (Ticks),
7/27/2026 7:48:10 AM,Order,Order='2838337464/PA-APEX-422136-08' Name='Entry' New state='Working' Instrument='MES SEP26' Action='Sell' Limit price=7444 Stop price=0 Quantity=10 Type='Limit' Time in force=GTC Oco='' Filled=0 Fill price=0 Error='No error' Native error='',
7/27/2026 7:48:10 AM,Order,Order='2838337464/PA-APEX-422136-08' Name='Entry' New state='Accepted' Instrument='MES SEP26' Action='Sell' Limit price=7444 Stop price=0 Quantity=10 Type='Limit' Time in force=GTC Oco='' Filled=0 Fill price=0 Error='No error' Native error='',
7/27/2026 7:48:10 AM,Order,Order='0c6b20890d524054aa5ac32870d2fe41/PA-APEX-422136-08' Name='Entry' New state='Submitted' Instrument='MES SEP26' Action='Sell' Limit price=7444 Stop price=0 Quantity=10 Type='Limit' Time in force=GTC Oco='' Filled=0 Fill price=0 Error='No error' Native error='',
7/27/2026 7:48:10 AM,Order,Chart Trader submitting order with strategy 'MES MIN SL8 - 4' (Ticks),
7/27/2026 7:47:59 AM,Order,Order='2838336053/PA-APEX-422136-07' Name='Entry' New state='Working' Instrument='MES SEP26' Action='Sell' Limit price=7444 Stop price=0 Quantity=10 Type='Limit' Time in force=GTC Oco='' Filled=0 Fill price=0 Error='No error' Native error='',
7/27/2026 7:47:59 AM,Order,Order='2838336053/PA-APEX-422136-07' Name='Entry' New state='Accepted' Instrument='MES SEP26' Action='Sell' Limit price=7444 Stop price=0 Quantity=10 Type='Limit' Time in force=GTC Oco='' Filled=0 Fill price=0 Error='No error' Native error='',
7/27/2026 7:47:58 AM,Order,Order='15b9f1f4dddd4ca6b2947c88a0d70ba3/PA-APEX-422136-07' Name='Entry' New state='Submitted' Instrument='MES SEP26' Action='Sell' Limit price=7444 Stop price=0 Quantity=10 Type='Limit' Time in force=GTC Oco='' Filled=0 Fill price=0 Error='No error' Native error='',
7/27/2026 7:47:58 AM,Order,Chart Trader submitting order with strategy 'MES MIN SL8 - 3' (Ticks),
7/27/2026 7:47:03 AM,Order,Order='2838331402/PA-APEX-422136-08' Name='Entry' New state='Accepted' Instrument='MES SEP26' Action='Buy' Limit price=7418 Stop price=0 Quantity=10 Type='Limit' Time in force=GTC Oco='' Filled=0 Fill price=0 Error='No error' Native error='',
7/27/2026 7:47:03 AM,Order,Order='2838331402/PA-APEX-422136-08' Name='Entry' New state='Working' Instrument='MES SEP26' Action='Buy' Limit price=7418 Stop price=0 Quantity=10 Type='Limit' Time in force=GTC Oco='' Filled=0 Fill price=0 Error='No error' Native error='',
7/27/2026 7:47:03 AM,Order,Order='d7ff2cfc27ad474192e2194e87ad5776/PA-APEX-422136-08' Name='Entry' New state='Submitted' Instrument='MES SEP26' Action='Buy' Limit price=7418 Stop price=0 Quantity=10 Type='Limit' Time in force=GTC Oco='' Filled=0 Fill price=0 Error='No error' Native error='',
7/27/2026 7:47:03 AM,Order,Chart Trader submitting order with strategy 'MES MIN SL8 - 2' (Ticks),
7/27/2026 7:46:53 AM,Order,Order='2838330390/PA-APEX-422136-07' Name='Entry' New state='Accepted' Instrument='MES SEP26' Action='Buy' Limit price=7418 Stop price=0 Quantity=10 Type='Limit' Time in force=GTC Oco='' Filled=0 Fill price=0 Error='No error' Native error='',
7/27/2026 7:46:53 AM,Order,Order='2838330390/PA-APEX-422136-07' Name='Entry' New state='Working' Instrument='MES SEP26' Action='Buy' Limit price=7418 Stop price=0 Quantity=10 Type='Limit' Time in force=GTC Oco='' Filled=0 Fill price=0 Error='No error' Native error='',
7/27/2026 7:46:53 AM,Order,Order='2838330390/PA-APEX-422136-07' Name='Entry' New state='Change submitted' Instrument='MES SEP26' Action='Buy' Limit price=7418 Stop price=0 Quantity=10 Type='Limit' Time in force=GTC Oco='' Filled=0 Fill price=0 Error='No error' Native error='',
7/27/2026 7:46:52 AM,Order,Order='2838330390/PA-APEX-422136-07' Name='Entry' New state='Working' Instrument='MES SEP26' Action='Buy' Limit price=7418.25 Stop price=0 Quantity=10 Type='Limit' Time in force=GTC Oco='' Filled=0 Fill price=0 Error='No error' Native error='',
7/27/2026 7:46:52 AM,Order,Order='2838330390/PA-APEX-422136-07' Name='Entry' New state='Accepted' Instrument='MES SEP26' Action='Buy' Limit price=7418.25 Stop price=0 Quantity=10 Type='Limit' Time in force=GTC Oco='' Filled=0 Fill price=0 Error='No error' Native error='',
7/27/2026 7:46:52 AM,Order,Order='e3773816932b4b81b882bf3d3d93df75/PA-APEX-422136-07' Name='Entry' New state='Submitted' Instrument='MES SEP26' Action='Buy' Limit price=7418.25 Stop price=0 Quantity=10 Type='Limit' Time in force=GTC Oco='' Filled=0 Fill price=0 Error='No error' Native error='',
7/27/2026 7:46:52 AM,Order,Chart Trader submitting order with strategy 'MES MIN SL8 - 1' (Ticks),
7/27/2026 7:46:29 AM,Order,Order='2838284012/PA-APEX-422136-07' Name='Entry' New state='Cancelled' Instrument='MES SEP26' Action='Sell' Limit price=7457 Stop price=0 Quantity=11 Type='Limit' Time in force=GTC Oco='' Filled=0 Fill price=0 Error='No error' Native error='',
7/27/2026 7:46:29 AM,Order,Order='2838315977/PA-APEX-422136-07' Name='Entry' New state='Cancelled' Instrument='MES SEP26' Action='Buy' Limit price=7418 Stop price=0 Quantity=11 Type='Limit' Time in force=GTC Oco='' Filled=0 Fill price=0 Error='No error' Native error='',
7/27/2026 7:46:29 AM,Order,Order='2838315977/PA-APEX-422136-07' Name='Entry' New state='Cancel submitted' Instrument='MES SEP26' Action='Buy' Limit price=7418 Stop price=0 Quantity=11 Type='Limit' Time in force=GTC Oco='' Filled=0 Fill price=0 Error='No error' Native error='',
7/27/2026 7:46:29 AM,Order,Order='2838284012/PA-APEX-422136-07' Name='Entry' New state='Cancel submitted' Instrument='MES SEP26' Action='Sell' Limit price=7457 Stop price=0 Quantity=11 Type='Limit' Time in force=GTC Oco='' Filled=0 Fill price=0 Error='No error' Native error='',
7/27/2026 7:46:29 AM,Default,Chart Trader close position,
7/27/2026 7:46:29 AM,Default,Cancel all orders account='PA-APEX-422136-07',
7/27/2026 7:46:26 AM,Order,Order='2838327264/PA-APEX-422136-08' Name='Entry' New state='Cancelled' Instrument='MES SEP26' Action='Buy' Limit price=7417.75 Stop price=0 Quantity=11 Type='Limit' Time in force=GTC Oco='' Filled=0 Fill price=0 Error='No error' Native error='',
7/27/2026 7:46:26 AM,Order,Order='2838327264/PA-APEX-422136-08' Name='Entry' New state='Cancel submitted' Instrument='MES SEP26' Action='Buy' Limit price=7417.75 Stop price=0 Quantity=11 Type='Limit' Time in force=GTC Oco='' Filled=0 Fill price=0 Error='No error' Native error='',
7/27/2026 7:46:26 AM,Default,Chart Trader close position,
7/27/2026 7:46:26 AM,Default,Cancel all orders account='PA-APEX-422136-08',
7/27/2026 7:46:20 AM,Order,Order='2838327264/PA-APEX-422136-08' Name='Entry' New state='Working' Instrument='MES SEP26' Action='Buy' Limit price=7417.75 Stop price=0 Quantity=11 Type='Limit' Time in force=GTC Oco='' Filled=0 Fill price=0 Error='No error' Native error='',
7/27/2026 7:46:20 AM,Order,Order='2838327264/PA-APEX-422136-08' Name='Entry' New state='Accepted' Instrument='MES SEP26' Action='Buy' Limit price=7417.75 Stop price=0 Quantity=11 Type='Limit' Time in force=GTC Oco='' Filled=0 Fill price=0 Error='No error' Native error='',
7/27/2026 7:46:20 AM,Order,Order='35fb9631d97d45ddaca31fed2cc9be73/PA-APEX-422136-08' Name='Entry' New state='Submitted' Instrument='MES SEP26' Action='Buy' Limit price=7417.75 Stop price=0 Quantity=11 Type='Limit' Time in force=GTC Oco='' Filled=0 Fill price=0 Error='No error' Native error='',
7/27/2026 7:46:20 AM,Order,Chart Trader submitting order with strategy 'MES MIN SL7 - 4' (Ticks),
7/27/2026 7:44:57 AM,Order,Order='2838285773/PA-APEX-422136-08' Name='Entry' New state='Cancelled' Instrument='MES SEP26' Action='Sell' Limit price=7484 Stop price=0 Quantity=11 Type='Limit' Time in force=GTC Oco='' Filled=0 Fill price=0 Error='No error' Native error='',
7/27/2026 7:44:57 AM,Order,Order='2838285773/PA-APEX-422136-08' Name='Entry' New state='Cancel submitted' Instrument='MES SEP26' Action='Sell' Limit price=7484 Stop price=0 Quantity=11 Type='Limit' Time in force=GTC Oco='' Filled=0 Fill price=0 Error='No error' Native error='',
7/27/2026 7:44:39 AM,Order,Order='2838315977/PA-APEX-422136-07' Name='Entry' New state='Accepted' Instrument='MES SEP26' Action='Buy' Limit price=7418 Stop price=0 Quantity=11 Type='Limit' Time in force=GTC Oco='' Filled=0 Fill price=0 Error='No error' Native error='',
7/27/2026 7:44:39 AM,Order,Order='2838315977/PA-APEX-422136-07' Name='Entry' New state='Working' Instrument='MES SEP26' Action='Buy' Limit price=7418 Stop price=0 Quantity=11 Type='Limit' Time in force=GTC Oco='' Filled=0 Fill price=0 Error='No error' Native error='',
7/27/2026 7:44:39 AM,Order,Order='2838315977/PA-APEX-422136-07' Name='Entry' New state='Change submitted' Instrument='MES SEP26' Action='Buy' Limit price=7418 Stop price=0 Quantity=11 Type='Limit' Time in force=GTC Oco='' Filled=0 Fill price=0 Error='No error' Native error='',
7/27/2026 7:44:37 AM,Order,Order='2838315977/PA-APEX-422136-07' Name='Entry' New state='Accepted' Instrument='MES SEP26' Action='Buy' Limit price=7417.75 Stop price=0 Quantity=11 Type='Limit' Time in force=GTC Oco='' Filled=0 Fill price=0 Error='No error' Native error='',
7/27/2026 7:44:37 AM,Order,Order='2838315977/PA-APEX-422136-07' Name='Entry' New state='Working' Instrument='MES SEP26' Action='Buy' Limit price=7417.75 Stop price=0 Quantity=11 Type='Limit' Time in force=GTC Oco='' Filled=0 Fill price=0 Error='No error' Native error='',
7/27/2026 7:44:37 AM,Order,Order='c13cf8e857974d149b70797161bc65dd/PA-APEX-422136-07' Name='Entry' New state='Submitted' Instrument='MES SEP26' Action='Buy' Limit price=7417.75 Stop price=0 Quantity=11 Type='Limit' Time in force=GTC Oco='' Filled=0 Fill price=0 Error='No error' Native error='',
7/27/2026 7:44:37 AM,Order,Chart Trader submitting order with strategy 'MES MIN SL7 - 3' (Ticks),
7/27/2026 7:40:15 AM,Order,Order='2838285773/PA-APEX-422136-08' Name='Entry' New state='Working' Instrument='MES SEP26' Action='Sell' Limit price=7484 Stop price=0 Quantity=11 Type='Limit' Time in force=GTC Oco='' Filled=0 Fill price=0 Error='No error' Native error='',
7/27/2026 7:40:15 AM,Order,Order='2838285773/PA-APEX-422136-08' Name='Entry' New state='Accepted' Instrument='MES SEP26' Action='Sell' Limit price=7484 Stop price=0 Quantity=11 Type='Limit' Time in force=GTC Oco='' Filled=0 Fill price=0 Error='No error' Native error='',
7/27/2026 7:40:14 AM,Order,Order='f7ace8ace32349a1b46871fa07a37706/PA-APEX-422136-08' Name='Entry' New state='Submitted' Instrument='MES SEP26' Action='Sell' Limit price=7484 Stop price=0 Quantity=11 Type='Limit' Time in force=GTC Oco='' Filled=0 Fill price=0 Error='No error' Native error='',
7/27/2026 7:40:14 AM,Order,Chart Trader submitting order with strategy 'MES MIN SL7 - 2' (Ticks),
7/27/2026 7:39:59 AM,Order,Order='2838284012/PA-APEX-422136-07' Name='Entry' New state='Accepted' Instrument='MES SEP26' Action='Sell' Limit price=7457 Stop price=0 Quantity=11 Type='Limit' Time in force=GTC Oco='' Filled=0 Fill price=0 Error='No error' Native error='',
7/27/2026 7:39:59 AM,Order,Order='2838284012/PA-APEX-422136-07' Name='Entry' New state='Working' Instrument='MES SEP26' Action='Sell' Limit price=7457 Stop price=0 Quantity=11 Type='Limit' Time in force=GTC Oco='' Filled=0 Fill price=0 Error='No error' Native error='',
7/27/2026 7:39:59 AM,Order,Order='691ea9d77d624a879e6687c49b70a6cb/PA-APEX-422136-07' Name='Entry' New state='Submitted' Instrument='MES SEP26' Action='Sell' Limit price=7457 Stop price=0 Quantity=11 Type='Limit' Time in force=GTC Oco='' Filled=0 Fill price=0 Error='No error' Native error='',
7/27/2026 7:39:59 AM,Order,Chart Trader submitting order with strategy 'MES MIN SL7 - 1' (Ticks),
7/27/2026 7:27:54 AM,Order,Order='2838062720/PA-APEX-422136-07' Name='Entry' New state='Cancelled' Instrument='MES SEP26' Action='Sell' Limit price=7482 Stop price=0 Quantity=11 Type='Limit' Time in force=GTC Oco='' Filled=0 Fill price=0 Error='No error' Native error='',
7/27/2026 7:27:54 AM,Order,Order='2838062720/PA-APEX-422136-07' Name='Entry' New state='Cancel submitted' Instrument='MES SEP26' Action='Sell' Limit price=7482 Stop price=0 Quantity=11 Type='Limit' Time in force=GTC Oco='' Filled=0 Fill price=0 Error='No error' Native error='',
7/27/2026 7:27:54 AM,Order,Order='2838066627/PA-APEX-422136-08' Name='Entry' New state='Cancelled' Instrument='MES SEP26' Action='Sell' Limit price=7482 Stop price=0 Quantity=11 Type='Limit' Time in force=GTC Oco='' Filled=0 Fill price=0 Error='No error' Native error='',
7/27/2026 7:27:54 AM,Order,Order='2838066627/PA-APEX-422136-08' Name='Entry' New state='Cancel submitted' Instrument='MES SEP26' Action='Sell' Limit price=7482 Stop price=0 Quantity=11 Type='Limit' Time in force=GTC Oco='' Filled=0 Fill price=0 Error='No error' Native error='',
7/27/2026 7:15:49 AM,Order,Order='2838062720/PA-APEX-422136-07' Name='Entry' New state='Accepted' Instrument='MES SEP26' Action='Sell' Limit price=7482 Stop price=0 Quantity=11 Type='Limit' Time in force=GTC Oco='' Filled=0 Fill price=0 Error='No error' Native error='',
7/27/2026 7:15:49 AM,Order,Order='2838062720/PA-APEX-422136-07' Name='Entry' New state='Working' Instrument='MES SEP26' Action='Sell' Limit price=7482 Stop price=0 Quantity=11 Type='Limit' Time in force=GTC Oco='' Filled=0 Fill price=0 Error='No error' Native error='',
7/27/2026 7:15:49 AM,Order,Order='2838062720/PA-APEX-422136-07' Name='Entry' New state='Change submitted' Instrument='MES SEP26' Action='Sell' Limit price=7482 Stop price=0 Quantity=11 Type='Limit' Time in force=GTC Oco='' Filled=0 Fill price=0 Error='No error' Native error='',
7/27/2026 7:15:49 AM,Order,Order='2838066627/PA-APEX-422136-08' Name='Entry' New state='Accepted' Instrument='MES SEP26' Action='Sell' Limit price=7482 Stop price=0 Quantity=11 Type='Limit' Time in force=GTC Oco='' Filled=0 Fill price=0 Error='No error' Native error='',
7/27/2026 7:15:49 AM,Order,Order='2838066627/PA-APEX-422136-08' Name='Entry' New state='Working' Instrument='MES SEP26' Action='Sell' Limit price=7482 Stop price=0 Quantity=11 Type='Limit' Time in force=GTC Oco='' Filled=0 Fill price=0 Error='No error' Native error='',
7/27/2026 7:15:49 AM,Order,Order='2838066627/PA-APEX-422136-08' Name='Entry' New state='Change submitted' Instrument='MES SEP26' Action='Sell' Limit price=7482 Stop price=0 Quantity=11 Type='Limit' Time in force=GTC Oco='' Filled=0 Fill price=0 Error='No error' Native error='',
7/27/2026 7:15:48 AM,Order,Order='2838062720/PA-APEX-422136-07' Name='Entry' New state='Working' Instrument='MES SEP26' Action='Sell' Limit price=7482.25 Stop price=0 Quantity=11 Type='Limit' Time in force=GTC Oco='' Filled=0 Fill price=0 Error='No error' Native error='',
7/27/2026 7:15:48 AM,Order,Order='2838062720/PA-APEX-422136-07' Name='Entry' New state='Accepted' Instrument='MES SEP26' Action='Sell' Limit price=7482.25 Stop price=0 Quantity=11 Type='Limit' Time in force=GTC Oco='' Filled=0 Fill price=0 Error='No error' Native error='',
7/27/2026 7:15:48 AM,Order,Order='2838062720/PA-APEX-422136-07' Name='Entry' New state='Change submitted' Instrument='MES SEP26' Action='Sell' Limit price=7482.25 Stop price=0 Quantity=11 Type='Limit' Time in force=GTC Oco='' Filled=0 Fill price=0 Error='No error' Native error='',
7/27/2026 7:15:47 AM,Order,Order='2838066627/PA-APEX-422136-08' Name='Entry' New state='Accepted' Instrument='MES SEP26' Action='Sell' Limit price=7482.25 Stop price=0 Quantity=11 Type='Limit' Time in force=GTC Oco='' Filled=0 Fill price=0 Error='No error' Native error='',
7/27/2026 7:15:47 AM,Order,Order='2838066627/PA-APEX-422136-08' Name='Entry' New state='Working' Instrument='MES SEP26' Action='Sell' Limit price=7482.25 Stop price=0 Quantity=11 Type='Limit' Time in force=GTC Oco='' Filled=0 Fill price=0 Error='No error' Native error='',
7/27/2026 7:15:47 AM,Order,Order='2838066627/PA-APEX-422136-08' Name='Entry' New state='Change submitted' Instrument='MES SEP26' Action='Sell' Limit price=7482.25 Stop price=0 Quantity=11 Type='Limit' Time in force=GTC Oco='' Filled=0 Fill price=0 Error='No error' Native error='',
7/27/2026 7:15:47 AM,Order,Order='2838062720/PA-APEX-422136-07' Name='Entry' New state='Accepted' Instrument='MES SEP26' Action='Sell' Limit price=7482.5 Stop price=0 Quantity=11 Type='Limit' Time in force=GTC Oco='' Filled=0 Fill price=0 Error='No error' Native error='',
7/27/2026 7:15:47 AM,Order,Order='2838062720/PA-APEX-422136-07' Name='Entry' New state='Working' Instrument='MES SEP26' Action='Sell' Limit price=7482.5 Stop price=0 Quantity=11 Type='Limit' Time in force=GTC Oco='' Filled=0 Fill price=0 Error='No error' Native error='',
7/27/2026 7:15:47 AM,Order,Order='2838062720/PA-APEX-422136-07' Name='Entry' New state='Change submitted' Instrument='MES SEP26' Action='Sell' Limit price=7482.5 Stop price=0 Quantity=11 Type='Limit' Time in force=GTC Oco='' Filled=0 Fill price=0 Error='No error' Native error='',
7/27/2026 7:15:45 AM,Order,Order='2838066627/PA-APEX-422136-08' Name='Entry' New state='Working' Instrument='MES SEP26' Action='Sell' Limit price=7482.5 Stop price=0 Quantity=11 Type='Limit' Time in force=GTC Oco='' Filled=0 Fill price=0 Error='No error' Native error='',
7/27/2026 7:15:45 AM,Order,Order='2838066627/PA-APEX-422136-08' Name='Entry' New state='Accepted' Instrument='MES SEP26' Action='Sell' Limit price=7482.5 Stop price=0 Quantity=11 Type='Limit' Time in force=GTC Oco='' Filled=0 Fill price=0 Error='No error' Native error='',
7/27/2026 7:15:45 AM,Order,Order='2838066627/PA-APEX-422136-08' Name='Entry' New state='Change submitted' Instrument='MES SEP26' Action='Sell' Limit price=7482.5 Stop price=0 Quantity=11 Type='Limit' Time in force=GTC Oco='' Filled=0 Fill price=0 Error='No error' Native error='',
7/27/2026 7:15:45 AM,Order,Order='2838062720/PA-APEX-422136-07' Name='Entry' New state='Working' Instrument='MES SEP26' Action='Sell' Limit price=7482.75 Stop price=0 Quantity=11 Type='Limit' Time in force=GTC Oco='' Filled=0 Fill price=0 Error='No error' Native error='',
7/27/2026 7:15:45 AM,Order,Order='2838062720/PA-APEX-422136-07' Name='Entry' New state='Accepted' Instrument='MES SEP26' Action='Sell' Limit price=7482.75 Stop price=0 Quantity=11 Type='Limit' Time in force=GTC Oco='' Filled=0 Fill price=0 Error='No error' Native error='',
7/27/2026 7:15:45 AM,Order,Order='2838062720/PA-APEX-422136-07' Name='Entry' New state='Change submitted' Instrument='MES SEP26' Action='Sell' Limit price=7482.75 Stop price=0 Quantity=11 Type='Limit' Time in force=GTC Oco='' Filled=0 Fill price=0 Error='No error' Native error='',
7/27/2026 7:15:44 AM,Order,Order='2838066627/PA-APEX-422136-08' Name='Entry' New state='Accepted' Instrument='MES SEP26' Action='Sell' Limit price=7482.75 Stop price=0 Quantity=11 Type='Limit' Time in force=GTC Oco='' Filled=0 Fill price=0 Error='No error' Native error='',
7/27/2026 7:15:44 AM,Order,Order='2838066627/PA-APEX-422136-08' Name='Entry' New state='Working' Instrument='MES SEP26' Action='Sell' Limit price=7482.75 Stop price=0 Quantity=11 Type='Limit' Time in force=GTC Oco='' Filled=0 Fill price=0 Error='No error' Native error='',
7/27/2026 7:15:44 AM,Order,Order='2838066627/PA-APEX-422136-08' Name='Entry' New state='Change submitted' Instrument='MES SEP26' Action='Sell' Limit price=7482.75 Stop price=0 Quantity=11 Type='Limit' Time in force=GTC Oco='' Filled=0 Fill price=0 Error='No error' Native error='',
7/27/2026 7:15:44 AM,Order,Order='2838062720/PA-APEX-422136-07' Name='Entry' New state='Working' Instrument='MES SEP26' Action='Sell' Limit price=7483 Stop price=0 Quantity=11 Type='Limit' Time in force=GTC Oco='' Filled=0 Fill price=0 Error='No error' Native error='',
7/27/2026 7:15:44 AM,Order,Order='2838062720/PA-APEX-422136-07' Name='Entry' New state='Accepted' Instrument='MES SEP26' Action='Sell' Limit price=7483 Stop price=0 Quantity=11 Type='Limit' Time in force=GTC Oco='' Filled=0 Fill price=0 Error='No error' Native error='',
7/27/2026 7:15:44 AM,Order,Order='2838062720/PA-APEX-422136-07' Name='Entry' New state='Change submitted' Instrument='MES SEP26' Action='Sell' Limit price=7483 Stop price=0 Quantity=11 Type='Limit' Time in force=GTC Oco='' Filled=0 Fill price=0 Error='No error' Native error='',
7/27/2026 7:15:43 AM,Order,Order='2838066627/PA-APEX-422136-08' Name='Entry' New state='Accepted' Instrument='MES SEP26' Action='Sell' Limit price=7483 Stop price=0 Quantity=11 Type='Limit' Time in force=GTC Oco='' Filled=0 Fill price=0 Error='No error' Native error='',
7/27/2026 7:15:43 AM,Order,Order='2838066627/PA-APEX-422136-08' Name='Entry' New state='Working' Instrument='MES SEP26' Action='Sell' Limit price=7483 Stop price=0 Quantity=11 Type='Limit' Time in force=GTC Oco='' Filled=0 Fill price=0 Error='No error' Native error='',
7/27/2026 7:15:43 AM,Order,Order='2838066627/PA-APEX-422136-08' Name='Entry' New state='Change submitted' Instrument='MES SEP26' Action='Sell' Limit price=7483 Stop price=0 Quantity=11 Type='Limit' Time in force=GTC Oco='' Filled=0 Fill price=0 Error='No error' Native error='',
7/27/2026 7:15:43 AM,Order,Order='2838062720/PA-APEX-422136-07' Name='Entry' New state='Accepted' Instrument='MES SEP26' Action='Sell' Limit price=7483.25 Stop price=0 Quantity=11 Type='Limit' Time in force=GTC Oco='' Filled=0 Fill price=0 Error='No error' Native error='',
7/27/2026 7:15:43 AM,Order,Order='2838062720/PA-APEX-422136-07' Name='Entry' New state='Working' Instrument='MES SEP26' Action='Sell' Limit price=7483.25 Stop price=0 Quantity=11 Type='Limit' Time in force=GTC Oco='' Filled=0 Fill price=0 Error='No error' Native error='',
7/27/2026 7:15:43 AM,Order,Order='2838062720/PA-APEX-422136-07' Name='Entry' New state='Change submitted' Instrument='MES SEP26' Action='Sell' Limit price=7483.25 Stop price=0 Quantity=11 Type='Limit' Time in force=GTC Oco='' Filled=0 Fill price=0 Error='No error' Native error='',
7/27/2026 7:15:42 AM,Order,Order='2838066627/PA-APEX-422136-08' Name='Entry' New state='Working' Instrument='MES SEP26' Action='Sell' Limit price=7483.25 Stop price=0 Quantity=11 Type='Limit' Time in force=GTC Oco='' Filled=0 Fill price=0 Error='No error' Native error='',
7/27/2026 7:15:42 AM,Order,Order='2838066627/PA-APEX-422136-08' Name='Entry' New state='Accepted' Instrument='MES SEP26' Action='Sell' Limit price=7483.25 Stop price=0 Quantity=11 Type='Limit' Time in force=GTC Oco='' Filled=0 Fill price=0 Error='No error' Native error='',
7/27/2026 7:15:42 AM,Order,Order='2838066627/PA-APEX-422136-08' Name='Entry' New state='Change submitted' Instrument='MES SEP26' Action='Sell' Limit price=7483.25 Stop price=0 Quantity=11 Type='Limit' Time in force=GTC Oco='' Filled=0 Fill price=0 Error='No error' Native error='',
7/27/2026 7:15:42 AM,Order,Order='2838066627/PA-APEX-422136-08' Name='Entry' New state='Accepted' Instrument='MES SEP26' Action='Sell' Limit price=7483.5 Stop price=0 Quantity=11 Type='Limit' Time in force=GTC Oco='' Filled=0 Fill price=0 Error='No error' Native error='',
7/27/2026 7:15:42 AM,Order,Order='2838066627/PA-APEX-422136-08' Name='Entry' New state='Working' Instrument='MES SEP26' Action='Sell' Limit price=7483.5 Stop price=0 Quantity=11 Type='Limit' Time in force=GTC Oco='' Filled=0 Fill price=0 Error='No error' Native error='',
7/27/2026 7:15:42 AM,Order,Order='2838066627/PA-APEX-422136-08' Name='Entry' New state='Change submitted' Instrument='MES SEP26' Action='Sell' Limit price=7483.5 Stop price=0 Quantity=11 Type='Limit' Time in force=GTC Oco='' Filled=0 Fill price=0 Error='No error' Native error='',
7/27/2026 7:15:41 AM,Order,Order='2838066627/PA-APEX-422136-08' Name='Entry' New state='Accepted' Instrument='MES SEP26' Action='Sell' Limit price=7483.75 Stop price=0 Quantity=11 Type='Limit' Time in force=GTC Oco='' Filled=0 Fill price=0 Error='No error' Native error='',
7/27/2026 7:15:41 AM,Order,Order='2838066627/PA-APEX-422136-08' Name='Entry' New state='Working' Instrument='MES SEP26' Action='Sell' Limit price=7483.75 Stop price=0 Quantity=11 Type='Limit' Time in force=GTC Oco='' Filled=0 Fill price=0 Error='No error' Native error='',
7/27/2026 7:15:41 AM,Order,Order='2838066627/PA-APEX-422136-08' Name='Entry' New state='Change submitted' Instrument='MES SEP26' Action='Sell' Limit price=7483.75 Stop price=0 Quantity=11 Type='Limit' Time in force=GTC Oco='' Filled=0 Fill price=0 Error='No error' Native error='',
7/27/2026 7:15:40 AM,Order,Order='2838062720/PA-APEX-422136-07' Name='Entry' New state='Accepted' Instrument='MES SEP26' Action='Sell' Limit price=7483.5 Stop price=0 Quantity=11 Type='Limit' Time in force=GTC Oco='' Filled=0 Fill price=0 Error='No error' Native error='',
7/27/2026 7:15:40 AM,Order,Order='2838062720/PA-APEX-422136-07' Name='Entry' New state='Working' Instrument='MES SEP26' Action='Sell' Limit price=7483.5 Stop price=0 Quantity=11 Type='Limit' Time in force=GTC Oco='' Filled=0 Fill price=0 Error='No error' Native error='',
7/27/2026 7:15:40 AM,Order,Order='2838062720/PA-APEX-422136-07' Name='Entry' New state='Change submitted' Instrument='MES SEP26' Action='Sell' Limit price=7483.5 Stop price=0 Quantity=11 Type='Limit' Time in force=GTC Oco='' Filled=0 Fill price=0 Error='No error' Native error='',
7/27/2026 7:15:39 AM,Order,Order='2838062720/PA-APEX-422136-07' Name='Entry' New state='Accepted' Instrument='MES SEP26' Action='Sell' Limit price=7483.75 Stop price=0 Quantity=11 Type='Limit' Time in force=GTC Oco='' Filled=0 Fill price=0 Error='No error' Native error='',
7/27/2026 7:15:39 AM,Order,Order='2838062720/PA-APEX-422136-07' Name='Entry' New state='Working' Instrument='MES SEP26' Action='Sell' Limit price=7483.75 Stop price=0 Quantity=11 Type='Limit' Time in force=GTC Oco='' Filled=0 Fill price=0 Error='No error' Native error='',
7/27/2026 7:15:39 AM,Order,Order='2838062720/PA-APEX-422136-07' Name='Entry' New state='Change submitted' Instrument='MES SEP26' Action='Sell' Limit price=7483.75 Stop price=0 Quantity=11 Type='Limit' Time in force=GTC Oco='' Filled=0 Fill price=0 Error='No error' Native error='',
7/27/2026 7:12:28 AM,Order,Order='2838066627/PA-APEX-422136-08' Name='Entry' New state='Working' Instrument='MES SEP26' Action='Sell' Limit price=7484 Stop price=0 Quantity=11 Type='Limit' Time in force=GTC Oco='' Filled=0 Fill price=0 Error='No error' Native error='',
7/27/2026 7:12:28 AM,Order,Order='2838066627/PA-APEX-422136-08' Name='Entry' New state='Accepted' Instrument='MES SEP26' Action='Sell' Limit price=7484 Stop price=0 Quantity=11 Type='Limit' Time in force=GTC Oco='' Filled=0 Fill price=0 Error='No error' Native error='',
7/27/2026 7:12:28 AM,Order,Order='2838066627/PA-APEX-422136-08' Name='Entry' New state='Change submitted' Instrument='MES SEP26' Action='Sell' Limit price=7484 Stop price=0 Quantity=11 Type='Limit' Time in force=GTC Oco='' Filled=0 Fill price=0 Error='No error' Native error='',
7/27/2026 7:12:27 AM,Order,Order='2838066627/PA-APEX-422136-08' Name='Entry' New state='Accepted' Instrument='MES SEP26' Action='Sell' Limit price=7484.25 Stop price=0 Quantity=11 Type='Limit' Time in force=GTC Oco='' Filled=0 Fill price=0 Error='No error' Native error='',
7/27/2026 7:12:27 AM,Order,Order='2838066627/PA-APEX-422136-08' Name='Entry' New state='Working' Instrument='MES SEP26' Action='Sell' Limit price=7484.25 Stop price=0 Quantity=11 Type='Limit' Time in force=GTC Oco='' Filled=0 Fill price=0 Error='No error' Native error='',
7/27/2026 7:12:27 AM,Order,Order='2838066627/PA-APEX-422136-08' Name='Entry' New state='Change submitted' Instrument='MES SEP26' Action='Sell' Limit price=7484.25 Stop price=0 Quantity=11 Type='Limit' Time in force=GTC Oco='' Filled=0 Fill price=0 Error='No error' Native error='',
7/27/2026 7:12:26 AM,Order,Order='2838066627/PA-APEX-422136-08' Name='Entry' New state='Working' Instrument='MES SEP26' Action='Sell' Limit price=7484.5 Stop price=0 Quantity=11 Type='Limit' Time in force=GTC Oco='' Filled=0 Fill price=0 Error='No error' Native error='',
7/27/2026 7:12:26 AM,Order,Order='2838066627/PA-APEX-422136-08' Name='Entry' New state='Accepted' Instrument='MES SEP26' Action='Sell' Limit price=7484.5 Stop price=0 Quantity=11 Type='Limit' Time in force=GTC Oco='' Filled=0 Fill price=0 Error='No error' Native error='',
7/27/2026 7:12:26 AM,Order,Order='2838066627/PA-APEX-422136-08' Name='Entry' New state='Change submitted' Instrument='MES SEP26' Action='Sell' Limit price=7484.5 Stop price=0 Quantity=11 Type='Limit' Time in force=GTC Oco='' Filled=0 Fill price=0 Error='No error' Native error='',
7/27/2026 7:12:26 AM,Order,Order='2838066627/PA-APEX-422136-08' Name='Entry' New state='Accepted' Instrument='MES SEP26' Action='Sell' Limit price=7484.75 Stop price=0 Quantity=11 Type='Limit' Time in force=GTC Oco='' Filled=0 Fill price=0 Error='No error' Native error='',
7/27/2026 7:12:26 AM,Order,Order='2838066627/PA-APEX-422136-08' Name='Entry' New state='Working' Instrument='MES SEP26' Action='Sell' Limit price=7484.75 Stop price=0 Quantity=11 Type='Limit' Time in force=GTC Oco='' Filled=0 Fill price=0 Error='No error' Native error='',
7/27/2026 7:12:26 AM,Order,Order='2838066627/PA-APEX-422136-08' Name='Entry' New state='Change submitted' Instrument='MES SEP26' Action='Sell' Limit price=7484.75 Stop price=0 Quantity=11 Type='Limit' Time in force=GTC Oco='' Filled=0 Fill price=0 Error='No error' Native error='',
7/27/2026 7:12:23 AM,Order,Order='2838062720/PA-APEX-422136-07' Name='Entry' New state='Working' Instrument='MES SEP26' Action='Sell' Limit price=7484 Stop price=0 Quantity=11 Type='Limit' Time in force=GTC Oco='' Filled=0 Fill price=0 Error='No error' Native error='',
7/27/2026 7:12:23 AM,Order,Order='2838062720/PA-APEX-422136-07' Name='Entry' New state='Accepted' Instrument='MES SEP26' Action='Sell' Limit price=7484 Stop price=0 Quantity=11 Type='Limit' Time in force=GTC Oco='' Filled=0 Fill price=0 Error='No error' Native error='',
7/27/2026 7:12:23 AM,Order,Order='2838062720/PA-APEX-422136-07' Name='Entry' New state='Change submitted' Instrument='MES SEP26' Action='Sell' Limit price=7484 Stop price=0 Quantity=11 Type='Limit' Time in force=GTC Oco='' Filled=0 Fill price=0 Error='No error' Native error='',
7/27/2026 7:12:23 AM,Order,Order='2838062720/PA-APEX-422136-07' Name='Entry' New state='Accepted' Instrument='MES SEP26' Action='Sell' Limit price=7484.25 Stop price=0 Quantity=11 Type='Limit' Time in force=GTC Oco='' Filled=0 Fill price=0 Error='No error' Native error='',
7/27/2026 7:12:23 AM,Order,Order='2838062720/PA-APEX-422136-07' Name='Entry' New state='Working' Instrument='MES SEP26' Action='Sell' Limit price=7484.25 Stop price=0 Quantity=11 Type='Limit' Time in force=GTC Oco='' Filled=0 Fill price=0 Error='No error' Native error='',
7/27/2026 7:12:23 AM,Order,Order='2838062720/PA-APEX-422136-07' Name='Entry' New state='Change submitted' Instrument='MES SEP26' Action='Sell' Limit price=7484.25 Stop price=0 Quantity=11 Type='Limit' Time in force=GTC Oco='' Filled=0 Fill price=0 Error='No error' Native error='',
7/27/2026 7:12:22 AM,Order,Order='2838062720/PA-APEX-422136-07' Name='Entry' New state='Accepted' Instrument='MES SEP26' Action='Sell' Limit price=7484.5 Stop price=0 Quantity=11 Type='Limit' Time in force=GTC Oco='' Filled=0 Fill price=0 Error='No error' Native error='',
7/27/2026 7:12:22 AM,Order,Order='2838062720/PA-APEX-422136-07' Name='Entry' New state='Working' Instrument='MES SEP26' Action='Sell' Limit price=7484.5 Stop price=0 Quantity=11 Type='Limit' Time in force=GTC Oco='' Filled=0 Fill price=0 Error='No error' Native error='',
7/27/2026 7:12:22 AM,Order,Order='2838062720/PA-APEX-422136-07' Name='Entry' New state='Change submitted' Instrument='MES SEP26' Action='Sell' Limit price=7484.5 Stop price=0 Quantity=11 Type='Limit' Time in force=GTC Oco='' Filled=0 Fill price=0 Error='No error' Native error='',
7/27/2026 7:12:22 AM,Order,Order='2838062720/PA-APEX-422136-07' Name='Entry' New state='Working' Instrument='MES SEP26' Action='Sell' Limit price=7484.75 Stop price=0 Quantity=11 Type='Limit' Time in force=GTC Oco='' Filled=0 Fill price=0 Error='No error' Native error='',
7/27/2026 7:12:22 AM,Order,Order='2838062720/PA-APEX-422136-07' Name='Entry' New state='Accepted' Instrument='MES SEP26' Action='Sell' Limit price=7484.75 Stop price=0 Quantity=11 Type='Limit' Time in force=GTC Oco='' Filled=0 Fill price=0 Error='No error' Native error='',
7/27/2026 7:12:22 AM,Order,Order='2838062720/PA-APEX-422136-07' Name='Entry' New state='Change submitted' Instrument='MES SEP26' Action='Sell' Limit price=7484.75 Stop price=0 Quantity=11 Type='Limit' Time in force=GTC Oco='' Filled=0 Fill price=0 Error='No error' Native error='',
7/27/2026 7:08:30 AM,Order,Order='2838066627/PA-APEX-422136-08' Name='Entry' New state='Accepted' Instrument='MES SEP26' Action='Sell' Limit price=7485 Stop price=0 Quantity=11 Type='Limit' Time in force=GTC Oco='' Filled=0 Fill price=0 Error='No error' Native error='',
7/27/2026 7:08:30 AM,Order,Order='2838066627/PA-APEX-422136-08' Name='Entry' New state='Working' Instrument='MES SEP26' Action='Sell' Limit price=7485 Stop price=0 Quantity=11 Type='Limit' Time in force=GTC Oco='' Filled=0 Fill price=0 Error='No error' Native error='',
7/27/2026 7:08:30 AM,Order,Order='b6f957adaedb41d1961d34918616ac85/PA-APEX-422136-08' Name='Entry' New state='Submitted' Instrument='MES SEP26' Action='Sell' Limit price=7485 Stop price=0 Quantity=11 Type='Limit' Time in force=GTC Oco='' Filled=0 Fill price=0 Error='No error' Native error='',
7/27/2026 7:08:30 AM,Order,Chart Trader submitting order with strategy 'MES MIN SL7 - 2' (Ticks),
7/27/2026 7:08:03 AM,Order,Order='2838062720/PA-APEX-422136-07' Name='Entry' New state='Working' Instrument='MES SEP26' Action='Sell' Limit price=7485 Stop price=0 Quantity=11 Type='Limit' Time in force=GTC Oco='' Filled=0 Fill price=0 Error='No error' Native error='',
7/27/2026 7:08:03 AM,Order,Order='2838062720/PA-APEX-422136-07' Name='Entry' New state='Accepted' Instrument='MES SEP26' Action='Sell' Limit price=7485 Stop price=0 Quantity=11 Type='Limit' Time in force=GTC Oco='' Filled=0 Fill price=0 Error='No error' Native error='',
7/27/2026 7:08:03 AM,Order,Order='2838062720/PA-APEX-422136-07' Name='Entry' New state='Change submitted' Instrument='MES SEP26' Action='Sell' Limit price=7485 Stop price=0 Quantity=11 Type='Limit' Time in force=GTC Oco='' Filled=0 Fill price=0 Error='No error' Native error='',
7/27/2026 7:08:01 AM,Order,Order='2838062720/PA-APEX-422136-07' Name='Entry' New state='Accepted' Instrument='MES SEP26' Action='Sell' Limit price=7485.25 Stop price=0 Quantity=11 Type='Limit' Time in force=GTC Oco='' Filled=0 Fill price=0 Error='No error' Native error='',
7/27/2026 7:08:01 AM,Order,Order='2838062720/PA-APEX-422136-07' Name='Entry' New state='Working' Instrument='MES SEP26' Action='Sell' Limit price=7485.25 Stop price=0 Quantity=11 Type='Limit' Time in force=GTC Oco='' Filled=0 Fill price=0 Error='No error' Native error='',
7/27/2026 7:08:01 AM,Order,Order='3d890083346842b98abbd2ceeb5e4ae4/PA-APEX-422136-07' Name='Entry' New state='Submitted' Instrument='MES SEP26' Action='Sell' Limit price=7485.25 Stop price=0 Quantity=11 Type='Limit' Time in force=GTC Oco='' Filled=0 Fill price=0 Error='No error' Native error='',
7/27/2026 7:08:01 AM,Order,Chart Trader submitting order with strategy 'MES MIN SL7 - 1' (Ticks),
7/27/2026 7:06:33 AM,Order,Order='2838050859/PA-APEX-422136-07' Name='Entry' New state='Cancelled' Instrument='MES SEP26' Action='Sell' Limit price=7491.5 Stop price=0 Quantity=16 Type='Limit' Time in force=GTC Oco='' Filled=0 Fill price=0 Error='No error' Native error='',
7/27/2026 7:06:33 AM,Order,Order='2838050859/PA-APEX-422136-07' Name='Entry' New state='Cancel submitted' Instrument='MES SEP26' Action='Sell' Limit price=7491.5 Stop price=0 Quantity=16 Type='Limit' Time in force=GTC Oco='' Filled=0 Fill price=0 Error='No error' Native error='',
7/27/2026 7:06:33 AM,Default,Chart Trader close position,
7/27/2026 7:06:33 AM,Default,Cancel all orders account='PA-APEX-422136-07',
7/27/2026 7:06:28 AM,Order,Order='2838050859/PA-APEX-422136-07' Name='Entry' New state='Working' Instrument='MES SEP26' Action='Sell' Limit price=7491.5 Stop price=0 Quantity=16 Type='Limit' Time in force=GTC Oco='' Filled=0 Fill price=0 Error='No error' Native error='',
7/27/2026 7:06:28 AM,Order,Order='2838050859/PA-APEX-422136-07' Name='Entry' New state='Accepted' Instrument='MES SEP26' Action='Sell' Limit price=7491.5 Stop price=0 Quantity=16 Type='Limit' Time in force=GTC Oco='' Filled=0 Fill price=0 Error='No error' Native error='',
7/27/2026 7:06:28 AM,Order,Order='d5796f67328148b69ac14897ad84bc35/PA-APEX-422136-07' Name='Entry' New state='Submitted' Instrument='MES SEP26' Action='Sell' Limit price=7491.5 Stop price=0 Quantity=16 Type='Limit' Time in force=GTC Oco='' Filled=0 Fill price=0 Error='No error' Native error='',
7/27/2026 7:06:28 AM,Order,Chart Trader submitting order with strategy 'MES MIN SL5 - 1' (Ticks),
7/27/2026 6:59:30 AM,Order,Order='2837962166/PA-APEX-422136-07' Name='Entry' New state='Cancelled' Instrument='MES SEP26' Action='Sell' Limit price=7502 Stop price=0 Quantity=16 Type='Limit' Time in force=GTC Oco='' Filled=0 Fill price=0 Error='No error' Native error='',
7/27/2026 6:59:30 AM,Order,Order='2837962166/PA-APEX-422136-07' Name='Entry' New state='Cancel submitted' Instrument='MES SEP26' Action='Sell' Limit price=7502 Stop price=0 Quantity=16 Type='Limit' Time in force=GTC Oco='' Filled=0 Fill price=0 Error='No error' Native error='',
7/27/2026 6:58:55 AM,Order,Order='2837972201/PA-APEX-422136-09' Name='Target2' New state='Cancelled' Instrument='MES SEP26' Action='Sell' Limit price=7487 Stop price=0 Quantity=7 Type='Limit' Time in force=GTC Oco='b349e546aa0241a88cdb7f32a456eca5' Filled=0 Fill price=0 Error='No error' Native error='',
7/27/2026 6:58:55 AM,Strategy,Cancelling any remaining strategy orders,
7/27/2026 6:58:55 AM,Order,Order='2837972185/PA-APEX-422136-09' Name='Target1' New state='Cancelled' Instrument='MES SEP26' Action='Sell' Limit price=7486.5 Stop price=0 Quantity=6 Type='Limit' Time in force=GTC Oco='b5e4903a2182467ea44a93fe8c55fb88' Filled=0 Fill price=0 Error='No error' Native error='',
7/27/2026 6:58:55 AM,Order,Order='2837972201/PA-APEX-422136-09' Name='Target2' New state='Cancel submitted' Instrument='MES SEP26' Action='Sell' Limit price=7487 Stop price=0 Quantity=7 Type='Limit' Time in force=GTC Oco='b349e546aa0241a88cdb7f32a456eca5' Filled=0 Fill price=0 Error='No error' Native error='',
7/27/2026 6:58:55 AM,Execution,Execution='1096153,
7/27/2026 6:58:55 AM,Order,Order='2837972195/PA-APEX-422136-09' Name='Stop2' New state='Filled' Instrument='MES SEP26' Action='Sell' Limit price=0 Stop price=7478 Quantity=7 Type='Stop Market' Time in force=GTC Oco='b349e546aa0241a88cdb7f32a456eca5' Filled=7 Fill price=7478 Error='No error' Native error='',
7/27/2026 6:58:55 AM,Order,Order='2837972195/PA-APEX-422136-09' Name='Stop2' New state='Working' Instrument='MES SEP26' Action='Sell' Limit price=0 Stop price=7478 Quantity=7 Type='Stop Market' Time in force=GTC Oco='b349e546aa0241a88cdb7f32a456eca5' Filled=0 Fill price=0 Error='No error' Native error='',
7/27/2026 6:58:54 AM,Position,Instrument='MES SEP26' Account='PA-APEX-422136-09' Average price=7484 Quantity=7 Market position=Flat Operation=Remove,
7/27/2026 6:58:54 AM,Order,Order='2837972185/PA-APEX-422136-09' Name='Target1' New state='Cancel submitted' Instrument='MES SEP26' Action='Sell' Limit price=7486.5 Stop price=0 Quantity=6 Type='Limit' Time in force=GTC Oco='b5e4903a2182467ea44a93fe8c55fb88' Filled=0 Fill price=0 Error='No error' Native error='',
7/27/2026 6:58:54 AM,Execution,Execution='1095320,
7/27/2026 6:58:54 AM,Order,Order='2837972184/PA-APEX-422136-09' Name='Stop1' New state='Filled' Instrument='MES SEP26' Action='Sell' Limit price=0 Stop price=7478 Quantity=6 Type='Stop Market' Time in force=GTC Oco='b5e4903a2182467ea44a93fe8c55fb88' Filled=6 Fill price=7478 Error='No error' Native error='',
7/27/2026 6:58:54 AM,Position,Instrument='MES SEP26' Account='PA-APEX-422136-09' Average price=7484 Quantity=7 Market position=Long Operation=Update,
7/27/2026 6:58:54 AM,Order,Order='2837972184/PA-APEX-422136-09' Name='Stop1' New state='Working' Instrument='MES SEP26' Action='Sell' Limit price=0 Stop price=7478 Quantity=6 Type='Stop Market' Time in force=GTC Oco='b5e4903a2182467ea44a93fe8c55fb88' Filled=0 Fill price=0 Error='No error' Native error='',
7/27/2026 6:58:41 AM,Order,Order='2837972194/PA-APEX-422136-07' Name='Target1' New state='Cancelled' Instrument='MES SEP26' Action='Sell' Limit price=7486 Stop price=0 Quantity=8 Type='Limit' Time in force=GTC Oco='69ed027c38ac437087e529916de7f665' Filled=0 Fill price=0 Error='No error' Native error='',
7/27/2026 6:58:41 AM,Order,Order='2837972167/PA-APEX-422136-08' Name='Target2' New state='Cancelled' Instrument='MES SEP26' Action='Sell' Limit price=7486.5 Stop price=0 Quantity=8 Type='Limit' Time in force=GTC Oco='e368c26a72804a8e8a056811db49ae30' Filled=0 Fill price=0 Error='No error' Native error='',
7/27/2026 6:58:41 AM,Order,Order='2837972165/PA-APEX-422136-08' Name='Target1' New state='Cancelled' Instrument='MES SEP26' Action='Sell' Limit price=7486 Stop price=0 Quantity=8 Type='Limit' Time in force=GTC Oco='06195d849aa044cdb5b9b1328963a7a9' Filled=0 Fill price=0 Error='No error' Native error='',
7/27/2026 6:58:41 AM,Strategy,Cancelling any remaining strategy orders,
7/27/2026 6:58:41 AM,Order,Order='2837972202/PA-APEX-422136-07' Name='Target2' New state='Cancelled' Instrument='MES SEP26' Action='Sell' Limit price=7486.5 Stop price=0 Quantity=8 Type='Limit' Time in force=GTC Oco='7af430ea77604375b0138fc35ccbc264' Filled=0 Fill price=0 Error='No error' Native error='',
7/27/2026 6:58:40 AM,Order,Order='2837972167/PA-APEX-422136-08' Name='Target2' New state='Cancel submitted' Instrument='MES SEP26' Action='Sell' Limit price=7486.5 Stop price=0 Quantity=8 Type='Limit' Time in force=GTC Oco='e368c26a72804a8e8a056811db49ae30' Filled=0 Fill price=0 Error='No error' Native error='',
7/27/2026 6:58:40 AM,Execution,Execution='1094393,
7/27/2026 6:58:40 AM,Order,Order='2837972166/PA-APEX-422136-08' Name='Stop2' New state='Filled' Instrument='MES SEP26' Action='Sell' Limit price=0 Stop price=7479 Quantity=8 Type='Stop Market' Time in force=GTC Oco='e368c26a72804a8e8a056811db49ae30' Filled=8 Fill price=7479 Error='No error' Native error='',
7/27/2026 6:58:40 AM,Strategy,Cancelling any remaining strategy orders,
7/27/2026 6:58:40 AM,Order,Order='2837972166/PA-APEX-422136-08' Name='Stop2' New state='Working' Instrument='MES SEP26' Action='Sell' Limit price=0 Stop price=7479 Quantity=8 Type='Stop Market' Time in force=GTC Oco='e368c26a72804a8e8a056811db49ae30' Filled=0 Fill price=0 Error='No error' Native error='',
7/27/2026 6:58:40 AM,Order,Order='2837972194/PA-APEX-422136-07' Name='Target1' New state='Cancel submitted' Instrument='MES SEP26' Action='Sell' Limit price=7486 Stop price=0 Quantity=8 Type='Limit' Time in force=GTC Oco='69ed027c38ac437087e529916de7f665' Filled=0 Fill price=0 Error='No error' Native error='',
7/27/2026 6:58:40 AM,Execution,Execution='1095492,
7/27/2026 6:58:40 AM,Order,Order='2837972193/PA-APEX-422136-07' Name='Stop1' New state='Filled' Instrument='MES SEP26' Action='Sell' Limit price=0 Stop price=7479 Quantity=8 Type='Stop Market' Time in force=GTC Oco='69ed027c38ac437087e529916de7f665' Filled=8 Fill price=7479 Error='No error' Native error='',
7/27/2026 6:58:40 AM,Order,Order='2837972165/PA-APEX-422136-08' Name='Target1' New state='Cancel submitted' Instrument='MES SEP26' Action='Sell' Limit price=7486 Stop price=0 Quantity=8 Type='Limit' Time in force=GTC Oco='06195d849aa044cdb5b9b1328963a7a9' Filled=0 Fill price=0 Error='No error' Native error='',
7/27/2026 6:58:40 AM,Order,Order='2837972193/PA-APEX-422136-07' Name='Stop1' New state='Working' Instrument='MES SEP26' Action='Sell' Limit price=0 Stop price=7479 Quantity=8 Type='Stop Market' Time in force=GTC Oco='69ed027c38ac437087e529916de7f665' Filled=0 Fill price=0 Error='No error' Native error='',
7/27/2026 6:58:40 AM,Order,Order='2837972151/PA-APEX-422136-08' Name='Stop1' New state='Filled' Instrument='MES SEP26' Action='Sell' Limit price=0 Stop price=7479 Quantity=8 Type='Stop Market' Time in force=GTC Oco='06195d849aa044cdb5b9b1328963a7a9' Filled=8 Fill price=7479 Error='No error' Native error='',
7/27/2026 6:58:40 AM,Execution,Execution='1095313,
7/27/2026 6:58:40 AM,Order,Order='2837972202/PA-APEX-422136-07' Name='Target2' New state='Cancel submitted' Instrument='MES SEP26' Action='Sell' Limit price=7486.5 Stop price=0 Quantity=8 Type='Limit' Time in force=GTC Oco='7af430ea77604375b0138fc35ccbc264' Filled=0 Fill price=0 Error='No error' Native error='',
7/27/2026 6:58:40 AM,Position,Instrument='MES SEP26' Account='PA-APEX-422136-08' Average price=7484 Quantity=8 Market position=Flat Operation=Remove,
7/27/2026 6:58:40 AM,Position,Instrument='MES SEP26' Account='PA-APEX-422136-07' Average price=7484 Quantity=8 Market position=Flat Operation=Remove,
7/27/2026 6:58:40 AM,Position,Instrument='MES SEP26' Account='PA-APEX-422136-08' Average price=7484 Quantity=8 Market position=Long Operation=Update,
7/27/2026 6:58:40 AM,Order,Order='2837972151/PA-APEX-422136-08' Name='Stop1' New state='Working' Instrument='MES SEP26' Action='Sell' Limit price=0 Stop price=7479 Quantity=8 Type='Stop Market' Time in force=GTC Oco='06195d849aa044cdb5b9b1328963a7a9' Filled=0 Fill price=0 Error='No error' Native error='',
7/27/2026 6:58:40 AM,Position,Instrument='MES SEP26' Account='PA-APEX-422136-07' Average price=7484 Quantity=8 Market position=Long Operation=Update,
7/27/2026 6:58:40 AM,Order,Order='2837972200/PA-APEX-422136-07' Name='Stop2' New state='Filled' Instrument='MES SEP26' Action='Sell' Limit price=0 Stop price=7479 Quantity=8 Type='Stop Market' Time in force=GTC Oco='7af430ea77604375b0138fc35ccbc264' Filled=8 Fill price=7479 Error='No error' Native error='',
7/27/2026 6:58:40 AM,Execution,Execution='1095173,
7/27/2026 6:58:40 AM,Order,Order='2837972200/PA-APEX-422136-07' Name='Stop2' New state='Working' Instrument='MES SEP26' Action='Sell' Limit price=0 Stop price=7479 Quantity=8 Type='Stop Market' Time in force=GTC Oco='7af430ea77604375b0138fc35ccbc264' Filled=0 Fill price=0 Error='No error' Native error='',
7/27/2026 6:57:40 AM,Order,Order='2837972202/PA-APEX-422136-07' Name='Target2' New state='Working' Instrument='MES SEP26' Action='Sell' Limit price=7486.5 Stop price=0 Quantity=8 Type='Limit' Time in force=GTC Oco='7af430ea77604375b0138fc35ccbc264' Filled=0 Fill price=0 Error='No error' Native error='',
7/27/2026 6:57:40 AM,Order,Order='2837972201/PA-APEX-422136-09' Name='Target2' New state='Accepted' Instrument='MES SEP26' Action='Sell' Limit price=7487 Stop price=0 Quantity=7 Type='Limit' Time in force=GTC Oco='b349e546aa0241a88cdb7f32a456eca5' Filled=0 Fill price=0 Error='No error' Native error='',
7/27/2026 6:57:40 AM,Order,Order='2837972200/PA-APEX-422136-07' Name='Stop2' New state='Accepted' Instrument='MES SEP26' Action='Sell' Limit price=0 Stop price=7479 Quantity=8 Type='Stop Market' Time in force=GTC Oco='7af430ea77604375b0138fc35ccbc264' Filled=0 Fill price=0 Error='No error' Native error='',
7/27/2026 6:57:40 AM,Order,Order='2837972202/PA-APEX-422136-07' Name='Target2' New state='Accepted' Instrument='MES SEP26' Action='Sell' Limit price=7486.5 Stop price=0 Quantity=8 Type='Limit' Time in force=GTC Oco='7af430ea77604375b0138fc35ccbc264' Filled=0 Fill price=0 Error='No error' Native error='',
7/27/2026 6:57:40 AM,Order,Order='2837972201/PA-APEX-422136-09' Name='Target2' New state='Working' Instrument='MES SEP26' Action='Sell' Limit price=7487 Stop price=0 Quantity=7 Type='Limit' Time in force=GTC Oco='b349e546aa0241a88cdb7f32a456eca5' Filled=0 Fill price=0 Error='No error' Native error='',
7/27/2026 6:57:40 AM,Order,Order='2837972194/PA-APEX-422136-07' Name='Target1' New state='Working' Instrument='MES SEP26' Action='Sell' Limit price=7486 Stop price=0 Quantity=8 Type='Limit' Time in force=GTC Oco='69ed027c38ac437087e529916de7f665' Filled=0 Fill price=0 Error='No error' Native error='',
7/27/2026 6:57:40 AM,Order,Order='2837972193/PA-APEX-422136-07' Name='Stop1' New state='Accepted' Instrument='MES SEP26' Action='Sell' Limit price=0 Stop price=7479 Quantity=8 Type='Stop Market' Time in force=GTC Oco='69ed027c38ac437087e529916de7f665' Filled=0 Fill price=0 Error='No error' Native error='',
7/27/2026 6:57:40 AM,Order,Order='2837972195/PA-APEX-422136-09' Name='Stop2' New state='Accepted' Instrument='MES SEP26' Action='Sell' Limit price=0 Stop price=7478 Quantity=7 Type='Stop Market' Time in force=GTC Oco='b349e546aa0241a88cdb7f32a456eca5' Filled=0 Fill price=0 Error='No error' Native error='',
7/27/2026 6:57:40 AM,Order,Order='2837972194/PA-APEX-422136-07' Name='Target1' New state='Accepted' Instrument='MES SEP26' Action='Sell' Limit price=7486 Stop price=0 Quantity=8 Type='Limit' Time in force=GTC Oco='69ed027c38ac437087e529916de7f665' Filled=0 Fill price=0 Error='No error' Native error='',
7/27/2026 6:57:40 AM,Order,Order='2837972185/PA-APEX-422136-09' Name='Target1' New state='Working' Instrument='MES SEP26' Action='Sell' Limit price=7486.5 Stop price=0 Quantity=6 Type='Limit' Time in force=GTC Oco='b5e4903a2182467ea44a93fe8c55fb88' Filled=0 Fill price=0 Error='No error' Native error='',
7/27/2026 6:57:40 AM,Order,Order='2837972184/PA-APEX-422136-09' Name='Stop1' New state='Accepted' Instrument='MES SEP26' Action='Sell' Limit price=0 Stop price=7478 Quantity=6 Type='Stop Market' Time in force=GTC Oco='b5e4903a2182467ea44a93fe8c55fb88' Filled=0 Fill price=0 Error='No error' Native error='',
7/27/2026 6:57:40 AM,Order,Order='2837972185/PA-APEX-422136-09' Name='Target1' New state='Accepted' Instrument='MES SEP26' Action='Sell' Limit price=7486.5 Stop price=0 Quantity=6 Type='Limit' Time in force=GTC Oco='b5e4903a2182467ea44a93fe8c55fb88' Filled=0 Fill price=0 Error='No error' Native error='',
7/27/2026 6:57:40 AM,Order,Order='8cd21c7a374140a38affdd5b412b0292/PA-APEX-422136-07' Name='Target2' New state='Submitted' Instrument='MES SEP26' Action='Sell' Limit price=7486.5 Stop price=0 Quantity=8 Type='Limit' Time in force=GTC Oco='7af430ea77604375b0138fc35ccbc264' Filled=0 Fill price=0 Error='No error' Native error='',
7/27/2026 6:57:40 AM,Order,Order='ca9a6a50f99549b3a6d559f45be66d7b/PA-APEX-422136-09' Name='Target2' New state='Submitted' Instrument='MES SEP26' Action='Sell' Limit price=7487 Stop price=0 Quantity=7 Type='Limit' Time in force=GTC Oco='b349e546aa0241a88cdb7f32a456eca5' Filled=0 Fill price=0 Error='No error' Native error='',
7/27/2026 6:57:40 AM,Order,Order='b519cd5e999546a6aa842c0993afa822/PA-APEX-422136-07' Name='Stop2' New state='Submitted' Instrument='MES SEP26' Action='Sell' Limit price=0 Stop price=7479 Quantity=8 Type='Stop Market' Time in force=GTC Oco='7af430ea77604375b0138fc35ccbc264' Filled=0 Fill price=0 Error='No error' Native error='',
7/27/2026 6:57:40 AM,Order,Order='cc2193d7c68a4c29b6807df1b2cf0c48/PA-APEX-422136-09' Name='Stop2' New state='Submitted' Instrument='MES SEP26' Action='Sell' Limit price=0 Stop price=7478 Quantity=7 Type='Stop Market' Time in force=GTC Oco='b349e546aa0241a88cdb7f32a456eca5' Filled=0 Fill price=0 Error='No error' Native error='',
7/27/2026 6:57:40 AM,Order,Order='2837972165/PA-APEX-422136-08' Name='Target1' New state='Accepted' Instrument='MES SEP26' Action='Sell' Limit price=7486 Stop price=0 Quantity=8 Type='Limit' Time in force=GTC Oco='06195d849aa044cdb5b9b1328963a7a9' Filled=0 Fill price=0 Error='No error' Native error='',
7/27/2026 6:57:40 AM,Order,Order='2837972165/PA-APEX-422136-08' Name='Target1' New state='Working' Instrument='MES SEP26' Action='Sell' Limit price=7486 Stop price=0 Quantity=8 Type='Limit' Time in force=GTC Oco='06195d849aa044cdb5b9b1328963a7a9' Filled=0 Fill price=0 Error='No error' Native error='',
7/27/2026 6:57:40 AM,Order,Order='2837972167/PA-APEX-422136-08' Name='Target2' New state='Accepted' Instrument='MES SEP26' Action='Sell' Limit price=7486.5 Stop price=0 Quantity=8 Type='Limit' Time in force=GTC Oco='e368c26a72804a8e8a056811db49ae30' Filled=0 Fill price=0 Error='No error' Native error='',
7/27/2026 6:57:40 AM,Order,Order='2837972167/PA-APEX-422136-08' Name='Target2' New state='Working' Instrument='MES SEP26' Action='Sell' Limit price=7486.5 Stop price=0 Quantity=8 Type='Limit' Time in force=GTC Oco='e368c26a72804a8e8a056811db49ae30' Filled=0 Fill price=0 Error='No error' Native error='',
7/27/2026 6:57:40 AM,Order,Order='2837972166/PA-APEX-422136-08' Name='Stop2' New state='Accepted' Instrument='MES SEP26' Action='Sell' Limit price=0 Stop price=7479 Quantity=8 Type='Stop Market' Time in force=GTC Oco='e368c26a72804a8e8a056811db49ae30' Filled=0 Fill price=0 Error='No error' Native error='',
7/27/2026 6:57:40 AM,Order,Order='2837972151/PA-APEX-422136-08' Name='Stop1' New state='Accepted' Instrument='MES SEP26' Action='Sell' Limit price=0 Stop price=7479 Quantity=8 Type='Stop Market' Time in force=GTC Oco='06195d849aa044cdb5b9b1328963a7a9' Filled=0 Fill price=0 Error='No error' Native error='',
7/27/2026 6:57:40 AM,Order,Order='4c99722d7a7b4f10835ebe3523a37446/PA-APEX-422136-07' Name='Target1' New state='Submitted' Instrument='MES SEP26' Action='Sell' Limit price=7486 Stop price=0 Quantity=8 Type='Limit' Time in force=GTC Oco='69ed027c38ac437087e529916de7f665' Filled=0 Fill price=0 Error='No error' Native error='',
7/27/2026 6:57:40 AM,Order,Order='2837965545/PA-APEX-422136-09' Name='Entry' New state='Filled' Instrument='MES SEP26' Action='Buy' Limit price=7484 Stop price=0 Quantity=13 Type='Limit' Time in force=GTC Oco='' Filled=13 Fill price=7484 Error='Unable to change order' Native error='Modification rejected by the Order Management System - Order is complete.',
7/27/2026 6:57:40 AM,Order,PA-APEX-422136-09 Modification rejected by the Order Management System - Order is complete. affected Order: Buy 13 Limit @ 7484,
7/27/2026 6:57:40 AM,Order,Order='ce3d0bddb62e435b80902c790dc1d639/PA-APEX-422136-07' Name='Stop1' New state='Submitted' Instrument='MES SEP26' Action='Sell' Limit price=0 Stop price=7479 Quantity=8 Type='Stop Market' Time in force=GTC Oco='69ed027c38ac437087e529916de7f665' Filled=0 Fill price=0 Error='No error' Native error='',
7/27/2026 6:57:40 AM,Order,Order='1f1a448ddfdc455d81e266cb635cc1a3/PA-APEX-422136-09' Name='Target1' New state='Submitted' Instrument='MES SEP26' Action='Sell' Limit price=7486.5 Stop price=0 Quantity=6 Type='Limit' Time in force=GTC Oco='b5e4903a2182467ea44a93fe8c55fb88' Filled=0 Fill price=0 Error='No error' Native error='',
7/27/2026 6:57:40 AM,Order,Order='f4a2bd8146114d9490f6e259b2661869/PA-APEX-422136-09' Name='Stop1' New state='Submitted' Instrument='MES SEP26' Action='Sell' Limit price=0 Stop price=7478 Quantity=6 Type='Stop Market' Time in force=GTC Oco='b5e4903a2182467ea44a93fe8c55fb88' Filled=0 Fill price=0 Error='No error' Native error='',
7/27/2026 6:57:40 AM,Order,PA-APEX-422136-09 Modification rejected by the Order Management System - Order is complete. affected Order: Buy 13 Limit @ 7484,
7/27/2026 6:57:40 AM,Order,Order='2837965545/PA-APEX-422136-09' Name='Entry' New state='Filled' Instrument='MES SEP26' Action='Buy' Limit price=7484 Stop price=0 Quantity=13 Type='Limit' Time in force=GTC Oco='' Filled=13 Fill price=7484 Error='Unable to change order' Native error='Modification rejected by the Order Management System - Order is complete.',
7/27/2026 6:57:40 AM,Order,Order='c3aeac4e7a1b42d7ba86707c0b548efc/PA-APEX-422136-08' Name='Target2' New state='Submitted' Instrument='MES SEP26' Action='Sell' Limit price=7486.5 Stop price=0 Quantity=8 Type='Limit' Time in force=GTC Oco='e368c26a72804a8e8a056811db49ae30' Filled=0 Fill price=0 Error='No error' Native error='',
7/27/2026 6:57:40 AM,Order,PA-APEX-422136-07 Modification rejected by the Order Management System - Order is complete. affected Order: Buy 16 Limit @ 7484,
7/27/2026 6:57:40 AM,Order,Order='650fe278dbee4e06ac9d17b7341ceaec/PA-APEX-422136-08' Name='Stop2' New state='Submitted' Instrument='MES SEP26' Action='Sell' Limit price=0 Stop price=7479 Quantity=8 Type='Stop Market' Time in force=GTC Oco='e368c26a72804a8e8a056811db49ae30' Filled=0 Fill price=0 Error='No error' Native error='',
7/27/2026 6:57:40 AM,Order,Order='9375eba223cf415eb7b7d88598bc74b9/PA-APEX-422136-08' Name='Target1' New state='Submitted' Instrument='MES SEP26' Action='Sell' Limit price=7486 Stop price=0 Quantity=8 Type='Limit' Time in force=GTC Oco='06195d849aa044cdb5b9b1328963a7a9' Filled=0 Fill price=0 Error='No error' Native error='',
7/27/2026 6:57:40 AM,Order,Order='c3d867b8c23b4ab78955f725f276a64d/PA-APEX-422136-08' Name='Stop1' New state='Submitted' Instrument='MES SEP26' Action='Sell' Limit price=0 Stop price=7479 Quantity=8 Type='Stop Market' Time in force=GTC Oco='06195d849aa044cdb5b9b1328963a7a9' Filled=0 Fill price=0 Error='No error' Native error='',
7/27/2026 6:57:40 AM,Order,Order='2837911420/PA-APEX-422136-07' Name='Entry' New state='Filled' Instrument='MES SEP26' Action='Buy' Limit price=7484 Stop price=0 Quantity=16 Type='Limit' Time in force=GTC Oco='' Filled=16 Fill price=7484 Error='Unable to change order' Native error='Modification rejected by the Order Management System - Order is complete.',
7/27/2026 6:57:40 AM,Order,Order='2837965545/PA-APEX-422136-09' Name='Entry' New state='Filled' Instrument='MES SEP26' Action='Buy' Limit price=7484 Stop price=0 Quantity=13 Type='Limit' Time in force=GTC Oco='' Filled=13 Fill price=7484 Error='No error' Native error='',
7/27/2026 6:57:40 AM,Execution,Execution='1094160,
7/27/2026 6:57:40 AM,Execution,Execution='1094157,
7/27/2026 6:57:40 AM,Order,Order='2837965545/PA-APEX-422136-09' Name='Entry' New state='Partially filled' Instrument='MES SEP26' Action='Buy' Limit price=7484 Stop price=0 Quantity=13 Type='Limit' Time in force=GTC Oco='' Filled=12 Fill price=7484 Error='No error' Native error='',
7/27/2026 6:57:40 AM,Execution,Execution='1094156,
7/27/2026 6:57:40 AM,Order,Order='2837965545/PA-APEX-422136-09' Name='Entry' New state='Partially filled' Instrument='MES SEP26' Action='Buy' Limit price=7484 Stop price=0 Quantity=13 Type='Limit' Time in force=GTC Oco='' Filled=10 Fill price=7484 Error='No error' Native error='',
7/27/2026 6:57:40 AM,Order,Order='2837965545/PA-APEX-422136-09' Name='Entry' New state='Partially filled' Instrument='MES SEP26' Action='Buy' Limit price=7484 Stop price=0 Quantity=13 Type='Limit' Time in force=GTC Oco='' Filled=8 Fill price=7484 Error='No error' Native error='',
7/27/2026 6:57:40 AM,Execution,Execution='1094155,
7/27/2026 6:57:40 AM,Execution,Execution='1094154,
7/27/2026 6:57:40 AM,Order,Order='2837965545/PA-APEX-422136-09' Name='Entry' New state='Partially filled' Instrument='MES SEP26' Action='Buy' Limit price=7484 Stop price=0 Quantity=13 Type='Limit' Time in force=GTC Oco='' Filled=7 Fill price=7484 Error='No error' Native error='',
7/27/2026 6:57:40 AM,Execution,Execution='1094153,
7/27/2026 6:57:40 AM,Order,Order='2837965545/PA-APEX-422136-09' Name='Entry' New state='Partially filled' Instrument='MES SEP26' Action='Buy' Limit price=7484 Stop price=0 Quantity=13 Type='Limit' Time in force=GTC Oco='' Filled=6 Fill price=7484 Error='No error' Native error='',
7/27/2026 6:57:40 AM,Order,Order='2837965545/PA-APEX-422136-09' Name='Entry' New state='Change submitted' Instrument='MES SEP26' Action='Buy' Limit price=7484.25 Stop price=0 Quantity=13 Type='Limit' Time in force=GTC Oco='' Filled=4 Fill price=7484 Error='No error' Native error='',
7/27/2026 6:57:40 AM,Order,Order='2837965545/PA-APEX-422136-09' Name='Entry' New state='Partially filled' Instrument='MES SEP26' Action='Buy' Limit price=7484 Stop price=0 Quantity=13 Type='Limit' Time in force=GTC Oco='' Filled=5 Fill price=7484 Error='No error' Native error='',
7/27/2026 6:57:40 AM,Execution,Execution='1094152,
7/27/2026 6:57:40 AM,Order,Order='2837965545/PA-APEX-422136-09' Name='Entry' New state='Partially filled' Instrument='MES SEP26' Action='Buy' Limit price=7484 Stop price=0 Quantity=13 Type='Limit' Time in force=GTC Oco='' Filled=4 Fill price=7484 Error='No error' Native error='',
7/27/2026 6:57:40 AM,Execution,Execution='1094150,
7/27/2026 6:57:40 AM,Order,Auto chase price modification to '7484.25',
7/27/2026 6:57:40 AM,Execution,Execution='1094149,
7/27/2026 6:57:40 AM,Order,Order='2837965545/PA-APEX-422136-09' Name='Entry' New state='Partially filled' Instrument='MES SEP26' Action='Buy' Limit price=7484 Stop price=0 Quantity=13 Type='Limit' Time in force=GTC Oco='' Filled=2 Fill price=7484 Error='No error' Native error='',
7/27/2026 6:57:40 AM,Execution,Execution='1094148,
7/27/2026 6:57:40 AM,Order,Order='2837965545/PA-APEX-422136-09' Name='Entry' New state='Partially filled' Instrument='MES SEP26' Action='Buy' Limit price=7484 Stop price=0 Quantity=13 Type='Limit' Time in force=GTC Oco='' Filled=3 Fill price=7484 Error='No error' Native error='',
7/27/2026 6:57:40 AM,Order,Order='2837965545/PA-APEX-422136-09' Name='Entry' New state='Partially filled' Instrument='MES SEP26' Action='Buy' Limit price=7484 Stop price=0 Quantity=13 Type='Limit' Time in force=GTC Oco='' Filled=1 Fill price=7484 Error='No error' Native error='',
7/27/2026 6:57:40 AM,Execution,Execution='1094147,
7/27/2026 6:57:40 AM,Order,Order='2837911420/PA-APEX-422136-07' Name='Entry' New state='Filled' Instrument='MES SEP26' Action='Buy' Limit price=7484 Stop price=0 Quantity=16 Type='Limit' Time in force=GTC Oco='' Filled=16 Fill price=7484 Error='No error' Native error='',
7/27/2026 6:57:40 AM,Position,Instrument='MES SEP26' Account='PA-APEX-422136-09' Average price=7484 Quantity=13 Market position=Long Operation=Update,
7/27/2026 6:57:40 AM,Execution,Execution='1093606,
7/27/2026 6:57:40 AM,Order,Order='2837965545/PA-APEX-422136-09' Name='Entry' New state='Change submitted' Instrument='MES SEP26' Action='Buy' Limit price=7484.25 Stop price=0 Quantity=13 Type='Limit' Time in force=GTC Oco='' Filled=0 Fill price=0 Error='No error' Native error='',
7/27/2026 6:57:40 AM,Execution,Execution='1093605,
7/27/2026 6:57:40 AM,Execution,Execution='1093604,
7/27/2026 6:57:40 AM,Order,Order='2837911420/PA-APEX-422136-07' Name='Entry' New state='Partially filled' Instrument='MES SEP26' Action='Buy' Limit price=7484 Stop price=0 Quantity=16 Type='Limit' Time in force=GTC Oco='' Filled=13 Fill price=7484 Error='No error' Native error='',
7/27/2026 6:57:40 AM,Order,Order='2837911420/PA-APEX-422136-07' Name='Entry' New state='Partially filled' Instrument='MES SEP26' Action='Buy' Limit price=7484 Stop price=0 Quantity=16 Type='Limit' Time in force=GTC Oco='' Filled=8 Fill price=7484 Error='No error' Native error='',
7/27/2026 6:57:40 AM,Order,Auto chase price modification to '7484.25',
7/27/2026 6:57:40 AM,Execution,Execution='1093603,
7/27/2026 6:57:40 AM,Order,Order='2837911420/PA-APEX-422136-07' Name='Entry' New state='Partially filled' Instrument='MES SEP26' Action='Buy' Limit price=7484 Stop price=0 Quantity=16 Type='Limit' Time in force=GTC Oco='' Filled=7 Fill price=7484 Error='No error' Native error='',
7/27/2026 6:57:40 AM,Order,Order='2837911420/PA-APEX-422136-07' Name='Entry' New state='Partially filled' Instrument='MES SEP26' Action='Buy' Limit price=7484 Stop price=0 Quantity=16 Type='Limit' Time in force=GTC Oco='' Filled=6 Fill price=7484 Error='No error' Native error='',
7/27/2026 6:57:40 AM,Execution,Execution='1093602,
7/27/2026 6:57:40 AM,Execution,Execution='1093601,
7/27/2026 6:57:40 AM,Order,Order='2837911420/PA-APEX-422136-07' Name='Entry' New state='Partially filled' Instrument='MES SEP26' Action='Buy' Limit price=7484 Stop price=0 Quantity=16 Type='Limit' Time in force=GTC Oco='' Filled=4 Fill price=7484 Error='No error' Native error='',
7/27/2026 6:57:40 AM,Order,Order='2837911420/PA-APEX-422136-07' Name='Entry' New state='Partially filled' Instrument='MES SEP26' Action='Buy' Limit price=7484 Stop price=0 Quantity=16 Type='Limit' Time in force=GTC Oco='' Filled=2 Fill price=7484 Error='No error' Native error='',
7/27/2026 6:57:40 AM,Execution,Execution='1093600,
7/27/2026 6:57:40 AM,Position,Instrument='MES SEP26' Account='PA-APEX-422136-09' Average price=7484 Quantity=12 Market position=Long Operation=Update,
7/27/2026 6:57:40 AM,Position,Instrument='MES SEP26' Account='PA-APEX-422136-09' Average price=7484 Quantity=8 Market position=Long Operation=Update,
7/27/2026 6:57:40 AM,Position,Instrument='MES SEP26' Account='PA-APEX-422136-09' Average price=7484 Quantity=10 Market position=Long Operation=Update,
7/27/2026 6:57:40 AM,Position,Instrument='MES SEP26' Account='PA-APEX-422136-09' Average price=7484 Quantity=7 Market position=Long Operation=Update,
7/27/2026 6:57:40 AM,Position,Instrument='MES SEP26' Account='PA-APEX-422136-09' Average price=7484 Quantity=5 Market position=Long Operation=Update,
7/27/2026 6:57:40 AM,Position,Instrument='MES SEP26' Account='PA-APEX-422136-09' Average price=7484 Quantity=6 Market position=Long Operation=Update,
7/27/2026 6:57:40 AM,Position,Instrument='MES SEP26' Account='PA-APEX-422136-09' Average price=7484 Quantity=4 Market position=Long Operation=Update,
7/27/2026 6:57:40 AM,Execution,Execution='1093599,
7/27/2026 6:57:40 AM,Position,Instrument='MES SEP26' Account='PA-APEX-422136-09' Average price=7484 Quantity=3 Market position=Long Operation=Update,
7/27/2026 6:57:40 AM,Order,Order='2837911420/PA-APEX-422136-07' Name='Entry' New state='Partially filled' Instrument='MES SEP26' Action='Buy' Limit price=7484 Stop price=0 Quantity=16 Type='Limit' Time in force=GTC Oco='' Filled=1 Fill price=7484 Error='No error' Native error='',
7/27/2026 6:57:40 AM,Order,Order='2837912986/PA-APEX-422136-08' Name='Entry' New state='Filled' Instrument='MES SEP26' Action='Buy' Limit price=7484 Stop price=0 Quantity=16 Type='Limit' Time in force=GTC Oco='' Filled=16 Fill price=7484 Error='No error' Native error='',
7/27/2026 6:57:40 AM,Order,Auto chase price modification to '7484.25',
7/27/2026 6:57:40 AM,Order,Order='2837911420/PA-APEX-422136-07' Name='Entry' New state='Change submitted' Instrument='MES SEP26' Action='Buy' Limit price=7484.25 Stop price=0 Quantity=16 Type='Limit' Time in force=GTC Oco='' Filled=0 Fill price=0 Error='No error' Native error='',
7/27/2026 6:57:40 AM,Position,Instrument='MES SEP26' Account='PA-APEX-422136-09' Average price=7484 Quantity=2 Market position=Long Operation=Update,
7/27/2026 6:57:40 AM,Position,Instrument='MES SEP26' Account='PA-APEX-422136-09' Average price=7484 Quantity=1 Market position=Long Operation=Operation_Add,
7/27/2026 6:57:40 AM,Position,Instrument='MES SEP26' Account='PA-APEX-422136-07' Average price=7484 Quantity=16 Market position=Long Operation=Update,
7/27/2026 6:57:40 AM,Position,Instrument='MES SEP26' Account='PA-APEX-422136-07' Average price=7484 Quantity=13 Market position=Long Operation=Update,
7/27/2026 6:57:40 AM,Position,Instrument='MES SEP26' Account='PA-APEX-422136-07' Average price=7484 Quantity=8 Market position=Long Operation=Update,
7/27/2026 6:57:40 AM,Position,Instrument='MES SEP26' Account='PA-APEX-422136-07' Average price=7484 Quantity=7 Market position=Long Operation=Update,
7/27/2026 6:57:40 AM,Position,Instrument='MES SEP26' Account='PA-APEX-422136-07' Average price=7484 Quantity=4 Market position=Long Operation=Update,
7/27/2026 6:57:40 AM,Position,Instrument='MES SEP26' Account='PA-APEX-422136-07' Average price=7484 Quantity=6 Market position=Long Operation=Update,
7/27/2026 6:57:40 AM,Position,Instrument='MES SEP26' Account='PA-APEX-422136-07' Average price=7484 Quantity=2 Market position=Long Operation=Update,
7/27/2026 6:57:40 AM,Position,Instrument='MES SEP26' Account='PA-APEX-422136-07' Average price=7484 Quantity=1 Market position=Long Operation=Operation_Add,
7/27/2026 6:57:40 AM,Execution,Execution='1093409,
7/27/2026 6:57:40 AM,Execution,Execution='1093408,
7/27/2026 6:57:40 AM,Execution,Execution='1093406,
7/27/2026 6:57:40 AM,Position,Instrument='MES SEP26' Account='PA-APEX-422136-08' Average price=7484 Quantity=8 Market position=Long Operation=Update,
7/27/2026 6:57:40 AM,Position,Instrument='MES SEP26' Account='PA-APEX-422136-08' Average price=7484 Quantity=7 Market position=Long Operation=Update,
7/27/2026 6:57:40 AM,Execution,Execution='1093407,
7/27/2026 6:57:40 AM,Position,Instrument='MES SEP26' Account='PA-APEX-422136-08' Average price=7484 Quantity=16 Market position=Long Operation=Update,
7/27/2026 6:57:40 AM,Position,Instrument='MES SEP26' Account='PA-APEX-422136-08' Average price=7484 Quantity=13 Market position=Long Operation=Update,
7/27/2026 6:57:40 AM,Position,Instrument='MES SEP26' Account='PA-APEX-422136-08' Average price=7484 Quantity=6 Market position=Long Operation=Update,
7/27/2026 6:57:40 AM,Order,Order='2837912986/PA-APEX-422136-08' Name='Entry' New state='Partially filled' Instrument='MES SEP26' Action='Buy' Limit price=7484 Stop price=0 Quantity=16 Type='Limit' Time in force=GTC Oco='' Filled=13 Fill price=7484 Error='No error' Native error='',
7/27/2026 6:57:40 AM,Position,Instrument='MES SEP26' Account='PA-APEX-422136-08' Average price=7484 Quantity=4 Market position=Long Operation=Update,
7/27/2026 6:57:40 AM,Order,Order='2837912986/PA-APEX-422136-08' Name='Entry' New state='Partially filled' Instrument='MES SEP26' Action='Buy' Limit price=7484 Stop price=0 Quantity=16 Type='Limit' Time in force=GTC Oco='' Filled=8 Fill price=7484 Error='No error' Native error='',
7/27/2026 6:57:40 AM,Position,Instrument='MES SEP26' Account='PA-APEX-422136-08' Average price=7484 Quantity=2 Market position=Long Operation=Update,
7/27/2026 6:57:40 AM,Order,Order='2837912986/PA-APEX-422136-08' Name='Entry' New state='Partially filled' Instrument='MES SEP26' Action='Buy' Limit price=7484 Stop price=0 Quantity=16 Type='Limit' Time in force=GTC Oco='' Filled=7 Fill price=7484 Error='No error' Native error='',
7/27/2026 6:57:40 AM,Execution,Execution='1093405,
7/27/2026 6:57:40 AM,Order,Order='2837912986/PA-APEX-422136-08' Name='Entry' New state='Partially filled' Instrument='MES SEP26' Action='Buy' Limit price=7484 Stop price=0 Quantity=16 Type='Limit' Time in force=GTC Oco='' Filled=6 Fill price=7484 Error='No error' Native error='',
7/27/2026 6:57:40 AM,Position,Instrument='MES SEP26' Account='PA-APEX-422136-08' Average price=7484 Quantity=1 Market position=Long Operation=Operation_Add,
7/27/2026 6:57:40 AM,Execution,Execution='1093404,
7/27/2026 6:57:40 AM,Order,Order='2837912986/PA-APEX-422136-08' Name='Entry' New state='Partially filled' Instrument='MES SEP26' Action='Buy' Limit price=7484 Stop price=0 Quantity=16 Type='Limit' Time in force=GTC Oco='' Filled=4 Fill price=7484 Error='No error' Native error='',
7/27/2026 6:57:40 AM,Execution,Execution='1093403,
7/27/2026 6:57:40 AM,Order,Order='2837912986/PA-APEX-422136-08' Name='Entry' New state='Partially filled' Instrument='MES SEP26' Action='Buy' Limit price=7484 Stop price=0 Quantity=16 Type='Limit' Time in force=GTC Oco='' Filled=2 Fill price=7484 Error='No error' Native error='',
7/27/2026 6:57:40 AM,Order,Order='2837912986/PA-APEX-422136-08' Name='Entry' New state='Partially filled' Instrument='MES SEP26' Action='Buy' Limit price=7484 Stop price=0 Quantity=16 Type='Limit' Time in force=GTC Oco='' Filled=1 Fill price=7484 Error='No error' Native error='',
7/27/2026 6:57:40 AM,Execution,Execution='1093402,
7/27/2026 6:56:55 AM,Order,Order='2837965545/PA-APEX-422136-09' Name='Entry' New state='Accepted' Instrument='MES SEP26' Action='Buy' Limit price=7484 Stop price=0 Quantity=13 Type='Limit' Time in force=GTC Oco='' Filled=0 Fill price=0 Error='No error' Native error='',
7/27/2026 6:56:55 AM,Order,Order='2837965545/PA-APEX-422136-09' Name='Entry' New state='Working' Instrument='MES SEP26' Action='Buy' Limit price=7484 Stop price=0 Quantity=13 Type='Limit' Time in force=GTC Oco='' Filled=0 Fill price=0 Error='No error' Native error='',
7/27/2026 6:56:55 AM,Order,Order='376a300badbb4c61bca4a204e9a2826d/PA-APEX-422136-09' Name='Entry' New state='Submitted' Instrument='MES SEP26' Action='Buy' Limit price=7484 Stop price=0 Quantity=13 Type='Limit' Time in force=GTC Oco='' Filled=0 Fill price=0 Error='No error' Native error='',
7/27/2026 6:56:55 AM,Order,Chart Trader submitting order with strategy 'MES MIN SL6 - 5' (Ticks),
7/27/2026 6:56:29 AM,Order,Order='2837962166/PA-APEX-422136-07' Name='Entry' New state='Accepted' Instrument='MES SEP26' Action='Sell' Limit price=7502 Stop price=0 Quantity=16 Type='Limit' Time in force=GTC Oco='' Filled=0 Fill price=0 Error='No error' Native error='',
7/27/2026 6:56:29 AM,Order,Order='2837962166/PA-APEX-422136-07' Name='Entry' New state='Working' Instrument='MES SEP26' Action='Sell' Limit price=7502 Stop price=0 Quantity=16 Type='Limit' Time in force=GTC Oco='' Filled=0 Fill price=0 Error='No error' Native error='',
7/27/2026 6:56:29 AM,Order,Order='decbdcf0fb3a475ab09a3da2755fa6b5/PA-APEX-422136-07' Name='Entry' New state='Submitted' Instrument='MES SEP26' Action='Sell' Limit price=7502 Stop price=0 Quantity=16 Type='Limit' Time in force=GTC Oco='' Filled=0 Fill price=0 Error='No error' Native error='',
7/27/2026 6:56:29 AM,Order,Chart Trader submitting order with strategy 'MES MIN SL5 - 4' (Ticks),
7/27/2026 6:56:23 AM,Order,Order='2837908929/PA-APEX-422136-07' Name='Entry' New state='Cancelled' Instrument='MES SEP26' Action='Sell' Limit price=7506 Stop price=0 Quantity=16 Type='Limit' Time in force=GTC Oco='' Filled=0 Fill price=0 Error='No error' Native error='',
7/27/2026 6:56:23 AM,Order,Order='2837908929/PA-APEX-422136-07' Name='Entry' New state='Cancel submitted' Instrument='MES SEP26' Action='Sell' Limit price=7506 Stop price=0 Quantity=16 Type='Limit' Time in force=GTC Oco='' Filled=0 Fill price=0 Error='No error' Native error='',
7/27/2026 6:50:23 AM,Order,Order='2837912986/PA-APEX-422136-08' Name='Entry' New state='Working' Instrument='MES SEP26' Action='Buy' Limit price=7484 Stop price=0 Quantity=16 Type='Limit' Time in force=GTC Oco='' Filled=0 Fill price=0 Error='No error' Native error='',
7/27/2026 6:50:23 AM,Order,Order='2837912986/PA-APEX-422136-08' Name='Entry' New state='Accepted' Instrument='MES SEP26' Action='Buy' Limit price=7484 Stop price=0 Quantity=16 Type='Limit' Time in force=GTC Oco='' Filled=0 Fill price=0 Error='No error' Native error='',
7/27/2026 6:50:23 AM,Order,Order='8f8c4e1a989843b197353c07cb9a133a/PA-APEX-422136-08' Name='Entry' New state='Submitted' Instrument='MES SEP26' Action='Buy' Limit price=7484 Stop price=0 Quantity=16 Type='Limit' Time in force=GTC Oco='' Filled=0 Fill price=0 Error='No error' Native error='',
7/27/2026 6:50:23 AM,Order,Chart Trader submitting order with strategy 'MES MIN SL5 - 3' (Ticks),
7/27/2026 6:50:14 AM,Order,Order='2837911420/PA-APEX-422136-07' Name='Entry' New state='Accepted' Instrument='MES SEP26' Action='Buy' Limit price=7484 Stop price=0 Quantity=16 Type='Limit' Time in force=GTC Oco='' Filled=0 Fill price=0 Error='No error' Native error='',
7/27/2026 6:50:14 AM,Order,Order='2837911420/PA-APEX-422136-07' Name='Entry' New state='Working' Instrument='MES SEP26' Action='Buy' Limit price=7484 Stop price=0 Quantity=16 Type='Limit' Time in force=GTC Oco='' Filled=0 Fill price=0 Error='No error' Native error='',
7/27/2026 6:50:14 AM,Order,Order='6a132e1105ec4561923d65b4be4d5413/PA-APEX-422136-07' Name='Entry' New state='Submitted' Instrument='MES SEP26' Action='Buy' Limit price=7484 Stop price=0 Quantity=16 Type='Limit' Time in force=GTC Oco='' Filled=0 Fill price=0 Error='No error' Native error='',
7/27/2026 6:50:14 AM,Order,Chart Trader submitting order with strategy 'MES MIN SL5 - 2' (Ticks),
7/27/2026 6:50:00 AM,Order,Order='2837908929/PA-APEX-422136-07' Name='Entry' New state='Accepted' Instrument='MES SEP26' Action='Sell' Limit price=7506 Stop price=0 Quantity=16 Type='Limit' Time in force=GTC Oco='' Filled=0 Fill price=0 Error='No error' Native error='',
7/27/2026 6:50:00 AM,Order,Order='2837908929/PA-APEX-422136-07' Name='Entry' New state='Working' Instrument='MES SEP26' Action='Sell' Limit price=7506 Stop price=0 Quantity=16 Type='Limit' Time in force=GTC Oco='' Filled=0 Fill price=0 Error='No error' Native error='',
7/27/2026 6:50:00 AM,Order,Order='2837908929/PA-APEX-422136-07' Name='Entry' New state='Change submitted' Instrument='MES SEP26' Action='Sell' Limit price=7506 Stop price=0 Quantity=16 Type='Limit' Time in force=GTC Oco='' Filled=0 Fill price=0 Error='No error' Native error='',
7/27/2026 6:49:58 AM,Order,Order='2837908929/PA-APEX-422136-07' Name='Entry' New state='Working' Instrument='MES SEP26' Action='Sell' Limit price=7506.25 Stop price=0 Quantity=16 Type='Limit' Time in force=GTC Oco='' Filled=0 Fill price=0 Error='No error' Native error='',
7/27/2026 6:49:58 AM,Order,Order='2837908929/PA-APEX-422136-07' Name='Entry' New state='Accepted' Instrument='MES SEP26' Action='Sell' Limit price=7506.25 Stop price=0 Quantity=16 Type='Limit' Time in force=GTC Oco='' Filled=0 Fill price=0 Error='No error' Native error='',
7/27/2026 6:49:58 AM,Order,Order='5bb3c25ed8984cb5a60cacab6bc6daf2/PA-APEX-422136-07' Name='Entry' New state='Submitted' Instrument='MES SEP26' Action='Sell' Limit price=7506.25 Stop price=0 Quantity=16 Type='Limit' Time in force=GTC Oco='' Filled=0 Fill price=0 Error='No error' Native error='',
7/27/2026 6:49:58 AM,Order,Chart Trader submitting order with strategy 'MES MIN SL5 - 1' (Ticks),
7/27/2026 6:49:21 AM,Order,Order='2837894271/PA-APEX-422136-08' Name='Entry' New state='Cancelled' Instrument='MES SEP26' Action='Buy' Limit price=7484 Stop price=0 Quantity=20 Type='Limit' Time in force=GTC Oco='' Filled=0 Fill price=0 Error='No error' Native error='',
7/27/2026 6:49:21 AM,Order,Order='2837894271/PA-APEX-422136-08' Name='Entry' New state='Cancel submitted' Instrument='MES SEP26' Action='Buy' Limit price=7484 Stop price=0 Quantity=20 Type='Limit' Time in force=GTC Oco='' Filled=0 Fill price=0 Error='No error' Native error='',
7/27/2026 6:49:21 AM,Default,Cancel all orders account='PA-APEX-422136-08',
7/27/2026 6:49:21 AM,Default,Chart Trader close position,
7/27/2026 6:49:20 AM,Order,Order='2837890472/PA-APEX-422136-07' Name='Entry' New state='Cancelled' Instrument='MES SEP26' Action='Buy' Limit price=7484 Stop price=0 Quantity=20 Type='Limit' Time in force=GTC Oco='' Filled=0 Fill price=0 Error='No error' Native error='',
7/27/2026 6:49:20 AM,Order,Order='2837890472/PA-APEX-422136-07' Name='Entry' New state='Cancel submitted' Instrument='MES SEP26' Action='Buy' Limit price=7484 Stop price=0 Quantity=20 Type='Limit' Time in force=GTC Oco='' Filled=0 Fill price=0 Error='No error' Native error='',
7/27/2026 6:49:20 AM,Default,Chart Trader close position,
7/27/2026 6:49:20 AM,Default,Cancel all orders account='PA-APEX-422136-07',
7/27/2026 6:48:10 AM,Order,Order='2837894271/PA-APEX-422136-08' Name='Entry' New state='Accepted' Instrument='MES SEP26' Action='Buy' Limit price=7484 Stop price=0 Quantity=20 Type='Limit' Time in force=GTC Oco='' Filled=0 Fill price=0 Error='No error' Native error='',
7/27/2026 6:48:10 AM,Order,Order='2837894271/PA-APEX-422136-08' Name='Entry' New state='Working' Instrument='MES SEP26' Action='Buy' Limit price=7484 Stop price=0 Quantity=20 Type='Limit' Time in force=GTC Oco='' Filled=0 Fill price=0 Error='No error' Native error='',
7/27/2026 6:48:09 AM,Order,Order='3eba15412d544619ab46b67751ee161c/PA-APEX-422136-08' Name='Entry' New state='Submitted' Instrument='MES SEP26' Action='Buy' Limit price=7484 Stop price=0 Quantity=20 Type='Limit' Time in force=GTC Oco='' Filled=0 Fill price=0 Error='No error' Native error='',
7/27/2026 6:48:09 AM,Order,Chart Trader submitting order with strategy 'MES MIN SL4 - 2' (Ticks),
7/27/2026 6:47:49 AM,Order,Order='2837890472/PA-APEX-422136-07' Name='Entry' New state='Accepted' Instrument='MES SEP26' Action='Buy' Limit price=7484 Stop price=0 Quantity=20 Type='Limit' Time in force=GTC Oco='' Filled=0 Fill price=0 Error='No error' Native error='',
7/27/2026 6:47:49 AM,Order,Order='2837890472/PA-APEX-422136-07' Name='Entry' New state='Working' Instrument='MES SEP26' Action='Buy' Limit price=7484 Stop price=0 Quantity=20 Type='Limit' Time in force=GTC Oco='' Filled=0 Fill price=0 Error='No error' Native error='',
7/27/2026 6:47:49 AM,Order,Order='683e9a59fae34bb09b44857cfa7dc214/PA-APEX-422136-07' Name='Entry' New state='Submitted' Instrument='MES SEP26' Action='Buy' Limit price=7484 Stop price=0 Quantity=20 Type='Limit' Time in force=GTC Oco='' Filled=0 Fill price=0 Error='No error' Native error='',
7/27/2026 6:47:49 AM,Order,Chart Trader submitting order with strategy 'MES MIN SL4 - 1' (Ticks),
7/27/2026 6:43:47 AM,Order,Order='2837849828/PA-APEX-422136-07' Name='Target1' New state='Cancelled' Instrument='MES SEP26' Action='Sell' Limit price=7499 Stop price=0 Quantity=20 Type='Limit' Time in force=GTC Oco='e7b8a80e0a454c20ac29cad05fa81a96' Filled=0 Fill price=0 Error='No error' Native error='',
7/27/2026 6:43:47 AM,Strategy,Cancelling any remaining strategy orders,
7/27/2026 6:43:47 AM,Order,Order='2837849828/PA-APEX-422136-07' Name='Target1' New state='Cancel submitted' Instrument='MES SEP26' Action='Sell' Limit price=7499 Stop price=0 Quantity=20 Type='Limit' Time in force=GTC Oco='e7b8a80e0a454c20ac29cad05fa81a96' Filled=0 Fill price=0 Error='No error' Native error='',
7/27/2026 6:43:47 AM,Order,Order='2837850016/PA-APEX-422136-08' Name='Target1' New state='Cancelled' Instrument='MES SEP26' Action='Sell' Limit price=7499 Stop price=0 Quantity=20 Type='Limit' Time in force=GTC Oco='9a531089f67546f6b8a0e30c1e2790ea' Filled=0 Fill price=0 Error='No error' Native error='',
7/27/2026 6:43:47 AM,Position,Instrument='MES SEP26' Account='PA-APEX-422136-08' Average price=7497.1875 Quantity=20 Market position=Flat Operation=Remove,
7/27/2026 6:43:46 AM,Order,Order='2837849827/PA-APEX-422136-07' Name='Stop1' New state='Filled' Instrument='MES SEP26' Action='Sell' Limit price=0 Stop price=7493 Quantity=20 Type='Stop Market' Time in force=GTC Oco='e7b8a80e0a454c20ac29cad05fa81a96' Filled=20 Fill price=7493 Error='No error' Native error='',
7/27/2026 6:43:46 AM,Strategy,Cancelling any remaining strategy orders,
7/27/2026 6:43:46 AM,Execution,Execution='1079156,
7/27/2026 6:43:46 AM,Order,Order='2837850016/PA-APEX-422136-08' Name='Target1' New state='Cancel submitted' Instrument='MES SEP26' Action='Sell' Limit price=7499 Stop price=0 Quantity=20 Type='Limit' Time in force=GTC Oco='9a531089f67546f6b8a0e30c1e2790ea' Filled=0 Fill price=0 Error='No error' Native error='',
7/27/2026 6:43:46 AM,Order,Order='2837849827/PA-APEX-422136-07' Name='Stop1' New state='Working' Instrument='MES SEP26' Action='Sell' Limit price=0 Stop price=7493 Quantity=20 Type='Stop Market' Time in force=GTC Oco='e7b8a80e0a454c20ac29cad05fa81a96' Filled=0 Fill price=0 Error='No error' Native error='',
7/27/2026 6:43:46 AM,Order,Order='2837850015/PA-APEX-422136-08' Name='Stop1' New state='Filled' Instrument='MES SEP26' Action='Sell' Limit price=0 Stop price=7493 Quantity=20 Type='Stop Market' Time in force=GTC Oco='9a531089f67546f6b8a0e30c1e2790ea' Filled=20 Fill price=7493 Error='No error' Native error='',
7/27/2026 6:43:46 AM,Execution,Execution='1077945,
7/27/2026 6:43:46 AM,Order,Order='2837850015/PA-APEX-422136-08' Name='Stop1' New state='Working' Instrument='MES SEP26' Action='Sell' Limit price=0 Stop price=7493 Quantity=20 Type='Stop Market' Time in force=GTC Oco='9a531089f67546f6b8a0e30c1e2790ea' Filled=0 Fill price=0 Error='No error' Native error='',
7/27/2026 6:43:46 AM,Order,Order='2837850014/PA-APEX-422136-01' Name='Target1' New state='Cancelled' Instrument='MES SEP26' Action='Sell' Limit price=7499.25 Stop price=0 Quantity=20 Type='Limit' Time in force=GTC Oco='c130d82ec2bb4d0da74c2b42827dae7c' Filled=0 Fill price=0 Error='No error' Native error='',
7/27/2026 6:43:46 AM,Strategy,Cancelling any remaining strategy orders,
7/27/2026 6:43:46 AM,Position,Instrument='MES SEP26' Account='PA-APEX-422136-07' Average price=7497.1875 Quantity=20 Market position=Flat Operation=Remove,
7/27/2026 6:43:46 AM,Order,Order='2837850014/PA-APEX-422136-01' Name='Target1' New state='Cancel submitted' Instrument='MES SEP26' Action='Sell' Limit price=7499.25 Stop price=0 Quantity=20 Type='Limit' Time in force=GTC Oco='c130d82ec2bb4d0da74c2b42827dae7c' Filled=0 Fill price=0 Error='No error' Native error='',
7/27/2026 6:43:46 AM,Order,Order='2837849998/PA-APEX-422136-01' Name='Stop1' New state='Filled' Instrument='MES SEP26' Action='Sell' Limit price=0 Stop price=7493.25 Quantity=20 Type='Stop Market' Time in force=GTC Oco='c130d82ec2bb4d0da74c2b42827dae7c' Filled=20 Fill price=7493.25 Error='No error' Native error='',
7/27/2026 6:43:46 AM,Execution,Execution='1077167,
7/27/2026 6:43:46 AM,Position,Instrument='MES SEP26' Account='PA-APEX-422136-01' Average price=7497.25 Quantity=20 Market position=Flat Operation=Remove,
7/27/2026 6:43:46 AM,Order,Order='2837849998/PA-APEX-422136-01' Name='Stop1' New state='Working' Instrument='MES SEP26' Action='Sell' Limit price=0 Stop price=7493.25 Quantity=20 Type='Stop Market' Time in force=GTC Oco='c130d82ec2bb4d0da74c2b42827dae7c' Filled=0 Fill price=0 Error='No error' Native error='',
7/27/2026 6:43:09 AM,Order,Order='2837850016/PA-APEX-422136-08' Name='Target1' New state='Accepted' Instrument='MES SEP26' Action='Sell' Limit price=7499 Stop price=0 Quantity=20 Type='Limit' Time in force=GTC Oco='9a531089f67546f6b8a0e30c1e2790ea' Filled=0 Fill price=0 Error='No error' Native error='',
7/27/2026 6:43:09 AM,Order,Order='2837850016/PA-APEX-422136-08' Name='Target1' New state='Working' Instrument='MES SEP26' Action='Sell' Limit price=7499 Stop price=0 Quantity=20 Type='Limit' Time in force=GTC Oco='9a531089f67546f6b8a0e30c1e2790ea' Filled=0 Fill price=0 Error='No error' Native error='',
7/27/2026 6:43:09 AM,Order,Order='2837850015/PA-APEX-422136-08' Name='Stop1' New state='Accepted' Instrument='MES SEP26' Action='Sell' Limit price=0 Stop price=7493 Quantity=20 Type='Stop Market' Time in force=GTC Oco='9a531089f67546f6b8a0e30c1e2790ea' Filled=0 Fill price=0 Error='No error' Native error='',
7/27/2026 6:43:09 AM,Order,Order='2837850014/PA-APEX-422136-01' Name='Target1' New state='Accepted' Instrument='MES SEP26' Action='Sell' Limit price=7499.25 Stop price=0 Quantity=20 Type='Limit' Time in force=GTC Oco='c130d82ec2bb4d0da74c2b42827dae7c' Filled=0 Fill price=0 Error='No error' Native error='',
7/27/2026 6:43:09 AM,Order,Order='2837850014/PA-APEX-422136-01' Name='Target1' New state='Working' Instrument='MES SEP26' Action='Sell' Limit price=7499.25 Stop price=0 Quantity=20 Type='Limit' Time in force=GTC Oco='c130d82ec2bb4d0da74c2b42827dae7c' Filled=0 Fill price=0 Error='No error' Native error='',
7/27/2026 6:43:09 AM,Position,Instrument='MES SEP26' Account='PA-APEX-422136-01' Average price=7497.25 Quantity=20 Market position=Long Operation=Operation_Add,
7/27/2026 6:43:09 AM,Order,Order='2837849998/PA-APEX-422136-01' Name='Stop1' New state='Accepted' Instrument='MES SEP26' Action='Sell' Limit price=0 Stop price=7493.25 Quantity=20 Type='Stop Market' Time in force=GTC Oco='c130d82ec2bb4d0da74c2b42827dae7c' Filled=0 Fill price=0 Error='No error' Native error='',
7/27/2026 6:43:09 AM,Order,Order='7027d0df1ac440c9901bde5bba97a2e9/PA-APEX-422136-08' Name='Target1' New state='Submitted' Instrument='MES SEP26' Action='Sell' Limit price=7499 Stop price=0 Quantity=20 Type='Limit' Time in force=GTC Oco='9a531089f67546f6b8a0e30c1e2790ea' Filled=0 Fill price=0 Error='No error' Native error='',
7/27/2026 6:43:09 AM,Order,Order='559dda1daa0a404880bb7d2b7ea59fc1/PA-APEX-422136-08' Name='Stop1' New state='Submitted' Instrument='MES SEP26' Action='Sell' Limit price=0 Stop price=7493 Quantity=20 Type='Stop Market' Time in force=GTC Oco='9a531089f67546f6b8a0e30c1e2790ea' Filled=0 Fill price=0 Error='No error' Native error='',
7/27/2026 6:43:09 AM,Order,Order='2837831914/PA-APEX-422136-08' Name='Entry' New state='Filled' Instrument='MES SEP26' Action='Buy' Limit price=7497.25 Stop price=0 Quantity=20 Type='Limit' Time in force=GTC Oco='' Filled=20 Fill price=7497.1875 Error='No error' Native error='',
7/27/2026 6:43:09 AM,Order,Order='438048707a7b49c4a4167c314040c52a/PA-APEX-422136-01' Name='Target1' New state='Submitted' Instrument='MES SEP26' Action='Sell' Limit price=7499.25 Stop price=0 Quantity=20 Type='Limit' Time in force=GTC Oco='c130d82ec2bb4d0da74c2b42827dae7c' Filled=0 Fill price=0 Error='No error' Native error='',
7/27/2026 6:43:09 AM,Order,Order='bfcf2772c02e4524bab3fab1b55c3d20/PA-APEX-422136-01' Name='Stop1' New state='Submitted' Instrument='MES SEP26' Action='Sell' Limit price=0 Stop price=7493.25 Quantity=20 Type='Stop Market' Time in force=GTC Oco='c130d82ec2bb4d0da74c2b42827dae7c' Filled=0 Fill price=0 Error='No error' Native error='',
7/27/2026 6:43:09 AM,Execution,Execution='1076326,
7/27/2026 6:43:09 AM,Order,Order='2837846194/PA-APEX-422136-01' Name='Entry' New state='Filled' Instrument='MES SEP26' Action='Buy' Limit price=7497.25 Stop price=0 Quantity=20 Type='Limit' Time in force=GTC Oco='' Filled=20 Fill price=7497.25 Error='No error' Native error='',
7/27/2026 6:43:09 AM,Execution,Execution='1077177,
7/27/2026 6:43:09 AM,Execution,Execution='1077176,
7/27/2026 6:43:09 AM,Position,Instrument='MES SEP26' Account='PA-APEX-422136-08' Average price=7497.1875 Quantity=20 Market position=Long Operation=Update,
7/27/2026 6:43:09 AM,Position,Instrument='MES SEP26' Account='PA-APEX-422136-08' Average price=7497.09375 Quantity=8 Market position=Long Operation=Update,
7/27/2026 6:43:09 AM,Order,Order='2837846194/PA-APEX-422136-01' Name='Entry' New state='Partially filled' Instrument='MES SEP26' Action='Buy' Limit price=7497.25 Stop price=0 Quantity=20 Type='Limit' Time in force=GTC Oco='' Filled=3 Fill price=7497.25 Error='No error' Native error='',
7/27/2026 6:43:09 AM,Execution,Execution='1076325,
7/27/2026 6:43:09 AM,Order,Order='2837831914/PA-APEX-422136-08' Name='Entry' New state='Partially filled' Instrument='MES SEP26' Action='Buy' Limit price=7497.25 Stop price=0 Quantity=20 Type='Limit' Time in force=GTC Oco='' Filled=8 Fill price=7497.09375 Error='No error' Native error='',
7/27/2026 6:43:09 AM,Order,Order='2837849828/PA-APEX-422136-07' Name='Target1' New state='Accepted' Instrument='MES SEP26' Action='Sell' Limit price=7499 Stop price=0 Quantity=20 Type='Limit' Time in force=GTC Oco='e7b8a80e0a454c20ac29cad05fa81a96' Filled=0 Fill price=0 Error='No error' Native error='',
7/27/2026 6:43:09 AM,Order,Order='2837849828/PA-APEX-422136-07' Name='Target1' New state='Working' Instrument='MES SEP26' Action='Sell' Limit price=7499 Stop price=0 Quantity=20 Type='Limit' Time in force=GTC Oco='e7b8a80e0a454c20ac29cad05fa81a96' Filled=0 Fill price=0 Error='No error' Native error='',
7/27/2026 6:43:09 AM,Order,Order='2837849827/PA-APEX-422136-07' Name='Stop1' New state='Accepted' Instrument='MES SEP26' Action='Sell' Limit price=0 Stop price=7493 Quantity=20 Type='Stop Market' Time in force=GTC Oco='e7b8a80e0a454c20ac29cad05fa81a96' Filled=0 Fill price=0 Error='No error' Native error='',
7/27/2026 6:43:09 AM,Order,Order='2837846194/PA-APEX-422136-01' Name='Entry' New state='Working' Instrument='MES SEP26' Action='Buy' Limit price=7497.25 Stop price=0 Quantity=20 Type='Limit' Time in force=GTC Oco='' Filled=0 Fill price=0 Error='No error' Native error='',
7/27/2026 6:43:09 AM,Order,Order='2837846194/PA-APEX-422136-01' Name='Entry' New state='Accepted' Instrument='MES SEP26' Action='Buy' Limit price=7497.25 Stop price=0 Quantity=20 Type='Limit' Time in force=GTC Oco='' Filled=0 Fill price=0 Error='No error' Native error='',
7/27/2026 6:43:09 AM,Order,Order='b3b5d7e521e44f92906bbe5059791a57/PA-APEX-422136-07' Name='Target1' New state='Submitted' Instrument='MES SEP26' Action='Sell' Limit price=7499 Stop price=0 Quantity=20 Type='Limit' Time in force=GTC Oco='e7b8a80e0a454c20ac29cad05fa81a96' Filled=0 Fill price=0 Error='No error' Native error='',
7/27/2026 6:43:09 AM,Order,Order='21021aefd5d14aa98d3c92b5ac558215/PA-APEX-422136-07' Name='Stop1' New state='Submitted' Instrument='MES SEP26' Action='Sell' Limit price=0 Stop price=7493 Quantity=20 Type='Stop Market' Time in force=GTC Oco='e7b8a80e0a454c20ac29cad05fa81a96' Filled=0 Fill price=0 Error='No error' Native error='',
7/27/2026 6:43:09 AM,Order,Order='2837831914/PA-APEX-422136-08' Name='Entry' New state='Working' Instrument='MES SEP26' Action='Buy' Limit price=7497.25 Stop price=0 Quantity=20 Type='Limit' Time in force=GTC Oco='' Filled=5 Fill price=7497 Error='No error' Native error='',
7/27/2026 6:43:09 AM,Order,Order='2837831914/PA-APEX-422136-08' Name='Entry' New state='Accepted' Instrument='MES SEP26' Action='Buy' Limit price=7497.25 Stop price=0 Quantity=20 Type='Limit' Time in force=GTC Oco='' Filled=5 Fill price=7497 Error='No error' Native error='',
