Time,Category,Message,
8/3/2026 4:30:27 PM,Order,Order='8445f27ee8b74e4cad07ebe794da744c/Sim102' Name='PTT-BE-Target-1' New state='Cancelled' Instrument='MES SEP26' Action='Buy to cover' Limit price=7627.75 Stop price=0 Quantity=10 Type='Limit' Time in force=GTC Oco='PTT-BE-Sim1-30537-0' Filled=0 Fill price=0 Error='No error' Native error='',
8/3/2026 4:30:27 PM,Position,Instrument='MES SEP26' Account='Sim102' Average price=0 Quantity=0 Market position=Flat Operation=Remove,
8/3/2026 4:30:27 PM,Order,Order='c0b5c3eaccb64816bc619915cf1a20e1/Sim101' Name='PTT-BE-Target-1' New state='Cancelled' Instrument='MES SEP26' Action='Buy to cover' Limit price=7625 Stop price=0 Quantity=10 Type='Limit' Time in force=GTC Oco='PTT-BE-Sim1-30537-0' Filled=0 Fill price=0 Error='No error' Native error='',
8/3/2026 4:30:27 PM,Execution,Execution='f8383e4911834a40abbc42ea4dca58a0' Instrument='MES SEP26' Account='Sim102' Exchange=Default Price=7634.25 Quantity=10 Market position=Long Operation=Operation_Add Order='b381876eaefb43fca595208a21198a4a' Time='8/3/2026 4:30 PM',
8/3/2026 4:30:27 PM,Order,Order='8445f27ee8b74e4cad07ebe794da744c/Sim102' Name='PTT-BE-Target-1' New state='Cancel submitted' Instrument='MES SEP26' Action='Buy to cover' Limit price=7627.75 Stop price=0 Quantity=10 Type='Limit' Time in force=GTC Oco='PTT-BE-Sim1-30537-0' Filled=0 Fill price=0 Error='No error' Native error='',
8/3/2026 4:30:27 PM,Order,Order='b381876eaefb43fca595208a21198a4a/Sim102' Name='PTT-BE-Stop-1' New state='Filled' Instrument='MES SEP26' Action='Buy to cover' Limit price=0 Stop price=7634.25 Quantity=10 Type='Stop Market' Time in force=GTC Oco='PTT-BE-Sim1-30537-0' Filled=10 Fill price=7634.25 Error='No error' Native error='',
8/3/2026 4:30:27 PM,Position,Instrument='MES SEP26' Account='Sim101' Average price=0 Quantity=0 Market position=Flat Operation=Remove,
8/3/2026 4:30:27 PM,Execution,Execution='77d2e2b8a88a42b2a01455281bfcd92e' Instrument='MES SEP26' Account='Sim101' Exchange=Default Price=7634.25 Quantity=10 Market position=Long Operation=Operation_Add Order='2ebdb5cc0af44444a7bbf01a2714c707' Time='8/3/2026 4:30 PM',
8/3/2026 4:30:27 PM,Order,Order='c0b5c3eaccb64816bc619915cf1a20e1/Sim101' Name='PTT-BE-Target-1' New state='Cancel submitted' Instrument='MES SEP26' Action='Buy to cover' Limit price=7625 Stop price=0 Quantity=10 Type='Limit' Time in force=GTC Oco='PTT-BE-Sim1-30537-0' Filled=0 Fill price=0 Error='No error' Native error='',
8/3/2026 4:30:27 PM,Order,Order='2ebdb5cc0af44444a7bbf01a2714c707/Sim101' Name='PTT-BE-Stop-1' New state='Filled' Instrument='MES SEP26' Action='Buy to cover' Limit price=0 Stop price=7634.25 Quantity=10 Type='Stop Market' Time in force=GTC Oco='PTT-BE-Sim1-30537-0' Filled=10 Fill price=7634.25 Error='No error' Native error='',
8/3/2026 4:30:27 PM,Order,Order='b381876eaefb43fca595208a21198a4a/Sim102' Name='PTT-BE-Stop-1' New state='Working' Instrument='MES SEP26' Action='Buy to cover' Limit price=0 Stop price=7634.25 Quantity=10 Type='Stop Market' Time in force=GTC Oco='PTT-BE-Sim1-30537-0' Filled=0 Fill price=0 Error='No error' Native error='',
8/3/2026 4:30:27 PM,Order,Order='2ebdb5cc0af44444a7bbf01a2714c707/Sim101' Name='PTT-BE-Stop-1' New state='Working' Instrument='MES SEP26' Action='Buy to cover' Limit price=0 Stop price=7634.25 Quantity=10 Type='Stop Market' Time in force=GTC Oco='PTT-BE-Sim1-30537-0' Filled=0 Fill price=0 Error='No error' Native error='',
8/3/2026 4:30:25 PM,Order,Order='c0b5c3eaccb64816bc619915cf1a20e1/Sim101' Name='PTT-BE-Target-1' New state='Accepted' Instrument='MES SEP26' Action='Buy to cover' Limit price=7625 Stop price=0 Quantity=10 Type='Limit' Time in force=GTC Oco='PTT-BE-Sim1-30537-0' Filled=0 Fill price=0 Error='No error' Native error='',
8/3/2026 4:30:25 PM,Order,Order='c0b5c3eaccb64816bc619915cf1a20e1/Sim101' Name='PTT-BE-Target-1' New state='Working' Instrument='MES SEP26' Action='Buy to cover' Limit price=7625 Stop price=0 Quantity=10 Type='Limit' Time in force=GTC Oco='PTT-BE-Sim1-30537-0' Filled=0 Fill price=0 Error='No error' Native error='',
8/3/2026 4:30:25 PM,Order,Order='8445f27ee8b74e4cad07ebe794da744c/Sim102' Name='PTT-BE-Target-1' New state='Working' Instrument='MES SEP26' Action='Buy to cover' Limit price=7627.75 Stop price=0 Quantity=10 Type='Limit' Time in force=GTC Oco='PTT-BE-Sim1-30537-0' Filled=0 Fill price=0 Error='No error' Native error='',
8/3/2026 4:30:25 PM,Order,Order='8445f27ee8b74e4cad07ebe794da744c/Sim102' Name='PTT-BE-Target-1' New state='Accepted' Instrument='MES SEP26' Action='Buy to cover' Limit price=7627.75 Stop price=0 Quantity=10 Type='Limit' Time in force=GTC Oco='PTT-BE-Sim1-30537-0' Filled=0 Fill price=0 Error='No error' Native error='',
8/3/2026 4:30:25 PM,Order,Order='b381876eaefb43fca595208a21198a4a/Sim102' Name='PTT-BE-Stop-1' New state='Accepted' Instrument='MES SEP26' Action='Buy to cover' Limit price=0 Stop price=7634.25 Quantity=10 Type='Stop Market' Time in force=GTC Oco='PTT-BE-Sim1-30537-0' Filled=0 Fill price=0 Error='No error' Native error='',
8/3/2026 4:30:25 PM,Order,Order='2ebdb5cc0af44444a7bbf01a2714c707/Sim101' Name='PTT-BE-Stop-1' New state='Accepted' Instrument='MES SEP26' Action='Buy to cover' Limit price=0 Stop price=7634.25 Quantity=10 Type='Stop Market' Time in force=GTC Oco='PTT-BE-Sim1-30537-0' Filled=0 Fill price=0 Error='No error' Native error='',
8/3/2026 4:30:25 PM,Order,Order='3e0ff705e86d4bbaad5425e6ee7b1c64/Sim101' Name='Stop1' New state='Cancelled' Instrument='MES SEP26' Action='Buy to cover' Limit price=0 Stop price=7638.25 Quantity=10 Type='Stop Market' Time in force=GTC Oco='789c75bbc0d14b6d9c73f25b9c6ffd5e' Filled=0 Fill price=0 Error='No error' Native error='',
8/3/2026 4:30:25 PM,Order,Order='5b6f3269452541bfb158986a4d854947/Sim102' Name='Stop1' New state='Cancelled' Instrument='MES SEP26' Action='Buy to cover' Limit price=0 Stop price=7638.25 Quantity=10 Type='Stop Market' Time in force=GTC Oco='cfca2b603d0f45b489526c1da74530c1' Filled=0 Fill price=0 Error='No error' Native error='',
8/3/2026 4:30:25 PM,Order,Order='fdf0ccc405224384848ea975e8def133/Sim101' Name='Target1' New state='Cancelled' Instrument='MES SEP26' Action='Buy to cover' Limit price=7625 Stop price=0 Quantity=10 Type='Limit' Time in force=GTC Oco='789c75bbc0d14b6d9c73f25b9c6ffd5e' Filled=0 Fill price=0 Error='No error' Native error='',
8/3/2026 4:30:25 PM,Order,Order='24953d615ba34a1695ed50afe5a4e61e/Sim102' Name='Target1' New state='Cancelled' Instrument='MES SEP26' Action='Buy to cover' Limit price=7627.75 Stop price=0 Quantity=10 Type='Limit' Time in force=GTC Oco='cfca2b603d0f45b489526c1da74530c1' Filled=0 Fill price=0 Error='No error' Native error='',
8/3/2026 4:30:25 PM,Order,Order='c0b5c3eaccb64816bc619915cf1a20e1/Sim101' Name='PTT-BE-Target-1' New state='Submitted' Instrument='MES SEP26' Action='Buy to cover' Limit price=7625 Stop price=0 Quantity=10 Type='Limit' Time in force=GTC Oco='PTT-BE-Sim1-30537-0' Filled=0 Fill price=0 Error='No error' Native error='',
8/3/2026 4:30:25 PM,Order,Order='8445f27ee8b74e4cad07ebe794da744c/Sim102' Name='PTT-BE-Target-1' New state='Submitted' Instrument='MES SEP26' Action='Buy to cover' Limit price=7627.75 Stop price=0 Quantity=10 Type='Limit' Time in force=GTC Oco='PTT-BE-Sim1-30537-0' Filled=0 Fill price=0 Error='No error' Native error='',
8/3/2026 4:30:25 PM,Order,Order='b381876eaefb43fca595208a21198a4a/Sim102' Name='PTT-BE-Stop-1' New state='Submitted' Instrument='MES SEP26' Action='Buy to cover' Limit price=0 Stop price=7634.25 Quantity=10 Type='Stop Market' Time in force=GTC Oco='PTT-BE-Sim1-30537-0' Filled=0 Fill price=0 Error='No error' Native error='',
8/3/2026 4:30:25 PM,Order,Order='2ebdb5cc0af44444a7bbf01a2714c707/Sim101' Name='PTT-BE-Stop-1' New state='Submitted' Instrument='MES SEP26' Action='Buy to cover' Limit price=0 Stop price=7634.25 Quantity=10 Type='Stop Market' Time in force=GTC Oco='PTT-BE-Sim1-30537-0' Filled=0 Fill price=0 Error='No error' Native error='',
8/3/2026 4:30:25 PM,Order,Order='5b6f3269452541bfb158986a4d854947/Sim102' Name='Stop1' New state='Cancel submitted' Instrument='MES SEP26' Action='Buy to cover' Limit price=0 Stop price=7638.25 Quantity=10 Type='Stop Market' Time in force=GTC Oco='cfca2b603d0f45b489526c1da74530c1' Filled=0 Fill price=0 Error='No error' Native error='',
8/3/2026 4:30:25 PM,Order,Order='24953d615ba34a1695ed50afe5a4e61e/Sim102' Name='Target1' New state='Cancel submitted' Instrument='MES SEP26' Action='Buy to cover' Limit price=7627.75 Stop price=0 Quantity=10 Type='Limit' Time in force=GTC Oco='cfca2b603d0f45b489526c1da74530c1' Filled=0 Fill price=0 Error='No error' Native error='',
8/3/2026 4:30:25 PM,Order,Order='3e0ff705e86d4bbaad5425e6ee7b1c64/Sim101' Name='Stop1' New state='Cancel submitted' Instrument='MES SEP26' Action='Buy to cover' Limit price=0 Stop price=7638.25 Quantity=10 Type='Stop Market' Time in force=GTC Oco='789c75bbc0d14b6d9c73f25b9c6ffd5e' Filled=0 Fill price=0 Error='No error' Native error='',
8/3/2026 4:30:25 PM,Order,Order='fdf0ccc405224384848ea975e8def133/Sim101' Name='Target1' New state='Cancel submitted' Instrument='MES SEP26' Action='Buy to cover' Limit price=7625 Stop price=0 Quantity=10 Type='Limit' Time in force=GTC Oco='789c75bbc0d14b6d9c73f25b9c6ffd5e' Filled=0 Fill price=0 Error='No error' Native error='',
8/3/2026 4:27:02 PM,Order,Order='24953d615ba34a1695ed50afe5a4e61e/Sim102' Name='Target1' New state='Working' Instrument='MES SEP26' Action='Buy to cover' Limit price=7627.75 Stop price=0 Quantity=10 Type='Limit' Time in force=GTC Oco='cfca2b603d0f45b489526c1da74530c1' Filled=0 Fill price=0 Error='No error' Native error='',
8/3/2026 4:27:02 PM,Order,Order='24953d615ba34a1695ed50afe5a4e61e/Sim102' Name='Target1' New state='Accepted' Instrument='MES SEP26' Action='Buy to cover' Limit price=7627.75 Stop price=0 Quantity=10 Type='Limit' Time in force=GTC Oco='cfca2b603d0f45b489526c1da74530c1' Filled=0 Fill price=0 Error='No error' Native error='',
8/3/2026 4:27:02 PM,Order,Order='24953d615ba34a1695ed50afe5a4e61e/Sim102' Name='Target1' New state='Change submitted' Instrument='MES SEP26' Action='Buy to cover' Limit price=7627.75 Stop price=0 Quantity=10 Type='Limit' Time in force=GTC Oco='cfca2b603d0f45b489526c1da74530c1' Filled=0 Fill price=0 Error='No error' Native error='',
8/3/2026 4:26:53 PM,Order,Order='fdf0ccc405224384848ea975e8def133/Sim101' Name='Target1' New state='Working' Instrument='MES SEP26' Action='Buy to cover' Limit price=7625 Stop price=0 Quantity=10 Type='Limit' Time in force=GTC Oco='789c75bbc0d14b6d9c73f25b9c6ffd5e' Filled=0 Fill price=0 Error='No error' Native error='',
8/3/2026 4:26:53 PM,Order,Order='fdf0ccc405224384848ea975e8def133/Sim101' Name='Target1' New state='Accepted' Instrument='MES SEP26' Action='Buy to cover' Limit price=7625 Stop price=0 Quantity=10 Type='Limit' Time in force=GTC Oco='789c75bbc0d14b6d9c73f25b9c6ffd5e' Filled=0 Fill price=0 Error='No error' Native error='',
8/3/2026 4:26:52 PM,Order,Order='fdf0ccc405224384848ea975e8def133/Sim101' Name='Target1' New state='Change submitted' Instrument='MES SEP26' Action='Buy to cover' Limit price=7625 Stop price=0 Quantity=10 Type='Limit' Time in force=GTC Oco='789c75bbc0d14b6d9c73f25b9c6ffd5e' Filled=0 Fill price=0 Error='No error' Native error='',
8/3/2026 4:26:42 PM,Order,Order='fdf0ccc405224384848ea975e8def133/Sim101' Name='Target1' New state='Working' Instrument='MES SEP26' Action='Buy to cover' Limit price=7626.25 Stop price=0 Quantity=10 Type='Limit' Time in force=GTC Oco='789c75bbc0d14b6d9c73f25b9c6ffd5e' Filled=0 Fill price=0 Error='No error' Native error='',
8/3/2026 4:26:42 PM,Order,Order='fdf0ccc405224384848ea975e8def133/Sim101' Name='Target1' New state='Accepted' Instrument='MES SEP26' Action='Buy to cover' Limit price=7626.25 Stop price=0 Quantity=10 Type='Limit' Time in force=GTC Oco='789c75bbc0d14b6d9c73f25b9c6ffd5e' Filled=0 Fill price=0 Error='No error' Native error='',
8/3/2026 4:26:42 PM,Order,Order='fdf0ccc405224384848ea975e8def133/Sim101' Name='Target1' New state='Change submitted' Instrument='MES SEP26' Action='Buy to cover' Limit price=7626.25 Stop price=0 Quantity=10 Type='Limit' Time in force=GTC Oco='789c75bbc0d14b6d9c73f25b9c6ffd5e' Filled=0 Fill price=0 Error='No error' Native error='',
8/3/2026 4:26:14 PM,Order,Order='24953d615ba34a1695ed50afe5a4e61e/Sim102' Name='Target1' New state='Working' Instrument='MES SEP26' Action='Buy to cover' Limit price=7632.25 Stop price=0 Quantity=10 Type='Limit' Time in force=GTC Oco='cfca2b603d0f45b489526c1da74530c1' Filled=0 Fill price=0 Error='No error' Native error='',
8/3/2026 4:26:14 PM,Order,Order='24953d615ba34a1695ed50afe5a4e61e/Sim102' Name='Target1' New state='Accepted' Instrument='MES SEP26' Action='Buy to cover' Limit price=7632.25 Stop price=0 Quantity=10 Type='Limit' Time in force=GTC Oco='cfca2b603d0f45b489526c1da74530c1' Filled=0 Fill price=0 Error='No error' Native error='',
8/3/2026 4:26:14 PM,Order,Order='5b6f3269452541bfb158986a4d854947/Sim102' Name='Stop1' New state='Accepted' Instrument='MES SEP26' Action='Buy to cover' Limit price=0 Stop price=7638.25 Quantity=10 Type='Stop Market' Time in force=GTC Oco='cfca2b603d0f45b489526c1da74530c1' Filled=0 Fill price=0 Error='No error' Native error='',
8/3/2026 4:26:14 PM,Position,Instrument='MES SEP26' Account='Sim102' Average price=7634.25 Quantity=10 Market position=Short Operation=Operation_Add,
8/3/2026 4:26:14 PM,Order,Order='24953d615ba34a1695ed50afe5a4e61e/Sim102' Name='Target1' New state='Submitted' Instrument='MES SEP26' Action='Buy to cover' Limit price=7632.25 Stop price=0 Quantity=10 Type='Limit' Time in force=GTC Oco='cfca2b603d0f45b489526c1da74530c1' Filled=0 Fill price=0 Error='No error' Native error='',
8/3/2026 4:26:14 PM,Order,Order='5b6f3269452541bfb158986a4d854947/Sim102' Name='Stop1' New state='Submitted' Instrument='MES SEP26' Action='Buy to cover' Limit price=0 Stop price=7638.25 Quantity=10 Type='Stop Market' Time in force=GTC Oco='cfca2b603d0f45b489526c1da74530c1' Filled=0 Fill price=0 Error='No error' Native error='',
8/3/2026 4:26:14 PM,Execution,Execution='13092fe12cb6490db25ffaadf4b52c25' Instrument='MES SEP26' Account='Sim102' Exchange=Default Price=7634.25 Quantity=10 Market position=Short Operation=Operation_Add Order='7081bea89fb64c16b61bef5a7f40d04f' Time='8/3/2026 4:26 PM',
8/3/2026 4:26:14 PM,Order,Order='7081bea89fb64c16b61bef5a7f40d04f/Sim102' Name='Entry' New state='Filled' Instrument='MES SEP26' Action='Sell' Limit price=0 Stop price=0 Quantity=10 Type='Market' Time in force=GTC Oco='' Filled=10 Fill price=7634.25 Error='No error' Native error='',
8/3/2026 4:26:14 PM,Order,Order='7081bea89fb64c16b61bef5a7f40d04f/Sim102' Name='Entry' New state='Working' Instrument='MES SEP26' Action='Sell' Limit price=0 Stop price=0 Quantity=10 Type='Market' Time in force=GTC Oco='' Filled=0 Fill price=0 Error='No error' Native error='',
8/3/2026 4:26:14 PM,Order,Order='7081bea89fb64c16b61bef5a7f40d04f/Sim102' Name='Entry' New state='Accepted' Instrument='MES SEP26' Action='Sell' Limit price=0 Stop price=0 Quantity=10 Type='Market' Time in force=GTC Oco='' Filled=0 Fill price=0 Error='No error' Native error='',
8/3/2026 4:26:13 PM,Order,Order='7081bea89fb64c16b61bef5a7f40d04f/Sim102' Name='Entry' New state='Submitted' Instrument='MES SEP26' Action='Sell' Limit price=0 Stop price=0 Quantity=10 Type='Market' Time in force=GTC Oco='' Filled=0 Fill price=0 Error='No error' Native error='',
8/3/2026 4:26:13 PM,Order,Static SuperDOM submitting order with strategy 'MES $200 SL4 - 2' (Ticks),
8/3/2026 4:26:13 PM,Order,Order='fdf0ccc405224384848ea975e8def133/Sim101' Name='Target1' New state='Working' Instrument='MES SEP26' Action='Buy to cover' Limit price=7632.25 Stop price=0 Quantity=10 Type='Limit' Time in force=GTC Oco='789c75bbc0d14b6d9c73f25b9c6ffd5e' Filled=0 Fill price=0 Error='No error' Native error='',
8/3/2026 4:26:13 PM,Order,Order='fdf0ccc405224384848ea975e8def133/Sim101' Name='Target1' New state='Accepted' Instrument='MES SEP26' Action='Buy to cover' Limit price=7632.25 Stop price=0 Quantity=10 Type='Limit' Time in force=GTC Oco='789c75bbc0d14b6d9c73f25b9c6ffd5e' Filled=0 Fill price=0 Error='No error' Native error='',
8/3/2026 4:26:13 PM,Order,Order='3e0ff705e86d4bbaad5425e6ee7b1c64/Sim101' Name='Stop1' New state='Accepted' Instrument='MES SEP26' Action='Buy to cover' Limit price=0 Stop price=7638.25 Quantity=10 Type='Stop Market' Time in force=GTC Oco='789c75bbc0d14b6d9c73f25b9c6ffd5e' Filled=0 Fill price=0 Error='No error' Native error='',
8/3/2026 4:26:13 PM,Order,Order='fdf0ccc405224384848ea975e8def133/Sim101' Name='Target1' New state='Submitted' Instrument='MES SEP26' Action='Buy to cover' Limit price=7632.25 Stop price=0 Quantity=10 Type='Limit' Time in force=GTC Oco='789c75bbc0d14b6d9c73f25b9c6ffd5e' Filled=0 Fill price=0 Error='No error' Native error='',
8/3/2026 4:26:13 PM,Order,Order='3e0ff705e86d4bbaad5425e6ee7b1c64/Sim101' Name='Stop1' New state='Submitted' Instrument='MES SEP26' Action='Buy to cover' Limit price=0 Stop price=7638.25 Quantity=10 Type='Stop Market' Time in force=GTC Oco='789c75bbc0d14b6d9c73f25b9c6ffd5e' Filled=0 Fill price=0 Error='No error' Native error='',
8/3/2026 4:26:13 PM,Position,Instrument='MES SEP26' Account='Sim101' Average price=7634.25 Quantity=10 Market position=Short Operation=Operation_Add,
8/3/2026 4:26:13 PM,Execution,Execution='ba36990fa76b4c31bb52ae30f055af5f' Instrument='MES SEP26' Account='Sim101' Exchange=Default Price=7634.25 Quantity=10 Market position=Short Operation=Operation_Add Order='ee94ecd288944aaea7a8134e13042cc7' Time='8/3/2026 4:26 PM',
8/3/2026 4:26:13 PM,Order,Order='ee94ecd288944aaea7a8134e13042cc7/Sim101' Name='Entry' New state='Filled' Instrument='MES SEP26' Action='Sell' Limit price=0 Stop price=0 Quantity=10 Type='Market' Time in force=GTC Oco='' Filled=10 Fill price=7634.25 Error='No error' Native error='',
8/3/2026 4:26:13 PM,Order,Order='ee94ecd288944aaea7a8134e13042cc7/Sim101' Name='Entry' New state='Working' Instrument='MES SEP26' Action='Sell' Limit price=0 Stop price=0 Quantity=10 Type='Market' Time in force=GTC Oco='' Filled=0 Fill price=0 Error='No error' Native error='',
8/3/2026 4:26:13 PM,Order,Order='ee94ecd288944aaea7a8134e13042cc7/Sim101' Name='Entry' New state='Accepted' Instrument='MES SEP26' Action='Sell' Limit price=0 Stop price=0 Quantity=10 Type='Market' Time in force=GTC Oco='' Filled=0 Fill price=0 Error='No error' Native error='',
8/3/2026 4:26:13 PM,Order,Order='ee94ecd288944aaea7a8134e13042cc7/Sim101' Name='Entry' New state='Submitted' Instrument='MES SEP26' Action='Sell' Limit price=0 Stop price=0 Quantity=10 Type='Market' Time in force=GTC Oco='' Filled=0 Fill price=0 Error='No error' Native error='',
8/3/2026 4:26:13 PM,Order,Static SuperDOM submitting order with strategy 'MES $200 SL4 - 1' (Ticks),
8/3/2026 4:26:10 PM,Position,Instrument='MES SEP26' Account='Sim102' Average price=0 Quantity=0 Market position=Flat Operation=Remove,
8/3/2026 4:26:10 PM,Execution,Execution='6cceb5f4f61d452da22c92a6fedcf8cb' Instrument='MES SEP26' Account='Sim102' Exchange=Default Price=7634.5 Quantity=10 Market position=Long Operation=Operation_Add Order='8723709df3534a2f8db294336b43eb6a' Time='8/3/2026 4:26 PM',
8/3/2026 4:26:10 PM,Order,Order='8723709df3534a2f8db294336b43eb6a/Sim102' Name='Close' New state='Filled' Instrument='MES SEP26' Action='Buy to cover' Limit price=0 Stop price=0 Quantity=10 Type='Market' Time in force=DAY Oco='' Filled=10 Fill price=7634.5 Error='No error' Native error='',
8/3/2026 4:26:10 PM,Order,Order='8723709df3534a2f8db294336b43eb6a/Sim102' Name='Close' New state='Working' Instrument='MES SEP26' Action='Buy to cover' Limit price=0 Stop price=0 Quantity=10 Type='Market' Time in force=DAY Oco='' Filled=0 Fill price=0 Error='No error' Native error='',
8/3/2026 4:26:10 PM,Order,Order='8723709df3534a2f8db294336b43eb6a/Sim102' Name='Close' New state='Accepted' Instrument='MES SEP26' Action='Buy to cover' Limit price=0 Stop price=0 Quantity=10 Type='Market' Time in force=DAY Oco='' Filled=0 Fill price=0 Error='No error' Native error='',
8/3/2026 4:26:10 PM,Order,Order='8723709df3534a2f8db294336b43eb6a/Sim102' Name='Close' New state='Submitted' Instrument='MES SEP26' Action='Buy to cover' Limit price=0 Stop price=0 Quantity=10 Type='Market' Time in force=DAY Oco='' Filled=0 Fill price=0 Error='No error' Native error='',
8/3/2026 4:26:10 PM,Order,Order='2e75b1bdfa3141bea2fdc04a8691881e/Sim102' Name='Stop1' New state='Cancelled' Instrument='MES SEP26' Action='Buy to cover' Limit price=0 Stop price=7638.5 Quantity=10 Type='Stop Market' Time in force=GTC Oco='43ef80e63d6a4afcaf8bd10e26c6d929' Filled=0 Fill price=0 Error='No error' Native error='',
8/3/2026 4:26:10 PM,Order,Order='656bf26f38be494ca195a32e8bf67843/Sim102' Name='Target1' New state='Cancelled' Instrument='MES SEP26' Action='Buy to cover' Limit price=7632.5 Stop price=0 Quantity=10 Type='Limit' Time in force=GTC Oco='43ef80e63d6a4afcaf8bd10e26c6d929' Filled=0 Fill price=0 Error='No error' Native error='',
8/3/2026 4:26:10 PM,Order,Order='2e75b1bdfa3141bea2fdc04a8691881e/Sim102' Name='Stop1' New state='Cancel submitted' Instrument='MES SEP26' Action='Buy to cover' Limit price=0 Stop price=7638.5 Quantity=10 Type='Stop Market' Time in force=GTC Oco='43ef80e63d6a4afcaf8bd10e26c6d929' Filled=0 Fill price=0 Error='No error' Native error='',
8/3/2026 4:26:10 PM,Order,Order='656bf26f38be494ca195a32e8bf67843/Sim102' Name='Target1' New state='Cancel submitted' Instrument='MES SEP26' Action='Buy to cover' Limit price=7632.5 Stop price=0 Quantity=10 Type='Limit' Time in force=GTC Oco='43ef80e63d6a4afcaf8bd10e26c6d929' Filled=0 Fill price=0 Error='No error' Native error='',
8/3/2026 4:26:10 PM,Default,Position grid close position,
8/3/2026 4:26:09 PM,Position,Instrument='MES SEP26' Account='Sim101' Average price=0 Quantity=0 Market position=Flat Operation=Remove,
8/3/2026 4:26:09 PM,Execution,Execution='3c4625e9860e4d2c8ec9ea51fecd2283' Instrument='MES SEP26' Account='Sim101' Exchange=Default Price=7634 Quantity=2 Market position=Short Operation=Operation_Add Order='27e154dfc4924897bc2c6ee264f5d886' Time='8/3/2026 4:26 PM',
8/3/2026 4:26:09 PM,Order,Order='27e154dfc4924897bc2c6ee264f5d886/Sim101' Name='Close' New state='Filled' Instrument='MES SEP26' Action='Sell' Limit price=0 Stop price=0 Quantity=10 Type='Market' Time in force=DAY Oco='' Filled=10 Fill price=7634.2 Error='No error' Native error='',
8/3/2026 4:26:09 PM,Position,Instrument='MES SEP26' Account='Sim101' Average price=7634.75 Quantity=2 Market position=Long Operation=Update,
8/3/2026 4:26:09 PM,Execution,Execution='05d78d23a696433da572ca457fcc9913' Instrument='MES SEP26' Account='Sim101' Exchange=Default Price=7634.25 Quantity=8 Market position=Short Operation=Operation_Add Order='27e154dfc4924897bc2c6ee264f5d886' Time='8/3/2026 4:26 PM',
8/3/2026 4:26:09 PM,Order,Order='27e154dfc4924897bc2c6ee264f5d886/Sim101' Name='Close' New state='Partially filled' Instrument='MES SEP26' Action='Sell' Limit price=0 Stop price=0 Quantity=10 Type='Market' Time in force=DAY Oco='' Filled=8 Fill price=7634.25 Error='No error' Native error='',
8/3/2026 4:26:09 PM,Order,Order='27e154dfc4924897bc2c6ee264f5d886/Sim101' Name='Close' New state='Working' Instrument='MES SEP26' Action='Sell' Limit price=0 Stop price=0 Quantity=10 Type='Market' Time in force=DAY Oco='' Filled=0 Fill price=0 Error='No error' Native error='',
8/3/2026 4:26:09 PM,Order,Order='27e154dfc4924897bc2c6ee264f5d886/Sim101' Name='Close' New state='Accepted' Instrument='MES SEP26' Action='Sell' Limit price=0 Stop price=0 Quantity=10 Type='Market' Time in force=DAY Oco='' Filled=0 Fill price=0 Error='No error' Native error='',
8/3/2026 4:26:09 PM,Order,Order='27e154dfc4924897bc2c6ee264f5d886/Sim101' Name='Close' New state='Submitted' Instrument='MES SEP26' Action='Sell' Limit price=0 Stop price=0 Quantity=10 Type='Market' Time in force=DAY Oco='' Filled=0 Fill price=0 Error='No error' Native error='',
8/3/2026 4:26:09 PM,Order,Order='c47db6c274f94ae685aa31b27687169f/Sim101' Name='Stop1' New state='Cancelled' Instrument='MES SEP26' Action='Sell' Limit price=0 Stop price=7630.75 Quantity=10 Type='Stop Market' Time in force=GTC Oco='e4ee6be2fb4242d39b1ab82b56feff8d' Filled=0 Fill price=0 Error='No error' Native error='',
8/3/2026 4:26:09 PM,Order,Order='3c93f0cca98141a6b9874a008bfde076/Sim101' Name='Target1' New state='Cancelled' Instrument='MES SEP26' Action='Sell' Limit price=7636.75 Stop price=0 Quantity=10 Type='Limit' Time in force=GTC Oco='e4ee6be2fb4242d39b1ab82b56feff8d' Filled=0 Fill price=0 Error='No error' Native error='',
8/3/2026 4:26:09 PM,Order,Order='c47db6c274f94ae685aa31b27687169f/Sim101' Name='Stop1' New state='Cancel submitted' Instrument='MES SEP26' Action='Sell' Limit price=0 Stop price=7630.75 Quantity=10 Type='Stop Market' Time in force=GTC Oco='e4ee6be2fb4242d39b1ab82b56feff8d' Filled=0 Fill price=0 Error='No error' Native error='',
8/3/2026 4:26:09 PM,Order,Order='3c93f0cca98141a6b9874a008bfde076/Sim101' Name='Target1' New state='Cancel submitted' Instrument='MES SEP26' Action='Sell' Limit price=7636.75 Stop price=0 Quantity=10 Type='Limit' Time in force=GTC Oco='e4ee6be2fb4242d39b1ab82b56feff8d' Filled=0 Fill price=0 Error='No error' Native error='',
8/3/2026 4:26:09 PM,Default,Position grid close position,
8/3/2026 4:25:39 PM,Order,Order='656bf26f38be494ca195a32e8bf67843/Sim102' Name='Target1' New state='Working' Instrument='MES SEP26' Action='Buy to cover' Limit price=7632.5 Stop price=0 Quantity=10 Type='Limit' Time in force=GTC Oco='43ef80e63d6a4afcaf8bd10e26c6d929' Filled=0 Fill price=0 Error='No error' Native error='',
8/3/2026 4:25:39 PM,Order,Order='656bf26f38be494ca195a32e8bf67843/Sim102' Name='Target1' New state='Accepted' Instrument='MES SEP26' Action='Buy to cover' Limit price=7632.5 Stop price=0 Quantity=10 Type='Limit' Time in force=GTC Oco='43ef80e63d6a4afcaf8bd10e26c6d929' Filled=0 Fill price=0 Error='No error' Native error='',
8/3/2026 4:25:39 PM,Order,Order='2e75b1bdfa3141bea2fdc04a8691881e/Sim102' Name='Stop1' New state='Accepted' Instrument='MES SEP26' Action='Buy to cover' Limit price=0 Stop price=7638.5 Quantity=10 Type='Stop Market' Time in force=GTC Oco='43ef80e63d6a4afcaf8bd10e26c6d929' Filled=0 Fill price=0 Error='No error' Native error='',
8/3/2026 4:25:39 PM,Position,Instrument='MES SEP26' Account='Sim102' Average price=7634.5 Quantity=10 Market position=Short Operation=Operation_Add,
8/3/2026 4:25:39 PM,Order,Order='656bf26f38be494ca195a32e8bf67843/Sim102' Name='Target1' New state='Submitted' Instrument='MES SEP26' Action='Buy to cover' Limit price=7632.5 Stop price=0 Quantity=10 Type='Limit' Time in force=GTC Oco='43ef80e63d6a4afcaf8bd10e26c6d929' Filled=0 Fill price=0 Error='No error' Native error='',
8/3/2026 4:25:39 PM,Order,Order='2e75b1bdfa3141bea2fdc04a8691881e/Sim102' Name='Stop1' New state='Submitted' Instrument='MES SEP26' Action='Buy to cover' Limit price=0 Stop price=7638.5 Quantity=10 Type='Stop Market' Time in force=GTC Oco='43ef80e63d6a4afcaf8bd10e26c6d929' Filled=0 Fill price=0 Error='No error' Native error='',
8/3/2026 4:25:39 PM,Execution,Execution='bbab958100954be2bef923af480e2dfa' Instrument='MES SEP26' Account='Sim102' Exchange=Default Price=7634.5 Quantity=10 Market position=Short Operation=Operation_Add Order='acdd54823a58437bbbb5ea3262554a76' Time='8/3/2026 4:25 PM',
8/3/2026 4:25:39 PM,Order,Order='acdd54823a58437bbbb5ea3262554a76/Sim102' Name='Entry' New state='Filled' Instrument='MES SEP26' Action='Sell' Limit price=0 Stop price=0 Quantity=10 Type='Market' Time in force=GTC Oco='' Filled=10 Fill price=7634.5 Error='No error' Native error='',
8/3/2026 4:25:39 PM,Order,Order='acdd54823a58437bbbb5ea3262554a76/Sim102' Name='Entry' New state='Working' Instrument='MES SEP26' Action='Sell' Limit price=0 Stop price=0 Quantity=10 Type='Market' Time in force=GTC Oco='' Filled=0 Fill price=0 Error='No error' Native error='',
8/3/2026 4:25:39 PM,Order,Order='acdd54823a58437bbbb5ea3262554a76/Sim102' Name='Entry' New state='Accepted' Instrument='MES SEP26' Action='Sell' Limit price=0 Stop price=0 Quantity=10 Type='Market' Time in force=GTC Oco='' Filled=0 Fill price=0 Error='No error' Native error='',
8/3/2026 4:25:39 PM,Order,Order='acdd54823a58437bbbb5ea3262554a76/Sim102' Name='Entry' New state='Submitted' Instrument='MES SEP26' Action='Sell' Limit price=0 Stop price=0 Quantity=10 Type='Market' Time in force=GTC Oco='' Filled=0 Fill price=0 Error='No error' Native error='',
8/3/2026 4:25:39 PM,Order,Static SuperDOM submitting order with strategy 'MES $200 SL4 - 2' (Ticks),
8/3/2026 4:25:38 PM,Order,Order='3c93f0cca98141a6b9874a008bfde076/Sim101' Name='Target1' New state='Working' Instrument='MES SEP26' Action='Sell' Limit price=7636.75 Stop price=0 Quantity=10 Type='Limit' Time in force=GTC Oco='e4ee6be2fb4242d39b1ab82b56feff8d' Filled=0 Fill price=0 Error='No error' Native error='',
8/3/2026 4:25:38 PM,Order,Order='c47db6c274f94ae685aa31b27687169f/Sim101' Name='Stop1' New state='Accepted' Instrument='MES SEP26' Action='Sell' Limit price=0 Stop price=7630.75 Quantity=10 Type='Stop Market' Time in force=GTC Oco='e4ee6be2fb4242d39b1ab82b56feff8d' Filled=0 Fill price=0 Error='No error' Native error='',
8/3/2026 4:25:38 PM,Order,Order='3c93f0cca98141a6b9874a008bfde076/Sim101' Name='Target1' New state='Accepted' Instrument='MES SEP26' Action='Sell' Limit price=7636.75 Stop price=0 Quantity=10 Type='Limit' Time in force=GTC Oco='e4ee6be2fb4242d39b1ab82b56feff8d' Filled=0 Fill price=0 Error='No error' Native error='',
8/3/2026 4:25:38 PM,Order,Order='3c93f0cca98141a6b9874a008bfde076/Sim101' Name='Target1' New state='Submitted' Instrument='MES SEP26' Action='Sell' Limit price=7636.75 Stop price=0 Quantity=10 Type='Limit' Time in force=GTC Oco='e4ee6be2fb4242d39b1ab82b56feff8d' Filled=0 Fill price=0 Error='No error' Native error='',
8/3/2026 4:25:38 PM,Order,Order='c47db6c274f94ae685aa31b27687169f/Sim101' Name='Stop1' New state='Submitted' Instrument='MES SEP26' Action='Sell' Limit price=0 Stop price=7630.75 Quantity=10 Type='Stop Market' Time in force=GTC Oco='e4ee6be2fb4242d39b1ab82b56feff8d' Filled=0 Fill price=0 Error='No error' Native error='',
8/3/2026 4:25:38 PM,Position,Instrument='MES SEP26' Account='Sim101' Average price=7634.75 Quantity=10 Market position=Long Operation=Operation_Add,
8/3/2026 4:25:38 PM,Execution,Execution='11c2d7b471a04c1789653a5a9ace0277' Instrument='MES SEP26' Account='Sim101' Exchange=Default Price=7634.75 Quantity=10 Market position=Long Operation=Operation_Add Order='022cf35e84334be7ab585e938705d8c1' Time='8/3/2026 4:25 PM',
8/3/2026 4:25:38 PM,Order,Order='022cf35e84334be7ab585e938705d8c1/Sim101' Name='Entry' New state='Filled' Instrument='MES SEP26' Action='Buy' Limit price=0 Stop price=0 Quantity=10 Type='Market' Time in force=GTC Oco='' Filled=10 Fill price=7634.75 Error='No error' Native error='',
8/3/2026 4:25:38 PM,Order,Order='022cf35e84334be7ab585e938705d8c1/Sim101' Name='Entry' New state='Working' Instrument='MES SEP26' Action='Buy' Limit price=0 Stop price=0 Quantity=10 Type='Market' Time in force=GTC Oco='' Filled=0 Fill price=0 Error='No error' Native error='',
8/3/2026 4:25:38 PM,Order,Order='022cf35e84334be7ab585e938705d8c1/Sim101' Name='Entry' New state='Accepted' Instrument='MES SEP26' Action='Buy' Limit price=0 Stop price=0 Quantity=10 Type='Market' Time in force=GTC Oco='' Filled=0 Fill price=0 Error='No error' Native error='',
8/3/2026 4:25:38 PM,Order,Order='022cf35e84334be7ab585e938705d8c1/Sim101' Name='Entry' New state='Submitted' Instrument='MES SEP26' Action='Buy' Limit price=0 Stop price=0 Quantity=10 Type='Market' Time in force=GTC Oco='' Filled=0 Fill price=0 Error='No error' Native error='',
8/3/2026 4:25:38 PM,Order,Static SuperDOM submitting order with strategy 'MES $200 SL4 - 1' (Ticks),
8/3/2026 4:25:31 PM,Position,Instrument='MES SEP26' Account='Sim101' Average price=0 Quantity=0 Market position=Flat Operation=Remove,
8/3/2026 4:25:31 PM,Execution,Execution='77631317adf040e8a7e46dc077fd45c7' Instrument='MES SEP26' Account='Sim101' Exchange=Default Price=7634.75 Quantity=10 Market position=Long Operation=Operation_Add Order='f520d583c8eb4096891407938ad9b1f8' Time='8/3/2026 4:25 PM',
8/3/2026 4:25:31 PM,Order,Order='f520d583c8eb4096891407938ad9b1f8/Sim101' Name='Close' New state='Filled' Instrument='MES SEP26' Action='Buy to cover' Limit price=0 Stop price=0 Quantity=10 Type='Market' Time in force=DAY Oco='' Filled=10 Fill price=7634.75 Error='No error' Native error='',
8/3/2026 4:25:31 PM,Order,Order='f520d583c8eb4096891407938ad9b1f8/Sim101' Name='Close' New state='Working' Instrument='MES SEP26' Action='Buy to cover' Limit price=0 Stop price=0 Quantity=10 Type='Market' Time in force=DAY Oco='' Filled=0 Fill price=0 Error='No error' Native error='',
8/3/2026 4:25:31 PM,Order,Order='f520d583c8eb4096891407938ad9b1f8/Sim101' Name='Close' New state='Accepted' Instrument='MES SEP26' Action='Buy to cover' Limit price=0 Stop price=0 Quantity=10 Type='Market' Time in force=DAY Oco='' Filled=0 Fill price=0 Error='No error' Native error='',
8/3/2026 4:25:31 PM,Order,Order='f520d583c8eb4096891407938ad9b1f8/Sim101' Name='Close' New state='Submitted' Instrument='MES SEP26' Action='Buy to cover' Limit price=0 Stop price=0 Quantity=10 Type='Market' Time in force=DAY Oco='' Filled=0 Fill price=0 Error='No error' Native error='',
8/3/2026 4:25:31 PM,Order,Order='49be76c77f1b46be8b072ed6c11d53f9/Sim101' Name='Stop1' New state='Cancelled' Instrument='MES SEP26' Action='Buy to cover' Limit price=0 Stop price=7639.25 Quantity=10 Type='Stop Market' Time in force=GTC Oco='1d823de9d7044b9c899fe6c3421f80b0' Filled=0 Fill price=0 Error='No error' Native error='',
8/3/2026 4:25:31 PM,Order,Order='fdd5cbcd074c40879fd2afd26ae0d382/Sim101' Name='Target1' New state='Cancelled' Instrument='MES SEP26' Action='Buy to cover' Limit price=7633.25 Stop price=0 Quantity=10 Type='Limit' Time in force=GTC Oco='1d823de9d7044b9c899fe6c3421f80b0' Filled=0 Fill price=0 Error='No error' Native error='',
8/3/2026 4:25:31 PM,Order,Order='49be76c77f1b46be8b072ed6c11d53f9/Sim101' Name='Stop1' New state='Cancel submitted' Instrument='MES SEP26' Action='Buy to cover' Limit price=0 Stop price=7639.25 Quantity=10 Type='Stop Market' Time in force=GTC Oco='1d823de9d7044b9c899fe6c3421f80b0' Filled=0 Fill price=0 Error='No error' Native error='',
8/3/2026 4:25:31 PM,Order,Order='fdd5cbcd074c40879fd2afd26ae0d382/Sim101' Name='Target1' New state='Cancel submitted' Instrument='MES SEP26' Action='Buy to cover' Limit price=7633.25 Stop price=0 Quantity=10 Type='Limit' Time in force=GTC Oco='1d823de9d7044b9c899fe6c3421f80b0' Filled=0 Fill price=0 Error='No error' Native error='',
8/3/2026 4:25:31 PM,Default,Position grid close position,
8/3/2026 4:25:31 PM,Position,Instrument='MES SEP26' Account='Sim102' Average price=0 Quantity=0 Market position=Flat Operation=Remove,
8/3/2026 4:25:31 PM,Execution,Execution='4c1593d06a274fce9602225bfefdb1b7' Instrument='MES SEP26' Account='Sim102' Exchange=Default Price=7634.75 Quantity=10 Market position=Long Operation=Operation_Add Order='350e7bf1c0d640f5b8e71569384abcc9' Time='8/3/2026 4:25 PM',
8/3/2026 4:25:31 PM,Order,Order='350e7bf1c0d640f5b8e71569384abcc9/Sim102' Name='Close' New state='Filled' Instrument='MES SEP26' Action='Buy to cover' Limit price=0 Stop price=0 Quantity=10 Type='Market' Time in force=DAY Oco='' Filled=10 Fill price=7634.75 Error='No error' Native error='',
8/3/2026 4:25:31 PM,Order,Order='350e7bf1c0d640f5b8e71569384abcc9/Sim102' Name='Close' New state='Working' Instrument='MES SEP26' Action='Buy to cover' Limit price=0 Stop price=0 Quantity=10 Type='Market' Time in force=DAY Oco='' Filled=0 Fill price=0 Error='No error' Native error='',
8/3/2026 4:25:31 PM,Order,Order='350e7bf1c0d640f5b8e71569384abcc9/Sim102' Name='Close' New state='Accepted' Instrument='MES SEP26' Action='Buy to cover' Limit price=0 Stop price=0 Quantity=10 Type='Market' Time in force=DAY Oco='' Filled=0 Fill price=0 Error='No error' Native error='',
8/3/2026 4:25:31 PM,Order,Order='350e7bf1c0d640f5b8e71569384abcc9/Sim102' Name='Close' New state='Submitted' Instrument='MES SEP26' Action='Buy to cover' Limit price=0 Stop price=0 Quantity=10 Type='Market' Time in force=DAY Oco='' Filled=0 Fill price=0 Error='No error' Native error='',
8/3/2026 4:25:31 PM,Order,Order='e92fde5d85af4ab9b6d82e1c29317d29/Sim102' Name='Stop1' New state='Cancelled' Instrument='MES SEP26' Action='Buy to cover' Limit price=0 Stop price=7639.25 Quantity=10 Type='Stop Market' Time in force=GTC Oco='df15ce250edf4852975392a9554b576f' Filled=0 Fill price=0 Error='No error' Native error='',
8/3/2026 4:25:31 PM,Order,Order='49b3a608da8d47bd87a76625cb455ea8/Sim102' Name='Target1' New state='Cancelled' Instrument='MES SEP26' Action='Buy to cover' Limit price=7633.25 Stop price=0 Quantity=10 Type='Limit' Time in force=GTC Oco='df15ce250edf4852975392a9554b576f' Filled=0 Fill price=0 Error='No error' Native error='',
8/3/2026 4:25:30 PM,Order,Order='e92fde5d85af4ab9b6d82e1c29317d29/Sim102' Name='Stop1' New state='Cancel submitted' Instrument='MES SEP26' Action='Buy to cover' Limit price=0 Stop price=7639.25 Quantity=10 Type='Stop Market' Time in force=GTC Oco='df15ce250edf4852975392a9554b576f' Filled=0 Fill price=0 Error='No error' Native error='',
8/3/2026 4:25:30 PM,Order,Order='49b3a608da8d47bd87a76625cb455ea8/Sim102' Name='Target1' New state='Cancel submitted' Instrument='MES SEP26' Action='Buy to cover' Limit price=7633.25 Stop price=0 Quantity=10 Type='Limit' Time in force=GTC Oco='df15ce250edf4852975392a9554b576f' Filled=0 Fill price=0 Error='No error' Native error='',
8/3/2026 4:25:30 PM,Default,Position grid close position,
8/3/2026 4:24:12 PM,Order,Order='49b3a608da8d47bd87a76625cb455ea8/Sim102' Name='Target1' New state='Accepted' Instrument='MES SEP26' Action='Buy to cover' Limit price=7633.25 Stop price=0 Quantity=10 Type='Limit' Time in force=GTC Oco='df15ce250edf4852975392a9554b576f' Filled=0 Fill price=0 Error='No error' Native error='',
8/3/2026 4:24:12 PM,Order,Order='49b3a608da8d47bd87a76625cb455ea8/Sim102' Name='Target1' New state='Working' Instrument='MES SEP26' Action='Buy to cover' Limit price=7633.25 Stop price=0 Quantity=10 Type='Limit' Time in force=GTC Oco='df15ce250edf4852975392a9554b576f' Filled=0 Fill price=0 Error='No error' Native error='',
8/3/2026 4:24:12 PM,Order,Order='e92fde5d85af4ab9b6d82e1c29317d29/Sim102' Name='Stop1' New state='Accepted' Instrument='MES SEP26' Action='Buy to cover' Limit price=0 Stop price=7639.25 Quantity=10 Type='Stop Market' Time in force=GTC Oco='df15ce250edf4852975392a9554b576f' Filled=0 Fill price=0 Error='No error' Native error='',
8/3/2026 4:24:12 PM,Order,Order='49b3a608da8d47bd87a76625cb455ea8/Sim102' Name='Target1' New state='Submitted' Instrument='MES SEP26' Action='Buy to cover' Limit price=7633.25 Stop price=0 Quantity=10 Type='Limit' Time in force=GTC Oco='df15ce250edf4852975392a9554b576f' Filled=0 Fill price=0 Error='No error' Native error='',
8/3/2026 4:24:12 PM,Order,Order='e92fde5d85af4ab9b6d82e1c29317d29/Sim102' Name='Stop1' New state='Submitted' Instrument='MES SEP26' Action='Buy to cover' Limit price=0 Stop price=7639.25 Quantity=10 Type='Stop Market' Time in force=GTC Oco='df15ce250edf4852975392a9554b576f' Filled=0 Fill price=0 Error='No error' Native error='',
8/3/2026 4:24:12 PM,Position,Instrument='MES SEP26' Account='Sim102' Average price=7635.225 Quantity=10 Market position=Short Operation=Update,
8/3/2026 4:24:12 PM,Execution,Execution='42fe9199749d48f6b8bcd305677b89b7' Instrument='MES SEP26' Account='Sim102' Exchange=Default Price=7635 Quantity=1 Market position=Short Operation=Operation_Add Order='a9623363f68a43e183ea3c25a26a3492' Time='8/3/2026 4:24 PM',
8/3/2026 4:24:12 PM,Order,Order='a9623363f68a43e183ea3c25a26a3492/Sim102' Name='Entry' New state='Filled' Instrument='MES SEP26' Action='Sell' Limit price=0 Stop price=0 Quantity=10 Type='Market' Time in force=GTC Oco='' Filled=10 Fill price=7635.225 Error='No error' Native error='',
8/3/2026 4:24:12 PM,Position,Instrument='MES SEP26' Account='Sim102' Average price=7635.25 Quantity=9 Market position=Short Operation=Operation_Add,
8/3/2026 4:24:12 PM,Execution,Execution='e4747e2a965049f8886287d5d184f3ac' Instrument='MES SEP26' Account='Sim102' Exchange=Default Price=7635.25 Quantity=9 Market position=Short Operation=Operation_Add Order='a9623363f68a43e183ea3c25a26a3492' Time='8/3/2026 4:24 PM',
8/3/2026 4:24:12 PM,Order,Order='a9623363f68a43e183ea3c25a26a3492/Sim102' Name='Entry' New state='Partially filled' Instrument='MES SEP26' Action='Sell' Limit price=0 Stop price=0 Quantity=10 Type='Market' Time in force=GTC Oco='' Filled=9 Fill price=7635.25 Error='No error' Native error='',
8/3/2026 4:24:12 PM,Order,Order='a9623363f68a43e183ea3c25a26a3492/Sim102' Name='Entry' New state='Working' Instrument='MES SEP26' Action='Sell' Limit price=0 Stop price=0 Quantity=10 Type='Market' Time in force=GTC Oco='' Filled=0 Fill price=0 Error='No error' Native error='',
8/3/2026 4:24:12 PM,Order,Order='a9623363f68a43e183ea3c25a26a3492/Sim102' Name='Entry' New state='Accepted' Instrument='MES SEP26' Action='Sell' Limit price=0 Stop price=0 Quantity=10 Type='Market' Time in force=GTC Oco='' Filled=0 Fill price=0 Error='No error' Native error='',
8/3/2026 4:24:11 PM,Order,Order='a9623363f68a43e183ea3c25a26a3492/Sim102' Name='Entry' New state='Submitted' Instrument='MES SEP26' Action='Sell' Limit price=0 Stop price=0 Quantity=10 Type='Market' Time in force=GTC Oco='' Filled=0 Fill price=0 Error='No error' Native error='',
8/3/2026 4:24:11 PM,Order,Static SuperDOM submitting order with strategy 'MES $200 SL4 - 2' (Ticks),
8/3/2026 4:24:11 PM,Order,Order='fdd5cbcd074c40879fd2afd26ae0d382/Sim101' Name='Target1' New state='Working' Instrument='MES SEP26' Action='Buy to cover' Limit price=7633.25 Stop price=0 Quantity=10 Type='Limit' Time in force=GTC Oco='1d823de9d7044b9c899fe6c3421f80b0' Filled=0 Fill price=0 Error='No error' Native error='',
8/3/2026 4:24:11 PM,Order,Order='49be76c77f1b46be8b072ed6c11d53f9/Sim101' Name='Stop1' New state='Accepted' Instrument='MES SEP26' Action='Buy to cover' Limit price=0 Stop price=7639.25 Quantity=10 Type='Stop Market' Time in force=GTC Oco='1d823de9d7044b9c899fe6c3421f80b0' Filled=0 Fill price=0 Error='No error' Native error='',
8/3/2026 4:24:11 PM,Order,Order='fdd5cbcd074c40879fd2afd26ae0d382/Sim101' Name='Target1' New state='Accepted' Instrument='MES SEP26' Action='Buy to cover' Limit price=7633.25 Stop price=0 Quantity=10 Type='Limit' Time in force=GTC Oco='1d823de9d7044b9c899fe6c3421f80b0' Filled=0 Fill price=0 Error='No error' Native error='',
8/3/2026 4:24:11 PM,Order,Order='fdd5cbcd074c40879fd2afd26ae0d382/Sim101' Name='Target1' New state='Submitted' Instrument='MES SEP26' Action='Buy to cover' Limit price=7633.25 Stop price=0 Quantity=10 Type='Limit' Time in force=GTC Oco='1d823de9d7044b9c899fe6c3421f80b0' Filled=0 Fill price=0 Error='No error' Native error='',
8/3/2026 4:24:11 PM,Order,Order='49be76c77f1b46be8b072ed6c11d53f9/Sim101' Name='Stop1' New state='Submitted' Instrument='MES SEP26' Action='Buy to cover' Limit price=0 Stop price=7639.25 Quantity=10 Type='Stop Market' Time in force=GTC Oco='1d823de9d7044b9c899fe6c3421f80b0' Filled=0 Fill price=0 Error='No error' Native error='',
8/3/2026 4:24:11 PM,Position,Instrument='MES SEP26' Account='Sim101' Average price=7635.25 Quantity=10 Market position=Short Operation=Operation_Add,
8/3/2026 4:24:11 PM,Execution,Execution='1e8d353125ea47f99e4f2288cb00927a' Instrument='MES SEP26' Account='Sim101' Exchange=Default Price=7635.25 Quantity=10 Market position=Short Operation=Operation_Add Order='a085c83862aa40df8a0131e43107ba17' Time='8/3/2026 4:24 PM',
8/3/2026 4:24:11 PM,Order,Order='a085c83862aa40df8a0131e43107ba17/Sim101' Name='Entry' New state='Filled' Instrument='MES SEP26' Action='Sell' Limit price=0 Stop price=0 Quantity=10 Type='Market' Time in force=GTC Oco='' Filled=10 Fill price=7635.25 Error='No error' Native error='',
8/3/2026 4:24:11 PM,Order,Order='a085c83862aa40df8a0131e43107ba17/Sim101' Name='Entry' New state='Working' Instrument='MES SEP26' Action='Sell' Limit price=0 Stop price=0 Quantity=10 Type='Market' Time in force=GTC Oco='' Filled=0 Fill price=0 Error='No error' Native error='',
8/3/2026 4:24:11 PM,Order,Order='a085c83862aa40df8a0131e43107ba17/Sim101' Name='Entry' New state='Accepted' Instrument='MES SEP26' Action='Sell' Limit price=0 Stop price=0 Quantity=10 Type='Market' Time in force=GTC Oco='' Filled=0 Fill price=0 Error='No error' Native error='',
8/3/2026 4:24:11 PM,Order,Order='a085c83862aa40df8a0131e43107ba17/Sim101' Name='Entry' New state='Submitted' Instrument='MES SEP26' Action='Sell' Limit price=0 Stop price=0 Quantity=10 Type='Market' Time in force=GTC Oco='' Filled=0 Fill price=0 Error='No error' Native error='',
8/3/2026 4:24:11 PM,Order,Static SuperDOM submitting order with strategy 'MES $200 SL4 - 1' (Ticks),
8/3/2026 4:24:06 PM,Position,Instrument='MES SEP26' Account='Sim102' Average price=0 Quantity=0 Market position=Flat Operation=Remove,
8/3/2026 4:24:06 PM,Execution,Execution='3f6b62c7355e43219795e122301605b2' Instrument='MES SEP26' Account='Sim102' Exchange=Default Price=7635.5 Quantity=10 Market position=Long Operation=Operation_Add Order='f1a3aa7326be4744b5eec417f364b951' Time='8/3/2026 4:24 PM',
8/3/2026 4:24:06 PM,Order,Order='f1a3aa7326be4744b5eec417f364b951/Sim102' Name='Close' New state='Filled' Instrument='MES SEP26' Action='Buy to cover' Limit price=0 Stop price=0 Quantity=10 Type='Market' Time in force=DAY Oco='' Filled=10 Fill price=7635.5 Error='No error' Native error='',
8/3/2026 4:24:06 PM,Order,Order='f1a3aa7326be4744b5eec417f364b951/Sim102' Name='Close' New state='Working' Instrument='MES SEP26' Action='Buy to cover' Limit price=0 Stop price=0 Quantity=10 Type='Market' Time in force=DAY Oco='' Filled=0 Fill price=0 Error='No error' Native error='',
8/3/2026 4:24:06 PM,Order,Order='f1a3aa7326be4744b5eec417f364b951/Sim102' Name='Close' New state='Accepted' Instrument='MES SEP26' Action='Buy to cover' Limit price=0 Stop price=0 Quantity=10 Type='Market' Time in force=DAY Oco='' Filled=0 Fill price=0 Error='No error' Native error='',
8/3/2026 4:24:06 PM,Order,Order='f1a3aa7326be4744b5eec417f364b951/Sim102' Name='Close' New state='Submitted' Instrument='MES SEP26' Action='Buy to cover' Limit price=0 Stop price=0 Quantity=10 Type='Market' Time in force=DAY Oco='' Filled=0 Fill price=0 Error='No error' Native error='',
8/3/2026 4:24:06 PM,Default,Position grid close position,
8/3/2026 4:24:05 PM,Order,Order='8cb1e77c5daf44119c4d31b598cfd328/Sim102' Name='PTT-BE-Stop' New state='Cancelled' Instrument='MES SEP26' Action='Buy to cover' Limit price=0 Stop price=7635.75 Quantity=10 Type='Stop Market' Time in force=GTC Oco='' Filled=0 Fill price=0 Error='No error' Native error='',
8/3/2026 4:24:05 PM,Order,Order='8cb1e77c5daf44119c4d31b598cfd328/Sim102' Name='PTT-BE-Stop' New state='Cancel submitted' Instrument='MES SEP26' Action='Buy to cover' Limit price=0 Stop price=7635.75 Quantity=10 Type='Stop Market' Time in force=GTC Oco='' Filled=0 Fill price=0 Error='No error' Native error='',
8/3/2026 4:24:04 PM,Order,Order='7da0c33d3d5f47608a82a425ec7b921b/Sim102' Name='PTT-BE-Stop' New state='Cancelled' Instrument='MES SEP26' Action='Buy to cover' Limit price=0 Stop price=7635.75 Quantity=10 Type='Stop Market' Time in force=GTC Oco='' Filled=0 Fill price=0 Error='No error' Native error='',
8/3/2026 4:24:04 PM,Order,Order='7da0c33d3d5f47608a82a425ec7b921b/Sim102' Name='PTT-BE-Stop' New state='Cancel submitted' Instrument='MES SEP26' Action='Buy to cover' Limit price=0 Stop price=7635.75 Quantity=10 Type='Stop Market' Time in force=GTC Oco='' Filled=0 Fill price=0 Error='No error' Native error='',
8/3/2026 4:24:00 PM,Default,Cancel all orders account='Sim101',
8/3/2026 4:24:00 PM,Default,Chart Trader close position,
8/3/2026 4:24:00 PM,Default,Cancel all orders account='Sim101',
8/3/2026 4:24:00 PM,Default,Chart Trader close position,
8/3/2026 4:23:59 PM,Default,Cancel all orders account='Sim101',
8/3/2026 4:23:59 PM,Default,Chart Trader close position,
8/3/2026 4:23:56 PM,Order,Order='7da0c33d3d5f47608a82a425ec7b921b/Sim102' Name='PTT-BE-Stop' New state='Accepted' Instrument='MES SEP26' Action='Buy to cover' Limit price=0 Stop price=7635.75 Quantity=10 Type='Stop Market' Time in force=GTC Oco='' Filled=0 Fill price=0 Error='No error' Native error='',
8/3/2026 4:23:56 PM,Order,Order='7da0c33d3d5f47608a82a425ec7b921b/Sim102' Name='PTT-BE-Stop' New state='Submitted' Instrument='MES SEP26' Action='Buy to cover' Limit price=0 Stop price=7635.75 Quantity=10 Type='Stop Market' Time in force=GTC Oco='' Filled=0 Fill price=0 Error='No error' Native error='',
8/3/2026 4:23:54 PM,Order,Order='8cb1e77c5daf44119c4d31b598cfd328/Sim102' Name='PTT-BE-Stop' New state='Accepted' Instrument='MES SEP26' Action='Buy to cover' Limit price=0 Stop price=7635.75 Quantity=10 Type='Stop Market' Time in force=GTC Oco='' Filled=0 Fill price=0 Error='No error' Native error='',
8/3/2026 4:23:54 PM,Order,Order='8cb1e77c5daf44119c4d31b598cfd328/Sim102' Name='PTT-BE-Stop' New state='Submitted' Instrument='MES SEP26' Action='Buy to cover' Limit price=0 Stop price=7635.75 Quantity=10 Type='Stop Market' Time in force=GTC Oco='' Filled=0 Fill price=0 Error='No error' Native error='',
8/3/2026 4:23:53 PM,Default,Cancel all orders account='Sim101',
8/3/2026 4:23:53 PM,Default,Chart Trader close position,
8/3/2026 4:23:52 PM,Position,Instrument='MES SEP26' Account='Sim101' Average price=0 Quantity=0 Market position=Flat Operation=Remove,
8/3/2026 4:23:52 PM,Execution,Execution='7d56a2ddb10a4a428aaa1db804e70676' Instrument='MES SEP26' Account='Sim101' Exchange=Default Price=7635.5 Quantity=10 Market position=Long Operation=Operation_Add Order='7ca86bba5c034a7a94c85752cbbee1a8' Time='8/3/2026 4:23 PM',
8/3/2026 4:23:52 PM,Order,Order='7ca86bba5c034a7a94c85752cbbee1a8/Sim101' Name='Close' New state='Filled' Instrument='MES SEP26' Action='Buy to cover' Limit price=0 Stop price=0 Quantity=10 Type='Market' Time in force=DAY Oco='' Filled=10 Fill price=7635.5 Error='No error' Native error='',
8/3/2026 4:23:52 PM,Order,Order='7ca86bba5c034a7a94c85752cbbee1a8/Sim101' Name='Close' New state='Working' Instrument='MES SEP26' Action='Buy to cover' Limit price=0 Stop price=0 Quantity=10 Type='Market' Time in force=DAY Oco='' Filled=0 Fill price=0 Error='No error' Native error='',
8/3/2026 4:23:52 PM,Order,Order='7ca86bba5c034a7a94c85752cbbee1a8/Sim101' Name='Close' New state='Accepted' Instrument='MES SEP26' Action='Buy to cover' Limit price=0 Stop price=0 Quantity=10 Type='Market' Time in force=DAY Oco='' Filled=0 Fill price=0 Error='No error' Native error='',
8/3/2026 4:23:52 PM,Order,Order='7ca86bba5c034a7a94c85752cbbee1a8/Sim101' Name='Close' New state='Submitted' Instrument='MES SEP26' Action='Buy to cover' Limit price=0 Stop price=0 Quantity=10 Type='Market' Time in force=DAY Oco='' Filled=0 Fill price=0 Error='No error' Native error='',
8/3/2026 4:23:52 PM,Default,Chart Trader close position,
8/3/2026 4:23:43 PM,Order,Order='532e956eb04648ada6b7cf4682bb76c2/Sim102' Name='Stop1' New state='Cancelled' Instrument='MES SEP26' Action='Buy to cover' Limit price=0 Stop price=7640 Quantity=10 Type='Stop Market' Time in force=GTC Oco='07a15309833b43c6909d8af9feb120f8' Filled=0 Fill price=0 Error='No error' Native error='',
8/3/2026 4:23:43 PM,Order,Order='73f946aed3624c318f80ea65fde5d72d/Sim102' Name='Target1' New state='Cancelled' Instrument='MES SEP26' Action='Buy to cover' Limit price=7633.25 Stop price=0 Quantity=10 Type='Limit' Time in force=GTC Oco='07a15309833b43c6909d8af9feb120f8' Filled=0 Fill price=0 Error='No error' Native error='',
8/3/2026 4:23:43 PM,Order,Order='4a0501f9743c406e98d6ed349498d445/Sim101' Name='Stop1' New state='Cancelled' Instrument='MES SEP26' Action='Buy to cover' Limit price=0 Stop price=7640 Quantity=10 Type='Stop Market' Time in force=GTC Oco='bd09e90213f24537bd8fbf6a82461f9d' Filled=0 Fill price=0 Error='No error' Native error='',
8/3/2026 4:23:43 PM,Order,Order='dcb6db4f4ad1485eabc23bc5eec03c96/Sim101' Name='Target1' New state='Cancelled' Instrument='MES SEP26' Action='Buy to cover' Limit price=7626 Stop price=0 Quantity=10 Type='Limit' Time in force=GTC Oco='bd09e90213f24537bd8fbf6a82461f9d' Filled=0 Fill price=0 Error='No error' Native error='',
8/3/2026 4:23:43 PM,Order,Sim102 Order '2d4f15e0f1e84c14950e68a407bd843d' can't be submitted: The OCO ID ‘PTT-BEG-00004-21-0-0’ cannot be reused. Please use a new OCO ID. affected Order: BuyToCover 10 Limit @ 7633.25,
8/3/2026 4:23:43 PM,Order,Sim102 Order '9b9aa9dd80d54b75a9b2f6ac783f710e' can't be submitted: The OCO ID ‘PTT-BEG-00004-21-0-0’ cannot be reused. Please use a new OCO ID. affected Order: BuyToCover 10 StopMarket @ 7635.75,
8/3/2026 4:23:43 PM,Order,Order='2d4f15e0f1e84c14950e68a407bd843d/Sim102' Name='PTT-BE-Target-1' New state='Rejected' Instrument='MES SEP26' Action='Buy to cover' Limit price=7633.25 Stop price=0 Quantity=10 Type='Limit' Time in force=GTC Oco='PTT-BEG-00004-21-0-0' Filled=0 Fill price=0 Error='Unable to submit order' Native error='Order '2d4f15e0f1e84c14950e68a407bd843d' can't be submitted: The OCO ID ‘PTT-BEG-00004-21-0-0’ cannot be reused. Please use a new OCO ID.',
8/3/2026 4:23:43 PM,Order,Order='9b9aa9dd80d54b75a9b2f6ac783f710e/Sim102' Name='PTT-BE-Stop-1' New state='Rejected' Instrument='MES SEP26' Action='Buy to cover' Limit price=0 Stop price=7635.75 Quantity=10 Type='Stop Market' Time in force=GTC Oco='PTT-BEG-00004-21-0-0' Filled=0 Fill price=0 Error='Unable to submit order' Native error='Order '9b9aa9dd80d54b75a9b2f6ac783f710e' can't be submitted: The OCO ID ‘PTT-BEG-00004-21-0-0’ cannot be reused. Please use a new OCO ID.',
8/3/2026 4:23:43 PM,Order,Order='532e956eb04648ada6b7cf4682bb76c2/Sim102' Name='Stop1' New state='Cancel submitted' Instrument='MES SEP26' Action='Buy to cover' Limit price=0 Stop price=7640 Quantity=10 Type='Stop Market' Time in force=GTC Oco='07a15309833b43c6909d8af9feb120f8' Filled=0 Fill price=0 Error='No error' Native error='',
8/3/2026 4:23:43 PM,Order,Order='73f946aed3624c318f80ea65fde5d72d/Sim102' Name='Target1' New state='Cancel submitted' Instrument='MES SEP26' Action='Buy to cover' Limit price=7633.25 Stop price=0 Quantity=10 Type='Limit' Time in force=GTC Oco='07a15309833b43c6909d8af9feb120f8' Filled=0 Fill price=0 Error='No error' Native error='',
8/3/2026 4:23:43 PM,Order,Sim101 Order '3e0e51f272f2414ab84c12fd21383416' can't be submitted: The OCO ID ‘PTT-BEG-00004-2-0-0’ cannot be reused. Please use a new OCO ID. affected Order: BuyToCover 10 Limit @ 7626,
8/3/2026 4:23:43 PM,Order,Order='3e0e51f272f2414ab84c12fd21383416/Sim101' Name='PTT-BE-Target-1' New state='Rejected' Instrument='MES SEP26' Action='Buy to cover' Limit price=7626 Stop price=0 Quantity=10 Type='Limit' Time in force=GTC Oco='PTT-BEG-00004-2-0-0' Filled=0 Fill price=0 Error='Unable to submit order' Native error='Order '3e0e51f272f2414ab84c12fd21383416' can't be submitted: The OCO ID ‘PTT-BEG-00004-2-0-0’ cannot be reused. Please use a new OCO ID.',
8/3/2026 4:23:43 PM,Order,Sim101 Order '2a6a184aa53341d8a926589882eb0549' can't be submitted: The OCO ID ‘PTT-BEG-00004-2-0-0’ cannot be reused. Please use a new OCO ID. affected Order: BuyToCover 10 StopMarket @ 7636,
8/3/2026 4:23:43 PM,Order,Order='2a6a184aa53341d8a926589882eb0549/Sim101' Name='PTT-BE-Stop-1' New state='Rejected' Instrument='MES SEP26' Action='Buy to cover' Limit price=0 Stop price=7636 Quantity=10 Type='Stop Market' Time in force=GTC Oco='PTT-BEG-00004-2-0-0' Filled=0 Fill price=0 Error='Unable to submit order' Native error='Order '2a6a184aa53341d8a926589882eb0549' can't be submitted: The OCO ID ‘PTT-BEG-00004-2-0-0’ cannot be reused. Please use a new OCO ID.',
8/3/2026 4:23:43 PM,Order,Order='4a0501f9743c406e98d6ed349498d445/Sim101' Name='Stop1' New state='Cancel submitted' Instrument='MES SEP26' Action='Buy to cover' Limit price=0 Stop price=7640 Quantity=10 Type='Stop Market' Time in force=GTC Oco='bd09e90213f24537bd8fbf6a82461f9d' Filled=0 Fill price=0 Error='No error' Native error='',
8/3/2026 4:23:43 PM,Order,Order='dcb6db4f4ad1485eabc23bc5eec03c96/Sim101' Name='Target1' New state='Cancel submitted' Instrument='MES SEP26' Action='Buy to cover' Limit price=7626 Stop price=0 Quantity=10 Type='Limit' Time in force=GTC Oco='bd09e90213f24537bd8fbf6a82461f9d' Filled=0 Fill price=0 Error='No error' Native error='',
8/3/2026 4:22:04 PM,Order,Order='73f946aed3624c318f80ea65fde5d72d/Sim102' Name='Target1' New state='Working' Instrument='MES SEP26' Action='Buy to cover' Limit price=7633.25 Stop price=0 Quantity=10 Type='Limit' Time in force=GTC Oco='07a15309833b43c6909d8af9feb120f8' Filled=0 Fill price=0 Error='No error' Native error='',
8/3/2026 4:22:04 PM,Order,Order='73f946aed3624c318f80ea65fde5d72d/Sim102' Name='Target1' New state='Accepted' Instrument='MES SEP26' Action='Buy to cover' Limit price=7633.25 Stop price=0 Quantity=10 Type='Limit' Time in force=GTC Oco='07a15309833b43c6909d8af9feb120f8' Filled=0 Fill price=0 Error='No error' Native error='',
8/3/2026 4:22:03 PM,Order,Order='73f946aed3624c318f80ea65fde5d72d/Sim102' Name='Target1' New state='Change submitted' Instrument='MES SEP26' Action='Buy to cover' Limit price=7633.25 Stop price=0 Quantity=10 Type='Limit' Time in force=GTC Oco='07a15309833b43c6909d8af9feb120f8' Filled=0 Fill price=0 Error='No error' Native error='',
8/3/2026 4:22:00 PM,Order,Order='dcb6db4f4ad1485eabc23bc5eec03c96/Sim101' Name='Target1' New state='Working' Instrument='MES SEP26' Action='Buy to cover' Limit price=7626 Stop price=0 Quantity=10 Type='Limit' Time in force=GTC Oco='bd09e90213f24537bd8fbf6a82461f9d' Filled=0 Fill price=0 Error='No error' Native error='',
8/3/2026 4:22:00 PM,Order,Order='dcb6db4f4ad1485eabc23bc5eec03c96/Sim101' Name='Target1' New state='Accepted' Instrument='MES SEP26' Action='Buy to cover' Limit price=7626 Stop price=0 Quantity=10 Type='Limit' Time in force=GTC Oco='bd09e90213f24537bd8fbf6a82461f9d' Filled=0 Fill price=0 Error='No error' Native error='',
8/3/2026 4:22:00 PM,Order,Order='dcb6db4f4ad1485eabc23bc5eec03c96/Sim101' Name='Target1' New state='Change submitted' Instrument='MES SEP26' Action='Buy to cover' Limit price=7626 Stop price=0 Quantity=10 Type='Limit' Time in force=GTC Oco='bd09e90213f24537bd8fbf6a82461f9d' Filled=0 Fill price=0 Error='No error' Native error='',
8/3/2026 4:21:32 PM,Order,Order='dcb6db4f4ad1485eabc23bc5eec03c96/Sim101' Name='Target1' New state='Working' Instrument='MES SEP26' Action='Buy to cover' Limit price=7634 Stop price=0 Quantity=10 Type='Limit' Time in force=GTC Oco='bd09e90213f24537bd8fbf6a82461f9d' Filled=0 Fill price=0 Error='No error' Native error='',
8/3/2026 4:21:32 PM,Order,Order='dcb6db4f4ad1485eabc23bc5eec03c96/Sim101' Name='Target1' New state='Accepted' Instrument='MES SEP26' Action='Buy to cover' Limit price=7634 Stop price=0 Quantity=10 Type='Limit' Time in force=GTC Oco='bd09e90213f24537bd8fbf6a82461f9d' Filled=0 Fill price=0 Error='No error' Native error='',
8/3/2026 4:21:32 PM,Order,Order='4a0501f9743c406e98d6ed349498d445/Sim101' Name='Stop1' New state='Accepted' Instrument='MES SEP26' Action='Buy to cover' Limit price=0 Stop price=7640 Quantity=10 Type='Stop Market' Time in force=GTC Oco='bd09e90213f24537bd8fbf6a82461f9d' Filled=0 Fill price=0 Error='No error' Native error='',
8/3/2026 4:21:32 PM,Order,Order='dcb6db4f4ad1485eabc23bc5eec03c96/Sim101' Name='Target1' New state='Submitted' Instrument='MES SEP26' Action='Buy to cover' Limit price=7634 Stop price=0 Quantity=10 Type='Limit' Time in force=GTC Oco='bd09e90213f24537bd8fbf6a82461f9d' Filled=0 Fill price=0 Error='No error' Native error='',
8/3/2026 4:21:32 PM,Order,Order='4a0501f9743c406e98d6ed349498d445/Sim101' Name='Stop1' New state='Submitted' Instrument='MES SEP26' Action='Buy to cover' Limit price=0 Stop price=7640 Quantity=10 Type='Stop Market' Time in force=GTC Oco='bd09e90213f24537bd8fbf6a82461f9d' Filled=0 Fill price=0 Error='No error' Native error='',
8/3/2026 4:21:32 PM,Position,Instrument='MES SEP26' Account='Sim101' Average price=7636 Quantity=10 Market position=Short Operation=Operation_Add,
8/3/2026 4:21:32 PM,Execution,Execution='d98aee214ac84a7eb0db39a6eea2c5a3' Instrument='MES SEP26' Account='Sim101' Exchange=Default Price=7636 Quantity=10 Market position=Short Operation=Operation_Add Order='578986759af3488da5bddda434e07078' Time='8/3/2026 4:21 PM',
8/3/2026 4:21:32 PM,Order,Order='578986759af3488da5bddda434e07078/Sim101' Name='Entry' New state='Filled' Instrument='MES SEP26' Action='Sell' Limit price=0 Stop price=0 Quantity=10 Type='Market' Time in force=GTC Oco='' Filled=10 Fill price=7636 Error='No error' Native error='',
8/3/2026 4:21:32 PM,Order,Order='578986759af3488da5bddda434e07078/Sim101' Name='Entry' New state='Working' Instrument='MES SEP26' Action='Sell' Limit price=0 Stop price=0 Quantity=10 Type='Market' Time in force=GTC Oco='' Filled=0 Fill price=0 Error='No error' Native error='',
8/3/2026 4:21:32 PM,Order,Order='578986759af3488da5bddda434e07078/Sim101' Name='Entry' New state='Accepted' Instrument='MES SEP26' Action='Sell' Limit price=0 Stop price=0 Quantity=10 Type='Market' Time in force=GTC Oco='' Filled=0 Fill price=0 Error='No error' Native error='',
8/3/2026 4:21:32 PM,Order,Order='578986759af3488da5bddda434e07078/Sim101' Name='Entry' New state='Submitted' Instrument='MES SEP26' Action='Sell' Limit price=0 Stop price=0 Quantity=10 Type='Market' Time in force=GTC Oco='' Filled=0 Fill price=0 Error='No error' Native error='',
8/3/2026 4:21:32 PM,Order,Static SuperDOM submitting order with strategy 'MES $200 SL4 - 2' (Ticks),
8/3/2026 4:21:31 PM,Order,Order='73f946aed3624c318f80ea65fde5d72d/Sim102' Name='Target1' New state='Working' Instrument='MES SEP26' Action='Buy to cover' Limit price=7634 Stop price=0 Quantity=10 Type='Limit' Time in force=GTC Oco='07a15309833b43c6909d8af9feb120f8' Filled=0 Fill price=0 Error='No error' Native error='',
8/3/2026 4:21:31 PM,Order,Order='73f946aed3624c318f80ea65fde5d72d/Sim102' Name='Target1' New state='Accepted' Instrument='MES SEP26' Action='Buy to cover' Limit price=7634 Stop price=0 Quantity=10 Type='Limit' Time in force=GTC Oco='07a15309833b43c6909d8af9feb120f8' Filled=0 Fill price=0 Error='No error' Native error='',
8/3/2026 4:21:31 PM,Order,Order='532e956eb04648ada6b7cf4682bb76c2/Sim102' Name='Stop1' New state='Accepted' Instrument='MES SEP26' Action='Buy to cover' Limit price=0 Stop price=7640 Quantity=10 Type='Stop Market' Time in force=GTC Oco='07a15309833b43c6909d8af9feb120f8' Filled=0 Fill price=0 Error='No error' Native error='',
8/3/2026 4:21:31 PM,Position,Instrument='MES SEP26' Account='Sim102' Average price=7635.775 Quantity=10 Market position=Short Operation=Update,
8/3/2026 4:21:31 PM,Order,Order='73f946aed3624c318f80ea65fde5d72d/Sim102' Name='Target1' New state='Submitted' Instrument='MES SEP26' Action='Buy to cover' Limit price=7634 Stop price=0 Quantity=10 Type='Limit' Time in force=GTC Oco='07a15309833b43c6909d8af9feb120f8' Filled=0 Fill price=0 Error='No error' Native error='',
8/3/2026 4:21:31 PM,Order,Order='532e956eb04648ada6b7cf4682bb76c2/Sim102' Name='Stop1' New state='Submitted' Instrument='MES SEP26' Action='Buy to cover' Limit price=0 Stop price=7640 Quantity=10 Type='Stop Market' Time in force=GTC Oco='07a15309833b43c6909d8af9feb120f8' Filled=0 Fill price=0 Error='No error' Native error='',
8/3/2026 4:21:31 PM,Execution,Execution='bc8c0cd5ae3e48c587aca692cc535dd0' Instrument='MES SEP26' Account='Sim102' Exchange=Default Price=7635.75 Quantity=9 Market position=Short Operation=Operation_Add Order='61d1f2fb1f48405e93471fe47bebb5ec' Time='8/3/2026 4:21 PM',
8/3/2026 4:21:31 PM,Order,Order='61d1f2fb1f48405e93471fe47bebb5ec/Sim102' Name='Entry' New state='Filled' Instrument='MES SEP26' Action='Sell' Limit price=0 Stop price=0 Quantity=10 Type='Market' Time in force=GTC Oco='' Filled=10 Fill price=7635.775 Error='No error' Native error='',
8/3/2026 4:21:31 PM,Position,Instrument='MES SEP26' Account='Sim102' Average price=7636 Quantity=1 Market position=Short Operation=Operation_Add,
8/3/2026 4:21:31 PM,Execution,Execution='a6bfec57887b45868d621d07f8c8d5ea' Instrument='MES SEP26' Account='Sim102' Exchange=Default Price=7636 Quantity=1 Market position=Short Operation=Operation_Add Order='61d1f2fb1f48405e93471fe47bebb5ec' Time='8/3/2026 4:21 PM',
8/3/2026 4:21:31 PM,Order,Order='61d1f2fb1f48405e93471fe47bebb5ec/Sim102' Name='Entry' New state='Partially filled' Instrument='MES SEP26' Action='Sell' Limit price=0 Stop price=0 Quantity=10 Type='Market' Time in force=GTC Oco='' Filled=1 Fill price=7636 Error='No error' Native error='',
8/3/2026 4:21:31 PM,Order,Order='61d1f2fb1f48405e93471fe47bebb5ec/Sim102' Name='Entry' New state='Working' Instrument='MES SEP26' Action='Sell' Limit price=0 Stop price=0 Quantity=10 Type='Market' Time in force=GTC Oco='' Filled=0 Fill price=0 Error='No error' Native error='',
8/3/2026 4:21:31 PM,Order,Order='61d1f2fb1f48405e93471fe47bebb5ec/Sim102' Name='Entry' New state='Accepted' Instrument='MES SEP26' Action='Sell' Limit price=0 Stop price=0 Quantity=10 Type='Market' Time in force=GTC Oco='' Filled=0 Fill price=0 Error='No error' Native error='',
8/3/2026 4:21:31 PM,Order,Order='61d1f2fb1f48405e93471fe47bebb5ec/Sim102' Name='Entry' New state='Submitted' Instrument='MES SEP26' Action='Sell' Limit price=0 Stop price=0 Quantity=10 Type='Market' Time in force=GTC Oco='' Filled=0 Fill price=0 Error='No error' Native error='',
8/3/2026 4:21:31 PM,Order,Static SuperDOM submitting order with strategy 'MES $200 SL4 - 1' (Ticks),
8/3/2026 4:21:14 PM,Default,Cancel all orders account='Sim101',
8/3/2026 4:21:14 PM,Default,Chart Trader close position,
8/3/2026 4:21:09 PM,Position,Instrument='MES SEP26' Account='Sim102' Average price=0 Quantity=0 Market position=Flat Operation=Remove,
8/3/2026 4:21:09 PM,Execution,Execution='655e2165a65e46a6acd2f997a3cacfea' Instrument='MES SEP26' Account='Sim102' Exchange=Default Price=7636 Quantity=10 Market position=Long Operation=Operation_Add Order='80da703dea8a43159da29ffcb0711451' Time='8/3/2026 4:21 PM',
8/3/2026 4:21:09 PM,Order,Order='80da703dea8a43159da29ffcb0711451/Sim102' Name='Close' New state='Filled' Instrument='MES SEP26' Action='Buy to cover' Limit price=0 Stop price=0 Quantity=10 Type='Market' Time in force=DAY Oco='' Filled=10 Fill price=7636 Error='No error' Native error='',
8/3/2026 4:21:09 PM,Order,Order='80da703dea8a43159da29ffcb0711451/Sim102' Name='Close' New state='Working' Instrument='MES SEP26' Action='Buy to cover' Limit price=0 Stop price=0 Quantity=10 Type='Market' Time in force=DAY Oco='' Filled=0 Fill price=0 Error='No error' Native error='',
8/3/2026 4:21:09 PM,Order,Order='80da703dea8a43159da29ffcb0711451/Sim102' Name='Close' New state='Accepted' Instrument='MES SEP26' Action='Buy to cover' Limit price=0 Stop price=0 Quantity=10 Type='Market' Time in force=DAY Oco='' Filled=0 Fill price=0 Error='No error' Native error='',
8/3/2026 4:21:09 PM,Order,Order='80da703dea8a43159da29ffcb0711451/Sim102' Name='Close' New state='Submitted' Instrument='MES SEP26' Action='Buy to cover' Limit price=0 Stop price=0 Quantity=10 Type='Market' Time in force=DAY Oco='' Filled=0 Fill price=0 Error='No error' Native error='',
8/3/2026 4:21:09 PM,Default,Position grid close position,
8/3/2026 4:21:09 PM,Position,Instrument='MES SEP26' Account='Sim101' Average price=0 Quantity=0 Market position=Flat Operation=Remove,
8/3/2026 4:21:08 PM,Execution,Execution='c7b7a4b1c5b44c248ac5ad89e4cb8b57' Instrument='MES SEP26' Account='Sim101' Exchange=Default Price=7635.75 Quantity=10 Market position=Long Operation=Operation_Add Order='71fb8e9de2ae47918f3ca1ca103d4bc7' Time='8/3/2026 4:21 PM',
8/3/2026 4:21:08 PM,Order,Order='71fb8e9de2ae47918f3ca1ca103d4bc7/Sim101' Name='Close' New state='Filled' Instrument='MES SEP26' Action='Buy to cover' Limit price=0 Stop price=0 Quantity=10 Type='Market' Time in force=DAY Oco='' Filled=10 Fill price=7635.75 Error='No error' Native error='',
8/3/2026 4:21:08 PM,Order,Order='71fb8e9de2ae47918f3ca1ca103d4bc7/Sim101' Name='Close' New state='Working' Instrument='MES SEP26' Action='Buy to cover' Limit price=0 Stop price=0 Quantity=10 Type='Market' Time in force=DAY Oco='' Filled=0 Fill price=0 Error='No error' Native error='',
8/3/2026 4:21:08 PM,Order,Order='71fb8e9de2ae47918f3ca1ca103d4bc7/Sim101' Name='Close' New state='Accepted' Instrument='MES SEP26' Action='Buy to cover' Limit price=0 Stop price=0 Quantity=10 Type='Market' Time in force=DAY Oco='' Filled=0 Fill price=0 Error='No error' Native error='',
8/3/2026 4:21:08 PM,Order,Order='71fb8e9de2ae47918f3ca1ca103d4bc7/Sim101' Name='Close' New state='Submitted' Instrument='MES SEP26' Action='Buy to cover' Limit price=0 Stop price=0 Quantity=10 Type='Market' Time in force=DAY Oco='' Filled=0 Fill price=0 Error='No error' Native error='',
8/3/2026 4:21:08 PM,Default,Position grid close position,
8/3/2026 4:21:05 PM,Order,Order='604caabe1a9e4048ac1ba5454d5408fa/Sim101' Name='Stop1' New state='Cancelled' Instrument='MES SEP26' Action='Buy to cover' Limit price=0 Stop price=7638.75 Quantity=10 Type='Stop Market' Time in force=GTC Oco='5a4876d7e3744bf7960a9bbffe1e4632' Filled=0 Fill price=0 Error='No error' Native error='',
8/3/2026 4:21:05 PM,Order,Order='45fd34bc217b4fb6a74e961d87f4d062/Sim101' Name='Target1' New state='Cancelled' Instrument='MES SEP26' Action='Buy to cover' Limit price=7633 Stop price=0 Quantity=10 Type='Limit' Time in force=GTC Oco='5a4876d7e3744bf7960a9bbffe1e4632' Filled=0 Fill price=0 Error='No error' Native error='',
8/3/2026 4:21:05 PM,Order,Order='604caabe1a9e4048ac1ba5454d5408fa/Sim101' Name='Stop1' New state='Cancel submitted' Instrument='MES SEP26' Action='Buy to cover' Limit price=0 Stop price=7638.75 Quantity=10 Type='Stop Market' Time in force=GTC Oco='5a4876d7e3744bf7960a9bbffe1e4632' Filled=0 Fill price=0 Error='No error' Native error='',
8/3/2026 4:21:05 PM,Order,Order='45fd34bc217b4fb6a74e961d87f4d062/Sim101' Name='Target1' New state='Cancel submitted' Instrument='MES SEP26' Action='Buy to cover' Limit price=7633 Stop price=0 Quantity=10 Type='Limit' Time in force=GTC Oco='5a4876d7e3744bf7960a9bbffe1e4632' Filled=0 Fill price=0 Error='No error' Native error='',
8/3/2026 4:21:03 PM,Order,Order='7130fa7c7c2c4bd3885d9b9f77a1e697/Sim102' Name='Stop1' New state='Cancelled' Instrument='MES SEP26' Action='Buy to cover' Limit price=0 Stop price=7638.75 Quantity=10 Type='Stop Market' Time in force=GTC Oco='03b3f4ccb8a14a9ba41bf64d5616f0a8' Filled=0 Fill price=0 Error='No error' Native error='',
8/3/2026 4:21:03 PM,Order,Order='458dd9498f514040bd8fd9c458b46fd6/Sim102' Name='Target1' New state='Cancelled' Instrument='MES SEP26' Action='Buy to cover' Limit price=7632.5 Stop price=0 Quantity=10 Type='Limit' Time in force=GTC Oco='03b3f4ccb8a14a9ba41bf64d5616f0a8' Filled=0 Fill price=0 Error='No error' Native error='',
8/3/2026 4:21:02 PM,Order,Order='7130fa7c7c2c4bd3885d9b9f77a1e697/Sim102' Name='Stop1' New state='Cancel submitted' Instrument='MES SEP26' Action='Buy to cover' Limit price=0 Stop price=7638.75 Quantity=10 Type='Stop Market' Time in force=GTC Oco='03b3f4ccb8a14a9ba41bf64d5616f0a8' Filled=0 Fill price=0 Error='No error' Native error='',
8/3/2026 4:21:02 PM,Order,Order='458dd9498f514040bd8fd9c458b46fd6/Sim102' Name='Target1' New state='Cancel submitted' Instrument='MES SEP26' Action='Buy to cover' Limit price=7632.5 Stop price=0 Quantity=10 Type='Limit' Time in force=GTC Oco='03b3f4ccb8a14a9ba41bf64d5616f0a8' Filled=0 Fill price=0 Error='No error' Native error='',
8/3/2026 4:19:54 PM,Order,Order='45fd34bc217b4fb6a74e961d87f4d062/Sim101' Name='Target1' New state='Working' Instrument='MES SEP26' Action='Buy to cover' Limit price=7633 Stop price=0 Quantity=10 Type='Limit' Time in force=GTC Oco='5a4876d7e3744bf7960a9bbffe1e4632' Filled=0 Fill price=0 Error='No error' Native error='',
8/3/2026 4:19:54 PM,Order,Order='45fd34bc217b4fb6a74e961d87f4d062/Sim101' Name='Target1' New state='Accepted' Instrument='MES SEP26' Action='Buy to cover' Limit price=7633 Stop price=0 Quantity=10 Type='Limit' Time in force=GTC Oco='5a4876d7e3744bf7960a9bbffe1e4632' Filled=0 Fill price=0 Error='No error' Native error='',
8/3/2026 4:19:54 PM,Order,Order='45fd34bc217b4fb6a74e961d87f4d062/Sim101' Name='Target1' New state='Change submitted' Instrument='MES SEP26' Action='Buy to cover' Limit price=7633 Stop price=0 Quantity=10 Type='Limit' Time in force=GTC Oco='5a4876d7e3744bf7960a9bbffe1e4632' Filled=0 Fill price=0 Error='No error' Native error='',
8/3/2026 4:19:54 PM,Order,Order='45fd34bc217b4fb6a74e961d87f4d062/Sim101' Name='Target1' New state='Working' Instrument='MES SEP26' Action='Buy to cover' Limit price=7632.75 Stop price=0 Quantity=10 Type='Limit' Time in force=GTC Oco='5a4876d7e3744bf7960a9bbffe1e4632' Filled=0 Fill price=0 Error='No error' Native error='',
8/3/2026 4:19:54 PM,Order,Order='45fd34bc217b4fb6a74e961d87f4d062/Sim101' Name='Target1' New state='Accepted' Instrument='MES SEP26' Action='Buy to cover' Limit price=7632.75 Stop price=0 Quantity=10 Type='Limit' Time in force=GTC Oco='5a4876d7e3744bf7960a9bbffe1e4632' Filled=0 Fill price=0 Error='No error' Native error='',
8/3/2026 4:19:54 PM,Order,Order='45fd34bc217b4fb6a74e961d87f4d062/Sim101' Name='Target1' New state='Change submitted' Instrument='MES SEP26' Action='Buy to cover' Limit price=7632.75 Stop price=0 Quantity=10 Type='Limit' Time in force=GTC Oco='5a4876d7e3744bf7960a9bbffe1e4632' Filled=0 Fill price=0 Error='No error' Native error='',
8/3/2026 4:19:53 PM,Order,Order='458dd9498f514040bd8fd9c458b46fd6/Sim102' Name='Target1' New state='Working' Instrument='MES SEP26' Action='Buy to cover' Limit price=7632.5 Stop price=0 Quantity=10 Type='Limit' Time in force=GTC Oco='03b3f4ccb8a14a9ba41bf64d5616f0a8' Filled=0 Fill price=0 Error='No error' Native error='',
8/3/2026 4:19:53 PM,Order,Order='458dd9498f514040bd8fd9c458b46fd6/Sim102' Name='Target1' New state='Accepted' Instrument='MES SEP26' Action='Buy to cover' Limit price=7632.5 Stop price=0 Quantity=10 Type='Limit' Time in force=GTC Oco='03b3f4ccb8a14a9ba41bf64d5616f0a8' Filled=0 Fill price=0 Error='No error' Native error='',
8/3/2026 4:19:53 PM,Order,Order='458dd9498f514040bd8fd9c458b46fd6/Sim102' Name='Target1' New state='Change submitted' Instrument='MES SEP26' Action='Buy to cover' Limit price=7632.5 Stop price=0 Quantity=10 Type='Limit' Time in force=GTC Oco='03b3f4ccb8a14a9ba41bf64d5616f0a8' Filled=0 Fill price=0 Error='No error' Native error='',
8/3/2026 4:19:52 PM,Order,Order='458dd9498f514040bd8fd9c458b46fd6/Sim102' Name='Target1' New state='Working' Instrument='MES SEP26' Action='Buy to cover' Limit price=7632.75 Stop price=0 Quantity=10 Type='Limit' Time in force=GTC Oco='03b3f4ccb8a14a9ba41bf64d5616f0a8' Filled=0 Fill price=0 Error='No error' Native error='',
8/3/2026 4:19:52 PM,Order,Order='458dd9498f514040bd8fd9c458b46fd6/Sim102' Name='Target1' New state='Accepted' Instrument='MES SEP26' Action='Buy to cover' Limit price=7632.75 Stop price=0 Quantity=10 Type='Limit' Time in force=GTC Oco='03b3f4ccb8a14a9ba41bf64d5616f0a8' Filled=0 Fill price=0 Error='No error' Native error='',
8/3/2026 4:19:52 PM,Order,Order='458dd9498f514040bd8fd9c458b46fd6/Sim102' Name='Target1' New state='Change submitted' Instrument='MES SEP26' Action='Buy to cover' Limit price=7632.75 Stop price=0 Quantity=10 Type='Limit' Time in force=GTC Oco='03b3f4ccb8a14a9ba41bf64d5616f0a8' Filled=0 Fill price=0 Error='No error' Native error='',
8/3/2026 4:19:49 PM,Order,Order='458dd9498f514040bd8fd9c458b46fd6/Sim102' Name='Target1' New state='Working' Instrument='MES SEP26' Action='Buy to cover' Limit price=7633 Stop price=0 Quantity=10 Type='Limit' Time in force=GTC Oco='03b3f4ccb8a14a9ba41bf64d5616f0a8' Filled=0 Fill price=0 Error='No error' Native error='',
8/3/2026 4:19:49 PM,Order,Order='458dd9498f514040bd8fd9c458b46fd6/Sim102' Name='Target1' New state='Accepted' Instrument='MES SEP26' Action='Buy to cover' Limit price=7633 Stop price=0 Quantity=10 Type='Limit' Time in force=GTC Oco='03b3f4ccb8a14a9ba41bf64d5616f0a8' Filled=0 Fill price=0 Error='No error' Native error='',
8/3/2026 4:19:49 PM,Order,Order='458dd9498f514040bd8fd9c458b46fd6/Sim102' Name='Target1' New state='Change submitted' Instrument='MES SEP26' Action='Buy to cover' Limit price=7633 Stop price=0 Quantity=10 Type='Limit' Time in force=GTC Oco='03b3f4ccb8a14a9ba41bf64d5616f0a8' Filled=0 Fill price=0 Error='No error' Native error='',
8/3/2026 4:19:47 PM,Order,Order='45fd34bc217b4fb6a74e961d87f4d062/Sim101' Name='Target1' New state='Working' Instrument='MES SEP26' Action='Buy to cover' Limit price=7632.5 Stop price=0 Quantity=10 Type='Limit' Time in force=GTC Oco='5a4876d7e3744bf7960a9bbffe1e4632' Filled=0 Fill price=0 Error='No error' Native error='',
8/3/2026 4:19:47 PM,Order,Order='45fd34bc217b4fb6a74e961d87f4d062/Sim101' Name='Target1' New state='Accepted' Instrument='MES SEP26' Action='Buy to cover' Limit price=7632.5 Stop price=0 Quantity=10 Type='Limit' Time in force=GTC Oco='5a4876d7e3744bf7960a9bbffe1e4632' Filled=0 Fill price=0 Error='No error' Native error='',
8/3/2026 4:19:47 PM,Order,Order='45fd34bc217b4fb6a74e961d87f4d062/Sim101' Name='Target1' New state='Change submitted' Instrument='MES SEP26' Action='Buy to cover' Limit price=7632.5 Stop price=0 Quantity=10 Type='Limit' Time in force=GTC Oco='5a4876d7e3744bf7960a9bbffe1e4632' Filled=0 Fill price=0 Error='No error' Native error='',
8/3/2026 4:19:46 PM,Order,Order='45fd34bc217b4fb6a74e961d87f4d062/Sim101' Name='Target1' New state='Working' Instrument='MES SEP26' Action='Buy to cover' Limit price=7632.75 Stop price=0 Quantity=10 Type='Limit' Time in force=GTC Oco='5a4876d7e3744bf7960a9bbffe1e4632' Filled=0 Fill price=0 Error='No error' Native error='',
8/3/2026 4:19:46 PM,Order,Order='45fd34bc217b4fb6a74e961d87f4d062/Sim101' Name='Target1' New state='Accepted' Instrument='MES SEP26' Action='Buy to cover' Limit price=7632.75 Stop price=0 Quantity=10 Type='Limit' Time in force=GTC Oco='5a4876d7e3744bf7960a9bbffe1e4632' Filled=0 Fill price=0 Error='No error' Native error='',
8/3/2026 4:19:46 PM,Order,Order='45fd34bc217b4fb6a74e961d87f4d062/Sim101' Name='Target1' New state='Change submitted' Instrument='MES SEP26' Action='Buy to cover' Limit price=7632.75 Stop price=0 Quantity=10 Type='Limit' Time in force=GTC Oco='5a4876d7e3744bf7960a9bbffe1e4632' Filled=0 Fill price=0 Error='No error' Native error='',
8/3/2026 4:19:43 PM,Order,Order='45fd34bc217b4fb6a74e961d87f4d062/Sim101' Name='Target1' New state='Working' Instrument='MES SEP26' Action='Buy to cover' Limit price=7633 Stop price=0 Quantity=10 Type='Limit' Time in force=GTC Oco='5a4876d7e3744bf7960a9bbffe1e4632' Filled=0 Fill price=0 Error='No error' Native error='',
8/3/2026 4:19:43 PM,Order,Order='45fd34bc217b4fb6a74e961d87f4d062/Sim101' Name='Target1' New state='Accepted' Instrument='MES SEP26' Action='Buy to cover' Limit price=7633 Stop price=0 Quantity=10 Type='Limit' Time in force=GTC Oco='5a4876d7e3744bf7960a9bbffe1e4632' Filled=0 Fill price=0 Error='No error' Native error='',
8/3/2026 4:19:43 PM,Order,Order='45fd34bc217b4fb6a74e961d87f4d062/Sim101' Name='Target1' New state='Change submitted' Instrument='MES SEP26' Action='Buy to cover' Limit price=7633 Stop price=0 Quantity=10 Type='Limit' Time in force=GTC Oco='5a4876d7e3744bf7960a9bbffe1e4632' Filled=0 Fill price=0 Error='No error' Native error='',
8/3/2026 4:16:03 PM,Order,Order='45fd34bc217b4fb6a74e961d87f4d062/Sim101' Name='Target1' New state='Working' Instrument='MES SEP26' Action='Buy to cover' Limit price=7632.75 Stop price=0 Quantity=10 Type='Limit' Time in force=GTC Oco='5a4876d7e3744bf7960a9bbffe1e4632' Filled=0 Fill price=0 Error='No error' Native error='',
8/3/2026 4:16:03 PM,Order,Order='45fd34bc217b4fb6a74e961d87f4d062/Sim101' Name='Target1' New state='Accepted' Instrument='MES SEP26' Action='Buy to cover' Limit price=7632.75 Stop price=0 Quantity=10 Type='Limit' Time in force=GTC Oco='5a4876d7e3744bf7960a9bbffe1e4632' Filled=0 Fill price=0 Error='No error' Native error='',
8/3/2026 4:16:03 PM,Order,Order='604caabe1a9e4048ac1ba5454d5408fa/Sim101' Name='Stop1' New state='Accepted' Instrument='MES SEP26' Action='Buy to cover' Limit price=0 Stop price=7638.75 Quantity=10 Type='Stop Market' Time in force=GTC Oco='5a4876d7e3744bf7960a9bbffe1e4632' Filled=0 Fill price=0 Error='No error' Native error='',
8/3/2026 4:16:03 PM,Order,Order='45fd34bc217b4fb6a74e961d87f4d062/Sim101' Name='Target1' New state='Submitted' Instrument='MES SEP26' Action='Buy to cover' Limit price=7632.75 Stop price=0 Quantity=10 Type='Limit' Time in force=GTC Oco='5a4876d7e3744bf7960a9bbffe1e4632' Filled=0 Fill price=0 Error='No error' Native error='',
8/3/2026 4:16:03 PM,Order,Order='604caabe1a9e4048ac1ba5454d5408fa/Sim101' Name='Stop1' New state='Submitted' Instrument='MES SEP26' Action='Buy to cover' Limit price=0 Stop price=7638.75 Quantity=10 Type='Stop Market' Time in force=GTC Oco='5a4876d7e3744bf7960a9bbffe1e4632' Filled=0 Fill price=0 Error='No error' Native error='',
8/3/2026 4:16:03 PM,Position,Instrument='MES SEP26' Account='Sim101' Average price=7634.75 Quantity=10 Market position=Short Operation=Operation_Add,
8/3/2026 4:16:03 PM,Execution,Execution='b717e7fdefd243bda7dc168dac1a6b2a' Instrument='MES SEP26' Account='Sim101' Exchange=Default Price=7634.75 Quantity=10 Market position=Short Operation=Operation_Add Order='3219e2de13a24b9092c6fc32ab140119' Time='8/3/2026 4:16 PM',
8/3/2026 4:16:03 PM,Order,Order='3219e2de13a24b9092c6fc32ab140119/Sim101' Name='Entry' New state='Filled' Instrument='MES SEP26' Action='Sell' Limit price=0 Stop price=0 Quantity=10 Type='Market' Time in force=GTC Oco='' Filled=10 Fill price=7634.75 Error='No error' Native error='',
8/3/2026 4:16:03 PM,Order,Order='3219e2de13a24b9092c6fc32ab140119/Sim101' Name='Entry' New state='Working' Instrument='MES SEP26' Action='Sell' Limit price=0 Stop price=0 Quantity=10 Type='Market' Time in force=GTC Oco='' Filled=0 Fill price=0 Error='No error' Native error='',
8/3/2026 4:16:03 PM,Order,Order='3219e2de13a24b9092c6fc32ab140119/Sim101' Name='Entry' New state='Accepted' Instrument='MES SEP26' Action='Sell' Limit price=0 Stop price=0 Quantity=10 Type='Market' Time in force=GTC Oco='' Filled=0 Fill price=0 Error='No error' Native error='',
8/3/2026 4:16:02 PM,Order,Order='3219e2de13a24b9092c6fc32ab140119/Sim101' Name='Entry' New state='Submitted' Instrument='MES SEP26' Action='Sell' Limit price=0 Stop price=0 Quantity=10 Type='Market' Time in force=GTC Oco='' Filled=0 Fill price=0 Error='No error' Native error='',
8/3/2026 4:16:02 PM,Order,Static SuperDOM submitting order with strategy 'MES $200 SL4 - 2' (Ticks),
8/3/2026 4:16:02 PM,Order,Order='458dd9498f514040bd8fd9c458b46fd6/Sim102' Name='Target1' New state='Working' Instrument='MES SEP26' Action='Buy to cover' Limit price=7632.75 Stop price=0 Quantity=10 Type='Limit' Time in force=GTC Oco='03b3f4ccb8a14a9ba41bf64d5616f0a8' Filled=0 Fill price=0 Error='No error' Native error='',
8/3/2026 4:16:02 PM,Order,Order='458dd9498f514040bd8fd9c458b46fd6/Sim102' Name='Target1' New state='Accepted' Instrument='MES SEP26' Action='Buy to cover' Limit price=7632.75 Stop price=0 Quantity=10 Type='Limit' Time in force=GTC Oco='03b3f4ccb8a14a9ba41bf64d5616f0a8' Filled=0 Fill price=0 Error='No error' Native error='',
8/3/2026 4:16:02 PM,Order,Order='7130fa7c7c2c4bd3885d9b9f77a1e697/Sim102' Name='Stop1' New state='Accepted' Instrument='MES SEP26' Action='Buy to cover' Limit price=0 Stop price=7638.75 Quantity=10 Type='Stop Market' Time in force=GTC Oco='03b3f4ccb8a14a9ba41bf64d5616f0a8' Filled=0 Fill price=0 Error='No error' Native error='',
8/3/2026 4:16:02 PM,Position,Instrument='MES SEP26' Account='Sim102' Average price=7634.75 Quantity=10 Market position=Short Operation=Operation_Add,
8/3/2026 4:16:02 PM,Order,Order='458dd9498f514040bd8fd9c458b46fd6/Sim102' Name='Target1' New state='Submitted' Instrument='MES SEP26' Action='Buy to cover' Limit price=7632.75 Stop price=0 Quantity=10 Type='Limit' Time in force=GTC Oco='03b3f4ccb8a14a9ba41bf64d5616f0a8' Filled=0 Fill price=0 Error='No error' Native error='',
8/3/2026 4:16:02 PM,Order,Order='7130fa7c7c2c4bd3885d9b9f77a1e697/Sim102' Name='Stop1' New state='Submitted' Instrument='MES SEP26' Action='Buy to cover' Limit price=0 Stop price=7638.75 Quantity=10 Type='Stop Market' Time in force=GTC Oco='03b3f4ccb8a14a9ba41bf64d5616f0a8' Filled=0 Fill price=0 Error='No error' Native error='',
8/3/2026 4:16:02 PM,Execution,Execution='52d10dd59c334120aac9137b123d6b97' Instrument='MES SEP26' Account='Sim102' Exchange=Default Price=7634.75 Quantity=10 Market position=Short Operation=Operation_Add Order='e6c92af471054547b389d0e6d4c2416d' Time='8/3/2026 4:16 PM',
8/3/2026 4:16:02 PM,Order,Order='e6c92af471054547b389d0e6d4c2416d/Sim102' Name='Entry' New state='Filled' Instrument='MES SEP26' Action='Sell' Limit price=0 Stop price=0 Quantity=10 Type='Market' Time in force=GTC Oco='' Filled=10 Fill price=7634.75 Error='No error' Native error='',
8/3/2026 4:16:02 PM,Order,Order='e6c92af471054547b389d0e6d4c2416d/Sim102' Name='Entry' New state='Working' Instrument='MES SEP26' Action='Sell' Limit price=0 Stop price=0 Quantity=10 Type='Market' Time in force=GTC Oco='' Filled=0 Fill price=0 Error='No error' Native error='',
8/3/2026 4:16:02 PM,Order,Order='e6c92af471054547b389d0e6d4c2416d/Sim102' Name='Entry' New state='Accepted' Instrument='MES SEP26' Action='Sell' Limit price=0 Stop price=0 Quantity=10 Type='Market' Time in force=GTC Oco='' Filled=0 Fill price=0 Error='No error' Native error='',
8/3/2026 4:16:01 PM,Order,Order='e6c92af471054547b389d0e6d4c2416d/Sim102' Name='Entry' New state='Submitted' Instrument='MES SEP26' Action='Sell' Limit price=0 Stop price=0 Quantity=10 Type='Market' Time in force=GTC Oco='' Filled=0 Fill price=0 Error='No error' Native error='',
8/3/2026 4:16:01 PM,Order,Static SuperDOM submitting order with strategy 'MES $200 SL4 - 1' (Ticks),
8/3/2026 4:15:56 PM,Order,Order='ff289ddd908e4f6289e981d2e5363d4a/Sim102' Name='Stop1' New state='Cancelled' Instrument='MES SEP26' Action='Sell' Limit price=0 Stop price=7630 Quantity=9 Type='Stop Market' Time in force=GTC Oco='1072bcad5faa49dd9b3ea75fa115468f' Filled=0 Fill price=0 Error='No error' Native error='',
8/3/2026 4:15:56 PM,Strategy,Cancelling any remaining strategy orders,
8/3/2026 4:15:56 PM,Position,Instrument='MES SEP26' Account='Sim102' Average price=0 Quantity=0 Market position=Flat Operation=Remove,
8/3/2026 4:15:55 PM,Order,Order='ff289ddd908e4f6289e981d2e5363d4a/Sim102' Name='Stop1' New state='Cancel submitted' Instrument='MES SEP26' Action='Sell' Limit price=0 Stop price=7630 Quantity=9 Type='Stop Market' Time in force=GTC Oco='1072bcad5faa49dd9b3ea75fa115468f' Filled=0 Fill price=0 Error='No error' Native error='',
8/3/2026 4:15:55 PM,Order,Order='ff289ddd908e4f6289e981d2e5363d4a/Sim102' Name='Stop1' New state='Accepted' Instrument='MES SEP26' Action='Sell' Limit price=0 Stop price=7630 Quantity=9 Type='Stop Market' Time in force=GTC Oco='1072bcad5faa49dd9b3ea75fa115468f' Filled=0 Fill price=0 Error='No error' Native error='',
8/3/2026 4:15:55 PM,Execution,Execution='40ac0ffcd31d49c79768f6b8f7e9bb00' Instrument='MES SEP26' Account='Sim102' Exchange=Default Price=7635 Quantity=9 Market position=Short Operation=Operation_Add Order='05113af1e7644631b4b79e93a1777ae6' Time='8/3/2026 4:15 PM',
8/3/2026 4:15:55 PM,Order,Order='05113af1e7644631b4b79e93a1777ae6/Sim102' Name='Target1' New state='Filled' Instrument='MES SEP26' Action='Sell' Limit price=7635 Stop price=0 Quantity=10 Type='Limit' Time in force=GTC Oco='1072bcad5faa49dd9b3ea75fa115468f' Filled=10 Fill price=7635 Error='No error' Native error='',
8/3/2026 4:15:55 PM,Position,Instrument='MES SEP26' Account='Sim102' Average price=7634 Quantity=9 Market position=Long Operation=Update,
8/3/2026 4:15:55 PM,Execution,Execution='9a265dc2eb28499c997ef4f84d79764a' Instrument='MES SEP26' Account='Sim102' Exchange=Default Price=7635 Quantity=1 Market position=Short Operation=Operation_Add Order='05113af1e7644631b4b79e93a1777ae6' Time='8/3/2026 4:15 PM',
8/3/2026 4:15:55 PM,Order,Order='ff289ddd908e4f6289e981d2e5363d4a/Sim102' Name='Stop1' New state='Change submitted' Instrument='MES SEP26' Action='Sell' Limit price=0 Stop price=7630 Quantity=9 Type='Stop Market' Time in force=GTC Oco='1072bcad5faa49dd9b3ea75fa115468f' Filled=0 Fill price=0 Error='No error' Native error='',
8/3/2026 4:15:55 PM,Order,Order='05113af1e7644631b4b79e93a1777ae6/Sim102' Name='Target1' New state='Partially filled' Instrument='MES SEP26' Action='Sell' Limit price=7635 Stop price=0 Quantity=10 Type='Limit' Time in force=GTC Oco='1072bcad5faa49dd9b3ea75fa115468f' Filled=1 Fill price=7635 Error='No error' Native error='',
8/3/2026 4:15:55 PM,Order,Order='8fcb36225e89447aae93e4ac2c8157ce/Sim101' Name='Stop1' New state='Cancelled' Instrument='MES SEP26' Action='Sell' Limit price=0 Stop price=7630 Quantity=10 Type='Stop Market' Time in force=GTC Oco='52654b2d17ce44328485a30db7400c07' Filled=0 Fill price=0 Error='No error' Native error='',
8/3/2026 4:15:55 PM,Strategy,Cancelling any remaining strategy orders,
8/3/2026 4:15:55 PM,Position,Instrument='MES SEP26' Account='Sim101' Average price=0 Quantity=0 Market position=Flat Operation=Remove,
8/3/2026 4:15:55 PM,Execution,Execution='8cb7307d8a2d42edb6e068dfdf79d17b' Instrument='MES SEP26' Account='Sim101' Exchange=Default Price=7634.75 Quantity=10 Market position=Short Operation=Operation_Add Order='05b695aa3be04333afbc9dfc8a577faa' Time='8/3/2026 4:15 PM',
8/3/2026 4:15:55 PM,Order,Order='8fcb36225e89447aae93e4ac2c8157ce/Sim101' Name='Stop1' New state='Cancel submitted' Instrument='MES SEP26' Action='Sell' Limit price=0 Stop price=7630 Quantity=10 Type='Stop Market' Time in force=GTC Oco='52654b2d17ce44328485a30db7400c07' Filled=0 Fill price=0 Error='No error' Native error='',
8/3/2026 4:15:55 PM,Order,Order='05b695aa3be04333afbc9dfc8a577faa/Sim101' Name='Target1' New state='Filled' Instrument='MES SEP26' Action='Sell' Limit price=7634.75 Stop price=0 Quantity=10 Type='Limit' Time in force=GTC Oco='52654b2d17ce44328485a30db7400c07' Filled=10 Fill price=7634.75 Error='No error' Native error='',
8/3/2026 4:11:22 PM,Order,Order='05b695aa3be04333afbc9dfc8a577faa/Sim101' Name='Target1' New state='Working' Instrument='MES SEP26' Action='Sell' Limit price=7634.75 Stop price=0 Quantity=10 Type='Limit' Time in force=GTC Oco='52654b2d17ce44328485a30db7400c07' Filled=0 Fill price=0 Error='No error' Native error='',
8/3/2026 4:11:22 PM,Order,Order='05b695aa3be04333afbc9dfc8a577faa/Sim101' Name='Target1' New state='Accepted' Instrument='MES SEP26' Action='Sell' Limit price=7634.75 Stop price=0 Quantity=10 Type='Limit' Time in force=GTC Oco='52654b2d17ce44328485a30db7400c07' Filled=0 Fill price=0 Error='No error' Native error='',
8/3/2026 4:11:22 PM,Order,Order='05b695aa3be04333afbc9dfc8a577faa/Sim101' Name='Target1' New state='Change submitted' Instrument='MES SEP26' Action='Sell' Limit price=7634.75 Stop price=0 Quantity=10 Type='Limit' Time in force=GTC Oco='52654b2d17ce44328485a30db7400c07' Filled=0 Fill price=0 Error='No error' Native error='',
8/3/2026 4:11:17 PM,Order,Order='05113af1e7644631b4b79e93a1777ae6/Sim102' Name='Target1' New state='Working' Instrument='MES SEP26' Action='Sell' Limit price=7635 Stop price=0 Quantity=10 Type='Limit' Time in force=GTC Oco='1072bcad5faa49dd9b3ea75fa115468f' Filled=0 Fill price=0 Error='No error' Native error='',
8/3/2026 4:11:17 PM,Order,Order='05113af1e7644631b4b79e93a1777ae6/Sim102' Name='Target1' New state='Accepted' Instrument='MES SEP26' Action='Sell' Limit price=7635 Stop price=0 Quantity=10 Type='Limit' Time in force=GTC Oco='1072bcad5faa49dd9b3ea75fa115468f' Filled=0 Fill price=0 Error='No error' Native error='',
8/3/2026 4:11:17 PM,Order,Order='05113af1e7644631b4b79e93a1777ae6/Sim102' Name='Target1' New state='Change submitted' Instrument='MES SEP26' Action='Sell' Limit price=7635 Stop price=0 Quantity=10 Type='Limit' Time in force=GTC Oco='1072bcad5faa49dd9b3ea75fa115468f' Filled=0 Fill price=0 Error='No error' Native error='',
8/3/2026 4:09:48 PM,Order,Order='05b695aa3be04333afbc9dfc8a577faa/Sim101' Name='Target1' New state='Working' Instrument='MES SEP26' Action='Sell' Limit price=7634.5 Stop price=0 Quantity=10 Type='Limit' Time in force=GTC Oco='52654b2d17ce44328485a30db7400c07' Filled=0 Fill price=0 Error='No error' Native error='',
8/3/2026 4:09:48 PM,Order,Order='05b695aa3be04333afbc9dfc8a577faa/Sim101' Name='Target1' New state='Accepted' Instrument='MES SEP26' Action='Sell' Limit price=7634.5 Stop price=0 Quantity=10 Type='Limit' Time in force=GTC Oco='52654b2d17ce44328485a30db7400c07' Filled=0 Fill price=0 Error='No error' Native error='',
8/3/2026 4:09:48 PM,Order,Order='05b695aa3be04333afbc9dfc8a577faa/Sim101' Name='Target1' New state='Change submitted' Instrument='MES SEP26' Action='Sell' Limit price=7634.5 Stop price=0 Quantity=10 Type='Limit' Time in force=GTC Oco='52654b2d17ce44328485a30db7400c07' Filled=0 Fill price=0 Error='No error' Native error='',
8/3/2026 4:08:09 PM,Order,Order='05113af1e7644631b4b79e93a1777ae6/Sim102' Name='Target1' New state='Working' Instrument='MES SEP26' Action='Sell' Limit price=7636 Stop price=0 Quantity=10 Type='Limit' Time in force=GTC Oco='1072bcad5faa49dd9b3ea75fa115468f' Filled=0 Fill price=0 Error='No error' Native error='',
8/3/2026 4:08:09 PM,Order,Order='05113af1e7644631b4b79e93a1777ae6/Sim102' Name='Target1' New state='Accepted' Instrument='MES SEP26' Action='Sell' Limit price=7636 Stop price=0 Quantity=10 Type='Limit' Time in force=GTC Oco='1072bcad5faa49dd9b3ea75fa115468f' Filled=0 Fill price=0 Error='No error' Native error='',
8/3/2026 4:08:09 PM,Order,Order='ff289ddd908e4f6289e981d2e5363d4a/Sim102' Name='Stop1' New state='Accepted' Instrument='MES SEP26' Action='Sell' Limit price=0 Stop price=7630 Quantity=10 Type='Stop Market' Time in force=GTC Oco='1072bcad5faa49dd9b3ea75fa115468f' Filled=0 Fill price=0 Error='No error' Native error='',
8/3/2026 4:08:09 PM,Order,Order='05113af1e7644631b4b79e93a1777ae6/Sim102' Name='Target1' New state='Submitted' Instrument='MES SEP26' Action='Sell' Limit price=7636 Stop price=0 Quantity=10 Type='Limit' Time in force=GTC Oco='1072bcad5faa49dd9b3ea75fa115468f' Filled=0 Fill price=0 Error='No error' Native error='',
8/3/2026 4:08:09 PM,Order,Order='ff289ddd908e4f6289e981d2e5363d4a/Sim102' Name='Stop1' New state='Submitted' Instrument='MES SEP26' Action='Sell' Limit price=0 Stop price=7630 Quantity=10 Type='Stop Market' Time in force=GTC Oco='1072bcad5faa49dd9b3ea75fa115468f' Filled=0 Fill price=0 Error='No error' Native error='',
8/3/2026 4:08:09 PM,Position,Instrument='MES SEP26' Account='Sim102' Average price=7634 Quantity=10 Market position=Long Operation=Operation_Add,
8/3/2026 4:08:09 PM,Execution,Execution='5600e65d19274fd0a389ee8dfb31745d' Instrument='MES SEP26' Account='Sim102' Exchange=Default Price=7634 Quantity=10 Market position=Long Operation=Operation_Add Order='33526b767c0d4451ba4c3e0d69771ef6' Time='8/3/2026 4:08 PM',
8/3/2026 4:08:09 PM,Order,Order='33526b767c0d4451ba4c3e0d69771ef6/Sim102' Name='Entry' New state='Filled' Instrument='MES SEP26' Action='Buy' Limit price=0 Stop price=0 Quantity=10 Type='Market' Time in force=GTC Oco='' Filled=10 Fill price=7634 Error='No error' Native error='',
8/3/2026 4:08:09 PM,Order,Order='33526b767c0d4451ba4c3e0d69771ef6/Sim102' Name='Entry' New state='Working' Instrument='MES SEP26' Action='Buy' Limit price=0 Stop price=0 Quantity=10 Type='Market' Time in force=GTC Oco='' Filled=0 Fill price=0 Error='No error' Native error='',
8/3/2026 4:08:09 PM,Order,Order='33526b767c0d4451ba4c3e0d69771ef6/Sim102' Name='Entry' New state='Accepted' Instrument='MES SEP26' Action='Buy' Limit price=0 Stop price=0 Quantity=10 Type='Market' Time in force=GTC Oco='' Filled=0 Fill price=0 Error='No error' Native error='',
8/3/2026 4:08:09 PM,Order,Order='33526b767c0d4451ba4c3e0d69771ef6/Sim102' Name='Entry' New state='Submitted' Instrument='MES SEP26' Action='Buy' Limit price=0 Stop price=0 Quantity=10 Type='Market' Time in force=GTC Oco='' Filled=0 Fill price=0 Error='No error' Native error='',
8/3/2026 4:08:09 PM,Order,Static SuperDOM submitting order with strategy 'MES $200 SL4 - 2' (Ticks),
8/3/2026 4:08:09 PM,Order,Order='05b695aa3be04333afbc9dfc8a577faa/Sim101' Name='Target1' New state='Working' Instrument='MES SEP26' Action='Sell' Limit price=7636 Stop price=0 Quantity=10 Type='Limit' Time in force=GTC Oco='52654b2d17ce44328485a30db7400c07' Filled=0 Fill price=0 Error='No error' Native error='',
8/3/2026 4:08:09 PM,Order,Order='05b695aa3be04333afbc9dfc8a577faa/Sim101' Name='Target1' New state='Accepted' Instrument='MES SEP26' Action='Sell' Limit price=7636 Stop price=0 Quantity=10 Type='Limit' Time in force=GTC Oco='52654b2d17ce44328485a30db7400c07' Filled=0 Fill price=0 Error='No error' Native error='',
8/3/2026 4:08:09 PM,Order,Order='8fcb36225e89447aae93e4ac2c8157ce/Sim101' Name='Stop1' New state='Accepted' Instrument='MES SEP26' Action='Sell' Limit price=0 Stop price=7630 Quantity=10 Type='Stop Market' Time in force=GTC Oco='52654b2d17ce44328485a30db7400c07' Filled=0 Fill price=0 Error='No error' Native error='',
8/3/2026 4:08:09 PM,Position,Instrument='MES SEP26' Account='Sim101' Average price=7634 Quantity=10 Market position=Long Operation=Operation_Add,
8/3/2026 4:08:09 PM,Order,Order='05b695aa3be04333afbc9dfc8a577faa/Sim101' Name='Target1' New state='Submitted' Instrument='MES SEP26' Action='Sell' Limit price=7636 Stop price=0 Quantity=10 Type='Limit' Time in force=GTC Oco='52654b2d17ce44328485a30db7400c07' Filled=0 Fill price=0 Error='No error' Native error='',
8/3/2026 4:08:09 PM,Order,Order='8fcb36225e89447aae93e4ac2c8157ce/Sim101' Name='Stop1' New state='Submitted' Instrument='MES SEP26' Action='Sell' Limit price=0 Stop price=7630 Quantity=10 Type='Stop Market' Time in force=GTC Oco='52654b2d17ce44328485a30db7400c07' Filled=0 Fill price=0 Error='No error' Native error='',
8/3/2026 4:08:09 PM,Execution,Execution='97267f80f83a4912badfa552f38b6ea6' Instrument='MES SEP26' Account='Sim101' Exchange=Default Price=7634 Quantity=10 Market position=Long Operation=Operation_Add Order='39013aa9bad0465894d472ae00911455' Time='8/3/2026 4:08 PM',
8/3/2026 4:08:09 PM,Order,Order='39013aa9bad0465894d472ae00911455/Sim101' Name='Entry' New state='Filled' Instrument='MES SEP26' Action='Buy' Limit price=0 Stop price=0 Quantity=10 Type='Market' Time in force=GTC Oco='' Filled=10 Fill price=7634 Error='No error' Native error='',
8/3/2026 4:08:09 PM,Order,Order='39013aa9bad0465894d472ae00911455/Sim101' Name='Entry' New state='Working' Instrument='MES SEP26' Action='Buy' Limit price=0 Stop price=0 Quantity=10 Type='Market' Time in force=GTC Oco='' Filled=0 Fill price=0 Error='No error' Native error='',
8/3/2026 4:08:09 PM,Order,Order='39013aa9bad0465894d472ae00911455/Sim101' Name='Entry' New state='Accepted' Instrument='MES SEP26' Action='Buy' Limit price=0 Stop price=0 Quantity=10 Type='Market' Time in force=GTC Oco='' Filled=0 Fill price=0 Error='No error' Native error='',
8/3/2026 4:08:08 PM,Order,Order='39013aa9bad0465894d472ae00911455/Sim101' Name='Entry' New state='Submitted' Instrument='MES SEP26' Action='Buy' Limit price=0 Stop price=0 Quantity=10 Type='Market' Time in force=GTC Oco='' Filled=0 Fill price=0 Error='No error' Native error='',
8/3/2026 4:08:08 PM,Order,Static SuperDOM submitting order with strategy 'MES $200 SL4 - 1' (Ticks),
8/3/2026 4:07:35 PM,Connection,Market data failed for 'MES SEP26': 'get_order_book error : 13',
8/3/2026 4:07:35 PM,Connection,Market data failed for 'MGC DEC26': 'get_order_book error : 13',
8/3/2026 4:07:35 PM,Connection,Using HDS (hds-us-nt-018.ninjatrader.com/31655),
8/3/2026 4:07:35 PM,Connection,Time to auto close position='12:00:00 AM' Enabled=False,
8/3/2026 4:07:34 PM,Connection,My Rithmic for NinjaTrader Brokerage: Primary connection=Connected Price feed=Connected,
8/3/2026 4:07:20 PM,Default,Restoring workspace 'SuperDOM 3'...,
8/3/2026 4:07:18 PM,Default,Auto close enabled=False,
8/3/2026 4:07:18 PM,Order,Order entry hot keys disabled,
8/3/2026 4:07:18 PM,Connection,My Rithmic for NinjaTrader Brokerage: Primary connection=Connecting Price feed=Connecting,
8/3/2026 4:07:18 PM,Default,Auto connecting 'My Rithmic for NinjaTrader Brokerage'...,
8/3/2026 4:07:18 PM,Default,Telemetry configuration updated to version 1003 (previous version 0).,
8/3/2026 4:07:18 PM,Default,Automated trading disabled,
8/3/2026 4:07:18 PM,Connection,Using IS (is-us-nt-005.ninjatrader.com/31658),
8/3/2026 4:07:15 PM,Default,Global simulation mode disabled,
8/3/2026 4:06:58 PM,Default,Session Break (Version 8.1.8.1),
8/3/2026 4:06:38 PM,Connection,My Rithmic for NinjaTrader Brokerage: Primary connection=Disconnected Price feed=Disconnected,
8/3/2026 4:06:38 PM,Connection,My Rithmic for NinjaTrader Brokerage: Primary connection=Disconnecting Price feed=Disconnecting,
8/3/2026 4:06:37 PM,Default,Session Break (Version 8.1.8.1),
8/3/2026 4:06:31 PM,Default,Workspace SuperDOM 3 not saved,
8/3/2026 4:06:24 PM,Position,Instrument='MES SEP26' Account='Sim102' Average price=0 Quantity=0 Market position=Flat Operation=Remove,
8/3/2026 4:06:24 PM,Order,Order='2ebb461d9e7c4c9c95a0e3326d87f252/Sim102' Name='Close' New state='Filled' Instrument='MES SEP26' Action='Sell' Limit price=0 Stop price=0 Quantity=10 Type='Market' Time in force=DAY Oco='' Filled=10 Fill price=7634.15 Error='No error' Native error='',
8/3/2026 4:06:24 PM,Execution,Execution='ba7ae1f7e84a4b2c81f4ccfabede749a' Instrument='MES SEP26' Account='Sim102' Exchange=Default Price=7634 Quantity=4 Market position=Short Operation=Operation_Add Order='2ebb461d9e7c4c9c95a0e3326d87f252' Time='8/3/2026 4:06 PM',
8/3/2026 4:06:24 PM,Position,Instrument='MES SEP26' Account='Sim102' Average price=7635.25 Quantity=4 Market position=Long Operation=Update,
8/3/2026 4:06:24 PM,Order,Order='2ebb461d9e7c4c9c95a0e3326d87f252/Sim102' Name='Close' New state='Partially filled' Instrument='MES SEP26' Action='Sell' Limit price=0 Stop price=0 Quantity=10 Type='Market' Time in force=DAY Oco='' Filled=6 Fill price=7634.25 Error='No error' Native error='',
8/3/2026 4:06:24 PM,Execution,Execution='dbecee011e90484c8a5ce28db5692795' Instrument='MES SEP26' Account='Sim102' Exchange=Default Price=7634.25 Quantity=6 Market position=Short Operation=Operation_Add Order='2ebb461d9e7c4c9c95a0e3326d87f252' Time='8/3/2026 4:06 PM',
8/3/2026 4:06:24 PM,Order,Order='2ebb461d9e7c4c9c95a0e3326d87f252/Sim102' Name='Close' New state='Accepted' Instrument='MES SEP26' Action='Sell' Limit price=0 Stop price=0 Quantity=10 Type='Market' Time in force=DAY Oco='' Filled=0 Fill price=0 Error='No error' Native error='',
8/3/2026 4:06:24 PM,Order,Order='2ebb461d9e7c4c9c95a0e3326d87f252/Sim102' Name='Close' New state='Working' Instrument='MES SEP26' Action='Sell' Limit price=0 Stop price=0 Quantity=10 Type='Market' Time in force=DAY Oco='' Filled=0 Fill price=0 Error='No error' Native error='',
8/3/2026 4:06:24 PM,Order,Order='2ebb461d9e7c4c9c95a0e3326d87f252/Sim102' Name='Close' New state='Submitted' Instrument='MES SEP26' Action='Sell' Limit price=0 Stop price=0 Quantity=10 Type='Market' Time in force=DAY Oco='' Filled=0 Fill price=0 Error='No error' Native error='',
8/3/2026 4:06:24 PM,Default,Position grid close position,
8/3/2026 4:06:22 PM,Position,Instrument='MES SEP26' Account='Sim101' Average price=0 Quantity=0 Market position=Flat Operation=Remove,
8/3/2026 4:06:22 PM,Execution,Execution='3ba1f79140824da0b69a1901c774ce42' Instrument='MES SEP26' Account='Sim101' Exchange=Default Price=7634.25 Quantity=2 Market position=Short Operation=Operation_Add Order='a4067d77fdbb4f588d5d721deeb6e88d' Time='8/3/2026 4:06 PM',
8/3/2026 4:06:22 PM,Order,Order='a4067d77fdbb4f588d5d721deeb6e88d/Sim101' Name='Close' New state='Filled' Instrument='MES SEP26' Action='Sell' Limit price=0 Stop price=0 Quantity=10 Type='Market' Time in force=DAY Oco='' Filled=10 Fill price=7634.45 Error='No error' Native error='',
8/3/2026 4:06:22 PM,Position,Instrument='MES SEP26' Account='Sim101' Average price=7635.25 Quantity=2 Market position=Long Operation=Update,
8/3/2026 4:06:22 PM,Execution,Execution='69d817807e0a4975b12e5af88a7fb228' Instrument='MES SEP26' Account='Sim101' Exchange=Default Price=7634.5 Quantity=8 Market position=Short Operation=Operation_Add Order='a4067d77fdbb4f588d5d721deeb6e88d' Time='8/3/2026 4:06 PM',
8/3/2026 4:06:22 PM,Order,Order='a4067d77fdbb4f588d5d721deeb6e88d/Sim101' Name='Close' New state='Partially filled' Instrument='MES SEP26' Action='Sell' Limit price=0 Stop price=0 Quantity=10 Type='Market' Time in force=DAY Oco='' Filled=8 Fill price=7634.5 Error='No error' Native error='',
8/3/2026 4:06:22 PM,Order,Order='a4067d77fdbb4f588d5d721deeb6e88d/Sim101' Name='Close' New state='Accepted' Instrument='MES SEP26' Action='Sell' Limit price=0 Stop price=0 Quantity=10 Type='Market' Time in force=DAY Oco='' Filled=0 Fill price=0 Error='No error' Native error='',
8/3/2026 4:06:22 PM,Order,Order='a4067d77fdbb4f588d5d721deeb6e88d/Sim101' Name='Close' New state='Working' Instrument='MES SEP26' Action='Sell' Limit price=0 Stop price=0 Quantity=10 Type='Market' Time in force=DAY Oco='' Filled=0 Fill price=0 Error='No error' Native error='',
8/3/2026 4:06:22 PM,Order,Order='a4067d77fdbb4f588d5d721deeb6e88d/Sim101' Name='Close' New state='Submitted' Instrument='MES SEP26' Action='Sell' Limit price=0 Stop price=0 Quantity=10 Type='Market' Time in force=DAY Oco='' Filled=0 Fill price=0 Error='No error' Native error='',
8/3/2026 4:06:22 PM,Default,Chart Trader close position,
8/3/2026 4:06:05 PM,Order,Order='af095d24ae8b4cf48e9e9e78c2f6aa2a/Sim102' Name='Stop1' New state='Cancelled' Instrument='MES SEP26' Action='Sell' Limit price=0 Stop price=7631.25 Quantity=10 Type='Stop Market' Time in force=GTC Oco='586ed7e4a40849b5aa3e2aeb45bebf26' Filled=0 Fill price=0 Error='No error' Native error='',
8/3/2026 4:06:05 PM,Order,Order='a6f06604c9494baa956b4bf61a84ff25/Sim102' Name='Target1' New state='Cancelled' Instrument='MES SEP26' Action='Sell' Limit price=7637.25 Stop price=0 Quantity=10 Type='Limit' Time in force=GTC Oco='586ed7e4a40849b5aa3e2aeb45bebf26' Filled=0 Fill price=0 Error='No error' Native error='',
8/3/2026 4:06:05 PM,Order,Order='dd2641c2b870450c95acc1176915d8aa/Sim101' Name='Stop1' New state='Cancelled' Instrument='MES SEP26' Action='Sell' Limit price=0 Stop price=7631.25 Quantity=10 Type='Stop Market' Time in force=GTC Oco='6b8f01f0d7b34c7ebe141ec5b0a660fa' Filled=0 Fill price=0 Error='No error' Native error='',
8/3/2026 4:06:05 PM,Order,Order='b92fc1f0255045e59c3ebfcb206ed8d7/Sim101' Name='Target1' New state='Cancelled' Instrument='MES SEP26' Action='Sell' Limit price=7637.25 Stop price=0 Quantity=10 Type='Limit' Time in force=GTC Oco='6b8f01f0d7b34c7ebe141ec5b0a660fa' Filled=0 Fill price=0 Error='No error' Native error='',
8/3/2026 4:06:05 PM,Order,Order='6dc69f183d4e4c2dbadbf87e34d09f71/Sim102' Name='PTT-BE-Target-1' New state='Rejected' Instrument='MES SEP26' Action='Sell' Limit price=7637.25 Stop price=0 Quantity=10 Type='Limit' Time in force=GTC Oco='PTT-BEG-00005-21-0-0' Filled=0 Fill price=0 Error='Unable to submit order' Native error='Order '6dc69f183d4e4c2dbadbf87e34d09f71' can't be submitted: The OCO ID ‘PTT-BEG-00005-21-0-0’ cannot be reused. Please use a new OCO ID.',
8/3/2026 4:06:05 PM,Order,Sim102 Order '6dc69f183d4e4c2dbadbf87e34d09f71' can't be submitted: The OCO ID ‘PTT-BEG-00005-21-0-0’ cannot be reused. Please use a new OCO ID. affected Order: Sell 10 Limit @ 7637.25,
8/3/2026 4:06:05 PM,Order,Order='cb22dc8b58e840e2829a2c60c41d71e5/Sim102' Name='PTT-BE-Stop-1' New state='Rejected' Instrument='MES SEP26' Action='Sell' Limit price=0 Stop price=7635.25 Quantity=10 Type='Stop Market' Time in force=GTC Oco='PTT-BEG-00005-21-0-0' Filled=0 Fill price=0 Error='Order rejected' Native error='Sell stop or sell stop limit orders can't be placed above the market.',
8/3/2026 4:06:05 PM,Order,Sim102 Sell stop or sell stop limit orders can't be placed above the market. affected Order: Sell 10 StopMarket @ 7635.25,
8/3/2026 4:06:05 PM,Order,Order='cb22dc8b58e840e2829a2c60c41d71e5/Sim102' Name='PTT-BE-Stop-1' New state='Submitted' Instrument='MES SEP26' Action='Sell' Limit price=0 Stop price=7635.25 Quantity=10 Type='Stop Market' Time in force=GTC Oco='PTT-BEG-00005-21-0-0' Filled=0 Fill price=0 Error='No error' Native error='',
8/3/2026 4:06:05 PM,Order,Order='af095d24ae8b4cf48e9e9e78c2f6aa2a/Sim102' Name='Stop1' New state='Cancel submitted' Instrument='MES SEP26' Action='Sell' Limit price=0 Stop price=7631.25 Quantity=10 Type='Stop Market' Time in force=GTC Oco='586ed7e4a40849b5aa3e2aeb45bebf26' Filled=0 Fill price=0 Error='No error' Native error='',
8/3/2026 4:06:05 PM,Order,Order='a6f06604c9494baa956b4bf61a84ff25/Sim102' Name='Target1' New state='Cancel submitted' Instrument='MES SEP26' Action='Sell' Limit price=7637.25 Stop price=0 Quantity=10 Type='Limit' Time in force=GTC Oco='586ed7e4a40849b5aa3e2aeb45bebf26' Filled=0 Fill price=0 Error='No error' Native error='',
8/3/2026 4:06:05 PM,Order,Order='6ab7d5b320f34b52b217a31b8099be4e/Sim101' Name='PTT-BE-Target-1' New state='Rejected' Instrument='MES SEP26' Action='Sell' Limit price=7637.25 Stop price=0 Quantity=10 Type='Limit' Time in force=GTC Oco='PTT-BEG-00005-2-0-0' Filled=0 Fill price=0 Error='Unable to submit order' Native error='Order '6ab7d5b320f34b52b217a31b8099be4e' can't be submitted: The OCO ID ‘PTT-BEG-00005-2-0-0’ cannot be reused. Please use a new OCO ID.',
8/3/2026 4:06:05 PM,Order,Sim101 Order '6ab7d5b320f34b52b217a31b8099be4e' can't be submitted: The OCO ID ‘PTT-BEG-00005-2-0-0’ cannot be reused. Please use a new OCO ID. affected Order: Sell 10 Limit @ 7637.25,
8/3/2026 4:06:04 PM,Order,Order='b0ff708fb2974a8aad01b0da63b397c2/Sim101' Name='PTT-BE-Stop-1' New state='Rejected' Instrument='MES SEP26' Action='Sell' Limit price=0 Stop price=7635.25 Quantity=10 Type='Stop Market' Time in force=GTC Oco='PTT-BEG-00005-2-0-0' Filled=0 Fill price=0 Error='Order rejected' Native error='Sell stop or sell stop limit orders can't be placed above the market.',
8/3/2026 4:06:04 PM,Order,Sim101 Sell stop or sell stop limit orders can't be placed above the market. affected Order: Sell 10 StopMarket @ 7635.25,
8/3/2026 4:06:04 PM,Order,Order='b0ff708fb2974a8aad01b0da63b397c2/Sim101' Name='PTT-BE-Stop-1' New state='Submitted' Instrument='MES SEP26' Action='Sell' Limit price=0 Stop price=7635.25 Quantity=10 Type='Stop Market' Time in force=GTC Oco='PTT-BEG-00005-2-0-0' Filled=0 Fill price=0 Error='No error' Native error='',
8/3/2026 4:06:04 PM,Order,Order='dd2641c2b870450c95acc1176915d8aa/Sim101' Name='Stop1' New state='Cancel submitted' Instrument='MES SEP26' Action='Sell' Limit price=0 Stop price=7631.25 Quantity=10 Type='Stop Market' Time in force=GTC Oco='6b8f01f0d7b34c7ebe141ec5b0a660fa' Filled=0 Fill price=0 Error='No error' Native error='',
8/3/2026 4:06:04 PM,Order,Order='b92fc1f0255045e59c3ebfcb206ed8d7/Sim101' Name='Target1' New state='Cancel submitted' Instrument='MES SEP26' Action='Sell' Limit price=7637.25 Stop price=0 Quantity=10 Type='Limit' Time in force=GTC Oco='6b8f01f0d7b34c7ebe141ec5b0a660fa' Filled=0 Fill price=0 Error='No error' Native error='',
8/3/2026 4:04:11 PM,Order,Order='a6f06604c9494baa956b4bf61a84ff25/Sim102' Name='Target1' New state='Accepted' Instrument='MES SEP26' Action='Sell' Limit price=7637.25 Stop price=0 Quantity=10 Type='Limit' Time in force=GTC Oco='586ed7e4a40849b5aa3e2aeb45bebf26' Filled=0 Fill price=0 Error='No error' Native error='',
8/3/2026 4:04:11 PM,Order,Order='af095d24ae8b4cf48e9e9e78c2f6aa2a/Sim102' Name='Stop1' New state='Accepted' Instrument='MES SEP26' Action='Sell' Limit price=0 Stop price=7631.25 Quantity=10 Type='Stop Market' Time in force=GTC Oco='586ed7e4a40849b5aa3e2aeb45bebf26' Filled=0 Fill price=0 Error='No error' Native error='',
8/3/2026 4:04:11 PM,Order,Order='a6f06604c9494baa956b4bf61a84ff25/Sim102' Name='Target1' New state='Working' Instrument='MES SEP26' Action='Sell' Limit price=7637.25 Stop price=0 Quantity=10 Type='Limit' Time in force=GTC Oco='586ed7e4a40849b5aa3e2aeb45bebf26' Filled=0 Fill price=0 Error='No error' Native error='',
8/3/2026 4:04:11 PM,Order,Order='a6f06604c9494baa956b4bf61a84ff25/Sim102' Name='Target1' New state='Submitted' Instrument='MES SEP26' Action='Sell' Limit price=7637.25 Stop price=0 Quantity=10 Type='Limit' Time in force=GTC Oco='586ed7e4a40849b5aa3e2aeb45bebf26' Filled=0 Fill price=0 Error='No error' Native error='',
8/3/2026 4:04:11 PM,Order,Order='af095d24ae8b4cf48e9e9e78c2f6aa2a/Sim102' Name='Stop1' New state='Submitted' Instrument='MES SEP26' Action='Sell' Limit price=0 Stop price=7631.25 Quantity=10 Type='Stop Market' Time in force=GTC Oco='586ed7e4a40849b5aa3e2aeb45bebf26' Filled=0 Fill price=0 Error='No error' Native error='',
8/3/2026 4:04:11 PM,Order,Order='23084bd982074047bfd3ad116dbba0a1/Sim102' Name='Entry' New state='Filled' Instrument='MES SEP26' Action='Buy' Limit price=0 Stop price=0 Quantity=10 Type='Market' Time in force=GTC Oco='' Filled=10 Fill price=7635.25 Error='No error' Native error='',
8/3/2026 4:04:11 PM,Execution,Execution='51c487ef3af943ca8867b5a404c20f73' Instrument='MES SEP26' Account='Sim102' Exchange=Default Price=7635.25 Quantity=10 Market position=Long Operation=Operation_Add Order='23084bd982074047bfd3ad116dbba0a1' Time='8/3/2026 4:04 PM',
8/3/2026 4:04:11 PM,Position,Instrument='MES SEP26' Account='Sim102' Average price=7635.25 Quantity=10 Market position=Long Operation=Operation_Add,
8/3/2026 4:04:11 PM,Order,Order='23084bd982074047bfd3ad116dbba0a1/Sim102' Name='Entry' New state='Accepted' Instrument='MES SEP26' Action='Buy' Limit price=0 Stop price=0 Quantity=10 Type='Market' Time in force=GTC Oco='' Filled=0 Fill price=0 Error='No error' Native error='',
8/3/2026 4:04:11 PM,Order,Order='23084bd982074047bfd3ad116dbba0a1/Sim102' Name='Entry' New state='Working' Instrument='MES SEP26' Action='Buy' Limit price=0 Stop price=0 Quantity=10 Type='Market' Time in force=GTC Oco='' Filled=0 Fill price=0 Error='No error' Native error='',
8/3/2026 4:04:11 PM,Order,Order='23084bd982074047bfd3ad116dbba0a1/Sim102' Name='Entry' New state='Submitted' Instrument='MES SEP26' Action='Buy' Limit price=0 Stop price=0 Quantity=10 Type='Market' Time in force=GTC Oco='' Filled=0 Fill price=0 Error='No error' Native error='',
8/3/2026 4:04:10 PM,Order,Static SuperDOM submitting order with strategy 'MES $200 SL4 - 2' (Ticks),
8/3/2026 4:04:10 PM,Order,Order='b92fc1f0255045e59c3ebfcb206ed8d7/Sim101' Name='Target1' New state='Working' Instrument='MES SEP26' Action='Sell' Limit price=7637.25 Stop price=0 Quantity=10 Type='Limit' Time in force=GTC Oco='6b8f01f0d7b34c7ebe141ec5b0a660fa' Filled=0 Fill price=0 Error='No error' Native error='',
8/3/2026 4:04:10 PM,Order,Order='b92fc1f0255045e59c3ebfcb206ed8d7/Sim101' Name='Target1' New state='Accepted' Instrument='MES SEP26' Action='Sell' Limit price=7637.25 Stop price=0 Quantity=10 Type='Limit' Time in force=GTC Oco='6b8f01f0d7b34c7ebe141ec5b0a660fa' Filled=0 Fill price=0 Error='No error' Native error='',
8/3/2026 4:04:10 PM,Order,Order='dd2641c2b870450c95acc1176915d8aa/Sim101' Name='Stop1' New state='Accepted' Instrument='MES SEP26' Action='Sell' Limit price=0 Stop price=7631.25 Quantity=10 Type='Stop Market' Time in force=GTC Oco='6b8f01f0d7b34c7ebe141ec5b0a660fa' Filled=0 Fill price=0 Error='No error' Native error='',
8/3/2026 4:04:10 PM,Order,Order='b92fc1f0255045e59c3ebfcb206ed8d7/Sim101' Name='Target1' New state='Submitted' Instrument='MES SEP26' Action='Sell' Limit price=7637.25 Stop price=0 Quantity=10 Type='Limit' Time in force=GTC Oco='6b8f01f0d7b34c7ebe141ec5b0a660fa' Filled=0 Fill price=0 Error='No error' Native error='',
8/3/2026 4:04:10 PM,Order,Order='dd2641c2b870450c95acc1176915d8aa/Sim101' Name='Stop1' New state='Submitted' Instrument='MES SEP26' Action='Sell' Limit price=0 Stop price=7631.25 Quantity=10 Type='Stop Market' Time in force=GTC Oco='6b8f01f0d7b34c7ebe141ec5b0a660fa' Filled=0 Fill price=0 Error='No error' Native error='',
8/3/2026 4:04:10 PM,Order,Order='66834c9a157d4b2eac5f5b3826892a68/Sim101' Name='Entry' New state='Filled' Instrument='MES SEP26' Action='Buy' Limit price=0 Stop price=0 Quantity=10 Type='Market' Time in force=GTC Oco='' Filled=10 Fill price=7635.25 Error='No error' Native error='',
8/3/2026 4:04:10 PM,Execution,Execution='46f5b808539b414fa3109d78fc16204d' Instrument='MES SEP26' Account='Sim101' Exchange=Default Price=7635.25 Quantity=10 Market position=Long Operation=Operation_Add Order='66834c9a157d4b2eac5f5b3826892a68' Time='8/3/2026 4:04 PM',
8/3/2026 4:04:10 PM,Position,Instrument='MES SEP26' Account='Sim101' Average price=7635.25 Quantity=10 Market position=Long Operation=Operation_Add,
8/3/2026 4:04:10 PM,Order,Order='66834c9a157d4b2eac5f5b3826892a68/Sim101' Name='Entry' New state='Working' Instrument='MES SEP26' Action='Buy' Limit price=0 Stop price=0 Quantity=10 Type='Market' Time in force=GTC Oco='' Filled=0 Fill price=0 Error='No error' Native error='',
8/3/2026 4:04:10 PM,Order,Order='66834c9a157d4b2eac5f5b3826892a68/Sim101' Name='Entry' New state='Accepted' Instrument='MES SEP26' Action='Buy' Limit price=0 Stop price=0 Quantity=10 Type='Market' Time in force=GTC Oco='' Filled=0 Fill price=0 Error='No error' Native error='',
8/3/2026 4:04:10 PM,Order,Order='66834c9a157d4b2eac5f5b3826892a68/Sim101' Name='Entry' New state='Submitted' Instrument='MES SEP26' Action='Buy' Limit price=0 Stop price=0 Quantity=10 Type='Market' Time in force=GTC Oco='' Filled=0 Fill price=0 Error='No error' Native error='',
8/3/2026 4:04:09 PM,Order,Static SuperDOM submitting order with strategy 'MES $200 SL4 - 1' (Ticks),
8/3/2026 4:04:09 PM,Default,SuperDOM close position,
8/3/2026 4:04:09 PM,Default,Cancel all orders account='Sim101',
8/3/2026 4:04:08 PM,Position,Instrument='MES SEP26' Account='Sim102' Average price=0 Quantity=0 Market position=Flat Operation=Remove,
8/3/2026 4:04:08 PM,Order,Order='b3aa75a40d064ea785b14dff151b49da/Sim102' Name='Close' New state='Filled' Instrument='MES SEP26' Action='Sell' Limit price=0 Stop price=0 Quantity=10 Type='Market' Time in force=DAY Oco='' Filled=10 Fill price=7634.975 Error='No error' Native error='',
8/3/2026 4:04:08 PM,Execution,Execution='76bca10d61e54d3eaee73df19a88bec0' Instrument='MES SEP26' Account='Sim102' Exchange=Default Price=7634.75 Quantity=1 Market position=Short Operation=Operation_Add Order='b3aa75a40d064ea785b14dff151b49da' Time='8/3/2026 4:04 PM',
8/3/2026 4:04:08 PM,Position,Instrument='MES SEP26' Account='Sim102' Average price=7635.5 Quantity=1 Market position=Long Operation=Update,
8/3/2026 4:04:08 PM,Order,Order='b3aa75a40d064ea785b14dff151b49da/Sim102' Name='Close' New state='Partially filled' Instrument='MES SEP26' Action='Sell' Limit price=0 Stop price=0 Quantity=10 Type='Market' Time in force=DAY Oco='' Filled=9 Fill price=7635 Error='No error' Native error='',
8/3/2026 4:04:08 PM,Execution,Execution='544ced1364204651b384e82b0fe182ea' Instrument='MES SEP26' Account='Sim102' Exchange=Default Price=7635 Quantity=9 Market position=Short Operation=Operation_Add Order='b3aa75a40d064ea785b14dff151b49da' Time='8/3/2026 4:04 PM',
8/3/2026 4:04:08 PM,Order,Order='b3aa75a40d064ea785b14dff151b49da/Sim102' Name='Close' New state='Accepted' Instrument='MES SEP26' Action='Sell' Limit price=0 Stop price=0 Quantity=10 Type='Market' Time in force=DAY Oco='' Filled=0 Fill price=0 Error='No error' Native error='',
8/3/2026 4:04:08 PM,Order,Order='b3aa75a40d064ea785b14dff151b49da/Sim102' Name='Close' New state='Working' Instrument='MES SEP26' Action='Sell' Limit price=0 Stop price=0 Quantity=10 Type='Market' Time in force=DAY Oco='' Filled=0 Fill price=0 Error='No error' Native error='',
8/3/2026 4:04:07 PM,Order,Order='b3aa75a40d064ea785b14dff151b49da/Sim102' Name='Close' New state='Submitted' Instrument='MES SEP26' Action='Sell' Limit price=0 Stop price=0 Quantity=10 Type='Market' Time in force=DAY Oco='' Filled=0 Fill price=0 Error='No error' Native error='',
8/3/2026 4:04:07 PM,Default,SuperDOM close position,
8/3/2026 4:04:03 PM,Position,Instrument='MES SEP26' Account='Sim101' Average price=0 Quantity=0 Market position=Flat Operation=Remove,
8/3/2026 4:04:03 PM,Execution,Execution='e437631f52f545fbaf6e004bba08da2e' Instrument='MES SEP26' Account='Sim101' Exchange=Default Price=7635.25 Quantity=10 Market position=Short Operation=Operation_Add Order='bfacf1107f5546e2b40ce50c11f6d9b6' Time='8/3/2026 4:04 PM',
8/3/2026 4:04:03 PM,Order,Order='bfacf1107f5546e2b40ce50c11f6d9b6/Sim101' Name='Close' New state='Filled' Instrument='MES SEP26' Action='Sell' Limit price=0 Stop price=0 Quantity=10 Type='Market' Time in force=DAY Oco='' Filled=10 Fill price=7635.25 Error='No error' Native error='',
8/3/2026 4:04:03 PM,Order,Order='bfacf1107f5546e2b40ce50c11f6d9b6/Sim101' Name='Close' New state='Working' Instrument='MES SEP26' Action='Sell' Limit price=0 Stop price=0 Quantity=10 Type='Market' Time in force=DAY Oco='' Filled=0 Fill price=0 Error='No error' Native error='',
8/3/2026 4:04:03 PM,Order,Order='bfacf1107f5546e2b40ce50c11f6d9b6/Sim101' Name='Close' New state='Accepted' Instrument='MES SEP26' Action='Sell' Limit price=0 Stop price=0 Quantity=10 Type='Market' Time in force=DAY Oco='' Filled=0 Fill price=0 Error='No error' Native error='',
8/3/2026 4:04:03 PM,Order,Order='bfacf1107f5546e2b40ce50c11f6d9b6/Sim101' Name='Close' New state='Submitted' Instrument='MES SEP26' Action='Sell' Limit price=0 Stop price=0 Quantity=10 Type='Market' Time in force=DAY Oco='' Filled=0 Fill price=0 Error='No error' Native error='',
8/3/2026 4:04:03 PM,Default,Chart Trader close position,
8/3/2026 4:03:35 PM,Order,Order='228d4e61ddc84631b77fa38dfd5a5a94/Sim102' Name='Target1' New state='Cancelled' Instrument='MES SEP26' Action='Sell' Limit price=7637.25 Stop price=0 Quantity=10 Type='Limit' Time in force=GTC Oco='bbc8233a84c646189127edcb9f7b0ec0' Filled=0 Fill price=0 Error='No error' Native error='',
8/3/2026 4:03:35 PM,Order,Order='7f1e1da1980d4628a6ffbd81afcf5fdb/Sim102' Name='Stop1' New state='Cancelled' Instrument='MES SEP26' Action='Sell' Limit price=0 Stop price=7631.25 Quantity=10 Type='Stop Market' Time in force=GTC Oco='bbc8233a84c646189127edcb9f7b0ec0' Filled=0 Fill price=0 Error='No error' Native error='',
8/3/2026 4:03:35 PM,Order,Order='3aa5294678b14f378e52dea2c9869053/Sim101' Name='Target1' New state='Cancelled' Instrument='MES SEP26' Action='Sell' Limit price=7637.25 Stop price=0 Quantity=10 Type='Limit' Time in force=GTC Oco='cb06be1f1b5e40799eaff096721dfba2' Filled=0 Fill price=0 Error='No error' Native error='',
8/3/2026 4:03:35 PM,Order,Order='67573864d0ff457aa952f00f13cf3f77/Sim101' Name='Stop1' New state='Cancelled' Instrument='MES SEP26' Action='Sell' Limit price=0 Stop price=7631.25 Quantity=10 Type='Stop Market' Time in force=GTC Oco='cb06be1f1b5e40799eaff096721dfba2' Filled=0 Fill price=0 Error='No error' Native error='',
8/3/2026 4:03:35 PM,Order,Order='0057e8bd0cd24bd4af28a480b4d964f9/Sim102' Name='PTT-BE-Target-1' New state='Rejected' Instrument='MES SEP26' Action='Sell' Limit price=7637.25 Stop price=0 Quantity=10 Type='Limit' Time in force=GTC Oco='PTT-BEG-00004-21-0-0' Filled=0 Fill price=0 Error='Unable to submit order' Native error='Order '0057e8bd0cd24bd4af28a480b4d964f9' can't be submitted: The OCO ID ‘PTT-BEG-00004-21-0-0’ cannot be reused. Please use a new OCO ID.',
8/3/2026 4:03:35 PM,Order,Sim102 Order '0057e8bd0cd24bd4af28a480b4d964f9' can't be submitted: The OCO ID ‘PTT-BEG-00004-21-0-0’ cannot be reused. Please use a new OCO ID. affected Order: Sell 10 Limit @ 7637.25,
8/3/2026 4:03:35 PM,Order,Order='9b53a744c4614f28a58a3e7590c77362/Sim102' Name='PTT-BE-Stop-1' New state='Submitted' Instrument='MES SEP26' Action='Sell' Limit price=0 Stop price=7635.25 Quantity=10 Type='Stop Market' Time in force=GTC Oco='PTT-BEG-00004-21-0-0' Filled=0 Fill price=0 Error='No error' Native error='',
8/3/2026 4:03:35 PM,Order,Order='9b53a744c4614f28a58a3e7590c77362/Sim102' Name='PTT-BE-Stop-1' New state='Rejected' Instrument='MES SEP26' Action='Sell' Limit price=0 Stop price=7635.25 Quantity=10 Type='Stop Market' Time in force=GTC Oco='PTT-BEG-00004-21-0-0' Filled=0 Fill price=0 Error='Order rejected' Native error='Sell stop or sell stop limit orders can't be placed above the market.',
8/3/2026 4:03:35 PM,Order,Sim102 Sell stop or sell stop limit orders can't be placed above the market. affected Order: Sell 10 StopMarket @ 7635.25,
8/3/2026 4:03:35 PM,Order,Order='228d4e61ddc84631b77fa38dfd5a5a94/Sim102' Name='Target1' New state='Cancel submitted' Instrument='MES SEP26' Action='Sell' Limit price=7637.25 Stop price=0 Quantity=10 Type='Limit' Time in force=GTC Oco='bbc8233a84c646189127edcb9f7b0ec0' Filled=0 Fill price=0 Error='No error' Native error='',
8/3/2026 4:03:35 PM,Order,Order='7f1e1da1980d4628a6ffbd81afcf5fdb/Sim102' Name='Stop1' New state='Cancel submitted' Instrument='MES SEP26' Action='Sell' Limit price=0 Stop price=7631.25 Quantity=10 Type='Stop Market' Time in force=GTC Oco='bbc8233a84c646189127edcb9f7b0ec0' Filled=0 Fill price=0 Error='No error' Native error='',
8/3/2026 4:03:35 PM,Order,Order='19a93f6651054ae8a6958863cf63ff05/Sim101' Name='PTT-BE-Target-1' New state='Rejected' Instrument='MES SEP26' Action='Sell' Limit price=7637.25 Stop price=0 Quantity=10 Type='Limit' Time in force=GTC Oco='PTT-BEG-00004-2-0-0' Filled=0 Fill price=0 Error='Unable to submit order' Native error='Order '19a93f6651054ae8a6958863cf63ff05' can't be submitted: The OCO ID ‘PTT-BEG-00004-2-0-0’ cannot be reused. Please use a new OCO ID.',
8/3/2026 4:03:35 PM,Order,Sim101 Order '19a93f6651054ae8a6958863cf63ff05' can't be submitted: The OCO ID ‘PTT-BEG-00004-2-0-0’ cannot be reused. Please use a new OCO ID. affected Order: Sell 10 Limit @ 7637.25,
8/3/2026 4:03:35 PM,Order,Order='a1c84f5edf0443f0b9e82d4ae9b240b8/Sim101' Name='PTT-BE-Stop-1' New state='Rejected' Instrument='MES SEP26' Action='Sell' Limit price=0 Stop price=7635.25 Quantity=10 Type='Stop Market' Time in force=GTC Oco='PTT-BEG-00004-2-0-0' Filled=0 Fill price=0 Error='Order rejected' Native error='Sell stop or sell stop limit orders can't be placed above the market.',
8/3/2026 4:03:35 PM,Order,Sim101 Sell stop or sell stop limit orders can't be placed above the market. affected Order: Sell 10 StopMarket @ 7635.25,
8/3/2026 4:03:35 PM,Order,Order='a1c84f5edf0443f0b9e82d4ae9b240b8/Sim101' Name='PTT-BE-Stop-1' New state='Submitted' Instrument='MES SEP26' Action='Sell' Limit price=0 Stop price=7635.25 Quantity=10 Type='Stop Market' Time in force=GTC Oco='PTT-BEG-00004-2-0-0' Filled=0 Fill price=0 Error='No error' Native error='',
8/3/2026 4:03:35 PM,Order,Order='67573864d0ff457aa952f00f13cf3f77/Sim101' Name='Stop1' New state='Cancel submitted' Instrument='MES SEP26' Action='Sell' Limit price=0 Stop price=7631.25 Quantity=10 Type='Stop Market' Time in force=GTC Oco='cb06be1f1b5e40799eaff096721dfba2' Filled=0 Fill price=0 Error='No error' Native error='',
8/3/2026 4:03:35 PM,Order,Order='3aa5294678b14f378e52dea2c9869053/Sim101' Name='Target1' New state='Cancel submitted' Instrument='MES SEP26' Action='Sell' Limit price=7637.25 Stop price=0 Quantity=10 Type='Limit' Time in force=GTC Oco='cb06be1f1b5e40799eaff096721dfba2' Filled=0 Fill price=0 Error='No error' Native error='',
8/3/2026 4:02:59 PM,Order,Order='228d4e61ddc84631b77fa38dfd5a5a94/Sim102' Name='Target1' New state='Accepted' Instrument='MES SEP26' Action='Sell' Limit price=7637.25 Stop price=0 Quantity=10 Type='Limit' Time in force=GTC Oco='bbc8233a84c646189127edcb9f7b0ec0' Filled=0 Fill price=0 Error='No error' Native error='',
8/3/2026 4:02:59 PM,Order,Order='228d4e61ddc84631b77fa38dfd5a5a94/Sim102' Name='Target1' New state='Working' Instrument='MES SEP26' Action='Sell' Limit price=7637.25 Stop price=0 Quantity=10 Type='Limit' Time in force=GTC Oco='bbc8233a84c646189127edcb9f7b0ec0' Filled=0 Fill price=0 Error='No error' Native error='',
8/3/2026 4:02:59 PM,Order,Order='7f1e1da1980d4628a6ffbd81afcf5fdb/Sim102' Name='Stop1' New state='Accepted' Instrument='MES SEP26' Action='Sell' Limit price=0 Stop price=7631.25 Quantity=10 Type='Stop Market' Time in force=GTC Oco='bbc8233a84c646189127edcb9f7b0ec0' Filled=0 Fill price=0 Error='No error' Native error='',
8/3/2026 4:02:59 PM,Order,Order='228d4e61ddc84631b77fa38dfd5a5a94/Sim102' Name='Target1' New state='Submitted' Instrument='MES SEP26' Action='Sell' Limit price=7637.25 Stop price=0 Quantity=10 Type='Limit' Time in force=GTC Oco='bbc8233a84c646189127edcb9f7b0ec0' Filled=0 Fill price=0 Error='No error' Native error='',
8/3/2026 4:02:59 PM,Order,Order='7f1e1da1980d4628a6ffbd81afcf5fdb/Sim102' Name='Stop1' New state='Submitted' Instrument='MES SEP26' Action='Sell' Limit price=0 Stop price=7631.25 Quantity=10 Type='Stop Market' Time in force=GTC Oco='bbc8233a84c646189127edcb9f7b0ec0' Filled=0 Fill price=0 Error='No error' Native error='',
8/3/2026 4:02:59 PM,Order,Order='deac2e4fe1d9497da40e4eeeebfbcb81/Sim102' Name='Entry' New state='Filled' Instrument='MES SEP26' Action='Buy' Limit price=0 Stop price=0 Quantity=10 Type='Market' Time in force=GTC Oco='' Filled=10 Fill price=7635.275 Error='No error' Native error='',
8/3/2026 4:02:59 PM,Execution,Execution='53f7141e74ed44a4b8ee79e8a757c2cf' Instrument='MES SEP26' Account='Sim102' Exchange=Default Price=7635.5 Quantity=1 Market position=Long Operation=Operation_Add Order='deac2e4fe1d9497da40e4eeeebfbcb81' Time='8/3/2026 4:02 PM',
8/3/2026 4:02:59 PM,Position,Instrument='MES SEP26' Account='Sim102' Average price=7635.275 Quantity=10 Market position=Long Operation=Update,
8/3/2026 4:02:59 PM,Order,Order='deac2e4fe1d9497da40e4eeeebfbcb81/Sim102' Name='Entry' New state='Partially filled' Instrument='MES SEP26' Action='Buy' Limit price=0 Stop price=0 Quantity=10 Type='Market' Time in force=GTC Oco='' Filled=9 Fill price=7635.25 Error='No error' Native error='',
8/3/2026 4:02:59 PM,Execution,Execution='f4960b78ff7943b584fd41105588a996' Instrument='MES SEP26' Account='Sim102' Exchange=Default Price=7635.25 Quantity=9 Market position=Long Operation=Operation_Add Order='deac2e4fe1d9497da40e4eeeebfbcb81' Time='8/3/2026 4:02 PM',
8/3/2026 4:02:59 PM,Position,Instrument='MES SEP26' Account='Sim102' Average price=7635.25 Quantity=9 Market position=Long Operation=Operation_Add,
8/3/2026 4:02:59 PM,Order,Order='deac2e4fe1d9497da40e4eeeebfbcb81/Sim102' Name='Entry' New state='Working' Instrument='MES SEP26' Action='Buy' Limit price=0 Stop price=0 Quantity=10 Type='Market' Time in force=GTC Oco='' Filled=0 Fill price=0 Error='No error' Native error='',
8/3/2026 4:02:59 PM,Order,Order='deac2e4fe1d9497da40e4eeeebfbcb81/Sim102' Name='Entry' New state='Accepted' Instrument='MES SEP26' Action='Buy' Limit price=0 Stop price=0 Quantity=10 Type='Market' Time in force=GTC Oco='' Filled=0 Fill price=0 Error='No error' Native error='',
8/3/2026 4:02:59 PM,Order,Order='deac2e4fe1d9497da40e4eeeebfbcb81/Sim102' Name='Entry' New state='Submitted' Instrument='MES SEP26' Action='Buy' Limit price=0 Stop price=0 Quantity=10 Type='Market' Time in force=GTC Oco='' Filled=0 Fill price=0 Error='No error' Native error='',
8/3/2026 4:02:59 PM,Order,Static SuperDOM submitting order with strategy 'MES $200 SL4 - 2' (Ticks),
8/3/2026 4:02:59 PM,Order,Order='3aa5294678b14f378e52dea2c9869053/Sim101' Name='Target1' New state='Accepted' Instrument='MES SEP26' Action='Sell' Limit price=7637.25 Stop price=0 Quantity=10 Type='Limit' Time in force=GTC Oco='cb06be1f1b5e40799eaff096721dfba2' Filled=0 Fill price=0 Error='No error' Native error='',
8/3/2026 4:02:59 PM,Order,Order='3aa5294678b14f378e52dea2c9869053/Sim101' Name='Target1' New state='Working' Instrument='MES SEP26' Action='Sell' Limit price=7637.25 Stop price=0 Quantity=10 Type='Limit' Time in force=GTC Oco='cb06be1f1b5e40799eaff096721dfba2' Filled=0 Fill price=0 Error='No error' Native error='',
8/3/2026 4:02:59 PM,Order,Order='67573864d0ff457aa952f00f13cf3f77/Sim101' Name='Stop1' New state='Accepted' Instrument='MES SEP26' Action='Sell' Limit price=0 Stop price=7631.25 Quantity=10 Type='Stop Market' Time in force=GTC Oco='cb06be1f1b5e40799eaff096721dfba2' Filled=0 Fill price=0 Error='No error' Native error='',
8/3/2026 4:02:59 PM,Order,Order='3aa5294678b14f378e52dea2c9869053/Sim101' Name='Target1' New state='Submitted' Instrument='MES SEP26' Action='Sell' Limit price=7637.25 Stop price=0 Quantity=10 Type='Limit' Time in force=GTC Oco='cb06be1f1b5e40799eaff096721dfba2' Filled=0 Fill price=0 Error='No error' Native error='',
8/3/2026 4:02:59 PM,Order,Order='67573864d0ff457aa952f00f13cf3f77/Sim101' Name='Stop1' New state='Submitted' Instrument='MES SEP26' Action='Sell' Limit price=0 Stop price=7631.25 Quantity=10 Type='Stop Market' Time in force=GTC Oco='cb06be1f1b5e40799eaff096721dfba2' Filled=0 Fill price=0 Error='No error' Native error='',
8/3/2026 4:02:59 PM,Execution,Execution='2051aaebbb6b44bbb7954422b9bf8d1f' Instrument='MES SEP26' Account='Sim101' Exchange=Default Price=7635.5 Quantity=1 Market position=Long Operation=Operation_Add Order='5a4bfc49090349cb81ecc6369c634204' Time='8/3/2026 4:02 PM',
8/3/2026 4:02:59 PM,Position,Instrument='MES SEP26' Account='Sim101' Average price=7635.275 Quantity=10 Market position=Long Operation=Update,
8/3/2026 4:02:59 PM,Order,Order='5a4bfc49090349cb81ecc6369c634204/Sim101' Name='Entry' New state='Filled' Instrument='MES SEP26' Action='Buy' Limit price=0 Stop price=0 Quantity=10 Type='Market' Time in force=GTC Oco='' Filled=10 Fill price=7635.275 Error='No error' Native error='',
8/3/2026 4:02:59 PM,Order,Order='5a4bfc49090349cb81ecc6369c634204/Sim101' Name='Entry' New state='Partially filled' Instrument='MES SEP26' Action='Buy' Limit price=0 Stop price=0 Quantity=10 Type='Market' Time in force=GTC Oco='' Filled=9 Fill price=7635.25 Error='No error' Native error='',
8/3/2026 4:02:59 PM,Execution,Execution='b498a7e397a84d3695beb64c0fc783c8' Instrument='MES SEP26' Account='Sim101' Exchange=Default Price=7635.25 Quantity=9 Market position=Long Operation=Operation_Add Order='5a4bfc49090349cb81ecc6369c634204' Time='8/3/2026 4:02 PM',
8/3/2026 4:02:59 PM,Position,Instrument='MES SEP26' Account='Sim101' Average price=7635.25 Quantity=9 Market position=Long Operation=Operation_Add,
8/3/2026 4:02:59 PM,Order,Order='5a4bfc49090349cb81ecc6369c634204/Sim101' Name='Entry' New state='Working' Instrument='MES SEP26' Action='Buy' Limit price=0 Stop price=0 Quantity=10 Type='Market' Time in force=GTC Oco='' Filled=0 Fill price=0 Error='No error' Native error='',
8/3/2026 4:02:59 PM,Order,Order='5a4bfc49090349cb81ecc6369c634204/Sim101' Name='Entry' New state='Accepted' Instrument='MES SEP26' Action='Buy' Limit price=0 Stop price=0 Quantity=10 Type='Market' Time in force=GTC Oco='' Filled=0 Fill price=0 Error='No error' Native error='',
8/3/2026 4:02:58 PM,Order,Order='5a4bfc49090349cb81ecc6369c634204/Sim101' Name='Entry' New state='Submitted' Instrument='MES SEP26' Action='Buy' Limit price=0 Stop price=0 Quantity=10 Type='Market' Time in force=GTC Oco='' Filled=0 Fill price=0 Error='No error' Native error='',
8/3/2026 4:02:58 PM,Order,Static SuperDOM submitting order with strategy 'MES $200 SL4 - 1' (Ticks),
8/3/2026 4:02:56 PM,Default,Chart Trader close position,
8/3/2026 4:02:56 PM,Default,Cancel all orders account='Sim101',
8/3/2026 4:02:54 PM,Order,Order='2f99e5a0cb2c49a08b65e68d6c545b2b/Sim101' Name='Stop1' New state='Cancelled' Instrument='MES SEP26' Action='Buy to cover' Limit price=0 Stop price=7639 Quantity=10 Type='Stop Market' Time in force=GTC Oco='cb59d0ca3d654cdb9f7628183e48394c' Filled=0 Fill price=0 Error='No error' Native error='',
8/3/2026 4:02:54 PM,Order,Order='05b3d4e654e74ccfb22821ae823df02d/Sim101' Name='Target1' New state='Cancelled' Instrument='MES SEP26' Action='Buy to cover' Limit price=7633 Stop price=0 Quantity=10 Type='Limit' Time in force=GTC Oco='cb59d0ca3d654cdb9f7628183e48394c' Filled=0 Fill price=0 Error='No error' Native error='',
8/3/2026 4:02:54 PM,Order,Order='b1b86610f71344b08c9203b28eebf025/Sim101' Name='PTT-BE-Stop-1' New state='Cancelled' Instrument='MES SEP26' Action='Sell' Limit price=0 Stop price=7634.75 Quantity=10 Type='Stop Market' Time in force=GTC Oco='PTT-BEG-00003-2-0-0' Filled=0 Fill price=0 Error='No error' Native error='',
8/3/2026 4:02:54 PM,Order,Order='7c18353f22f844198ce59faf43161b59/Sim101' Name='PTT-BE-Target-1' New state='Cancelled' Instrument='MES SEP26' Action='Sell' Limit price=7637 Stop price=0 Quantity=10 Type='Limit' Time in force=GTC Oco='PTT-BEG-00003-2-0-0' Filled=0 Fill price=0 Error='No error' Native error='',
8/3/2026 4:02:54 PM,Order,Order='05b3d4e654e74ccfb22821ae823df02d/Sim101' Name='Target1' New state='Cancel submitted' Instrument='MES SEP26' Action='Buy to cover' Limit price=7633 Stop price=0 Quantity=10 Type='Limit' Time in force=GTC Oco='cb59d0ca3d654cdb9f7628183e48394c' Filled=0 Fill price=0 Error='No error' Native error='',
8/3/2026 4:02:54 PM,Order,Order='b1b86610f71344b08c9203b28eebf025/Sim101' Name='PTT-BE-Stop-1' New state='Cancel submitted' Instrument='MES SEP26' Action='Sell' Limit price=0 Stop price=7634.75 Quantity=10 Type='Stop Market' Time in force=GTC Oco='PTT-BEG-00003-2-0-0' Filled=0 Fill price=0 Error='No error' Native error='',
8/3/2026 4:02:54 PM,Order,Order='2f99e5a0cb2c49a08b65e68d6c545b2b/Sim101' Name='Stop1' New state='Cancel submitted' Instrument='MES SEP26' Action='Buy to cover' Limit price=0 Stop price=7639 Quantity=10 Type='Stop Market' Time in force=GTC Oco='cb59d0ca3d654cdb9f7628183e48394c' Filled=0 Fill price=0 Error='No error' Native error='',
8/3/2026 4:02:54 PM,Default,Cancel all orders account='Sim101',
8/3/2026 4:02:54 PM,Order,Order='7c18353f22f844198ce59faf43161b59/Sim101' Name='PTT-BE-Target-1' New state='Cancel submitted' Instrument='MES SEP26' Action='Sell' Limit price=7637 Stop price=0 Quantity=10 Type='Limit' Time in force=GTC Oco='PTT-BEG-00003-2-0-0' Filled=0 Fill price=0 Error='No error' Native error='',
8/3/2026 4:02:54 PM,Default,SuperDOM close position,
8/3/2026 4:02:54 PM,Position,Instrument='MES SEP26' Account='Sim102' Average price=0 Quantity=0 Market position=Flat Operation=Remove,
8/3/2026 4:02:54 PM,Execution,Execution='6a4d6e51e8074fd1818a00c5b3ddb4d9' Instrument='MES SEP26' Account='Sim102' Exchange=Default Price=7635 Quantity=10 Market position=Short Operation=Operation_Add Order='e1868dea4cc7442abd246bf7c055d68c' Time='8/3/2026 4:02 PM',
8/3/2026 4:02:54 PM,Order,Order='e1868dea4cc7442abd246bf7c055d68c/Sim102' Name='Close' New state='Filled' Instrument='MES SEP26' Action='Sell' Limit price=0 Stop price=0 Quantity=10 Type='Market' Time in force=DAY Oco='' Filled=10 Fill price=7635 Error='No error' Native error='',
8/3/2026 4:02:53 PM,Order,Order='e1868dea4cc7442abd246bf7c055d68c/Sim102' Name='Close' New state='Accepted' Instrument='MES SEP26' Action='Sell' Limit price=0 Stop price=0 Quantity=10 Type='Market' Time in force=DAY Oco='' Filled=0 Fill price=0 Error='No error' Native error='',
8/3/2026 4:02:53 PM,Order,Order='e1868dea4cc7442abd246bf7c055d68c/Sim102' Name='Close' New state='Working' Instrument='MES SEP26' Action='Sell' Limit price=0 Stop price=0 Quantity=10 Type='Market' Time in force=DAY Oco='' Filled=0 Fill price=0 Error='No error' Native error='',
8/3/2026 4:02:53 PM,Order,Order='e1868dea4cc7442abd246bf7c055d68c/Sim102' Name='Close' New state='Submitted' Instrument='MES SEP26' Action='Sell' Limit price=0 Stop price=0 Quantity=10 Type='Market' Time in force=DAY Oco='' Filled=0 Fill price=0 Error='No error' Native error='',
8/3/2026 4:02:53 PM,Order,Order='1870b13551cc4f988b28b37ef41f2b03/Sim102' Name='PTT-BE-Target-1' New state='Cancelled' Instrument='MES SEP26' Action='Sell' Limit price=7637 Stop price=0 Quantity=10 Type='Limit' Time in force=GTC Oco='PTT-BEG-00003-21-0-0' Filled=0 Fill price=0 Error='No error' Native error='',
8/3/2026 4:02:53 PM,Order,Order='94d1e34925ed4d828b4b66fa8451da41/Sim102' Name='PTT-BE-Stop-1' New state='Cancelled' Instrument='MES SEP26' Action='Sell' Limit price=0 Stop price=7634.25 Quantity=10 Type='Stop Market' Time in force=GTC Oco='PTT-BEG-00003-21-0-0' Filled=0 Fill price=0 Error='No error' Native error='',
8/3/2026 4:02:53 PM,Order,Order='94d1e34925ed4d828b4b66fa8451da41/Sim102' Name='PTT-BE-Stop-1' New state='Cancel submitted' Instrument='MES SEP26' Action='Sell' Limit price=0 Stop price=7634.25 Quantity=10 Type='Stop Market' Time in force=GTC Oco='PTT-BEG-00003-21-0-0' Filled=0 Fill price=0 Error='No error' Native error='',
8/3/2026 4:02:53 PM,Default,SuperDOM close position,
8/3/2026 4:02:53 PM,Order,Order='1870b13551cc4f988b28b37ef41f2b03/Sim102' Name='PTT-BE-Target-1' New state='Cancel submitted' Instrument='MES SEP26' Action='Sell' Limit price=7637 Stop price=0 Quantity=10 Type='Limit' Time in force=GTC Oco='PTT-BEG-00003-21-0-0' Filled=0 Fill price=0 Error='No error' Native error='',
8/3/2026 4:02:50 PM,Order,Order='b1b86610f71344b08c9203b28eebf025/Sim101' Name='PTT-BE-Stop-1' New state='Accepted' Instrument='MES SEP26' Action='Sell' Limit price=0 Stop price=7634.75 Quantity=10 Type='Stop Market' Time in force=GTC Oco='PTT-BEG-00003-2-0-0' Filled=0 Fill price=0 Error='No error' Native error='',
8/3/2026 4:02:50 PM,Order,Order='b1b86610f71344b08c9203b28eebf025/Sim101' Name='PTT-BE-Stop-1' New state='Change submitted' Instrument='MES SEP26' Action='Sell' Limit price=0 Stop price=7634.75 Quantity=10 Type='Stop Market' Time in force=GTC Oco='PTT-BEG-00003-2-0-0' Filled=0 Fill price=0 Error='No error' Native error='',
8/3/2026 4:02:50 PM,Order,Order='05b3d4e654e74ccfb22821ae823df02d/Sim101' Name='Target1' New state='Accepted' Instrument='MES SEP26' Action='Buy to cover' Limit price=7633 Stop price=0 Quantity=10 Type='Limit' Time in force=GTC Oco='cb59d0ca3d654cdb9f7628183e48394c' Filled=0 Fill price=0 Error='No error' Native error='',
8/3/2026 4:02:50 PM,Order,Order='2f99e5a0cb2c49a08b65e68d6c545b2b/Sim101' Name='Stop1' New state='Accepted' Instrument='MES SEP26' Action='Buy to cover' Limit price=0 Stop price=7639 Quantity=10 Type='Stop Market' Time in force=GTC Oco='cb59d0ca3d654cdb9f7628183e48394c' Filled=0 Fill price=0 Error='No error' Native error='',
8/3/2026 4:02:50 PM,Order,Order='05b3d4e654e74ccfb22821ae823df02d/Sim101' Name='Target1' New state='Working' Instrument='MES SEP26' Action='Buy to cover' Limit price=7633 Stop price=0 Quantity=10 Type='Limit' Time in force=GTC Oco='cb59d0ca3d654cdb9f7628183e48394c' Filled=0 Fill price=0 Error='No error' Native error='',
8/3/2026 4:02:50 PM,Position,Instrument='MES SEP26' Account='Sim101' Average price=0 Quantity=0 Market position=Flat Operation=Remove,
8/3/2026 4:02:50 PM,Order,Order='05b3d4e654e74ccfb22821ae823df02d/Sim101' Name='Target1' New state='Submitted' Instrument='MES SEP26' Action='Buy to cover' Limit price=7633 Stop price=0 Quantity=10 Type='Limit' Time in force=GTC Oco='cb59d0ca3d654cdb9f7628183e48394c' Filled=0 Fill price=0 Error='No error' Native error='',
8/3/2026 4:02:50 PM,Order,Order='2f99e5a0cb2c49a08b65e68d6c545b2b/Sim101' Name='Stop1' New state='Submitted' Instrument='MES SEP26' Action='Buy to cover' Limit price=0 Stop price=7639 Quantity=10 Type='Stop Market' Time in force=GTC Oco='cb59d0ca3d654cdb9f7628183e48394c' Filled=0 Fill price=0 Error='No error' Native error='',
8/3/2026 4:02:50 PM,Execution,Execution='19ff2f0be334465d904914c88d464a9f' Instrument='MES SEP26' Account='Sim101' Exchange=Default Price=7635 Quantity=10 Market position=Short Operation=Operation_Add Order='33b52b081b0d4b57a4d6c4f4c9c11c99' Time='8/3/2026 4:02 PM',
8/3/2026 4:02:50 PM,Order,Order='33b52b081b0d4b57a4d6c4f4c9c11c99/Sim101' Name='Entry' New state='Filled' Instrument='MES SEP26' Action='Sell' Limit price=0 Stop price=0 Quantity=10 Type='Market' Time in force=GTC Oco='' Filled=10 Fill price=7635 Error='No error' Native error='',
8/3/2026 4:02:50 PM,Order,Order='33b52b081b0d4b57a4d6c4f4c9c11c99/Sim101' Name='Entry' New state='Accepted' Instrument='MES SEP26' Action='Sell' Limit price=0 Stop price=0 Quantity=10 Type='Market' Time in force=GTC Oco='' Filled=0 Fill price=0 Error='No error' Native error='',
8/3/2026 4:02:50 PM,Order,Order='33b52b081b0d4b57a4d6c4f4c9c11c99/Sim101' Name='Entry' New state='Working' Instrument='MES SEP26' Action='Sell' Limit price=0 Stop price=0 Quantity=10 Type='Market' Time in force=GTC Oco='' Filled=0 Fill price=0 Error='No error' Native error='',
8/3/2026 4:02:50 PM,Order,Order='33b52b081b0d4b57a4d6c4f4c9c11c99/Sim101' Name='Entry' New state='Submitted' Instrument='MES SEP26' Action='Sell' Limit price=0 Stop price=0 Quantity=10 Type='Market' Time in force=GTC Oco='' Filled=0 Fill price=0 Error='No error' Native error='',
8/3/2026 4:02:50 PM,Order,Static SuperDOM submitting order with strategy 'MES $200 SL4 - 1' (Ticks),
8/3/2026 4:02:48 PM,Order,Order='94d1e34925ed4d828b4b66fa8451da41/Sim102' Name='PTT-BE-Stop-1' New state='Accepted' Instrument='MES SEP26' Action='Sell' Limit price=0 Stop price=7634.25 Quantity=10 Type='Stop Market' Time in force=GTC Oco='PTT-BEG-00003-21-0-0' Filled=0 Fill price=0 Error='No error' Native error='',
8/3/2026 4:02:48 PM,Order,Order='94d1e34925ed4d828b4b66fa8451da41/Sim102' Name='PTT-BE-Stop-1' New state='Change submitted' Instrument='MES SEP26' Action='Sell' Limit price=0 Stop price=7634.25 Quantity=10 Type='Stop Market' Time in force=GTC Oco='PTT-BEG-00003-21-0-0' Filled=0 Fill price=0 Error='No error' Native error='',
8/3/2026 4:02:38 PM,Order,Order='1870b13551cc4f988b28b37ef41f2b03/Sim102' Name='PTT-BE-Target-1' New state='Accepted' Instrument='MES SEP26' Action='Sell' Limit price=7637 Stop price=0 Quantity=10 Type='Limit' Time in force=GTC Oco='PTT-BEG-00003-21-0-0' Filled=0 Fill price=0 Error='No error' Native error='',
8/3/2026 4:02:38 PM,Order,Order='1870b13551cc4f988b28b37ef41f2b03/Sim102' Name='PTT-BE-Target-1' New state='Working' Instrument='MES SEP26' Action='Sell' Limit price=7637 Stop price=0 Quantity=10 Type='Limit' Time in force=GTC Oco='PTT-BEG-00003-21-0-0' Filled=0 Fill price=0 Error='No error' Native error='',
8/3/2026 4:02:38 PM,Order,Order='94d1e34925ed4d828b4b66fa8451da41/Sim102' Name='PTT-BE-Stop-1' New state='Accepted' Instrument='MES SEP26' Action='Sell' Limit price=0 Stop price=7635 Quantity=10 Type='Stop Market' Time in force=GTC Oco='PTT-BEG-00003-21-0-0' Filled=0 Fill price=0 Error='No error' Native error='',
8/3/2026 4:02:38 PM,Order,Order='7c18353f22f844198ce59faf43161b59/Sim101' Name='PTT-BE-Target-1' New state='Working' Instrument='MES SEP26' Action='Sell' Limit price=7637 Stop price=0 Quantity=10 Type='Limit' Time in force=GTC Oco='PTT-BEG-00003-2-0-0' Filled=0 Fill price=0 Error='No error' Native error='',
8/3/2026 4:02:38 PM,Order,Order='7c18353f22f844198ce59faf43161b59/Sim101' Name='PTT-BE-Target-1' New state='Accepted' Instrument='MES SEP26' Action='Sell' Limit price=7637 Stop price=0 Quantity=10 Type='Limit' Time in force=GTC Oco='PTT-BEG-00003-2-0-0' Filled=0 Fill price=0 Error='No error' Native error='',
8/3/2026 4:02:38 PM,Order,Order='0eafda2fb1ce4683ba3e906cccafb18e/Sim102' Name='Stop1' New state='Cancelled' Instrument='MES SEP26' Action='Sell' Limit price=0 Stop price=7631 Quantity=10 Type='Stop Market' Time in force=GTC Oco='d468b5a55b2c4f1a9a6c665537434366' Filled=0 Fill price=0 Error='No error' Native error='',
8/3/2026 4:02:38 PM,Order,Order='dfa837db08ab47c093c336577537d4ba/Sim102' Name='Target1' New state='Cancelled' Instrument='MES SEP26' Action='Sell' Limit price=7637 Stop price=0 Quantity=10 Type='Limit' Time in force=GTC Oco='d468b5a55b2c4f1a9a6c665537434366' Filled=0 Fill price=0 Error='No error' Native error='',
8/3/2026 4:02:38 PM,Order,Order='b1b86610f71344b08c9203b28eebf025/Sim101' Name='PTT-BE-Stop-1' New state='Accepted' Instrument='MES SEP26' Action='Sell' Limit price=0 Stop price=7635 Quantity=10 Type='Stop Market' Time in force=GTC Oco='PTT-BEG-00003-2-0-0' Filled=0 Fill price=0 Error='No error' Native error='',
8/3/2026 4:02:38 PM,Order,Order='ce4b6d22d51e4c3bb335589fe3bbf563/Sim101' Name='Stop1' New state='Cancelled' Instrument='MES SEP26' Action='Sell' Limit price=0 Stop price=7631 Quantity=10 Type='Stop Market' Time in force=GTC Oco='9e9baf78a29240efbbeb2ea6aaac745d' Filled=0 Fill price=0 Error='No error' Native error='',
8/3/2026 4:02:38 PM,Order,Order='bc5c81a1042f438abedd815df563b626/Sim101' Name='Target1' New state='Cancelled' Instrument='MES SEP26' Action='Sell' Limit price=7637 Stop price=0 Quantity=10 Type='Limit' Time in force=GTC Oco='9e9baf78a29240efbbeb2ea6aaac745d' Filled=0 Fill price=0 Error='No error' Native error='',
8/3/2026 4:02:38 PM,Order,Order='1870b13551cc4f988b28b37ef41f2b03/Sim102' Name='PTT-BE-Target-1' New state='Submitted' Instrument='MES SEP26' Action='Sell' Limit price=7637 Stop price=0 Quantity=10 Type='Limit' Time in force=GTC Oco='PTT-BEG-00003-21-0-0' Filled=0 Fill price=0 Error='No error' Native error='',
8/3/2026 4:02:38 PM,Order,Order='94d1e34925ed4d828b4b66fa8451da41/Sim102' Name='PTT-BE-Stop-1' New state='Submitted' Instrument='MES SEP26' Action='Sell' Limit price=0 Stop price=7635 Quantity=10 Type='Stop Market' Time in force=GTC Oco='PTT-BEG-00003-21-0-0' Filled=0 Fill price=0 Error='No error' Native error='',
8/3/2026 4:02:38 PM,Order,Order='dfa837db08ab47c093c336577537d4ba/Sim102' Name='Target1' New state='Cancel submitted' Instrument='MES SEP26' Action='Sell' Limit price=7637 Stop price=0 Quantity=10 Type='Limit' Time in force=GTC Oco='d468b5a55b2c4f1a9a6c665537434366' Filled=0 Fill price=0 Error='No error' Native error='',
8/3/2026 4:02:38 PM,Order,Order='0eafda2fb1ce4683ba3e906cccafb18e/Sim102' Name='Stop1' New state='Cancel submitted' Instrument='MES SEP26' Action='Sell' Limit price=0 Stop price=7631 Quantity=10 Type='Stop Market' Time in force=GTC Oco='d468b5a55b2c4f1a9a6c665537434366' Filled=0 Fill price=0 Error='No error' Native error='',
8/3/2026 4:02:38 PM,Order,Order='7c18353f22f844198ce59faf43161b59/Sim101' Name='PTT-BE-Target-1' New state='Submitted' Instrument='MES SEP26' Action='Sell' Limit price=7637 Stop price=0 Quantity=10 Type='Limit' Time in force=GTC Oco='PTT-BEG-00003-2-0-0' Filled=0 Fill price=0 Error='No error' Native error='',
8/3/2026 4:02:38 PM,Order,Order='b1b86610f71344b08c9203b28eebf025/Sim101' Name='PTT-BE-Stop-1' New state='Submitted' Instrument='MES SEP26' Action='Sell' Limit price=0 Stop price=7635 Quantity=10 Type='Stop Market' Time in force=GTC Oco='PTT-BEG-00003-2-0-0' Filled=0 Fill price=0 Error='No error' Native error='',
8/3/2026 4:02:38 PM,Order,Order='ce4b6d22d51e4c3bb335589fe3bbf563/Sim101' Name='Stop1' New state='Cancel submitted' Instrument='MES SEP26' Action='Sell' Limit price=0 Stop price=7631 Quantity=10 Type='Stop Market' Time in force=GTC Oco='9e9baf78a29240efbbeb2ea6aaac745d' Filled=0 Fill price=0 Error='No error' Native error='',
8/3/2026 4:02:38 PM,Order,Order='bc5c81a1042f438abedd815df563b626/Sim101' Name='Target1' New state='Cancel submitted' Instrument='MES SEP26' Action='Sell' Limit price=7637 Stop price=0 Quantity=10 Type='Limit' Time in force=GTC Oco='9e9baf78a29240efbbeb2ea6aaac745d' Filled=0 Fill price=0 Error='No error' Native error='',
8/3/2026 4:02:20 PM,Order,Order='bc5c81a1042f438abedd815df563b626/Sim101' Name='Target1' New state='Working' Instrument='MES SEP26' Action='Sell' Limit price=7637 Stop price=0 Quantity=10 Type='Limit' Time in force=GTC Oco='9e9baf78a29240efbbeb2ea6aaac745d' Filled=0 Fill price=0 Error='No error' Native error='',
8/3/2026 4:02:20 PM,Order,Order='ce4b6d22d51e4c3bb335589fe3bbf563/Sim101' Name='Stop1' New state='Accepted' Instrument='MES SEP26' Action='Sell' Limit price=0 Stop price=7631 Quantity=10 Type='Stop Market' Time in force=GTC Oco='9e9baf78a29240efbbeb2ea6aaac745d' Filled=0 Fill price=0 Error='No error' Native error='',
8/3/2026 4:02:20 PM,Order,Order='bc5c81a1042f438abedd815df563b626/Sim101' Name='Target1' New state='Accepted' Instrument='MES SEP26' Action='Sell' Limit price=7637 Stop price=0 Quantity=10 Type='Limit' Time in force=GTC Oco='9e9baf78a29240efbbeb2ea6aaac745d' Filled=0 Fill price=0 Error='No error' Native error='',
8/3/2026 4:02:20 PM,Order,Order='bc5c81a1042f438abedd815df563b626/Sim101' Name='Target1' New state='Submitted' Instrument='MES SEP26' Action='Sell' Limit price=7637 Stop price=0 Quantity=10 Type='Limit' Time in force=GTC Oco='9e9baf78a29240efbbeb2ea6aaac745d' Filled=0 Fill price=0 Error='No error' Native error='',
8/3/2026 4:02:20 PM,Order,Order='ce4b6d22d51e4c3bb335589fe3bbf563/Sim101' Name='Stop1' New state='Submitted' Instrument='MES SEP26' Action='Sell' Limit price=0 Stop price=7631 Quantity=10 Type='Stop Market' Time in force=GTC Oco='9e9baf78a29240efbbeb2ea6aaac745d' Filled=0 Fill price=0 Error='No error' Native error='',
8/3/2026 4:02:20 PM,Order,Order='b7ba393768bf4f859f61f28540b9bc69/Sim101' Name='Entry' New state='Filled' Instrument='MES SEP26' Action='Buy' Limit price=0 Stop price=0 Quantity=10 Type='Market' Time in force=GTC Oco='' Filled=10 Fill price=7635 Error='No error' Native error='',
8/3/2026 4:02:20 PM,Execution,Execution='98ffe886e8e244c69548e6aacb87d092' Instrument='MES SEP26' Account='Sim101' Exchange=Default Price=7635 Quantity=10 Market position=Long Operation=Operation_Add Order='b7ba393768bf4f859f61f28540b9bc69' Time='8/3/2026 4:02 PM',
8/3/2026 4:02:20 PM,Position,Instrument='MES SEP26' Account='Sim101' Average price=7635 Quantity=10 Market position=Long Operation=Operation_Add,
8/3/2026 4:02:20 PM,Order,Order='b7ba393768bf4f859f61f28540b9bc69/Sim101' Name='Entry' New state='Accepted' Instrument='MES SEP26' Action='Buy' Limit price=0 Stop price=0 Quantity=10 Type='Market' Time in force=GTC Oco='' Filled=0 Fill price=0 Error='No error' Native error='',
8/3/2026 4:02:20 PM,Order,Order='b7ba393768bf4f859f61f28540b9bc69/Sim101' Name='Entry' New state='Working' Instrument='MES SEP26' Action='Buy' Limit price=0 Stop price=0 Quantity=10 Type='Market' Time in force=GTC Oco='' Filled=0 Fill price=0 Error='No error' Native error='',
8/3/2026 4:02:20 PM,Order,Order='b7ba393768bf4f859f61f28540b9bc69/Sim101' Name='Entry' New state='Submitted' Instrument='MES SEP26' Action='Buy' Limit price=0 Stop price=0 Quantity=10 Type='Market' Time in force=GTC Oco='' Filled=0 Fill price=0 Error='No error' Native error='',
8/3/2026 4:02:20 PM,Order,Static SuperDOM submitting order with strategy 'MES $200 SL4 - 2' (Ticks),
8/3/2026 4:02:19 PM,Order,Order='dfa837db08ab47c093c336577537d4ba/Sim102' Name='Target1' New state='Working' Instrument='MES SEP26' Action='Sell' Limit price=7637 Stop price=0 Quantity=10 Type='Limit' Time in force=GTC Oco='d468b5a55b2c4f1a9a6c665537434366' Filled=0 Fill price=0 Error='No error' Native error='',
8/3/2026 4:02:19 PM,Order,Order='dfa837db08ab47c093c336577537d4ba/Sim102' Name='Target1' New state='Accepted' Instrument='MES SEP26' Action='Sell' Limit price=7637 Stop price=0 Quantity=10 Type='Limit' Time in force=GTC Oco='d468b5a55b2c4f1a9a6c665537434366' Filled=0 Fill price=0 Error='No error' Native error='',
8/3/2026 4:02:19 PM,Order,Order='0eafda2fb1ce4683ba3e906cccafb18e/Sim102' Name='Stop1' New state='Accepted' Instrument='MES SEP26' Action='Sell' Limit price=0 Stop price=7631 Quantity=10 Type='Stop Market' Time in force=GTC Oco='d468b5a55b2c4f1a9a6c665537434366' Filled=0 Fill price=0 Error='No error' Native error='',
8/3/2026 4:02:19 PM,Order,Order='dfa837db08ab47c093c336577537d4ba/Sim102' Name='Target1' New state='Submitted' Instrument='MES SEP26' Action='Sell' Limit price=7637 Stop price=0 Quantity=10 Type='Limit' Time in force=GTC Oco='d468b5a55b2c4f1a9a6c665537434366' Filled=0 Fill price=0 Error='No error' Native error='',
8/3/2026 4:02:19 PM,Position,Instrument='MES SEP26' Account='Sim102' Average price=7635 Quantity=10 Market position=Long Operation=Operation_Add,
8/3/2026 4:02:19 PM,Order,Order='0eafda2fb1ce4683ba3e906cccafb18e/Sim102' Name='Stop1' New state='Submitted' Instrument='MES SEP26' Action='Sell' Limit price=0 Stop price=7631 Quantity=10 Type='Stop Market' Time in force=GTC Oco='d468b5a55b2c4f1a9a6c665537434366' Filled=0 Fill price=0 Error='No error' Native error='',
8/3/2026 4:02:19 PM,Execution,Execution='8f45fbb604a5467096d3090d48b433b7' Instrument='MES SEP26' Account='Sim102' Exchange=Default Price=7635 Quantity=10 Market position=Long Operation=Operation_Add Order='e8c1570470ad494d98e5d2fa08ca525f' Time='8/3/2026 4:02 PM',
8/3/2026 4:02:19 PM,Order,Order='e8c1570470ad494d98e5d2fa08ca525f/Sim102' Name='Entry' New state='Filled' Instrument='MES SEP26' Action='Buy' Limit price=0 Stop price=0 Quantity=10 Type='Market' Time in force=GTC Oco='' Filled=10 Fill price=7635 Error='No error' Native error='',
8/3/2026 4:02:19 PM,Order,Order='e8c1570470ad494d98e5d2fa08ca525f/Sim102' Name='Entry' New state='Accepted' Instrument='MES SEP26' Action='Buy' Limit price=0 Stop price=0 Quantity=10 Type='Market' Time in force=GTC Oco='' Filled=0 Fill price=0 Error='No error' Native error='',
8/3/2026 4:02:19 PM,Order,Order='e8c1570470ad494d98e5d2fa08ca525f/Sim102' Name='Entry' New state='Working' Instrument='MES SEP26' Action='Buy' Limit price=0 Stop price=0 Quantity=10 Type='Market' Time in force=GTC Oco='' Filled=0 Fill price=0 Error='No error' Native error='',
8/3/2026 4:02:19 PM,Order,Order='e8c1570470ad494d98e5d2fa08ca525f/Sim102' Name='Entry' New state='Submitted' Instrument='MES SEP26' Action='Buy' Limit price=0 Stop price=0 Quantity=10 Type='Market' Time in force=GTC Oco='' Filled=0 Fill price=0 Error='No error' Native error='',
8/3/2026 4:02:19 PM,Order,Static SuperDOM submitting order with strategy 'MES $200 SL4 - 1' (Ticks),
8/3/2026 4:02:17 PM,Position,Instrument='MES SEP26' Account='Sim102' Average price=0 Quantity=0 Market position=Flat Operation=Remove,
8/3/2026 4:02:17 PM,Execution,Execution='1823790cada14637966d12f560e1b0d3' Instrument='MES SEP26' Account='Sim102' Exchange=Default Price=7634.25 Quantity=6 Market position=Short Operation=Operation_Add Order='c558d61ed6ec41fda35c02e9b4a8f4da' Time='8/3/2026 4:02 PM',
8/3/2026 4:02:17 PM,Order,Order='c558d61ed6ec41fda35c02e9b4a8f4da/Sim102' Name='Close' New state='Filled' Instrument='MES SEP26' Action='Sell' Limit price=0 Stop price=0 Quantity=20 Type='Market' Time in force=DAY Oco='' Filled=20 Fill price=7634.425 Error='No error' Native error='',
8/3/2026 4:02:17 PM,Position,Instrument='MES SEP26' Account='Sim102' Average price=7634.75 Quantity=6 Market position=Long Operation=Update,
8/3/2026 4:02:17 PM,Execution,Execution='da48c01307ad4a58b25782f0188b8e37' Instrument='MES SEP26' Account='Sim102' Exchange=Default Price=7634.5 Quantity=14 Market position=Short Operation=Operation_Add Order='c558d61ed6ec41fda35c02e9b4a8f4da' Time='8/3/2026 4:02 PM',
8/3/2026 4:02:17 PM,Order,Order='c558d61ed6ec41fda35c02e9b4a8f4da/Sim102' Name='Close' New state='Partially filled' Instrument='MES SEP26' Action='Sell' Limit price=0 Stop price=0 Quantity=20 Type='Market' Time in force=DAY Oco='' Filled=14 Fill price=7634.5 Error='No error' Native error='',
8/3/2026 4:02:17 PM,Order,Order='c558d61ed6ec41fda35c02e9b4a8f4da/Sim102' Name='Close' New state='Accepted' Instrument='MES SEP26' Action='Sell' Limit price=0 Stop price=0 Quantity=20 Type='Market' Time in force=DAY Oco='' Filled=0 Fill price=0 Error='No error' Native error='',
8/3/2026 4:02:17 PM,Order,Order='c558d61ed6ec41fda35c02e9b4a8f4da/Sim102' Name='Close' New state='Working' Instrument='MES SEP26' Action='Sell' Limit price=0 Stop price=0 Quantity=20 Type='Market' Time in force=DAY Oco='' Filled=0 Fill price=0 Error='No error' Native error='',
8/3/2026 4:02:17 PM,Order,Order='c558d61ed6ec41fda35c02e9b4a8f4da/Sim102' Name='Close' New state='Submitted' Instrument='MES SEP26' Action='Sell' Limit price=0 Stop price=0 Quantity=20 Type='Market' Time in force=DAY Oco='' Filled=0 Fill price=0 Error='No error' Native error='',
8/3/2026 4:02:17 PM,Order,Order='26568eb734944825a46a434ad23becf5/Sim102' Name='Target1' New state='Cancelled' Instrument='MES SEP26' Action='Sell' Limit price=7636.75 Stop price=0 Quantity=10 Type='Limit' Time in force=GTC Oco='b3ebc536cc0542fd8cf9ad3606f925df' Filled=0 Fill price=0 Error='No error' Native error='',
8/3/2026 4:02:17 PM,Order,Order='3b63b9ac6388461683e8687b2dca1df3/Sim102' Name='Stop1' New state='Cancelled' Instrument='MES SEP26' Action='Sell' Limit price=0 Stop price=7631.75 Quantity=10 Type='Stop Market' Time in force=GTC Oco='1991903d11fd4959a62008018aa38c27' Filled=0 Fill price=0 Error='No error' Native error='',
8/3/2026 4:02:17 PM,Order,Order='49fc62b428574fc2b3f83c7809fdcf9d/Sim102' Name='Stop1' New state='Cancelled' Instrument='MES SEP26' Action='Sell' Limit price=0 Stop price=7630.75 Quantity=10 Type='Stop Market' Time in force=GTC Oco='b3ebc536cc0542fd8cf9ad3606f925df' Filled=0 Fill price=0 Error='No error' Native error='',
8/3/2026 4:02:17 PM,Order,Order='8bfa6e5427ed4e8d8a865f1b8be2f4d2/Sim102' Name='Target1' New state='Cancelled' Instrument='MES SEP26' Action='Sell' Limit price=7637.75 Stop price=0 Quantity=10 Type='Limit' Time in force=GTC Oco='1991903d11fd4959a62008018aa38c27' Filled=0 Fill price=0 Error='No error' Native error='',
8/3/2026 4:02:17 PM,Order,Order='49fc62b428574fc2b3f83c7809fdcf9d/Sim102' Name='Stop1' New state='Cancel submitted' Instrument='MES SEP26' Action='Sell' Limit price=0 Stop price=7630.75 Quantity=10 Type='Stop Market' Time in force=GTC Oco='b3ebc536cc0542fd8cf9ad3606f925df' Filled=0 Fill price=0 Error='No error' Native error='',
8/3/2026 4:02:17 PM,Order,Order='26568eb734944825a46a434ad23becf5/Sim102' Name='Target1' New state='Cancel submitted' Instrument='MES SEP26' Action='Sell' Limit price=7636.75 Stop price=0 Quantity=10 Type='Limit' Time in force=GTC Oco='b3ebc536cc0542fd8cf9ad3606f925df' Filled=0 Fill price=0 Error='No error' Native error='',
8/3/2026 4:02:17 PM,Order,Order='3b63b9ac6388461683e8687b2dca1df3/Sim102' Name='Stop1' New state='Cancel submitted' Instrument='MES SEP26' Action='Sell' Limit price=0 Stop price=7631.75 Quantity=10 Type='Stop Market' Time in force=GTC Oco='1991903d11fd4959a62008018aa38c27' Filled=0 Fill price=0 Error='No error' Native error='',
8/3/2026 4:02:17 PM,Default,SuperDOM close position,
8/3/2026 4:02:17 PM,Order,Order='8bfa6e5427ed4e8d8a865f1b8be2f4d2/Sim102' Name='Target1' New state='Cancel submitted' Instrument='MES SEP26' Action='Sell' Limit price=7637.75 Stop price=0 Quantity=10 Type='Limit' Time in force=GTC Oco='1991903d11fd4959a62008018aa38c27' Filled=0 Fill price=0 Error='No error' Native error='',
8/3/2026 4:02:15 PM,Default,Chart Trader close position,
8/3/2026 4:02:15 PM,Default,Cancel all orders account='Sim101',
8/3/2026 4:02:12 PM,Order,Order='b0e7cc972c6f4da7b989e85ede251119/Sim101' Name='PTT-BE-Target-1' New state='Cancelled' Instrument='MES SEP26' Action='Sell' Limit price=7636.75 Stop price=0 Quantity=1 Type='Limit' Time in force=GTC Oco='PTT-BEG-00002-2-0-0' Filled=0 Fill price=0 Error='No error' Native error='',
8/3/2026 4:02:12 PM,Position,Instrument='MES SEP26' Account='Sim101' Average price=0 Quantity=0 Market position=Flat Operation=Remove,
8/3/2026 4:02:12 PM,Order,Order='b0e7cc972c6f4da7b989e85ede251119/Sim101' Name='PTT-BE-Target-1' New state='Cancel submitted' Instrument='MES SEP26' Action='Sell' Limit price=7636.75 Stop price=0 Quantity=1 Type='Limit' Time in force=GTC Oco='PTT-BEG-00002-2-0-0' Filled=0 Fill price=0 Error='No error' Native error='',
8/3/2026 4:02:12 PM,Order,Order='b0e7cc972c6f4da7b989e85ede251119/Sim101' Name='PTT-BE-Target-1' New state='Accepted' Instrument='MES SEP26' Action='Sell' Limit price=7636.75 Stop price=0 Quantity=1 Type='Limit' Time in force=GTC Oco='PTT-BEG-00002-2-0-0' Filled=0 Fill price=0 Error='No error' Native error='',
8/3/2026 4:02:12 PM,Execution,Execution='0e3b296f5ce748b1b2a9f9e79c3500ff' Instrument='MES SEP26' Account='Sim101' Exchange=Default Price=7634.25 Quantity=1 Market position=Short Operation=Operation_Add Order='ef296dac40f3445da6beaf5715e261e8' Time='8/3/2026 4:02 PM',
8/3/2026 4:02:12 PM,Order,Order='ef296dac40f3445da6beaf5715e261e8/Sim101' Name='PTT-BE-Stop-1' New state='Filled' Instrument='MES SEP26' Action='Sell' Limit price=0 Stop price=7634.75 Quantity=10 Type='Stop Market' Time in force=GTC Oco='PTT-BEG-00002-2-0-0' Filled=10 Fill price=7634.475 Error='No error' Native error='',
8/3/2026 4:02:12 PM,Position,Instrument='MES SEP26' Account='Sim101' Average price=7634.75 Quantity=1 Market position=Long Operation=Update,
8/3/2026 4:02:12 PM,Order,Order='b0e7cc972c6f4da7b989e85ede251119/Sim101' Name='PTT-BE-Target-1' New state='Change submitted' Instrument='MES SEP26' Action='Sell' Limit price=7636.75 Stop price=0 Quantity=1 Type='Limit' Time in force=GTC Oco='PTT-BEG-00002-2-0-0' Filled=0 Fill price=0 Error='No error' Native error='',
8/3/2026 4:02:12 PM,Execution,Execution='0112946aa2bc47fcac0935ef05f76841' Instrument='MES SEP26' Account='Sim101' Exchange=Default Price=7634.5 Quantity=9 Market position=Short Operation=Operation_Add Order='ef296dac40f3445da6beaf5715e261e8' Time='8/3/2026 4:02 PM',
8/3/2026 4:02:12 PM,Order,Order='ef296dac40f3445da6beaf5715e261e8/Sim101' Name='PTT-BE-Stop-1' New state='Partially filled' Instrument='MES SEP26' Action='Sell' Limit price=0 Stop price=7634.75 Quantity=10 Type='Stop Market' Time in force=GTC Oco='PTT-BEG-00002-2-0-0' Filled=9 Fill price=7634.5 Error='No error' Native error='',
8/3/2026 4:02:12 PM,Order,Order='b0e7cc972c6f4da7b989e85ede251119/Sim101' Name='PTT-BE-Target-1' New state='Working' Instrument='MES SEP26' Action='Sell' Limit price=7636.75 Stop price=0 Quantity=10 Type='Limit' Time in force=GTC Oco='PTT-BEG-00002-2-0-0' Filled=0 Fill price=0 Error='No error' Native error='',
8/3/2026 4:02:12 PM,Order,Order='b0e7cc972c6f4da7b989e85ede251119/Sim101' Name='PTT-BE-Target-1' New state='Accepted' Instrument='MES SEP26' Action='Sell' Limit price=7636.75 Stop price=0 Quantity=10 Type='Limit' Time in force=GTC Oco='PTT-BEG-00002-2-0-0' Filled=0 Fill price=0 Error='No error' Native error='',
8/3/2026 4:02:12 PM,Order,Order='ef296dac40f3445da6beaf5715e261e8/Sim101' Name='PTT-BE-Stop-1' New state='Working' Instrument='MES SEP26' Action='Sell' Limit price=0 Stop price=7634.75 Quantity=10 Type='Stop Market' Time in force=GTC Oco='PTT-BEG-00002-2-0-0' Filled=0 Fill price=0 Error='No error' Native error='',
8/3/2026 4:02:12 PM,Order,Order='ef296dac40f3445da6beaf5715e261e8/Sim101' Name='PTT-BE-Stop-1' New state='Accepted' Instrument='MES SEP26' Action='Sell' Limit price=0 Stop price=7634.75 Quantity=10 Type='Stop Market' Time in force=GTC Oco='PTT-BEG-00002-2-0-0' Filled=0 Fill price=0 Error='No error' Native error='',
8/3/2026 4:02:12 PM,Order,Order='1275a451615143a987f99741935cd1ba/Sim101' Name='Target1' New state='Cancelled' Instrument='MES SEP26' Action='Sell' Limit price=7636.75 Stop price=0 Quantity=10 Type='Limit' Time in force=GTC Oco='22a19a28a93f4d9c968364defe30df3d' Filled=0 Fill price=0 Error='No error' Native error='',
8/3/2026 4:02:12 PM,Order,Order='6591bacb97e144c39dec4a38dd8a5ead/Sim101' Name='Stop1' New state='Cancelled' Instrument='MES SEP26' Action='Sell' Limit price=0 Stop price=7630.75 Quantity=10 Type='Stop Market' Time in force=GTC Oco='22a19a28a93f4d9c968364defe30df3d' Filled=0 Fill price=0 Error='No error' Native error='',
8/3/2026 4:02:12 PM,Order,Order='b0e7cc972c6f4da7b989e85ede251119/Sim101' Name='PTT-BE-Target-1' New state='Submitted' Instrument='MES SEP26' Action='Sell' Limit price=7636.75 Stop price=0 Quantity=10 Type='Limit' Time in force=GTC Oco='PTT-BEG-00002-2-0-0' Filled=0 Fill price=0 Error='No error' Native error='',
8/3/2026 4:02:12 PM,Order,Order='ef296dac40f3445da6beaf5715e261e8/Sim101' Name='PTT-BE-Stop-1' New state='Submitted' Instrument='MES SEP26' Action='Sell' Limit price=0 Stop price=7634.75 Quantity=10 Type='Stop Market' Time in force=GTC Oco='PTT-BEG-00002-2-0-0' Filled=0 Fill price=0 Error='No error' Native error='',
8/3/2026 4:02:12 PM,Order,Order='6591bacb97e144c39dec4a38dd8a5ead/Sim101' Name='Stop1' New state='Cancel submitted' Instrument='MES SEP26' Action='Sell' Limit price=0 Stop price=7630.75 Quantity=10 Type='Stop Market' Time in force=GTC Oco='22a19a28a93f4d9c968364defe30df3d' Filled=0 Fill price=0 Error='No error' Native error='',
8/3/2026 4:02:12 PM,Order,Order='1275a451615143a987f99741935cd1ba/Sim101' Name='Target1' New state='Cancel submitted' Instrument='MES SEP26' Action='Sell' Limit price=7636.75 Stop price=0 Quantity=10 Type='Limit' Time in force=GTC Oco='22a19a28a93f4d9c968364defe30df3d' Filled=0 Fill price=0 Error='No error' Native error='',
8/3/2026 4:01:56 PM,Order,Order='1275a451615143a987f99741935cd1ba/Sim101' Name='Target1' New state='Accepted' Instrument='MES SEP26' Action='Sell' Limit price=7636.75 Stop price=0 Quantity=10 Type='Limit' Time in force=GTC Oco='22a19a28a93f4d9c968364defe30df3d' Filled=0 Fill price=0 Error='No error' Native error='',
8/3/2026 4:01:56 PM,Order,Order='1275a451615143a987f99741935cd1ba/Sim101' Name='Target1' New state='Working' Instrument='MES SEP26' Action='Sell' Limit price=7636.75 Stop price=0 Quantity=10 Type='Limit' Time in force=GTC Oco='22a19a28a93f4d9c968364defe30df3d' Filled=0 Fill price=0 Error='No error' Native error='',
8/3/2026 4:01:56 PM,Order,Order='6591bacb97e144c39dec4a38dd8a5ead/Sim101' Name='Stop1' New state='Accepted' Instrument='MES SEP26' Action='Sell' Limit price=0 Stop price=7630.75 Quantity=10 Type='Stop Market' Time in force=GTC Oco='22a19a28a93f4d9c968364defe30df3d' Filled=0 Fill price=0 Error='No error' Native error='',
8/3/2026 4:01:56 PM,Order,Order='1275a451615143a987f99741935cd1ba/Sim101' Name='Target1' New state='Submitted' Instrument='MES SEP26' Action='Sell' Limit price=7636.75 Stop price=0 Quantity=10 Type='Limit' Time in force=GTC Oco='22a19a28a93f4d9c968364defe30df3d' Filled=0 Fill price=0 Error='No error' Native error='',
8/3/2026 4:01:56 PM,Order,Order='6591bacb97e144c39dec4a38dd8a5ead/Sim101' Name='Stop1' New state='Submitted' Instrument='MES SEP26' Action='Sell' Limit price=0 Stop price=7630.75 Quantity=10 Type='Stop Market' Time in force=GTC Oco='22a19a28a93f4d9c968364defe30df3d' Filled=0 Fill price=0 Error='No error' Native error='',
8/3/2026 4:01:56 PM,Order,Order='872af20bcbf146a6bfefaa1f959bf5e2/Sim101' Name='Entry' New state='Filled' Instrument='MES SEP26' Action='Buy' Limit price=0 Stop price=0 Quantity=10 Type='Market' Time in force=GTC Oco='' Filled=10 Fill price=7634.75 Error='No error' Native error='',
8/3/2026 4:01:56 PM,Execution,Execution='04a4b44262de45a58314dc2af18ed775' Instrument='MES SEP26' Account='Sim101' Exchange=Default Price=7634.75 Quantity=10 Market position=Long Operation=Operation_Add Order='872af20bcbf146a6bfefaa1f959bf5e2' Time='8/3/2026 4:01 PM',
8/3/2026 4:01:56 PM,Position,Instrument='MES SEP26' Account='Sim101' Average price=7634.75 Quantity=10 Market position=Long Operation=Operation_Add,
8/3/2026 4:01:56 PM,Order,Order='872af20bcbf146a6bfefaa1f959bf5e2/Sim101' Name='Entry' New state='Accepted' Instrument='MES SEP26' Action='Buy' Limit price=0 Stop price=0 Quantity=10 Type='Market' Time in force=GTC Oco='' Filled=0 Fill price=0 Error='No error' Native error='',
8/3/2026 4:01:56 PM,Order,Order='872af20bcbf146a6bfefaa1f959bf5e2/Sim101' Name='Entry' New state='Working' Instrument='MES SEP26' Action='Buy' Limit price=0 Stop price=0 Quantity=10 Type='Market' Time in force=GTC Oco='' Filled=0 Fill price=0 Error='No error' Native error='',
8/3/2026 4:01:56 PM,Order,Order='872af20bcbf146a6bfefaa1f959bf5e2/Sim101' Name='Entry' New state='Submitted' Instrument='MES SEP26' Action='Buy' Limit price=0 Stop price=0 Quantity=10 Type='Market' Time in force=GTC Oco='' Filled=0 Fill price=0 Error='No error' Native error='',
8/3/2026 4:01:56 PM,Order,Static SuperDOM submitting order with strategy 'MES $200 SL4 - 3' (Ticks),
8/3/2026 4:01:55 PM,Order,Order='26568eb734944825a46a434ad23becf5/Sim102' Name='Target1' New state='Accepted' Instrument='MES SEP26' Action='Sell' Limit price=7636.75 Stop price=0 Quantity=10 Type='Limit' Time in force=GTC Oco='b3ebc536cc0542fd8cf9ad3606f925df' Filled=0 Fill price=0 Error='No error' Native error='',
8/3/2026 4:01:55 PM,Order,Order='26568eb734944825a46a434ad23becf5/Sim102' Name='Target1' New state='Working' Instrument='MES SEP26' Action='Sell' Limit price=7636.75 Stop price=0 Quantity=10 Type='Limit' Time in force=GTC Oco='b3ebc536cc0542fd8cf9ad3606f925df' Filled=0 Fill price=0 Error='No error' Native error='',
8/3/2026 4:01:55 PM,Order,Order='49fc62b428574fc2b3f83c7809fdcf9d/Sim102' Name='Stop1' New state='Accepted' Instrument='MES SEP26' Action='Sell' Limit price=0 Stop price=7630.75 Quantity=10 Type='Stop Market' Time in force=GTC Oco='b3ebc536cc0542fd8cf9ad3606f925df' Filled=0 Fill price=0 Error='No error' Native error='',
8/3/2026 4:01:55 PM,Order,Order='26568eb734944825a46a434ad23becf5/Sim102' Name='Target1' New state='Submitted' Instrument='MES SEP26' Action='Sell' Limit price=7636.75 Stop price=0 Quantity=10 Type='Limit' Time in force=GTC Oco='b3ebc536cc0542fd8cf9ad3606f925df' Filled=0 Fill price=0 Error='No error' Native error='',
8/3/2026 4:01:55 PM,Position,Instrument='MES SEP26' Account='Sim102' Average price=7635.2875 Quantity=20 Market position=Long Operation=Update,
8/3/2026 4:01:55 PM,Order,Order='49fc62b428574fc2b3f83c7809fdcf9d/Sim102' Name='Stop1' New state='Submitted' Instrument='MES SEP26' Action='Sell' Limit price=0 Stop price=7630.75 Quantity=10 Type='Stop Market' Time in force=GTC Oco='b3ebc536cc0542fd8cf9ad3606f925df' Filled=0 Fill price=0 Error='No error' Native error='',
8/3/2026 4:01:55 PM,Order,Order='96c2dc642cce406ca584d07f25fddb4a/Sim102' Name='Entry' New state='Filled' Instrument='MES SEP26' Action='Buy' Limit price=0 Stop price=0 Quantity=10 Type='Market' Time in force=GTC Oco='' Filled=10 Fill price=7634.75 Error='No error' Native error='',
8/3/2026 4:01:55 PM,Execution,Execution='1ba24e1b9c1a4efd9e21fd39c3d349fb' Instrument='MES SEP26' Account='Sim102' Exchange=Default Price=7634.75 Quantity=10 Market position=Long Operation=Operation_Add Order='96c2dc642cce406ca584d07f25fddb4a' Time='8/3/2026 4:01 PM',
8/3/2026 4:01:55 PM,Order,Order='96c2dc642cce406ca584d07f25fddb4a/Sim102' Name='Entry' New state='Working' Instrument='MES SEP26' Action='Buy' Limit price=0 Stop price=0 Quantity=10 Type='Market' Time in force=GTC Oco='' Filled=0 Fill price=0 Error='No error' Native error='',
8/3/2026 4:01:55 PM,Order,Order='96c2dc642cce406ca584d07f25fddb4a/Sim102' Name='Entry' New state='Accepted' Instrument='MES SEP26' Action='Buy' Limit price=0 Stop price=0 Quantity=10 Type='Market' Time in force=GTC Oco='' Filled=0 Fill price=0 Error='No error' Native error='',
8/3/2026 4:01:55 PM,Order,Order='96c2dc642cce406ca584d07f25fddb4a/Sim102' Name='Entry' New state='Submitted' Instrument='MES SEP26' Action='Buy' Limit price=0 Stop price=0 Quantity=10 Type='Market' Time in force=GTC Oco='' Filled=0 Fill price=0 Error='No error' Native error='',
8/3/2026 4:01:55 PM,Order,Static SuperDOM submitting order with strategy 'MES $200 SL4 - 2' (Ticks),
8/3/2026 4:01:52 PM,Position,Instrument='MES SEP26' Account='Sim101' Average price=0 Quantity=0 Market position=Flat Operation=Remove,
8/3/2026 4:01:52 PM,Order,Order='9b2fcc56aae940028489cda2319cdcea/Sim101' Name='Close' New state='Filled' Instrument='MES SEP26' Action='Sell' Limit price=0 Stop price=0 Quantity=10 Type='Market' Time in force=DAY Oco='' Filled=10 Fill price=7634.5 Error='No error' Native error='',
8/3/2026 4:01:52 PM,Execution,Execution='64235c13ee1b477ca82dbe112c2f3c59' Instrument='MES SEP26' Account='Sim101' Exchange=Default Price=7634.5 Quantity=10 Market position=Short Operation=Operation_Add Order='9b2fcc56aae940028489cda2319cdcea' Time='8/3/2026 4:01 PM',
8/3/2026 4:01:52 PM,Order,Order='9b2fcc56aae940028489cda2319cdcea/Sim101' Name='Close' New state='Accepted' Instrument='MES SEP26' Action='Sell' Limit price=0 Stop price=0 Quantity=10 Type='Market' Time in force=DAY Oco='' Filled=0 Fill price=0 Error='No error' Native error='',
8/3/2026 4:01:52 PM,Order,Order='9b2fcc56aae940028489cda2319cdcea/Sim101' Name='Close' New state='Working' Instrument='MES SEP26' Action='Sell' Limit price=0 Stop price=0 Quantity=10 Type='Market' Time in force=DAY Oco='' Filled=0 Fill price=0 Error='No error' Native error='',
8/3/2026 4:01:52 PM,Order,Order='9b2fcc56aae940028489cda2319cdcea/Sim101' Name='Close' New state='Submitted' Instrument='MES SEP26' Action='Sell' Limit price=0 Stop price=0 Quantity=10 Type='Market' Time in force=DAY Oco='' Filled=0 Fill price=0 Error='No error' Native error='',
8/3/2026 4:01:52 PM,Order,Order='3f6a91789d98488c86731fb1182c848b/Sim101' Name='Target1' New state='Cancelled' Instrument='MES SEP26' Action='Sell' Limit price=7639 Stop price=0 Quantity=10 Type='Limit' Time in force=GTC Oco='a8f69d1fb06c48e99767f2a9a0de634a' Filled=0 Fill price=0 Error='No error' Native error='',
8/3/2026 4:01:52 PM,Order,Order='2c66a6b0b46f4d40be4843dab2dd95ea/Sim101' Name='Stop1' New state='Cancelled' Instrument='MES SEP26' Action='Sell' Limit price=0 Stop price=7631.75 Quantity=10 Type='Stop Market' Time in force=GTC Oco='a8f69d1fb06c48e99767f2a9a0de634a' Filled=0 Fill price=0 Error='No error' Native error='',
8/3/2026 4:01:52 PM,Order,Order='2c66a6b0b46f4d40be4843dab2dd95ea/Sim101' Name='Stop1' New state='Cancel submitted' Instrument='MES SEP26' Action='Sell' Limit price=0 Stop price=7631.75 Quantity=10 Type='Stop Market' Time in force=GTC Oco='a8f69d1fb06c48e99767f2a9a0de634a' Filled=0 Fill price=0 Error='No error' Native error='',
8/3/2026 4:01:52 PM,Order,Order='3f6a91789d98488c86731fb1182c848b/Sim101' Name='Target1' New state='Cancel submitted' Instrument='MES SEP26' Action='Sell' Limit price=7639 Stop price=0 Quantity=10 Type='Limit' Time in force=GTC Oco='a8f69d1fb06c48e99767f2a9a0de634a' Filled=0 Fill price=0 Error='No error' Native error='',
8/3/2026 4:01:52 PM,Default,Chart Trader close position,
8/3/2026 3:56:49 PM,Order,Order='3f6a91789d98488c86731fb1182c848b/Sim101' Name='Target1' New state='Working' Instrument='MES SEP26' Action='Sell' Limit price=7639 Stop price=0 Quantity=10 Type='Limit' Time in force=GTC Oco='a8f69d1fb06c48e99767f2a9a0de634a' Filled=0 Fill price=0 Error='No error' Native error='',
8/3/2026 3:56:49 PM,Order,Order='3f6a91789d98488c86731fb1182c848b/Sim101' Name='Target1' New state='Accepted' Instrument='MES SEP26' Action='Sell' Limit price=7639 Stop price=0 Quantity=10 Type='Limit' Time in force=GTC Oco='a8f69d1fb06c48e99767f2a9a0de634a' Filled=0 Fill price=0 Error='No error' Native error='',
8/3/2026 3:56:48 PM,Order,Order='3f6a91789d98488c86731fb1182c848b/Sim101' Name='Target1' New state='Change submitted' Instrument='MES SEP26' Action='Sell' Limit price=7639 Stop price=0 Quantity=10 Type='Limit' Time in force=GTC Oco='a8f69d1fb06c48e99767f2a9a0de634a' Filled=0 Fill price=0 Error='No error' Native error='',
8/3/2026 3:56:40 PM,Order,Order='3f6a91789d98488c86731fb1182c848b/Sim101' Name='Target1' New state='Accepted' Instrument='MES SEP26' Action='Sell' Limit price=7637.5 Stop price=0 Quantity=10 Type='Limit' Time in force=GTC Oco='a8f69d1fb06c48e99767f2a9a0de634a' Filled=0 Fill price=0 Error='No error' Native error='',
8/3/2026 3:56:40 PM,Order,Order='3f6a91789d98488c86731fb1182c848b/Sim101' Name='Target1' New state='Working' Instrument='MES SEP26' Action='Sell' Limit price=7637.5 Stop price=0 Quantity=10 Type='Limit' Time in force=GTC Oco='a8f69d1fb06c48e99767f2a9a0de634a' Filled=0 Fill price=0 Error='No error' Native error='',
8/3/2026 3:56:40 PM,Order,Order='3f6a91789d98488c86731fb1182c848b/Sim101' Name='Target1' New state='Change submitted' Instrument='MES SEP26' Action='Sell' Limit price=7637.5 Stop price=0 Quantity=10 Type='Limit' Time in force=GTC Oco='a8f69d1fb06c48e99767f2a9a0de634a' Filled=0 Fill price=0 Error='No error' Native error='',
8/3/2026 3:56:20 PM,Order,Order='3f6a91789d98488c86731fb1182c848b/Sim101' Name='Target1' New state='Accepted' Instrument='MES SEP26' Action='Sell' Limit price=7636.25 Stop price=0 Quantity=10 Type='Limit' Time in force=GTC Oco='a8f69d1fb06c48e99767f2a9a0de634a' Filled=0 Fill price=0 Error='No error' Native error='',
8/3/2026 3:56:20 PM,Order,Order='3f6a91789d98488c86731fb1182c848b/Sim101' Name='Target1' New state='Working' Instrument='MES SEP26' Action='Sell' Limit price=7636.25 Stop price=0 Quantity=10 Type='Limit' Time in force=GTC Oco='a8f69d1fb06c48e99767f2a9a0de634a' Filled=0 Fill price=0 Error='No error' Native error='',
8/3/2026 3:56:20 PM,Order,Order='3f6a91789d98488c86731fb1182c848b/Sim101' Name='Target1' New state='Change submitted' Instrument='MES SEP26' Action='Sell' Limit price=7636.25 Stop price=0 Quantity=10 Type='Limit' Time in force=GTC Oco='a8f69d1fb06c48e99767f2a9a0de634a' Filled=0 Fill price=0 Error='No error' Native error='',
8/3/2026 3:53:53 PM,Order,Order='2c66a6b0b46f4d40be4843dab2dd95ea/Sim101' Name='Stop1' New state='Accepted' Instrument='MES SEP26' Action='Sell' Limit price=0 Stop price=7631.75 Quantity=10 Type='Stop Market' Time in force=GTC Oco='a8f69d1fb06c48e99767f2a9a0de634a' Filled=0 Fill price=0 Error='No error' Native error='',
8/3/2026 3:53:53 PM,Order,Order='3f6a91789d98488c86731fb1182c848b/Sim101' Name='Target1' New state='Accepted' Instrument='MES SEP26' Action='Sell' Limit price=7637.75 Stop price=0 Quantity=10 Type='Limit' Time in force=GTC Oco='a8f69d1fb06c48e99767f2a9a0de634a' Filled=0 Fill price=0 Error='No error' Native error='',
8/3/2026 3:53:53 PM,Order,Order='3f6a91789d98488c86731fb1182c848b/Sim101' Name='Target1' New state='Working' Instrument='MES SEP26' Action='Sell' Limit price=7637.75 Stop price=0 Quantity=10 Type='Limit' Time in force=GTC Oco='a8f69d1fb06c48e99767f2a9a0de634a' Filled=0 Fill price=0 Error='No error' Native error='',
8/3/2026 3:53:53 PM,Order,Order='3f6a91789d98488c86731fb1182c848b/Sim101' Name='Target1' New state='Submitted' Instrument='MES SEP26' Action='Sell' Limit price=7637.75 Stop price=0 Quantity=10 Type='Limit' Time in force=GTC Oco='a8f69d1fb06c48e99767f2a9a0de634a' Filled=0 Fill price=0 Error='No error' Native error='',
8/3/2026 3:53:53 PM,Order,Order='2c66a6b0b46f4d40be4843dab2dd95ea/Sim101' Name='Stop1' New state='Submitted' Instrument='MES SEP26' Action='Sell' Limit price=0 Stop price=7631.75 Quantity=10 Type='Stop Market' Time in force=GTC Oco='a8f69d1fb06c48e99767f2a9a0de634a' Filled=0 Fill price=0 Error='No error' Native error='',
8/3/2026 3:53:53 PM,Order,Order='8d106178b78a4bdfb6756a5b3b5a2467/Sim101' Name='Entry' New state='Filled' Instrument='MES SEP26' Action='Buy' Limit price=0 Stop price=0 Quantity=10 Type='Market' Time in force=GTC Oco='' Filled=10 Fill price=7635.9 Error='No error' Native error='',
8/3/2026 3:53:53 PM,Execution,Execution='9351ec6d42e34d9586a3ba2a74367c0b' Instrument='MES SEP26' Account='Sim101' Exchange=Default Price=7636 Quantity=6 Market position=Long Operation=Operation_Add Order='8d106178b78a4bdfb6756a5b3b5a2467' Time='8/3/2026 3:53 PM',
8/3/2026 3:53:53 PM,Position,Instrument='MES SEP26' Account='Sim101' Average price=7635.9 Quantity=10 Market position=Long Operation=Update,
8/3/2026 3:53:53 PM,Position,Instrument='MES SEP26' Account='Sim101' Average price=7635.75 Quantity=4 Market position=Long Operation=Operation_Add,
8/3/2026 3:53:53 PM,Order,Order='8d106178b78a4bdfb6756a5b3b5a2467/Sim101' Name='Entry' New state='Partially filled' Instrument='MES SEP26' Action='Buy' Limit price=0 Stop price=0 Quantity=10 Type='Market' Time in force=GTC Oco='' Filled=4 Fill price=7635.75 Error='No error' Native error='',
8/3/2026 3:53:53 PM,Execution,Execution='bde93985ab294cecb9bfcfb48f64c667' Instrument='MES SEP26' Account='Sim101' Exchange=Default Price=7635.75 Quantity=4 Market position=Long Operation=Operation_Add Order='8d106178b78a4bdfb6756a5b3b5a2467' Time='8/3/2026 3:53 PM',
8/3/2026 3:53:53 PM,Order,Order='8d106178b78a4bdfb6756a5b3b5a2467/Sim101' Name='Entry' New state='Accepted' Instrument='MES SEP26' Action='Buy' Limit price=0 Stop price=0 Quantity=10 Type='Market' Time in force=GTC Oco='' Filled=0 Fill price=0 Error='No error' Native error='',
8/3/2026 3:53:53 PM,Order,Order='8d106178b78a4bdfb6756a5b3b5a2467/Sim101' Name='Entry' New state='Working' Instrument='MES SEP26' Action='Buy' Limit price=0 Stop price=0 Quantity=10 Type='Market' Time in force=GTC Oco='' Filled=0 Fill price=0 Error='No error' Native error='',
8/3/2026 3:53:53 PM,Order,Order='8d106178b78a4bdfb6756a5b3b5a2467/Sim101' Name='Entry' New state='Submitted' Instrument='MES SEP26' Action='Buy' Limit price=0 Stop price=0 Quantity=10 Type='Market' Time in force=GTC Oco='' Filled=0 Fill price=0 Error='No error' Native error='',
8/3/2026 3:53:53 PM,Order,Static SuperDOM submitting order with strategy 'MES $200 SL4 - 2' (Ticks),
8/3/2026 3:53:52 PM,Order,Order='8bfa6e5427ed4e8d8a865f1b8be2f4d2/Sim102' Name='Target1' New state='Working' Instrument='MES SEP26' Action='Sell' Limit price=7637.75 Stop price=0 Quantity=10 Type='Limit' Time in force=GTC Oco='1991903d11fd4959a62008018aa38c27' Filled=0 Fill price=0 Error='No error' Native error='',
8/3/2026 3:53:52 PM,Order,Order='3b63b9ac6388461683e8687b2dca1df3/Sim102' Name='Stop1' New state='Accepted' Instrument='MES SEP26' Action='Sell' Limit price=0 Stop price=7631.75 Quantity=10 Type='Stop Market' Time in force=GTC Oco='1991903d11fd4959a62008018aa38c27' Filled=0 Fill price=0 Error='No error' Native error='',
8/3/2026 3:53:52 PM,Order,Order='8bfa6e5427ed4e8d8a865f1b8be2f4d2/Sim102' Name='Target1' New state='Accepted' Instrument='MES SEP26' Action='Sell' Limit price=7637.75 Stop price=0 Quantity=10 Type='Limit' Time in force=GTC Oco='1991903d11fd4959a62008018aa38c27' Filled=0 Fill price=0 Error='No error' Native error='',
8/3/2026 3:53:52 PM,Order,Order='8bfa6e5427ed4e8d8a865f1b8be2f4d2/Sim102' Name='Target1' New state='Submitted' Instrument='MES SEP26' Action='Sell' Limit price=7637.75 Stop price=0 Quantity=10 Type='Limit' Time in force=GTC Oco='1991903d11fd4959a62008018aa38c27' Filled=0 Fill price=0 Error='No error' Native error='',
8/3/2026 3:53:52 PM,Order,Order='3b63b9ac6388461683e8687b2dca1df3/Sim102' Name='Stop1' New state='Submitted' Instrument='MES SEP26' Action='Sell' Limit price=0 Stop price=7631.75 Quantity=10 Type='Stop Market' Time in force=GTC Oco='1991903d11fd4959a62008018aa38c27' Filled=0 Fill price=0 Error='No error' Native error='',
8/3/2026 3:53:52 PM,Position,Instrument='MES SEP26' Account='Sim102' Average price=7635.825 Quantity=10 Market position=Long Operation=Update,
8/3/2026 3:53:52 PM,Execution,Execution='9dcdf681306f4f369dec3acf68ab5635' Instrument='MES SEP26' Account='Sim102' Exchange=Default Price=7636 Quantity=3 Market position=Long Operation=Operation_Add Order='27adb7b196b54453834c6b1d9fe17636' Time='8/3/2026 3:53 PM',
8/3/2026 3:53:52 PM,Order,Order='27adb7b196b54453834c6b1d9fe17636/Sim102' Name='Entry' New state='Filled' Instrument='MES SEP26' Action='Buy' Limit price=0 Stop price=0 Quantity=10 Type='Market' Time in force=GTC Oco='' Filled=10 Fill price=7635.825 Error='No error' Native error='',
8/3/2026 3:53:52 PM,Execution,Execution='12ba54d4d4ae467dba47ec13911cac16' Instrument='MES SEP26' Account='Sim102' Exchange=Default Price=7635.75 Quantity=7 Market position=Long Operation=Operation_Add Order='27adb7b196b54453834c6b1d9fe17636' Time='8/3/2026 3:53 PM',
8/3/2026 3:53:52 PM,Position,Instrument='MES SEP26' Account='Sim102' Average price=7635.75 Quantity=7 Market position=Long Operation=Operation_Add,
8/3/2026 3:53:52 PM,Order,Order='27adb7b196b54453834c6b1d9fe17636/Sim102' Name='Entry' New state='Working' Instrument='MES SEP26' Action='Buy' Limit price=0 Stop price=0 Quantity=10 Type='Market' Time in force=GTC Oco='' Filled=0 Fill price=0 Error='No error' Native error='',
8/3/2026 3:53:52 PM,Order,Order='27adb7b196b54453834c6b1d9fe17636/Sim102' Name='Entry' New state='Partially filled' Instrument='MES SEP26' Action='Buy' Limit price=0 Stop price=0 Quantity=10 Type='Market' Time in force=GTC Oco='' Filled=7 Fill price=7635.75 Error='No error' Native error='',
8/3/2026 3:53:52 PM,Order,Order='27adb7b196b54453834c6b1d9fe17636/Sim102' Name='Entry' New state='Accepted' Instrument='MES SEP26' Action='Buy' Limit price=0 Stop price=0 Quantity=10 Type='Market' Time in force=GTC Oco='' Filled=0 Fill price=0 Error='No error' Native error='',
8/3/2026 3:53:52 PM,Order,Order='27adb7b196b54453834c6b1d9fe17636/Sim102' Name='Entry' New state='Submitted' Instrument='MES SEP26' Action='Buy' Limit price=0 Stop price=0 Quantity=10 Type='Market' Time in force=GTC Oco='' Filled=0 Fill price=0 Error='No error' Native error='',
8/3/2026 3:53:52 PM,Order,Static SuperDOM submitting order with strategy 'MES $200 SL4 - 1' (Ticks),
8/3/2026 3:52:03 PM,Default,SuperDOM close position,
8/3/2026 3:52:03 PM,Default,Cancel all orders account='Sim101',
8/3/2026 3:52:02 PM,Position,Instrument='MES SEP26' Account='Sim102' Average price=0 Quantity=0 Market position=Flat Operation=Remove,
8/3/2026 3:52:01 PM,Execution,Execution='a686ba2a8cc04d2bb430aea7e179f89c' Instrument='MES SEP26' Account='Sim102' Exchange=Default Price=7635 Quantity=10 Market position=Short Operation=Operation_Add Order='4016b90398414c7c9f80fb26023e51fb' Time='8/3/2026 3:52 PM',
8/3/2026 3:52:01 PM,Order,Order='4016b90398414c7c9f80fb26023e51fb/Sim102' Name='Close' New state='Filled' Instrument='MES SEP26' Action='Sell' Limit price=0 Stop price=0 Quantity=10 Type='Market' Time in force=DAY Oco='' Filled=10 Fill price=7635 Error='No error' Native error='',
8/3/2026 3:52:01 PM,Order,Order='4016b90398414c7c9f80fb26023e51fb/Sim102' Name='Close' New state='Accepted' Instrument='MES SEP26' Action='Sell' Limit price=0 Stop price=0 Quantity=10 Type='Market' Time in force=DAY Oco='' Filled=0 Fill price=0 Error='No error' Native error='',
8/3/2026 3:52:01 PM,Order,Order='4016b90398414c7c9f80fb26023e51fb/Sim102' Name='Close' New state='Working' Instrument='MES SEP26' Action='Sell' Limit price=0 Stop price=0 Quantity=10 Type='Market' Time in force=DAY Oco='' Filled=0 Fill price=0 Error='No error' Native error='',
8/3/2026 3:52:01 PM,Order,Order='4016b90398414c7c9f80fb26023e51fb/Sim102' Name='Close' New state='Submitted' Instrument='MES SEP26' Action='Sell' Limit price=0 Stop price=0 Quantity=10 Type='Market' Time in force=DAY Oco='' Filled=0 Fill price=0 Error='No error' Native error='',
8/3/2026 3:52:01 PM,Default,SuperDOM close position,
8/3/2026 3:48:45 PM,Position,Instrument='MES SEP26' Account='Sim101' Average price=0 Quantity=0 Market position=Flat Operation=Remove,
8/3/2026 3:48:45 PM,Order,Order='e999a8619c4e4c0fa1728fc156afac38/Sim101' Name='Close' New state='Filled' Instrument='MES SEP26' Action='Sell' Limit price=0 Stop price=0 Quantity=10 Type='Market' Time in force=DAY Oco='' Filled=10 Fill price=7635.5 Error='No error' Native error='',
8/3/2026 3:48:45 PM,Execution,Execution='eb3d59586f004912aa017f890b0d5874' Instrument='MES SEP26' Account='Sim101' Exchange=Default Price=7635.5 Quantity=10 Market position=Short Operation=Operation_Add Order='e999a8619c4e4c0fa1728fc156afac38' Time='8/3/2026 3:48 PM',
8/3/2026 3:48:45 PM,Order,Order='e999a8619c4e4c0fa1728fc156afac38/Sim101' Name='Close' New state='Accepted' Instrument='MES SEP26' Action='Sell' Limit price=0 Stop price=0 Quantity=10 Type='Market' Time in force=DAY Oco='' Filled=0 Fill price=0 Error='No error' Native error='',
8/3/2026 3:48:45 PM,Order,Order='e999a8619c4e4c0fa1728fc156afac38/Sim101' Name='Close' New state='Working' Instrument='MES SEP26' Action='Sell' Limit price=0 Stop price=0 Quantity=10 Type='Market' Time in force=DAY Oco='' Filled=0 Fill price=0 Error='No error' Native error='',
8/3/2026 3:48:45 PM,Order,Order='e999a8619c4e4c0fa1728fc156afac38/Sim101' Name='Close' New state='Submitted' Instrument='MES SEP26' Action='Sell' Limit price=0 Stop price=0 Quantity=10 Type='Market' Time in force=DAY Oco='' Filled=0 Fill price=0 Error='No error' Native error='',
8/3/2026 3:48:45 PM,Default,Chart Trader close position,
8/3/2026 3:48:05 PM,Order,Order='c53b0e378a394690915a7831646ab42b/Sim101' Name='Stop1' New state='Cancelled' Instrument='MES SEP26' Action='Sell' Limit price=0 Stop price=7631.25 Quantity=10 Type='Stop Market' Time in force=GTC Oco='eff547461c7444cfaffb5450ff4f232e' Filled=0 Fill price=0 Error='No error' Native error='',
8/3/2026 3:48:05 PM,Order,Order='594d033942684b08af0169a9cd05d5e5/Sim101' Name='Target1' New state='Cancelled' Instrument='MES SEP26' Action='Sell' Limit price=7637.25 Stop price=0 Quantity=10 Type='Limit' Time in force=GTC Oco='eff547461c7444cfaffb5450ff4f232e' Filled=0 Fill price=0 Error='No error' Native error='',
8/3/2026 3:48:05 PM,Order,Order='b980e62b7aab41b5b968d1f3d14f54bb/Sim102' Name='Stop1' New state='Cancelled' Instrument='MES SEP26' Action='Sell' Limit price=0 Stop price=7631.25 Quantity=10 Type='Stop Market' Time in force=GTC Oco='4e414c3a18d24968a41902e3f665e3d3' Filled=0 Fill price=0 Error='No error' Native error='',
8/3/2026 3:48:05 PM,Order,Order='53a02c49cd2649d3bc2113f4df51e8ce/Sim102' Name='Target1' New state='Cancelled' Instrument='MES SEP26' Action='Sell' Limit price=7637.25 Stop price=0 Quantity=10 Type='Limit' Time in force=GTC Oco='4e414c3a18d24968a41902e3f665e3d3' Filled=0 Fill price=0 Error='No error' Native error='',
8/3/2026 3:48:05 PM,Order,Order='6f9c51192d0845d2ab4a9c970419dc51/Sim101' Name='PTT-BE-Target-1' New state='Rejected' Instrument='MES SEP26' Action='Sell' Limit price=7637.25 Stop price=0 Quantity=10 Type='Limit' Time in force=GTC Oco='PTT-BE-Sim1-30541-0' Filled=0 Fill price=0 Error='Unable to submit order' Native error='Order '6f9c51192d0845d2ab4a9c970419dc51' can't be submitted: The OCO ID ‘PTT-BE-Sim1-30541-0’ cannot be reused. Please use a new OCO ID.',
8/3/2026 3:48:05 PM,Order,Sim101 Order '6f9c51192d0845d2ab4a9c970419dc51' can't be submitted: The OCO ID ‘PTT-BE-Sim1-30541-0’ cannot be reused. Please use a new OCO ID. affected Order: Sell 10 Limit @ 7637.25,
8/3/2026 3:48:05 PM,Order,Sim102 Order '0e63cd8fe2614267abab1493f63fa41e' can't be submitted: The OCO ID ‘PTT-BE-Sim1-30541-0’ cannot be reused. Please use a new OCO ID. affected Order: Sell 10 Limit @ 7637.25,
8/3/2026 3:48:05 PM,Order,Order='0e63cd8fe2614267abab1493f63fa41e/Sim102' Name='PTT-BE-Target-1' New state='Rejected' Instrument='MES SEP26' Action='Sell' Limit price=7637.25 Stop price=0 Quantity=10 Type='Limit' Time in force=GTC Oco='PTT-BE-Sim1-30541-0' Filled=0 Fill price=0 Error='Unable to submit order' Native error='Order '0e63cd8fe2614267abab1493f63fa41e' can't be submitted: The OCO ID ‘PTT-BE-Sim1-30541-0’ cannot be reused. Please use a new OCO ID.',
8/3/2026 3:48:05 PM,Order,Sim101 Order 'e08e7ac8db3e4999b3385267033f269b' can't be submitted: The OCO ID ‘PTT-BE-Sim1-30541-0’ cannot be reused. Please use a new OCO ID. affected Order: Sell 10 StopMarket @ 7635.25,
8/3/2026 3:48:05 PM,Order,Order='e08e7ac8db3e4999b3385267033f269b/Sim101' Name='PTT-BE-Stop-1' New state='Rejected' Instrument='MES SEP26' Action='Sell' Limit price=0 Stop price=7635.25 Quantity=10 Type='Stop Market' Time in force=GTC Oco='PTT-BE-Sim1-30541-0' Filled=0 Fill price=0 Error='Unable to submit order' Native error='Order 'e08e7ac8db3e4999b3385267033f269b' can't be submitted: The OCO ID ‘PTT-BE-Sim1-30541-0’ cannot be reused. Please use a new OCO ID.',
8/3/2026 3:48:05 PM,Order,Sim102 Order '6329f6080cbc473fad76e31801057ac5' can't be submitted: The OCO ID ‘PTT-BE-Sim1-30541-0’ cannot be reused. Please use a new OCO ID. affected Order: Sell 10 StopMarket @ 7635.25,
8/3/2026 3:48:05 PM,Order,Order='c53b0e378a394690915a7831646ab42b/Sim101' Name='Stop1' New state='Cancel submitted' Instrument='MES SEP26' Action='Sell' Limit price=0 Stop price=7631.25 Quantity=10 Type='Stop Market' Time in force=GTC Oco='eff547461c7444cfaffb5450ff4f232e' Filled=0 Fill price=0 Error='No error' Native error='',
8/3/2026 3:48:05 PM,Order,Order='6329f6080cbc473fad76e31801057ac5/Sim102' Name='PTT-BE-Stop-1' New state='Rejected' Instrument='MES SEP26' Action='Sell' Limit price=0 Stop price=7635.25 Quantity=10 Type='Stop Market' Time in force=GTC Oco='PTT-BE-Sim1-30541-0' Filled=0 Fill price=0 Error='Unable to submit order' Native error='Order '6329f6080cbc473fad76e31801057ac5' can't be submitted: The OCO ID ‘PTT-BE-Sim1-30541-0’ cannot be reused. Please use a new OCO ID.',
8/3/2026 3:48:05 PM,Order,Order='53a02c49cd2649d3bc2113f4df51e8ce/Sim102' Name='Target1' New state='Cancel submitted' Instrument='MES SEP26' Action='Sell' Limit price=7637.25 Stop price=0 Quantity=10 Type='Limit' Time in force=GTC Oco='4e414c3a18d24968a41902e3f665e3d3' Filled=0 Fill price=0 Error='No error' Native error='',
8/3/2026 3:48:05 PM,Order,Order='b980e62b7aab41b5b968d1f3d14f54bb/Sim102' Name='Stop1' New state='Cancel submitted' Instrument='MES SEP26' Action='Sell' Limit price=0 Stop price=7631.25 Quantity=10 Type='Stop Market' Time in force=GTC Oco='4e414c3a18d24968a41902e3f665e3d3' Filled=0 Fill price=0 Error='No error' Native error='',
8/3/2026 3:48:05 PM,Order,Order='594d033942684b08af0169a9cd05d5e5/Sim101' Name='Target1' New state='Cancel submitted' Instrument='MES SEP26' Action='Sell' Limit price=7637.25 Stop price=0 Quantity=10 Type='Limit' Time in force=GTC Oco='eff547461c7444cfaffb5450ff4f232e' Filled=0 Fill price=0 Error='No error' Native error='',
8/3/2026 3:46:59 PM,Order,Order='53a02c49cd2649d3bc2113f4df51e8ce/Sim102' Name='Target1' New state='Working' Instrument='MES SEP26' Action='Sell' Limit price=7637.25 Stop price=0 Quantity=10 Type='Limit' Time in force=GTC Oco='4e414c3a18d24968a41902e3f665e3d3' Filled=0 Fill price=0 Error='No error' Native error='',
8/3/2026 3:46:59 PM,Order,Order='53a02c49cd2649d3bc2113f4df51e8ce/Sim102' Name='Target1' New state='Accepted' Instrument='MES SEP26' Action='Sell' Limit price=7637.25 Stop price=0 Quantity=10 Type='Limit' Time in force=GTC Oco='4e414c3a18d24968a41902e3f665e3d3' Filled=0 Fill price=0 Error='No error' Native error='',
8/3/2026 3:46:59 PM,Order,Order='b980e62b7aab41b5b968d1f3d14f54bb/Sim102' Name='Stop1' New state='Accepted' Instrument='MES SEP26' Action='Sell' Limit price=0 Stop price=7631.25 Quantity=10 Type='Stop Market' Time in force=GTC Oco='4e414c3a18d24968a41902e3f665e3d3' Filled=0 Fill price=0 Error='No error' Native error='',
8/3/2026 3:46:59 PM,Order,Order='53a02c49cd2649d3bc2113f4df51e8ce/Sim102' Name='Target1' New state='Submitted' Instrument='MES SEP26' Action='Sell' Limit price=7637.25 Stop price=0 Quantity=10 Type='Limit' Time in force=GTC Oco='4e414c3a18d24968a41902e3f665e3d3' Filled=0 Fill price=0 Error='No error' Native error='',
8/3/2026 3:46:59 PM,Order,Order='b980e62b7aab41b5b968d1f3d14f54bb/Sim102' Name='Stop1' New state='Submitted' Instrument='MES SEP26' Action='Sell' Limit price=0 Stop price=7631.25 Quantity=10 Type='Stop Market' Time in force=GTC Oco='4e414c3a18d24968a41902e3f665e3d3' Filled=0 Fill price=0 Error='No error' Native error='',
8/3/2026 3:46:59 PM,Execution,Execution='85295003bb9c46e6825adf0becdf9695' Instrument='MES SEP26' Account='Sim102' Exchange=Default Price=7635.25 Quantity=10 Market position=Long Operation=Operation_Add Order='675064d17d4c46218822fb3b74e8bef7' Time='8/3/2026 3:46 PM',
8/3/2026 3:46:59 PM,Position,Instrument='MES SEP26' Account='Sim102' Average price=7635.25 Quantity=10 Market position=Long Operation=Operation_Add,
8/3/2026 3:46:59 PM,Order,Order='675064d17d4c46218822fb3b74e8bef7/Sim102' Name='Entry' New state='Filled' Instrument='MES SEP26' Action='Buy' Limit price=0 Stop price=0 Quantity=10 Type='Market' Time in force=GTC Oco='' Filled=10 Fill price=7635.25 Error='No error' Native error='',
8/3/2026 3:46:59 PM,Order,Order='675064d17d4c46218822fb3b74e8bef7/Sim102' Name='Entry' New state='Working' Instrument='MES SEP26' Action='Buy' Limit price=0 Stop price=0 Quantity=10 Type='Market' Time in force=GTC Oco='' Filled=0 Fill price=0 Error='No error' Native error='',
8/3/2026 3:46:59 PM,Order,Order='675064d17d4c46218822fb3b74e8bef7/Sim102' Name='Entry' New state='Accepted' Instrument='MES SEP26' Action='Buy' Limit price=0 Stop price=0 Quantity=10 Type='Market' Time in force=GTC Oco='' Filled=0 Fill price=0 Error='No error' Native error='',
8/3/2026 3:46:59 PM,Order,Order='675064d17d4c46218822fb3b74e8bef7/Sim102' Name='Entry' New state='Submitted' Instrument='MES SEP26' Action='Buy' Limit price=0 Stop price=0 Quantity=10 Type='Market' Time in force=GTC Oco='' Filled=0 Fill price=0 Error='No error' Native error='',
8/3/2026 3:46:59 PM,Order,Static SuperDOM submitting order with strategy 'MES $200 SL4 - 2' (Ticks),
8/3/2026 3:46:58 PM,Order,Order='ecb628c51aad43ceb7d1de2bdc4e0881/Sim102' Name='Entry' New state='Cancelled' Instrument='MES SEP26' Action='Buy' Limit price=7634 Stop price=0 Quantity=10 Type='Limit' Time in force=GTC Oco='' Filled=0 Fill price=0 Error='No error' Native error='',
8/3/2026 3:46:58 PM,Default,SuperDOM close position,
8/3/2026 3:46:58 PM,Default,Cancel all orders account='Sim102',
8/3/2026 3:46:58 PM,Order,Order='ecb628c51aad43ceb7d1de2bdc4e0881/Sim102' Name='Entry' New state='Cancel submitted' Instrument='MES SEP26' Action='Buy' Limit price=7634 Stop price=0 Quantity=10 Type='Limit' Time in force=GTC Oco='' Filled=0 Fill price=0 Error='No error' Native error='',
8/3/2026 3:46:57 PM,Order,Order='ecb628c51aad43ceb7d1de2bdc4e0881/Sim102' Name='Entry' New state='Accepted' Instrument='MES SEP26' Action='Buy' Limit price=7634 Stop price=0 Quantity=10 Type='Limit' Time in force=GTC Oco='' Filled=0 Fill price=0 Error='No error' Native error='',
8/3/2026 3:46:57 PM,Order,Order='ecb628c51aad43ceb7d1de2bdc4e0881/Sim102' Name='Entry' New state='Working' Instrument='MES SEP26' Action='Buy' Limit price=7634 Stop price=0 Quantity=10 Type='Limit' Time in force=GTC Oco='' Filled=0 Fill price=0 Error='No error' Native error='',
8/3/2026 3:46:57 PM,Order,Order='ecb628c51aad43ceb7d1de2bdc4e0881/Sim102' Name='Entry' New state='Submitted' Instrument='MES SEP26' Action='Buy' Limit price=7634 Stop price=0 Quantity=10 Type='Limit' Time in force=GTC Oco='' Filled=0 Fill price=0 Error='No error' Native error='',
8/3/2026 3:46:57 PM,Order,Static SuperDOM submitting order with strategy 'MES $200 SL4 - 2' (Ticks),
8/3/2026 3:46:56 PM,Order,Order='594d033942684b08af0169a9cd05d5e5/Sim101' Name='Target1' New state='Working' Instrument='MES SEP26' Action='Sell' Limit price=7637.25 Stop price=0 Quantity=10 Type='Limit' Time in force=GTC Oco='eff547461c7444cfaffb5450ff4f232e' Filled=0 Fill price=0 Error='No error' Native error='',
8/3/2026 3:46:56 PM,Order,Order='c53b0e378a394690915a7831646ab42b/Sim101' Name='Stop1' New state='Accepted' Instrument='MES SEP26' Action='Sell' Limit price=0 Stop price=7631.25 Quantity=10 Type='Stop Market' Time in force=GTC Oco='eff547461c7444cfaffb5450ff4f232e' Filled=0 Fill price=0 Error='No error' Native error='',
8/3/2026 3:46:56 PM,Order,Order='594d033942684b08af0169a9cd05d5e5/Sim101' Name='Target1' New state='Accepted' Instrument='MES SEP26' Action='Sell' Limit price=7637.25 Stop price=0 Quantity=10 Type='Limit' Time in force=GTC Oco='eff547461c7444cfaffb5450ff4f232e' Filled=0 Fill price=0 Error='No error' Native error='',
8/3/2026 3:46:56 PM,Order,Order='594d033942684b08af0169a9cd05d5e5/Sim101' Name='Target1' New state='Submitted' Instrument='MES SEP26' Action='Sell' Limit price=7637.25 Stop price=0 Quantity=10 Type='Limit' Time in force=GTC Oco='eff547461c7444cfaffb5450ff4f232e' Filled=0 Fill price=0 Error='No error' Native error='',
8/3/2026 3:46:56 PM,Order,Order='c53b0e378a394690915a7831646ab42b/Sim101' Name='Stop1' New state='Submitted' Instrument='MES SEP26' Action='Sell' Limit price=0 Stop price=7631.25 Quantity=10 Type='Stop Market' Time in force=GTC Oco='eff547461c7444cfaffb5450ff4f232e' Filled=0 Fill price=0 Error='No error' Native error='',
8/3/2026 3:46:56 PM,Position,Instrument='MES SEP26' Account='Sim101' Average price=7635.25 Quantity=10 Market position=Long Operation=Operation_Add,
8/3/2026 3:46:56 PM,Order,Order='57c942d16f904bbfb646a8f6e851950b/Sim101' Name='Entry' New state='Filled' Instrument='MES SEP26' Action='Buy' Limit price=0 Stop price=0 Quantity=10 Type='Market' Time in force=GTC Oco='' Filled=10 Fill price=7635.25 Error='No error' Native error='',
8/3/2026 3:46:56 PM,Execution,Execution='b63645e52ff4457a9d4de56844c0c675' Instrument='MES SEP26' Account='Sim101' Exchange=Default Price=7635.25 Quantity=10 Market position=Long Operation=Operation_Add Order='57c942d16f904bbfb646a8f6e851950b' Time='8/3/2026 3:46 PM',
8/3/2026 3:46:56 PM,Order,Order='57c942d16f904bbfb646a8f6e851950b/Sim101' Name='Entry' New state='Accepted' Instrument='MES SEP26' Action='Buy' Limit price=0 Stop price=0 Quantity=10 Type='Market' Time in force=GTC Oco='' Filled=0 Fill price=0 Error='No error' Native error='',
8/3/2026 3:46:56 PM,Order,Order='57c942d16f904bbfb646a8f6e851950b/Sim101' Name='Entry' New state='Working' Instrument='MES SEP26' Action='Buy' Limit price=0 Stop price=0 Quantity=10 Type='Market' Time in force=GTC Oco='' Filled=0 Fill price=0 Error='No error' Native error='',
8/3/2026 3:46:56 PM,Order,Order='57c942d16f904bbfb646a8f6e851950b/Sim101' Name='Entry' New state='Submitted' Instrument='MES SEP26' Action='Buy' Limit price=0 Stop price=0 Quantity=10 Type='Market' Time in force=GTC Oco='' Filled=0 Fill price=0 Error='No error' Native error='',
8/3/2026 3:46:56 PM,Order,Static SuperDOM submitting order with strategy 'MES $200 SL4 - 1' (Ticks),
8/3/2026 3:46:52 PM,Order,Order='a8e4cac84c0e49e49ec6280659dc6ddd/Sim102' Name='PTT-BE-Target-1' New state='Cancelled' Instrument='MES SEP26' Action='Sell' Limit price=7637 Stop price=0 Quantity=1 Type='Limit' Time in force=GTC Oco='PTT-BEG-00016-21-0-0' Filled=0 Fill price=0 Error='No error' Native error='',
8/3/2026 3:46:52 PM,Position,Instrument='MES SEP26' Account='Sim102' Average price=0 Quantity=0 Market position=Flat Operation=Remove,
8/3/2026 3:46:51 PM,Order,Order='a8e4cac84c0e49e49ec6280659dc6ddd/Sim102' Name='PTT-BE-Target-1' New state='Accepted' Instrument='MES SEP26' Action='Sell' Limit price=7637 Stop price=0 Quantity=1 Type='Limit' Time in force=GTC Oco='PTT-BEG-00016-21-0-0' Filled=0 Fill price=0 Error='No error' Native error='',
8/3/2026 3:46:51 PM,Order,Order='a8e4cac84c0e49e49ec6280659dc6ddd/Sim102' Name='PTT-BE-Target-1' New state='Cancel submitted' Instrument='MES SEP26' Action='Sell' Limit price=7637 Stop price=0 Quantity=1 Type='Limit' Time in force=GTC Oco='PTT-BEG-00016-21-0-0' Filled=0 Fill price=0 Error='No error' Native error='',
8/3/2026 3:46:51 PM,Order,Order='b23cb7657b034086ad5c65f0b5a83d87/Sim101' Name='PTT-BE-Target-1' New state='Cancelled' Instrument='MES SEP26' Action='Sell' Limit price=7637 Stop price=0 Quantity=1 Type='Limit' Time in force=GTC Oco='PTT-BEG-00016-2-0-0' Filled=0 Fill price=0 Error='No error' Native error='',
8/3/2026 3:46:51 PM,Execution,Execution='9cbb2727f21c401c92fd2e9f52b2d70a' Instrument='MES SEP26' Account='Sim102' Exchange=Default Price=7634.75 Quantity=1 Market position=Short Operation=Operation_Add Order='5539f3fdaa2640689093e491344e21ed' Time='8/3/2026 3:46 PM',
8/3/2026 3:46:51 PM,Order,Order='5539f3fdaa2640689093e491344e21ed/Sim102' Name='PTT-BE-Stop-1' New state='Filled' Instrument='MES SEP26' Action='Sell' Limit price=0 Stop price=7635 Quantity=10 Type='Stop Market' Time in force=GTC Oco='PTT-BEG-00016-21-0-0' Filled=10 Fill price=7634.975 Error='No error' Native error='',
8/3/2026 3:46:51 PM,Position,Instrument='MES SEP26' Account='Sim102' Average price=7635.25 Quantity=1 Market position=Long Operation=Update,
8/3/2026 3:46:51 PM,Order,Order='a8e4cac84c0e49e49ec6280659dc6ddd/Sim102' Name='PTT-BE-Target-1' New state='Change submitted' Instrument='MES SEP26' Action='Sell' Limit price=7637 Stop price=0 Quantity=1 Type='Limit' Time in force=GTC Oco='PTT-BEG-00016-21-0-0' Filled=0 Fill price=0 Error='No error' Native error='',
8/3/2026 3:46:51 PM,Execution,Execution='c9a1ee4f9b44411e98d0a0a2582e98d4' Instrument='MES SEP26' Account='Sim102' Exchange=Default Price=7635 Quantity=9 Market position=Short Operation=Operation_Add Order='5539f3fdaa2640689093e491344e21ed' Time='8/3/2026 3:46 PM',
8/3/2026 3:46:51 PM,Order,Order='5539f3fdaa2640689093e491344e21ed/Sim102' Name='PTT-BE-Stop-1' New state='Partially filled' Instrument='MES SEP26' Action='Sell' Limit price=0 Stop price=7635 Quantity=10 Type='Stop Market' Time in force=GTC Oco='PTT-BEG-00016-21-0-0' Filled=9 Fill price=7635 Error='No error' Native error='',
8/3/2026 3:46:51 PM,Position,Instrument='MES SEP26' Account='Sim101' Average price=0 Quantity=0 Market position=Flat Operation=Remove,
8/3/2026 3:46:51 PM,Order,Order='b23cb7657b034086ad5c65f0b5a83d87/Sim101' Name='PTT-BE-Target-1' New state='Cancel submitted' Instrument='MES SEP26' Action='Sell' Limit price=7637 Stop price=0 Quantity=1 Type='Limit' Time in force=GTC Oco='PTT-BEG-00016-2-0-0' Filled=0 Fill price=0 Error='No error' Native error='',
8/3/2026 3:46:51 PM,Order,Order='b23cb7657b034086ad5c65f0b5a83d87/Sim101' Name='PTT-BE-Target-1' New state='Accepted' Instrument='MES SEP26' Action='Sell' Limit price=7637 Stop price=0 Quantity=1 Type='Limit' Time in force=GTC Oco='PTT-BEG-00016-2-0-0' Filled=0 Fill price=0 Error='No error' Native error='',
8/3/2026 3:46:51 PM,Execution,Execution='f1282d8351ca4317bfdd2ecdca3a364f' Instrument='MES SEP26' Account='Sim101' Exchange=Default Price=7634.75 Quantity=1 Market position=Short Operation=Operation_Add Order='b17a91c587744447aa94a12e4724d609' Time='8/3/2026 3:46 PM',
8/3/2026 3:46:51 PM,Order,Order='b17a91c587744447aa94a12e4724d609/Sim101' Name='PTT-BE-Stop-1' New state='Filled' Instrument='MES SEP26' Action='Sell' Limit price=0 Stop price=7635 Quantity=10 Type='Stop Market' Time in force=GTC Oco='PTT-BEG-00016-2-0-0' Filled=10 Fill price=7634.975 Error='No error' Native error='',
8/3/2026 3:46:51 PM,Position,Instrument='MES SEP26' Account='Sim101' Average price=7635 Quantity=1 Market position=Long Operation=Update,
8/3/2026 3:46:51 PM,Order,Order='b23cb7657b034086ad5c65f0b5a83d87/Sim101' Name='PTT-BE-Target-1' New state='Change submitted' Instrument='MES SEP26' Action='Sell' Limit price=7637 Stop price=0 Quantity=1 Type='Limit' Time in force=GTC Oco='PTT-BEG-00016-2-0-0' Filled=0 Fill price=0 Error='No error' Native error='',
8/3/2026 3:46:51 PM,Execution,Execution='3c24593548734277bb37d6a3b9dd7dca' Instrument='MES SEP26' Account='Sim101' Exchange=Default Price=7635 Quantity=9 Market position=Short Operation=Operation_Add Order='b17a91c587744447aa94a12e4724d609' Time='8/3/2026 3:46 PM',
8/3/2026 3:46:51 PM,Order,Order='b17a91c587744447aa94a12e4724d609/Sim101' Name='PTT-BE-Stop-1' New state='Working' Instrument='MES SEP26' Action='Sell' Limit price=0 Stop price=7635 Quantity=10 Type='Stop Market' Time in force=GTC Oco='PTT-BEG-00016-2-0-0' Filled=0 Fill price=0 Error='No error' Native error='',
8/3/2026 3:46:51 PM,Order,Order='5539f3fdaa2640689093e491344e21ed/Sim102' Name='PTT-BE-Stop-1' New state='Working' Instrument='MES SEP26' Action='Sell' Limit price=0 Stop price=7635 Quantity=10 Type='Stop Market' Time in force=GTC Oco='PTT-BEG-00016-21-0-0' Filled=0 Fill price=0 Error='No error' Native error='',
8/3/2026 3:46:51 PM,Order,Order='b17a91c587744447aa94a12e4724d609/Sim101' Name='PTT-BE-Stop-1' New state='Partially filled' Instrument='MES SEP26' Action='Sell' Limit price=0 Stop price=7635 Quantity=10 Type='Stop Market' Time in force=GTC Oco='PTT-BEG-00016-2-0-0' Filled=9 Fill price=7635 Error='No error' Native error='',
8/3/2026 3:46:44 PM,Order,Order='a8e4cac84c0e49e49ec6280659dc6ddd/Sim102' Name='PTT-BE-Target-1' New state='Accepted' Instrument='MES SEP26' Action='Sell' Limit price=7637 Stop price=0 Quantity=10 Type='Limit' Time in force=GTC Oco='PTT-BEG-00016-21-0-0' Filled=0 Fill price=0 Error='No error' Native error='',
8/3/2026 3:46:44 PM,Order,Order='a8e4cac84c0e49e49ec6280659dc6ddd/Sim102' Name='PTT-BE-Target-1' New state='Working' Instrument='MES SEP26' Action='Sell' Limit price=7637 Stop price=0 Quantity=10 Type='Limit' Time in force=GTC Oco='PTT-BEG-00016-21-0-0' Filled=0 Fill price=0 Error='No error' Native error='',
8/3/2026 3:46:44 PM,Order,Order='5539f3fdaa2640689093e491344e21ed/Sim102' Name='PTT-BE-Stop-1' New state='Accepted' Instrument='MES SEP26' Action='Sell' Limit price=0 Stop price=7635 Quantity=10 Type='Stop Market' Time in force=GTC Oco='PTT-BEG-00016-21-0-0' Filled=0 Fill price=0 Error='No error' Native error='',
8/3/2026 3:46:44 PM,Order,Order='87c675c6f7c6474b930203ca3b3aba9f/Sim102' Name='Stop1' New state='Cancelled' Instrument='MES SEP26' Action='Sell' Limit price=0 Stop price=7631 Quantity=10 Type='Stop Market' Time in force=GTC Oco='3f1dc5a59fd74a51a334d1e4de83ecde' Filled=0 Fill price=0 Error='No error' Native error='',
8/3/2026 3:46:44 PM,Order,Order='dabaccbc8db547b0bd2c49b3cd8e91d5/Sim102' Name='Target1' New state='Cancelled' Instrument='MES SEP26' Action='Sell' Limit price=7637 Stop price=0 Quantity=10 Type='Limit' Time in force=GTC Oco='3f1dc5a59fd74a51a334d1e4de83ecde' Filled=0 Fill price=0 Error='No error' Native error='',
8/3/2026 3:46:44 PM,Order,Order='b23cb7657b034086ad5c65f0b5a83d87/Sim101' Name='PTT-BE-Target-1' New state='Accepted' Instrument='MES SEP26' Action='Sell' Limit price=7637 Stop price=0 Quantity=10 Type='Limit' Time in force=GTC Oco='PTT-BEG-00016-2-0-0' Filled=0 Fill price=0 Error='No error' Native error='',
8/3/2026 3:46:44 PM,Order,Order='b23cb7657b034086ad5c65f0b5a83d87/Sim101' Name='PTT-BE-Target-1' New state='Working' Instrument='MES SEP26' Action='Sell' Limit price=7637 Stop price=0 Quantity=10 Type='Limit' Time in force=GTC Oco='PTT-BEG-00016-2-0-0' Filled=0 Fill price=0 Error='No error' Native error='',
8/3/2026 3:46:43 PM,Order,Order='b17a91c587744447aa94a12e4724d609/Sim101' Name='PTT-BE-Stop-1' New state='Accepted' Instrument='MES SEP26' Action='Sell' Limit price=0 Stop price=7635 Quantity=10 Type='Stop Market' Time in force=GTC Oco='PTT-BEG-00016-2-0-0' Filled=0 Fill price=0 Error='No error' Native error='',
8/3/2026 3:46:43 PM,Order,Order='f756ab9c51a748409c2e4b2486a2d367/Sim101' Name='Stop1' New state='Cancelled' Instrument='MES SEP26' Action='Sell' Limit price=0 Stop price=7631 Quantity=10 Type='Stop Market' Time in force=GTC Oco='b2e4425020d34e90a065f1d8d112ae11' Filled=0 Fill price=0 Error='No error' Native error='',
8/3/2026 3:46:43 PM,Order,Order='da155f0ca5cb4898825f96a3a7585f0a/Sim101' Name='Target1' New state='Cancelled' Instrument='MES SEP26' Action='Sell' Limit price=7637 Stop price=0 Quantity=10 Type='Limit' Time in force=GTC Oco='b2e4425020d34e90a065f1d8d112ae11' Filled=0 Fill price=0 Error='No error' Native error='',
8/3/2026 3:46:43 PM,Order,Order='a8e4cac84c0e49e49ec6280659dc6ddd/Sim102' Name='PTT-BE-Target-1' New state='Submitted' Instrument='MES SEP26' Action='Sell' Limit price=7637 Stop price=0 Quantity=10 Type='Limit' Time in force=GTC Oco='PTT-BEG-00016-21-0-0' Filled=0 Fill price=0 Error='No error' Native error='',
8/3/2026 3:46:43 PM,Order,Order='5539f3fdaa2640689093e491344e21ed/Sim102' Name='PTT-BE-Stop-1' New state='Submitted' Instrument='MES SEP26' Action='Sell' Limit price=0 Stop price=7635 Quantity=10 Type='Stop Market' Time in force=GTC Oco='PTT-BEG-00016-21-0-0' Filled=0 Fill price=0 Error='No error' Native error='',
8/3/2026 3:46:43 PM,Order,Order='dabaccbc8db547b0bd2c49b3cd8e91d5/Sim102' Name='Target1' New state='Cancel submitted' Instrument='MES SEP26' Action='Sell' Limit price=7637 Stop price=0 Quantity=10 Type='Limit' Time in force=GTC Oco='3f1dc5a59fd74a51a334d1e4de83ecde' Filled=0 Fill price=0 Error='No error' Native error='',
8/3/2026 3:46:43 PM,Order,Order='87c675c6f7c6474b930203ca3b3aba9f/Sim102' Name='Stop1' New state='Cancel submitted' Instrument='MES SEP26' Action='Sell' Limit price=0 Stop price=7631 Quantity=10 Type='Stop Market' Time in force=GTC Oco='3f1dc5a59fd74a51a334d1e4de83ecde' Filled=0 Fill price=0 Error='No error' Native error='',
8/3/2026 3:46:43 PM,Order,Order='b23cb7657b034086ad5c65f0b5a83d87/Sim101' Name='PTT-BE-Target-1' New state='Submitted' Instrument='MES SEP26' Action='Sell' Limit price=7637 Stop price=0 Quantity=10 Type='Limit' Time in force=GTC Oco='PTT-BEG-00016-2-0-0' Filled=0 Fill price=0 Error='No error' Native error='',
8/3/2026 3:46:43 PM,Order,Order='b17a91c587744447aa94a12e4724d609/Sim101' Name='PTT-BE-Stop-1' New state='Submitted' Instrument='MES SEP26' Action='Sell' Limit price=0 Stop price=7635 Quantity=10 Type='Stop Market' Time in force=GTC Oco='PTT-BEG-00016-2-0-0' Filled=0 Fill price=0 Error='No error' Native error='',
8/3/2026 3:46:43 PM,Order,Order='f756ab9c51a748409c2e4b2486a2d367/Sim101' Name='Stop1' New state='Cancel submitted' Instrument='MES SEP26' Action='Sell' Limit price=0 Stop price=7631 Quantity=10 Type='Stop Market' Time in force=GTC Oco='b2e4425020d34e90a065f1d8d112ae11' Filled=0 Fill price=0 Error='No error' Native error='',
8/3/2026 3:46:43 PM,Order,Order='da155f0ca5cb4898825f96a3a7585f0a/Sim101' Name='Target1' New state='Cancel submitted' Instrument='MES SEP26' Action='Sell' Limit price=7637 Stop price=0 Quantity=10 Type='Limit' Time in force=GTC Oco='b2e4425020d34e90a065f1d8d112ae11' Filled=0 Fill price=0 Error='No error' Native error='',
8/3/2026 3:45:35 PM,Order,Order='dabaccbc8db547b0bd2c49b3cd8e91d5/Sim102' Name='Target1' New state='Working' Instrument='MES SEP26' Action='Sell' Limit price=7637 Stop price=0 Quantity=10 Type='Limit' Time in force=GTC Oco='3f1dc5a59fd74a51a334d1e4de83ecde' Filled=0 Fill price=0 Error='No error' Native error='',
8/3/2026 3:45:35 PM,Order,Order='dabaccbc8db547b0bd2c49b3cd8e91d5/Sim102' Name='Target1' New state='Accepted' Instrument='MES SEP26' Action='Sell' Limit price=7637 Stop price=0 Quantity=10 Type='Limit' Time in force=GTC Oco='3f1dc5a59fd74a51a334d1e4de83ecde' Filled=0 Fill price=0 Error='No error' Native error='',
8/3/2026 3:45:35 PM,Order,Order='87c675c6f7c6474b930203ca3b3aba9f/Sim102' Name='Stop1' New state='Accepted' Instrument='MES SEP26' Action='Sell' Limit price=0 Stop price=7631 Quantity=10 Type='Stop Market' Time in force=GTC Oco='3f1dc5a59fd74a51a334d1e4de83ecde' Filled=0 Fill price=0 Error='No error' Native error='',
8/3/2026 3:45:35 PM,Order,Order='dabaccbc8db547b0bd2c49b3cd8e91d5/Sim102' Name='Target1' New state='Submitted' Instrument='MES SEP26' Action='Sell' Limit price=7637 Stop price=0 Quantity=10 Type='Limit' Time in force=GTC Oco='3f1dc5a59fd74a51a334d1e4de83ecde' Filled=0 Fill price=0 Error='No error' Native error='',
8/3/2026 3:45:35 PM,Position,Instrument='MES SEP26' Account='Sim102' Average price=7635.025 Quantity=10 Market position=Long Operation=Update,
8/3/2026 3:45:35 PM,Order,Order='87c675c6f7c6474b930203ca3b3aba9f/Sim102' Name='Stop1' New state='Submitted' Instrument='MES SEP26' Action='Sell' Limit price=0 Stop price=7631 Quantity=10 Type='Stop Market' Time in force=GTC Oco='3f1dc5a59fd74a51a334d1e4de83ecde' Filled=0 Fill price=0 Error='No error' Native error='',
8/3/2026 3:45:35 PM,Order,Order='c6e92252c94148069ea61e4c9209b0ea/Sim102' Name='Entry' New state='Filled' Instrument='MES SEP26' Action='Buy' Limit price=0 Stop price=0 Quantity=10 Type='Market' Time in force=GTC Oco='' Filled=10 Fill price=7635.025 Error='No error' Native error='',
8/3/2026 3:45:35 PM,Execution,Execution='361d2817ef9a4538a4522f3a13fda35f' Instrument='MES SEP26' Account='Sim102' Exchange=Default Price=7635.25 Quantity=1 Market position=Long Operation=Operation_Add Order='c6e92252c94148069ea61e4c9209b0ea' Time='8/3/2026 3:45 PM',
8/3/2026 3:45:35 PM,Order,Order='c6e92252c94148069ea61e4c9209b0ea/Sim102' Name='Entry' New state='Working' Instrument='MES SEP26' Action='Buy' Limit price=0 Stop price=0 Quantity=10 Type='Market' Time in force=GTC Oco='' Filled=0 Fill price=0 Error='No error' Native error='',
8/3/2026 3:45:35 PM,Order,Order='c6e92252c94148069ea61e4c9209b0ea/Sim102' Name='Entry' New state='Accepted' Instrument='MES SEP26' Action='Buy' Limit price=0 Stop price=0 Quantity=10 Type='Market' Time in force=GTC Oco='' Filled=0 Fill price=0 Error='No error' Native error='',
8/3/2026 3:45:35 PM,Order,Order='c6e92252c94148069ea61e4c9209b0ea/Sim102' Name='Entry' New state='Partially filled' Instrument='MES SEP26' Action='Buy' Limit price=0 Stop price=0 Quantity=10 Type='Market' Time in force=GTC Oco='' Filled=9 Fill price=7635 Error='No error' Native error='',
8/3/2026 3:45:35 PM,Position,Instrument='MES SEP26' Account='Sim102' Average price=7635 Quantity=9 Market position=Long Operation=Operation_Add,
8/3/2026 3:45:35 PM,Execution,Execution='6db8951f735c48ca98097bfb8c6c4b0b' Instrument='MES SEP26' Account='Sim102' Exchange=Default Price=7635 Quantity=9 Market position=Long Operation=Operation_Add Order='c6e92252c94148069ea61e4c9209b0ea' Time='8/3/2026 3:45 PM',
8/3/2026 3:45:35 PM,Order,Order='c6e92252c94148069ea61e4c9209b0ea/Sim102' Name='Entry' New state='Submitted' Instrument='MES SEP26' Action='Buy' Limit price=0 Stop price=0 Quantity=10 Type='Market' Time in force=GTC Oco='' Filled=0 Fill price=0 Error='No error' Native error='',
8/3/2026 3:45:35 PM,Order,Static SuperDOM submitting order with strategy 'MES $200 SL4 - 2' (Ticks),
8/3/2026 3:45:34 PM,Order,Order='da155f0ca5cb4898825f96a3a7585f0a/Sim101' Name='Target1' New state='Working' Instrument='MES SEP26' Action='Sell' Limit price=7637 Stop price=0 Quantity=10 Type='Limit' Time in force=GTC Oco='b2e4425020d34e90a065f1d8d112ae11' Filled=0 Fill price=0 Error='No error' Native error='',
8/3/2026 3:45:34 PM,Order,Order='da155f0ca5cb4898825f96a3a7585f0a/Sim101' Name='Target1' New state='Accepted' Instrument='MES SEP26' Action='Sell' Limit price=7637 Stop price=0 Quantity=10 Type='Limit' Time in force=GTC Oco='b2e4425020d34e90a065f1d8d112ae11' Filled=0 Fill price=0 Error='No error' Native error='',
8/3/2026 3:45:34 PM,Order,Order='f756ab9c51a748409c2e4b2486a2d367/Sim101' Name='Stop1' New state='Accepted' Instrument='MES SEP26' Action='Sell' Limit price=0 Stop price=7631 Quantity=10 Type='Stop Market' Time in force=GTC Oco='b2e4425020d34e90a065f1d8d112ae11' Filled=0 Fill price=0 Error='No error' Native error='',
8/3/2026 3:45:33 PM,Order,Order='da155f0ca5cb4898825f96a3a7585f0a/Sim101' Name='Target1' New state='Submitted' Instrument='MES SEP26' Action='Sell' Limit price=7637 Stop price=0 Quantity=10 Type='Limit' Time in force=GTC Oco='b2e4425020d34e90a065f1d8d112ae11' Filled=0 Fill price=0 Error='No error' Native error='',
8/3/2026 3:45:33 PM,Order,Order='f756ab9c51a748409c2e4b2486a2d367/Sim101' Name='Stop1' New state='Submitted' Instrument='MES SEP26' Action='Sell' Limit price=0 Stop price=7631 Quantity=10 Type='Stop Market' Time in force=GTC Oco='b2e4425020d34e90a065f1d8d112ae11' Filled=0 Fill price=0 Error='No error' Native error='',
8/3/2026 3:45:33 PM,Execution,Execution='af80bdfb96d2494390ed98d7ac61ad12' Instrument='MES SEP26' Account='Sim101' Exchange=Default Price=7635 Quantity=10 Market position=Long Operation=Operation_Add Order='b62873d76446486da32f071cd47240c7' Time='8/3/2026 3:45 PM',
8/3/2026 3:45:33 PM,Position,Instrument='MES SEP26' Account='Sim101' Average price=7635 Quantity=10 Market position=Long Operation=Operation_Add,
8/3/2026 3:45:33 PM,Order,Order='b62873d76446486da32f071cd47240c7/Sim101' Name='Entry' New state='Filled' Instrument='MES SEP26' Action='Buy' Limit price=0 Stop price=0 Quantity=10 Type='Market' Time in force=GTC Oco='' Filled=10 Fill price=7635 Error='No error' Native error='',
8/3/2026 3:45:33 PM,Order,Order='b62873d76446486da32f071cd47240c7/Sim101' Name='Entry' New state='Working' Instrument='MES SEP26' Action='Buy' Limit price=0 Stop price=0 Quantity=10 Type='Market' Time in force=GTC Oco='' Filled=0 Fill price=0 Error='No error' Native error='',
8/3/2026 3:45:33 PM,Order,Order='b62873d76446486da32f071cd47240c7/Sim101' Name='Entry' New state='Accepted' Instrument='MES SEP26' Action='Buy' Limit price=0 Stop price=0 Quantity=10 Type='Market' Time in force=GTC Oco='' Filled=0 Fill price=0 Error='No error' Native error='',
8/3/2026 3:45:33 PM,Order,Order='b62873d76446486da32f071cd47240c7/Sim101' Name='Entry' New state='Submitted' Instrument='MES SEP26' Action='Buy' Limit price=0 Stop price=0 Quantity=10 Type='Market' Time in force=GTC Oco='' Filled=0 Fill price=0 Error='No error' Native error='',
8/3/2026 3:45:33 PM,Order,Static SuperDOM submitting order with strategy 'MES $200 SL4 - 1' (Ticks),
8/3/2026 3:45:30 PM,Position,Instrument='MES SEP26' Account='Sim102' Average price=0 Quantity=0 Market position=Flat Operation=Remove,
8/3/2026 3:45:30 PM,Order,Order='54bd99bdb6d94a209128afbd6cf4a0ec/Sim102' Name='Close' New state='Filled' Instrument='MES SEP26' Action='Sell' Limit price=0 Stop price=0 Quantity=10 Type='Market' Time in force=DAY Oco='' Filled=10 Fill price=7634.95 Error='No error' Native error='',
8/3/2026 3:45:30 PM,Execution,Execution='b13f3e5a7b214f69b41dd070125ed8ab' Instrument='MES SEP26' Account='Sim102' Exchange=Default Price=7634.75 Quantity=2 Market position=Short Operation=Operation_Add Order='54bd99bdb6d94a209128afbd6cf4a0ec' Time='8/3/2026 3:45 PM',
8/3/2026 3:45:30 PM,Position,Instrument='MES SEP26' Account='Sim102' Average price=7636 Quantity=2 Market position=Long Operation=Update,
8/3/2026 3:45:30 PM,Order,Order='54bd99bdb6d94a209128afbd6cf4a0ec/Sim102' Name='Close' New state='Partially filled' Instrument='MES SEP26' Action='Sell' Limit price=0 Stop price=0 Quantity=10 Type='Market' Time in force=DAY Oco='' Filled=8 Fill price=7635 Error='No error' Native error='',
8/3/2026 3:45:30 PM,Execution,Execution='d54b37d118c44e2a8c19a2cf52ce75a0' Instrument='MES SEP26' Account='Sim102' Exchange=Default Price=7635 Quantity=8 Market position=Short Operation=Operation_Add Order='54bd99bdb6d94a209128afbd6cf4a0ec' Time='8/3/2026 3:45 PM',
8/3/2026 3:45:30 PM,Order,Order='54bd99bdb6d94a209128afbd6cf4a0ec/Sim102' Name='Close' New state='Accepted' Instrument='MES SEP26' Action='Sell' Limit price=0 Stop price=0 Quantity=10 Type='Market' Time in force=DAY Oco='' Filled=0 Fill price=0 Error='No error' Native error='',
8/3/2026 3:45:30 PM,Order,Order='54bd99bdb6d94a209128afbd6cf4a0ec/Sim102' Name='Close' New state='Working' Instrument='MES SEP26' Action='Sell' Limit price=0 Stop price=0 Quantity=10 Type='Market' Time in force=DAY Oco='' Filled=0 Fill price=0 Error='No error' Native error='',
8/3/2026 3:45:30 PM,Order,Order='54bd99bdb6d94a209128afbd6cf4a0ec/Sim102' Name='Close' New state='Submitted' Instrument='MES SEP26' Action='Sell' Limit price=0 Stop price=0 Quantity=10 Type='Market' Time in force=DAY Oco='' Filled=0 Fill price=0 Error='No error' Native error='',
8/3/2026 3:45:30 PM,Default,Position grid close position,
8/3/2026 3:45:21 PM,Position,Instrument='MES SEP26' Account='Sim101' Average price=0 Quantity=0 Market position=Flat Operation=Remove,
8/3/2026 3:45:21 PM,Execution,Execution='599e11a1e15b4c2d860fe9672e0afceb' Instrument='MES SEP26' Account='Sim101' Exchange=Default Price=7635 Quantity=9 Market position=Short Operation=Operation_Add Order='ee75db2f5ba3435eb08a11842b7d305a' Time='8/3/2026 3:45 PM',
8/3/2026 3:45:21 PM,Order,Order='ee75db2f5ba3435eb08a11842b7d305a/Sim101' Name='Close' New state='Filled' Instrument='MES SEP26' Action='Sell' Limit price=0 Stop price=0 Quantity=10 Type='Market' Time in force=DAY Oco='' Filled=10 Fill price=7635.025 Error='No error' Native error='',
8/3/2026 3:45:21 PM,Position,Instrument='MES SEP26' Account='Sim101' Average price=7636 Quantity=9 Market position=Long Operation=Update,
8/3/2026 3:45:21 PM,Order,Order='ee75db2f5ba3435eb08a11842b7d305a/Sim101' Name='Close' New state='Partially filled' Instrument='MES SEP26' Action='Sell' Limit price=0 Stop price=0 Quantity=10 Type='Market' Time in force=DAY Oco='' Filled=1 Fill price=7635.25 Error='No error' Native error='',
8/3/2026 3:45:21 PM,Execution,Execution='d51f138f59ef428d9cfeac31c1ea4b99' Instrument='MES SEP26' Account='Sim101' Exchange=Default Price=7635.25 Quantity=1 Market position=Short Operation=Operation_Add Order='ee75db2f5ba3435eb08a11842b7d305a' Time='8/3/2026 3:45 PM',
8/3/2026 3:45:21 PM,Order,Order='ee75db2f5ba3435eb08a11842b7d305a/Sim101' Name='Close' New state='Accepted' Instrument='MES SEP26' Action='Sell' Limit price=0 Stop price=0 Quantity=10 Type='Market' Time in force=DAY Oco='' Filled=0 Fill price=0 Error='No error' Native error='',
8/3/2026 3:45:21 PM,Order,Order='ee75db2f5ba3435eb08a11842b7d305a/Sim101' Name='Close' New state='Working' Instrument='MES SEP26' Action='Sell' Limit price=0 Stop price=0 Quantity=10 Type='Market' Time in force=DAY Oco='' Filled=0 Fill price=0 Error='No error' Native error='',
8/3/2026 3:45:21 PM,Order,Order='ee75db2f5ba3435eb08a11842b7d305a/Sim101' Name='Close' New state='Submitted' Instrument='MES SEP26' Action='Sell' Limit price=0 Stop price=0 Quantity=10 Type='Market' Time in force=DAY Oco='' Filled=0 Fill price=0 Error='No error' Native error='',
8/3/2026 3:45:21 PM,Default,Chart Trader close position,
8/3/2026 3:45:04 PM,Order,Order='b832328b455e4ba9b0d023d9b2f54b3d/Sim102' Name='Stop1' New state='Cancelled' Instrument='MES SEP26' Action='Sell' Limit price=0 Stop price=7632 Quantity=10 Type='Stop Market' Time in force=GTC Oco='0443c616d5bc4523b2835e7dc1d1ded5' Filled=0 Fill price=0 Error='No error' Native error='',
8/3/2026 3:45:04 PM,Order,Order='0a54cf25a954460aa8877ba8b57ed529/Sim102' Name='Target1' New state='Cancelled' Instrument='MES SEP26' Action='Sell' Limit price=7638 Stop price=0 Quantity=10 Type='Limit' Time in force=GTC Oco='0443c616d5bc4523b2835e7dc1d1ded5' Filled=0 Fill price=0 Error='No error' Native error='',
8/3/2026 3:45:04 PM,Order,Order='358f428350da4756beda9571192fffc7/Sim101' Name='Target1' New state='Cancelled' Instrument='MES SEP26' Action='Sell' Limit price=7638 Stop price=0 Quantity=10 Type='Limit' Time in force=GTC Oco='079d97d178cf4a25a8f6eea58de1406b' Filled=0 Fill price=0 Error='No error' Native error='',
8/3/2026 3:45:04 PM,Order,Order='0d4a72d691654bbca9ccb3b4291270c1/Sim101' Name='Stop1' New state='Cancelled' Instrument='MES SEP26' Action='Sell' Limit price=0 Stop price=7632 Quantity=10 Type='Stop Market' Time in force=GTC Oco='079d97d178cf4a25a8f6eea58de1406b' Filled=0 Fill price=0 Error='No error' Native error='',
8/3/2026 3:45:04 PM,Order,Sim102 Sell stop or sell stop limit orders can't be placed above the market. affected Order: Sell 10 StopMarket @ 7636,
8/3/2026 3:45:04 PM,Order,Order='9137d2a070ee49ffa566c79cb582a662/Sim102' Name='PTT-BE-Target-1' New state='Rejected' Instrument='MES SEP26' Action='Sell' Limit price=7638 Stop price=0 Quantity=10 Type='Limit' Time in force=GTC Oco='PTT-BEG-00015-21-0-0' Filled=0 Fill price=0 Error='Unable to submit order' Native error='Order '9137d2a070ee49ffa566c79cb582a662' can't be submitted: The OCO ID ‘PTT-BEG-00015-21-0-0’ cannot be reused. Please use a new OCO ID.',
8/3/2026 3:45:04 PM,Order,Sim102 Order '9137d2a070ee49ffa566c79cb582a662' can't be submitted: The OCO ID ‘PTT-BEG-00015-21-0-0’ cannot be reused. Please use a new OCO ID. affected Order: Sell 10 Limit @ 7638,
8/3/2026 3:45:04 PM,Order,Order='43b90df247cc4a31a554d9506f05edc5/Sim102' Name='PTT-BE-Stop-1' New state='Submitted' Instrument='MES SEP26' Action='Sell' Limit price=0 Stop price=7636 Quantity=10 Type='Stop Market' Time in force=GTC Oco='PTT-BEG-00015-21-0-0' Filled=0 Fill price=0 Error='No error' Native error='',
8/3/2026 3:45:04 PM,Order,Order='43b90df247cc4a31a554d9506f05edc5/Sim102' Name='PTT-BE-Stop-1' New state='Rejected' Instrument='MES SEP26' Action='Sell' Limit price=0 Stop price=7636 Quantity=10 Type='Stop Market' Time in force=GTC Oco='PTT-BEG-00015-21-0-0' Filled=0 Fill price=0 Error='Order rejected' Native error='Sell stop or sell stop limit orders can't be placed above the market.',
8/3/2026 3:45:04 PM,Order,Order='b832328b455e4ba9b0d023d9b2f54b3d/Sim102' Name='Stop1' New state='Cancel submitted' Instrument='MES SEP26' Action='Sell' Limit price=0 Stop price=7632 Quantity=10 Type='Stop Market' Time in force=GTC Oco='0443c616d5bc4523b2835e7dc1d1ded5' Filled=0 Fill price=0 Error='No error' Native error='',
8/3/2026 3:45:04 PM,Order,Order='0a54cf25a954460aa8877ba8b57ed529/Sim102' Name='Target1' New state='Cancel submitted' Instrument='MES SEP26' Action='Sell' Limit price=7638 Stop price=0 Quantity=10 Type='Limit' Time in force=GTC Oco='0443c616d5bc4523b2835e7dc1d1ded5' Filled=0 Fill price=0 Error='No error' Native error='',
8/3/2026 3:45:04 PM,Order,Sim101 Order '4fb18b7dff2d4561a9bb627d69a85eba' can't be submitted: The OCO ID ‘PTT-BEG-00015-2-0-0’ cannot be reused. Please use a new OCO ID. affected Order: Sell 10 Limit @ 7638,
8/3/2026 3:45:04 PM,Order,Order='4fb18b7dff2d4561a9bb627d69a85eba/Sim101' Name='PTT-BE-Target-1' New state='Rejected' Instrument='MES SEP26' Action='Sell' Limit price=7638 Stop price=0 Quantity=10 Type='Limit' Time in force=GTC Oco='PTT-BEG-00015-2-0-0' Filled=0 Fill price=0 Error='Unable to submit order' Native error='Order '4fb18b7dff2d4561a9bb627d69a85eba' can't be submitted: The OCO ID ‘PTT-BEG-00015-2-0-0’ cannot be reused. Please use a new OCO ID.',
8/3/2026 3:45:04 PM,Order,Order='9aafb6597ba14d4eb303818780ff6bfb/Sim101' Name='PTT-BE-Stop-1' New state='Rejected' Instrument='MES SEP26' Action='Sell' Limit price=0 Stop price=7636 Quantity=10 Type='Stop Market' Time in force=GTC Oco='PTT-BEG-00015-2-0-0' Filled=0 Fill price=0 Error='Order rejected' Native error='Sell stop or sell stop limit orders can't be placed above the market.',
8/3/2026 3:45:04 PM,Order,Sim101 Sell stop or sell stop limit orders can't be placed above the market. affected Order: Sell 10 StopMarket @ 7636,
8/3/2026 3:45:04 PM,Order,Order='9aafb6597ba14d4eb303818780ff6bfb/Sim101' Name='PTT-BE-Stop-1' New state='Submitted' Instrument='MES SEP26' Action='Sell' Limit price=0 Stop price=7636 Quantity=10 Type='Stop Market' Time in force=GTC Oco='PTT-BEG-00015-2-0-0' Filled=0 Fill price=0 Error='No error' Native error='',
8/3/2026 3:45:04 PM,Order,Order='0d4a72d691654bbca9ccb3b4291270c1/Sim101' Name='Stop1' New state='Cancel submitted' Instrument='MES SEP26' Action='Sell' Limit price=0 Stop price=7632 Quantity=10 Type='Stop Market' Time in force=GTC Oco='079d97d178cf4a25a8f6eea58de1406b' Filled=0 Fill price=0 Error='No error' Native error='',
8/3/2026 3:45:04 PM,Order,Order='358f428350da4756beda9571192fffc7/Sim101' Name='Target1' New state='Cancel submitted' Instrument='MES SEP26' Action='Sell' Limit price=7638 Stop price=0 Quantity=10 Type='Limit' Time in force=GTC Oco='079d97d178cf4a25a8f6eea58de1406b' Filled=0 Fill price=0 Error='No error' Native error='',
8/3/2026 3:44:24 PM,Order,Order='0a54cf25a954460aa8877ba8b57ed529/Sim102' Name='Target1' New state='Accepted' Instrument='MES SEP26' Action='Sell' Limit price=7638 Stop price=0 Quantity=10 Type='Limit' Time in force=GTC Oco='0443c616d5bc4523b2835e7dc1d1ded5' Filled=0 Fill price=0 Error='No error' Native error='',
8/3/2026 3:44:24 PM,Order,Order='0a54cf25a954460aa8877ba8b57ed529/Sim102' Name='Target1' New state='Working' Instrument='MES SEP26' Action='Sell' Limit price=7638 Stop price=0 Quantity=10 Type='Limit' Time in force=GTC Oco='0443c616d5bc4523b2835e7dc1d1ded5' Filled=0 Fill price=0 Error='No error' Native error='',
8/3/2026 3:44:24 PM,Order,Order='b832328b455e4ba9b0d023d9b2f54b3d/Sim102' Name='Stop1' New state='Accepted' Instrument='MES SEP26' Action='Sell' Limit price=0 Stop price=7632 Quantity=10 Type='Stop Market' Time in force=GTC Oco='0443c616d5bc4523b2835e7dc1d1ded5' Filled=0 Fill price=0 Error='No error' Native error='',
8/3/2026 3:44:24 PM,Order,Order='0a54cf25a954460aa8877ba8b57ed529/Sim102' Name='Target1' New state='Submitted' Instrument='MES SEP26' Action='Sell' Limit price=7638 Stop price=0 Quantity=10 Type='Limit' Time in force=GTC Oco='0443c616d5bc4523b2835e7dc1d1ded5' Filled=0 Fill price=0 Error='No error' Native error='',
8/3/2026 3:44:24 PM,Order,Order='b832328b455e4ba9b0d023d9b2f54b3d/Sim102' Name='Stop1' New state='Submitted' Instrument='MES SEP26' Action='Sell' Limit price=0 Stop price=7632 Quantity=10 Type='Stop Market' Time in force=GTC Oco='0443c616d5bc4523b2835e7dc1d1ded5' Filled=0 Fill price=0 Error='No error' Native error='',
8/3/2026 3:44:24 PM,Execution,Execution='e9b16e43b4ac497a887e4637d5c5d29f' Instrument='MES SEP26' Account='Sim102' Exchange=Default Price=7636 Quantity=10 Market position=Long Operation=Operation_Add Order='5e4faaebb2d24e6abfee9b02dcefae7e' Time='8/3/2026 3:44 PM',
8/3/2026 3:44:24 PM,Position,Instrument='MES SEP26' Account='Sim102' Average price=7636 Quantity=10 Market position=Long Operation=Operation_Add,
8/3/2026 3:44:24 PM,Order,Order='5e4faaebb2d24e6abfee9b02dcefae7e/Sim102' Name='Entry' New state='Filled' Instrument='MES SEP26' Action='Buy' Limit price=0 Stop price=0 Quantity=10 Type='Market' Time in force=GTC Oco='' Filled=10 Fill price=7636 Error='No error' Native error='',
8/3/2026 3:44:24 PM,Order,Order='5e4faaebb2d24e6abfee9b02dcefae7e/Sim102' Name='Entry' New state='Accepted' Instrument='MES SEP26' Action='Buy' Limit price=0 Stop price=0 Quantity=10 Type='Market' Time in force=GTC Oco='' Filled=0 Fill price=0 Error='No error' Native error='',
8/3/2026 3:44:24 PM,Order,Order='5e4faaebb2d24e6abfee9b02dcefae7e/Sim102' Name='Entry' New state='Working' Instrument='MES SEP26' Action='Buy' Limit price=0 Stop price=0 Quantity=10 Type='Market' Time in force=GTC Oco='' Filled=0 Fill price=0 Error='No error' Native error='',
8/3/2026 3:44:24 PM,Order,Order='5e4faaebb2d24e6abfee9b02dcefae7e/Sim102' Name='Entry' New state='Submitted' Instrument='MES SEP26' Action='Buy' Limit price=0 Stop price=0 Quantity=10 Type='Market' Time in force=GTC Oco='' Filled=0 Fill price=0 Error='No error' Native error='',
8/3/2026 3:44:24 PM,Order,Static SuperDOM submitting order with strategy 'MES $200 SL4 - 2' (Ticks),
8/3/2026 3:44:23 PM,Order,Order='358f428350da4756beda9571192fffc7/Sim101' Name='Target1' New state='Accepted' Instrument='MES SEP26' Action='Sell' Limit price=7638 Stop price=0 Quantity=10 Type='Limit' Time in force=GTC Oco='079d97d178cf4a25a8f6eea58de1406b' Filled=0 Fill price=0 Error='No error' Native error='',
8/3/2026 3:44:23 PM,Order,Order='0d4a72d691654bbca9ccb3b4291270c1/Sim101' Name='Stop1' New state='Accepted' Instrument='MES SEP26' Action='Sell' Limit price=0 Stop price=7632 Quantity=10 Type='Stop Market' Time in force=GTC Oco='079d97d178cf4a25a8f6eea58de1406b' Filled=0 Fill price=0 Error='No error' Native error='',
8/3/2026 3:44:23 PM,Order,Order='358f428350da4756beda9571192fffc7/Sim101' Name='Target1' New state='Working' Instrument='MES SEP26' Action='Sell' Limit price=7638 Stop price=0 Quantity=10 Type='Limit' Time in force=GTC Oco='079d97d178cf4a25a8f6eea58de1406b' Filled=0 Fill price=0 Error='No error' Native error='',
8/3/2026 3:44:23 PM,Order,Order='0d4a72d691654bbca9ccb3b4291270c1/Sim101' Name='Stop1' New state='Submitted' Instrument='MES SEP26' Action='Sell' Limit price=0 Stop price=7632 Quantity=10 Type='Stop Market' Time in force=GTC Oco='079d97d178cf4a25a8f6eea58de1406b' Filled=0 Fill price=0 Error='No error' Native error='',
8/3/2026 3:44:23 PM,Order,Order='358f428350da4756beda9571192fffc7/Sim101' Name='Target1' New state='Submitted' Instrument='MES SEP26' Action='Sell' Limit price=7638 Stop price=0 Quantity=10 Type='Limit' Time in force=GTC Oco='079d97d178cf4a25a8f6eea58de1406b' Filled=0 Fill price=0 Error='No error' Native error='',
8/3/2026 3:44:23 PM,Execution,Execution='ce87534657cb43e088b11891310d6b2a' Instrument='MES SEP26' Account='Sim101' Exchange=Default Price=7636 Quantity=10 Market position=Long Operation=Operation_Add Order='51d47fd520b740d1b3f7aa3d0ac58e4f' Time='8/3/2026 3:44 PM',
8/3/2026 3:44:23 PM,Position,Instrument='MES SEP26' Account='Sim101' Average price=7636 Quantity=10 Market position=Long Operation=Operation_Add,
8/3/2026 3:44:23 PM,Order,Order='51d47fd520b740d1b3f7aa3d0ac58e4f/Sim101' Name='Entry' New state='Filled' Instrument='MES SEP26' Action='Buy' Limit price=0 Stop price=0 Quantity=10 Type='Market' Time in force=GTC Oco='' Filled=10 Fill price=7636 Error='No error' Native error='',
8/3/2026 3:44:23 PM,Order,Order='51d47fd520b740d1b3f7aa3d0ac58e4f/Sim101' Name='Entry' New state='Accepted' Instrument='MES SEP26' Action='Buy' Limit price=0 Stop price=0 Quantity=10 Type='Market' Time in force=GTC Oco='' Filled=0 Fill price=0 Error='No error' Native error='',
8/3/2026 3:44:23 PM,Order,Order='51d47fd520b740d1b3f7aa3d0ac58e4f/Sim101' Name='Entry' New state='Working' Instrument='MES SEP26' Action='Buy' Limit price=0 Stop price=0 Quantity=10 Type='Market' Time in force=GTC Oco='' Filled=0 Fill price=0 Error='No error' Native error='',
8/3/2026 3:44:22 PM,Order,Order='51d47fd520b740d1b3f7aa3d0ac58e4f/Sim101' Name='Entry' New state='Submitted' Instrument='MES SEP26' Action='Buy' Limit price=0 Stop price=0 Quantity=10 Type='Market' Time in force=GTC Oco='' Filled=0 Fill price=0 Error='No error' Native error='',
8/3/2026 3:44:22 PM,Order,Static SuperDOM submitting order with strategy 'MES $200 SL4 - 1' (Ticks),
8/3/2026 3:41:35 PM,Order,Order='94f5dfeec4bc4530ac1c15b427e57cda/Sim102' Name='PTT-BE-Target-1' New state='Cancelled' Instrument='MES SEP26' Action='Sell' Limit price=7638.5 Stop price=0 Quantity=10 Type='Limit' Time in force=GTC Oco='PTT-BEG-00014-21-0-0' Filled=0 Fill price=0 Error='No error' Native error='',
8/3/2026 3:41:35 PM,Position,Instrument='MES SEP26' Account='Sim102' Average price=0 Quantity=0 Market position=Flat Operation=Remove,
8/3/2026 3:41:35 PM,Order,Order='ec197fd6e6e74307ad5ef0effa298dcd/Sim101' Name='PTT-BE-Target-1' New state='Cancelled' Instrument='MES SEP26' Action='Sell' Limit price=7638.5 Stop price=0 Quantity=10 Type='Limit' Time in force=GTC Oco='PTT-BEG-00014-2-0-0' Filled=0 Fill price=0 Error='No error' Native error='',
8/3/2026 3:41:35 PM,Order,Order='94f5dfeec4bc4530ac1c15b427e57cda/Sim102' Name='PTT-BE-Target-1' New state='Cancel submitted' Instrument='MES SEP26' Action='Sell' Limit price=7638.5 Stop price=0 Quantity=10 Type='Limit' Time in force=GTC Oco='PTT-BEG-00014-21-0-0' Filled=0 Fill price=0 Error='No error' Native error='',
8/3/2026 3:41:35 PM,Execution,Execution='753de27d2df84271a93aa25fbe16aabc' Instrument='MES SEP26' Account='Sim102' Exchange=Default Price=7636.25 Quantity=10 Market position=Short Operation=Operation_Add Order='1717df75715e4c7ba1c05bd282b8bd22' Time='8/3/2026 3:41 PM',
8/3/2026 3:41:35 PM,Order,Order='1717df75715e4c7ba1c05bd282b8bd22/Sim102' Name='PTT-BE-Stop-1' New state='Filled' Instrument='MES SEP26' Action='Sell' Limit price=0 Stop price=7636.5 Quantity=10 Type='Stop Market' Time in force=GTC Oco='PTT-BEG-00014-21-0-0' Filled=10 Fill price=7636.25 Error='No error' Native error='',
8/3/2026 3:41:35 PM,Position,Instrument='MES SEP26' Account='Sim101' Average price=0 Quantity=0 Market position=Flat Operation=Remove,
8/3/2026 3:41:35 PM,Order,Order='ec197fd6e6e74307ad5ef0effa298dcd/Sim101' Name='PTT-BE-Target-1' New state='Cancel submitted' Instrument='MES SEP26' Action='Sell' Limit price=7638.5 Stop price=0 Quantity=10 Type='Limit' Time in force=GTC Oco='PTT-BEG-00014-2-0-0' Filled=0 Fill price=0 Error='No error' Native error='',
8/3/2026 3:41:35 PM,Execution,Execution='a51317388c354d54a267128bd19e8417' Instrument='MES SEP26' Account='Sim101' Exchange=Default Price=7636.25 Quantity=10 Market position=Short Operation=Operation_Add Order='6784a5d073574926bc37d29ae2dc95f7' Time='8/3/2026 3:41 PM',
8/3/2026 3:41:35 PM,Order,Order='6784a5d073574926bc37d29ae2dc95f7/Sim101' Name='PTT-BE-Stop-1' New state='Filled' Instrument='MES SEP26' Action='Sell' Limit price=0 Stop price=7636.5 Quantity=10 Type='Stop Market' Time in force=GTC Oco='PTT-BEG-00014-2-0-0' Filled=10 Fill price=7636.25 Error='No error' Native error='',
8/3/2026 3:41:35 PM,Order,Order='94f5dfeec4bc4530ac1c15b427e57cda/Sim102' Name='PTT-BE-Target-1' New state='Accepted' Instrument='MES SEP26' Action='Sell' Limit price=7638.5 Stop price=0 Quantity=10 Type='Limit' Time in force=GTC Oco='PTT-BEG-00014-21-0-0' Filled=0 Fill price=0 Error='No error' Native error='',
8/3/2026 3:41:35 PM,Order,Order='94f5dfeec4bc4530ac1c15b427e57cda/Sim102' Name='PTT-BE-Target-1' New state='Working' Instrument='MES SEP26' Action='Sell' Limit price=7638.5 Stop price=0 Quantity=10 Type='Limit' Time in force=GTC Oco='PTT-BEG-00014-21-0-0' Filled=0 Fill price=0 Error='No error' Native error='',
8/3/2026 3:41:35 PM,Order,Order='1717df75715e4c7ba1c05bd282b8bd22/Sim102' Name='PTT-BE-Stop-1' New state='Accepted' Instrument='MES SEP26' Action='Sell' Limit price=0 Stop price=7636.5 Quantity=10 Type='Stop Market' Time in force=GTC Oco='PTT-BEG-00014-21-0-0' Filled=0 Fill price=0 Error='No error' Native error='',
8/3/2026 3:41:35 PM,Order,Order='1717df75715e4c7ba1c05bd282b8bd22/Sim102' Name='PTT-BE-Stop-1' New state='Working' Instrument='MES SEP26' Action='Sell' Limit price=0 Stop price=7636.5 Quantity=10 Type='Stop Market' Time in force=GTC Oco='PTT-BEG-00014-21-0-0' Filled=0 Fill price=0 Error='No error' Native error='',
8/3/2026 3:41:35 PM,Order,Order='f832d1593ebd439c89d6ffcd1da83943/Sim102' Name='Target1' New state='Cancelled' Instrument='MES SEP26' Action='Sell' Limit price=7638.5 Stop price=0 Quantity=10 Type='Limit' Time in force=GTC Oco='84570122e7454cb39df3fcce39ea49be' Filled=0 Fill price=0 Error='No error' Native error='',
8/3/2026 3:41:35 PM,Order,Order='ec197fd6e6e74307ad5ef0effa298dcd/Sim101' Name='PTT-BE-Target-1' New state='Working' Instrument='MES SEP26' Action='Sell' Limit price=7638.5 Stop price=0 Quantity=10 Type='Limit' Time in force=GTC Oco='PTT-BEG-00014-2-0-0' Filled=0 Fill price=0 Error='No error' Native error='',
8/3/2026 3:41:35 PM,Order,Order='ec197fd6e6e74307ad5ef0effa298dcd/Sim101' Name='PTT-BE-Target-1' New state='Accepted' Instrument='MES SEP26' Action='Sell' Limit price=7638.5 Stop price=0 Quantity=10 Type='Limit' Time in force=GTC Oco='PTT-BEG-00014-2-0-0' Filled=0 Fill price=0 Error='No error' Native error='',
8/3/2026 3:41:35 PM,Order,Order='f0f171e1eaf14bdfabba2cbe56c8e1c1/Sim102' Name='Stop1' New state='Cancelled' Instrument='MES SEP26' Action='Sell' Limit price=0 Stop price=7632.5 Quantity=10 Type='Stop Market' Time in force=GTC Oco='84570122e7454cb39df3fcce39ea49be' Filled=0 Fill price=0 Error='No error' Native error='',
8/3/2026 3:41:35 PM,Order,Order='6784a5d073574926bc37d29ae2dc95f7/Sim101' Name='PTT-BE-Stop-1' New state='Working' Instrument='MES SEP26' Action='Sell' Limit price=0 Stop price=7636.5 Quantity=10 Type='Stop Market' Time in force=GTC Oco='PTT-BEG-00014-2-0-0' Filled=0 Fill price=0 Error='No error' Native error='',
8/3/2026 3:41:35 PM,Order,Order='6784a5d073574926bc37d29ae2dc95f7/Sim101' Name='PTT-BE-Stop-1' New state='Accepted' Instrument='MES SEP26' Action='Sell' Limit price=0 Stop price=7636.5 Quantity=10 Type='Stop Market' Time in force=GTC Oco='PTT-BEG-00014-2-0-0' Filled=0 Fill price=0 Error='No error' Native error='',
8/3/2026 3:41:35 PM,Order,Order='73ac7bf95e014e62bc2c5c5abb951ec2/Sim101' Name='Stop1' New state='Cancelled' Instrument='MES SEP26' Action='Sell' Limit price=0 Stop price=7632.5 Quantity=10 Type='Stop Market' Time in force=GTC Oco='4aa954d0d1724fdd96dacc58bb24509e' Filled=0 Fill price=0 Error='No error' Native error='',
8/3/2026 3:41:35 PM,Order,Order='2f89ca8f17854ce3a4e044f68a8a196b/Sim101' Name='Target1' New state='Cancelled' Instrument='MES SEP26' Action='Sell' Limit price=7638.5 Stop price=0 Quantity=10 Type='Limit' Time in force=GTC Oco='4aa954d0d1724fdd96dacc58bb24509e' Filled=0 Fill price=0 Error='No error' Native error='',
8/3/2026 3:41:35 PM,Order,Order='94f5dfeec4bc4530ac1c15b427e57cda/Sim102' Name='PTT-BE-Target-1' New state='Submitted' Instrument='MES SEP26' Action='Sell' Limit price=7638.5 Stop price=0 Quantity=10 Type='Limit' Time in force=GTC Oco='PTT-BEG-00014-21-0-0' Filled=0 Fill price=0 Error='No error' Native error='',
8/3/2026 3:41:35 PM,Order,Order='1717df75715e4c7ba1c05bd282b8bd22/Sim102' Name='PTT-BE-Stop-1' New state='Submitted' Instrument='MES SEP26' Action='Sell' Limit price=0 Stop price=7636.5 Quantity=10 Type='Stop Market' Time in force=GTC Oco='PTT-BEG-00014-21-0-0' Filled=0 Fill price=0 Error='No error' Native error='',
8/3/2026 3:41:35 PM,Order,Order='f832d1593ebd439c89d6ffcd1da83943/Sim102' Name='Target1' New state='Cancel submitted' Instrument='MES SEP26' Action='Sell' Limit price=7638.5 Stop price=0 Quantity=10 Type='Limit' Time in force=GTC Oco='84570122e7454cb39df3fcce39ea49be' Filled=0 Fill price=0 Error='No error' Native error='',
8/3/2026 3:41:35 PM,Order,Order='f0f171e1eaf14bdfabba2cbe56c8e1c1/Sim102' Name='Stop1' New state='Cancel submitted' Instrument='MES SEP26' Action='Sell' Limit price=0 Stop price=7632.5 Quantity=10 Type='Stop Market' Time in force=GTC Oco='84570122e7454cb39df3fcce39ea49be' Filled=0 Fill price=0 Error='No error' Native error='',
8/3/2026 3:41:35 PM,Order,Order='ec197fd6e6e74307ad5ef0effa298dcd/Sim101' Name='PTT-BE-Target-1' New state='Submitted' Instrument='MES SEP26' Action='Sell' Limit price=7638.5 Stop price=0 Quantity=10 Type='Limit' Time in force=GTC Oco='PTT-BEG-00014-2-0-0' Filled=0 Fill price=0 Error='No error' Native error='',
8/3/2026 3:41:35 PM,Order,Order='6784a5d073574926bc37d29ae2dc95f7/Sim101' Name='PTT-BE-Stop-1' New state='Submitted' Instrument='MES SEP26' Action='Sell' Limit price=0 Stop price=7636.5 Quantity=10 Type='Stop Market' Time in force=GTC Oco='PTT-BEG-00014-2-0-0' Filled=0 Fill price=0 Error='No error' Native error='',
8/3/2026 3:41:35 PM,Order,Order='73ac7bf95e014e62bc2c5c5abb951ec2/Sim101' Name='Stop1' New state='Cancel submitted' Instrument='MES SEP26' Action='Sell' Limit price=0 Stop price=7632.5 Quantity=10 Type='Stop Market' Time in force=GTC Oco='4aa954d0d1724fdd96dacc58bb24509e' Filled=0 Fill price=0 Error='No error' Native error='',
8/3/2026 3:41:35 PM,Order,Order='2f89ca8f17854ce3a4e044f68a8a196b/Sim101' Name='Target1' New state='Cancel submitted' Instrument='MES SEP26' Action='Sell' Limit price=7638.5 Stop price=0 Quantity=10 Type='Limit' Time in force=GTC Oco='4aa954d0d1724fdd96dacc58bb24509e' Filled=0 Fill price=0 Error='No error' Native error='',
8/3/2026 3:41:33 PM,Order,Order='f832d1593ebd439c89d6ffcd1da83943/Sim102' Name='Target1' New state='Accepted' Instrument='MES SEP26' Action='Sell' Limit price=7638.5 Stop price=0 Quantity=10 Type='Limit' Time in force=GTC Oco='84570122e7454cb39df3fcce39ea49be' Filled=0 Fill price=0 Error='No error' Native error='',
8/3/2026 3:41:33 PM,Order,Order='f832d1593ebd439c89d6ffcd1da83943/Sim102' Name='Target1' New state='Working' Instrument='MES SEP26' Action='Sell' Limit price=7638.5 Stop price=0 Quantity=10 Type='Limit' Time in force=GTC Oco='84570122e7454cb39df3fcce39ea49be' Filled=0 Fill price=0 Error='No error' Native error='',
8/3/2026 3:41:33 PM,Order,Order='f0f171e1eaf14bdfabba2cbe56c8e1c1/Sim102' Name='Stop1' New state='Accepted' Instrument='MES SEP26' Action='Sell' Limit price=0 Stop price=7632.5 Quantity=10 Type='Stop Market' Time in force=GTC Oco='84570122e7454cb39df3fcce39ea49be' Filled=0 Fill price=0 Error='No error' Native error='',
8/3/2026 3:41:33 PM,Order,Order='f0f171e1eaf14bdfabba2cbe56c8e1c1/Sim102' Name='Stop1' New state='Submitted' Instrument='MES SEP26' Action='Sell' Limit price=0 Stop price=7632.5 Quantity=10 Type='Stop Market' Time in force=GTC Oco='84570122e7454cb39df3fcce39ea49be' Filled=0 Fill price=0 Error='No error' Native error='',
8/3/2026 3:41:33 PM,Order,Order='f832d1593ebd439c89d6ffcd1da83943/Sim102' Name='Target1' New state='Submitted' Instrument='MES SEP26' Action='Sell' Limit price=7638.5 Stop price=0 Quantity=10 Type='Limit' Time in force=GTC Oco='84570122e7454cb39df3fcce39ea49be' Filled=0 Fill price=0 Error='No error' Native error='',
8/3/2026 3:41:33 PM,Position,Instrument='MES SEP26' Account='Sim102' Average price=7636.5 Quantity=10 Market position=Long Operation=Operation_Add,
8/3/2026 3:41:33 PM,Execution,Execution='bbc912ad108f4f70a538a4a147f537db' Instrument='MES SEP26' Account='Sim102' Exchange=Default Price=7636.5 Quantity=10 Market position=Long Operation=Operation_Add Order='0d26c2149c78450f914641f994b22968' Time='8/3/2026 3:41 PM',
8/3/2026 3:41:33 PM,Order,Order='0d26c2149c78450f914641f994b22968/Sim102' Name='Entry' New state='Filled' Instrument='MES SEP26' Action='Buy' Limit price=0 Stop price=0 Quantity=10 Type='Market' Time in force=GTC Oco='' Filled=10 Fill price=7636.5 Error='No error' Native error='',
8/3/2026 3:41:33 PM,Order,Order='0d26c2149c78450f914641f994b22968/Sim102' Name='Entry' New state='Accepted' Instrument='MES SEP26' Action='Buy' Limit price=0 Stop price=0 Quantity=10 Type='Market' Time in force=GTC Oco='' Filled=0 Fill price=0 Error='No error' Native error='',
8/3/2026 3:41:33 PM,Order,Order='0d26c2149c78450f914641f994b22968/Sim102' Name='Entry' New state='Working' Instrument='MES SEP26' Action='Buy' Limit price=0 Stop price=0 Quantity=10 Type='Market' Time in force=GTC Oco='' Filled=0 Fill price=0 Error='No error' Native error='',
8/3/2026 3:41:33 PM,Order,Order='0d26c2149c78450f914641f994b22968/Sim102' Name='Entry' New state='Submitted' Instrument='MES SEP26' Action='Buy' Limit price=0 Stop price=0 Quantity=10 Type='Market' Time in force=GTC Oco='' Filled=0 Fill price=0 Error='No error' Native error='',
8/3/2026 3:41:33 PM,Order,Static SuperDOM submitting order with strategy 'MES $200 SL4 - 2' (Ticks),
8/3/2026 3:41:32 PM,Order,Order='2f89ca8f17854ce3a4e044f68a8a196b/Sim101' Name='Target1' New state='Working' Instrument='MES SEP26' Action='Sell' Limit price=7638.5 Stop price=0 Quantity=10 Type='Limit' Time in force=GTC Oco='4aa954d0d1724fdd96dacc58bb24509e' Filled=0 Fill price=0 Error='No error' Native error='',
8/3/2026 3:41:32 PM,Order,Order='73ac7bf95e014e62bc2c5c5abb951ec2/Sim101' Name='Stop1' New state='Accepted' Instrument='MES SEP26' Action='Sell' Limit price=0 Stop price=7632.5 Quantity=10 Type='Stop Market' Time in force=GTC Oco='4aa954d0d1724fdd96dacc58bb24509e' Filled=0 Fill price=0 Error='No error' Native error='',
8/3/2026 3:41:32 PM,Order,Order='2f89ca8f17854ce3a4e044f68a8a196b/Sim101' Name='Target1' New state='Accepted' Instrument='MES SEP26' Action='Sell' Limit price=7638.5 Stop price=0 Quantity=10 Type='Limit' Time in force=GTC Oco='4aa954d0d1724fdd96dacc58bb24509e' Filled=0 Fill price=0 Error='No error' Native error='',
8/3/2026 3:41:32 PM,Order,Order='2f89ca8f17854ce3a4e044f68a8a196b/Sim101' Name='Target1' New state='Submitted' Instrument='MES SEP26' Action='Sell' Limit price=7638.5 Stop price=0 Quantity=10 Type='Limit' Time in force=GTC Oco='4aa954d0d1724fdd96dacc58bb24509e' Filled=0 Fill price=0 Error='No error' Native error='',
8/3/2026 3:41:32 PM,Order,Order='73ac7bf95e014e62bc2c5c5abb951ec2/Sim101' Name='Stop1' New state='Submitted' Instrument='MES SEP26' Action='Sell' Limit price=0 Stop price=7632.5 Quantity=10 Type='Stop Market' Time in force=GTC Oco='4aa954d0d1724fdd96dacc58bb24509e' Filled=0 Fill price=0 Error='No error' Native error='',
8/3/2026 3:41:32 PM,Execution,Execution='4aa65db2fac24445b91a30cdbcac296f' Instrument='MES SEP26' Account='Sim101' Exchange=Default Price=7636.5 Quantity=10 Market position=Long Operation=Operation_Add Order='7067dc39793f4380bb85c09da7fcece9' Time='8/3/2026 3:41 PM',
8/3/2026 3:41:32 PM,Position,Instrument='MES SEP26' Account='Sim101' Average price=7636.5 Quantity=10 Market position=Long Operation=Operation_Add,
8/3/2026 3:41:32 PM,Order,Order='7067dc39793f4380bb85c09da7fcece9/Sim101' Name='Entry' New state='Filled' Instrument='MES SEP26' Action='Buy' Limit price=0 Stop price=0 Quantity=10 Type='Market' Time in force=GTC Oco='' Filled=10 Fill price=7636.5 Error='No error' Native error='',
8/3/2026 3:41:32 PM,Order,Order='7067dc39793f4380bb85c09da7fcece9/Sim101' Name='Entry' New state='Working' Instrument='MES SEP26' Action='Buy' Limit price=0 Stop price=0 Quantity=10 Type='Market' Time in force=GTC Oco='' Filled=0 Fill price=0 Error='No error' Native error='',
8/3/2026 3:41:32 PM,Order,Order='7067dc39793f4380bb85c09da7fcece9/Sim101' Name='Entry' New state='Accepted' Instrument='MES SEP26' Action='Buy' Limit price=0 Stop price=0 Quantity=10 Type='Market' Time in force=GTC Oco='' Filled=0 Fill price=0 Error='No error' Native error='',
8/3/2026 3:41:32 PM,Order,Order='7067dc39793f4380bb85c09da7fcece9/Sim101' Name='Entry' New state='Submitted' Instrument='MES SEP26' Action='Buy' Limit price=0 Stop price=0 Quantity=10 Type='Market' Time in force=GTC Oco='' Filled=0 Fill price=0 Error='No error' Native error='',
8/3/2026 3:41:32 PM,Order,Static SuperDOM submitting order with strategy 'MES $200 SL4 - 1' (Ticks),
8/3/2026 3:41:23 PM,Position,Instrument='MES SEP26' Account='Sim101' Average price=0 Quantity=0 Market position=Flat Operation=Remove,
8/3/2026 3:41:23 PM,Order,Order='a73bddc4897148dd94571a729a9b042b/Sim101' Name='Close' New state='Filled' Instrument='MES SEP26' Action='Sell' Limit price=0 Stop price=0 Quantity=10 Type='Market' Time in force=DAY Oco='' Filled=10 Fill price=7636.25 Error='No error' Native error='',
8/3/2026 3:41:23 PM,Execution,Execution='7b8c1145753545a583cb44020d3f631b' Instrument='MES SEP26' Account='Sim101' Exchange=Default Price=7636.25 Quantity=10 Market position=Short Operation=Operation_Add Order='a73bddc4897148dd94571a729a9b042b' Time='8/3/2026 3:41 PM',
8/3/2026 3:41:23 PM,Order,Order='a73bddc4897148dd94571a729a9b042b/Sim101' Name='Close' New state='Accepted' Instrument='MES SEP26' Action='Sell' Limit price=0 Stop price=0 Quantity=10 Type='Market' Time in force=DAY Oco='' Filled=0 Fill price=0 Error='No error' Native error='',
8/3/2026 3:41:23 PM,Order,Order='a73bddc4897148dd94571a729a9b042b/Sim101' Name='Close' New state='Working' Instrument='MES SEP26' Action='Sell' Limit price=0 Stop price=0 Quantity=10 Type='Market' Time in force=DAY Oco='' Filled=0 Fill price=0 Error='No error' Native error='',
8/3/2026 3:41:23 PM,Order,Order='a73bddc4897148dd94571a729a9b042b/Sim101' Name='Close' New state='Submitted' Instrument='MES SEP26' Action='Sell' Limit price=0 Stop price=0 Quantity=10 Type='Market' Time in force=DAY Oco='' Filled=0 Fill price=0 Error='No error' Native error='',
8/3/2026 3:41:23 PM,Default,Position grid close position,
8/3/2026 3:41:23 PM,Position,Instrument='MES SEP26' Account='Sim102' Average price=0 Quantity=0 Market position=Flat Operation=Remove,
8/3/2026 3:41:23 PM,Order,Order='5d5ee157ebd2444abf7e75fe1a596d66/Sim102' Name='Close' New state='Filled' Instrument='MES SEP26' Action='Sell' Limit price=0 Stop price=0 Quantity=10 Type='Market' Time in force=DAY Oco='' Filled=10 Fill price=7636.125 Error='No error' Native error='',
8/3/2026 3:41:23 PM,Execution,Execution='96036ef787974496a5828f0ecbb8c716' Instrument='MES SEP26' Account='Sim102' Exchange=Default Price=7636 Quantity=5 Market position=Short Operation=Operation_Add Order='5d5ee157ebd2444abf7e75fe1a596d66' Time='8/3/2026 3:41 PM',
8/3/2026 3:41:23 PM,Position,Instrument='MES SEP26' Account='Sim102' Average price=7635.75 Quantity=5 Market position=Long Operation=Update,
8/3/2026 3:41:23 PM,Order,Order='5d5ee157ebd2444abf7e75fe1a596d66/Sim102' Name='Close' New state='Partially filled' Instrument='MES SEP26' Action='Sell' Limit price=0 Stop price=0 Quantity=10 Type='Market' Time in force=DAY Oco='' Filled=5 Fill price=7636.25 Error='No error' Native error='',
8/3/2026 3:41:23 PM,Execution,Execution='a07ab165bc86452c9f3cf53cfa416549' Instrument='MES SEP26' Account='Sim102' Exchange=Default Price=7636.25 Quantity=5 Market position=Short Operation=Operation_Add Order='5d5ee157ebd2444abf7e75fe1a596d66' Time='8/3/2026 3:41 PM',
8/3/2026 3:41:23 PM,Order,Order='5d5ee157ebd2444abf7e75fe1a596d66/Sim102' Name='Close' New state='Working' Instrument='MES SEP26' Action='Sell' Limit price=0 Stop price=0 Quantity=10 Type='Market' Time in force=DAY Oco='' Filled=0 Fill price=0 Error='No error' Native error='',
8/3/2026 3:41:23 PM,Order,Order='5d5ee157ebd2444abf7e75fe1a596d66/Sim102' Name='Close' New state='Accepted' Instrument='MES SEP26' Action='Sell' Limit price=0 Stop price=0 Quantity=10 Type='Market' Time in force=DAY Oco='' Filled=0 Fill price=0 Error='No error' Native error='',
8/3/2026 3:41:23 PM,Order,Order='5d5ee157ebd2444abf7e75fe1a596d66/Sim102' Name='Close' New state='Submitted' Instrument='MES SEP26' Action='Sell' Limit price=0 Stop price=0 Quantity=10 Type='Market' Time in force=DAY Oco='' Filled=0 Fill price=0 Error='No error' Native error='',
8/3/2026 3:41:23 PM,Default,Position grid close position,
8/3/2026 3:41:19 PM,Order,Order='b1058092ebaa477fa3cef599508708f1/Sim101' Name='Target1' New state='Cancelled' Instrument='MES SEP26' Action='Sell' Limit price=7637.75 Stop price=0 Quantity=10 Type='Limit' Time in force=GTC Oco='e9db12095176465f93da6a0726fd5c13' Filled=0 Fill price=0 Error='No error' Native error='',
8/3/2026 3:41:19 PM,Order,Order='006d5ed39cda47958c7e724a3889b27c/Sim101' Name='Stop1' New state='Cancelled' Instrument='MES SEP26' Action='Sell' Limit price=0 Stop price=7631.75 Quantity=10 Type='Stop Market' Time in force=GTC Oco='e9db12095176465f93da6a0726fd5c13' Filled=0 Fill price=0 Error='No error' Native error='',
8/3/2026 3:41:19 PM,Order,Order='b1058092ebaa477fa3cef599508708f1/Sim101' Name='Target1' New state='Cancel submitted' Instrument='MES SEP26' Action='Sell' Limit price=7637.75 Stop price=0 Quantity=10 Type='Limit' Time in force=GTC Oco='e9db12095176465f93da6a0726fd5c13' Filled=0 Fill price=0 Error='No error' Native error='',
8/3/2026 3:41:19 PM,Order,Order='006d5ed39cda47958c7e724a3889b27c/Sim101' Name='Stop1' New state='Cancel submitted' Instrument='MES SEP26' Action='Sell' Limit price=0 Stop price=7631.75 Quantity=10 Type='Stop Market' Time in force=GTC Oco='e9db12095176465f93da6a0726fd5c13' Filled=0 Fill price=0 Error='No error' Native error='',
8/3/2026 3:41:16 PM,Order,Order='584a826a63014d839b8381606eb2ae6b/Sim102' Name='Stop1' New state='Cancelled' Instrument='MES SEP26' Action='Sell' Limit price=0 Stop price=7631.75 Quantity=10 Type='Stop Market' Time in force=GTC Oco='a53aab8c34ab467593ff658c111c7cbd' Filled=0 Fill price=0 Error='No error' Native error='',
8/3/2026 3:41:16 PM,Order,Order='eb70529dbbc94e3cad40b8847b2e40ac/Sim102' Name='Target1' New state='Cancelled' Instrument='MES SEP26' Action='Sell' Limit price=7637.75 Stop price=0 Quantity=10 Type='Limit' Time in force=GTC Oco='a53aab8c34ab467593ff658c111c7cbd' Filled=0 Fill price=0 Error='No error' Native error='',
8/3/2026 3:41:16 PM,Order,Order='584a826a63014d839b8381606eb2ae6b/Sim102' Name='Stop1' New state='Cancel submitted' Instrument='MES SEP26' Action='Sell' Limit price=0 Stop price=7631.75 Quantity=10 Type='Stop Market' Time in force=GTC Oco='a53aab8c34ab467593ff658c111c7cbd' Filled=0 Fill price=0 Error='No error' Native error='',
8/3/2026 3:41:16 PM,Order,Order='eb70529dbbc94e3cad40b8847b2e40ac/Sim102' Name='Target1' New state='Cancel submitted' Instrument='MES SEP26' Action='Sell' Limit price=7637.75 Stop price=0 Quantity=10 Type='Limit' Time in force=GTC Oco='a53aab8c34ab467593ff658c111c7cbd' Filled=0 Fill price=0 Error='No error' Native error='',
8/3/2026 3:40:39 PM,Order,Order='eb70529dbbc94e3cad40b8847b2e40ac/Sim102' Name='Target1' New state='Working' Instrument='MES SEP26' Action='Sell' Limit price=7637.75 Stop price=0 Quantity=10 Type='Limit' Time in force=GTC Oco='a53aab8c34ab467593ff658c111c7cbd' Filled=0 Fill price=0 Error='No error' Native error='',
8/3/2026 3:40:39 PM,Order,Order='584a826a63014d839b8381606eb2ae6b/Sim102' Name='Stop1' New state='Accepted' Instrument='MES SEP26' Action='Sell' Limit price=0 Stop price=7631.75 Quantity=10 Type='Stop Market' Time in force=GTC Oco='a53aab8c34ab467593ff658c111c7cbd' Filled=0 Fill price=0 Error='No error' Native error='',
8/3/2026 3:40:39 PM,Order,Order='eb70529dbbc94e3cad40b8847b2e40ac/Sim102' Name='Target1' New state='Accepted' Instrument='MES SEP26' Action='Sell' Limit price=7637.75 Stop price=0 Quantity=10 Type='Limit' Time in force=GTC Oco='a53aab8c34ab467593ff658c111c7cbd' Filled=0 Fill price=0 Error='No error' Native error='',
8/3/2026 3:40:38 PM,Order,Order='eb70529dbbc94e3cad40b8847b2e40ac/Sim102' Name='Target1' New state='Submitted' Instrument='MES SEP26' Action='Sell' Limit price=7637.75 Stop price=0 Quantity=10 Type='Limit' Time in force=GTC Oco='a53aab8c34ab467593ff658c111c7cbd' Filled=0 Fill price=0 Error='No error' Native error='',
8/3/2026 3:40:38 PM,Order,Order='584a826a63014d839b8381606eb2ae6b/Sim102' Name='Stop1' New state='Submitted' Instrument='MES SEP26' Action='Sell' Limit price=0 Stop price=7631.75 Quantity=10 Type='Stop Market' Time in force=GTC Oco='a53aab8c34ab467593ff658c111c7cbd' Filled=0 Fill price=0 Error='No error' Native error='',
8/3/2026 3:40:38 PM,Execution,Execution='c6ee31dd819a467e861ffcceeda399ef' Instrument='MES SEP26' Account='Sim102' Exchange=Default Price=7635.75 Quantity=10 Market position=Long Operation=Operation_Add Order='85cb316834644d03a825a39e5632538d' Time='8/3/2026 3:40 PM',
8/3/2026 3:40:38 PM,Position,Instrument='MES SEP26' Account='Sim102' Average price=7635.75 Quantity=10 Market position=Long Operation=Operation_Add,
8/3/2026 3:40:38 PM,Order,Order='85cb316834644d03a825a39e5632538d/Sim102' Name='Entry' New state='Filled' Instrument='MES SEP26' Action='Buy' Limit price=0 Stop price=0 Quantity=10 Type='Market' Time in force=GTC Oco='' Filled=10 Fill price=7635.75 Error='No error' Native error='',
8/3/2026 3:40:38 PM,Order,Order='85cb316834644d03a825a39e5632538d/Sim102' Name='Entry' New state='Accepted' Instrument='MES SEP26' Action='Buy' Limit price=0 Stop price=0 Quantity=10 Type='Market' Time in force=GTC Oco='' Filled=0 Fill price=0 Error='No error' Native error='',
8/3/2026 3:40:38 PM,Order,Order='85cb316834644d03a825a39e5632538d/Sim102' Name='Entry' New state='Working' Instrument='MES SEP26' Action='Buy' Limit price=0 Stop price=0 Quantity=10 Type='Market' Time in force=GTC Oco='' Filled=0 Fill price=0 Error='No error' Native error='',
8/3/2026 3:40:38 PM,Order,Order='85cb316834644d03a825a39e5632538d/Sim102' Name='Entry' New state='Submitted' Instrument='MES SEP26' Action='Buy' Limit price=0 Stop price=0 Quantity=10 Type='Market' Time in force=GTC Oco='' Filled=0 Fill price=0 Error='No error' Native error='',
8/3/2026 3:40:38 PM,Order,Static SuperDOM submitting order with strategy 'MES $200 SL4 - 2' (Ticks),
8/3/2026 3:40:38 PM,Order,Order='b1058092ebaa477fa3cef599508708f1/Sim101' Name='Target1' New state='Working' Instrument='MES SEP26' Action='Sell' Limit price=7637.75 Stop price=0 Quantity=10 Type='Limit' Time in force=GTC Oco='e9db12095176465f93da6a0726fd5c13' Filled=0 Fill price=0 Error='No error' Native error='',
8/3/2026 3:40:38 PM,Order,Order='b1058092ebaa477fa3cef599508708f1/Sim101' Name='Target1' New state='Accepted' Instrument='MES SEP26' Action='Sell' Limit price=7637.75 Stop price=0 Quantity=10 Type='Limit' Time in force=GTC Oco='e9db12095176465f93da6a0726fd5c13' Filled=0 Fill price=0 Error='No error' Native error='',
8/3/2026 3:40:38 PM,Order,Order='006d5ed39cda47958c7e724a3889b27c/Sim101' Name='Stop1' New state='Accepted' Instrument='MES SEP26' Action='Sell' Limit price=0 Stop price=7631.75 Quantity=10 Type='Stop Market' Time in force=GTC Oco='e9db12095176465f93da6a0726fd5c13' Filled=0 Fill price=0 Error='No error' Native error='',
8/3/2026 3:40:38 PM,Order,Order='b1058092ebaa477fa3cef599508708f1/Sim101' Name='Target1' New state='Submitted' Instrument='MES SEP26' Action='Sell' Limit price=7637.75 Stop price=0 Quantity=10 Type='Limit' Time in force=GTC Oco='e9db12095176465f93da6a0726fd5c13' Filled=0 Fill price=0 Error='No error' Native error='',
8/3/2026 3:40:38 PM,Order,Order='006d5ed39cda47958c7e724a3889b27c/Sim101' Name='Stop1' New state='Submitted' Instrument='MES SEP26' Action='Sell' Limit price=0 Stop price=7631.75 Quantity=10 Type='Stop Market' Time in force=GTC Oco='e9db12095176465f93da6a0726fd5c13' Filled=0 Fill price=0 Error='No error' Native error='',
8/3/2026 3:40:38 PM,Position,Instrument='MES SEP26' Account='Sim101' Average price=7635.85 Quantity=10 Market position=Long Operation=Update,
8/3/2026 3:40:38 PM,Execution,Execution='a67c16a3558a4ef68f2ea4f32c03c88e' Instrument='MES SEP26' Account='Sim101' Exchange=Default Price=7636 Quantity=4 Market position=Long Operation=Operation_Add Order='6fc7ed16330540cca8f648f54c62869d' Time='8/3/2026 3:40 PM',
8/3/2026 3:40:38 PM,Order,Order='6fc7ed16330540cca8f648f54c62869d/Sim101' Name='Entry' New state='Filled' Instrument='MES SEP26' Action='Buy' Limit price=0 Stop price=0 Quantity=10 Type='Market' Time in force=GTC Oco='' Filled=10 Fill price=7635.85 Error='No error' Native error='',
8/3/2026 3:40:38 PM,Execution,Execution='73bc893369c340b490d1543d708c8ef6' Instrument='MES SEP26' Account='Sim101' Exchange=Default Price=7635.75 Quantity=6 Market position=Long Operation=Operation_Add Order='6fc7ed16330540cca8f648f54c62869d' Time='8/3/2026 3:40 PM',
8/3/2026 3:40:38 PM,Position,Instrument='MES SEP26' Account='Sim101' Average price=7635.75 Quantity=6 Market position=Long Operation=Operation_Add,
8/3/2026 3:40:38 PM,Order,Order='6fc7ed16330540cca8f648f54c62869d/Sim101' Name='Entry' New state='Partially filled' Instrument='MES SEP26' Action='Buy' Limit price=0 Stop price=0 Quantity=10 Type='Market' Time in force=GTC Oco='' Filled=6 Fill price=7635.75 Error='No error' Native error='',
8/3/2026 3:40:38 PM,Order,Order='6fc7ed16330540cca8f648f54c62869d/Sim101' Name='Entry' New state='Accepted' Instrument='MES SEP26' Action='Buy' Limit price=0 Stop price=0 Quantity=10 Type='Market' Time in force=GTC Oco='' Filled=0 Fill price=0 Error='No error' Native error='',
8/3/2026 3:40:38 PM,Order,Order='6fc7ed16330540cca8f648f54c62869d/Sim101' Name='Entry' New state='Working' Instrument='MES SEP26' Action='Buy' Limit price=0 Stop price=0 Quantity=10 Type='Market' Time in force=GTC Oco='' Filled=0 Fill price=0 Error='No error' Native error='',
8/3/2026 3:40:37 PM,Order,Order='6fc7ed16330540cca8f648f54c62869d/Sim101' Name='Entry' New state='Submitted' Instrument='MES SEP26' Action='Buy' Limit price=0 Stop price=0 Quantity=10 Type='Market' Time in force=GTC Oco='' Filled=0 Fill price=0 Error='No error' Native error='',
8/3/2026 3:40:37 PM,Order,Static SuperDOM submitting order with strategy 'MES $200 SL4 - 1' (Ticks),
8/3/2026 3:40:33 PM,Order,Order='53dbe1a477314acca11bf23aead8582e/Sim101' Name='PTT-BE-Target-1' New state='Cancelled' Instrument='MES SEP26' Action='Sell' Limit price=7637.5 Stop price=0 Quantity=10 Type='Limit' Time in force=GTC Oco='PTT-BE-Sim1-30542-0' Filled=0 Fill price=0 Error='No error' Native error='',
8/3/2026 3:40:33 PM,Position,Instrument='MES SEP26' Account='Sim101' Average price=0 Quantity=0 Market position=Flat Operation=Remove,
8/3/2026 3:40:33 PM,Order,Order='53dbe1a477314acca11bf23aead8582e/Sim101' Name='PTT-BE-Target-1' New state='Cancel submitted' Instrument='MES SEP26' Action='Sell' Limit price=7637.5 Stop price=0 Quantity=10 Type='Limit' Time in force=GTC Oco='PTT-BE-Sim1-30542-0' Filled=0 Fill price=0 Error='No error' Native error='',
8/3/2026 3:40:33 PM,Execution,Execution='1ee13ad3d747451b96f9a2dc500c8001' Instrument='MES SEP26' Account='Sim101' Exchange=Default Price=7635.5 Quantity=10 Market position=Short Operation=Operation_Add Order='76408e0a27454a9b93ae555ca308082e' Time='8/3/2026 3:40 PM',
8/3/2026 3:40:33 PM,Order,Order='76408e0a27454a9b93ae555ca308082e/Sim101' Name='PTT-BE-Stop-1' New state='Filled' Instrument='MES SEP26' Action='Sell' Limit price=0 Stop price=7635.5 Quantity=10 Type='Stop Market' Time in force=GTC Oco='PTT-BE-Sim1-30542-0' Filled=10 Fill price=7635.5 Error='No error' Native error='',
8/3/2026 3:40:33 PM,Order,Order='76408e0a27454a9b93ae555ca308082e/Sim101' Name='PTT-BE-Stop-1' New state='Working' Instrument='MES SEP26' Action='Sell' Limit price=0 Stop price=7635.5 Quantity=10 Type='Stop Market' Time in force=GTC Oco='PTT-BE-Sim1-30542-0' Filled=0 Fill price=0 Error='No error' Native error='',
8/3/2026 3:40:18 PM,Order,Order='1e03fd01ed154703aedd230219e20f90/Sim102' Name='PTT-BE-Target-1' New state='Cancelled' Instrument='MES SEP26' Action='Sell' Limit price=7637.5 Stop price=0 Quantity=10 Type='Limit' Time in force=GTC Oco='PTT-BE-Sim1-30543-0' Filled=0 Fill price=0 Error='No error' Native error='',
8/3/2026 3:40:18 PM,Position,Instrument='MES SEP26' Account='Sim102' Average price=0 Quantity=0 Market position=Flat Operation=Remove,
8/3/2026 3:40:18 PM,Order,Order='1e03fd01ed154703aedd230219e20f90/Sim102' Name='PTT-BE-Target-1' New state='Cancel submitted' Instrument='MES SEP26' Action='Sell' Limit price=7637.5 Stop price=0 Quantity=10 Type='Limit' Time in force=GTC Oco='PTT-BE-Sim1-30543-0' Filled=0 Fill price=0 Error='No error' Native error='',
8/3/2026 3:40:18 PM,Execution,Execution='62e011176c274e349adb0b4b504bbf81' Instrument='MES SEP26' Account='Sim102' Exchange=Default Price=7635.75 Quantity=10 Market position=Short Operation=Operation_Add Order='4b06747dab8946318ece70dab2e02dbf' Time='8/3/2026 3:40 PM',
8/3/2026 3:40:18 PM,Order,Order='4b06747dab8946318ece70dab2e02dbf/Sim102' Name='PTT-BE-Stop-1' New state='Filled' Instrument='MES SEP26' Action='Sell' Limit price=0 Stop price=7635.75 Quantity=10 Type='Stop Market' Time in force=GTC Oco='PTT-BE-Sim1-30543-0' Filled=10 Fill price=7635.75 Error='No error' Native error='',
8/3/2026 3:40:18 PM,Order,Order='4b06747dab8946318ece70dab2e02dbf/Sim102' Name='PTT-BE-Stop-1' New state='Working' Instrument='MES SEP26' Action='Sell' Limit price=0 Stop price=7635.75 Quantity=10 Type='Stop Market' Time in force=GTC Oco='PTT-BE-Sim1-30543-0' Filled=0 Fill price=0 Error='No error' Native error='',
8/3/2026 3:40:16 PM,Order,Order='53dbe1a477314acca11bf23aead8582e/Sim101' Name='PTT-BE-Target-1' New state='Accepted' Instrument='MES SEP26' Action='Sell' Limit price=7637.5 Stop price=0 Quantity=10 Type='Limit' Time in force=GTC Oco='PTT-BE-Sim1-30542-0' Filled=0 Fill price=0 Error='No error' Native error='',
8/3/2026 3:40:16 PM,Order,Order='1e03fd01ed154703aedd230219e20f90/Sim102' Name='PTT-BE-Target-1' New state='Accepted' Instrument='MES SEP26' Action='Sell' Limit price=7637.5 Stop price=0 Quantity=10 Type='Limit' Time in force=GTC Oco='PTT-BE-Sim1-30543-0' Filled=0 Fill price=0 Error='No error' Native error='',
8/3/2026 3:40:16 PM,Order,Order='53dbe1a477314acca11bf23aead8582e/Sim101' Name='PTT-BE-Target-1' New state='Working' Instrument='MES SEP26' Action='Sell' Limit price=7637.5 Stop price=0 Quantity=10 Type='Limit' Time in force=GTC Oco='PTT-BE-Sim1-30542-0' Filled=0 Fill price=0 Error='No error' Native error='',
8/3/2026 3:40:16 PM,Order,Order='1e03fd01ed154703aedd230219e20f90/Sim102' Name='PTT-BE-Target-1' New state='Working' Instrument='MES SEP26' Action='Sell' Limit price=7637.5 Stop price=0 Quantity=10 Type='Limit' Time in force=GTC Oco='PTT-BE-Sim1-30543-0' Filled=0 Fill price=0 Error='No error' Native error='',
8/3/2026 3:40:16 PM,Order,Order='4b06747dab8946318ece70dab2e02dbf/Sim102' Name='PTT-BE-Stop-1' New state='Accepted' Instrument='MES SEP26' Action='Sell' Limit price=0 Stop price=7635.75 Quantity=10 Type='Stop Market' Time in force=GTC Oco='PTT-BE-Sim1-30543-0' Filled=0 Fill price=0 Error='No error' Native error='',
8/3/2026 3:40:16 PM,Order,Order='76408e0a27454a9b93ae555ca308082e/Sim101' Name='PTT-BE-Stop-1' New state='Accepted' Instrument='MES SEP26' Action='Sell' Limit price=0 Stop price=7635.5 Quantity=10 Type='Stop Market' Time in force=GTC Oco='PTT-BE-Sim1-30542-0' Filled=0 Fill price=0 Error='No error' Native error='',
8/3/2026 3:40:16 PM,Order,Order='d4d95bf00e9349d8acce3182f4b0535b/Sim102' Name='Target1' New state='Cancelled' Instrument='MES SEP26' Action='Sell' Limit price=7637.5 Stop price=0 Quantity=10 Type='Limit' Time in force=GTC Oco='8d6e1b402da84e899ef34f95ca9aeb80' Filled=0 Fill price=0 Error='No error' Native error='',
8/3/2026 3:40:16 PM,Order,Order='be9903188a9742208bafd1f9e32de2ae/Sim102' Name='Stop1' New state='Cancelled' Instrument='MES SEP26' Action='Sell' Limit price=0 Stop price=7631.5 Quantity=10 Type='Stop Market' Time in force=GTC Oco='8d6e1b402da84e899ef34f95ca9aeb80' Filled=0 Fill price=0 Error='No error' Native error='',
8/3/2026 3:40:16 PM,Order,Order='e9cac5fe1baf4d6e8b3ef7dceead451f/Sim101' Name='Stop1' New state='Cancelled' Instrument='MES SEP26' Action='Sell' Limit price=0 Stop price=7631.5 Quantity=10 Type='Stop Market' Time in force=GTC Oco='fb9acfaa3a9143169083dc1981fb4df1' Filled=0 Fill price=0 Error='No error' Native error='',
8/3/2026 3:40:16 PM,Order,Order='0b83d4a2859b438598800c113f4a9e9b/Sim101' Name='Target1' New state='Cancelled' Instrument='MES SEP26' Action='Sell' Limit price=7637.5 Stop price=0 Quantity=10 Type='Limit' Time in force=GTC Oco='fb9acfaa3a9143169083dc1981fb4df1' Filled=0 Fill price=0 Error='No error' Native error='',
8/3/2026 3:40:16 PM,Order,Order='53dbe1a477314acca11bf23aead8582e/Sim101' Name='PTT-BE-Target-1' New state='Submitted' Instrument='MES SEP26' Action='Sell' Limit price=7637.5 Stop price=0 Quantity=10 Type='Limit' Time in force=GTC Oco='PTT-BE-Sim1-30542-0' Filled=0 Fill price=0 Error='No error' Native error='',
8/3/2026 3:40:16 PM,Order,Order='1e03fd01ed154703aedd230219e20f90/Sim102' Name='PTT-BE-Target-1' New state='Submitted' Instrument='MES SEP26' Action='Sell' Limit price=7637.5 Stop price=0 Quantity=10 Type='Limit' Time in force=GTC Oco='PTT-BE-Sim1-30543-0' Filled=0 Fill price=0 Error='No error' Native error='',
8/3/2026 3:40:16 PM,Order,Order='4b06747dab8946318ece70dab2e02dbf/Sim102' Name='PTT-BE-Stop-1' New state='Submitted' Instrument='MES SEP26' Action='Sell' Limit price=0 Stop price=7635.75 Quantity=10 Type='Stop Market' Time in force=GTC Oco='PTT-BE-Sim1-30543-0' Filled=0 Fill price=0 Error='No error' Native error='',
8/3/2026 3:40:16 PM,Order,Order='76408e0a27454a9b93ae555ca308082e/Sim101' Name='PTT-BE-Stop-1' New state='Submitted' Instrument='MES SEP26' Action='Sell' Limit price=0 Stop price=7635.5 Quantity=10 Type='Stop Market' Time in force=GTC Oco='PTT-BE-Sim1-30542-0' Filled=0 Fill price=0 Error='No error' Native error='',
8/3/2026 3:40:16 PM,Order,Order='d4d95bf00e9349d8acce3182f4b0535b/Sim102' Name='Target1' New state='Cancel submitted' Instrument='MES SEP26' Action='Sell' Limit price=7637.5 Stop price=0 Quantity=10 Type='Limit' Time in force=GTC Oco='8d6e1b402da84e899ef34f95ca9aeb80' Filled=0 Fill price=0 Error='No error' Native error='',
8/3/2026 3:40:16 PM,Order,Order='be9903188a9742208bafd1f9e32de2ae/Sim102' Name='Stop1' New state='Cancel submitted' Instrument='MES SEP26' Action='Sell' Limit price=0 Stop price=7631.5 Quantity=10 Type='Stop Market' Time in force=GTC Oco='8d6e1b402da84e899ef34f95ca9aeb80' Filled=0 Fill price=0 Error='No error' Native error='',
8/3/2026 3:40:16 PM,Order,Order='0b83d4a2859b438598800c113f4a9e9b/Sim101' Name='Target1' New state='Cancel submitted' Instrument='MES SEP26' Action='Sell' Limit price=7637.5 Stop price=0 Quantity=10 Type='Limit' Time in force=GTC Oco='fb9acfaa3a9143169083dc1981fb4df1' Filled=0 Fill price=0 Error='No error' Native error='',
8/3/2026 3:40:16 PM,Order,Order='e9cac5fe1baf4d6e8b3ef7dceead451f/Sim101' Name='Stop1' New state='Cancel submitted' Instrument='MES SEP26' Action='Sell' Limit price=0 Stop price=7631.5 Quantity=10 Type='Stop Market' Time in force=GTC Oco='fb9acfaa3a9143169083dc1981fb4df1' Filled=0 Fill price=0 Error='No error' Native error='',
8/3/2026 3:39:34 PM,Order,Order='d4d95bf00e9349d8acce3182f4b0535b/Sim102' Name='Target1' New state='Working' Instrument='MES SEP26' Action='Sell' Limit price=7637.5 Stop price=0 Quantity=10 Type='Limit' Time in force=GTC Oco='8d6e1b402da84e899ef34f95ca9aeb80' Filled=0 Fill price=0 Error='No error' Native error='',
8/3/2026 3:39:34 PM,Order,Order='d4d95bf00e9349d8acce3182f4b0535b/Sim102' Name='Target1' New state='Accepted' Instrument='MES SEP26' Action='Sell' Limit price=7637.5 Stop price=0 Quantity=10 Type='Limit' Time in force=GTC Oco='8d6e1b402da84e899ef34f95ca9aeb80' Filled=0 Fill price=0 Error='No error' Native error='',
8/3/2026 3:39:34 PM,Order,Order='be9903188a9742208bafd1f9e32de2ae/Sim102' Name='Stop1' New state='Accepted' Instrument='MES SEP26' Action='Sell' Limit price=0 Stop price=7631.5 Quantity=10 Type='Stop Market' Time in force=GTC Oco='8d6e1b402da84e899ef34f95ca9aeb80' Filled=0 Fill price=0 Error='No error' Native error='',
8/3/2026 3:39:34 PM,Order,Order='d4d95bf00e9349d8acce3182f4b0535b/Sim102' Name='Target1' New state='Submitted' Instrument='MES SEP26' Action='Sell' Limit price=7637.5 Stop price=0 Quantity=10 Type='Limit' Time in force=GTC Oco='8d6e1b402da84e899ef34f95ca9aeb80' Filled=0 Fill price=0 Error='No error' Native error='',
8/3/2026 3:39:34 PM,Order,Order='be9903188a9742208bafd1f9e32de2ae/Sim102' Name='Stop1' New state='Submitted' Instrument='MES SEP26' Action='Sell' Limit price=0 Stop price=7631.5 Quantity=10 Type='Stop Market' Time in force=GTC Oco='8d6e1b402da84e899ef34f95ca9aeb80' Filled=0 Fill price=0 Error='No error' Native error='',
8/3/2026 3:39:34 PM,Order,Order='8576923ef16c4eaea6fb8be22ce4f30e/Sim102' Name='Entry' New state='Filled' Instrument='MES SEP26' Action='Buy' Limit price=0 Stop price=0 Quantity=10 Type='Market' Time in force=GTC Oco='' Filled=10 Fill price=7635.725 Error='No error' Native error='',
8/3/2026 3:39:34 PM,Execution,Execution='d8968d753ccc471aa86d90038ff4a767' Instrument='MES SEP26' Account='Sim102' Exchange=Default Price=7635.75 Quantity=9 Market position=Long Operation=Operation_Add Order='8576923ef16c4eaea6fb8be22ce4f30e' Time='8/3/2026 3:39 PM',
8/3/2026 3:39:34 PM,Position,Instrument='MES SEP26' Account='Sim102' Average price=7635.725 Quantity=10 Market position=Long Operation=Update,
8/3/2026 3:39:34 PM,Order,Order='8576923ef16c4eaea6fb8be22ce4f30e/Sim102' Name='Entry' New state='Partially filled' Instrument='MES SEP26' Action='Buy' Limit price=0 Stop price=0 Quantity=10 Type='Market' Time in force=GTC Oco='' Filled=1 Fill price=7635.5 Error='No error' Native error='',
8/3/2026 3:39:34 PM,Execution,Execution='dc1d798919ff49488b93b18799406965' Instrument='MES SEP26' Account='Sim102' Exchange=Default Price=7635.5 Quantity=1 Market position=Long Operation=Operation_Add Order='8576923ef16c4eaea6fb8be22ce4f30e' Time='8/3/2026 3:39 PM',
8/3/2026 3:39:34 PM,Position,Instrument='MES SEP26' Account='Sim102' Average price=7635.5 Quantity=1 Market position=Long Operation=Operation_Add,
8/3/2026 3:39:34 PM,Order,Order='8576923ef16c4eaea6fb8be22ce4f30e/Sim102' Name='Entry' New state='Working' Instrument='MES SEP26' Action='Buy' Limit price=0 Stop price=0 Quantity=10 Type='Market' Time in force=GTC Oco='' Filled=0 Fill price=0 Error='No error' Native error='',
8/3/2026 3:39:34 PM,Order,Order='8576923ef16c4eaea6fb8be22ce4f30e/Sim102' Name='Entry' New state='Accepted' Instrument='MES SEP26' Action='Buy' Limit price=0 Stop price=0 Quantity=10 Type='Market' Time in force=GTC Oco='' Filled=0 Fill price=0 Error='No error' Native error='',
8/3/2026 3:39:34 PM,Order,Order='8576923ef16c4eaea6fb8be22ce4f30e/Sim102' Name='Entry' New state='Submitted' Instrument='MES SEP26' Action='Buy' Limit price=0 Stop price=0 Quantity=10 Type='Market' Time in force=GTC Oco='' Filled=0 Fill price=0 Error='No error' Native error='',
8/3/2026 3:39:34 PM,Order,Static SuperDOM submitting order with strategy 'MES $200 SL4 - 2' (Ticks),
8/3/2026 3:39:33 PM,Order,Order='0b83d4a2859b438598800c113f4a9e9b/Sim101' Name='Target1' New state='Working' Instrument='MES SEP26' Action='Sell' Limit price=7637.5 Stop price=0 Quantity=10 Type='Limit' Time in force=GTC Oco='fb9acfaa3a9143169083dc1981fb4df1' Filled=0 Fill price=0 Error='No error' Native error='',
8/3/2026 3:39:33 PM,Order,Order='0b83d4a2859b438598800c113f4a9e9b/Sim101' Name='Target1' New state='Accepted' Instrument='MES SEP26' Action='Sell' Limit price=7637.5 Stop price=0 Quantity=10 Type='Limit' Time in force=GTC Oco='fb9acfaa3a9143169083dc1981fb4df1' Filled=0 Fill price=0 Error='No error' Native error='',
8/3/2026 3:39:33 PM,Order,Order='e9cac5fe1baf4d6e8b3ef7dceead451f/Sim101' Name='Stop1' New state='Accepted' Instrument='MES SEP26' Action='Sell' Limit price=0 Stop price=7631.5 Quantity=10 Type='Stop Market' Time in force=GTC Oco='fb9acfaa3a9143169083dc1981fb4df1' Filled=0 Fill price=0 Error='No error' Native error='',
8/3/2026 3:39:33 PM,Order,Order='0b83d4a2859b438598800c113f4a9e9b/Sim101' Name='Target1' New state='Submitted' Instrument='MES SEP26' Action='Sell' Limit price=7637.5 Stop price=0 Quantity=10 Type='Limit' Time in force=GTC Oco='fb9acfaa3a9143169083dc1981fb4df1' Filled=0 Fill price=0 Error='No error' Native error='',
8/3/2026 3:39:33 PM,Order,Order='e9cac5fe1baf4d6e8b3ef7dceead451f/Sim101' Name='Stop1' New state='Submitted' Instrument='MES SEP26' Action='Sell' Limit price=0 Stop price=7631.5 Quantity=10 Type='Stop Market' Time in force=GTC Oco='fb9acfaa3a9143169083dc1981fb4df1' Filled=0 Fill price=0 Error='No error' Native error='',
8/3/2026 3:39:33 PM,Execution,Execution='d87562dd6ba245ff94a2ddd8f05ac5f0' Instrument='MES SEP26' Account='Sim101' Exchange=Default Price=7635.75 Quantity=1 Market position=Long Operation=Operation_Add Order='e4b074862d1b4effbb6008e8f4497391' Time='8/3/2026 3:39 PM',
8/3/2026 3:39:33 PM,Position,Instrument='MES SEP26' Account='Sim101' Average price=7635.525 Quantity=10 Market position=Long Operation=Update,
8/3/2026 3:39:33 PM,Order,Order='e4b074862d1b4effbb6008e8f4497391/Sim101' Name='Entry' New state='Filled' Instrument='MES SEP26' Action='Buy' Limit price=0 Stop price=0 Quantity=10 Type='Market' Time in force=GTC Oco='' Filled=10 Fill price=7635.525 Error='No error' Native error='',
8/3/2026 3:39:33 PM,Position,Instrument='MES SEP26' Account='Sim101' Average price=7635.5 Quantity=9 Market position=Long Operation=Operation_Add,
8/3/2026 3:39:33 PM,Execution,Execution='5a0bff5ac5f1432199b6c4da865c1f90' Instrument='MES SEP26' Account='Sim101' Exchange=Default Price=7635.5 Quantity=9 Market position=Long Operation=Operation_Add Order='e4b074862d1b4effbb6008e8f4497391' Time='8/3/2026 3:39 PM',
8/3/2026 3:39:33 PM,Order,Order='e4b074862d1b4effbb6008e8f4497391/Sim101' Name='Entry' New state='Partially filled' Instrument='MES SEP26' Action='Buy' Limit price=0 Stop price=0 Quantity=10 Type='Market' Time in force=GTC Oco='' Filled=9 Fill price=7635.5 Error='No error' Native error='',
8/3/2026 3:39:33 PM,Order,Order='e4b074862d1b4effbb6008e8f4497391/Sim101' Name='Entry' New state='Accepted' Instrument='MES SEP26' Action='Buy' Limit price=0 Stop price=0 Quantity=10 Type='Market' Time in force=GTC Oco='' Filled=0 Fill price=0 Error='No error' Native error='',
8/3/2026 3:39:33 PM,Order,Order='e4b074862d1b4effbb6008e8f4497391/Sim101' Name='Entry' New state='Working' Instrument='MES SEP26' Action='Buy' Limit price=0 Stop price=0 Quantity=10 Type='Market' Time in force=GTC Oco='' Filled=0 Fill price=0 Error='No error' Native error='',
8/3/2026 3:39:33 PM,Order,Order='e4b074862d1b4effbb6008e8f4497391/Sim101' Name='Entry' New state='Submitted' Instrument='MES SEP26' Action='Buy' Limit price=0 Stop price=0 Quantity=10 Type='Market' Time in force=GTC Oco='' Filled=0 Fill price=0 Error='No error' Native error='',
8/3/2026 3:39:33 PM,Order,Static SuperDOM submitting order with strategy 'MES $200 SL4 - 1' (Ticks),
8/3/2026 3:39:26 PM,Position,Instrument='MES SEP26' Account='Sim102' Average price=0 Quantity=0 Market position=Flat Operation=Remove,
8/3/2026 3:39:26 PM,Execution,Execution='908acec269ab49c89c2b2422a7e3a728' Instrument='MES SEP26' Account='Sim102' Exchange=Default Price=7635.25 Quantity=10 Market position=Short Operation=Operation_Add Order='1165397a7f2841898739bff02f8327df' Time='8/3/2026 3:39 PM',
8/3/2026 3:39:26 PM,Order,Order='1165397a7f2841898739bff02f8327df/Sim102' Name='Close' New state='Filled' Instrument='MES SEP26' Action='Sell' Limit price=0 Stop price=0 Quantity=10 Type='Market' Time in force=DAY Oco='' Filled=10 Fill price=7635.25 Error='No error' Native error='',
8/3/2026 3:39:26 PM,Order,Order='1165397a7f2841898739bff02f8327df/Sim102' Name='Close' New state='Accepted' Instrument='MES SEP26' Action='Sell' Limit price=0 Stop price=0 Quantity=10 Type='Market' Time in force=DAY Oco='' Filled=0 Fill price=0 Error='No error' Native error='',
8/3/2026 3:39:26 PM,Order,Order='1165397a7f2841898739bff02f8327df/Sim102' Name='Close' New state='Working' Instrument='MES SEP26' Action='Sell' Limit price=0 Stop price=0 Quantity=10 Type='Market' Time in force=DAY Oco='' Filled=0 Fill price=0 Error='No error' Native error='',
8/3/2026 3:39:25 PM,Order,Order='1165397a7f2841898739bff02f8327df/Sim102' Name='Close' New state='Submitted' Instrument='MES SEP26' Action='Sell' Limit price=0 Stop price=0 Quantity=10 Type='Market' Time in force=DAY Oco='' Filled=0 Fill price=0 Error='No error' Native error='',
8/3/2026 3:39:25 PM,Default,Position grid close position,
8/3/2026 3:39:23 PM,Position,Instrument='MES SEP26' Account='Sim101' Average price=0 Quantity=0 Market position=Flat Operation=Remove,
8/3/2026 3:39:23 PM,Execution,Execution='1b42a772546249c28891799007d2e029' Instrument='MES SEP26' Account='Sim101' Exchange=Default Price=7635 Quantity=10 Market position=Short Operation=Operation_Add Order='7d910bfa271248089b3116ae286169d9' Time='8/3/2026 3:39 PM',
8/3/2026 3:39:23 PM,Order,Order='7d910bfa271248089b3116ae286169d9/Sim101' Name='Close' New state='Filled' Instrument='MES SEP26' Action='Sell' Limit price=0 Stop price=0 Quantity=10 Type='Market' Time in force=DAY Oco='' Filled=10 Fill price=7635 Error='No error' Native error='',
8/3/2026 3:39:23 PM,Order,Order='7d910bfa271248089b3116ae286169d9/Sim101' Name='Close' New state='Accepted' Instrument='MES SEP26' Action='Sell' Limit price=0 Stop price=0 Quantity=10 Type='Market' Time in force=DAY Oco='' Filled=0 Fill price=0 Error='No error' Native error='',
8/3/2026 3:39:23 PM,Order,Order='7d910bfa271248089b3116ae286169d9/Sim101' Name='Close' New state='Working' Instrument='MES SEP26' Action='Sell' Limit price=0 Stop price=0 Quantity=10 Type='Market' Time in force=DAY Oco='' Filled=0 Fill price=0 Error='No error' Native error='',
8/3/2026 3:39:23 PM,Order,Order='7d910bfa271248089b3116ae286169d9/Sim101' Name='Close' New state='Submitted' Instrument='MES SEP26' Action='Sell' Limit price=0 Stop price=0 Quantity=10 Type='Market' Time in force=DAY Oco='' Filled=0 Fill price=0 Error='No error' Native error='',
8/3/2026 3:39:23 PM,Default,Chart Trader close position,
8/3/2026 3:39:14 PM,Order,Order='feac928644844f89902f4eeeef5a4c5d/Sim101' Name='Stop1' New state='Cancelled' Instrument='MES SEP26' Action='Sell' Limit price=0 Stop price=7631 Quantity=10 Type='Stop Market' Time in force=GTC Oco='a250ae7a282640c495e1e120a032bc19' Filled=0 Fill price=0 Error='No error' Native error='',
8/3/2026 3:39:14 PM,Order,Order='22f88b5ce7154493bc5d58978bdd5fd6/Sim101' Name='Target1' New state='Cancelled' Instrument='MES SEP26' Action='Sell' Limit price=7637 Stop price=0 Quantity=10 Type='Limit' Time in force=GTC Oco='a250ae7a282640c495e1e120a032bc19' Filled=0 Fill price=0 Error='No error' Native error='',
8/3/2026 3:39:13 PM,Order,Order='7beb010e17b94275b1cc9851a2305588/Sim101' Name='PTT-BE-Target-1' New state='Rejected' Instrument='MES SEP26' Action='Sell' Limit price=7637 Stop price=0 Quantity=10 Type='Limit' Time in force=GTC Oco='PTT-BE-Sim1-30540-0' Filled=0 Fill price=0 Error='Unable to submit order' Native error='Order '7beb010e17b94275b1cc9851a2305588' can't be submitted: The OCO ID ‘PTT-BE-Sim1-30540-0’ cannot be reused. Please use a new OCO ID.',
8/3/2026 3:39:13 PM,Order,Sim101 Order '7beb010e17b94275b1cc9851a2305588' can't be submitted: The OCO ID ‘PTT-BE-Sim1-30540-0’ cannot be reused. Please use a new OCO ID. affected Order: Sell 10 Limit @ 7637,
8/3/2026 3:39:13 PM,Order,Order='68af670ae2024b998d191347d475123a/Sim101' Name='PTT-BE-Stop-1' New state='Rejected' Instrument='MES SEP26' Action='Sell' Limit price=0 Stop price=7635 Quantity=10 Type='Stop Market' Time in force=GTC Oco='PTT-BE-Sim1-30540-0' Filled=0 Fill price=0 Error='Unable to submit order' Native error='Order '68af670ae2024b998d191347d475123a' can't be submitted: The OCO ID ‘PTT-BE-Sim1-30540-0’ cannot be reused. Please use a new OCO ID.',
8/3/2026 3:39:13 PM,Order,Sim101 Order '68af670ae2024b998d191347d475123a' can't be submitted: The OCO ID ‘PTT-BE-Sim1-30540-0’ cannot be reused. Please use a new OCO ID. affected Order: Sell 10 StopMarket @ 7635,
8/3/2026 3:39:13 PM,Order,Order='22f88b5ce7154493bc5d58978bdd5fd6/Sim101' Name='Target1' New state='Cancel submitted' Instrument='MES SEP26' Action='Sell' Limit price=7637 Stop price=0 Quantity=10 Type='Limit' Time in force=GTC Oco='a250ae7a282640c495e1e120a032bc19' Filled=0 Fill price=0 Error='No error' Native error='',
8/3/2026 3:39:13 PM,Order,Order='feac928644844f89902f4eeeef5a4c5d/Sim101' Name='Stop1' New state='Cancel submitted' Instrument='MES SEP26' Action='Sell' Limit price=0 Stop price=7631 Quantity=10 Type='Stop Market' Time in force=GTC Oco='a250ae7a282640c495e1e120a032bc19' Filled=0 Fill price=0 Error='No error' Native error='',
8/3/2026 3:38:53 PM,Order,Order='619d56a274424e2fafc9cf4d1c6beb25/Sim102' Name='Stop1' New state='Cancelled' Instrument='MES SEP26' Action='Sell' Limit price=0 Stop price=7631 Quantity=10 Type='Stop Market' Time in force=GTC Oco='9ad726129c5c45ac9a3af6b83b4f69dd' Filled=0 Fill price=0 Error='No error' Native error='',
8/3/2026 3:38:53 PM,Order,Order='e77a0e68e936460999992b6349c4962d/Sim102' Name='Target1' New state='Cancelled' Instrument='MES SEP26' Action='Sell' Limit price=7637 Stop price=0 Quantity=10 Type='Limit' Time in force=GTC Oco='9ad726129c5c45ac9a3af6b83b4f69dd' Filled=0 Fill price=0 Error='No error' Native error='',
8/3/2026 3:38:53 PM,Order,Sim102 Order 'db0f897c547f46ff9238edbe9af4a9ad' can't be submitted: The OCO ID ‘PTT-BE-Sim1-30540-0’ cannot be reused. Please use a new OCO ID. affected Order: Sell 10 Limit @ 7637,
8/3/2026 3:38:53 PM,Order,Order='92ef342505814c19997e7986d34fa7fd/Sim102' Name='PTT-BE-Stop-1' New state='Rejected' Instrument='MES SEP26' Action='Sell' Limit price=0 Stop price=7635 Quantity=10 Type='Stop Market' Time in force=GTC Oco='PTT-BE-Sim1-30540-0' Filled=0 Fill price=0 Error='Unable to submit order' Native error='Order '92ef342505814c19997e7986d34fa7fd' can't be submitted: The OCO ID ‘PTT-BE-Sim1-30540-0’ cannot be reused. Please use a new OCO ID.',
8/3/2026 3:38:53 PM,Order,Sim102 Order '92ef342505814c19997e7986d34fa7fd' can't be submitted: The OCO ID ‘PTT-BE-Sim1-30540-0’ cannot be reused. Please use a new OCO ID. affected Order: Sell 10 StopMarket @ 7635,
8/3/2026 3:38:53 PM,Order,Order='db0f897c547f46ff9238edbe9af4a9ad/Sim102' Name='PTT-BE-Target-1' New state='Rejected' Instrument='MES SEP26' Action='Sell' Limit price=7637 Stop price=0 Quantity=10 Type='Limit' Time in force=GTC Oco='PTT-BE-Sim1-30540-0' Filled=0 Fill price=0 Error='Unable to submit order' Native error='Order 'db0f897c547f46ff9238edbe9af4a9ad' can't be submitted: The OCO ID ‘PTT-BE-Sim1-30540-0’ cannot be reused. Please use a new OCO ID.',
8/3/2026 3:38:53 PM,Order,Order='e77a0e68e936460999992b6349c4962d/Sim102' Name='Target1' New state='Cancel submitted' Instrument='MES SEP26' Action='Sell' Limit price=7637 Stop price=0 Quantity=10 Type='Limit' Time in force=GTC Oco='9ad726129c5c45ac9a3af6b83b4f69dd' Filled=0 Fill price=0 Error='No error' Native error='',
8/3/2026 3:38:53 PM,Order,Order='619d56a274424e2fafc9cf4d1c6beb25/Sim102' Name='Stop1' New state='Cancel submitted' Instrument='MES SEP26' Action='Sell' Limit price=0 Stop price=7631 Quantity=10 Type='Stop Market' Time in force=GTC Oco='9ad726129c5c45ac9a3af6b83b4f69dd' Filled=0 Fill price=0 Error='No error' Native error='',
8/3/2026 3:37:24 PM,Order,Order='e77a0e68e936460999992b6349c4962d/Sim102' Name='Target1' New state='Accepted' Instrument='MES SEP26' Action='Sell' Limit price=7637 Stop price=0 Quantity=10 Type='Limit' Time in force=GTC Oco='9ad726129c5c45ac9a3af6b83b4f69dd' Filled=0 Fill price=0 Error='No error' Native error='',
8/3/2026 3:37:24 PM,Order,Order='e77a0e68e936460999992b6349c4962d/Sim102' Name='Target1' New state='Working' Instrument='MES SEP26' Action='Sell' Limit price=7637 Stop price=0 Quantity=10 Type='Limit' Time in force=GTC Oco='9ad726129c5c45ac9a3af6b83b4f69dd' Filled=0 Fill price=0 Error='No error' Native error='',
8/3/2026 3:37:24 PM,Order,Order='619d56a274424e2fafc9cf4d1c6beb25/Sim102' Name='Stop1' New state='Accepted' Instrument='MES SEP26' Action='Sell' Limit price=0 Stop price=7631 Quantity=10 Type='Stop Market' Time in force=GTC Oco='9ad726129c5c45ac9a3af6b83b4f69dd' Filled=0 Fill price=0 Error='No error' Native error='',
8/3/2026 3:37:23 PM,Order,Order='e77a0e68e936460999992b6349c4962d/Sim102' Name='Target1' New state='Submitted' Instrument='MES SEP26' Action='Sell' Limit price=7637 Stop price=0 Quantity=10 Type='Limit' Time in force=GTC Oco='9ad726129c5c45ac9a3af6b83b4f69dd' Filled=0 Fill price=0 Error='No error' Native error='',
8/3/2026 3:37:23 PM,Position,Instrument='MES SEP26' Account='Sim102' Average price=7635 Quantity=10 Market position=Long Operation=Operation_Add,
8/3/2026 3:37:23 PM,Order,Order='619d56a274424e2fafc9cf4d1c6beb25/Sim102' Name='Stop1' New state='Submitted' Instrument='MES SEP26' Action='Sell' Limit price=0 Stop price=7631 Quantity=10 Type='Stop Market' Time in force=GTC Oco='9ad726129c5c45ac9a3af6b83b4f69dd' Filled=0 Fill price=0 Error='No error' Native error='',
8/3/2026 3:37:23 PM,Execution,Execution='a57cb5cedd7d4a8d89d3a298eb2c3efa' Instrument='MES SEP26' Account='Sim102' Exchange=Default Price=7635 Quantity=10 Market position=Long Operation=Operation_Add Order='d617b00d704140d5aba63cb7355aab75' Time='8/3/2026 3:37 PM',
8/3/2026 3:37:23 PM,Order,Order='d617b00d704140d5aba63cb7355aab75/Sim102' Name='Entry' New state='Filled' Instrument='MES SEP26' Action='Buy' Limit price=0 Stop price=0 Quantity=10 Type='Market' Time in force=GTC Oco='' Filled=10 Fill price=7635 Error='No error' Native error='',
8/3/2026 3:37:23 PM,Order,Order='d617b00d704140d5aba63cb7355aab75/Sim102' Name='Entry' New state='Accepted' Instrument='MES SEP26' Action='Buy' Limit price=0 Stop price=0 Quantity=10 Type='Market' Time in force=GTC Oco='' Filled=0 Fill price=0 Error='No error' Native error='',
8/3/2026 3:37:23 PM,Order,Order='d617b00d704140d5aba63cb7355aab75/Sim102' Name='Entry' New state='Working' Instrument='MES SEP26' Action='Buy' Limit price=0 Stop price=0 Quantity=10 Type='Market' Time in force=GTC Oco='' Filled=0 Fill price=0 Error='No error' Native error='',
8/3/2026 3:37:23 PM,Order,Order='d617b00d704140d5aba63cb7355aab75/Sim102' Name='Entry' New state='Submitted' Instrument='MES SEP26' Action='Buy' Limit price=0 Stop price=0 Quantity=10 Type='Market' Time in force=GTC Oco='' Filled=0 Fill price=0 Error='No error' Native error='',
8/3/2026 3:37:23 PM,Order,Static SuperDOM submitting order with strategy 'MES $200 SL4 - 2' (Ticks),
8/3/2026 3:37:23 PM,Order,Order='22f88b5ce7154493bc5d58978bdd5fd6/Sim101' Name='Target1' New state='Working' Instrument='MES SEP26' Action='Sell' Limit price=7637 Stop price=0 Quantity=10 Type='Limit' Time in force=GTC Oco='a250ae7a282640c495e1e120a032bc19' Filled=0 Fill price=0 Error='No error' Native error='',
8/3/2026 3:37:23 PM,Order,Order='22f88b5ce7154493bc5d58978bdd5fd6/Sim101' Name='Target1' New state='Accepted' Instrument='MES SEP26' Action='Sell' Limit price=7637 Stop price=0 Quantity=10 Type='Limit' Time in force=GTC Oco='a250ae7a282640c495e1e120a032bc19' Filled=0 Fill price=0 Error='No error' Native error='',
8/3/2026 3:37:23 PM,Order,Order='feac928644844f89902f4eeeef5a4c5d/Sim101' Name='Stop1' New state='Accepted' Instrument='MES SEP26' Action='Sell' Limit price=0 Stop price=7631 Quantity=10 Type='Stop Market' Time in force=GTC Oco='a250ae7a282640c495e1e120a032bc19' Filled=0 Fill price=0 Error='No error' Native error='',
8/3/2026 3:37:23 PM,Order,Order='22f88b5ce7154493bc5d58978bdd5fd6/Sim101' Name='Target1' New state='Submitted' Instrument='MES SEP26' Action='Sell' Limit price=7637 Stop price=0 Quantity=10 Type='Limit' Time in force=GTC Oco='a250ae7a282640c495e1e120a032bc19' Filled=0 Fill price=0 Error='No error' Native error='',
8/3/2026 3:37:23 PM,Order,Order='feac928644844f89902f4eeeef5a4c5d/Sim101' Name='Stop1' New state='Submitted' Instrument='MES SEP26' Action='Sell' Limit price=0 Stop price=7631 Quantity=10 Type='Stop Market' Time in force=GTC Oco='a250ae7a282640c495e1e120a032bc19' Filled=0 Fill price=0 Error='No error' Native error='',
8/3/2026 3:37:23 PM,Execution,Execution='a075eea794794e3683c52c9c78f9182b' Instrument='MES SEP26' Account='Sim101' Exchange=Default Price=7635.25 Quantity=1 Market position=Long Operation=Operation_Add Order='4e8738efd2214aa5a0f8da0b47a6e656' Time='8/3/2026 3:37 PM',
8/3/2026 3:37:23 PM,Position,Instrument='MES SEP26' Account='Sim101' Average price=7635.025 Quantity=10 Market position=Long Operation=Update,
8/3/2026 3:37:23 PM,Order,Order='4e8738efd2214aa5a0f8da0b47a6e656/Sim101' Name='Entry' New state='Filled' Instrument='MES SEP26' Action='Buy' Limit price=0 Stop price=0 Quantity=10 Type='Market' Time in force=GTC Oco='' Filled=10 Fill price=7635.025 Error='No error' Native error='',
8/3/2026 3:37:23 PM,Execution,Execution='58f5b18bd4e84fca9769f22b554782dd' Instrument='MES SEP26' Account='Sim101' Exchange=Default Price=7635 Quantity=9 Market position=Long Operation=Operation_Add Order='4e8738efd2214aa5a0f8da0b47a6e656' Time='8/3/2026 3:37 PM',
8/3/2026 3:37:23 PM,Position,Instrument='MES SEP26' Account='Sim101' Average price=7635 Quantity=9 Market position=Long Operation=Operation_Add,
8/3/2026 3:37:23 PM,Order,Order='4e8738efd2214aa5a0f8da0b47a6e656/Sim101' Name='Entry' New state='Partially filled' Instrument='MES SEP26' Action='Buy' Limit price=0 Stop price=0 Quantity=10 Type='Market' Time in force=GTC Oco='' Filled=9 Fill price=7635 Error='No error' Native error='',
8/3/2026 3:37:23 PM,Order,Order='4e8738efd2214aa5a0f8da0b47a6e656/Sim101' Name='Entry' New state='Working' Instrument='MES SEP26' Action='Buy' Limit price=0 Stop price=0 Quantity=10 Type='Market' Time in force=GTC Oco='' Filled=0 Fill price=0 Error='No error' Native error='',
8/3/2026 3:37:23 PM,Order,Order='4e8738efd2214aa5a0f8da0b47a6e656/Sim101' Name='Entry' New state='Accepted' Instrument='MES SEP26' Action='Buy' Limit price=0 Stop price=0 Quantity=10 Type='Market' Time in force=GTC Oco='' Filled=0 Fill price=0 Error='No error' Native error='',
8/3/2026 3:37:23 PM,Order,Order='4e8738efd2214aa5a0f8da0b47a6e656/Sim101' Name='Entry' New state='Submitted' Instrument='MES SEP26' Action='Buy' Limit price=0 Stop price=0 Quantity=10 Type='Market' Time in force=GTC Oco='' Filled=0 Fill price=0 Error='No error' Native error='',
8/3/2026 3:37:23 PM,Order,Static SuperDOM submitting order with strategy 'MES $200 SL4 - 1' (Ticks),
8/3/2026 3:37:15 PM,Position,Instrument='MES SEP26' Account='Sim102' Average price=0 Quantity=0 Market position=Flat Operation=Remove,
8/3/2026 3:37:15 PM,Order,Order='56dce1c9d5e6483380def00dac9ed927/Sim102' Name='PTT-BE-Stop' New state='Filled' Instrument='MES SEP26' Action='Sell' Limit price=0 Stop price=7635 Quantity=10 Type='Stop Market' Time in force=GTC Oco='' Filled=10 Fill price=7634.65 Error='No error' Native error='',
8/3/2026 3:37:15 PM,Execution,Execution='1d0131bd6e094d1eb1296b3c5d962e45' Instrument='MES SEP26' Account='Sim102' Exchange=Default Price=7634.5 Quantity=4 Market position=Short Operation=Operation_Add Order='56dce1c9d5e6483380def00dac9ed927' Time='8/3/2026 3:37 PM',
8/3/2026 3:37:15 PM,Position,Instrument='MES SEP26' Account='Sim102' Average price=7635 Quantity=4 Market position=Long Operation=Update,
8/3/2026 3:37:15 PM,Execution,Execution='9285d6645c66485da404fe9346a4e324' Instrument='MES SEP26' Account='Sim102' Exchange=Default Price=7634.75 Quantity=6 Market position=Short Operation=Operation_Add Order='56dce1c9d5e6483380def00dac9ed927' Time='8/3/2026 3:37 PM',
8/3/2026 3:37:15 PM,Order,Order='56dce1c9d5e6483380def00dac9ed927/Sim102' Name='PTT-BE-Stop' New state='Partially filled' Instrument='MES SEP26' Action='Sell' Limit price=0 Stop price=7635 Quantity=10 Type='Stop Market' Time in force=GTC Oco='' Filled=6 Fill price=7634.75 Error='No error' Native error='',
8/3/2026 3:37:14 PM,Order,Order='56dce1c9d5e6483380def00dac9ed927/Sim102' Name='PTT-BE-Stop' New state='Working' Instrument='MES SEP26' Action='Sell' Limit price=0 Stop price=7635 Quantity=10 Type='Stop Market' Time in force=GTC Oco='' Filled=0 Fill price=0 Error='No error' Native error='',
8/3/2026 3:37:14 PM,Order,Order='56dce1c9d5e6483380def00dac9ed927/Sim102' Name='PTT-BE-Stop' New state='Accepted' Instrument='MES SEP26' Action='Sell' Limit price=0 Stop price=7635 Quantity=10 Type='Stop Market' Time in force=GTC Oco='' Filled=0 Fill price=0 Error='No error' Native error='',
8/3/2026 3:37:14 PM,Order,Order='56dce1c9d5e6483380def00dac9ed927/Sim102' Name='PTT-BE-Stop' New state='Submitted' Instrument='MES SEP26' Action='Sell' Limit price=0 Stop price=7635 Quantity=10 Type='Stop Market' Time in force=GTC Oco='' Filled=0 Fill price=0 Error='No error' Native error='',
8/3/2026 3:37:09 PM,Order,Order='3f79c05c24004ac4936d19d790c2b7be/Sim101' Name='PTT-BE-Target-1' New state='Cancelled' Instrument='MES SEP26' Action='Sell' Limit price=7636.75 Stop price=0 Quantity=1 Type='Limit' Time in force=GTC Oco='PTT-BEG-00008-2-0-0' Filled=0 Fill price=0 Error='No error' Native error='',
8/3/2026 3:37:09 PM,Position,Instrument='MES SEP26' Account='Sim101' Average price=0 Quantity=0 Market position=Flat Operation=Remove,
8/3/2026 3:37:09 PM,Order,Order='3f79c05c24004ac4936d19d790c2b7be/Sim101' Name='PTT-BE-Target-1' New state='Accepted' Instrument='MES SEP26' Action='Sell' Limit price=7636.75 Stop price=0 Quantity=1 Type='Limit' Time in force=GTC Oco='PTT-BEG-00008-2-0-0' Filled=0 Fill price=0 Error='No error' Native error='',
8/3/2026 3:37:09 PM,Order,Order='3f79c05c24004ac4936d19d790c2b7be/Sim101' Name='PTT-BE-Target-1' New state='Cancel submitted' Instrument='MES SEP26' Action='Sell' Limit price=7636.75 Stop price=0 Quantity=1 Type='Limit' Time in force=GTC Oco='PTT-BEG-00008-2-0-0' Filled=0 Fill price=0 Error='No error' Native error='',
8/3/2026 3:37:09 PM,Execution,Execution='10071235fea14d8da4ca8b61b9b06202' Instrument='MES SEP26' Account='Sim101' Exchange=Default Price=7634.5 Quantity=1 Market position=Short Operation=Operation_Add Order='06e8a7970dcc41aa91e21e7c7c72da4d' Time='8/3/2026 3:37 PM',
8/3/2026 3:37:09 PM,Order,Order='06e8a7970dcc41aa91e21e7c7c72da4d/Sim101' Name='PTT-BE-Stop-1' New state='Filled' Instrument='MES SEP26' Action='Sell' Limit price=0 Stop price=7634.75 Quantity=10 Type='Stop Market' Time in force=GTC Oco='PTT-BEG-00008-2-0-0' Filled=10 Fill price=7634.725 Error='No error' Native error='',
8/3/2026 3:37:09 PM,Position,Instrument='MES SEP26' Account='Sim101' Average price=7634.75 Quantity=1 Market position=Long Operation=Update,
8/3/2026 3:37:09 PM,Execution,Execution='0e821dd9544d48678f6a9db9b1c5d683' Instrument='MES SEP26' Account='Sim101' Exchange=Default Price=7634.75 Quantity=9 Market position=Short Operation=Operation_Add Order='06e8a7970dcc41aa91e21e7c7c72da4d' Time='8/3/2026 3:37 PM',
8/3/2026 3:37:09 PM,Order,Order='3f79c05c24004ac4936d19d790c2b7be/Sim101' Name='PTT-BE-Target-1' New state='Change submitted' Instrument='MES SEP26' Action='Sell' Limit price=7636.75 Stop price=0 Quantity=1 Type='Limit' Time in force=GTC Oco='PTT-BEG-00008-2-0-0' Filled=0 Fill price=0 Error='No error' Native error='',
8/3/2026 3:37:09 PM,Order,Order='06e8a7970dcc41aa91e21e7c7c72da4d/Sim101' Name='PTT-BE-Stop-1' New state='Partially filled' Instrument='MES SEP26' Action='Sell' Limit price=0 Stop price=7634.75 Quantity=10 Type='Stop Market' Time in force=GTC Oco='PTT-BEG-00008-2-0-0' Filled=9 Fill price=7634.75 Error='No error' Native error='',
8/3/2026 3:37:08 PM,Order,Order='4eb7ee3a6af04fb7b191a9ea05fd1638/Sim102' Name='Stop1' New state='Cancelled' Instrument='MES SEP26' Action='Sell' Limit price=0 Stop price=7631 Quantity=10 Type='Stop Market' Time in force=GTC Oco='3f55ac61150649c79ad2240c7e49483c' Filled=0 Fill price=0 Error='No error' Native error='',
8/3/2026 3:37:08 PM,Order,Order='4d87ea21df374358bacd37ccf20bba4b/Sim102' Name='Target1' New state='Cancelled' Instrument='MES SEP26' Action='Sell' Limit price=7637 Stop price=0 Quantity=10 Type='Limit' Time in force=GTC Oco='3f55ac61150649c79ad2240c7e49483c' Filled=0 Fill price=0 Error='No error' Native error='',
8/3/2026 3:37:08 PM,Order,Order='3f79c05c24004ac4936d19d790c2b7be/Sim101' Name='PTT-BE-Target-1' New state='Working' Instrument='MES SEP26' Action='Sell' Limit price=7636.75 Stop price=0 Quantity=10 Type='Limit' Time in force=GTC Oco='PTT-BEG-00008-2-0-0' Filled=0 Fill price=0 Error='No error' Native error='',
8/3/2026 3:37:08 PM,Order,Order='3f79c05c24004ac4936d19d790c2b7be/Sim101' Name='PTT-BE-Target-1' New state='Accepted' Instrument='MES SEP26' Action='Sell' Limit price=7636.75 Stop price=0 Quantity=10 Type='Limit' Time in force=GTC Oco='PTT-BEG-00008-2-0-0' Filled=0 Fill price=0 Error='No error' Native error='',
8/3/2026 3:37:08 PM,Order,Order='975ade81b117421ebab1242c80c56d63/Sim101' Name='Target1' New state='Cancelled' Instrument='MES SEP26' Action='Sell' Limit price=7636.75 Stop price=0 Quantity=10 Type='Limit' Time in force=GTC Oco='5245c030179f437cbbd5a790c9e4772c' Filled=0 Fill price=0 Error='No error' Native error='',
8/3/2026 3:37:08 PM,Order,Order='06e8a7970dcc41aa91e21e7c7c72da4d/Sim101' Name='PTT-BE-Stop-1' New state='Working' Instrument='MES SEP26' Action='Sell' Limit price=0 Stop price=7634.75 Quantity=10 Type='Stop Market' Time in force=GTC Oco='PTT-BEG-00008-2-0-0' Filled=0 Fill price=0 Error='No error' Native error='',
8/3/2026 3:37:08 PM,Order,Order='06e8a7970dcc41aa91e21e7c7c72da4d/Sim101' Name='PTT-BE-Stop-1' New state='Accepted' Instrument='MES SEP26' Action='Sell' Limit price=0 Stop price=7634.75 Quantity=10 Type='Stop Market' Time in force=GTC Oco='PTT-BEG-00008-2-0-0' Filled=0 Fill price=0 Error='No error' Native error='',
8/3/2026 3:37:08 PM,Order,Order='88754fef18b44f1db1e4027c291276ba/Sim101' Name='Stop1' New state='Cancelled' Instrument='MES SEP26' Action='Sell' Limit price=0 Stop price=7630.75 Quantity=10 Type='Stop Market' Time in force=GTC Oco='5245c030179f437cbbd5a790c9e4772c' Filled=0 Fill price=0 Error='No error' Native error='',
8/3/2026 3:37:08 PM,Order,Order='2b7459d190b545b187c807fc212e3dcc/Sim102' Name='PTT-BE-Target-1' New state='Rejected' Instrument='MES SEP26' Action='Sell' Limit price=7637 Stop price=0 Quantity=10 Type='Limit' Time in force=GTC Oco='PTT-BEG-00008-21-0-0' Filled=0 Fill price=0 Error='Unable to submit order' Native error='Order '2b7459d190b545b187c807fc212e3dcc' can't be submitted: The OCO ID ‘PTT-BEG-00008-21-0-0’ cannot be reused. Please use a new OCO ID.',
8/3/2026 3:37:08 PM,Order,Sim102 Order '2b7459d190b545b187c807fc212e3dcc' can't be submitted: The OCO ID ‘PTT-BEG-00008-21-0-0’ cannot be reused. Please use a new OCO ID. affected Order: Sell 10 Limit @ 7637,
8/3/2026 3:37:08 PM,Order,Order='b1066215c81f4676b761289bec0b5864/Sim102' Name='PTT-BE-Stop-1' New state='Rejected' Instrument='MES SEP26' Action='Sell' Limit price=0 Stop price=7635 Quantity=10 Type='Stop Market' Time in force=GTC Oco='PTT-BEG-00008-21-0-0' Filled=0 Fill price=0 Error='Order rejected' Native error='Sell stop or sell stop limit orders can't be placed above the market.',
8/3/2026 3:37:08 PM,Order,Sim102 Sell stop or sell stop limit orders can't be placed above the market. affected Order: Sell 10 StopMarket @ 7635,
8/3/2026 3:37:08 PM,Order,Order='b1066215c81f4676b761289bec0b5864/Sim102' Name='PTT-BE-Stop-1' New state='Submitted' Instrument='MES SEP26' Action='Sell' Limit price=0 Stop price=7635 Quantity=10 Type='Stop Market' Time in force=GTC Oco='PTT-BEG-00008-21-0-0' Filled=0 Fill price=0 Error='No error' Native error='',
8/3/2026 3:37:08 PM,Order,Order='4eb7ee3a6af04fb7b191a9ea05fd1638/Sim102' Name='Stop1' New state='Cancel submitted' Instrument='MES SEP26' Action='Sell' Limit price=0 Stop price=7631 Quantity=10 Type='Stop Market' Time in force=GTC Oco='3f55ac61150649c79ad2240c7e49483c' Filled=0 Fill price=0 Error='No error' Native error='',
8/3/2026 3:37:08 PM,Order,Order='4d87ea21df374358bacd37ccf20bba4b/Sim102' Name='Target1' New state='Cancel submitted' Instrument='MES SEP26' Action='Sell' Limit price=7637 Stop price=0 Quantity=10 Type='Limit' Time in force=GTC Oco='3f55ac61150649c79ad2240c7e49483c' Filled=0 Fill price=0 Error='No error' Native error='',
8/3/2026 3:37:08 PM,Order,Order='3f79c05c24004ac4936d19d790c2b7be/Sim101' Name='PTT-BE-Target-1' New state='Submitted' Instrument='MES SEP26' Action='Sell' Limit price=7636.75 Stop price=0 Quantity=10 Type='Limit' Time in force=GTC Oco='PTT-BEG-00008-2-0-0' Filled=0 Fill price=0 Error='No error' Native error='',
8/3/2026 3:37:08 PM,Order,Order='06e8a7970dcc41aa91e21e7c7c72da4d/Sim101' Name='PTT-BE-Stop-1' New state='Submitted' Instrument='MES SEP26' Action='Sell' Limit price=0 Stop price=7634.75 Quantity=10 Type='Stop Market' Time in force=GTC Oco='PTT-BEG-00008-2-0-0' Filled=0 Fill price=0 Error='No error' Native error='',
8/3/2026 3:37:08 PM,Order,Order='88754fef18b44f1db1e4027c291276ba/Sim101' Name='Stop1' New state='Cancel submitted' Instrument='MES SEP26' Action='Sell' Limit price=0 Stop price=7630.75 Quantity=10 Type='Stop Market' Time in force=GTC Oco='5245c030179f437cbbd5a790c9e4772c' Filled=0 Fill price=0 Error='No error' Native error='',
8/3/2026 3:37:08 PM,Order,Order='975ade81b117421ebab1242c80c56d63/Sim101' Name='Target1' New state='Cancel submitted' Instrument='MES SEP26' Action='Sell' Limit price=7636.75 Stop price=0 Quantity=10 Type='Limit' Time in force=GTC Oco='5245c030179f437cbbd5a790c9e4772c' Filled=0 Fill price=0 Error='No error' Native error='',
8/3/2026 3:37:04 PM,Order,Order='4d87ea21df374358bacd37ccf20bba4b/Sim102' Name='Target1' New state='Accepted' Instrument='MES SEP26' Action='Sell' Limit price=7637 Stop price=0 Quantity=10 Type='Limit' Time in force=GTC Oco='3f55ac61150649c79ad2240c7e49483c' Filled=0 Fill price=0 Error='No error' Native error='',
8/3/2026 3:37:04 PM,Order,Order='4d87ea21df374358bacd37ccf20bba4b/Sim102' Name='Target1' New state='Working' Instrument='MES SEP26' Action='Sell' Limit price=7637 Stop price=0 Quantity=10 Type='Limit' Time in force=GTC Oco='3f55ac61150649c79ad2240c7e49483c' Filled=0 Fill price=0 Error='No error' Native error='',
8/3/2026 3:37:04 PM,Order,Order='4eb7ee3a6af04fb7b191a9ea05fd1638/Sim102' Name='Stop1' New state='Accepted' Instrument='MES SEP26' Action='Sell' Limit price=0 Stop price=7631 Quantity=10 Type='Stop Market' Time in force=GTC Oco='3f55ac61150649c79ad2240c7e49483c' Filled=0 Fill price=0 Error='No error' Native error='',
8/3/2026 3:37:04 PM,Order,Order='4d87ea21df374358bacd37ccf20bba4b/Sim102' Name='Target1' New state='Submitted' Instrument='MES SEP26' Action='Sell' Limit price=7637 Stop price=0 Quantity=10 Type='Limit' Time in force=GTC Oco='3f55ac61150649c79ad2240c7e49483c' Filled=0 Fill price=0 Error='No error' Native error='',
8/3/2026 3:37:04 PM,Order,Order='4eb7ee3a6af04fb7b191a9ea05fd1638/Sim102' Name='Stop1' New state='Submitted' Instrument='MES SEP26' Action='Sell' Limit price=0 Stop price=7631 Quantity=10 Type='Stop Market' Time in force=GTC Oco='3f55ac61150649c79ad2240c7e49483c' Filled=0 Fill price=0 Error='No error' Native error='',
8/3/2026 3:37:04 PM,Order,Order='c6470bde6cdd4dbfb642c38876afa7ad/Sim102' Name='Entry' New state='Filled' Instrument='MES SEP26' Action='Buy' Limit price=0 Stop price=0 Quantity=10 Type='Market' Time in force=GTC Oco='' Filled=10 Fill price=7635 Error='No error' Native error='',
8/3/2026 3:37:04 PM,Execution,Execution='caa5bdbf4225496e92ad5b8b33e13e23' Instrument='MES SEP26' Account='Sim102' Exchange=Default Price=7635 Quantity=10 Market position=Long Operation=Operation_Add Order='c6470bde6cdd4dbfb642c38876afa7ad' Time='8/3/2026 3:37 PM',
8/3/2026 3:37:04 PM,Position,Instrument='MES SEP26' Account='Sim102' Average price=7635 Quantity=10 Market position=Long Operation=Operation_Add,
8/3/2026 3:37:04 PM,Order,Order='c6470bde6cdd4dbfb642c38876afa7ad/Sim102' Name='Entry' New state='Accepted' Instrument='MES SEP26' Action='Buy' Limit price=0 Stop price=0 Quantity=10 Type='Market' Time in force=GTC Oco='' Filled=0 Fill price=0 Error='No error' Native error='',
8/3/2026 3:37:04 PM,Order,Order='c6470bde6cdd4dbfb642c38876afa7ad/Sim102' Name='Entry' New state='Working' Instrument='MES SEP26' Action='Buy' Limit price=0 Stop price=0 Quantity=10 Type='Market' Time in force=GTC Oco='' Filled=0 Fill price=0 Error='No error' Native error='',
8/3/2026 3:37:03 PM,Order,Order='c6470bde6cdd4dbfb642c38876afa7ad/Sim102' Name='Entry' New state='Submitted' Instrument='MES SEP26' Action='Buy' Limit price=0 Stop price=0 Quantity=10 Type='Market' Time in force=GTC Oco='' Filled=0 Fill price=0 Error='No error' Native error='',
8/3/2026 3:37:03 PM,Order,Static SuperDOM submitting order with strategy 'MES $200 SL4 - 2' (Ticks),
8/3/2026 3:37:03 PM,Order,Order='975ade81b117421ebab1242c80c56d63/Sim101' Name='Target1' New state='Working' Instrument='MES SEP26' Action='Sell' Limit price=7636.75 Stop price=0 Quantity=10 Type='Limit' Time in force=GTC Oco='5245c030179f437cbbd5a790c9e4772c' Filled=0 Fill price=0 Error='No error' Native error='',
8/3/2026 3:37:03 PM,Order,Order='975ade81b117421ebab1242c80c56d63/Sim101' Name='Target1' New state='Accepted' Instrument='MES SEP26' Action='Sell' Limit price=7636.75 Stop price=0 Quantity=10 Type='Limit' Time in force=GTC Oco='5245c030179f437cbbd5a790c9e4772c' Filled=0 Fill price=0 Error='No error' Native error='',
8/3/2026 3:37:03 PM,Order,Order='88754fef18b44f1db1e4027c291276ba/Sim101' Name='Stop1' New state='Accepted' Instrument='MES SEP26' Action='Sell' Limit price=0 Stop price=7630.75 Quantity=10 Type='Stop Market' Time in force=GTC Oco='5245c030179f437cbbd5a790c9e4772c' Filled=0 Fill price=0 Error='No error' Native error='',
8/3/2026 3:37:03 PM,Order,Order='975ade81b117421ebab1242c80c56d63/Sim101' Name='Target1' New state='Submitted' Instrument='MES SEP26' Action='Sell' Limit price=7636.75 Stop price=0 Quantity=10 Type='Limit' Time in force=GTC Oco='5245c030179f437cbbd5a790c9e4772c' Filled=0 Fill price=0 Error='No error' Native error='',
8/3/2026 3:37:03 PM,Position,Instrument='MES SEP26' Account='Sim101' Average price=7634.75 Quantity=10 Market position=Long Operation=Operation_Add,
8/3/2026 3:37:03 PM,Order,Order='88754fef18b44f1db1e4027c291276ba/Sim101' Name='Stop1' New state='Submitted' Instrument='MES SEP26' Action='Sell' Limit price=0 Stop price=7630.75 Quantity=10 Type='Stop Market' Time in force=GTC Oco='5245c030179f437cbbd5a790c9e4772c' Filled=0 Fill price=0 Error='No error' Native error='',
8/3/2026 3:37:03 PM,Execution,Execution='b5734ed89b244439982009c77ead9a04' Instrument='MES SEP26' Account='Sim101' Exchange=Default Price=7634.75 Quantity=10 Market position=Long Operation=Operation_Add Order='72aec590f91c40a0bede4dc4fff9900a' Time='8/3/2026 3:37 PM',
8/3/2026 3:37:03 PM,Order,Order='72aec590f91c40a0bede4dc4fff9900a/Sim101' Name='Entry' New state='Filled' Instrument='MES SEP26' Action='Buy' Limit price=0 Stop price=0 Quantity=10 Type='Market' Time in force=GTC Oco='' Filled=10 Fill price=7634.75 Error='No error' Native error='',
8/3/2026 3:37:03 PM,Order,Order='72aec590f91c40a0bede4dc4fff9900a/Sim101' Name='Entry' New state='Accepted' Instrument='MES SEP26' Action='Buy' Limit price=0 Stop price=0 Quantity=10 Type='Market' Time in force=GTC Oco='' Filled=0 Fill price=0 Error='No error' Native error='',
8/3/2026 3:37:03 PM,Order,Order='72aec590f91c40a0bede4dc4fff9900a/Sim101' Name='Entry' New state='Working' Instrument='MES SEP26' Action='Buy' Limit price=0 Stop price=0 Quantity=10 Type='Market' Time in force=GTC Oco='' Filled=0 Fill price=0 Error='No error' Native error='',
8/3/2026 3:37:03 PM,Order,Order='72aec590f91c40a0bede4dc4fff9900a/Sim101' Name='Entry' New state='Submitted' Instrument='MES SEP26' Action='Buy' Limit price=0 Stop price=0 Quantity=10 Type='Market' Time in force=GTC Oco='' Filled=0 Fill price=0 Error='No error' Native error='',
8/3/2026 3:37:03 PM,Order,Static SuperDOM submitting order with strategy 'MES $200 SL4 - 1' (Ticks),
8/3/2026 3:36:41 PM,Default,Chart Trader close position,
8/3/2026 3:36:41 PM,Default,Cancel all orders account='PA-APEX-422136-09',
8/3/2026 3:36:41 PM,Default,Chart Trader close position,
8/3/2026 3:36:41 PM,Default,Cancel all orders account='PA-APEX-422136-09',
8/3/2026 3:36:40 PM,Default,Chart Trader close position,
8/3/2026 3:36:40 PM,Default,Cancel all orders account='PA-APEX-422136-09',
8/3/2026 3:36:40 PM,Default,Chart Trader close position,
8/3/2026 3:36:40 PM,Default,Cancel all orders account='PA-APEX-422136-09',
8/3/2026 3:36:38 PM,Position,Instrument='MES SEP26' Account='Sim101' Average price=0 Quantity=0 Market position=Flat Operation=Remove,
8/3/2026 3:36:37 PM,Execution,Execution='abc150060e2c469ca1dadc537a7c821b' Instrument='MES SEP26' Account='Sim101' Exchange=Default Price=7635 Quantity=10 Market position=Short Operation=Operation_Add Order='ac5366e5061d47f6b28d8c55a59c1e67' Time='8/3/2026 3:36 PM',
8/3/2026 3:36:37 PM,Order,Order='ac5366e5061d47f6b28d8c55a59c1e67/Sim101' Name='PTT-BE-Stop' New state='Filled' Instrument='MES SEP26' Action='Sell' Limit price=0 Stop price=7635 Quantity=10 Type='Stop Market' Time in force=GTC Oco='' Filled=10 Fill price=7635 Error='No error' Native error='',
8/3/2026 3:36:37 PM,Order,Order='ac5366e5061d47f6b28d8c55a59c1e67/Sim101' Name='PTT-BE-Stop' New state='Working' Instrument='MES SEP26' Action='Sell' Limit price=0 Stop price=7635 Quantity=10 Type='Stop Market' Time in force=GTC Oco='' Filled=0 Fill price=0 Error='No error' Native error='',
8/3/2026 3:36:37 PM,Default,Chart Trader close position,
8/3/2026 3:36:37 PM,Default,Cancel all orders account='PA-APEX-422136-09',
8/3/2026 3:36:37 PM,Default,Chart Trader close position,
8/3/2026 3:36:37 PM,Default,Cancel all orders account='PA-APEX-422136-09',
8/3/2026 3:36:36 PM,Default,Chart Trader close position,
8/3/2026 3:36:36 PM,Default,Cancel all orders account='PA-APEX-422136-09',
8/3/2026 3:36:34 PM,Order,Order='ac5366e5061d47f6b28d8c55a59c1e67/Sim101' Name='PTT-BE-Stop' New state='Accepted' Instrument='MES SEP26' Action='Sell' Limit price=0 Stop price=7635 Quantity=10 Type='Stop Market' Time in force=GTC Oco='' Filled=0 Fill price=0 Error='No error' Native error='',
8/3/2026 3:36:34 PM,Order,Order='ac5366e5061d47f6b28d8c55a59c1e67/Sim101' Name='PTT-BE-Stop' New state='Submitted' Instrument='MES SEP26' Action='Sell' Limit price=0 Stop price=7635 Quantity=10 Type='Stop Market' Time in force=GTC Oco='' Filled=0 Fill price=0 Error='No error' Native error='',
8/3/2026 3:36:26 PM,Order,Order='5c8a39df8cda45f0a7e2b78db1ac2837/Sim102' Name='PTT-BE-Target-1' New state='Cancelled' Instrument='MES SEP26' Action='Sell' Limit price=7637 Stop price=0 Quantity=4 Type='Limit' Time in force=GTC Oco='PTT-BE-Sim1-30540-0' Filled=0 Fill price=0 Error='No error' Native error='',
8/3/2026 3:36:26 PM,Position,Instrument='MES SEP26' Account='Sim102' Average price=0 Quantity=0 Market position=Flat Operation=Remove,
8/3/2026 3:36:26 PM,Order,Order='5c8a39df8cda45f0a7e2b78db1ac2837/Sim102' Name='PTT-BE-Target-1' New state='Cancel submitted' Instrument='MES SEP26' Action='Sell' Limit price=7637 Stop price=0 Quantity=4 Type='Limit' Time in force=GTC Oco='PTT-BE-Sim1-30540-0' Filled=0 Fill price=0 Error='No error' Native error='',
8/3/2026 3:36:26 PM,Order,Order='5c8a39df8cda45f0a7e2b78db1ac2837/Sim102' Name='PTT-BE-Target-1' New state='Accepted' Instrument='MES SEP26' Action='Sell' Limit price=7637 Stop price=0 Quantity=4 Type='Limit' Time in force=GTC Oco='PTT-BE-Sim1-30540-0' Filled=0 Fill price=0 Error='No error' Native error='',
8/3/2026 3:36:26 PM,Execution,Execution='4c4135f6e42d45209ae83e0caa8ad8d2' Instrument='MES SEP26' Account='Sim102' Exchange=Default Price=7634.5 Quantity=4 Market position=Short Operation=Operation_Add Order='5b835a66c32747e894bcfb7f42b3b097' Time='8/3/2026 3:36 PM',
8/3/2026 3:36:26 PM,Order,Order='5b835a66c32747e894bcfb7f42b3b097/Sim102' Name='PTT-BE-Stop-1' New state='Filled' Instrument='MES SEP26' Action='Sell' Limit price=0 Stop price=7635 Quantity=10 Type='Stop Market' Time in force=GTC Oco='PTT-BE-Sim1-30540-0' Filled=10 Fill price=7634.65 Error='No error' Native error='',
8/3/2026 3:36:26 PM,Position,Instrument='MES SEP26' Account='Sim102' Average price=7635.0625 Quantity=4 Market position=Long Operation=Update,
8/3/2026 3:36:26 PM,Execution,Execution='ebf332d07161402abd4ef5ff9523f3a0' Instrument='MES SEP26' Account='Sim102' Exchange=Default Price=7634.75 Quantity=6 Market position=Short Operation=Operation_Add Order='5b835a66c32747e894bcfb7f42b3b097' Time='8/3/2026 3:36 PM',
8/3/2026 3:36:26 PM,Order,Order='5b835a66c32747e894bcfb7f42b3b097/Sim102' Name='PTT-BE-Stop-1' New state='Partially filled' Instrument='MES SEP26' Action='Sell' Limit price=0 Stop price=7635 Quantity=10 Type='Stop Market' Time in force=GTC Oco='PTT-BE-Sim1-30540-0' Filled=6 Fill price=7634.75 Error='No error' Native error='',
8/3/2026 3:36:26 PM,Order,Order='5c8a39df8cda45f0a7e2b78db1ac2837/Sim102' Name='PTT-BE-Target-1' New state='Change submitted' Instrument='MES SEP26' Action='Sell' Limit price=7637 Stop price=0 Quantity=4 Type='Limit' Time in force=GTC Oco='PTT-BE-Sim1-30540-0' Filled=0 Fill price=0 Error='No error' Native error='',
8/3/2026 3:36:26 PM,Order,Order='5b835a66c32747e894bcfb7f42b3b097/Sim102' Name='PTT-BE-Stop-1' New state='Working' Instrument='MES SEP26' Action='Sell' Limit price=0 Stop price=7635 Quantity=10 Type='Stop Market' Time in force=GTC Oco='PTT-BE-Sim1-30540-0' Filled=0 Fill price=0 Error='No error' Native error='',
8/3/2026 3:36:23 PM,Order,Order='5c8a39df8cda45f0a7e2b78db1ac2837/Sim102' Name='PTT-BE-Target-1' New state='Working' Instrument='MES SEP26' Action='Sell' Limit price=7637 Stop price=0 Quantity=10 Type='Limit' Time in force=GTC Oco='PTT-BE-Sim1-30540-0' Filled=0 Fill price=0 Error='No error' Native error='',
8/3/2026 3:36:23 PM,Order,Order='5c8a39df8cda45f0a7e2b78db1ac2837/Sim102' Name='PTT-BE-Target-1' New state='Accepted' Instrument='MES SEP26' Action='Sell' Limit price=7637 Stop price=0 Quantity=10 Type='Limit' Time in force=GTC Oco='PTT-BE-Sim1-30540-0' Filled=0 Fill price=0 Error='No error' Native error='',
8/3/2026 3:36:23 PM,Order,Order='5b835a66c32747e894bcfb7f42b3b097/Sim102' Name='PTT-BE-Stop-1' New state='Accepted' Instrument='MES SEP26' Action='Sell' Limit price=0 Stop price=7635 Quantity=10 Type='Stop Market' Time in force=GTC Oco='PTT-BE-Sim1-30540-0' Filled=0 Fill price=0 Error='No error' Native error='',
8/3/2026 3:36:23 PM,Order,Order='af116e47c0e44835a0ab9ac43d55d671/Sim101' Name='Target1' New state='Cancelled' Instrument='MES SEP26' Action='Sell' Limit price=7637 Stop price=0 Quantity=10 Type='Limit' Time in force=GTC Oco='b44a6b5cd8cb4f019a3be2fc754041ba' Filled=0 Fill price=0 Error='No error' Native error='',
8/3/2026 3:36:23 PM,Order,Order='19d06b9a696c4a1aae4fdbc74d7b13a5/Sim101' Name='Stop1' New state='Cancelled' Instrument='MES SEP26' Action='Sell' Limit price=0 Stop price=7631 Quantity=10 Type='Stop Market' Time in force=GTC Oco='b44a6b5cd8cb4f019a3be2fc754041ba' Filled=0 Fill price=0 Error='No error' Native error='',
8/3/2026 3:36:23 PM,Order,Order='76bc0964d3214ff48d47e8f2a2e8e696/Sim102' Name='Stop1' New state='Cancelled' Instrument='MES SEP26' Action='Sell' Limit price=0 Stop price=7631 Quantity=10 Type='Stop Market' Time in force=GTC Oco='045f4b2540994c0fa8224cec7e0be71f' Filled=0 Fill price=0 Error='No error' Native error='',
8/3/2026 3:36:23 PM,Order,Order='24b142541e4b484fa5c29d5e0df4f656/Sim102' Name='Target1' New state='Cancelled' Instrument='MES SEP26' Action='Sell' Limit price=7637 Stop price=0 Quantity=10 Type='Limit' Time in force=GTC Oco='045f4b2540994c0fa8224cec7e0be71f' Filled=0 Fill price=0 Error='No error' Native error='',
8/3/2026 3:36:23 PM,Order,Order='5c8a39df8cda45f0a7e2b78db1ac2837/Sim102' Name='PTT-BE-Target-1' New state='Submitted' Instrument='MES SEP26' Action='Sell' Limit price=7637 Stop price=0 Quantity=10 Type='Limit' Time in force=GTC Oco='PTT-BE-Sim1-30540-0' Filled=0 Fill price=0 Error='No error' Native error='',
8/3/2026 3:36:23 PM,Order,Order='5b835a66c32747e894bcfb7f42b3b097/Sim102' Name='PTT-BE-Stop-1' New state='Submitted' Instrument='MES SEP26' Action='Sell' Limit price=0 Stop price=7635 Quantity=10 Type='Stop Market' Time in force=GTC Oco='PTT-BE-Sim1-30540-0' Filled=0 Fill price=0 Error='No error' Native error='',
8/3/2026 3:36:23 PM,Order,Sim101 Order 'c76c0e11da8747e6b8211c9174453518' can't be submitted: The OCO ID ‘PTT-BE-Sim1-30540-0’ cannot be reused. Please use a new OCO ID. affected Order: Sell 10 Limit @ 7637,
8/3/2026 3:36:23 PM,Order,Sim101 Order 'af62f75ebddd4dfba629d14995b9ce7d' can't be submitted: The OCO ID ‘PTT-BE-Sim1-30540-0’ cannot be reused. Please use a new OCO ID. affected Order: Sell 10 StopMarket @ 7635,
8/3/2026 3:36:23 PM,Order,Order='c76c0e11da8747e6b8211c9174453518/Sim101' Name='PTT-BE-Target-1' New state='Rejected' Instrument='MES SEP26' Action='Sell' Limit price=7637 Stop price=0 Quantity=10 Type='Limit' Time in force=GTC Oco='PTT-BE-Sim1-30540-0' Filled=0 Fill price=0 Error='Unable to submit order' Native error='Order 'c76c0e11da8747e6b8211c9174453518' can't be submitted: The OCO ID ‘PTT-BE-Sim1-30540-0’ cannot be reused. Please use a new OCO ID.',
8/3/2026 3:36:23 PM,Order,Order='af62f75ebddd4dfba629d14995b9ce7d/Sim101' Name='PTT-BE-Stop-1' New state='Rejected' Instrument='MES SEP26' Action='Sell' Limit price=0 Stop price=7635 Quantity=10 Type='Stop Market' Time in force=GTC Oco='PTT-BE-Sim1-30540-0' Filled=0 Fill price=0 Error='Unable to submit order' Native error='Order 'af62f75ebddd4dfba629d14995b9ce7d' can't be submitted: The OCO ID ‘PTT-BE-Sim1-30540-0’ cannot be reused. Please use a new OCO ID.',
8/3/2026 3:36:23 PM,Order,Order='19d06b9a696c4a1aae4fdbc74d7b13a5/Sim101' Name='Stop1' New state='Cancel submitted' Instrument='MES SEP26' Action='Sell' Limit price=0 Stop price=7631 Quantity=10 Type='Stop Market' Time in force=GTC Oco='b44a6b5cd8cb4f019a3be2fc754041ba' Filled=0 Fill price=0 Error='No error' Native error='',
8/3/2026 3:36:23 PM,Order,Order='af116e47c0e44835a0ab9ac43d55d671/Sim101' Name='Target1' New state='Cancel submitted' Instrument='MES SEP26' Action='Sell' Limit price=7637 Stop price=0 Quantity=10 Type='Limit' Time in force=GTC Oco='b44a6b5cd8cb4f019a3be2fc754041ba' Filled=0 Fill price=0 Error='No error' Native error='',
8/3/2026 3:36:23 PM,Order,Order='76bc0964d3214ff48d47e8f2a2e8e696/Sim102' Name='Stop1' New state='Cancel submitted' Instrument='MES SEP26' Action='Sell' Limit price=0 Stop price=7631 Quantity=10 Type='Stop Market' Time in force=GTC Oco='045f4b2540994c0fa8224cec7e0be71f' Filled=0 Fill price=0 Error='No error' Native error='',
8/3/2026 3:36:23 PM,Order,Order='24b142541e4b484fa5c29d5e0df4f656/Sim102' Name='Target1' New state='Cancel submitted' Instrument='MES SEP26' Action='Sell' Limit price=7637 Stop price=0 Quantity=10 Type='Limit' Time in force=GTC Oco='045f4b2540994c0fa8224cec7e0be71f' Filled=0 Fill price=0 Error='No error' Native error='',
8/3/2026 3:36:12 PM,Order,Order='24b142541e4b484fa5c29d5e0df4f656/Sim102' Name='Target1' New state='Working' Instrument='MES SEP26' Action='Sell' Limit price=7637 Stop price=0 Quantity=10 Type='Limit' Time in force=GTC Oco='045f4b2540994c0fa8224cec7e0be71f' Filled=0 Fill price=0 Error='No error' Native error='',
8/3/2026 3:36:12 PM,Order,Order='24b142541e4b484fa5c29d5e0df4f656/Sim102' Name='Target1' New state='Accepted' Instrument='MES SEP26' Action='Sell' Limit price=7637 Stop price=0 Quantity=10 Type='Limit' Time in force=GTC Oco='045f4b2540994c0fa8224cec7e0be71f' Filled=0 Fill price=0 Error='No error' Native error='',
8/3/2026 3:36:12 PM,Order,Order='76bc0964d3214ff48d47e8f2a2e8e696/Sim102' Name='Stop1' New state='Accepted' Instrument='MES SEP26' Action='Sell' Limit price=0 Stop price=7631 Quantity=10 Type='Stop Market' Time in force=GTC Oco='045f4b2540994c0fa8224cec7e0be71f' Filled=0 Fill price=0 Error='No error' Native error='',
8/3/2026 3:36:12 PM,Order,Order='24b142541e4b484fa5c29d5e0df4f656/Sim102' Name='Target1' New state='Submitted' Instrument='MES SEP26' Action='Sell' Limit price=7637 Stop price=0 Quantity=10 Type='Limit' Time in force=GTC Oco='045f4b2540994c0fa8224cec7e0be71f' Filled=0 Fill price=0 Error='No error' Native error='',
8/3/2026 3:36:12 PM,Order,Order='76bc0964d3214ff48d47e8f2a2e8e696/Sim102' Name='Stop1' New state='Submitted' Instrument='MES SEP26' Action='Sell' Limit price=0 Stop price=7631 Quantity=10 Type='Stop Market' Time in force=GTC Oco='045f4b2540994c0fa8224cec7e0be71f' Filled=0 Fill price=0 Error='No error' Native error='',
8/3/2026 3:36:12 PM,Order,Order='d46e38dfcec3420d948543e804718a64/Sim102' Name='Entry' New state='Filled' Instrument='MES SEP26' Action='Buy' Limit price=0 Stop price=0 Quantity=10 Type='Market' Time in force=GTC Oco='' Filled=10 Fill price=7635.025 Error='No error' Native error='',
8/3/2026 3:36:12 PM,Execution,Execution='6b448288a7f84cc28fff827ccee416b3' Instrument='MES SEP26' Account='Sim102' Exchange=Default Price=7635.25 Quantity=1 Market position=Long Operation=Operation_Add Order='d46e38dfcec3420d948543e804718a64' Time='8/3/2026 3:36 PM',
8/3/2026 3:36:12 PM,Position,Instrument='MES SEP26' Account='Sim102' Average price=7635.025 Quantity=10 Market position=Long Operation=Update,
8/3/2026 3:36:12 PM,Position,Instrument='MES SEP26' Account='Sim102' Average price=7635 Quantity=9 Market position=Long Operation=Operation_Add,
8/3/2026 3:36:12 PM,Execution,Execution='fb17508614ed4fe3b22877786cac12c8' Instrument='MES SEP26' Account='Sim102' Exchange=Default Price=7635 Quantity=9 Market position=Long Operation=Operation_Add Order='d46e38dfcec3420d948543e804718a64' Time='8/3/2026 3:36 PM',
8/3/2026 3:36:12 PM,Order,Order='d46e38dfcec3420d948543e804718a64/Sim102' Name='Entry' New state='Partially filled' Instrument='MES SEP26' Action='Buy' Limit price=0 Stop price=0 Quantity=10 Type='Market' Time in force=GTC Oco='' Filled=9 Fill price=7635 Error='No error' Native error='',
8/3/2026 3:36:12 PM,Order,Order='d46e38dfcec3420d948543e804718a64/Sim102' Name='Entry' New state='Working' Instrument='MES SEP26' Action='Buy' Limit price=0 Stop price=0 Quantity=10 Type='Market' Time in force=GTC Oco='' Filled=0 Fill price=0 Error='No error' Native error='',
8/3/2026 3:36:12 PM,Order,Order='d46e38dfcec3420d948543e804718a64/Sim102' Name='Entry' New state='Accepted' Instrument='MES SEP26' Action='Buy' Limit price=0 Stop price=0 Quantity=10 Type='Market' Time in force=GTC Oco='' Filled=0 Fill price=0 Error='No error' Native error='',
8/3/2026 3:36:12 PM,Order,Order='d46e38dfcec3420d948543e804718a64/Sim102' Name='Entry' New state='Submitted' Instrument='MES SEP26' Action='Buy' Limit price=0 Stop price=0 Quantity=10 Type='Market' Time in force=GTC Oco='' Filled=0 Fill price=0 Error='No error' Native error='',
8/3/2026 3:36:12 PM,Order,Static SuperDOM submitting order with strategy 'MES $200 SL4 - 2' (Ticks),
8/3/2026 3:36:11 PM,Order,Order='af116e47c0e44835a0ab9ac43d55d671/Sim101' Name='Target1' New state='Working' Instrument='MES SEP26' Action='Sell' Limit price=7637 Stop price=0 Quantity=10 Type='Limit' Time in force=GTC Oco='b44a6b5cd8cb4f019a3be2fc754041ba' Filled=0 Fill price=0 Error='No error' Native error='',
8/3/2026 3:36:11 PM,Order,Order='19d06b9a696c4a1aae4fdbc74d7b13a5/Sim101' Name='Stop1' New state='Accepted' Instrument='MES SEP26' Action='Sell' Limit price=0 Stop price=7631 Quantity=10 Type='Stop Market' Time in force=GTC Oco='b44a6b5cd8cb4f019a3be2fc754041ba' Filled=0 Fill price=0 Error='No error' Native error='',
8/3/2026 3:36:11 PM,Order,Order='af116e47c0e44835a0ab9ac43d55d671/Sim101' Name='Target1' New state='Accepted' Instrument='MES SEP26' Action='Sell' Limit price=7637 Stop price=0 Quantity=10 Type='Limit' Time in force=GTC Oco='b44a6b5cd8cb4f019a3be2fc754041ba' Filled=0 Fill price=0 Error='No error' Native error='',
8/3/2026 3:36:11 PM,Order,Order='19d06b9a696c4a1aae4fdbc74d7b13a5/Sim101' Name='Stop1' New state='Submitted' Instrument='MES SEP26' Action='Sell' Limit price=0 Stop price=7631 Quantity=10 Type='Stop Market' Time in force=GTC Oco='b44a6b5cd8cb4f019a3be2fc754041ba' Filled=0 Fill price=0 Error='No error' Native error='',
8/3/2026 3:36:11 PM,Order,Order='af116e47c0e44835a0ab9ac43d55d671/Sim101' Name='Target1' New state='Submitted' Instrument='MES SEP26' Action='Sell' Limit price=7637 Stop price=0 Quantity=10 Type='Limit' Time in force=GTC Oco='b44a6b5cd8cb4f019a3be2fc754041ba' Filled=0 Fill price=0 Error='No error' Native error='',
8/3/2026 3:36:11 PM,Execution,Execution='5929239d4b374afeb5f06c9117979f7a' Instrument='MES SEP26' Account='Sim101' Exchange=Default Price=7635.25 Quantity=2 Market position=Long Operation=Operation_Add Order='94bc771b40c14a069ed6c2ea18a7d602' Time='8/3/2026 3:36 PM',
8/3/2026 3:36:11 PM,Position,Instrument='MES SEP26' Account='Sim101' Average price=7635.05 Quantity=10 Market position=Long Operation=Update,
8/3/2026 3:36:11 PM,Order,Order='94bc771b40c14a069ed6c2ea18a7d602/Sim101' Name='Entry' New state='Filled' Instrument='MES SEP26' Action='Buy' Limit price=0 Stop price=0 Quantity=10 Type='Market' Time in force=GTC Oco='' Filled=10 Fill price=7635.05 Error='No error' Native error='',
8/3/2026 3:36:11 PM,Execution,Execution='256771fe084f4188af96b95249657b2d' Instrument='MES SEP26' Account='Sim101' Exchange=Default Price=7635 Quantity=8 Market position=Long Operation=Operation_Add Order='94bc771b40c14a069ed6c2ea18a7d602' Time='8/3/2026 3:36 PM',
8/3/2026 3:36:11 PM,Position,Instrument='MES SEP26' Account='Sim101' Average price=7635 Quantity=8 Market position=Long Operation=Operation_Add,
8/3/2026 3:36:11 PM,Order,Order='94bc771b40c14a069ed6c2ea18a7d602/Sim101' Name='Entry' New state='Partially filled' Instrument='MES SEP26' Action='Buy' Limit price=0 Stop price=0 Quantity=10 Type='Market' Time in force=GTC Oco='' Filled=8 Fill price=7635 Error='No error' Native error='',
8/3/2026 3:36:11 PM,Order,Order='94bc771b40c14a069ed6c2ea18a7d602/Sim101' Name='Entry' New state='Accepted' Instrument='MES SEP26' Action='Buy' Limit price=0 Stop price=0 Quantity=10 Type='Market' Time in force=GTC Oco='' Filled=0 Fill price=0 Error='No error' Native error='',
8/3/2026 3:36:11 PM,Order,Order='94bc771b40c14a069ed6c2ea18a7d602/Sim101' Name='Entry' New state='Working' Instrument='MES SEP26' Action='Buy' Limit price=0 Stop price=0 Quantity=10 Type='Market' Time in force=GTC Oco='' Filled=0 Fill price=0 Error='No error' Native error='',
8/3/2026 3:36:11 PM,Order,Order='94bc771b40c14a069ed6c2ea18a7d602/Sim101' Name='Entry' New state='Submitted' Instrument='MES SEP26' Action='Buy' Limit price=0 Stop price=0 Quantity=10 Type='Market' Time in force=GTC Oco='' Filled=0 Fill price=0 Error='No error' Native error='',
8/3/2026 3:36:11 PM,Order,Static SuperDOM submitting order with strategy 'MES $200 SL4 - 1' (Ticks),
8/3/2026 3:35:56 PM,Default,Cancel all orders account='PA-APEX-422136-09',
8/3/2026 3:35:56 PM,Default,Chart Trader close position,
8/3/2026 3:35:52 PM,Position,Instrument='MES SEP26' Account='Sim101' Average price=0 Quantity=0 Market position=Flat Operation=Remove,
8/3/2026 3:35:52 PM,Execution,Execution='160796340f104417addc2856d92b96cb' Instrument='MES SEP26' Account='Sim101' Exchange=Default Price=7634 Quantity=10 Market position=Short Operation=Operation_Add Order='ce764a92308f4a27807fbbec7d89c079' Time='8/3/2026 3:35 PM',
8/3/2026 3:35:52 PM,Order,Order='ce764a92308f4a27807fbbec7d89c079/Sim101' Name='Close' New state='Filled' Instrument='MES SEP26' Action='Sell' Limit price=0 Stop price=0 Quantity=10 Type='Market' Time in force=DAY Oco='' Filled=10 Fill price=7634 Error='No error' Native error='',
8/3/2026 3:35:52 PM,Order,Order='ce764a92308f4a27807fbbec7d89c079/Sim101' Name='Close' New state='Working' Instrument='MES SEP26' Action='Sell' Limit price=0 Stop price=0 Quantity=10 Type='Market' Time in force=DAY Oco='' Filled=0 Fill price=0 Error='No error' Native error='',
8/3/2026 3:35:52 PM,Order,Order='ce764a92308f4a27807fbbec7d89c079/Sim101' Name='Close' New state='Accepted' Instrument='MES SEP26' Action='Sell' Limit price=0 Stop price=0 Quantity=10 Type='Market' Time in force=DAY Oco='' Filled=0 Fill price=0 Error='No error' Native error='',
8/3/2026 3:35:52 PM,Order,Order='ce764a92308f4a27807fbbec7d89c079/Sim101' Name='Close' New state='Submitted' Instrument='MES SEP26' Action='Sell' Limit price=0 Stop price=0 Quantity=10 Type='Market' Time in force=DAY Oco='' Filled=0 Fill price=0 Error='No error' Native error='',
8/3/2026 3:35:52 PM,Order,Order='f2fef5cf30144031b21250f4a7b0c365/Sim101' Name='Target1' New state='Cancelled' Instrument='MES SEP26' Action='Sell' Limit price=7636.25 Stop price=0 Quantity=10 Type='Limit' Time in force=GTC Oco='2494c217c8094812a9ec4488e76f4949' Filled=0 Fill price=0 Error='No error' Native error='',
8/3/2026 3:35:52 PM,Order,Order='82b8a729484d4bad81007b554b484d52/Sim101' Name='Stop1' New state='Cancelled' Instrument='MES SEP26' Action='Sell' Limit price=0 Stop price=7630.25 Quantity=10 Type='Stop Market' Time in force=GTC Oco='2494c217c8094812a9ec4488e76f4949' Filled=0 Fill price=0 Error='No error' Native error='',
8/3/2026 3:35:52 PM,Order,Order='f2fef5cf30144031b21250f4a7b0c365/Sim101' Name='Target1' New state='Cancel submitted' Instrument='MES SEP26' Action='Sell' Limit price=7636.25 Stop price=0 Quantity=10 Type='Limit' Time in force=GTC Oco='2494c217c8094812a9ec4488e76f4949' Filled=0 Fill price=0 Error='No error' Native error='',
8/3/2026 3:35:52 PM,Order,Order='82b8a729484d4bad81007b554b484d52/Sim101' Name='Stop1' New state='Cancel submitted' Instrument='MES SEP26' Action='Sell' Limit price=0 Stop price=7630.25 Quantity=10 Type='Stop Market' Time in force=GTC Oco='2494c217c8094812a9ec4488e76f4949' Filled=0 Fill price=0 Error='No error' Native error='',
8/3/2026 3:35:52 PM,Default,Position grid close position,
8/3/2026 3:35:33 PM,Order,Order='2919e5fd4f834fddb933da95b2f76b08/Sim102' Name='PTT-BE-Target-1' New state='Cancelled' Instrument='MES SEP26' Action='Sell' Limit price=7636 Stop price=0 Quantity=2 Type='Limit' Time in force=GTC Oco='PTT-BEG-00001-21-0-0' Filled=0 Fill price=0 Error='No error' Native error='',
8/3/2026 3:35:33 PM,Order,Order='2919e5fd4f834fddb933da95b2f76b08/Sim102' Name='PTT-BE-Target-1' New state='Cancel submitted' Instrument='MES SEP26' Action='Sell' Limit price=7636 Stop price=0 Quantity=2 Type='Limit' Time in force=GTC Oco='PTT-BEG-00001-21-0-0' Filled=0 Fill price=0 Error='No error' Native error='',
8/3/2026 3:35:33 PM,Order,Order='2919e5fd4f834fddb933da95b2f76b08/Sim102' Name='PTT-BE-Target-1' New state='Accepted' Instrument='MES SEP26' Action='Sell' Limit price=7636 Stop price=0 Quantity=2 Type='Limit' Time in force=GTC Oco='PTT-BEG-00001-21-0-0' Filled=0 Fill price=0 Error='No error' Native error='',
8/3/2026 3:35:33 PM,Position,Instrument='MES SEP26' Account='Sim102' Average price=0 Quantity=0 Market position=Flat Operation=Remove,
8/3/2026 3:35:33 PM,Execution,Execution='09e1f89abf8442bd9ad5dfb63da10f0a' Instrument='MES SEP26' Account='Sim102' Exchange=Default Price=7633.5 Quantity=2 Market position=Short Operation=Operation_Add Order='7bab26c0032d4c91a79d52112622dff9' Time='8/3/2026 3:35 PM',
8/3/2026 3:35:33 PM,Order,Order='7bab26c0032d4c91a79d52112622dff9/Sim102' Name='PTT-BE-Stop-1' New state='Filled' Instrument='MES SEP26' Action='Sell' Limit price=0 Stop price=7634 Quantity=10 Type='Stop Market' Time in force=GTC Oco='PTT-BEG-00001-21-0-0' Filled=10 Fill price=7633.7 Error='No error' Native error='',
8/3/2026 3:35:33 PM,Position,Instrument='MES SEP26' Account='Sim102' Average price=7634.25 Quantity=2 Market position=Long Operation=Update,
8/3/2026 3:35:33 PM,Order,Order='2919e5fd4f834fddb933da95b2f76b08/Sim102' Name='PTT-BE-Target-1' New state='Change submitted' Instrument='MES SEP26' Action='Sell' Limit price=7636 Stop price=0 Quantity=2 Type='Limit' Time in force=GTC Oco='PTT-BEG-00001-21-0-0' Filled=0 Fill price=0 Error='No error' Native error='',
8/3/2026 3:35:33 PM,Execution,Execution='47cafd7e688242a7b965b8db2e2ee46e' Instrument='MES SEP26' Account='Sim102' Exchange=Default Price=7633.75 Quantity=8 Market position=Short Operation=Operation_Add Order='7bab26c0032d4c91a79d52112622dff9' Time='8/3/2026 3:35 PM',
8/3/2026 3:35:33 PM,Order,Order='7bab26c0032d4c91a79d52112622dff9/Sim102' Name='PTT-BE-Stop-1' New state='Partially filled' Instrument='MES SEP26' Action='Sell' Limit price=0 Stop price=7634 Quantity=10 Type='Stop Market' Time in force=GTC Oco='PTT-BEG-00001-21-0-0' Filled=8 Fill price=7633.75 Error='No error' Native error='',
8/3/2026 3:35:33 PM,Order,Order='2919e5fd4f834fddb933da95b2f76b08/Sim102' Name='PTT-BE-Target-1' New state='Working' Instrument='MES SEP26' Action='Sell' Limit price=7636 Stop price=0 Quantity=10 Type='Limit' Time in force=GTC Oco='PTT-BEG-00001-21-0-0' Filled=0 Fill price=0 Error='No error' Native error='',
8/3/2026 3:35:33 PM,Order,Order='2919e5fd4f834fddb933da95b2f76b08/Sim102' Name='PTT-BE-Target-1' New state='Accepted' Instrument='MES SEP26' Action='Sell' Limit price=7636 Stop price=0 Quantity=10 Type='Limit' Time in force=GTC Oco='PTT-BEG-00001-21-0-0' Filled=0 Fill price=0 Error='No error' Native error='',
8/3/2026 3:35:33 PM,Order,Order='7bab26c0032d4c91a79d52112622dff9/Sim102' Name='PTT-BE-Stop-1' New state='Working' Instrument='MES SEP26' Action='Sell' Limit price=0 Stop price=7634 Quantity=10 Type='Stop Market' Time in force=GTC Oco='PTT-BEG-00001-21-0-0' Filled=0 Fill price=0 Error='No error' Native error='',
8/3/2026 3:35:33 PM,Order,Order='7bab26c0032d4c91a79d52112622dff9/Sim102' Name='PTT-BE-Stop-1' New state='Accepted' Instrument='MES SEP26' Action='Sell' Limit price=0 Stop price=7634 Quantity=10 Type='Stop Market' Time in force=GTC Oco='PTT-BEG-00001-21-0-0' Filled=0 Fill price=0 Error='No error' Native error='',
8/3/2026 3:35:33 PM,Order,Order='939892aedb0a4bf1ab390b1af9580609/Sim102' Name='Stop1' New state='Cancelled' Instrument='MES SEP26' Action='Sell' Limit price=0 Stop price=7630 Quantity=10 Type='Stop Market' Time in force=GTC Oco='f110f198289d426a9a0fb909039a1aa5' Filled=0 Fill price=0 Error='No error' Native error='',
8/3/2026 3:35:33 PM,Order,Order='23b89cbca0f84a3daa0c0d48df7d86da/Sim102' Name='Target1' New state='Cancelled' Instrument='MES SEP26' Action='Sell' Limit price=7636 Stop price=0 Quantity=10 Type='Limit' Time in force=GTC Oco='f110f198289d426a9a0fb909039a1aa5' Filled=0 Fill price=0 Error='No error' Native error='',
8/3/2026 3:35:33 PM,Order,Order='2919e5fd4f834fddb933da95b2f76b08/Sim102' Name='PTT-BE-Target-1' New state='Submitted' Instrument='MES SEP26' Action='Sell' Limit price=7636 Stop price=0 Quantity=10 Type='Limit' Time in force=GTC Oco='PTT-BEG-00001-21-0-0' Filled=0 Fill price=0 Error='No error' Native error='',
8/3/2026 3:35:33 PM,Order,Order='7bab26c0032d4c91a79d52112622dff9/Sim102' Name='PTT-BE-Stop-1' New state='Submitted' Instrument='MES SEP26' Action='Sell' Limit price=0 Stop price=7634 Quantity=10 Type='Stop Market' Time in force=GTC Oco='PTT-BEG-00001-21-0-0' Filled=0 Fill price=0 Error='No error' Native error='',
8/3/2026 3:35:33 PM,Order,Order='939892aedb0a4bf1ab390b1af9580609/Sim102' Name='Stop1' New state='Cancel submitted' Instrument='MES SEP26' Action='Sell' Limit price=0 Stop price=7630 Quantity=10 Type='Stop Market' Time in force=GTC Oco='f110f198289d426a9a0fb909039a1aa5' Filled=0 Fill price=0 Error='No error' Native error='',
8/3/2026 3:35:33 PM,Order,Order='23b89cbca0f84a3daa0c0d48df7d86da/Sim102' Name='Target1' New state='Cancel submitted' Instrument='MES SEP26' Action='Sell' Limit price=7636 Stop price=0 Quantity=10 Type='Limit' Time in force=GTC Oco='f110f198289d426a9a0fb909039a1aa5' Filled=0 Fill price=0 Error='No error' Native error='',
8/3/2026 3:35:09 PM,Order,Order='23b89cbca0f84a3daa0c0d48df7d86da/Sim102' Name='Target1' New state='Accepted' Instrument='MES SEP26' Action='Sell' Limit price=7636 Stop price=0 Quantity=10 Type='Limit' Time in force=GTC Oco='f110f198289d426a9a0fb909039a1aa5' Filled=0 Fill price=0 Error='No error' Native error='',
8/3/2026 3:35:09 PM,Order,Order='23b89cbca0f84a3daa0c0d48df7d86da/Sim102' Name='Target1' New state='Working' Instrument='MES SEP26' Action='Sell' Limit price=7636 Stop price=0 Quantity=10 Type='Limit' Time in force=GTC Oco='f110f198289d426a9a0fb909039a1aa5' Filled=0 Fill price=0 Error='No error' Native error='',
8/3/2026 3:35:09 PM,Order,Order='939892aedb0a4bf1ab390b1af9580609/Sim102' Name='Stop1' New state='Accepted' Instrument='MES SEP26' Action='Sell' Limit price=0 Stop price=7630 Quantity=10 Type='Stop Market' Time in force=GTC Oco='f110f198289d426a9a0fb909039a1aa5' Filled=0 Fill price=0 Error='No error' Native error='',
8/3/2026 3:35:09 PM,Order,Order='23b89cbca0f84a3daa0c0d48df7d86da/Sim102' Name='Target1' New state='Submitted' Instrument='MES SEP26' Action='Sell' Limit price=7636 Stop price=0 Quantity=10 Type='Limit' Time in force=GTC Oco='f110f198289d426a9a0fb909039a1aa5' Filled=0 Fill price=0 Error='No error' Native error='',
8/3/2026 3:35:09 PM,Order,Order='939892aedb0a4bf1ab390b1af9580609/Sim102' Name='Stop1' New state='Submitted' Instrument='MES SEP26' Action='Sell' Limit price=0 Stop price=7630 Quantity=10 Type='Stop Market' Time in force=GTC Oco='f110f198289d426a9a0fb909039a1aa5' Filled=0 Fill price=0 Error='No error' Native error='',
8/3/2026 3:35:09 PM,Execution,Execution='e2335f3b7f8f42e0ad652884fcea1c8c' Instrument='MES SEP26' Account='Sim102' Exchange=Default Price=7634.25 Quantity=5 Market position=Long Operation=Operation_Add Order='4f96c365fe994df289228e5eb6feddd6' Time='8/3/2026 3:35 PM',
8/3/2026 3:35:09 PM,Position,Instrument='MES SEP26' Account='Sim102' Average price=7634.125 Quantity=10 Market position=Long Operation=Update,
8/3/2026 3:35:09 PM,Order,Order='4f96c365fe994df289228e5eb6feddd6/Sim102' Name='Entry' New state='Filled' Instrument='MES SEP26' Action='Buy' Limit price=0 Stop price=0 Quantity=10 Type='Market' Time in force=GTC Oco='' Filled=10 Fill price=7634.125 Error='No error' Native error='',
8/3/2026 3:35:09 PM,Execution,Execution='949b8219c9b8442c93d91ec0e824bc28' Instrument='MES SEP26' Account='Sim102' Exchange=Default Price=7634 Quantity=5 Market position=Long Operation=Operation_Add Order='4f96c365fe994df289228e5eb6feddd6' Time='8/3/2026 3:35 PM',
8/3/2026 3:35:09 PM,Position,Instrument='MES SEP26' Account='Sim102' Average price=7634 Quantity=5 Market position=Long Operation=Operation_Add,
8/3/2026 3:35:09 PM,Order,Order='4f96c365fe994df289228e5eb6feddd6/Sim102' Name='Entry' New state='Partially filled' Instrument='MES SEP26' Action='Buy' Limit price=0 Stop price=0 Quantity=10 Type='Market' Time in force=GTC Oco='' Filled=5 Fill price=7634 Error='No error' Native error='',
8/3/2026 3:35:09 PM,Order,Order='4f96c365fe994df289228e5eb6feddd6/Sim102' Name='Entry' New state='Accepted' Instrument='MES SEP26' Action='Buy' Limit price=0 Stop price=0 Quantity=10 Type='Market' Time in force=GTC Oco='' Filled=0 Fill price=0 Error='No error' Native error='',
8/3/2026 3:35:09 PM,Order,Order='4f96c365fe994df289228e5eb6feddd6/Sim102' Name='Entry' New state='Working' Instrument='MES SEP26' Action='Buy' Limit price=0 Stop price=0 Quantity=10 Type='Market' Time in force=GTC Oco='' Filled=0 Fill price=0 Error='No error' Native error='',
8/3/2026 3:35:08 PM,Order,Order='4f96c365fe994df289228e5eb6feddd6/Sim102' Name='Entry' New state='Submitted' Instrument='MES SEP26' Action='Buy' Limit price=0 Stop price=0 Quantity=10 Type='Market' Time in force=GTC Oco='' Filled=0 Fill price=0 Error='No error' Native error='',
8/3/2026 3:35:08 PM,Order,Static SuperDOM submitting order with strategy 'MES $200 SL4 - 2' (Ticks),
8/3/2026 3:35:08 PM,Order,Order='f2fef5cf30144031b21250f4a7b0c365/Sim101' Name='Target1' New state='Working' Instrument='MES SEP26' Action='Sell' Limit price=7636.25 Stop price=0 Quantity=10 Type='Limit' Time in force=GTC Oco='2494c217c8094812a9ec4488e76f4949' Filled=0 Fill price=0 Error='No error' Native error='',
8/3/2026 3:35:08 PM,Order,Order='f2fef5cf30144031b21250f4a7b0c365/Sim101' Name='Target1' New state='Accepted' Instrument='MES SEP26' Action='Sell' Limit price=7636.25 Stop price=0 Quantity=10 Type='Limit' Time in force=GTC Oco='2494c217c8094812a9ec4488e76f4949' Filled=0 Fill price=0 Error='No error' Native error='',
8/3/2026 3:35:08 PM,Order,Order='82b8a729484d4bad81007b554b484d52/Sim101' Name='Stop1' New state='Accepted' Instrument='MES SEP26' Action='Sell' Limit price=0 Stop price=7630.25 Quantity=10 Type='Stop Market' Time in force=GTC Oco='2494c217c8094812a9ec4488e76f4949' Filled=0 Fill price=0 Error='No error' Native error='',
8/3/2026 3:35:08 PM,Order,Order='f2fef5cf30144031b21250f4a7b0c365/Sim101' Name='Target1' New state='Submitted' Instrument='MES SEP26' Action='Sell' Limit price=7636.25 Stop price=0 Quantity=10 Type='Limit' Time in force=GTC Oco='2494c217c8094812a9ec4488e76f4949' Filled=0 Fill price=0 Error='No error' Native error='',
8/3/2026 3:35:08 PM,Order,Order='82b8a729484d4bad81007b554b484d52/Sim101' Name='Stop1' New state='Submitted' Instrument='MES SEP26' Action='Sell' Limit price=0 Stop price=7630.25 Quantity=10 Type='Stop Market' Time in force=GTC Oco='2494c217c8094812a9ec4488e76f4949' Filled=0 Fill price=0 Error='No error' Native error='',
8/3/2026 3:35:08 PM,Position,Instrument='MES SEP26' Account='Sim101' Average price=7634.25 Quantity=10 Market position=Long Operation=Operation_Add,
8/3/2026 3:35:08 PM,Execution,Execution='e1ee859a8cdf4073b92997f79a671cdd' Instrument='MES SEP26' Account='Sim101' Exchange=Default Price=7634.25 Quantity=10 Market position=Long Operation=Operation_Add Order='0a9204a46b0f4ee79dfbffaba708b54e' Time='8/3/2026 3:35 PM',
8/3/2026 3:35:08 PM,Order,Order='0a9204a46b0f4ee79dfbffaba708b54e/Sim101' Name='Entry' New state='Filled' Instrument='MES SEP26' Action='Buy' Limit price=0 Stop price=0 Quantity=10 Type='Market' Time in force=GTC Oco='' Filled=10 Fill price=7634.25 Error='No error' Native error='',
8/3/2026 3:35:08 PM,Order,Order='0a9204a46b0f4ee79dfbffaba708b54e/Sim101' Name='Entry' New state='Working' Instrument='MES SEP26' Action='Buy' Limit price=0 Stop price=0 Quantity=10 Type='Market' Time in force=GTC Oco='' Filled=0 Fill price=0 Error='No error' Native error='',
8/3/2026 3:35:08 PM,Order,Order='0a9204a46b0f4ee79dfbffaba708b54e/Sim101' Name='Entry' New state='Accepted' Instrument='MES SEP26' Action='Buy' Limit price=0 Stop price=0 Quantity=10 Type='Market' Time in force=GTC Oco='' Filled=0 Fill price=0 Error='No error' Native error='',
8/3/2026 3:35:08 PM,Order,Order='0a9204a46b0f4ee79dfbffaba708b54e/Sim101' Name='Entry' New state='Submitted' Instrument='MES SEP26' Action='Buy' Limit price=0 Stop price=0 Quantity=10 Type='Market' Time in force=GTC Oco='' Filled=0 Fill price=0 Error='No error' Native error='',
8/3/2026 3:35:07 PM,Order,Static SuperDOM submitting order with strategy 'MES $200 SL4 - 1' (Ticks),
8/3/2026 3:30:58 PM,Position,Instrument='MES SEP26' Account='Sim102' Average price=0 Quantity=0 Market position=Flat Operation=Remove,
8/3/2026 3:30:58 PM,Execution,Execution='e56cbb7bffee47a886d3af4c0ad9d678' Instrument='MES SEP26' Account='Sim102' Exchange=Default Price=7633.5 Quantity=8 Market position=Long Operation=Operation_Add Order='02c81ec25c914475aac17d30f82d4edc' Time='8/3/2026 3:30 PM',
8/3/2026 3:30:58 PM,Order,Order='02c81ec25c914475aac17d30f82d4edc/Sim102' Name='Close' New state='Filled' Instrument='MES SEP26' Action='Buy to cover' Limit price=0 Stop price=0 Quantity=8 Type='Market' Time in force=DAY Oco='' Filled=8 Fill price=7633.5 Error='No error' Native error='',
8/3/2026 3:30:57 PM,Order,Order='02c81ec25c914475aac17d30f82d4edc/Sim102' Name='Close' New state='Working' Instrument='MES SEP26' Action='Buy to cover' Limit price=0 Stop price=0 Quantity=8 Type='Market' Time in force=DAY Oco='' Filled=0 Fill price=0 Error='No error' Native error='',
8/3/2026 3:30:57 PM,Order,Order='02c81ec25c914475aac17d30f82d4edc/Sim102' Name='Close' New state='Accepted' Instrument='MES SEP26' Action='Buy to cover' Limit price=0 Stop price=0 Quantity=8 Type='Market' Time in force=DAY Oco='' Filled=0 Fill price=0 Error='No error' Native error='',
8/3/2026 3:30:57 PM,Order,Order='02c81ec25c914475aac17d30f82d4edc/Sim102' Name='Close' New state='Submitted' Instrument='MES SEP26' Action='Buy to cover' Limit price=0 Stop price=0 Quantity=8 Type='Market' Time in force=DAY Oco='' Filled=0 Fill price=0 Error='No error' Native error='',
8/3/2026 3:30:57 PM,Default,Position grid close position,
8/3/2026 3:30:41 PM,Connection,Market data failed for 'MES SEP26': 'get_order_book error : 13',
8/3/2026 3:30:41 PM,Connection,Market data failed for 'MGC DEC26': 'get_order_book error : 13',
8/3/2026 3:30:40 PM,Connection,Using HDS (hds-us-nt-017.ninjatrader.com/31655),
8/3/2026 3:30:40 PM,Connection,Time to auto close position='12:00:00 AM' Enabled=False,
8/3/2026 3:30:40 PM,Connection,My Rithmic for NinjaTrader Brokerage: Primary connection=Connected Price feed=Connected,
8/3/2026 3:30:25 PM,Default,Restoring workspace 'SuperDOM 3'...,
8/3/2026 3:30:24 PM,Default,Auto close enabled=False,
8/3/2026 3:30:24 PM,Order,Order entry hot keys disabled,
8/3/2026 3:30:23 PM,Connection,My Rithmic for NinjaTrader Brokerage: Primary connection=Connecting Price feed=Connecting,
8/3/2026 3:30:23 PM,Default,Auto connecting 'My Rithmic for NinjaTrader Brokerage'...,
8/3/2026 3:30:23 PM,Default,Automated trading disabled,
8/3/2026 3:30:23 PM,Connection,Using IS (is-us-nt-006.ninjatrader.com/31658),
8/3/2026 3:30:23 PM,Default,Telemetry configuration updated to version 1003 (previous version 0).,
8/3/2026 3:30:18 PM,Default,Global simulation mode disabled,
8/3/2026 3:30:05 PM,Default,Session Break (Version 8.1.8.1),
8/3/2026 3:29:47 PM,Connection,My Rithmic for NinjaTrader Brokerage: Primary connection=Disconnected Price feed=Disconnected,
8/3/2026 3:29:46 PM,Connection,My Rithmic for NinjaTrader Brokerage: Primary connection=Disconnecting Price feed=Disconnecting,
8/3/2026 3:29:44 PM,Default,Session Break (Version 8.1.8.1),
8/3/2026 3:29:39 PM,Default,Workspace SuperDOM 3 not saved,
8/3/2026 3:29:25 PM,Default,Session Break (Version 8.1.8.1),
8/3/2026 12:28:29 PM,Connection,Connection restored to the NinjaTrader Historical Data Server: hds-us-nt-004.ninjatrader.com,
8/3/2026 12:28:29 PM,Connection,Using HDS (hds-us-nt-004.ninjatrader.com/31655),
8/3/2026 12:28:19 PM,Connection,Connection lost to the NinjaTrader Historical Data Server: hds-us-nt-019.ninjatrader.com,
8/3/2026 12:27:43 PM,Position,Instrument='MES SEP26' Account='Sim101' Average price=0 Quantity=0 Market position=Flat Operation=Remove,
8/3/2026 12:27:43 PM,Execution,Execution='c4a016076d184478b02f37b94cec049a' Instrument='MES SEP26' Account='Sim101' Exchange=Default Price=7636.75 Quantity=10 Market position=Long Operation=Operation_Add Order='ea6e33f1692549c297abc4d47e9ed244' Time='8/3/2026 12:27 PM',
8/3/2026 12:27:43 PM,Order,Order='ea6e33f1692549c297abc4d47e9ed244/Sim101' Name='Close' New state='Filled' Instrument='MES SEP26' Action='Buy to cover' Limit price=0 Stop price=0 Quantity=10 Type='Market' Time in force=DAY Oco='' Filled=10 Fill price=7636.75 Error='No error' Native error='',
8/3/2026 12:27:43 PM,Order,Order='ea6e33f1692549c297abc4d47e9ed244/Sim101' Name='Close' New state='Working' Instrument='MES SEP26' Action='Buy to cover' Limit price=0 Stop price=0 Quantity=10 Type='Market' Time in force=DAY Oco='' Filled=0 Fill price=0 Error='No error' Native error='',
8/3/2026 12:27:43 PM,Order,Order='ea6e33f1692549c297abc4d47e9ed244/Sim101' Name='Close' New state='Accepted' Instrument='MES SEP26' Action='Buy to cover' Limit price=0 Stop price=0 Quantity=10 Type='Market' Time in force=DAY Oco='' Filled=0 Fill price=0 Error='No error' Native error='',
8/3/2026 12:27:43 PM,Order,Order='ea6e33f1692549c297abc4d47e9ed244/Sim101' Name='Close' New state='Submitted' Instrument='MES SEP26' Action='Buy to cover' Limit price=0 Stop price=0 Quantity=10 Type='Market' Time in force=DAY Oco='' Filled=0 Fill price=0 Error='No error' Native error='',
8/3/2026 12:27:43 PM,Default,Chart Trader close position,
8/3/2026 12:26:36 PM,Order,Order='c3b862dca9714779bd7d889d95952a33/Sim101' Name='Stop1' New state='Cancelled' Instrument='MES SEP26' Action='Buy to cover' Limit price=0 Stop price=7640.75 Quantity=10 Type='Stop Market' Time in force=GTC Oco='ac337f22715d46c0a3884c648745eb5c' Filled=0 Fill price=0 Error='No error' Native error='',
8/3/2026 12:26:36 PM,Order,Order='79a0d01275ea46ac8eff7daa8644fa87/Sim101' Name='Target1' New state='Cancelled' Instrument='MES SEP26' Action='Buy to cover' Limit price=7634.75 Stop price=0 Quantity=10 Type='Limit' Time in force=GTC Oco='ac337f22715d46c0a3884c648745eb5c' Filled=0 Fill price=0 Error='No error' Native error='',
8/3/2026 12:26:36 PM,Order,Order='9489fe045d364313bf9384e70b00e543/Sim102' Name='PTT-BE-Stop' New state='Submitted' Instrument='MES SEP26' Action='Buy to cover' Limit price=0 Stop price=7635.25 Quantity=8 Type='Stop Market' Time in force=GTC Oco='' Filled=0 Fill price=0 Error='No error' Native error='',
8/3/2026 12:26:36 PM,Order,Order='9489fe045d364313bf9384e70b00e543/Sim102' Name='PTT-BE-Stop' New state='Rejected' Instrument='MES SEP26' Action='Buy to cover' Limit price=0 Stop price=7635.25 Quantity=8 Type='Stop Market' Time in force=GTC Oco='' Filled=0 Fill price=0 Error='Order rejected' Native error='Buy stop or buy stop limit orders can't be placed below the market.',
8/3/2026 12:26:36 PM,Order,Sim102 Buy stop or buy stop limit orders can't be placed below the market. affected Order: BuyToCover 8 StopMarket @ 7635.25,
8/3/2026 12:26:36 PM,Order,Order='468c621e5b464407bd72e296c5d4a777/Sim101' Name='PTT-BE-Target-1' New state='Rejected' Instrument='MES SEP26' Action='Buy to cover' Limit price=7634.75 Stop price=0 Quantity=10 Type='Limit' Time in force=GTC Oco='PTT-BE-Sim1-30547-0' Filled=0 Fill price=0 Error='Unable to submit order' Native error='Order '468c621e5b464407bd72e296c5d4a777' can't be submitted: The OCO ID ‘PTT-BE-Sim1-30547-0’ cannot be reused. Please use a new OCO ID.',
8/3/2026 12:26:36 PM,Order,Sim101 Order '468c621e5b464407bd72e296c5d4a777' can't be submitted: The OCO ID ‘PTT-BE-Sim1-30547-0’ cannot be reused. Please use a new OCO ID. affected Order: BuyToCover 10 Limit @ 7634.75,
8/3/2026 12:26:36 PM,Order,Order='c507b3c8894143628e8586a007c4599a/Sim101' Name='PTT-BE-Stop-1' New state='Rejected' Instrument='MES SEP26' Action='Buy to cover' Limit price=0 Stop price=7636.75 Quantity=10 Type='Stop Market' Time in force=GTC Oco='PTT-BE-Sim1-30547-0' Filled=0 Fill price=0 Error='Order rejected' Native error='Buy stop or buy stop limit orders can't be placed below the market.',
8/3/2026 12:26:36 PM,Order,Sim101 Buy stop or buy stop limit orders can't be placed below the market. affected Order: BuyToCover 10 StopMarket @ 7636.75,
