Time,Category,Message,
7/22/2026 10:35:35 PM,Order,Order='a45c2801b4ec4578b3d17279281b6087/Sim102' Name='Stop1' New state='Cancelled' Instrument='MES SEP26' Action='Buy to cover' Limit price=0 Stop price=7539.25 Quantity=6 Type='Stop Market' Time in force=GTC Oco='027274d654fe4e879b8a86356f15bf92' Filled=0 Fill price=0 Error='No error' Native error='',
7/22/2026 10:35:35 PM,Order,Order='dee069a068d14fbdb4dfef9418fb3efd/Sim102' Name='Stop2' New state='Cancelled' Instrument='MES SEP26' Action='Buy to cover' Limit price=0 Stop price=7539.25 Quantity=7 Type='Stop Market' Time in force=GTC Oco='b9526e065f7746349bbec069344a5fe8' Filled=0 Fill price=0 Error='No error' Native error='',
7/22/2026 10:35:35 PM,Order,Order='49fa120876614c34bd7ef28866219ca2/Sim102' Name='Target2' New state='Cancelled' Instrument='MES SEP26' Action='Buy to cover' Limit price=7530.25 Stop price=0 Quantity=7 Type='Limit' Time in force=GTC Oco='b9526e065f7746349bbec069344a5fe8' Filled=0 Fill price=0 Error='No error' Native error='',
7/22/2026 10:35:35 PM,Order,Order='f6a539084a564997b998db435a42fe72/Sim102' Name='Target1' New state='Cancelled' Instrument='MES SEP26' Action='Buy to cover' Limit price=7530.75 Stop price=0 Quantity=6 Type='Limit' Time in force=GTC Oco='027274d654fe4e879b8a86356f15bf92' Filled=0 Fill price=0 Error='No error' Native error='',
7/22/2026 10:35:35 PM,Order,Order='dee069a068d14fbdb4dfef9418fb3efd/Sim102' Name='Stop2' New state='Cancel submitted' Instrument='MES SEP26' Action='Buy to cover' Limit price=0 Stop price=7539.25 Quantity=7 Type='Stop Market' Time in force=GTC Oco='b9526e065f7746349bbec069344a5fe8' Filled=0 Fill price=0 Error='No error' Native error='',
7/22/2026 10:35:35 PM,Order,Order='a45c2801b4ec4578b3d17279281b6087/Sim102' Name='Stop1' New state='Cancel submitted' Instrument='MES SEP26' Action='Buy to cover' Limit price=0 Stop price=7539.25 Quantity=6 Type='Stop Market' Time in force=GTC Oco='027274d654fe4e879b8a86356f15bf92' Filled=0 Fill price=0 Error='No error' Native error='',
7/22/2026 10:35:35 PM,Order,Order='49fa120876614c34bd7ef28866219ca2/Sim102' Name='Target2' New state='Cancel submitted' Instrument='MES SEP26' Action='Buy to cover' Limit price=7530.25 Stop price=0 Quantity=7 Type='Limit' Time in force=GTC Oco='b9526e065f7746349bbec069344a5fe8' Filled=0 Fill price=0 Error='No error' Native error='',
7/22/2026 10:35:35 PM,Order,Order='f6a539084a564997b998db435a42fe72/Sim102' Name='Target1' New state='Cancel submitted' Instrument='MES SEP26' Action='Buy to cover' Limit price=7530.75 Stop price=0 Quantity=6 Type='Limit' Time in force=GTC Oco='027274d654fe4e879b8a86356f15bf92' Filled=0 Fill price=0 Error='No error' Native error='',
7/22/2026 10:35:35 PM,Default,Cancel all orders account='Sim102',
7/22/2026 10:35:35 PM,Default,Chart Trader close position,
7/22/2026 10:35:32 PM,Position,Instrument='MES SEP26' Account='Sim101' Average price=0 Quantity=0 Market position=Flat Operation=Remove,
7/22/2026 10:35:32 PM,Execution,Execution='6bdb2e0928ac4047bda143bda17c8e1d' Instrument='MES SEP26' Account='Sim101' Exchange=Default Price=7532.25 Quantity=3 Market position=Short Operation=Operation_Add Order='fc4f81d0691047209f2e86c3b30e8d67' Time='7/22/2026 10:35 PM',
7/22/2026 10:35:32 PM,Order,Order='fc4f81d0691047209f2e86c3b30e8d67/Sim101' Name='Close' New state='Filled' Instrument='MES SEP26' Action='Sell' Limit price=0 Stop price=0 Quantity=13 Type='Market' Time in force=DAY Oco='' Filled=13 Fill price=7532.4423076923076 Error='No error' Native error='',
7/22/2026 10:35:32 PM,Position,Instrument='MES SEP26' Account='Sim101' Average price=7533.5 Quantity=3 Market position=Long Operation=Update,
7/22/2026 10:35:32 PM,Execution,Execution='9ccd6f49d74a4086aac1ff4cd27c20ae' Instrument='MES SEP26' Account='Sim101' Exchange=Default Price=7532.5 Quantity=10 Market position=Short Operation=Operation_Add Order='fc4f81d0691047209f2e86c3b30e8d67' Time='7/22/2026 10:35 PM',
7/22/2026 10:35:32 PM,Order,Order='fc4f81d0691047209f2e86c3b30e8d67/Sim101' Name='Close' New state='Working' Instrument='MES SEP26' Action='Sell' Limit price=0 Stop price=0 Quantity=13 Type='Market' Time in force=DAY Oco='' Filled=0 Fill price=0 Error='No error' Native error='',
7/22/2026 10:35:32 PM,Order,Order='fc4f81d0691047209f2e86c3b30e8d67/Sim101' Name='Close' New state='Partially filled' Instrument='MES SEP26' Action='Sell' Limit price=0 Stop price=0 Quantity=13 Type='Market' Time in force=DAY Oco='' Filled=10 Fill price=7532.5 Error='No error' Native error='',
7/22/2026 10:35:32 PM,Order,Order='fc4f81d0691047209f2e86c3b30e8d67/Sim101' Name='Close' New state='Accepted' Instrument='MES SEP26' Action='Sell' Limit price=0 Stop price=0 Quantity=13 Type='Market' Time in force=DAY Oco='' Filled=0 Fill price=0 Error='No error' Native error='',
7/22/2026 10:35:32 PM,Order,Order='fc4f81d0691047209f2e86c3b30e8d67/Sim101' Name='Close' New state='Submitted' Instrument='MES SEP26' Action='Sell' Limit price=0 Stop price=0 Quantity=13 Type='Market' Time in force=DAY Oco='' Filled=0 Fill price=0 Error='No error' Native error='',
7/22/2026 10:35:32 PM,Order,Order='3b347802789441ce964449e64eb61d79/Sim101' Name='Stop1' New state='Cancelled' Instrument='MES SEP26' Action='Sell' Limit price=0 Stop price=7527.5 Quantity=6 Type='Stop Market' Time in force=GTC Oco='483d74348e27464c99c962769f2703eb' Filled=0 Fill price=0 Error='No error' Native error='',
7/22/2026 10:35:32 PM,Order,Order='cfc108b9c083453abe0a4aa9196fbad6/Sim101' Name='Stop2' New state='Cancelled' Instrument='MES SEP26' Action='Sell' Limit price=0 Stop price=7527.5 Quantity=7 Type='Stop Market' Time in force=GTC Oco='fd128a7b77044adeb92fcb1646c4696c' Filled=0 Fill price=0 Error='No error' Native error='',
7/22/2026 10:35:32 PM,Order,Order='9dc7c56f638742a4a7c7e9e670ef99dd/Sim101' Name='Target2' New state='Cancelled' Instrument='MES SEP26' Action='Sell' Limit price=7536.5 Stop price=0 Quantity=7 Type='Limit' Time in force=GTC Oco='fd128a7b77044adeb92fcb1646c4696c' Filled=0 Fill price=0 Error='No error' Native error='',
7/22/2026 10:35:32 PM,Order,Order='8bf0a308f6494287abffba027d3c11e3/Sim101' Name='Target1' New state='Cancelled' Instrument='MES SEP26' Action='Sell' Limit price=7536 Stop price=0 Quantity=6 Type='Limit' Time in force=GTC Oco='483d74348e27464c99c962769f2703eb' Filled=0 Fill price=0 Error='No error' Native error='',
7/22/2026 10:35:32 PM,Order,Order='cfc108b9c083453abe0a4aa9196fbad6/Sim101' Name='Stop2' New state='Cancel submitted' Instrument='MES SEP26' Action='Sell' Limit price=0 Stop price=7527.5 Quantity=7 Type='Stop Market' Time in force=GTC Oco='fd128a7b77044adeb92fcb1646c4696c' Filled=0 Fill price=0 Error='No error' Native error='',
7/22/2026 10:35:32 PM,Order,Order='3b347802789441ce964449e64eb61d79/Sim101' Name='Stop1' New state='Cancel submitted' Instrument='MES SEP26' Action='Sell' Limit price=0 Stop price=7527.5 Quantity=6 Type='Stop Market' Time in force=GTC Oco='483d74348e27464c99c962769f2703eb' Filled=0 Fill price=0 Error='No error' Native error='',
7/22/2026 10:35:32 PM,Order,Order='9dc7c56f638742a4a7c7e9e670ef99dd/Sim101' Name='Target2' New state='Cancel submitted' Instrument='MES SEP26' Action='Sell' Limit price=7536.5 Stop price=0 Quantity=7 Type='Limit' Time in force=GTC Oco='fd128a7b77044adeb92fcb1646c4696c' Filled=0 Fill price=0 Error='No error' Native error='',
7/22/2026 10:35:32 PM,Order,Order='8bf0a308f6494287abffba027d3c11e3/Sim101' Name='Target1' New state='Cancel submitted' Instrument='MES SEP26' Action='Sell' Limit price=7536 Stop price=0 Quantity=6 Type='Limit' Time in force=GTC Oco='483d74348e27464c99c962769f2703eb' Filled=0 Fill price=0 Error='No error' Native error='',
7/22/2026 10:35:32 PM,Default,Chart Trader close position,
7/22/2026 10:35:17 PM,Position,Instrument='MES SEP26' Account='Sim102' Average price=0 Quantity=0 Market position=Flat Operation=Remove,
7/22/2026 10:35:17 PM,Execution,Execution='314c2a9c5e4f4144bc65d7147663c2a0' Instrument='MES SEP26' Account='Sim102' Exchange=Default Price=7533.25 Quantity=13 Market position=Long Operation=Operation_Add Order='6e339d87fd49444aa8080be7248aa8a6' Time='7/22/2026 10:35 PM',
7/22/2026 10:35:17 PM,Order,Order='6e339d87fd49444aa8080be7248aa8a6/Sim102' Name='PTT-BE-Stop' New state='Filled' Instrument='MES SEP26' Action='Buy to cover' Limit price=0 Stop price=7533 Quantity=13 Type='Stop Market' Time in force=DAY Oco='' Filled=13 Fill price=7533.25 Error='No error' Native error='',
7/22/2026 10:35:17 PM,Order,Order='6e339d87fd49444aa8080be7248aa8a6/Sim102' Name='PTT-BE-Stop' New state='Working' Instrument='MES SEP26' Action='Buy to cover' Limit price=0 Stop price=7533 Quantity=13 Type='Stop Market' Time in force=DAY Oco='' Filled=0 Fill price=0 Error='No error' Native error='',
7/22/2026 10:35:16 PM,Order,Order='6e339d87fd49444aa8080be7248aa8a6/Sim102' Name='PTT-BE-Stop' New state='Accepted' Instrument='MES SEP26' Action='Buy to cover' Limit price=0 Stop price=7533 Quantity=13 Type='Stop Market' Time in force=DAY Oco='' Filled=0 Fill price=0 Error='No error' Native error='',
7/22/2026 10:35:15 PM,Order,Order='6e339d87fd49444aa8080be7248aa8a6/Sim102' Name='PTT-BE-Stop' New state='Submitted' Instrument='MES SEP26' Action='Buy to cover' Limit price=0 Stop price=7533 Quantity=13 Type='Stop Market' Time in force=DAY Oco='' Filled=0 Fill price=0 Error='No error' Native error='',
7/22/2026 10:34:37 PM,Order,Order='49fa120876614c34bd7ef28866219ca2/Sim102' Name='Target2' New state='Accepted' Instrument='MES SEP26' Action='Buy to cover' Limit price=7530.25 Stop price=0 Quantity=7 Type='Limit' Time in force=GTC Oco='b9526e065f7746349bbec069344a5fe8' Filled=0 Fill price=0 Error='No error' Native error='',
7/22/2026 10:34:37 PM,Order,Order='49fa120876614c34bd7ef28866219ca2/Sim102' Name='Target2' New state='Working' Instrument='MES SEP26' Action='Buy to cover' Limit price=7530.25 Stop price=0 Quantity=7 Type='Limit' Time in force=GTC Oco='b9526e065f7746349bbec069344a5fe8' Filled=0 Fill price=0 Error='No error' Native error='',
7/22/2026 10:34:37 PM,Order,Order='dee069a068d14fbdb4dfef9418fb3efd/Sim102' Name='Stop2' New state='Accepted' Instrument='MES SEP26' Action='Buy to cover' Limit price=0 Stop price=7539.25 Quantity=7 Type='Stop Market' Time in force=GTC Oco='b9526e065f7746349bbec069344a5fe8' Filled=0 Fill price=0 Error='No error' Native error='',
7/22/2026 10:34:37 PM,Order,Order='f6a539084a564997b998db435a42fe72/Sim102' Name='Target1' New state='Accepted' Instrument='MES SEP26' Action='Buy to cover' Limit price=7530.75 Stop price=0 Quantity=6 Type='Limit' Time in force=GTC Oco='027274d654fe4e879b8a86356f15bf92' Filled=0 Fill price=0 Error='No error' Native error='',
7/22/2026 10:34:37 PM,Order,Order='f6a539084a564997b998db435a42fe72/Sim102' Name='Target1' New state='Working' Instrument='MES SEP26' Action='Buy to cover' Limit price=7530.75 Stop price=0 Quantity=6 Type='Limit' Time in force=GTC Oco='027274d654fe4e879b8a86356f15bf92' Filled=0 Fill price=0 Error='No error' Native error='',
7/22/2026 10:34:37 PM,Order,Order='a45c2801b4ec4578b3d17279281b6087/Sim102' Name='Stop1' New state='Accepted' Instrument='MES SEP26' Action='Buy to cover' Limit price=0 Stop price=7539.25 Quantity=6 Type='Stop Market' Time in force=GTC Oco='027274d654fe4e879b8a86356f15bf92' Filled=0 Fill price=0 Error='No error' Native error='',
7/22/2026 10:34:37 PM,Order,Order='49fa120876614c34bd7ef28866219ca2/Sim102' Name='Target2' New state='Submitted' Instrument='MES SEP26' Action='Buy to cover' Limit price=7530.25 Stop price=0 Quantity=7 Type='Limit' Time in force=GTC Oco='b9526e065f7746349bbec069344a5fe8' Filled=0 Fill price=0 Error='No error' Native error='',
7/22/2026 10:34:37 PM,Order,Order='dee069a068d14fbdb4dfef9418fb3efd/Sim102' Name='Stop2' New state='Submitted' Instrument='MES SEP26' Action='Buy to cover' Limit price=0 Stop price=7539.25 Quantity=7 Type='Stop Market' Time in force=GTC Oco='b9526e065f7746349bbec069344a5fe8' Filled=0 Fill price=0 Error='No error' Native error='',
7/22/2026 10:34:37 PM,Order,Order='f6a539084a564997b998db435a42fe72/Sim102' Name='Target1' New state='Submitted' Instrument='MES SEP26' Action='Buy to cover' Limit price=7530.75 Stop price=0 Quantity=6 Type='Limit' Time in force=GTC Oco='027274d654fe4e879b8a86356f15bf92' Filled=0 Fill price=0 Error='No error' Native error='',
7/22/2026 10:34:37 PM,Order,Order='a45c2801b4ec4578b3d17279281b6087/Sim102' Name='Stop1' New state='Submitted' Instrument='MES SEP26' Action='Buy to cover' Limit price=0 Stop price=7539.25 Quantity=6 Type='Stop Market' Time in force=GTC Oco='027274d654fe4e879b8a86356f15bf92' Filled=0 Fill price=0 Error='No error' Native error='',
7/22/2026 10:34:37 PM,Position,Instrument='MES SEP26' Account='Sim102' Average price=7533.25 Quantity=13 Market position=Short Operation=Operation_Add,
7/22/2026 10:34:37 PM,Execution,Execution='9d1a8fb895b842829182eae27e0103ae' Instrument='MES SEP26' Account='Sim102' Exchange=Default Price=7533.25 Quantity=13 Market position=Short Operation=Operation_Add Order='86f7221e097748959602d7bdac299748' Time='7/22/2026 10:34 PM',
7/22/2026 10:34:37 PM,Order,Order='86f7221e097748959602d7bdac299748/Sim102' Name='Entry' New state='Filled' Instrument='MES SEP26' Action='Sell' Limit price=0 Stop price=0 Quantity=13 Type='Market' Time in force=GTC Oco='' Filled=13 Fill price=7533.25 Error='No error' Native error='',
7/22/2026 10:34:37 PM,Order,Order='86f7221e097748959602d7bdac299748/Sim102' Name='Entry' New state='Working' Instrument='MES SEP26' Action='Sell' Limit price=0 Stop price=0 Quantity=13 Type='Market' Time in force=GTC Oco='' Filled=0 Fill price=0 Error='No error' Native error='',
7/22/2026 10:34:37 PM,Order,Order='86f7221e097748959602d7bdac299748/Sim102' Name='Entry' New state='Accepted' Instrument='MES SEP26' Action='Sell' Limit price=0 Stop price=0 Quantity=13 Type='Market' Time in force=GTC Oco='' Filled=0 Fill price=0 Error='No error' Native error='',
7/22/2026 10:34:37 PM,Order,Order='86f7221e097748959602d7bdac299748/Sim102' Name='Entry' New state='Submitted' Instrument='MES SEP26' Action='Sell' Limit price=0 Stop price=0 Quantity=13 Type='Market' Time in force=GTC Oco='' Filled=0 Fill price=0 Error='No error' Native error='',
7/22/2026 10:34:37 PM,Order,Chart Trader submitting order with strategy 'MES MIN SL6 - 2' (Ticks),
7/22/2026 10:34:36 PM,Order,Order='9dc7c56f638742a4a7c7e9e670ef99dd/Sim101' Name='Target2' New state='Working' Instrument='MES SEP26' Action='Sell' Limit price=7536.5 Stop price=0 Quantity=7 Type='Limit' Time in force=GTC Oco='fd128a7b77044adeb92fcb1646c4696c' Filled=0 Fill price=0 Error='No error' Native error='',
7/22/2026 10:34:36 PM,Order,Order='9dc7c56f638742a4a7c7e9e670ef99dd/Sim101' Name='Target2' New state='Accepted' Instrument='MES SEP26' Action='Sell' Limit price=7536.5 Stop price=0 Quantity=7 Type='Limit' Time in force=GTC Oco='fd128a7b77044adeb92fcb1646c4696c' Filled=0 Fill price=0 Error='No error' Native error='',
7/22/2026 10:34:36 PM,Order,Order='cfc108b9c083453abe0a4aa9196fbad6/Sim101' Name='Stop2' New state='Accepted' Instrument='MES SEP26' Action='Sell' Limit price=0 Stop price=7527.5 Quantity=7 Type='Stop Market' Time in force=GTC Oco='fd128a7b77044adeb92fcb1646c4696c' Filled=0 Fill price=0 Error='No error' Native error='',
7/22/2026 10:34:36 PM,Order,Order='8bf0a308f6494287abffba027d3c11e3/Sim101' Name='Target1' New state='Working' Instrument='MES SEP26' Action='Sell' Limit price=7536 Stop price=0 Quantity=6 Type='Limit' Time in force=GTC Oco='483d74348e27464c99c962769f2703eb' Filled=0 Fill price=0 Error='No error' Native error='',
7/22/2026 10:34:36 PM,Order,Order='8bf0a308f6494287abffba027d3c11e3/Sim101' Name='Target1' New state='Accepted' Instrument='MES SEP26' Action='Sell' Limit price=7536 Stop price=0 Quantity=6 Type='Limit' Time in force=GTC Oco='483d74348e27464c99c962769f2703eb' Filled=0 Fill price=0 Error='No error' Native error='',
7/22/2026 10:34:36 PM,Order,Order='3b347802789441ce964449e64eb61d79/Sim101' Name='Stop1' New state='Accepted' Instrument='MES SEP26' Action='Sell' Limit price=0 Stop price=7527.5 Quantity=6 Type='Stop Market' Time in force=GTC Oco='483d74348e27464c99c962769f2703eb' Filled=0 Fill price=0 Error='No error' Native error='',
7/22/2026 10:34:36 PM,Order,Order='9dc7c56f638742a4a7c7e9e670ef99dd/Sim101' Name='Target2' New state='Submitted' Instrument='MES SEP26' Action='Sell' Limit price=7536.5 Stop price=0 Quantity=7 Type='Limit' Time in force=GTC Oco='fd128a7b77044adeb92fcb1646c4696c' Filled=0 Fill price=0 Error='No error' Native error='',
7/22/2026 10:34:36 PM,Order,Order='cfc108b9c083453abe0a4aa9196fbad6/Sim101' Name='Stop2' New state='Submitted' Instrument='MES SEP26' Action='Sell' Limit price=0 Stop price=7527.5 Quantity=7 Type='Stop Market' Time in force=GTC Oco='fd128a7b77044adeb92fcb1646c4696c' Filled=0 Fill price=0 Error='No error' Native error='',
7/22/2026 10:34:36 PM,Order,Order='8bf0a308f6494287abffba027d3c11e3/Sim101' Name='Target1' New state='Submitted' Instrument='MES SEP26' Action='Sell' Limit price=7536 Stop price=0 Quantity=6 Type='Limit' Time in force=GTC Oco='483d74348e27464c99c962769f2703eb' Filled=0 Fill price=0 Error='No error' Native error='',
7/22/2026 10:34:36 PM,Order,Order='3b347802789441ce964449e64eb61d79/Sim101' Name='Stop1' New state='Submitted' Instrument='MES SEP26' Action='Sell' Limit price=0 Stop price=7527.5 Quantity=6 Type='Stop Market' Time in force=GTC Oco='483d74348e27464c99c962769f2703eb' Filled=0 Fill price=0 Error='No error' Native error='',
7/22/2026 10:34:36 PM,Position,Instrument='MES SEP26' Account='Sim101' Average price=7533.5 Quantity=13 Market position=Long Operation=Operation_Add,
7/22/2026 10:34:36 PM,Execution,Execution='b8ee70659bb045ff8f16daa2c6283abc' Instrument='MES SEP26' Account='Sim101' Exchange=Default Price=7533.5 Quantity=13 Market position=Long Operation=Operation_Add Order='6008de2c1588401796305cdd7468abc1' Time='7/22/2026 10:34 PM',
7/22/2026 10:34:36 PM,Order,Order='6008de2c1588401796305cdd7468abc1/Sim101' Name='Entry' New state='Filled' Instrument='MES SEP26' Action='Buy' Limit price=0 Stop price=0 Quantity=13 Type='Market' Time in force=GTC Oco='' Filled=13 Fill price=7533.5 Error='No error' Native error='',
7/22/2026 10:34:36 PM,Order,Order='6008de2c1588401796305cdd7468abc1/Sim101' Name='Entry' New state='Working' Instrument='MES SEP26' Action='Buy' Limit price=0 Stop price=0 Quantity=13 Type='Market' Time in force=GTC Oco='' Filled=0 Fill price=0 Error='No error' Native error='',
7/22/2026 10:34:36 PM,Order,Order='6008de2c1588401796305cdd7468abc1/Sim101' Name='Entry' New state='Accepted' Instrument='MES SEP26' Action='Buy' Limit price=0 Stop price=0 Quantity=13 Type='Market' Time in force=GTC Oco='' Filled=0 Fill price=0 Error='No error' Native error='',
7/22/2026 10:34:36 PM,Order,Order='6008de2c1588401796305cdd7468abc1/Sim101' Name='Entry' New state='Submitted' Instrument='MES SEP26' Action='Buy' Limit price=0 Stop price=0 Quantity=13 Type='Market' Time in force=GTC Oco='' Filled=0 Fill price=0 Error='No error' Native error='',
7/22/2026 10:34:36 PM,Order,Chart Trader submitting order with strategy 'MES MIN SL6 - 1' (Ticks),
7/22/2026 10:28:06 PM,Position,Instrument='MES SEP26' Account='Sim102' Average price=0 Quantity=0 Market position=Flat Operation=Remove,
7/22/2026 10:28:06 PM,Execution,Execution='c3a500bc6b7c4ea89004aa704f29e46a' Instrument='MES SEP26' Account='Sim102' Exchange=Default Price=7531.25 Quantity=13 Market position=Long Operation=Operation_Add Order='9b836b65522647f4a138a97c407a707a' Time='7/22/2026 10:28 PM',
7/22/2026 10:28:06 PM,Order,Order='9b836b65522647f4a138a97c407a707a/Sim102' Name='Close' New state='Filled' Instrument='MES SEP26' Action='Buy to cover' Limit price=0 Stop price=0 Quantity=13 Type='Market' Time in force=DAY Oco='' Filled=13 Fill price=7531.25 Error='No error' Native error='',
7/22/2026 10:28:06 PM,Order,Order='9b836b65522647f4a138a97c407a707a/Sim102' Name='Close' New state='Working' Instrument='MES SEP26' Action='Buy to cover' Limit price=0 Stop price=0 Quantity=13 Type='Market' Time in force=DAY Oco='' Filled=0 Fill price=0 Error='No error' Native error='',
7/22/2026 10:28:06 PM,Order,Order='9b836b65522647f4a138a97c407a707a/Sim102' Name='Close' New state='Accepted' Instrument='MES SEP26' Action='Buy to cover' Limit price=0 Stop price=0 Quantity=13 Type='Market' Time in force=DAY Oco='' Filled=0 Fill price=0 Error='No error' Native error='',
7/22/2026 10:28:06 PM,Order,Order='9b836b65522647f4a138a97c407a707a/Sim102' Name='Close' New state='Submitted' Instrument='MES SEP26' Action='Buy to cover' Limit price=0 Stop price=0 Quantity=13 Type='Market' Time in force=DAY Oco='' Filled=0 Fill price=0 Error='No error' Native error='',
7/22/2026 10:28:06 PM,Order,Order='9064a1b50786459981ad518385005fd9/Sim102' Name='Target2' New state='Cancelled' Instrument='MES SEP26' Action='Buy to cover' Limit price=7526.25 Stop price=0 Quantity=7 Type='Limit' Time in force=GTC Oco='16c4568511cd4ba79d4b910acce0a231' Filled=0 Fill price=0 Error='No error' Native error='',
7/22/2026 10:28:06 PM,Order,Order='e9394fe9ebc8406f9a28f00f05af045d/Sim102' Name='Stop2' New state='Cancelled' Instrument='MES SEP26' Action='Buy to cover' Limit price=0 Stop price=7535.25 Quantity=7 Type='Stop Market' Time in force=GTC Oco='16c4568511cd4ba79d4b910acce0a231' Filled=0 Fill price=0 Error='No error' Native error='',
7/22/2026 10:28:06 PM,Order,Order='a7e4861ec0c64d27b0eaafc7deeed995/Sim102' Name='Stop1' New state='Cancelled' Instrument='MES SEP26' Action='Buy to cover' Limit price=0 Stop price=7535.25 Quantity=6 Type='Stop Market' Time in force=GTC Oco='d3cccbff6747427997918e568e549256' Filled=0 Fill price=0 Error='No error' Native error='',
7/22/2026 10:28:06 PM,Order,Order='fa166afdfcd74f69bd7aace183922b64/Sim102' Name='Target1' New state='Cancelled' Instrument='MES SEP26' Action='Buy to cover' Limit price=7526.75 Stop price=0 Quantity=6 Type='Limit' Time in force=GTC Oco='d3cccbff6747427997918e568e549256' Filled=0 Fill price=0 Error='No error' Native error='',
7/22/2026 10:28:06 PM,Order,Order='e9394fe9ebc8406f9a28f00f05af045d/Sim102' Name='Stop2' New state='Cancel submitted' Instrument='MES SEP26' Action='Buy to cover' Limit price=0 Stop price=7535.25 Quantity=7 Type='Stop Market' Time in force=GTC Oco='16c4568511cd4ba79d4b910acce0a231' Filled=0 Fill price=0 Error='No error' Native error='',
7/22/2026 10:28:06 PM,Order,Order='a7e4861ec0c64d27b0eaafc7deeed995/Sim102' Name='Stop1' New state='Cancel submitted' Instrument='MES SEP26' Action='Buy to cover' Limit price=0 Stop price=7535.25 Quantity=6 Type='Stop Market' Time in force=GTC Oco='d3cccbff6747427997918e568e549256' Filled=0 Fill price=0 Error='No error' Native error='',
7/22/2026 10:28:06 PM,Order,Order='9064a1b50786459981ad518385005fd9/Sim102' Name='Target2' New state='Cancel submitted' Instrument='MES SEP26' Action='Buy to cover' Limit price=7526.25 Stop price=0 Quantity=7 Type='Limit' Time in force=GTC Oco='16c4568511cd4ba79d4b910acce0a231' Filled=0 Fill price=0 Error='No error' Native error='',
7/22/2026 10:28:06 PM,Order,Order='fa166afdfcd74f69bd7aace183922b64/Sim102' Name='Target1' New state='Cancel submitted' Instrument='MES SEP26' Action='Buy to cover' Limit price=7526.75 Stop price=0 Quantity=6 Type='Limit' Time in force=GTC Oco='d3cccbff6747427997918e568e549256' Filled=0 Fill price=0 Error='No error' Native error='',
7/22/2026 10:28:06 PM,Default,Chart Trader close position,
7/22/2026 10:27:44 PM,Position,Instrument='MES SEP26' Account='Sim101' Average price=0 Quantity=0 Market position=Flat Operation=Remove,
7/22/2026 10:27:44 PM,Execution,Execution='0033bfba51e94041981e57935715c20a' Instrument='MES SEP26' Account='Sim101' Exchange=Default Price=7531.5 Quantity=13 Market position=Short Operation=Operation_Add Order='7df903865a924189a964f4f3090453ea' Time='7/22/2026 10:27 PM',
7/22/2026 10:27:44 PM,Order,Order='7df903865a924189a964f4f3090453ea/Sim101' Name='Close' New state='Filled' Instrument='MES SEP26' Action='Sell' Limit price=0 Stop price=0 Quantity=13 Type='Market' Time in force=DAY Oco='' Filled=13 Fill price=7531.5 Error='No error' Native error='',
7/22/2026 10:27:44 PM,Order,Order='7df903865a924189a964f4f3090453ea/Sim101' Name='Close' New state='Working' Instrument='MES SEP26' Action='Sell' Limit price=0 Stop price=0 Quantity=13 Type='Market' Time in force=DAY Oco='' Filled=0 Fill price=0 Error='No error' Native error='',
7/22/2026 10:27:44 PM,Order,Order='7df903865a924189a964f4f3090453ea/Sim101' Name='Close' New state='Accepted' Instrument='MES SEP26' Action='Sell' Limit price=0 Stop price=0 Quantity=13 Type='Market' Time in force=DAY Oco='' Filled=0 Fill price=0 Error='No error' Native error='',
7/22/2026 10:27:44 PM,Order,Order='7df903865a924189a964f4f3090453ea/Sim101' Name='Close' New state='Submitted' Instrument='MES SEP26' Action='Sell' Limit price=0 Stop price=0 Quantity=13 Type='Market' Time in force=DAY Oco='' Filled=0 Fill price=0 Error='No error' Native error='',
7/22/2026 10:27:44 PM,Default,Chart Trader close position,
7/22/2026 10:27:26 PM,Order,Order='cc2ba1b704984eaabc9ff2d068a8636c/Sim101' Name='PTT-BE-Stop' New state='Cancelled' Instrument='MES SEP26' Action='Sell' Limit price=0 Stop price=7529.5 Quantity=13 Type='Stop Market' Time in force=DAY Oco='' Filled=0 Fill price=0 Error='No error' Native error='',
7/22/2026 10:27:25 PM,Order,Order='cc2ba1b704984eaabc9ff2d068a8636c/Sim101' Name='PTT-BE-Stop' New state='Cancel submitted' Instrument='MES SEP26' Action='Sell' Limit price=0 Stop price=7529.5 Quantity=13 Type='Stop Market' Time in force=DAY Oco='' Filled=0 Fill price=0 Error='No error' Native error='',
7/22/2026 10:26:55 PM,Order,Order='3ed5d904c96e4bb7b4aa6ba3c5fa49e1/Sim101' Name='Stop2' New state='Cancelled' Instrument='MES SEP26' Action='Sell' Limit price=0 Stop price=7523.25 Quantity=7 Type='Stop Market' Time in force=GTC Oco='85f194fd031042a7bfc75b8dffd5bd47' Filled=0 Fill price=0 Error='No error' Native error='',
7/22/2026 10:26:55 PM,Order,Order='88c83a27b827454ba33f0d3c1559e6c6/Sim101' Name='Stop1' New state='Cancelled' Instrument='MES SEP26' Action='Sell' Limit price=0 Stop price=7523.25 Quantity=6 Type='Stop Market' Time in force=GTC Oco='0144fe8227a245b99660121d40bc348d' Filled=0 Fill price=0 Error='No error' Native error='',
7/22/2026 10:26:55 PM,Order,Order='f3c6add7d5c541d694efe5e7ab91183b/Sim101' Name='Target2' New state='Cancelled' Instrument='MES SEP26' Action='Sell' Limit price=7532.25 Stop price=0 Quantity=7 Type='Limit' Time in force=GTC Oco='85f194fd031042a7bfc75b8dffd5bd47' Filled=0 Fill price=0 Error='No error' Native error='',
7/22/2026 10:26:55 PM,Order,Order='686a3ef4024549e58d8786dc862acbf4/Sim101' Name='Target1' New state='Cancelled' Instrument='MES SEP26' Action='Sell' Limit price=7531.75 Stop price=0 Quantity=6 Type='Limit' Time in force=GTC Oco='0144fe8227a245b99660121d40bc348d' Filled=0 Fill price=0 Error='No error' Native error='',
7/22/2026 10:26:55 PM,Order,Order='3ed5d904c96e4bb7b4aa6ba3c5fa49e1/Sim101' Name='Stop2' New state='Cancel submitted' Instrument='MES SEP26' Action='Sell' Limit price=0 Stop price=7523.25 Quantity=7 Type='Stop Market' Time in force=GTC Oco='85f194fd031042a7bfc75b8dffd5bd47' Filled=0 Fill price=0 Error='No error' Native error='',
7/22/2026 10:26:55 PM,Order,Order='88c83a27b827454ba33f0d3c1559e6c6/Sim101' Name='Stop1' New state='Cancel submitted' Instrument='MES SEP26' Action='Sell' Limit price=0 Stop price=7523.25 Quantity=6 Type='Stop Market' Time in force=GTC Oco='0144fe8227a245b99660121d40bc348d' Filled=0 Fill price=0 Error='No error' Native error='',
7/22/2026 10:26:55 PM,Order,Order='f3c6add7d5c541d694efe5e7ab91183b/Sim101' Name='Target2' New state='Cancel submitted' Instrument='MES SEP26' Action='Sell' Limit price=7532.25 Stop price=0 Quantity=7 Type='Limit' Time in force=GTC Oco='85f194fd031042a7bfc75b8dffd5bd47' Filled=0 Fill price=0 Error='No error' Native error='',
7/22/2026 10:26:55 PM,Order,Order='686a3ef4024549e58d8786dc862acbf4/Sim101' Name='Target1' New state='Cancel submitted' Instrument='MES SEP26' Action='Sell' Limit price=7531.75 Stop price=0 Quantity=6 Type='Limit' Time in force=GTC Oco='0144fe8227a245b99660121d40bc348d' Filled=0 Fill price=0 Error='No error' Native error='',
7/22/2026 10:26:34 PM,Order,Order='cc2ba1b704984eaabc9ff2d068a8636c/Sim101' Name='PTT-BE-Stop' New state='Accepted' Instrument='MES SEP26' Action='Sell' Limit price=0 Stop price=7529.5 Quantity=13 Type='Stop Market' Time in force=DAY Oco='' Filled=0 Fill price=0 Error='No error' Native error='',
7/22/2026 10:26:33 PM,Order,Order='cc2ba1b704984eaabc9ff2d068a8636c/Sim101' Name='PTT-BE-Stop' New state='Submitted' Instrument='MES SEP26' Action='Sell' Limit price=0 Stop price=7529.5 Quantity=13 Type='Stop Market' Time in force=DAY Oco='' Filled=0 Fill price=0 Error='No error' Native error='',
7/22/2026 10:26:12 PM,Order,Order='9064a1b50786459981ad518385005fd9/Sim102' Name='Target2' New state='Working' Instrument='MES SEP26' Action='Buy to cover' Limit price=7526.25 Stop price=0 Quantity=7 Type='Limit' Time in force=GTC Oco='16c4568511cd4ba79d4b910acce0a231' Filled=0 Fill price=0 Error='No error' Native error='',
7/22/2026 10:26:12 PM,Order,Order='9064a1b50786459981ad518385005fd9/Sim102' Name='Target2' New state='Accepted' Instrument='MES SEP26' Action='Buy to cover' Limit price=7526.25 Stop price=0 Quantity=7 Type='Limit' Time in force=GTC Oco='16c4568511cd4ba79d4b910acce0a231' Filled=0 Fill price=0 Error='No error' Native error='',
7/22/2026 10:26:12 PM,Order,Order='e9394fe9ebc8406f9a28f00f05af045d/Sim102' Name='Stop2' New state='Accepted' Instrument='MES SEP26' Action='Buy to cover' Limit price=0 Stop price=7535.25 Quantity=7 Type='Stop Market' Time in force=GTC Oco='16c4568511cd4ba79d4b910acce0a231' Filled=0 Fill price=0 Error='No error' Native error='',
7/22/2026 10:26:12 PM,Order,Order='fa166afdfcd74f69bd7aace183922b64/Sim102' Name='Target1' New state='Working' Instrument='MES SEP26' Action='Buy to cover' Limit price=7526.75 Stop price=0 Quantity=6 Type='Limit' Time in force=GTC Oco='d3cccbff6747427997918e568e549256' Filled=0 Fill price=0 Error='No error' Native error='',
7/22/2026 10:26:12 PM,Order,Order='a7e4861ec0c64d27b0eaafc7deeed995/Sim102' Name='Stop1' New state='Accepted' Instrument='MES SEP26' Action='Buy to cover' Limit price=0 Stop price=7535.25 Quantity=6 Type='Stop Market' Time in force=GTC Oco='d3cccbff6747427997918e568e549256' Filled=0 Fill price=0 Error='No error' Native error='',
7/22/2026 10:26:12 PM,Order,Order='fa166afdfcd74f69bd7aace183922b64/Sim102' Name='Target1' New state='Accepted' Instrument='MES SEP26' Action='Buy to cover' Limit price=7526.75 Stop price=0 Quantity=6 Type='Limit' Time in force=GTC Oco='d3cccbff6747427997918e568e549256' Filled=0 Fill price=0 Error='No error' Native error='',
7/22/2026 10:26:12 PM,Order,Order='9064a1b50786459981ad518385005fd9/Sim102' Name='Target2' New state='Submitted' Instrument='MES SEP26' Action='Buy to cover' Limit price=7526.25 Stop price=0 Quantity=7 Type='Limit' Time in force=GTC Oco='16c4568511cd4ba79d4b910acce0a231' Filled=0 Fill price=0 Error='No error' Native error='',
7/22/2026 10:26:12 PM,Order,Order='e9394fe9ebc8406f9a28f00f05af045d/Sim102' Name='Stop2' New state='Submitted' Instrument='MES SEP26' Action='Buy to cover' Limit price=0 Stop price=7535.25 Quantity=7 Type='Stop Market' Time in force=GTC Oco='16c4568511cd4ba79d4b910acce0a231' Filled=0 Fill price=0 Error='No error' Native error='',
7/22/2026 10:26:12 PM,Order,Order='fa166afdfcd74f69bd7aace183922b64/Sim102' Name='Target1' New state='Submitted' Instrument='MES SEP26' Action='Buy to cover' Limit price=7526.75 Stop price=0 Quantity=6 Type='Limit' Time in force=GTC Oco='d3cccbff6747427997918e568e549256' Filled=0 Fill price=0 Error='No error' Native error='',
7/22/2026 10:26:12 PM,Order,Order='a7e4861ec0c64d27b0eaafc7deeed995/Sim102' Name='Stop1' New state='Submitted' Instrument='MES SEP26' Action='Buy to cover' Limit price=0 Stop price=7535.25 Quantity=6 Type='Stop Market' Time in force=GTC Oco='d3cccbff6747427997918e568e549256' Filled=0 Fill price=0 Error='No error' Native error='',
7/22/2026 10:26:12 PM,Execution,Execution='4277530d918847c88bc02968dbb2a15d' Instrument='MES SEP26' Account='Sim102' Exchange=Default Price=7529 Quantity=11 Market position=Short Operation=Operation_Add Order='38bb2d9ae3fd4e9faed345e3751af346' Time='7/22/2026 10:26 PM',
7/22/2026 10:26:12 PM,Position,Instrument='MES SEP26' Account='Sim102' Average price=7529.0384615384619 Quantity=13 Market position=Short Operation=Update,
7/22/2026 10:26:12 PM,Order,Order='38bb2d9ae3fd4e9faed345e3751af346/Sim102' Name='Entry' New state='Filled' Instrument='MES SEP26' Action='Sell' Limit price=0 Stop price=0 Quantity=13 Type='Market' Time in force=GTC Oco='' Filled=13 Fill price=7529.0384615384619 Error='No error' Native error='',
7/22/2026 10:26:12 PM,Position,Instrument='MES SEP26' Account='Sim102' Average price=7529.25 Quantity=2 Market position=Short Operation=Operation_Add,
7/22/2026 10:26:12 PM,Execution,Execution='3f8241cc40824813838cfb29f9604871' Instrument='MES SEP26' Account='Sim102' Exchange=Default Price=7529.25 Quantity=2 Market position=Short Operation=Operation_Add Order='38bb2d9ae3fd4e9faed345e3751af346' Time='7/22/2026 10:26 PM',
7/22/2026 10:26:12 PM,Order,Order='38bb2d9ae3fd4e9faed345e3751af346/Sim102' Name='Entry' New state='Working' Instrument='MES SEP26' Action='Sell' Limit price=0 Stop price=0 Quantity=13 Type='Market' Time in force=GTC Oco='' Filled=0 Fill price=0 Error='No error' Native error='',
7/22/2026 10:26:12 PM,Order,Order='38bb2d9ae3fd4e9faed345e3751af346/Sim102' Name='Entry' New state='Partially filled' Instrument='MES SEP26' Action='Sell' Limit price=0 Stop price=0 Quantity=13 Type='Market' Time in force=GTC Oco='' Filled=2 Fill price=7529.25 Error='No error' Native error='',
7/22/2026 10:26:12 PM,Order,Order='38bb2d9ae3fd4e9faed345e3751af346/Sim102' Name='Entry' New state='Accepted' Instrument='MES SEP26' Action='Sell' Limit price=0 Stop price=0 Quantity=13 Type='Market' Time in force=GTC Oco='' Filled=0 Fill price=0 Error='No error' Native error='',
7/22/2026 10:26:11 PM,Order,Order='38bb2d9ae3fd4e9faed345e3751af346/Sim102' Name='Entry' New state='Submitted' Instrument='MES SEP26' Action='Sell' Limit price=0 Stop price=0 Quantity=13 Type='Market' Time in force=GTC Oco='' Filled=0 Fill price=0 Error='No error' Native error='',
7/22/2026 10:26:11 PM,Order,Chart Trader submitting order with strategy 'MES MIN SL6 - 2' (Ticks),
7/22/2026 10:26:10 PM,Order,Order='3ed5d904c96e4bb7b4aa6ba3c5fa49e1/Sim101' Name='Stop2' New state='Accepted' Instrument='MES SEP26' Action='Sell' Limit price=0 Stop price=7523.25 Quantity=7 Type='Stop Market' Time in force=GTC Oco='85f194fd031042a7bfc75b8dffd5bd47' Filled=0 Fill price=0 Error='No error' Native error='',
7/22/2026 10:26:10 PM,Order,Order='f3c6add7d5c541d694efe5e7ab91183b/Sim101' Name='Target2' New state='Working' Instrument='MES SEP26' Action='Sell' Limit price=7532.25 Stop price=0 Quantity=7 Type='Limit' Time in force=GTC Oco='85f194fd031042a7bfc75b8dffd5bd47' Filled=0 Fill price=0 Error='No error' Native error='',
7/22/2026 10:26:10 PM,Order,Order='f3c6add7d5c541d694efe5e7ab91183b/Sim101' Name='Target2' New state='Accepted' Instrument='MES SEP26' Action='Sell' Limit price=7532.25 Stop price=0 Quantity=7 Type='Limit' Time in force=GTC Oco='85f194fd031042a7bfc75b8dffd5bd47' Filled=0 Fill price=0 Error='No error' Native error='',
7/22/2026 10:26:10 PM,Order,Order='686a3ef4024549e58d8786dc862acbf4/Sim101' Name='Target1' New state='Working' Instrument='MES SEP26' Action='Sell' Limit price=7531.75 Stop price=0 Quantity=6 Type='Limit' Time in force=GTC Oco='0144fe8227a245b99660121d40bc348d' Filled=0 Fill price=0 Error='No error' Native error='',
7/22/2026 10:26:10 PM,Order,Order='686a3ef4024549e58d8786dc862acbf4/Sim101' Name='Target1' New state='Accepted' Instrument='MES SEP26' Action='Sell' Limit price=7531.75 Stop price=0 Quantity=6 Type='Limit' Time in force=GTC Oco='0144fe8227a245b99660121d40bc348d' Filled=0 Fill price=0 Error='No error' Native error='',
7/22/2026 10:26:10 PM,Order,Order='88c83a27b827454ba33f0d3c1559e6c6/Sim101' Name='Stop1' New state='Accepted' Instrument='MES SEP26' Action='Sell' Limit price=0 Stop price=7523.25 Quantity=6 Type='Stop Market' Time in force=GTC Oco='0144fe8227a245b99660121d40bc348d' Filled=0 Fill price=0 Error='No error' Native error='',
7/22/2026 10:26:10 PM,Order,Order='f3c6add7d5c541d694efe5e7ab91183b/Sim101' Name='Target2' New state='Submitted' Instrument='MES SEP26' Action='Sell' Limit price=7532.25 Stop price=0 Quantity=7 Type='Limit' Time in force=GTC Oco='85f194fd031042a7bfc75b8dffd5bd47' Filled=0 Fill price=0 Error='No error' Native error='',
7/22/2026 10:26:10 PM,Order,Order='3ed5d904c96e4bb7b4aa6ba3c5fa49e1/Sim101' Name='Stop2' New state='Submitted' Instrument='MES SEP26' Action='Sell' Limit price=0 Stop price=7523.25 Quantity=7 Type='Stop Market' Time in force=GTC Oco='85f194fd031042a7bfc75b8dffd5bd47' Filled=0 Fill price=0 Error='No error' Native error='',
7/22/2026 10:26:10 PM,Order,Order='686a3ef4024549e58d8786dc862acbf4/Sim101' Name='Target1' New state='Submitted' Instrument='MES SEP26' Action='Sell' Limit price=7531.75 Stop price=0 Quantity=6 Type='Limit' Time in force=GTC Oco='0144fe8227a245b99660121d40bc348d' Filled=0 Fill price=0 Error='No error' Native error='',
7/22/2026 10:26:10 PM,Order,Order='88c83a27b827454ba33f0d3c1559e6c6/Sim101' Name='Stop1' New state='Submitted' Instrument='MES SEP26' Action='Sell' Limit price=0 Stop price=7523.25 Quantity=6 Type='Stop Market' Time in force=GTC Oco='0144fe8227a245b99660121d40bc348d' Filled=0 Fill price=0 Error='No error' Native error='',
7/22/2026 10:26:10 PM,Position,Instrument='MES SEP26' Account='Sim101' Average price=7529.3269230769229 Quantity=13 Market position=Long Operation=Update,
7/22/2026 10:26:10 PM,Execution,Execution='224e90ae6fd94a33abed32a199b0f854' Instrument='MES SEP26' Account='Sim101' Exchange=Default Price=7529.5 Quantity=4 Market position=Long Operation=Operation_Add Order='8815d4f38e404ea481ddfbb3ed6b194c' Time='7/22/2026 10:26 PM',
7/22/2026 10:26:10 PM,Order,Order='8815d4f38e404ea481ddfbb3ed6b194c/Sim101' Name='Entry' New state='Filled' Instrument='MES SEP26' Action='Buy' Limit price=0 Stop price=0 Quantity=13 Type='Market' Time in force=GTC Oco='' Filled=13 Fill price=7529.3269230769229 Error='No error' Native error='',
7/22/2026 10:26:10 PM,Position,Instrument='MES SEP26' Account='Sim101' Average price=7529.25 Quantity=9 Market position=Long Operation=Operation_Add,
7/22/2026 10:26:10 PM,Execution,Execution='12e366c3095c4b2ca633385dfa350ab8' Instrument='MES SEP26' Account='Sim101' Exchange=Default Price=7529.25 Quantity=9 Market position=Long Operation=Operation_Add Order='8815d4f38e404ea481ddfbb3ed6b194c' Time='7/22/2026 10:26 PM',
7/22/2026 10:26:10 PM,Order,Order='8815d4f38e404ea481ddfbb3ed6b194c/Sim101' Name='Entry' New state='Partially filled' Instrument='MES SEP26' Action='Buy' Limit price=0 Stop price=0 Quantity=13 Type='Market' Time in force=GTC Oco='' Filled=9 Fill price=7529.25 Error='No error' Native error='',
7/22/2026 10:26:10 PM,Order,Order='8815d4f38e404ea481ddfbb3ed6b194c/Sim101' Name='Entry' New state='Working' Instrument='MES SEP26' Action='Buy' Limit price=0 Stop price=0 Quantity=13 Type='Market' Time in force=GTC Oco='' Filled=0 Fill price=0 Error='No error' Native error='',
7/22/2026 10:26:10 PM,Order,Order='8815d4f38e404ea481ddfbb3ed6b194c/Sim101' Name='Entry' New state='Accepted' Instrument='MES SEP26' Action='Buy' Limit price=0 Stop price=0 Quantity=13 Type='Market' Time in force=GTC Oco='' Filled=0 Fill price=0 Error='No error' Native error='',
7/22/2026 10:26:10 PM,Order,Order='8815d4f38e404ea481ddfbb3ed6b194c/Sim101' Name='Entry' New state='Submitted' Instrument='MES SEP26' Action='Buy' Limit price=0 Stop price=0 Quantity=13 Type='Market' Time in force=GTC Oco='' Filled=0 Fill price=0 Error='No error' Native error='',
7/22/2026 10:26:10 PM,Order,Chart Trader submitting order with strategy 'MES MIN SL6 - 1' (Ticks),
7/22/2026 8:29:05 PM,Position,Instrument='MES SEP26' Account='Sim102' Average price=0 Quantity=0 Market position=Flat Operation=Remove,
7/22/2026 8:29:05 PM,Execution,Execution='f4315645b5054f8a96d517bb0c5fbe04' Instrument='MES SEP26' Account='Sim102' Exchange=Default Price=7524 Quantity=13 Market position=Short Operation=Operation_Add Order='77adf86784e64257b1bf3b8af7bf56f7' Time='7/22/2026 8:29 PM',
7/22/2026 8:29:05 PM,Order,Order='77adf86784e64257b1bf3b8af7bf56f7/Sim102' Name='Close' New state='Filled' Instrument='MES SEP26' Action='Sell' Limit price=0 Stop price=0 Quantity=13 Type='Market' Time in force=DAY Oco='' Filled=13 Fill price=7524 Error='No error' Native error='',
7/22/2026 8:29:05 PM,Order,Order='77adf86784e64257b1bf3b8af7bf56f7/Sim102' Name='Close' New state='Working' Instrument='MES SEP26' Action='Sell' Limit price=0 Stop price=0 Quantity=13 Type='Market' Time in force=DAY Oco='' Filled=0 Fill price=0 Error='No error' Native error='',
7/22/2026 8:29:05 PM,Order,Order='77adf86784e64257b1bf3b8af7bf56f7/Sim102' Name='Close' New state='Accepted' Instrument='MES SEP26' Action='Sell' Limit price=0 Stop price=0 Quantity=13 Type='Market' Time in force=DAY Oco='' Filled=0 Fill price=0 Error='No error' Native error='',
7/22/2026 8:29:05 PM,Order,Order='77adf86784e64257b1bf3b8af7bf56f7/Sim102' Name='Close' New state='Submitted' Instrument='MES SEP26' Action='Sell' Limit price=0 Stop price=0 Quantity=13 Type='Market' Time in force=DAY Oco='' Filled=0 Fill price=0 Error='No error' Native error='',
7/22/2026 8:29:05 PM,Order,Order='81cff2a92337494b8711df0e00a158dc/Sim102' Name='Stop2' New state='Cancelled' Instrument='MES SEP26' Action='Sell' Limit price=0 Stop price=7523 Quantity=7 Type='Stop Market' Time in force=GTC Oco='8e4bc664caa948caa87829b479e6d901' Filled=0 Fill price=0 Error='No error' Native error='',
7/22/2026 8:29:05 PM,Order,Order='fc92ccb2995c4b4987bf4137e7765fd8/Sim102' Name='Stop1' New state='Cancelled' Instrument='MES SEP26' Action='Sell' Limit price=0 Stop price=7516.5 Quantity=6 Type='Stop Market' Time in force=GTC Oco='5542df0cf90d4fc4afa353c0e6ed5e9a' Filled=0 Fill price=0 Error='No error' Native error='',
7/22/2026 8:29:05 PM,Order,Order='9a09fa2c8c8b4cc58615a8ac8ec65813/Sim102' Name='Target2' New state='Cancelled' Instrument='MES SEP26' Action='Sell' Limit price=7525.5 Stop price=0 Quantity=7 Type='Limit' Time in force=GTC Oco='8e4bc664caa948caa87829b479e6d901' Filled=0 Fill price=0 Error='No error' Native error='',
7/22/2026 8:29:05 PM,Order,Order='793b8671b94c46a381ec4b6dfe2d8e64/Sim102' Name='Target1' New state='Cancelled' Instrument='MES SEP26' Action='Sell' Limit price=7525 Stop price=0 Quantity=6 Type='Limit' Time in force=GTC Oco='5542df0cf90d4fc4afa353c0e6ed5e9a' Filled=0 Fill price=0 Error='No error' Native error='',
7/22/2026 8:29:05 PM,Order,Order='81cff2a92337494b8711df0e00a158dc/Sim102' Name='Stop2' New state='Cancel submitted' Instrument='MES SEP26' Action='Sell' Limit price=0 Stop price=7523 Quantity=7 Type='Stop Market' Time in force=GTC Oco='8e4bc664caa948caa87829b479e6d901' Filled=0 Fill price=0 Error='No error' Native error='',
7/22/2026 8:29:05 PM,Order,Order='fc92ccb2995c4b4987bf4137e7765fd8/Sim102' Name='Stop1' New state='Cancel submitted' Instrument='MES SEP26' Action='Sell' Limit price=0 Stop price=7516.5 Quantity=6 Type='Stop Market' Time in force=GTC Oco='5542df0cf90d4fc4afa353c0e6ed5e9a' Filled=0 Fill price=0 Error='No error' Native error='',
7/22/2026 8:29:05 PM,Order,Order='9a09fa2c8c8b4cc58615a8ac8ec65813/Sim102' Name='Target2' New state='Cancel submitted' Instrument='MES SEP26' Action='Sell' Limit price=7525.5 Stop price=0 Quantity=7 Type='Limit' Time in force=GTC Oco='8e4bc664caa948caa87829b479e6d901' Filled=0 Fill price=0 Error='No error' Native error='',
7/22/2026 8:29:05 PM,Order,Order='793b8671b94c46a381ec4b6dfe2d8e64/Sim102' Name='Target1' New state='Cancel submitted' Instrument='MES SEP26' Action='Sell' Limit price=7525 Stop price=0 Quantity=6 Type='Limit' Time in force=GTC Oco='5542df0cf90d4fc4afa353c0e6ed5e9a' Filled=0 Fill price=0 Error='No error' Native error='',
7/22/2026 8:29:05 PM,Default,Chart Trader close position,
7/22/2026 8:28:57 PM,Order,Order='81cff2a92337494b8711df0e00a158dc/Sim102' Name='Stop2' New state='Accepted' Instrument='MES SEP26' Action='Sell' Limit price=0 Stop price=7523 Quantity=7 Type='Stop Market' Time in force=GTC Oco='8e4bc664caa948caa87829b479e6d901' Filled=0 Fill price=0 Error='No error' Native error='',
7/22/2026 8:28:57 PM,Order,Order='81cff2a92337494b8711df0e00a158dc/Sim102' Name='Stop2' New state='Change submitted' Instrument='MES SEP26' Action='Sell' Limit price=0 Stop price=7523 Quantity=7 Type='Stop Market' Time in force=GTC Oco='8e4bc664caa948caa87829b479e6d901' Filled=0 Fill price=0 Error='No error' Native error='',
7/22/2026 8:28:56 PM,Order,Auto breakeven price modification from '7516.50' to '7523.00',
7/22/2026 8:27:34 PM,Order,Order='9a09fa2c8c8b4cc58615a8ac8ec65813/Sim102' Name='Target2' New state='Working' Instrument='MES SEP26' Action='Sell' Limit price=7525.5 Stop price=0 Quantity=7 Type='Limit' Time in force=GTC Oco='8e4bc664caa948caa87829b479e6d901' Filled=0 Fill price=0 Error='No error' Native error='',
7/22/2026 8:27:34 PM,Order,Order='9a09fa2c8c8b4cc58615a8ac8ec65813/Sim102' Name='Target2' New state='Accepted' Instrument='MES SEP26' Action='Sell' Limit price=7525.5 Stop price=0 Quantity=7 Type='Limit' Time in force=GTC Oco='8e4bc664caa948caa87829b479e6d901' Filled=0 Fill price=0 Error='No error' Native error='',
7/22/2026 8:27:34 PM,Order,Order='81cff2a92337494b8711df0e00a158dc/Sim102' Name='Stop2' New state='Accepted' Instrument='MES SEP26' Action='Sell' Limit price=0 Stop price=7516.5 Quantity=7 Type='Stop Market' Time in force=GTC Oco='8e4bc664caa948caa87829b479e6d901' Filled=0 Fill price=0 Error='No error' Native error='',
7/22/2026 8:27:34 PM,Order,Order='793b8671b94c46a381ec4b6dfe2d8e64/Sim102' Name='Target1' New state='Working' Instrument='MES SEP26' Action='Sell' Limit price=7525 Stop price=0 Quantity=6 Type='Limit' Time in force=GTC Oco='5542df0cf90d4fc4afa353c0e6ed5e9a' Filled=0 Fill price=0 Error='No error' Native error='',
7/22/2026 8:27:34 PM,Order,Order='793b8671b94c46a381ec4b6dfe2d8e64/Sim102' Name='Target1' New state='Accepted' Instrument='MES SEP26' Action='Sell' Limit price=7525 Stop price=0 Quantity=6 Type='Limit' Time in force=GTC Oco='5542df0cf90d4fc4afa353c0e6ed5e9a' Filled=0 Fill price=0 Error='No error' Native error='',
7/22/2026 8:27:34 PM,Order,Order='fc92ccb2995c4b4987bf4137e7765fd8/Sim102' Name='Stop1' New state='Accepted' Instrument='MES SEP26' Action='Sell' Limit price=0 Stop price=7516.5 Quantity=6 Type='Stop Market' Time in force=GTC Oco='5542df0cf90d4fc4afa353c0e6ed5e9a' Filled=0 Fill price=0 Error='No error' Native error='',
7/22/2026 8:27:34 PM,Order,Order='9a09fa2c8c8b4cc58615a8ac8ec65813/Sim102' Name='Target2' New state='Submitted' Instrument='MES SEP26' Action='Sell' Limit price=7525.5 Stop price=0 Quantity=7 Type='Limit' Time in force=GTC Oco='8e4bc664caa948caa87829b479e6d901' Filled=0 Fill price=0 Error='No error' Native error='',
7/22/2026 8:27:34 PM,Order,Order='81cff2a92337494b8711df0e00a158dc/Sim102' Name='Stop2' New state='Submitted' Instrument='MES SEP26' Action='Sell' Limit price=0 Stop price=7516.5 Quantity=7 Type='Stop Market' Time in force=GTC Oco='8e4bc664caa948caa87829b479e6d901' Filled=0 Fill price=0 Error='No error' Native error='',
7/22/2026 8:27:34 PM,Order,Order='793b8671b94c46a381ec4b6dfe2d8e64/Sim102' Name='Target1' New state='Submitted' Instrument='MES SEP26' Action='Sell' Limit price=7525 Stop price=0 Quantity=6 Type='Limit' Time in force=GTC Oco='5542df0cf90d4fc4afa353c0e6ed5e9a' Filled=0 Fill price=0 Error='No error' Native error='',
7/22/2026 8:27:34 PM,Order,Order='fc92ccb2995c4b4987bf4137e7765fd8/Sim102' Name='Stop1' New state='Submitted' Instrument='MES SEP26' Action='Sell' Limit price=0 Stop price=7516.5 Quantity=6 Type='Stop Market' Time in force=GTC Oco='5542df0cf90d4fc4afa353c0e6ed5e9a' Filled=0 Fill price=0 Error='No error' Native error='',
7/22/2026 8:27:34 PM,Position,Instrument='MES SEP26' Account='Sim102' Average price=7522.5 Quantity=13 Market position=Long Operation=Operation_Add,
7/22/2026 8:27:34 PM,Execution,Execution='3b7a086895464b49acfc910b5ff7d75c' Instrument='MES SEP26' Account='Sim102' Exchange=Default Price=7522.5 Quantity=13 Market position=Long Operation=Operation_Add Order='2e877d03091c45f297e77259fb527d5c' Time='7/22/2026 8:27 PM',
7/22/2026 8:27:34 PM,Order,Order='2e877d03091c45f297e77259fb527d5c/Sim102' Name='Entry' New state='Filled' Instrument='MES SEP26' Action='Buy' Limit price=0 Stop price=0 Quantity=13 Type='Market' Time in force=GTC Oco='' Filled=13 Fill price=7522.5 Error='No error' Native error='',
7/22/2026 8:27:34 PM,Order,Order='2e877d03091c45f297e77259fb527d5c/Sim102' Name='Entry' New state='Working' Instrument='MES SEP26' Action='Buy' Limit price=0 Stop price=0 Quantity=13 Type='Market' Time in force=GTC Oco='' Filled=0 Fill price=0 Error='No error' Native error='',
7/22/2026 8:27:34 PM,Order,Order='2e877d03091c45f297e77259fb527d5c/Sim102' Name='Entry' New state='Accepted' Instrument='MES SEP26' Action='Buy' Limit price=0 Stop price=0 Quantity=13 Type='Market' Time in force=GTC Oco='' Filled=0 Fill price=0 Error='No error' Native error='',
7/22/2026 8:27:34 PM,Order,Order='2e877d03091c45f297e77259fb527d5c/Sim102' Name='Entry' New state='Submitted' Instrument='MES SEP26' Action='Buy' Limit price=0 Stop price=0 Quantity=13 Type='Market' Time in force=GTC Oco='' Filled=0 Fill price=0 Error='No error' Native error='',
7/22/2026 8:27:34 PM,Order,Chart Trader submitting order with strategy 'MES MIN SL6 - 1' (Ticks),
7/22/2026 8:27:32 PM,Position,Instrument='MES SEP26' Account='Sim102' Average price=0 Quantity=0 Market position=Flat Operation=Remove,
7/22/2026 8:27:32 PM,Execution,Execution='1e4ce8335ed140ffa0cba0346c750aaf' Instrument='MES SEP26' Account='Sim102' Exchange=Default Price=7522 Quantity=6 Market position=Short Operation=Operation_Add Order='815f65f0a12640e5b1c65588bf22cf0b' Time='7/22/2026 8:27 PM',
7/22/2026 8:27:32 PM,Order,Order='815f65f0a12640e5b1c65588bf22cf0b/Sim102' Name='Close' New state='Filled' Instrument='MES SEP26' Action='Sell' Limit price=0 Stop price=0 Quantity=13 Type='Market' Time in force=DAY Oco='' Filled=13 Fill price=7522.1346153846152 Error='No error' Native error='',
7/22/2026 8:27:32 PM,Position,Instrument='MES SEP26' Account='Sim102' Average price=7523.416666666667 Quantity=6 Market position=Long Operation=Update,
7/22/2026 8:27:32 PM,Execution,Execution='f6c07a959694461980372b5271e4299e' Instrument='MES SEP26' Account='Sim102' Exchange=Default Price=7522.25 Quantity=7 Market position=Short Operation=Operation_Add Order='815f65f0a12640e5b1c65588bf22cf0b' Time='7/22/2026 8:27 PM',
7/22/2026 8:27:32 PM,Order,Order='815f65f0a12640e5b1c65588bf22cf0b/Sim102' Name='Close' New state='Partially filled' Instrument='MES SEP26' Action='Sell' Limit price=0 Stop price=0 Quantity=13 Type='Market' Time in force=DAY Oco='' Filled=7 Fill price=7522.25 Error='No error' Native error='',
7/22/2026 8:27:32 PM,Order,Order='815f65f0a12640e5b1c65588bf22cf0b/Sim102' Name='Close' New state='Working' Instrument='MES SEP26' Action='Sell' Limit price=0 Stop price=0 Quantity=13 Type='Market' Time in force=DAY Oco='' Filled=0 Fill price=0 Error='No error' Native error='',
7/22/2026 8:27:32 PM,Order,Order='815f65f0a12640e5b1c65588bf22cf0b/Sim102' Name='Close' New state='Accepted' Instrument='MES SEP26' Action='Sell' Limit price=0 Stop price=0 Quantity=13 Type='Market' Time in force=DAY Oco='' Filled=0 Fill price=0 Error='No error' Native error='',
7/22/2026 8:27:32 PM,Order,Order='815f65f0a12640e5b1c65588bf22cf0b/Sim102' Name='Close' New state='Submitted' Instrument='MES SEP26' Action='Sell' Limit price=0 Stop price=0 Quantity=13 Type='Market' Time in force=DAY Oco='' Filled=0 Fill price=0 Error='No error' Native error='',
7/22/2026 8:27:32 PM,Order,Order='b2e6c0dd2cf24a18a71d4de8f5eddf08/Sim102' Name='Target1' New state='Cancelled' Instrument='MES SEP26' Action='Sell' Limit price=7525.75 Stop price=0 Quantity=6 Type='Limit' Time in force=GTC Oco='1d69bc3e7df741799066245c462e4b88' Filled=0 Fill price=0 Error='No error' Native error='',
7/22/2026 8:27:32 PM,Order,Order='ad7c4201aa2748d99264d3c3d8e4fbd4/Sim102' Name='Stop1' New state='Cancelled' Instrument='MES SEP26' Action='Sell' Limit price=0 Stop price=7517.25 Quantity=6 Type='Stop Market' Time in force=GTC Oco='1d69bc3e7df741799066245c462e4b88' Filled=0 Fill price=0 Error='No error' Native error='',
7/22/2026 8:27:32 PM,Order,Order='53573686b2bc4df4a5755972d1e41647/Sim102' Name='Target2' New state='Cancelled' Instrument='MES SEP26' Action='Sell' Limit price=7526.25 Stop price=0 Quantity=7 Type='Limit' Time in force=GTC Oco='691a15d844714aea9c71f881a6985cb3' Filled=0 Fill price=0 Error='No error' Native error='',
7/22/2026 8:27:32 PM,Order,Order='856ec275609648a6b4d356469fc34c2a/Sim102' Name='Stop2' New state='Cancelled' Instrument='MES SEP26' Action='Sell' Limit price=0 Stop price=7517.25 Quantity=7 Type='Stop Market' Time in force=GTC Oco='691a15d844714aea9c71f881a6985cb3' Filled=0 Fill price=0 Error='No error' Native error='',
7/22/2026 8:27:32 PM,Order,Order='856ec275609648a6b4d356469fc34c2a/Sim102' Name='Stop2' New state='Cancel submitted' Instrument='MES SEP26' Action='Sell' Limit price=0 Stop price=7517.25 Quantity=7 Type='Stop Market' Time in force=GTC Oco='691a15d844714aea9c71f881a6985cb3' Filled=0 Fill price=0 Error='No error' Native error='',
7/22/2026 8:27:32 PM,Order,Order='ad7c4201aa2748d99264d3c3d8e4fbd4/Sim102' Name='Stop1' New state='Cancel submitted' Instrument='MES SEP26' Action='Sell' Limit price=0 Stop price=7517.25 Quantity=6 Type='Stop Market' Time in force=GTC Oco='1d69bc3e7df741799066245c462e4b88' Filled=0 Fill price=0 Error='No error' Native error='',
7/22/2026 8:27:31 PM,Order,Order='53573686b2bc4df4a5755972d1e41647/Sim102' Name='Target2' New state='Cancel submitted' Instrument='MES SEP26' Action='Sell' Limit price=7526.25 Stop price=0 Quantity=7 Type='Limit' Time in force=GTC Oco='691a15d844714aea9c71f881a6985cb3' Filled=0 Fill price=0 Error='No error' Native error='',
7/22/2026 8:27:31 PM,Order,Order='b2e6c0dd2cf24a18a71d4de8f5eddf08/Sim102' Name='Target1' New state='Cancel submitted' Instrument='MES SEP26' Action='Sell' Limit price=7525.75 Stop price=0 Quantity=6 Type='Limit' Time in force=GTC Oco='1d69bc3e7df741799066245c462e4b88' Filled=0 Fill price=0 Error='No error' Native error='',
7/22/2026 8:27:31 PM,Default,Chart Trader close position,
7/22/2026 8:25:08 PM,Order,Order='53573686b2bc4df4a5755972d1e41647/Sim102' Name='Target2' New state='Accepted' Instrument='MES SEP26' Action='Sell' Limit price=7526.25 Stop price=0 Quantity=7 Type='Limit' Time in force=GTC Oco='691a15d844714aea9c71f881a6985cb3' Filled=0 Fill price=0 Error='No error' Native error='',
7/22/2026 8:25:08 PM,Order,Order='53573686b2bc4df4a5755972d1e41647/Sim102' Name='Target2' New state='Working' Instrument='MES SEP26' Action='Sell' Limit price=7526.25 Stop price=0 Quantity=7 Type='Limit' Time in force=GTC Oco='691a15d844714aea9c71f881a6985cb3' Filled=0 Fill price=0 Error='No error' Native error='',
7/22/2026 8:25:08 PM,Order,Order='856ec275609648a6b4d356469fc34c2a/Sim102' Name='Stop2' New state='Accepted' Instrument='MES SEP26' Action='Sell' Limit price=0 Stop price=7517.25 Quantity=7 Type='Stop Market' Time in force=GTC Oco='691a15d844714aea9c71f881a6985cb3' Filled=0 Fill price=0 Error='No error' Native error='',
7/22/2026 8:25:08 PM,Order,Order='b2e6c0dd2cf24a18a71d4de8f5eddf08/Sim102' Name='Target1' New state='Accepted' Instrument='MES SEP26' Action='Sell' Limit price=7525.75 Stop price=0 Quantity=6 Type='Limit' Time in force=GTC Oco='1d69bc3e7df741799066245c462e4b88' Filled=0 Fill price=0 Error='No error' Native error='',
7/22/2026 8:25:08 PM,Order,Order='b2e6c0dd2cf24a18a71d4de8f5eddf08/Sim102' Name='Target1' New state='Working' Instrument='MES SEP26' Action='Sell' Limit price=7525.75 Stop price=0 Quantity=6 Type='Limit' Time in force=GTC Oco='1d69bc3e7df741799066245c462e4b88' Filled=0 Fill price=0 Error='No error' Native error='',
7/22/2026 8:25:08 PM,Order,Order='ad7c4201aa2748d99264d3c3d8e4fbd4/Sim102' Name='Stop1' New state='Accepted' Instrument='MES SEP26' Action='Sell' Limit price=0 Stop price=7517.25 Quantity=6 Type='Stop Market' Time in force=GTC Oco='1d69bc3e7df741799066245c462e4b88' Filled=0 Fill price=0 Error='No error' Native error='',
7/22/2026 8:25:08 PM,Order,Order='53573686b2bc4df4a5755972d1e41647/Sim102' Name='Target2' New state='Submitted' Instrument='MES SEP26' Action='Sell' Limit price=7526.25 Stop price=0 Quantity=7 Type='Limit' Time in force=GTC Oco='691a15d844714aea9c71f881a6985cb3' Filled=0 Fill price=0 Error='No error' Native error='',
7/22/2026 8:25:08 PM,Order,Order='856ec275609648a6b4d356469fc34c2a/Sim102' Name='Stop2' New state='Submitted' Instrument='MES SEP26' Action='Sell' Limit price=0 Stop price=7517.25 Quantity=7 Type='Stop Market' Time in force=GTC Oco='691a15d844714aea9c71f881a6985cb3' Filled=0 Fill price=0 Error='No error' Native error='',
7/22/2026 8:25:08 PM,Order,Order='b2e6c0dd2cf24a18a71d4de8f5eddf08/Sim102' Name='Target1' New state='Submitted' Instrument='MES SEP26' Action='Sell' Limit price=7525.75 Stop price=0 Quantity=6 Type='Limit' Time in force=GTC Oco='1d69bc3e7df741799066245c462e4b88' Filled=0 Fill price=0 Error='No error' Native error='',
7/22/2026 8:25:08 PM,Order,Order='ad7c4201aa2748d99264d3c3d8e4fbd4/Sim102' Name='Stop1' New state='Submitted' Instrument='MES SEP26' Action='Sell' Limit price=0 Stop price=7517.25 Quantity=6 Type='Stop Market' Time in force=GTC Oco='1d69bc3e7df741799066245c462e4b88' Filled=0 Fill price=0 Error='No error' Native error='',
7/22/2026 8:25:07 PM,Execution,Execution='90b9a9034488420f8db7f0020aedb669' Instrument='MES SEP26' Account='Sim102' Exchange=Default Price=7523.5 Quantity=4 Market position=Long Operation=Operation_Add Order='1c325a4a8f6d48c28770a60a3db23e64' Time='7/22/2026 8:25 PM',
7/22/2026 8:25:07 PM,Position,Instrument='MES SEP26' Account='Sim102' Average price=7523.3269230769229 Quantity=13 Market position=Long Operation=Update,
7/22/2026 8:25:07 PM,Order,Order='1c325a4a8f6d48c28770a60a3db23e64/Sim102' Name='Entry' New state='Filled' Instrument='MES SEP26' Action='Buy' Limit price=0 Stop price=0 Quantity=13 Type='Market' Time in force=GTC Oco='' Filled=13 Fill price=7523.3269230769229 Error='No error' Native error='',
7/22/2026 8:25:07 PM,Position,Instrument='MES SEP26' Account='Sim102' Average price=7523.25 Quantity=9 Market position=Long Operation=Operation_Add,
7/22/2026 8:25:07 PM,Execution,Execution='9578a0a12bac47a9b957459e0d894e8a' Instrument='MES SEP26' Account='Sim102' Exchange=Default Price=7523.25 Quantity=9 Market position=Long Operation=Operation_Add Order='1c325a4a8f6d48c28770a60a3db23e64' Time='7/22/2026 8:25 PM',
7/22/2026 8:25:07 PM,Order,Order='1c325a4a8f6d48c28770a60a3db23e64/Sim102' Name='Entry' New state='Partially filled' Instrument='MES SEP26' Action='Buy' Limit price=0 Stop price=0 Quantity=13 Type='Market' Time in force=GTC Oco='' Filled=9 Fill price=7523.25 Error='No error' Native error='',
7/22/2026 8:25:07 PM,Order,Order='1c325a4a8f6d48c28770a60a3db23e64/Sim102' Name='Entry' New state='Working' Instrument='MES SEP26' Action='Buy' Limit price=0 Stop price=0 Quantity=13 Type='Market' Time in force=GTC Oco='' Filled=0 Fill price=0 Error='No error' Native error='',
7/22/2026 8:25:07 PM,Order,Order='1c325a4a8f6d48c28770a60a3db23e64/Sim102' Name='Entry' New state='Accepted' Instrument='MES SEP26' Action='Buy' Limit price=0 Stop price=0 Quantity=13 Type='Market' Time in force=GTC Oco='' Filled=0 Fill price=0 Error='No error' Native error='',
7/22/2026 8:25:07 PM,Order,Order='1c325a4a8f6d48c28770a60a3db23e64/Sim102' Name='Entry' New state='Submitted' Instrument='MES SEP26' Action='Buy' Limit price=0 Stop price=0 Quantity=13 Type='Market' Time in force=GTC Oco='' Filled=0 Fill price=0 Error='No error' Native error='',
7/22/2026 8:25:07 PM,Order,Chart Trader submitting order with strategy 'MES MIN SL6 - 1' (Ticks),
7/22/2026 8:25:06 PM,Position,Instrument='MES SEP26' Account='Sim102' Average price=0 Quantity=0 Market position=Flat Operation=Remove,
7/22/2026 8:25:06 PM,Execution,Execution='fd2cd18d6a3243d2b7bbebf6819e6a8c' Instrument='MES SEP26' Account='Sim102' Exchange=Default Price=7523.25 Quantity=13 Market position=Short Operation=Operation_Add Order='e24047973c924ca58b2138052b5e6790' Time='7/22/2026 8:25 PM',
7/22/2026 8:25:06 PM,Order,Order='e24047973c924ca58b2138052b5e6790/Sim102' Name='Close' New state='Filled' Instrument='MES SEP26' Action='Sell' Limit price=0 Stop price=0 Quantity=13 Type='Market' Time in force=DAY Oco='' Filled=13 Fill price=7523.25 Error='No error' Native error='',
7/22/2026 8:25:06 PM,Order,Order='e24047973c924ca58b2138052b5e6790/Sim102' Name='Close' New state='Working' Instrument='MES SEP26' Action='Sell' Limit price=0 Stop price=0 Quantity=13 Type='Market' Time in force=DAY Oco='' Filled=0 Fill price=0 Error='No error' Native error='',
7/22/2026 8:25:06 PM,Order,Order='e24047973c924ca58b2138052b5e6790/Sim102' Name='Close' New state='Accepted' Instrument='MES SEP26' Action='Sell' Limit price=0 Stop price=0 Quantity=13 Type='Market' Time in force=DAY Oco='' Filled=0 Fill price=0 Error='No error' Native error='',
7/22/2026 8:25:06 PM,Order,Order='e24047973c924ca58b2138052b5e6790/Sim102' Name='Close' New state='Submitted' Instrument='MES SEP26' Action='Sell' Limit price=0 Stop price=0 Quantity=13 Type='Market' Time in force=DAY Oco='' Filled=0 Fill price=0 Error='No error' Native error='',
7/22/2026 8:25:06 PM,Order,Order='70b3f953b40548e5b29ed2114413f3cc/Sim102' Name='Target2' New state='Cancelled' Instrument='MES SEP26' Action='Sell' Limit price=7527.25 Stop price=0 Quantity=7 Type='Limit' Time in force=GTC Oco='64db5a4688b14e8f949430a5d203b17d' Filled=0 Fill price=0 Error='No error' Native error='',
7/22/2026 8:25:06 PM,Order,Order='7d91703e856a447e90f7aed5a32c9615/Sim102' Name='Stop1' New state='Cancelled' Instrument='MES SEP26' Action='Sell' Limit price=0 Stop price=7518.25 Quantity=6 Type='Stop Market' Time in force=GTC Oco='0479a99f984c451191a725c54bbde3ec' Filled=0 Fill price=0 Error='No error' Native error='',
7/22/2026 8:25:06 PM,Order,Order='5a791945121d44cb89fb78a9e413bf9e/Sim102' Name='Stop2' New state='Cancelled' Instrument='MES SEP26' Action='Sell' Limit price=0 Stop price=7518.25 Quantity=7 Type='Stop Market' Time in force=GTC Oco='64db5a4688b14e8f949430a5d203b17d' Filled=0 Fill price=0 Error='No error' Native error='',
7/22/2026 8:25:06 PM,Order,Order='08e6dafe2a2a4064a507a2f809495f71/Sim102' Name='Target1' New state='Cancelled' Instrument='MES SEP26' Action='Sell' Limit price=7526.75 Stop price=0 Quantity=6 Type='Limit' Time in force=GTC Oco='0479a99f984c451191a725c54bbde3ec' Filled=0 Fill price=0 Error='No error' Native error='',
7/22/2026 8:25:06 PM,Order,Order='5a791945121d44cb89fb78a9e413bf9e/Sim102' Name='Stop2' New state='Cancel submitted' Instrument='MES SEP26' Action='Sell' Limit price=0 Stop price=7518.25 Quantity=7 Type='Stop Market' Time in force=GTC Oco='64db5a4688b14e8f949430a5d203b17d' Filled=0 Fill price=0 Error='No error' Native error='',
7/22/2026 8:25:06 PM,Order,Order='7d91703e856a447e90f7aed5a32c9615/Sim102' Name='Stop1' New state='Cancel submitted' Instrument='MES SEP26' Action='Sell' Limit price=0 Stop price=7518.25 Quantity=6 Type='Stop Market' Time in force=GTC Oco='0479a99f984c451191a725c54bbde3ec' Filled=0 Fill price=0 Error='No error' Native error='',
7/22/2026 8:25:06 PM,Order,Order='70b3f953b40548e5b29ed2114413f3cc/Sim102' Name='Target2' New state='Cancel submitted' Instrument='MES SEP26' Action='Sell' Limit price=7527.25 Stop price=0 Quantity=7 Type='Limit' Time in force=GTC Oco='64db5a4688b14e8f949430a5d203b17d' Filled=0 Fill price=0 Error='No error' Native error='',
7/22/2026 8:25:06 PM,Order,Order='08e6dafe2a2a4064a507a2f809495f71/Sim102' Name='Target1' New state='Cancel submitted' Instrument='MES SEP26' Action='Sell' Limit price=7526.75 Stop price=0 Quantity=6 Type='Limit' Time in force=GTC Oco='0479a99f984c451191a725c54bbde3ec' Filled=0 Fill price=0 Error='No error' Native error='',
7/22/2026 8:25:06 PM,Default,Chart Trader close position,
7/22/2026 8:24:35 PM,Order,Order='70b3f953b40548e5b29ed2114413f3cc/Sim102' Name='Target2' New state='Accepted' Instrument='MES SEP26' Action='Sell' Limit price=7527.25 Stop price=0 Quantity=7 Type='Limit' Time in force=GTC Oco='64db5a4688b14e8f949430a5d203b17d' Filled=0 Fill price=0 Error='No error' Native error='',
7/22/2026 8:24:35 PM,Order,Order='70b3f953b40548e5b29ed2114413f3cc/Sim102' Name='Target2' New state='Working' Instrument='MES SEP26' Action='Sell' Limit price=7527.25 Stop price=0 Quantity=7 Type='Limit' Time in force=GTC Oco='64db5a4688b14e8f949430a5d203b17d' Filled=0 Fill price=0 Error='No error' Native error='',
7/22/2026 8:24:35 PM,Order,Order='5a791945121d44cb89fb78a9e413bf9e/Sim102' Name='Stop2' New state='Accepted' Instrument='MES SEP26' Action='Sell' Limit price=0 Stop price=7518.25 Quantity=7 Type='Stop Market' Time in force=GTC Oco='64db5a4688b14e8f949430a5d203b17d' Filled=0 Fill price=0 Error='No error' Native error='',
7/22/2026 8:24:35 PM,Order,Order='08e6dafe2a2a4064a507a2f809495f71/Sim102' Name='Target1' New state='Accepted' Instrument='MES SEP26' Action='Sell' Limit price=7526.75 Stop price=0 Quantity=6 Type='Limit' Time in force=GTC Oco='0479a99f984c451191a725c54bbde3ec' Filled=0 Fill price=0 Error='No error' Native error='',
7/22/2026 8:24:35 PM,Order,Order='08e6dafe2a2a4064a507a2f809495f71/Sim102' Name='Target1' New state='Working' Instrument='MES SEP26' Action='Sell' Limit price=7526.75 Stop price=0 Quantity=6 Type='Limit' Time in force=GTC Oco='0479a99f984c451191a725c54bbde3ec' Filled=0 Fill price=0 Error='No error' Native error='',
7/22/2026 8:24:35 PM,Order,Order='7d91703e856a447e90f7aed5a32c9615/Sim102' Name='Stop1' New state='Accepted' Instrument='MES SEP26' Action='Sell' Limit price=0 Stop price=7518.25 Quantity=6 Type='Stop Market' Time in force=GTC Oco='0479a99f984c451191a725c54bbde3ec' Filled=0 Fill price=0 Error='No error' Native error='',
7/22/2026 8:24:35 PM,Order,Order='70b3f953b40548e5b29ed2114413f3cc/Sim102' Name='Target2' New state='Submitted' Instrument='MES SEP26' Action='Sell' Limit price=7527.25 Stop price=0 Quantity=7 Type='Limit' Time in force=GTC Oco='64db5a4688b14e8f949430a5d203b17d' Filled=0 Fill price=0 Error='No error' Native error='',
7/22/2026 8:24:35 PM,Order,Order='5a791945121d44cb89fb78a9e413bf9e/Sim102' Name='Stop2' New state='Submitted' Instrument='MES SEP26' Action='Sell' Limit price=0 Stop price=7518.25 Quantity=7 Type='Stop Market' Time in force=GTC Oco='64db5a4688b14e8f949430a5d203b17d' Filled=0 Fill price=0 Error='No error' Native error='',
7/22/2026 8:24:35 PM,Order,Order='08e6dafe2a2a4064a507a2f809495f71/Sim102' Name='Target1' New state='Submitted' Instrument='MES SEP26' Action='Sell' Limit price=7526.75 Stop price=0 Quantity=6 Type='Limit' Time in force=GTC Oco='0479a99f984c451191a725c54bbde3ec' Filled=0 Fill price=0 Error='No error' Native error='',
7/22/2026 8:24:35 PM,Order,Order='7d91703e856a447e90f7aed5a32c9615/Sim102' Name='Stop1' New state='Submitted' Instrument='MES SEP26' Action='Sell' Limit price=0 Stop price=7518.25 Quantity=6 Type='Stop Market' Time in force=GTC Oco='0479a99f984c451191a725c54bbde3ec' Filled=0 Fill price=0 Error='No error' Native error='',
7/22/2026 8:24:35 PM,Position,Instrument='MES SEP26' Account='Sim102' Average price=7524.25 Quantity=13 Market position=Long Operation=Operation_Add,
7/22/2026 8:24:35 PM,Execution,Execution='1ba413d53ede420195334baf152d5634' Instrument='MES SEP26' Account='Sim102' Exchange=Default Price=7524.25 Quantity=13 Market position=Long Operation=Operation_Add Order='ffb4522ead7b494dbda515faec1b0fef' Time='7/22/2026 8:24 PM',
7/22/2026 8:24:35 PM,Order,Order='ffb4522ead7b494dbda515faec1b0fef/Sim102' Name='Entry' New state='Filled' Instrument='MES SEP26' Action='Buy' Limit price=0 Stop price=0 Quantity=13 Type='Market' Time in force=GTC Oco='' Filled=13 Fill price=7524.25 Error='No error' Native error='',
7/22/2026 8:24:35 PM,Order,Order='ffb4522ead7b494dbda515faec1b0fef/Sim102' Name='Entry' New state='Working' Instrument='MES SEP26' Action='Buy' Limit price=0 Stop price=0 Quantity=13 Type='Market' Time in force=GTC Oco='' Filled=0 Fill price=0 Error='No error' Native error='',
7/22/2026 8:24:35 PM,Order,Order='ffb4522ead7b494dbda515faec1b0fef/Sim102' Name='Entry' New state='Accepted' Instrument='MES SEP26' Action='Buy' Limit price=0 Stop price=0 Quantity=13 Type='Market' Time in force=GTC Oco='' Filled=0 Fill price=0 Error='No error' Native error='',
7/22/2026 8:24:35 PM,Order,Order='ffb4522ead7b494dbda515faec1b0fef/Sim102' Name='Entry' New state='Submitted' Instrument='MES SEP26' Action='Buy' Limit price=0 Stop price=0 Quantity=13 Type='Market' Time in force=GTC Oco='' Filled=0 Fill price=0 Error='No error' Native error='',
7/22/2026 8:24:35 PM,Order,Chart Trader submitting order with strategy 'MES MIN SL6 - 1' (Ticks),
7/22/2026 8:24:29 PM,Position,Instrument='MES SEP26' Account='Sim102' Average price=0 Quantity=0 Market position=Flat Operation=Remove,
7/22/2026 8:24:29 PM,Execution,Execution='056accffed4f4dcfb45a3e8198690777' Instrument='MES SEP26' Account='Sim102' Exchange=Default Price=7523.75 Quantity=13 Market position=Short Operation=Operation_Add Order='be677e162d23499cb5b77dd50de5dc99' Time='7/22/2026 8:24 PM',
7/22/2026 8:24:29 PM,Order,Order='be677e162d23499cb5b77dd50de5dc99/Sim102' Name='Close' New state='Filled' Instrument='MES SEP26' Action='Sell' Limit price=0 Stop price=0 Quantity=13 Type='Market' Time in force=DAY Oco='' Filled=13 Fill price=7523.75 Error='No error' Native error='',
7/22/2026 8:24:29 PM,Order,Order='be677e162d23499cb5b77dd50de5dc99/Sim102' Name='Close' New state='Working' Instrument='MES SEP26' Action='Sell' Limit price=0 Stop price=0 Quantity=13 Type='Market' Time in force=DAY Oco='' Filled=0 Fill price=0 Error='No error' Native error='',
7/22/2026 8:24:29 PM,Order,Order='be677e162d23499cb5b77dd50de5dc99/Sim102' Name='Close' New state='Accepted' Instrument='MES SEP26' Action='Sell' Limit price=0 Stop price=0 Quantity=13 Type='Market' Time in force=DAY Oco='' Filled=0 Fill price=0 Error='No error' Native error='',
7/22/2026 8:24:29 PM,Order,Order='be677e162d23499cb5b77dd50de5dc99/Sim102' Name='Close' New state='Submitted' Instrument='MES SEP26' Action='Sell' Limit price=0 Stop price=0 Quantity=13 Type='Market' Time in force=DAY Oco='' Filled=0 Fill price=0 Error='No error' Native error='',
7/22/2026 8:24:29 PM,Order,Order='46e0654f23114c05aa55553814cd69e0/Sim102' Name='Stop2' New state='Cancelled' Instrument='MES SEP26' Action='Sell' Limit price=0 Stop price=7517.75 Quantity=7 Type='Stop Market' Time in force=GTC Oco='1342e3796d1940afbeb832b9cd6a2d52' Filled=0 Fill price=0 Error='No error' Native error='',
7/22/2026 8:24:29 PM,Order,Order='f8197aeffd8843e2876117bd6f60bd5c/Sim102' Name='Target2' New state='Cancelled' Instrument='MES SEP26' Action='Sell' Limit price=7526.75 Stop price=0 Quantity=7 Type='Limit' Time in force=GTC Oco='1342e3796d1940afbeb832b9cd6a2d52' Filled=0 Fill price=0 Error='No error' Native error='',
7/22/2026 8:24:29 PM,Order,Order='9809f8bd92c44479afe486dba9ecbc50/Sim102' Name='Target1' New state='Cancelled' Instrument='MES SEP26' Action='Sell' Limit price=7526.25 Stop price=0 Quantity=6 Type='Limit' Time in force=GTC Oco='1301df366d57464881635d16a96345a2' Filled=0 Fill price=0 Error='No error' Native error='',
7/22/2026 8:24:29 PM,Order,Order='4ee0586cfa4f406fad57f4fd1a3b3ab0/Sim102' Name='Stop1' New state='Cancelled' Instrument='MES SEP26' Action='Sell' Limit price=0 Stop price=7517.75 Quantity=6 Type='Stop Market' Time in force=GTC Oco='1301df366d57464881635d16a96345a2' Filled=0 Fill price=0 Error='No error' Native error='',
7/22/2026 8:24:29 PM,Position,Flatten account='PA-APEX-422136-08',
7/22/2026 8:24:29 PM,Position,Flatten account='PA-APEX-422136-06',
7/22/2026 8:24:29 PM,Position,Flatten account='PA-APEX-422136-07',
7/22/2026 8:24:29 PM,Position,Flatten account='PA-APEX-422136-01',
7/22/2026 8:24:29 PM,Position,Flatten account='PA-APEX-422136-03',
7/22/2026 8:24:29 PM,Position,Flatten account='PA-APEX-422136-04',
7/22/2026 8:24:29 PM,Position,Flatten account='PA-APEX-422136-05',
7/22/2026 8:24:29 PM,Position,Flatten account='PA-APEX-422136-09',
7/22/2026 8:24:29 PM,Order,Order='46e0654f23114c05aa55553814cd69e0/Sim102' Name='Stop2' New state='Cancel submitted' Instrument='MES SEP26' Action='Sell' Limit price=0 Stop price=7517.75 Quantity=7 Type='Stop Market' Time in force=GTC Oco='1342e3796d1940afbeb832b9cd6a2d52' Filled=0 Fill price=0 Error='No error' Native error='',
7/22/2026 8:24:29 PM,Order,Order='4ee0586cfa4f406fad57f4fd1a3b3ab0/Sim102' Name='Stop1' New state='Cancel submitted' Instrument='MES SEP26' Action='Sell' Limit price=0 Stop price=7517.75 Quantity=6 Type='Stop Market' Time in force=GTC Oco='1301df366d57464881635d16a96345a2' Filled=0 Fill price=0 Error='No error' Native error='',
7/22/2026 8:24:29 PM,Order,Order='f8197aeffd8843e2876117bd6f60bd5c/Sim102' Name='Target2' New state='Cancel submitted' Instrument='MES SEP26' Action='Sell' Limit price=7526.75 Stop price=0 Quantity=7 Type='Limit' Time in force=GTC Oco='1342e3796d1940afbeb832b9cd6a2d52' Filled=0 Fill price=0 Error='No error' Native error='',
7/22/2026 8:24:29 PM,Order,Order='9809f8bd92c44479afe486dba9ecbc50/Sim102' Name='Target1' New state='Cancel submitted' Instrument='MES SEP26' Action='Sell' Limit price=7526.25 Stop price=0 Quantity=6 Type='Limit' Time in force=GTC Oco='1301df366d57464881635d16a96345a2' Filled=0 Fill price=0 Error='No error' Native error='',
7/22/2026 8:24:29 PM,Default,Terminating any NinjaScript strategies invoked by Flatten Everything command,
7/22/2026 8:24:29 PM,Position,Flatten account='Sim102',
7/22/2026 8:24:29 PM,Position,Flatten account='Sim101',
7/22/2026 8:24:29 PM,Order,Hot Key Flatten Everything,
7/22/2026 8:24:25 PM,Order,Order='f8197aeffd8843e2876117bd6f60bd5c/Sim102' Name='Target2' New state='Working' Instrument='MES SEP26' Action='Sell' Limit price=7526.75 Stop price=0 Quantity=7 Type='Limit' Time in force=GTC Oco='1342e3796d1940afbeb832b9cd6a2d52' Filled=0 Fill price=0 Error='No error' Native error='',
7/22/2026 8:24:25 PM,Order,Order='f8197aeffd8843e2876117bd6f60bd5c/Sim102' Name='Target2' New state='Accepted' Instrument='MES SEP26' Action='Sell' Limit price=7526.75 Stop price=0 Quantity=7 Type='Limit' Time in force=GTC Oco='1342e3796d1940afbeb832b9cd6a2d52' Filled=0 Fill price=0 Error='No error' Native error='',
7/22/2026 8:24:25 PM,Order,Order='46e0654f23114c05aa55553814cd69e0/Sim102' Name='Stop2' New state='Accepted' Instrument='MES SEP26' Action='Sell' Limit price=0 Stop price=7517.75 Quantity=7 Type='Stop Market' Time in force=GTC Oco='1342e3796d1940afbeb832b9cd6a2d52' Filled=0 Fill price=0 Error='No error' Native error='',
7/22/2026 8:24:25 PM,Order,Order='9809f8bd92c44479afe486dba9ecbc50/Sim102' Name='Target1' New state='Working' Instrument='MES SEP26' Action='Sell' Limit price=7526.25 Stop price=0 Quantity=6 Type='Limit' Time in force=GTC Oco='1301df366d57464881635d16a96345a2' Filled=0 Fill price=0 Error='No error' Native error='',
7/22/2026 8:24:25 PM,Order,Order='9809f8bd92c44479afe486dba9ecbc50/Sim102' Name='Target1' New state='Accepted' Instrument='MES SEP26' Action='Sell' Limit price=7526.25 Stop price=0 Quantity=6 Type='Limit' Time in force=GTC Oco='1301df366d57464881635d16a96345a2' Filled=0 Fill price=0 Error='No error' Native error='',
7/22/2026 8:24:25 PM,Order,Order='4ee0586cfa4f406fad57f4fd1a3b3ab0/Sim102' Name='Stop1' New state='Accepted' Instrument='MES SEP26' Action='Sell' Limit price=0 Stop price=7517.75 Quantity=6 Type='Stop Market' Time in force=GTC Oco='1301df366d57464881635d16a96345a2' Filled=0 Fill price=0 Error='No error' Native error='',
7/22/2026 8:24:25 PM,Order,Order='f8197aeffd8843e2876117bd6f60bd5c/Sim102' Name='Target2' New state='Submitted' Instrument='MES SEP26' Action='Sell' Limit price=7526.75 Stop price=0 Quantity=7 Type='Limit' Time in force=GTC Oco='1342e3796d1940afbeb832b9cd6a2d52' Filled=0 Fill price=0 Error='No error' Native error='',
7/22/2026 8:24:25 PM,Order,Order='46e0654f23114c05aa55553814cd69e0/Sim102' Name='Stop2' New state='Submitted' Instrument='MES SEP26' Action='Sell' Limit price=0 Stop price=7517.75 Quantity=7 Type='Stop Market' Time in force=GTC Oco='1342e3796d1940afbeb832b9cd6a2d52' Filled=0 Fill price=0 Error='No error' Native error='',
7/22/2026 8:24:25 PM,Order,Order='9809f8bd92c44479afe486dba9ecbc50/Sim102' Name='Target1' New state='Submitted' Instrument='MES SEP26' Action='Sell' Limit price=7526.25 Stop price=0 Quantity=6 Type='Limit' Time in force=GTC Oco='1301df366d57464881635d16a96345a2' Filled=0 Fill price=0 Error='No error' Native error='',
7/22/2026 8:24:25 PM,Order,Order='4ee0586cfa4f406fad57f4fd1a3b3ab0/Sim102' Name='Stop1' New state='Submitted' Instrument='MES SEP26' Action='Sell' Limit price=0 Stop price=7517.75 Quantity=6 Type='Stop Market' Time in force=GTC Oco='1301df366d57464881635d16a96345a2' Filled=0 Fill price=0 Error='No error' Native error='',
7/22/2026 8:24:25 PM,Execution,Execution='abb88c9957e74245afae989a193530f3' Instrument='MES SEP26' Account='Sim102' Exchange=Default Price=7523.75 Quantity=13 Market position=Long Operation=Operation_Add Order='d2bab5217cf94a4fb17ac24a1a30bdf6' Time='7/22/2026 8:24 PM',
7/22/2026 8:24:25 PM,Position,Instrument='MES SEP26' Account='Sim102' Average price=7523.75 Quantity=13 Market position=Long Operation=Operation_Add,
7/22/2026 8:24:25 PM,Order,Order='d2bab5217cf94a4fb17ac24a1a30bdf6/Sim102' Name='Entry' New state='Filled' Instrument='MES SEP26' Action='Buy' Limit price=0 Stop price=0 Quantity=13 Type='Market' Time in force=GTC Oco='' Filled=13 Fill price=7523.75 Error='No error' Native error='',
7/22/2026 8:24:25 PM,Order,Order='d2bab5217cf94a4fb17ac24a1a30bdf6/Sim102' Name='Entry' New state='Working' Instrument='MES SEP26' Action='Buy' Limit price=0 Stop price=0 Quantity=13 Type='Market' Time in force=GTC Oco='' Filled=0 Fill price=0 Error='No error' Native error='',
7/22/2026 8:24:25 PM,Order,Order='d2bab5217cf94a4fb17ac24a1a30bdf6/Sim102' Name='Entry' New state='Accepted' Instrument='MES SEP26' Action='Buy' Limit price=0 Stop price=0 Quantity=13 Type='Market' Time in force=GTC Oco='' Filled=0 Fill price=0 Error='No error' Native error='',
7/22/2026 8:24:25 PM,Order,Order='d2bab5217cf94a4fb17ac24a1a30bdf6/Sim102' Name='Entry' New state='Submitted' Instrument='MES SEP26' Action='Buy' Limit price=0 Stop price=0 Quantity=13 Type='Market' Time in force=GTC Oco='' Filled=0 Fill price=0 Error='No error' Native error='',
7/22/2026 8:24:25 PM,Order,Chart Trader submitting order with strategy 'MES MIN SL6 - 1' (Ticks),
7/22/2026 8:24:23 PM,Position,Instrument='MES SEP26' Account='Sim102' Average price=0 Quantity=0 Market position=Flat Operation=Remove,
7/22/2026 8:24:23 PM,Execution,Execution='6684d39a3fcc4a8fa570762c09136aa9' Instrument='MES SEP26' Account='Sim102' Exchange=Default Price=7523.5 Quantity=3 Market position=Short Operation=Operation_Add Order='7882dbfec1464acf965ca2a7de9afff2' Time='7/22/2026 8:24 PM',
7/22/2026 8:24:23 PM,Order,Order='7882dbfec1464acf965ca2a7de9afff2/Sim102' Name='Close' New state='Filled' Instrument='MES SEP26' Action='Sell' Limit price=0 Stop price=0 Quantity=13 Type='Market' Time in force=DAY Oco='' Filled=13 Fill price=7523.6923076923076 Error='No error' Native error='',
7/22/2026 8:24:23 PM,Position,Instrument='MES SEP26' Account='Sim102' Average price=7524.5 Quantity=3 Market position=Long Operation=Update,
7/22/2026 8:24:23 PM,Order,Order='7882dbfec1464acf965ca2a7de9afff2/Sim102' Name='Close' New state='Working' Instrument='MES SEP26' Action='Sell' Limit price=0 Stop price=0 Quantity=13 Type='Market' Time in force=DAY Oco='' Filled=0 Fill price=0 Error='No error' Native error='',
7/22/2026 8:24:23 PM,Execution,Execution='6c524bc9ceeb4eac8ac882547d2fc50e' Instrument='MES SEP26' Account='Sim102' Exchange=Default Price=7523.75 Quantity=10 Market position=Short Operation=Operation_Add Order='7882dbfec1464acf965ca2a7de9afff2' Time='7/22/2026 8:24 PM',
7/22/2026 8:24:23 PM,Order,Order='7882dbfec1464acf965ca2a7de9afff2/Sim102' Name='Close' New state='Partially filled' Instrument='MES SEP26' Action='Sell' Limit price=0 Stop price=0 Quantity=13 Type='Market' Time in force=DAY Oco='' Filled=10 Fill price=7523.75 Error='No error' Native error='',
7/22/2026 8:24:23 PM,Order,Order='7882dbfec1464acf965ca2a7de9afff2/Sim102' Name='Close' New state='Accepted' Instrument='MES SEP26' Action='Sell' Limit price=0 Stop price=0 Quantity=13 Type='Market' Time in force=DAY Oco='' Filled=0 Fill price=0 Error='No error' Native error='',
7/22/2026 8:24:22 PM,Order,Order='7882dbfec1464acf965ca2a7de9afff2/Sim102' Name='Close' New state='Submitted' Instrument='MES SEP26' Action='Sell' Limit price=0 Stop price=0 Quantity=13 Type='Market' Time in force=DAY Oco='' Filled=0 Fill price=0 Error='No error' Native error='',
7/22/2026 8:24:22 PM,Order,Order='8f101b649565404a98fdda0722172fd0/Sim102' Name='Target2' New state='Cancelled' Instrument='MES SEP26' Action='Sell' Limit price=7527.5 Stop price=0 Quantity=7 Type='Limit' Time in force=GTC Oco='47eed338f447448a89eb2443c48cc67a' Filled=0 Fill price=0 Error='No error' Native error='',
7/22/2026 8:24:22 PM,Order,Order='bc39fa2ea941443a9439c3397844a7dc/Sim102' Name='Stop2' New state='Cancelled' Instrument='MES SEP26' Action='Sell' Limit price=0 Stop price=7518.5 Quantity=7 Type='Stop Market' Time in force=GTC Oco='47eed338f447448a89eb2443c48cc67a' Filled=0 Fill price=0 Error='No error' Native error='',
7/22/2026 8:24:22 PM,Order,Order='74ef52407c9d4432b3f3690451d3ea0b/Sim102' Name='Target1' New state='Cancelled' Instrument='MES SEP26' Action='Sell' Limit price=7527 Stop price=0 Quantity=6 Type='Limit' Time in force=GTC Oco='a3cbb85df060492da30a89648c2b17f5' Filled=0 Fill price=0 Error='No error' Native error='',
7/22/2026 8:24:22 PM,Order,Order='f9be0c307c004ba5bc40101eec4da13a/Sim102' Name='Stop1' New state='Cancelled' Instrument='MES SEP26' Action='Sell' Limit price=0 Stop price=7518.5 Quantity=6 Type='Stop Market' Time in force=GTC Oco='a3cbb85df060492da30a89648c2b17f5' Filled=0 Fill price=0 Error='No error' Native error='',
7/22/2026 8:24:22 PM,Position,Flatten account='PA-APEX-422136-03',
7/22/2026 8:24:22 PM,Position,Flatten account='PA-APEX-422136-01',
7/22/2026 8:24:22 PM,Position,Flatten account='PA-APEX-422136-04',
7/22/2026 8:24:22 PM,Position,Flatten account='PA-APEX-422136-08',
7/22/2026 8:24:22 PM,Position,Flatten account='PA-APEX-422136-06',
7/22/2026 8:24:22 PM,Position,Flatten account='PA-APEX-422136-07',
7/22/2026 8:24:22 PM,Position,Flatten account='PA-APEX-422136-05',
7/22/2026 8:24:22 PM,Position,Flatten account='PA-APEX-422136-09',
7/22/2026 8:24:22 PM,Order,Order='bc39fa2ea941443a9439c3397844a7dc/Sim102' Name='Stop2' New state='Cancel submitted' Instrument='MES SEP26' Action='Sell' Limit price=0 Stop price=7518.5 Quantity=7 Type='Stop Market' Time in force=GTC Oco='47eed338f447448a89eb2443c48cc67a' Filled=0 Fill price=0 Error='No error' Native error='',
7/22/2026 8:24:22 PM,Order,Order='f9be0c307c004ba5bc40101eec4da13a/Sim102' Name='Stop1' New state='Cancel submitted' Instrument='MES SEP26' Action='Sell' Limit price=0 Stop price=7518.5 Quantity=6 Type='Stop Market' Time in force=GTC Oco='a3cbb85df060492da30a89648c2b17f5' Filled=0 Fill price=0 Error='No error' Native error='',
7/22/2026 8:24:22 PM,Order,Order='8f101b649565404a98fdda0722172fd0/Sim102' Name='Target2' New state='Cancel submitted' Instrument='MES SEP26' Action='Sell' Limit price=7527.5 Stop price=0 Quantity=7 Type='Limit' Time in force=GTC Oco='47eed338f447448a89eb2443c48cc67a' Filled=0 Fill price=0 Error='No error' Native error='',
7/22/2026 8:24:22 PM,Order,Order='74ef52407c9d4432b3f3690451d3ea0b/Sim102' Name='Target1' New state='Cancel submitted' Instrument='MES SEP26' Action='Sell' Limit price=7527 Stop price=0 Quantity=6 Type='Limit' Time in force=GTC Oco='a3cbb85df060492da30a89648c2b17f5' Filled=0 Fill price=0 Error='No error' Native error='',
7/22/2026 8:24:22 PM,Position,Flatten account='Sim101',
7/22/2026 8:24:22 PM,Position,Flatten account='Sim102',
7/22/2026 8:24:22 PM,Default,Terminating any NinjaScript strategies invoked by Flatten Everything command,
7/22/2026 8:24:22 PM,Order,Hot Key Flatten Everything,
7/22/2026 8:23:45 PM,Order,Order='8f101b649565404a98fdda0722172fd0/Sim102' Name='Target2' New state='Working' Instrument='MES SEP26' Action='Sell' Limit price=7527.5 Stop price=0 Quantity=7 Type='Limit' Time in force=GTC Oco='47eed338f447448a89eb2443c48cc67a' Filled=0 Fill price=0 Error='No error' Native error='',
7/22/2026 8:23:45 PM,Order,Order='8f101b649565404a98fdda0722172fd0/Sim102' Name='Target2' New state='Accepted' Instrument='MES SEP26' Action='Sell' Limit price=7527.5 Stop price=0 Quantity=7 Type='Limit' Time in force=GTC Oco='47eed338f447448a89eb2443c48cc67a' Filled=0 Fill price=0 Error='No error' Native error='',
7/22/2026 8:23:45 PM,Order,Order='bc39fa2ea941443a9439c3397844a7dc/Sim102' Name='Stop2' New state='Accepted' Instrument='MES SEP26' Action='Sell' Limit price=0 Stop price=7518.5 Quantity=7 Type='Stop Market' Time in force=GTC Oco='47eed338f447448a89eb2443c48cc67a' Filled=0 Fill price=0 Error='No error' Native error='',
7/22/2026 8:23:45 PM,Order,Order='74ef52407c9d4432b3f3690451d3ea0b/Sim102' Name='Target1' New state='Accepted' Instrument='MES SEP26' Action='Sell' Limit price=7527 Stop price=0 Quantity=6 Type='Limit' Time in force=GTC Oco='a3cbb85df060492da30a89648c2b17f5' Filled=0 Fill price=0 Error='No error' Native error='',
7/22/2026 8:23:45 PM,Order,Order='74ef52407c9d4432b3f3690451d3ea0b/Sim102' Name='Target1' New state='Working' Instrument='MES SEP26' Action='Sell' Limit price=7527 Stop price=0 Quantity=6 Type='Limit' Time in force=GTC Oco='a3cbb85df060492da30a89648c2b17f5' Filled=0 Fill price=0 Error='No error' Native error='',
7/22/2026 8:23:45 PM,Order,Order='f9be0c307c004ba5bc40101eec4da13a/Sim102' Name='Stop1' New state='Accepted' Instrument='MES SEP26' Action='Sell' Limit price=0 Stop price=7518.5 Quantity=6 Type='Stop Market' Time in force=GTC Oco='a3cbb85df060492da30a89648c2b17f5' Filled=0 Fill price=0 Error='No error' Native error='',
7/22/2026 8:23:45 PM,Order,Order='8f101b649565404a98fdda0722172fd0/Sim102' Name='Target2' New state='Submitted' Instrument='MES SEP26' Action='Sell' Limit price=7527.5 Stop price=0 Quantity=7 Type='Limit' Time in force=GTC Oco='47eed338f447448a89eb2443c48cc67a' Filled=0 Fill price=0 Error='No error' Native error='',
7/22/2026 8:23:45 PM,Order,Order='bc39fa2ea941443a9439c3397844a7dc/Sim102' Name='Stop2' New state='Submitted' Instrument='MES SEP26' Action='Sell' Limit price=0 Stop price=7518.5 Quantity=7 Type='Stop Market' Time in force=GTC Oco='47eed338f447448a89eb2443c48cc67a' Filled=0 Fill price=0 Error='No error' Native error='',
7/22/2026 8:23:45 PM,Order,Order='74ef52407c9d4432b3f3690451d3ea0b/Sim102' Name='Target1' New state='Submitted' Instrument='MES SEP26' Action='Sell' Limit price=7527 Stop price=0 Quantity=6 Type='Limit' Time in force=GTC Oco='a3cbb85df060492da30a89648c2b17f5' Filled=0 Fill price=0 Error='No error' Native error='',
7/22/2026 8:23:45 PM,Order,Order='f9be0c307c004ba5bc40101eec4da13a/Sim102' Name='Stop1' New state='Submitted' Instrument='MES SEP26' Action='Sell' Limit price=0 Stop price=7518.5 Quantity=6 Type='Stop Market' Time in force=GTC Oco='a3cbb85df060492da30a89648c2b17f5' Filled=0 Fill price=0 Error='No error' Native error='',
7/22/2026 8:23:45 PM,Execution,Execution='b8b70f8d597b4e71b93a9761eb3c8262' Instrument='MES SEP26' Account='Sim102' Exchange=Default Price=7524.5 Quantity=13 Market position=Long Operation=Operation_Add Order='30ffb8e8574d4f10a63effcfa7cc3a2e' Time='7/22/2026 8:23 PM',
7/22/2026 8:23:45 PM,Position,Instrument='MES SEP26' Account='Sim102' Average price=7524.5 Quantity=13 Market position=Long Operation=Operation_Add,
7/22/2026 8:23:45 PM,Order,Order='30ffb8e8574d4f10a63effcfa7cc3a2e/Sim102' Name='Entry' New state='Filled' Instrument='MES SEP26' Action='Buy' Limit price=0 Stop price=0 Quantity=13 Type='Market' Time in force=GTC Oco='' Filled=13 Fill price=7524.5 Error='No error' Native error='',
7/22/2026 8:23:45 PM,Order,Order='30ffb8e8574d4f10a63effcfa7cc3a2e/Sim102' Name='Entry' New state='Working' Instrument='MES SEP26' Action='Buy' Limit price=0 Stop price=0 Quantity=13 Type='Market' Time in force=GTC Oco='' Filled=0 Fill price=0 Error='No error' Native error='',
7/22/2026 8:23:45 PM,Order,Order='30ffb8e8574d4f10a63effcfa7cc3a2e/Sim102' Name='Entry' New state='Accepted' Instrument='MES SEP26' Action='Buy' Limit price=0 Stop price=0 Quantity=13 Type='Market' Time in force=GTC Oco='' Filled=0 Fill price=0 Error='No error' Native error='',
7/22/2026 8:23:45 PM,Order,Order='30ffb8e8574d4f10a63effcfa7cc3a2e/Sim102' Name='Entry' New state='Submitted' Instrument='MES SEP26' Action='Buy' Limit price=0 Stop price=0 Quantity=13 Type='Market' Time in force=GTC Oco='' Filled=0 Fill price=0 Error='No error' Native error='',
7/22/2026 8:23:45 PM,Order,Chart Trader submitting order with strategy 'MES MIN SL6 - 1' (Ticks),
7/22/2026 8:23:38 PM,Position,Instrument='MES SEP26' Account='Sim102' Average price=0 Quantity=0 Market position=Flat Operation=Remove,
7/22/2026 8:23:38 PM,Execution,Execution='f314b569442a4f4fb87cc2811228e11c' Instrument='MES SEP26' Account='Sim102' Exchange=Default Price=7524.25 Quantity=13 Market position=Short Operation=Operation_Add Order='a894096efdfe4b079f7186fbe43d2e5c' Time='7/22/2026 8:23 PM',
7/22/2026 8:23:38 PM,Order,Order='a894096efdfe4b079f7186fbe43d2e5c/Sim102' Name='Close' New state='Filled' Instrument='MES SEP26' Action='Sell' Limit price=0 Stop price=0 Quantity=13 Type='Market' Time in force=DAY Oco='' Filled=13 Fill price=7524.25 Error='No error' Native error='',
7/22/2026 8:23:38 PM,Order,Order='a894096efdfe4b079f7186fbe43d2e5c/Sim102' Name='Close' New state='Working' Instrument='MES SEP26' Action='Sell' Limit price=0 Stop price=0 Quantity=13 Type='Market' Time in force=DAY Oco='' Filled=0 Fill price=0 Error='No error' Native error='',
7/22/2026 8:23:38 PM,Order,Order='a894096efdfe4b079f7186fbe43d2e5c/Sim102' Name='Close' New state='Accepted' Instrument='MES SEP26' Action='Sell' Limit price=0 Stop price=0 Quantity=13 Type='Market' Time in force=DAY Oco='' Filled=0 Fill price=0 Error='No error' Native error='',
7/22/2026 8:23:38 PM,Order,Order='a894096efdfe4b079f7186fbe43d2e5c/Sim102' Name='Close' New state='Submitted' Instrument='MES SEP26' Action='Sell' Limit price=0 Stop price=0 Quantity=13 Type='Market' Time in force=DAY Oco='' Filled=0 Fill price=0 Error='No error' Native error='',
7/22/2026 8:23:38 PM,Order,Order='3a875066ada548b99b972039bb66324c/Sim102' Name='Stop2' New state='Cancelled' Instrument='MES SEP26' Action='Sell' Limit price=0 Stop price=7518.75 Quantity=7 Type='Stop Market' Time in force=GTC Oco='59eaf9647e154997b233b6bdccaa38b0' Filled=0 Fill price=0 Error='No error' Native error='',
7/22/2026 8:23:38 PM,Order,Order='007e3f4afcda4af8b435731692e0ccf9/Sim102' Name='Target2' New state='Cancelled' Instrument='MES SEP26' Action='Sell' Limit price=7527.75 Stop price=0 Quantity=7 Type='Limit' Time in force=GTC Oco='59eaf9647e154997b233b6bdccaa38b0' Filled=0 Fill price=0 Error='No error' Native error='',
7/22/2026 8:23:38 PM,Order,Order='e053b8b1156445c6a0e2edbf7ab35458/Sim102' Name='Stop1' New state='Cancelled' Instrument='MES SEP26' Action='Sell' Limit price=0 Stop price=7518.75 Quantity=6 Type='Stop Market' Time in force=GTC Oco='c84afd489bb84d64a4e4749c92c021c4' Filled=0 Fill price=0 Error='No error' Native error='',
7/22/2026 8:23:38 PM,Order,Order='fa681daf010648f1a52beaa18f4cb8e3/Sim102' Name='Target1' New state='Cancelled' Instrument='MES SEP26' Action='Sell' Limit price=7527.25 Stop price=0 Quantity=6 Type='Limit' Time in force=GTC Oco='c84afd489bb84d64a4e4749c92c021c4' Filled=0 Fill price=0 Error='No error' Native error='',
7/22/2026 8:23:38 PM,Position,Flatten account='PA-APEX-422136-08',
7/22/2026 8:23:38 PM,Position,Flatten account='PA-APEX-422136-06',
7/22/2026 8:23:38 PM,Position,Flatten account='PA-APEX-422136-07',
7/22/2026 8:23:38 PM,Position,Flatten account='PA-APEX-422136-01',
7/22/2026 8:23:38 PM,Position,Flatten account='PA-APEX-422136-03',
7/22/2026 8:23:38 PM,Position,Flatten account='PA-APEX-422136-04',
7/22/2026 8:23:38 PM,Position,Flatten account='PA-APEX-422136-05',
7/22/2026 8:23:38 PM,Position,Flatten account='PA-APEX-422136-09',
7/22/2026 8:23:38 PM,Order,Order='3a875066ada548b99b972039bb66324c/Sim102' Name='Stop2' New state='Cancel submitted' Instrument='MES SEP26' Action='Sell' Limit price=0 Stop price=7518.75 Quantity=7 Type='Stop Market' Time in force=GTC Oco='59eaf9647e154997b233b6bdccaa38b0' Filled=0 Fill price=0 Error='No error' Native error='',
7/22/2026 8:23:38 PM,Order,Order='e053b8b1156445c6a0e2edbf7ab35458/Sim102' Name='Stop1' New state='Cancel submitted' Instrument='MES SEP26' Action='Sell' Limit price=0 Stop price=7518.75 Quantity=6 Type='Stop Market' Time in force=GTC Oco='c84afd489bb84d64a4e4749c92c021c4' Filled=0 Fill price=0 Error='No error' Native error='',
7/22/2026 8:23:38 PM,Order,Order='007e3f4afcda4af8b435731692e0ccf9/Sim102' Name='Target2' New state='Cancel submitted' Instrument='MES SEP26' Action='Sell' Limit price=7527.75 Stop price=0 Quantity=7 Type='Limit' Time in force=GTC Oco='59eaf9647e154997b233b6bdccaa38b0' Filled=0 Fill price=0 Error='No error' Native error='',
7/22/2026 8:23:38 PM,Order,Order='fa681daf010648f1a52beaa18f4cb8e3/Sim102' Name='Target1' New state='Cancel submitted' Instrument='MES SEP26' Action='Sell' Limit price=7527.25 Stop price=0 Quantity=6 Type='Limit' Time in force=GTC Oco='c84afd489bb84d64a4e4749c92c021c4' Filled=0 Fill price=0 Error='No error' Native error='',
7/22/2026 8:23:38 PM,Default,Terminating any NinjaScript strategies invoked by Flatten Everything command,
7/22/2026 8:23:38 PM,Position,Flatten account='Sim102',
7/22/2026 8:23:38 PM,Position,Flatten account='Sim101',
7/22/2026 8:23:38 PM,Order,Hot Key Flatten Everything,
7/22/2026 8:23:36 PM,Order,Order='007e3f4afcda4af8b435731692e0ccf9/Sim102' Name='Target2' New state='Working' Instrument='MES SEP26' Action='Sell' Limit price=7527.75 Stop price=0 Quantity=7 Type='Limit' Time in force=GTC Oco='59eaf9647e154997b233b6bdccaa38b0' Filled=0 Fill price=0 Error='No error' Native error='',
7/22/2026 8:23:36 PM,Order,Order='007e3f4afcda4af8b435731692e0ccf9/Sim102' Name='Target2' New state='Accepted' Instrument='MES SEP26' Action='Sell' Limit price=7527.75 Stop price=0 Quantity=7 Type='Limit' Time in force=GTC Oco='59eaf9647e154997b233b6bdccaa38b0' Filled=0 Fill price=0 Error='No error' Native error='',
7/22/2026 8:23:36 PM,Order,Order='fa681daf010648f1a52beaa18f4cb8e3/Sim102' Name='Target1' New state='Working' Instrument='MES SEP26' Action='Sell' Limit price=7527.25 Stop price=0 Quantity=6 Type='Limit' Time in force=GTC Oco='c84afd489bb84d64a4e4749c92c021c4' Filled=0 Fill price=0 Error='No error' Native error='',
7/22/2026 8:23:36 PM,Order,Order='3a875066ada548b99b972039bb66324c/Sim102' Name='Stop2' New state='Accepted' Instrument='MES SEP26' Action='Sell' Limit price=0 Stop price=7518.75 Quantity=7 Type='Stop Market' Time in force=GTC Oco='59eaf9647e154997b233b6bdccaa38b0' Filled=0 Fill price=0 Error='No error' Native error='',
7/22/2026 8:23:36 PM,Order,Order='fa681daf010648f1a52beaa18f4cb8e3/Sim102' Name='Target1' New state='Accepted' Instrument='MES SEP26' Action='Sell' Limit price=7527.25 Stop price=0 Quantity=6 Type='Limit' Time in force=GTC Oco='c84afd489bb84d64a4e4749c92c021c4' Filled=0 Fill price=0 Error='No error' Native error='',
7/22/2026 8:23:36 PM,Order,Order='e053b8b1156445c6a0e2edbf7ab35458/Sim102' Name='Stop1' New state='Accepted' Instrument='MES SEP26' Action='Sell' Limit price=0 Stop price=7518.75 Quantity=6 Type='Stop Market' Time in force=GTC Oco='c84afd489bb84d64a4e4749c92c021c4' Filled=0 Fill price=0 Error='No error' Native error='',
7/22/2026 8:23:36 PM,Order,Order='007e3f4afcda4af8b435731692e0ccf9/Sim102' Name='Target2' New state='Submitted' Instrument='MES SEP26' Action='Sell' Limit price=7527.75 Stop price=0 Quantity=7 Type='Limit' Time in force=GTC Oco='59eaf9647e154997b233b6bdccaa38b0' Filled=0 Fill price=0 Error='No error' Native error='',
7/22/2026 8:23:36 PM,Order,Order='3a875066ada548b99b972039bb66324c/Sim102' Name='Stop2' New state='Submitted' Instrument='MES SEP26' Action='Sell' Limit price=0 Stop price=7518.75 Quantity=7 Type='Stop Market' Time in force=GTC Oco='59eaf9647e154997b233b6bdccaa38b0' Filled=0 Fill price=0 Error='No error' Native error='',
7/22/2026 8:23:36 PM,Order,Order='fa681daf010648f1a52beaa18f4cb8e3/Sim102' Name='Target1' New state='Submitted' Instrument='MES SEP26' Action='Sell' Limit price=7527.25 Stop price=0 Quantity=6 Type='Limit' Time in force=GTC Oco='c84afd489bb84d64a4e4749c92c021c4' Filled=0 Fill price=0 Error='No error' Native error='',
7/22/2026 8:23:36 PM,Order,Order='e053b8b1156445c6a0e2edbf7ab35458/Sim102' Name='Stop1' New state='Submitted' Instrument='MES SEP26' Action='Sell' Limit price=0 Stop price=7518.75 Quantity=6 Type='Stop Market' Time in force=GTC Oco='c84afd489bb84d64a4e4749c92c021c4' Filled=0 Fill price=0 Error='No error' Native error='',
7/22/2026 8:23:36 PM,Execution,Execution='ac782ba3b3824daf9ddea7f6f9d38424' Instrument='MES SEP26' Account='Sim102' Exchange=Default Price=7524.75 Quantity=13 Market position=Long Operation=Operation_Add Order='0bc044e678ac4d018086012eed503ad1' Time='7/22/2026 8:23 PM',
7/22/2026 8:23:36 PM,Position,Instrument='MES SEP26' Account='Sim102' Average price=7524.75 Quantity=13 Market position=Long Operation=Operation_Add,
7/22/2026 8:23:36 PM,Order,Order='0bc044e678ac4d018086012eed503ad1/Sim102' Name='Entry' New state='Filled' Instrument='MES SEP26' Action='Buy' Limit price=0 Stop price=0 Quantity=13 Type='Market' Time in force=GTC Oco='' Filled=13 Fill price=7524.75 Error='No error' Native error='',
7/22/2026 8:23:36 PM,Order,Order='0bc044e678ac4d018086012eed503ad1/Sim102' Name='Entry' New state='Working' Instrument='MES SEP26' Action='Buy' Limit price=0 Stop price=0 Quantity=13 Type='Market' Time in force=GTC Oco='' Filled=0 Fill price=0 Error='No error' Native error='',
7/22/2026 8:23:36 PM,Order,Order='0bc044e678ac4d018086012eed503ad1/Sim102' Name='Entry' New state='Accepted' Instrument='MES SEP26' Action='Buy' Limit price=0 Stop price=0 Quantity=13 Type='Market' Time in force=GTC Oco='' Filled=0 Fill price=0 Error='No error' Native error='',
7/22/2026 8:23:36 PM,Order,Order='0bc044e678ac4d018086012eed503ad1/Sim102' Name='Entry' New state='Submitted' Instrument='MES SEP26' Action='Buy' Limit price=0 Stop price=0 Quantity=13 Type='Market' Time in force=GTC Oco='' Filled=0 Fill price=0 Error='No error' Native error='',
7/22/2026 8:23:36 PM,Order,Chart Trader submitting order with strategy 'MES MIN SL6 - 1' (Ticks),
7/22/2026 8:19:36 PM,Position,Instrument='MES SEP26' Account='Sim102' Average price=0 Quantity=0 Market position=Flat Operation=Remove,
7/22/2026 8:19:36 PM,Execution,Execution='37e0919de93c4bc58595f517630b9a04' Instrument='MES SEP26' Account='Sim102' Exchange=Default Price=7524.25 Quantity=13 Market position=Long Operation=Operation_Add Order='e658a16eab734612949f80eb2dd1bb5b' Time='7/22/2026 8:19 PM',
7/22/2026 8:19:36 PM,Order,Order='e658a16eab734612949f80eb2dd1bb5b/Sim102' Name='Close' New state='Filled' Instrument='MES SEP26' Action='Buy to cover' Limit price=0 Stop price=0 Quantity=13 Type='Market' Time in force=DAY Oco='' Filled=13 Fill price=7524.25 Error='No error' Native error='',
7/22/2026 8:19:36 PM,Order,Order='e658a16eab734612949f80eb2dd1bb5b/Sim102' Name='Close' New state='Working' Instrument='MES SEP26' Action='Buy to cover' Limit price=0 Stop price=0 Quantity=13 Type='Market' Time in force=DAY Oco='' Filled=0 Fill price=0 Error='No error' Native error='',
7/22/2026 8:19:36 PM,Order,Order='e658a16eab734612949f80eb2dd1bb5b/Sim102' Name='Close' New state='Accepted' Instrument='MES SEP26' Action='Buy to cover' Limit price=0 Stop price=0 Quantity=13 Type='Market' Time in force=DAY Oco='' Filled=0 Fill price=0 Error='No error' Native error='',
7/22/2026 8:19:36 PM,Order,Order='e658a16eab734612949f80eb2dd1bb5b/Sim102' Name='Close' New state='Submitted' Instrument='MES SEP26' Action='Buy to cover' Limit price=0 Stop price=0 Quantity=13 Type='Market' Time in force=DAY Oco='' Filled=0 Fill price=0 Error='No error' Native error='',
7/22/2026 8:19:36 PM,Order,Order='d1de077d9a4f4937a5992b8823213690/Sim102' Name='Stop2' New state='Cancelled' Instrument='MES SEP26' Action='Buy to cover' Limit price=0 Stop price=7529 Quantity=7 Type='Stop Market' Time in force=GTC Oco='3ba1aaeec0804e7bb85e4749581b7784' Filled=0 Fill price=0 Error='No error' Native error='',
7/22/2026 8:19:36 PM,Order,Order='c604b89421fc4693a9057c5372824883/Sim102' Name='Stop1' New state='Cancelled' Instrument='MES SEP26' Action='Buy to cover' Limit price=0 Stop price=7529 Quantity=6 Type='Stop Market' Time in force=GTC Oco='ef60ea74fe0a4604a90dd47f865c6508' Filled=0 Fill price=0 Error='No error' Native error='',
7/22/2026 8:19:36 PM,Order,Order='346a5933a277469082851633b34437d1/Sim102' Name='Target2' New state='Cancelled' Instrument='MES SEP26' Action='Buy to cover' Limit price=7520 Stop price=0 Quantity=7 Type='Limit' Time in force=GTC Oco='3ba1aaeec0804e7bb85e4749581b7784' Filled=0 Fill price=0 Error='No error' Native error='',
7/22/2026 8:19:35 PM,Order,Order='6c89b274ae0f4e4c81e8e9e607c0b175/Sim102' Name='Target1' New state='Cancelled' Instrument='MES SEP26' Action='Buy to cover' Limit price=7520.5 Stop price=0 Quantity=6 Type='Limit' Time in force=GTC Oco='ef60ea74fe0a4604a90dd47f865c6508' Filled=0 Fill price=0 Error='No error' Native error='',
7/22/2026 8:19:35 PM,Order,Order='d1de077d9a4f4937a5992b8823213690/Sim102' Name='Stop2' New state='Cancel submitted' Instrument='MES SEP26' Action='Buy to cover' Limit price=0 Stop price=7529 Quantity=7 Type='Stop Market' Time in force=GTC Oco='3ba1aaeec0804e7bb85e4749581b7784' Filled=0 Fill price=0 Error='No error' Native error='',
7/22/2026 8:19:35 PM,Order,Order='c604b89421fc4693a9057c5372824883/Sim102' Name='Stop1' New state='Cancel submitted' Instrument='MES SEP26' Action='Buy to cover' Limit price=0 Stop price=7529 Quantity=6 Type='Stop Market' Time in force=GTC Oco='ef60ea74fe0a4604a90dd47f865c6508' Filled=0 Fill price=0 Error='No error' Native error='',
7/22/2026 8:19:35 PM,Order,Order='346a5933a277469082851633b34437d1/Sim102' Name='Target2' New state='Cancel submitted' Instrument='MES SEP26' Action='Buy to cover' Limit price=7520 Stop price=0 Quantity=7 Type='Limit' Time in force=GTC Oco='3ba1aaeec0804e7bb85e4749581b7784' Filled=0 Fill price=0 Error='No error' Native error='',
7/22/2026 8:19:35 PM,Order,Order='6c89b274ae0f4e4c81e8e9e607c0b175/Sim102' Name='Target1' New state='Cancel submitted' Instrument='MES SEP26' Action='Buy to cover' Limit price=7520.5 Stop price=0 Quantity=6 Type='Limit' Time in force=GTC Oco='ef60ea74fe0a4604a90dd47f865c6508' Filled=0 Fill price=0 Error='No error' Native error='',
7/22/2026 8:19:35 PM,Default,Chart Trader close position,
7/22/2026 8:19:13 PM,Order,Order='346a5933a277469082851633b34437d1/Sim102' Name='Target2' New state='Working' Instrument='MES SEP26' Action='Buy to cover' Limit price=7520 Stop price=0 Quantity=7 Type='Limit' Time in force=GTC Oco='3ba1aaeec0804e7bb85e4749581b7784' Filled=0 Fill price=0 Error='No error' Native error='',
7/22/2026 8:19:13 PM,Order,Order='346a5933a277469082851633b34437d1/Sim102' Name='Target2' New state='Accepted' Instrument='MES SEP26' Action='Buy to cover' Limit price=7520 Stop price=0 Quantity=7 Type='Limit' Time in force=GTC Oco='3ba1aaeec0804e7bb85e4749581b7784' Filled=0 Fill price=0 Error='No error' Native error='',
7/22/2026 8:19:13 PM,Order,Order='d1de077d9a4f4937a5992b8823213690/Sim102' Name='Stop2' New state='Accepted' Instrument='MES SEP26' Action='Buy to cover' Limit price=0 Stop price=7529 Quantity=7 Type='Stop Market' Time in force=GTC Oco='3ba1aaeec0804e7bb85e4749581b7784' Filled=0 Fill price=0 Error='No error' Native error='',
7/22/2026 8:19:13 PM,Order,Order='6c89b274ae0f4e4c81e8e9e607c0b175/Sim102' Name='Target1' New state='Accepted' Instrument='MES SEP26' Action='Buy to cover' Limit price=7520.5 Stop price=0 Quantity=6 Type='Limit' Time in force=GTC Oco='ef60ea74fe0a4604a90dd47f865c6508' Filled=0 Fill price=0 Error='No error' Native error='',
7/22/2026 8:19:13 PM,Order,Order='6c89b274ae0f4e4c81e8e9e607c0b175/Sim102' Name='Target1' New state='Working' Instrument='MES SEP26' Action='Buy to cover' Limit price=7520.5 Stop price=0 Quantity=6 Type='Limit' Time in force=GTC Oco='ef60ea74fe0a4604a90dd47f865c6508' Filled=0 Fill price=0 Error='No error' Native error='',
7/22/2026 8:19:13 PM,Order,Order='c604b89421fc4693a9057c5372824883/Sim102' Name='Stop1' New state='Accepted' Instrument='MES SEP26' Action='Buy to cover' Limit price=0 Stop price=7529 Quantity=6 Type='Stop Market' Time in force=GTC Oco='ef60ea74fe0a4604a90dd47f865c6508' Filled=0 Fill price=0 Error='No error' Native error='',
7/22/2026 8:19:13 PM,Order,Order='346a5933a277469082851633b34437d1/Sim102' Name='Target2' New state='Submitted' Instrument='MES SEP26' Action='Buy to cover' Limit price=7520 Stop price=0 Quantity=7 Type='Limit' Time in force=GTC Oco='3ba1aaeec0804e7bb85e4749581b7784' Filled=0 Fill price=0 Error='No error' Native error='',
7/22/2026 8:19:13 PM,Order,Order='d1de077d9a4f4937a5992b8823213690/Sim102' Name='Stop2' New state='Submitted' Instrument='MES SEP26' Action='Buy to cover' Limit price=0 Stop price=7529 Quantity=7 Type='Stop Market' Time in force=GTC Oco='3ba1aaeec0804e7bb85e4749581b7784' Filled=0 Fill price=0 Error='No error' Native error='',
7/22/2026 8:19:13 PM,Order,Order='6c89b274ae0f4e4c81e8e9e607c0b175/Sim102' Name='Target1' New state='Submitted' Instrument='MES SEP26' Action='Buy to cover' Limit price=7520.5 Stop price=0 Quantity=6 Type='Limit' Time in force=GTC Oco='ef60ea74fe0a4604a90dd47f865c6508' Filled=0 Fill price=0 Error='No error' Native error='',
7/22/2026 8:19:13 PM,Order,Order='c604b89421fc4693a9057c5372824883/Sim102' Name='Stop1' New state='Submitted' Instrument='MES SEP26' Action='Buy to cover' Limit price=0 Stop price=7529 Quantity=6 Type='Stop Market' Time in force=GTC Oco='ef60ea74fe0a4604a90dd47f865c6508' Filled=0 Fill price=0 Error='No error' Native error='',
7/22/2026 8:19:13 PM,Position,Instrument='MES SEP26' Account='Sim102' Average price=7523 Quantity=13 Market position=Short Operation=Operation_Add,
7/22/2026 8:19:13 PM,Execution,Execution='ee6bacff125a4cd7be751ef7691f1a5e' Instrument='MES SEP26' Account='Sim102' Exchange=Default Price=7523 Quantity=13 Market position=Short Operation=Operation_Add Order='3bce8cef8d31423f8278c3016542514b' Time='7/22/2026 8:19 PM',
7/22/2026 8:19:13 PM,Order,Order='3bce8cef8d31423f8278c3016542514b/Sim102' Name='Entry' New state='Filled' Instrument='MES SEP26' Action='Sell' Limit price=0 Stop price=0 Quantity=13 Type='Market' Time in force=GTC Oco='' Filled=13 Fill price=7523 Error='No error' Native error='',
7/22/2026 8:19:13 PM,Order,Order='3bce8cef8d31423f8278c3016542514b/Sim102' Name='Entry' New state='Working' Instrument='MES SEP26' Action='Sell' Limit price=0 Stop price=0 Quantity=13 Type='Market' Time in force=GTC Oco='' Filled=0 Fill price=0 Error='No error' Native error='',
7/22/2026 8:19:13 PM,Order,Order='3bce8cef8d31423f8278c3016542514b/Sim102' Name='Entry' New state='Accepted' Instrument='MES SEP26' Action='Sell' Limit price=0 Stop price=0 Quantity=13 Type='Market' Time in force=GTC Oco='' Filled=0 Fill price=0 Error='No error' Native error='',
7/22/2026 8:19:13 PM,Order,Order='3bce8cef8d31423f8278c3016542514b/Sim102' Name='Entry' New state='Submitted' Instrument='MES SEP26' Action='Sell' Limit price=0 Stop price=0 Quantity=13 Type='Market' Time in force=GTC Oco='' Filled=0 Fill price=0 Error='No error' Native error='',
7/22/2026 8:19:13 PM,Order,Chart Trader submitting order with strategy 'MES MIN SL6 - 1' (Ticks),
7/22/2026 8:19:12 PM,Position,Instrument='MES SEP26' Account='Sim102' Average price=0 Quantity=0 Market position=Flat Operation=Remove,
7/22/2026 8:19:12 PM,Execution,Execution='e2d78e7b9bf24cda8fa61f1d9acfefd4' Instrument='MES SEP26' Account='Sim102' Exchange=Default Price=7523 Quantity=13 Market position=Short Operation=Operation_Add Order='7829dacb0de74949a058623d35168a72' Time='7/22/2026 8:19 PM',
7/22/2026 8:19:12 PM,Order,Order='7829dacb0de74949a058623d35168a72/Sim102' Name='Close' New state='Filled' Instrument='MES SEP26' Action='Sell' Limit price=0 Stop price=0 Quantity=13 Type='Market' Time in force=DAY Oco='' Filled=13 Fill price=7523 Error='No error' Native error='',
7/22/2026 8:19:12 PM,Order,Order='7829dacb0de74949a058623d35168a72/Sim102' Name='Close' New state='Working' Instrument='MES SEP26' Action='Sell' Limit price=0 Stop price=0 Quantity=13 Type='Market' Time in force=DAY Oco='' Filled=0 Fill price=0 Error='No error' Native error='',
7/22/2026 8:19:12 PM,Order,Order='7829dacb0de74949a058623d35168a72/Sim102' Name='Close' New state='Accepted' Instrument='MES SEP26' Action='Sell' Limit price=0 Stop price=0 Quantity=13 Type='Market' Time in force=DAY Oco='' Filled=0 Fill price=0 Error='No error' Native error='',
7/22/2026 8:19:12 PM,Order,Order='7829dacb0de74949a058623d35168a72/Sim102' Name='Close' New state='Submitted' Instrument='MES SEP26' Action='Sell' Limit price=0 Stop price=0 Quantity=13 Type='Market' Time in force=DAY Oco='' Filled=0 Fill price=0 Error='No error' Native error='',
7/22/2026 8:19:12 PM,Order,Order='f7f208ef66c049e6a8f72556d50a41e3/Sim102' Name='Stop2' New state='Cancelled' Instrument='MES SEP26' Action='Sell' Limit price=0 Stop price=7517.75 Quantity=7 Type='Stop Market' Time in force=GTC Oco='0f798f8142e449b4a77331879bf42552' Filled=0 Fill price=0 Error='No error' Native error='',
7/22/2026 8:19:12 PM,Order,Order='a79e4452793747e1b12604358efc2fc0/Sim102' Name='Stop1' New state='Cancelled' Instrument='MES SEP26' Action='Sell' Limit price=0 Stop price=7517.75 Quantity=6 Type='Stop Market' Time in force=GTC Oco='47e2c3421dd54cc9b729a096704c97c9' Filled=0 Fill price=0 Error='No error' Native error='',
7/22/2026 8:19:12 PM,Order,Order='7aa727b024774d7db64f6b5c2a59a7da/Sim102' Name='Target2' New state='Cancelled' Instrument='MES SEP26' Action='Sell' Limit price=7526.75 Stop price=0 Quantity=7 Type='Limit' Time in force=GTC Oco='0f798f8142e449b4a77331879bf42552' Filled=0 Fill price=0 Error='No error' Native error='',
7/22/2026 8:19:12 PM,Order,Order='78a14a403e1e4a9681b557784478014f/Sim102' Name='Target1' New state='Cancelled' Instrument='MES SEP26' Action='Sell' Limit price=7526.25 Stop price=0 Quantity=6 Type='Limit' Time in force=GTC Oco='47e2c3421dd54cc9b729a096704c97c9' Filled=0 Fill price=0 Error='No error' Native error='',
7/22/2026 8:19:12 PM,Order,Order='f7f208ef66c049e6a8f72556d50a41e3/Sim102' Name='Stop2' New state='Cancel submitted' Instrument='MES SEP26' Action='Sell' Limit price=0 Stop price=7517.75 Quantity=7 Type='Stop Market' Time in force=GTC Oco='0f798f8142e449b4a77331879bf42552' Filled=0 Fill price=0 Error='No error' Native error='',
7/22/2026 8:19:12 PM,Order,Order='a79e4452793747e1b12604358efc2fc0/Sim102' Name='Stop1' New state='Cancel submitted' Instrument='MES SEP26' Action='Sell' Limit price=0 Stop price=7517.75 Quantity=6 Type='Stop Market' Time in force=GTC Oco='47e2c3421dd54cc9b729a096704c97c9' Filled=0 Fill price=0 Error='No error' Native error='',
7/22/2026 8:19:12 PM,Order,Order='7aa727b024774d7db64f6b5c2a59a7da/Sim102' Name='Target2' New state='Cancel submitted' Instrument='MES SEP26' Action='Sell' Limit price=7526.75 Stop price=0 Quantity=7 Type='Limit' Time in force=GTC Oco='0f798f8142e449b4a77331879bf42552' Filled=0 Fill price=0 Error='No error' Native error='',
7/22/2026 8:19:12 PM,Order,Order='78a14a403e1e4a9681b557784478014f/Sim102' Name='Target1' New state='Cancel submitted' Instrument='MES SEP26' Action='Sell' Limit price=7526.25 Stop price=0 Quantity=6 Type='Limit' Time in force=GTC Oco='47e2c3421dd54cc9b729a096704c97c9' Filled=0 Fill price=0 Error='No error' Native error='',
7/22/2026 8:19:12 PM,Default,Chart Trader close position,
7/22/2026 8:19:00 PM,Order,Order='7aa727b024774d7db64f6b5c2a59a7da/Sim102' Name='Target2' New state='Working' Instrument='MES SEP26' Action='Sell' Limit price=7526.75 Stop price=0 Quantity=7 Type='Limit' Time in force=GTC Oco='0f798f8142e449b4a77331879bf42552' Filled=0 Fill price=0 Error='No error' Native error='',
7/22/2026 8:19:00 PM,Order,Order='7aa727b024774d7db64f6b5c2a59a7da/Sim102' Name='Target2' New state='Accepted' Instrument='MES SEP26' Action='Sell' Limit price=7526.75 Stop price=0 Quantity=7 Type='Limit' Time in force=GTC Oco='0f798f8142e449b4a77331879bf42552' Filled=0 Fill price=0 Error='No error' Native error='',
7/22/2026 8:19:00 PM,Order,Order='78a14a403e1e4a9681b557784478014f/Sim102' Name='Target1' New state='Accepted' Instrument='MES SEP26' Action='Sell' Limit price=7526.25 Stop price=0 Quantity=6 Type='Limit' Time in force=GTC Oco='47e2c3421dd54cc9b729a096704c97c9' Filled=0 Fill price=0 Error='No error' Native error='',
7/22/2026 8:19:00 PM,Order,Order='78a14a403e1e4a9681b557784478014f/Sim102' Name='Target1' New state='Working' Instrument='MES SEP26' Action='Sell' Limit price=7526.25 Stop price=0 Quantity=6 Type='Limit' Time in force=GTC Oco='47e2c3421dd54cc9b729a096704c97c9' Filled=0 Fill price=0 Error='No error' Native error='',
7/22/2026 8:19:00 PM,Order,Order='f7f208ef66c049e6a8f72556d50a41e3/Sim102' Name='Stop2' New state='Accepted' Instrument='MES SEP26' Action='Sell' Limit price=0 Stop price=7517.75 Quantity=7 Type='Stop Market' Time in force=GTC Oco='0f798f8142e449b4a77331879bf42552' Filled=0 Fill price=0 Error='No error' Native error='',
7/22/2026 8:19:00 PM,Order,Order='a79e4452793747e1b12604358efc2fc0/Sim102' Name='Stop1' New state='Accepted' Instrument='MES SEP26' Action='Sell' Limit price=0 Stop price=7517.75 Quantity=6 Type='Stop Market' Time in force=GTC Oco='47e2c3421dd54cc9b729a096704c97c9' Filled=0 Fill price=0 Error='No error' Native error='',
7/22/2026 8:19:00 PM,Order,Order='7aa727b024774d7db64f6b5c2a59a7da/Sim102' Name='Target2' New state='Submitted' Instrument='MES SEP26' Action='Sell' Limit price=7526.75 Stop price=0 Quantity=7 Type='Limit' Time in force=GTC Oco='0f798f8142e449b4a77331879bf42552' Filled=0 Fill price=0 Error='No error' Native error='',
7/22/2026 8:19:00 PM,Order,Order='f7f208ef66c049e6a8f72556d50a41e3/Sim102' Name='Stop2' New state='Submitted' Instrument='MES SEP26' Action='Sell' Limit price=0 Stop price=7517.75 Quantity=7 Type='Stop Market' Time in force=GTC Oco='0f798f8142e449b4a77331879bf42552' Filled=0 Fill price=0 Error='No error' Native error='',
7/22/2026 8:19:00 PM,Order,Order='78a14a403e1e4a9681b557784478014f/Sim102' Name='Target1' New state='Submitted' Instrument='MES SEP26' Action='Sell' Limit price=7526.25 Stop price=0 Quantity=6 Type='Limit' Time in force=GTC Oco='47e2c3421dd54cc9b729a096704c97c9' Filled=0 Fill price=0 Error='No error' Native error='',
7/22/2026 8:19:00 PM,Order,Order='a79e4452793747e1b12604358efc2fc0/Sim102' Name='Stop1' New state='Submitted' Instrument='MES SEP26' Action='Sell' Limit price=0 Stop price=7517.75 Quantity=6 Type='Stop Market' Time in force=GTC Oco='47e2c3421dd54cc9b729a096704c97c9' Filled=0 Fill price=0 Error='No error' Native error='',
7/22/2026 8:19:00 PM,Execution,Execution='104df5c6c05d40ed9dcbde77140c0dc0' Instrument='MES SEP26' Account='Sim102' Exchange=Default Price=7524 Quantity=1 Market position=Long Operation=Operation_Add Order='e847e4be14684805a6ae32529147f866' Time='7/22/2026 8:19 PM',
7/22/2026 8:19:00 PM,Position,Instrument='MES SEP26' Account='Sim102' Average price=7523.7692307692305 Quantity=13 Market position=Long Operation=Update,
7/22/2026 8:19:00 PM,Order,Order='e847e4be14684805a6ae32529147f866/Sim102' Name='Entry' New state='Filled' Instrument='MES SEP26' Action='Buy' Limit price=0 Stop price=0 Quantity=13 Type='Market' Time in force=GTC Oco='' Filled=13 Fill price=7523.7692307692305 Error='No error' Native error='',
7/22/2026 8:19:00 PM,Order,Order='e847e4be14684805a6ae32529147f866/Sim102' Name='Entry' New state='Working' Instrument='MES SEP26' Action='Buy' Limit price=0 Stop price=0 Quantity=13 Type='Market' Time in force=GTC Oco='' Filled=0 Fill price=0 Error='No error' Native error='',
7/22/2026 8:19:00 PM,Execution,Execution='90ad8502b6ed4366a8ab9fc3c4fd8a6a' Instrument='MES SEP26' Account='Sim102' Exchange=Default Price=7523.75 Quantity=12 Market position=Long Operation=Operation_Add Order='e847e4be14684805a6ae32529147f866' Time='7/22/2026 8:19 PM',
7/22/2026 8:19:00 PM,Order,Order='e847e4be14684805a6ae32529147f866/Sim102' Name='Entry' New state='Partially filled' Instrument='MES SEP26' Action='Buy' Limit price=0 Stop price=0 Quantity=13 Type='Market' Time in force=GTC Oco='' Filled=12 Fill price=7523.75 Error='No error' Native error='',
7/22/2026 8:19:00 PM,Position,Instrument='MES SEP26' Account='Sim102' Average price=7523.75 Quantity=12 Market position=Long Operation=Operation_Add,
7/22/2026 8:19:00 PM,Order,Order='e847e4be14684805a6ae32529147f866/Sim102' Name='Entry' New state='Accepted' Instrument='MES SEP26' Action='Buy' Limit price=0 Stop price=0 Quantity=13 Type='Market' Time in force=GTC Oco='' Filled=0 Fill price=0 Error='No error' Native error='',
7/22/2026 8:19:00 PM,Order,Order='e847e4be14684805a6ae32529147f866/Sim102' Name='Entry' New state='Submitted' Instrument='MES SEP26' Action='Buy' Limit price=0 Stop price=0 Quantity=13 Type='Market' Time in force=GTC Oco='' Filled=0 Fill price=0 Error='No error' Native error='',
7/22/2026 8:19:00 PM,Order,Chart Trader submitting order with strategy 'MES MIN SL6 - 1' (Ticks),
7/22/2026 8:18:58 PM,Position,Instrument='MES SEP26' Account='Sim102' Average price=0 Quantity=0 Market position=Flat Operation=Remove,
7/22/2026 8:18:58 PM,Execution,Execution='27f60fa7729c4aff9d221ea586d3beb1' Instrument='MES SEP26' Account='Sim102' Exchange=Default Price=7523.5 Quantity=13 Market position=Short Operation=Operation_Add Order='326fa621f10b468db4ddee2c0de66913' Time='7/22/2026 8:18 PM',
7/22/2026 8:18:58 PM,Order,Order='326fa621f10b468db4ddee2c0de66913/Sim102' Name='Close' New state='Filled' Instrument='MES SEP26' Action='Sell' Limit price=0 Stop price=0 Quantity=13 Type='Market' Time in force=DAY Oco='' Filled=13 Fill price=7523.5 Error='No error' Native error='',
7/22/2026 8:18:58 PM,Order,Order='326fa621f10b468db4ddee2c0de66913/Sim102' Name='Close' New state='Working' Instrument='MES SEP26' Action='Sell' Limit price=0 Stop price=0 Quantity=13 Type='Market' Time in force=DAY Oco='' Filled=0 Fill price=0 Error='No error' Native error='',
7/22/2026 8:18:58 PM,Order,Order='326fa621f10b468db4ddee2c0de66913/Sim102' Name='Close' New state='Accepted' Instrument='MES SEP26' Action='Sell' Limit price=0 Stop price=0 Quantity=13 Type='Market' Time in force=DAY Oco='' Filled=0 Fill price=0 Error='No error' Native error='',
7/22/2026 8:18:58 PM,Order,Order='326fa621f10b468db4ddee2c0de66913/Sim102' Name='Close' New state='Submitted' Instrument='MES SEP26' Action='Sell' Limit price=0 Stop price=0 Quantity=13 Type='Market' Time in force=DAY Oco='' Filled=0 Fill price=0 Error='No error' Native error='',
7/22/2026 8:18:58 PM,Order,Order='da2cf2f83d0d49fca7b646af18667091/Sim102' Name='Stop2' New state='Cancelled' Instrument='MES SEP26' Action='Sell' Limit price=0 Stop price=7518 Quantity=7 Type='Stop Market' Time in force=GTC Oco='7b739cddb8ca44b782b1db7d882f58cb' Filled=0 Fill price=0 Error='No error' Native error='',
7/22/2026 8:18:58 PM,Order,Order='74ee930c139a4f3495c010cadf410d33/Sim102' Name='Stop1' New state='Cancelled' Instrument='MES SEP26' Action='Sell' Limit price=0 Stop price=7518 Quantity=6 Type='Stop Market' Time in force=GTC Oco='5b1d367cfbe74e478d7770cb2ef19e83' Filled=0 Fill price=0 Error='No error' Native error='',
7/22/2026 8:18:58 PM,Order,Order='6d3772e2848b4749a4c50e92f646d7c5/Sim102' Name='Target2' New state='Cancelled' Instrument='MES SEP26' Action='Sell' Limit price=7527 Stop price=0 Quantity=7 Type='Limit' Time in force=GTC Oco='7b739cddb8ca44b782b1db7d882f58cb' Filled=0 Fill price=0 Error='No error' Native error='',
7/22/2026 8:18:58 PM,Order,Order='276534509adb4e13b9a494f5a79a10bf/Sim102' Name='Target1' New state='Cancelled' Instrument='MES SEP26' Action='Sell' Limit price=7526.5 Stop price=0 Quantity=6 Type='Limit' Time in force=GTC Oco='5b1d367cfbe74e478d7770cb2ef19e83' Filled=0 Fill price=0 Error='No error' Native error='',
7/22/2026 8:18:58 PM,Order,Order='da2cf2f83d0d49fca7b646af18667091/Sim102' Name='Stop2' New state='Cancel submitted' Instrument='MES SEP26' Action='Sell' Limit price=0 Stop price=7518 Quantity=7 Type='Stop Market' Time in force=GTC Oco='7b739cddb8ca44b782b1db7d882f58cb' Filled=0 Fill price=0 Error='No error' Native error='',
7/22/2026 8:18:58 PM,Order,Order='74ee930c139a4f3495c010cadf410d33/Sim102' Name='Stop1' New state='Cancel submitted' Instrument='MES SEP26' Action='Sell' Limit price=0 Stop price=7518 Quantity=6 Type='Stop Market' Time in force=GTC Oco='5b1d367cfbe74e478d7770cb2ef19e83' Filled=0 Fill price=0 Error='No error' Native error='',
7/22/2026 8:18:58 PM,Order,Order='6d3772e2848b4749a4c50e92f646d7c5/Sim102' Name='Target2' New state='Cancel submitted' Instrument='MES SEP26' Action='Sell' Limit price=7527 Stop price=0 Quantity=7 Type='Limit' Time in force=GTC Oco='7b739cddb8ca44b782b1db7d882f58cb' Filled=0 Fill price=0 Error='No error' Native error='',
7/22/2026 8:18:58 PM,Order,Order='276534509adb4e13b9a494f5a79a10bf/Sim102' Name='Target1' New state='Cancel submitted' Instrument='MES SEP26' Action='Sell' Limit price=7526.5 Stop price=0 Quantity=6 Type='Limit' Time in force=GTC Oco='5b1d367cfbe74e478d7770cb2ef19e83' Filled=0 Fill price=0 Error='No error' Native error='',
7/22/2026 8:18:58 PM,Default,Chart Trader close position,
7/22/2026 8:18:50 PM,Order,Order='6d3772e2848b4749a4c50e92f646d7c5/Sim102' Name='Target2' New state='Accepted' Instrument='MES SEP26' Action='Sell' Limit price=7527 Stop price=0 Quantity=7 Type='Limit' Time in force=GTC Oco='7b739cddb8ca44b782b1db7d882f58cb' Filled=0 Fill price=0 Error='No error' Native error='',
7/22/2026 8:18:50 PM,Order,Order='6d3772e2848b4749a4c50e92f646d7c5/Sim102' Name='Target2' New state='Working' Instrument='MES SEP26' Action='Sell' Limit price=7527 Stop price=0 Quantity=7 Type='Limit' Time in force=GTC Oco='7b739cddb8ca44b782b1db7d882f58cb' Filled=0 Fill price=0 Error='No error' Native error='',
7/22/2026 8:18:50 PM,Order,Order='da2cf2f83d0d49fca7b646af18667091/Sim102' Name='Stop2' New state='Accepted' Instrument='MES SEP26' Action='Sell' Limit price=0 Stop price=7518 Quantity=7 Type='Stop Market' Time in force=GTC Oco='7b739cddb8ca44b782b1db7d882f58cb' Filled=0 Fill price=0 Error='No error' Native error='',
7/22/2026 8:18:50 PM,Order,Order='276534509adb4e13b9a494f5a79a10bf/Sim102' Name='Target1' New state='Accepted' Instrument='MES SEP26' Action='Sell' Limit price=7526.5 Stop price=0 Quantity=6 Type='Limit' Time in force=GTC Oco='5b1d367cfbe74e478d7770cb2ef19e83' Filled=0 Fill price=0 Error='No error' Native error='',
7/22/2026 8:18:50 PM,Order,Order='276534509adb4e13b9a494f5a79a10bf/Sim102' Name='Target1' New state='Working' Instrument='MES SEP26' Action='Sell' Limit price=7526.5 Stop price=0 Quantity=6 Type='Limit' Time in force=GTC Oco='5b1d367cfbe74e478d7770cb2ef19e83' Filled=0 Fill price=0 Error='No error' Native error='',
7/22/2026 8:18:50 PM,Order,Order='74ee930c139a4f3495c010cadf410d33/Sim102' Name='Stop1' New state='Accepted' Instrument='MES SEP26' Action='Sell' Limit price=0 Stop price=7518 Quantity=6 Type='Stop Market' Time in force=GTC Oco='5b1d367cfbe74e478d7770cb2ef19e83' Filled=0 Fill price=0 Error='No error' Native error='',
7/22/2026 8:18:49 PM,Order,Order='6d3772e2848b4749a4c50e92f646d7c5/Sim102' Name='Target2' New state='Submitted' Instrument='MES SEP26' Action='Sell' Limit price=7527 Stop price=0 Quantity=7 Type='Limit' Time in force=GTC Oco='7b739cddb8ca44b782b1db7d882f58cb' Filled=0 Fill price=0 Error='No error' Native error='',
7/22/2026 8:18:49 PM,Order,Order='da2cf2f83d0d49fca7b646af18667091/Sim102' Name='Stop2' New state='Submitted' Instrument='MES SEP26' Action='Sell' Limit price=0 Stop price=7518 Quantity=7 Type='Stop Market' Time in force=GTC Oco='7b739cddb8ca44b782b1db7d882f58cb' Filled=0 Fill price=0 Error='No error' Native error='',
7/22/2026 8:18:49 PM,Order,Order='276534509adb4e13b9a494f5a79a10bf/Sim102' Name='Target1' New state='Submitted' Instrument='MES SEP26' Action='Sell' Limit price=7526.5 Stop price=0 Quantity=6 Type='Limit' Time in force=GTC Oco='5b1d367cfbe74e478d7770cb2ef19e83' Filled=0 Fill price=0 Error='No error' Native error='',
7/22/2026 8:18:49 PM,Order,Order='74ee930c139a4f3495c010cadf410d33/Sim102' Name='Stop1' New state='Submitted' Instrument='MES SEP26' Action='Sell' Limit price=0 Stop price=7518 Quantity=6 Type='Stop Market' Time in force=GTC Oco='5b1d367cfbe74e478d7770cb2ef19e83' Filled=0 Fill price=0 Error='No error' Native error='',
7/22/2026 8:18:49 PM,Position,Instrument='MES SEP26' Account='Sim102' Average price=7524.2115384615381 Quantity=13 Market position=Long Operation=Update,
7/22/2026 8:18:49 PM,Execution,Execution='a0c186ddd0b94a88bda778ca76cbe63b' Instrument='MES SEP26' Account='Sim102' Exchange=Default Price=7524.25 Quantity=11 Market position=Long Operation=Operation_Add Order='15362e68a48d48e18e1fb3f51d44ca83' Time='7/22/2026 8:18 PM',
7/22/2026 8:18:49 PM,Order,Order='15362e68a48d48e18e1fb3f51d44ca83/Sim102' Name='Entry' New state='Filled' Instrument='MES SEP26' Action='Buy' Limit price=0 Stop price=0 Quantity=13 Type='Market' Time in force=GTC Oco='' Filled=13 Fill price=7524.2115384615381 Error='No error' Native error='',
7/22/2026 8:18:49 PM,Position,Instrument='MES SEP26' Account='Sim102' Average price=7524 Quantity=2 Market position=Long Operation=Operation_Add,
7/22/2026 8:18:49 PM,Execution,Execution='1b5c9c1bb3734cd6a991e8c1f7692ae2' Instrument='MES SEP26' Account='Sim102' Exchange=Default Price=7524 Quantity=2 Market position=Long Operation=Operation_Add Order='15362e68a48d48e18e1fb3f51d44ca83' Time='7/22/2026 8:18 PM',
7/22/2026 8:18:49 PM,Order,Order='15362e68a48d48e18e1fb3f51d44ca83/Sim102' Name='Entry' New state='Partially filled' Instrument='MES SEP26' Action='Buy' Limit price=0 Stop price=0 Quantity=13 Type='Market' Time in force=GTC Oco='' Filled=2 Fill price=7524 Error='No error' Native error='',
7/22/2026 8:18:49 PM,Order,Order='15362e68a48d48e18e1fb3f51d44ca83/Sim102' Name='Entry' New state='Working' Instrument='MES SEP26' Action='Buy' Limit price=0 Stop price=0 Quantity=13 Type='Market' Time in force=GTC Oco='' Filled=0 Fill price=0 Error='No error' Native error='',
7/22/2026 8:18:49 PM,Order,Order='15362e68a48d48e18e1fb3f51d44ca83/Sim102' Name='Entry' New state='Accepted' Instrument='MES SEP26' Action='Buy' Limit price=0 Stop price=0 Quantity=13 Type='Market' Time in force=GTC Oco='' Filled=0 Fill price=0 Error='No error' Native error='',
7/22/2026 8:18:49 PM,Order,Order='15362e68a48d48e18e1fb3f51d44ca83/Sim102' Name='Entry' New state='Submitted' Instrument='MES SEP26' Action='Buy' Limit price=0 Stop price=0 Quantity=13 Type='Market' Time in force=GTC Oco='' Filled=0 Fill price=0 Error='No error' Native error='',
7/22/2026 8:18:49 PM,Order,Chart Trader submitting order with strategy 'MES MIN SL6 - 1' (Ticks),
7/22/2026 8:18:23 PM,Position,Instrument='MES SEP26' Account='Sim102' Average price=0 Quantity=0 Market position=Flat Operation=Remove,
7/22/2026 8:18:22 PM,Execution,Execution='edb4fb1c72434899b11f1b41b2d550e8' Instrument='MES SEP26' Account='Sim102' Exchange=Default Price=7524 Quantity=13 Market position=Short Operation=Operation_Add Order='6c8a7bca6f5b41f0a710aff66f96889b' Time='7/22/2026 8:18 PM',
7/22/2026 8:18:22 PM,Order,Order='6c8a7bca6f5b41f0a710aff66f96889b/Sim102' Name='Close' New state='Filled' Instrument='MES SEP26' Action='Sell' Limit price=0 Stop price=0 Quantity=13 Type='Market' Time in force=DAY Oco='' Filled=13 Fill price=7524 Error='No error' Native error='',
7/22/2026 8:18:22 PM,Order,Order='6c8a7bca6f5b41f0a710aff66f96889b/Sim102' Name='Close' New state='Working' Instrument='MES SEP26' Action='Sell' Limit price=0 Stop price=0 Quantity=13 Type='Market' Time in force=DAY Oco='' Filled=0 Fill price=0 Error='No error' Native error='',
7/22/2026 8:18:22 PM,Order,Order='6c8a7bca6f5b41f0a710aff66f96889b/Sim102' Name='Close' New state='Accepted' Instrument='MES SEP26' Action='Sell' Limit price=0 Stop price=0 Quantity=13 Type='Market' Time in force=DAY Oco='' Filled=0 Fill price=0 Error='No error' Native error='',
7/22/2026 8:18:22 PM,Order,Order='6c8a7bca6f5b41f0a710aff66f96889b/Sim102' Name='Close' New state='Submitted' Instrument='MES SEP26' Action='Sell' Limit price=0 Stop price=0 Quantity=13 Type='Market' Time in force=DAY Oco='' Filled=0 Fill price=0 Error='No error' Native error='',
7/22/2026 8:18:22 PM,Order,Order='c7bd4d04a6f044ffabc9058ade612c83/Sim102' Name='Target2' New state='Cancelled' Instrument='MES SEP26' Action='Sell' Limit price=7526.75 Stop price=0 Quantity=7 Type='Limit' Time in force=GTC Oco='b13f23d780764ae58c4f06a15329ad9f' Filled=0 Fill price=0 Error='No error' Native error='',
7/22/2026 8:18:22 PM,Order,Order='f96f5ff0914343cd998e5360cfe3a905/Sim102' Name='Stop2' New state='Cancelled' Instrument='MES SEP26' Action='Sell' Limit price=0 Stop price=7517.75 Quantity=7 Type='Stop Market' Time in force=GTC Oco='b13f23d780764ae58c4f06a15329ad9f' Filled=0 Fill price=0 Error='No error' Native error='',
7/22/2026 8:18:22 PM,Order,Order='dbb919e03371447ebe47d990cc529aad/Sim102' Name='Stop1' New state='Cancelled' Instrument='MES SEP26' Action='Sell' Limit price=0 Stop price=7517.75 Quantity=6 Type='Stop Market' Time in force=GTC Oco='0b522ff25d7240428113b16b48d128d4' Filled=0 Fill price=0 Error='No error' Native error='',
7/22/2026 8:18:22 PM,Order,Order='f2d0509a19c648c3b0fd8aa0f2c3a493/Sim102' Name='Target1' New state='Cancelled' Instrument='MES SEP26' Action='Sell' Limit price=7526.25 Stop price=0 Quantity=6 Type='Limit' Time in force=GTC Oco='0b522ff25d7240428113b16b48d128d4' Filled=0 Fill price=0 Error='No error' Native error='',
7/22/2026 8:18:22 PM,Order,Order='f96f5ff0914343cd998e5360cfe3a905/Sim102' Name='Stop2' New state='Cancel submitted' Instrument='MES SEP26' Action='Sell' Limit price=0 Stop price=7517.75 Quantity=7 Type='Stop Market' Time in force=GTC Oco='b13f23d780764ae58c4f06a15329ad9f' Filled=0 Fill price=0 Error='No error' Native error='',
7/22/2026 8:18:22 PM,Order,Order='dbb919e03371447ebe47d990cc529aad/Sim102' Name='Stop1' New state='Cancel submitted' Instrument='MES SEP26' Action='Sell' Limit price=0 Stop price=7517.75 Quantity=6 Type='Stop Market' Time in force=GTC Oco='0b522ff25d7240428113b16b48d128d4' Filled=0 Fill price=0 Error='No error' Native error='',
7/22/2026 8:18:22 PM,Order,Order='c7bd4d04a6f044ffabc9058ade612c83/Sim102' Name='Target2' New state='Cancel submitted' Instrument='MES SEP26' Action='Sell' Limit price=7526.75 Stop price=0 Quantity=7 Type='Limit' Time in force=GTC Oco='b13f23d780764ae58c4f06a15329ad9f' Filled=0 Fill price=0 Error='No error' Native error='',
7/22/2026 8:18:22 PM,Order,Order='f2d0509a19c648c3b0fd8aa0f2c3a493/Sim102' Name='Target1' New state='Cancel submitted' Instrument='MES SEP26' Action='Sell' Limit price=7526.25 Stop price=0 Quantity=6 Type='Limit' Time in force=GTC Oco='0b522ff25d7240428113b16b48d128d4' Filled=0 Fill price=0 Error='No error' Native error='',
7/22/2026 8:18:22 PM,Default,Chart Trader close position,
7/22/2026 8:18:10 PM,Order,Order='c7bd4d04a6f044ffabc9058ade612c83/Sim102' Name='Target2' New state='Working' Instrument='MES SEP26' Action='Sell' Limit price=7526.75 Stop price=0 Quantity=7 Type='Limit' Time in force=GTC Oco='b13f23d780764ae58c4f06a15329ad9f' Filled=0 Fill price=0 Error='No error' Native error='',
7/22/2026 8:18:10 PM,Order,Order='c7bd4d04a6f044ffabc9058ade612c83/Sim102' Name='Target2' New state='Accepted' Instrument='MES SEP26' Action='Sell' Limit price=7526.75 Stop price=0 Quantity=7 Type='Limit' Time in force=GTC Oco='b13f23d780764ae58c4f06a15329ad9f' Filled=0 Fill price=0 Error='No error' Native error='',
7/22/2026 8:18:10 PM,Order,Order='f96f5ff0914343cd998e5360cfe3a905/Sim102' Name='Stop2' New state='Accepted' Instrument='MES SEP26' Action='Sell' Limit price=0 Stop price=7517.75 Quantity=7 Type='Stop Market' Time in force=GTC Oco='b13f23d780764ae58c4f06a15329ad9f' Filled=0 Fill price=0 Error='No error' Native error='',
7/22/2026 8:18:10 PM,Order,Order='f2d0509a19c648c3b0fd8aa0f2c3a493/Sim102' Name='Target1' New state='Working' Instrument='MES SEP26' Action='Sell' Limit price=7526.25 Stop price=0 Quantity=6 Type='Limit' Time in force=GTC Oco='0b522ff25d7240428113b16b48d128d4' Filled=0 Fill price=0 Error='No error' Native error='',
7/22/2026 8:18:10 PM,Order,Order='f2d0509a19c648c3b0fd8aa0f2c3a493/Sim102' Name='Target1' New state='Accepted' Instrument='MES SEP26' Action='Sell' Limit price=7526.25 Stop price=0 Quantity=6 Type='Limit' Time in force=GTC Oco='0b522ff25d7240428113b16b48d128d4' Filled=0 Fill price=0 Error='No error' Native error='',
7/22/2026 8:18:10 PM,Order,Order='dbb919e03371447ebe47d990cc529aad/Sim102' Name='Stop1' New state='Accepted' Instrument='MES SEP26' Action='Sell' Limit price=0 Stop price=7517.75 Quantity=6 Type='Stop Market' Time in force=GTC Oco='0b522ff25d7240428113b16b48d128d4' Filled=0 Fill price=0 Error='No error' Native error='',
7/22/2026 8:18:10 PM,Order,Order='c7bd4d04a6f044ffabc9058ade612c83/Sim102' Name='Target2' New state='Submitted' Instrument='MES SEP26' Action='Sell' Limit price=7526.75 Stop price=0 Quantity=7 Type='Limit' Time in force=GTC Oco='b13f23d780764ae58c4f06a15329ad9f' Filled=0 Fill price=0 Error='No error' Native error='',
7/22/2026 8:18:10 PM,Order,Order='f96f5ff0914343cd998e5360cfe3a905/Sim102' Name='Stop2' New state='Submitted' Instrument='MES SEP26' Action='Sell' Limit price=0 Stop price=7517.75 Quantity=7 Type='Stop Market' Time in force=GTC Oco='b13f23d780764ae58c4f06a15329ad9f' Filled=0 Fill price=0 Error='No error' Native error='',
7/22/2026 8:18:10 PM,Order,Order='f2d0509a19c648c3b0fd8aa0f2c3a493/Sim102' Name='Target1' New state='Submitted' Instrument='MES SEP26' Action='Sell' Limit price=7526.25 Stop price=0 Quantity=6 Type='Limit' Time in force=GTC Oco='0b522ff25d7240428113b16b48d128d4' Filled=0 Fill price=0 Error='No error' Native error='',
7/22/2026 8:18:10 PM,Order,Order='dbb919e03371447ebe47d990cc529aad/Sim102' Name='Stop1' New state='Submitted' Instrument='MES SEP26' Action='Sell' Limit price=0 Stop price=7517.75 Quantity=6 Type='Stop Market' Time in force=GTC Oco='0b522ff25d7240428113b16b48d128d4' Filled=0 Fill price=0 Error='No error' Native error='',
7/22/2026 8:18:10 PM,Position,Instrument='MES SEP26' Account='Sim102' Average price=7523.75 Quantity=13 Market position=Long Operation=Operation_Add,
7/22/2026 8:18:10 PM,Execution,Execution='7bc68a7b25a94d71b69db655edc89a08' Instrument='MES SEP26' Account='Sim102' Exchange=Default Price=7523.75 Quantity=13 Market position=Long Operation=Operation_Add Order='03f79c81f2b442f080dc1326dab74acd' Time='7/22/2026 8:18 PM',
7/22/2026 8:18:10 PM,Order,Order='03f79c81f2b442f080dc1326dab74acd/Sim102' Name='Entry' New state='Filled' Instrument='MES SEP26' Action='Buy' Limit price=0 Stop price=0 Quantity=13 Type='Market' Time in force=GTC Oco='' Filled=13 Fill price=7523.75 Error='No error' Native error='',
7/22/2026 8:18:10 PM,Order,Order='03f79c81f2b442f080dc1326dab74acd/Sim102' Name='Entry' New state='Working' Instrument='MES SEP26' Action='Buy' Limit price=0 Stop price=0 Quantity=13 Type='Market' Time in force=GTC Oco='' Filled=0 Fill price=0 Error='No error' Native error='',
7/22/2026 8:18:10 PM,Order,Order='03f79c81f2b442f080dc1326dab74acd/Sim102' Name='Entry' New state='Accepted' Instrument='MES SEP26' Action='Buy' Limit price=0 Stop price=0 Quantity=13 Type='Market' Time in force=GTC Oco='' Filled=0 Fill price=0 Error='No error' Native error='',
7/22/2026 8:18:10 PM,Order,Order='03f79c81f2b442f080dc1326dab74acd/Sim102' Name='Entry' New state='Submitted' Instrument='MES SEP26' Action='Buy' Limit price=0 Stop price=0 Quantity=13 Type='Market' Time in force=GTC Oco='' Filled=0 Fill price=0 Error='No error' Native error='',
7/22/2026 8:18:10 PM,Order,Chart Trader submitting order with strategy 'MES MIN SL6 - 1' (Ticks),
7/22/2026 8:16:29 PM,Position,Instrument='MES SEP26' Account='Sim102' Average price=0 Quantity=0 Market position=Flat Operation=Remove,
7/22/2026 8:16:29 PM,Execution,Execution='940ec79e6ee840b786eaeb4500ff0c52' Instrument='MES SEP26' Account='Sim102' Exchange=Default Price=7523.5 Quantity=13 Market position=Short Operation=Operation_Add Order='c5313a5f75744307939d4a81c1b9f63b' Time='7/22/2026 8:16 PM',
7/22/2026 8:16:29 PM,Order,Order='c5313a5f75744307939d4a81c1b9f63b/Sim102' Name='Close' New state='Filled' Instrument='MES SEP26' Action='Sell' Limit price=0 Stop price=0 Quantity=13 Type='Market' Time in force=DAY Oco='' Filled=13 Fill price=7523.5 Error='No error' Native error='',
7/22/2026 8:16:29 PM,Order,Order='c5313a5f75744307939d4a81c1b9f63b/Sim102' Name='Close' New state='Working' Instrument='MES SEP26' Action='Sell' Limit price=0 Stop price=0 Quantity=13 Type='Market' Time in force=DAY Oco='' Filled=0 Fill price=0 Error='No error' Native error='',
7/22/2026 8:16:29 PM,Order,Order='c5313a5f75744307939d4a81c1b9f63b/Sim102' Name='Close' New state='Accepted' Instrument='MES SEP26' Action='Sell' Limit price=0 Stop price=0 Quantity=13 Type='Market' Time in force=DAY Oco='' Filled=0 Fill price=0 Error='No error' Native error='',
7/22/2026 8:16:29 PM,Order,Order='c5313a5f75744307939d4a81c1b9f63b/Sim102' Name='Close' New state='Submitted' Instrument='MES SEP26' Action='Sell' Limit price=0 Stop price=0 Quantity=13 Type='Market' Time in force=DAY Oco='' Filled=0 Fill price=0 Error='No error' Native error='',
7/22/2026 8:16:29 PM,Order,Order='cf1147baec3a48848a6f3a30e0f645f0/Sim102' Name='Stop2' New state='Cancelled' Instrument='MES SEP26' Action='Sell' Limit price=0 Stop price=7517.5 Quantity=7 Type='Stop Market' Time in force=GTC Oco='de9870d291ab4574be2cb7ee65560e6e' Filled=0 Fill price=0 Error='No error' Native error='',
7/22/2026 8:16:29 PM,Order,Order='425a2de68f7f4f7c9ffb7088943d15ac/Sim102' Name='Target2' New state='Cancelled' Instrument='MES SEP26' Action='Sell' Limit price=7526.5 Stop price=0 Quantity=7 Type='Limit' Time in force=GTC Oco='de9870d291ab4574be2cb7ee65560e6e' Filled=0 Fill price=0 Error='No error' Native error='',
7/22/2026 8:16:29 PM,Order,Order='8a4f3f516b4b4a5cb9f6d4933c88291b/Sim102' Name='Stop1' New state='Cancelled' Instrument='MES SEP26' Action='Sell' Limit price=0 Stop price=7517.5 Quantity=6 Type='Stop Market' Time in force=GTC Oco='a3527c908e774a05b447912d65aeb54d' Filled=0 Fill price=0 Error='No error' Native error='',
7/22/2026 8:16:29 PM,Order,Order='01cd4fe086ed461b8bb66358c4827555/Sim102' Name='Target1' New state='Cancelled' Instrument='MES SEP26' Action='Sell' Limit price=7526 Stop price=0 Quantity=6 Type='Limit' Time in force=GTC Oco='a3527c908e774a05b447912d65aeb54d' Filled=0 Fill price=0 Error='No error' Native error='',
7/22/2026 8:16:29 PM,Order,Order='cf1147baec3a48848a6f3a30e0f645f0/Sim102' Name='Stop2' New state='Cancel submitted' Instrument='MES SEP26' Action='Sell' Limit price=0 Stop price=7517.5 Quantity=7 Type='Stop Market' Time in force=GTC Oco='de9870d291ab4574be2cb7ee65560e6e' Filled=0 Fill price=0 Error='No error' Native error='',
7/22/2026 8:16:29 PM,Order,Order='8a4f3f516b4b4a5cb9f6d4933c88291b/Sim102' Name='Stop1' New state='Cancel submitted' Instrument='MES SEP26' Action='Sell' Limit price=0 Stop price=7517.5 Quantity=6 Type='Stop Market' Time in force=GTC Oco='a3527c908e774a05b447912d65aeb54d' Filled=0 Fill price=0 Error='No error' Native error='',
7/22/2026 8:16:29 PM,Order,Order='425a2de68f7f4f7c9ffb7088943d15ac/Sim102' Name='Target2' New state='Cancel submitted' Instrument='MES SEP26' Action='Sell' Limit price=7526.5 Stop price=0 Quantity=7 Type='Limit' Time in force=GTC Oco='de9870d291ab4574be2cb7ee65560e6e' Filled=0 Fill price=0 Error='No error' Native error='',
7/22/2026 8:16:29 PM,Order,Order='01cd4fe086ed461b8bb66358c4827555/Sim102' Name='Target1' New state='Cancel submitted' Instrument='MES SEP26' Action='Sell' Limit price=7526 Stop price=0 Quantity=6 Type='Limit' Time in force=GTC Oco='a3527c908e774a05b447912d65aeb54d' Filled=0 Fill price=0 Error='No error' Native error='',
7/22/2026 8:16:29 PM,Default,Chart Trader close position,
7/22/2026 8:16:17 PM,Order,Order='425a2de68f7f4f7c9ffb7088943d15ac/Sim102' Name='Target2' New state='Working' Instrument='MES SEP26' Action='Sell' Limit price=7526.5 Stop price=0 Quantity=7 Type='Limit' Time in force=GTC Oco='de9870d291ab4574be2cb7ee65560e6e' Filled=0 Fill price=0 Error='No error' Native error='',
7/22/2026 8:16:17 PM,Order,Order='425a2de68f7f4f7c9ffb7088943d15ac/Sim102' Name='Target2' New state='Accepted' Instrument='MES SEP26' Action='Sell' Limit price=7526.5 Stop price=0 Quantity=7 Type='Limit' Time in force=GTC Oco='de9870d291ab4574be2cb7ee65560e6e' Filled=0 Fill price=0 Error='No error' Native error='',
7/22/2026 8:16:17 PM,Order,Order='cf1147baec3a48848a6f3a30e0f645f0/Sim102' Name='Stop2' New state='Accepted' Instrument='MES SEP26' Action='Sell' Limit price=0 Stop price=7517.5 Quantity=7 Type='Stop Market' Time in force=GTC Oco='de9870d291ab4574be2cb7ee65560e6e' Filled=0 Fill price=0 Error='No error' Native error='',
7/22/2026 8:16:17 PM,Order,Order='01cd4fe086ed461b8bb66358c4827555/Sim102' Name='Target1' New state='Working' Instrument='MES SEP26' Action='Sell' Limit price=7526 Stop price=0 Quantity=6 Type='Limit' Time in force=GTC Oco='a3527c908e774a05b447912d65aeb54d' Filled=0 Fill price=0 Error='No error' Native error='',
7/22/2026 8:16:17 PM,Order,Order='01cd4fe086ed461b8bb66358c4827555/Sim102' Name='Target1' New state='Accepted' Instrument='MES SEP26' Action='Sell' Limit price=7526 Stop price=0 Quantity=6 Type='Limit' Time in force=GTC Oco='a3527c908e774a05b447912d65aeb54d' Filled=0 Fill price=0 Error='No error' Native error='',
7/22/2026 8:16:17 PM,Order,Order='8a4f3f516b4b4a5cb9f6d4933c88291b/Sim102' Name='Stop1' New state='Accepted' Instrument='MES SEP26' Action='Sell' Limit price=0 Stop price=7517.5 Quantity=6 Type='Stop Market' Time in force=GTC Oco='a3527c908e774a05b447912d65aeb54d' Filled=0 Fill price=0 Error='No error' Native error='',
7/22/2026 8:16:17 PM,Order,Order='425a2de68f7f4f7c9ffb7088943d15ac/Sim102' Name='Target2' New state='Submitted' Instrument='MES SEP26' Action='Sell' Limit price=7526.5 Stop price=0 Quantity=7 Type='Limit' Time in force=GTC Oco='de9870d291ab4574be2cb7ee65560e6e' Filled=0 Fill price=0 Error='No error' Native error='',
7/22/2026 8:16:17 PM,Order,Order='cf1147baec3a48848a6f3a30e0f645f0/Sim102' Name='Stop2' New state='Submitted' Instrument='MES SEP26' Action='Sell' Limit price=0 Stop price=7517.5 Quantity=7 Type='Stop Market' Time in force=GTC Oco='de9870d291ab4574be2cb7ee65560e6e' Filled=0 Fill price=0 Error='No error' Native error='',
7/22/2026 8:16:17 PM,Order,Order='01cd4fe086ed461b8bb66358c4827555/Sim102' Name='Target1' New state='Submitted' Instrument='MES SEP26' Action='Sell' Limit price=7526 Stop price=0 Quantity=6 Type='Limit' Time in force=GTC Oco='a3527c908e774a05b447912d65aeb54d' Filled=0 Fill price=0 Error='No error' Native error='',
7/22/2026 8:16:17 PM,Order,Order='8a4f3f516b4b4a5cb9f6d4933c88291b/Sim102' Name='Stop1' New state='Submitted' Instrument='MES SEP26' Action='Sell' Limit price=0 Stop price=7517.5 Quantity=6 Type='Stop Market' Time in force=GTC Oco='a3527c908e774a05b447912d65aeb54d' Filled=0 Fill price=0 Error='No error' Native error='',
7/22/2026 8:16:17 PM,Position,Instrument='MES SEP26' Account='Sim102' Average price=7523.5 Quantity=13 Market position=Long Operation=Operation_Add,
7/22/2026 8:16:17 PM,Execution,Execution='a60273c2acf14c549b3031302d4bdfab' Instrument='MES SEP26' Account='Sim102' Exchange=Default Price=7523.5 Quantity=13 Market position=Long Operation=Operation_Add Order='a3af0e04757d4fa0959d713d4c523fdf' Time='7/22/2026 8:16 PM',
7/22/2026 8:16:17 PM,Order,Order='a3af0e04757d4fa0959d713d4c523fdf/Sim102' Name='Entry' New state='Filled' Instrument='MES SEP26' Action='Buy' Limit price=0 Stop price=0 Quantity=13 Type='Market' Time in force=GTC Oco='' Filled=13 Fill price=7523.5 Error='No error' Native error='',
7/22/2026 8:16:17 PM,Order,Order='a3af0e04757d4fa0959d713d4c523fdf/Sim102' Name='Entry' New state='Working' Instrument='MES SEP26' Action='Buy' Limit price=0 Stop price=0 Quantity=13 Type='Market' Time in force=GTC Oco='' Filled=0 Fill price=0 Error='No error' Native error='',
7/22/2026 8:16:17 PM,Order,Order='a3af0e04757d4fa0959d713d4c523fdf/Sim102' Name='Entry' New state='Accepted' Instrument='MES SEP26' Action='Buy' Limit price=0 Stop price=0 Quantity=13 Type='Market' Time in force=GTC Oco='' Filled=0 Fill price=0 Error='No error' Native error='',
7/22/2026 8:16:17 PM,Order,Order='a3af0e04757d4fa0959d713d4c523fdf/Sim102' Name='Entry' New state='Submitted' Instrument='MES SEP26' Action='Buy' Limit price=0 Stop price=0 Quantity=13 Type='Market' Time in force=GTC Oco='' Filled=0 Fill price=0 Error='No error' Native error='',
7/22/2026 8:16:17 PM,Order,Chart Trader submitting order with strategy 'MES MIN SL6 - 1' (Ticks),
7/22/2026 8:16:15 PM,Position,Instrument='MES SEP26' Account='Sim102' Average price=0 Quantity=0 Market position=Flat Operation=Remove,
7/22/2026 8:16:15 PM,Execution,Execution='554d1daf768145e7bc699400f79186a1' Instrument='MES SEP26' Account='Sim102' Exchange=Default Price=7523.75 Quantity=6 Market position=Long Operation=Operation_Add Order='ad29c40a57f84d8bb9319999e5a445a9' Time='7/22/2026 8:16 PM',
7/22/2026 8:16:15 PM,Order,Order='ad29c40a57f84d8bb9319999e5a445a9/Sim102' Name='Close' New state='Filled' Instrument='MES SEP26' Action='Buy to cover' Limit price=0 Stop price=0 Quantity=13 Type='Market' Time in force=DAY Oco='' Filled=13 Fill price=7523.6153846153848 Error='No error' Native error='',
7/22/2026 8:16:15 PM,Position,Instrument='MES SEP26' Account='Sim102' Average price=7522.5 Quantity=6 Market position=Short Operation=Update,
7/22/2026 8:16:15 PM,Execution,Execution='2f7ac290898d447b97397ab13be4d27d' Instrument='MES SEP26' Account='Sim102' Exchange=Default Price=7523.5 Quantity=7 Market position=Long Operation=Operation_Add Order='ad29c40a57f84d8bb9319999e5a445a9' Time='7/22/2026 8:16 PM',
7/22/2026 8:16:15 PM,Order,Order='ad29c40a57f84d8bb9319999e5a445a9/Sim102' Name='Close' New state='Partially filled' Instrument='MES SEP26' Action='Buy to cover' Limit price=0 Stop price=0 Quantity=13 Type='Market' Time in force=DAY Oco='' Filled=7 Fill price=7523.5 Error='No error' Native error='',
7/22/2026 8:16:15 PM,Order,Order='ad29c40a57f84d8bb9319999e5a445a9/Sim102' Name='Close' New state='Working' Instrument='MES SEP26' Action='Buy to cover' Limit price=0 Stop price=0 Quantity=13 Type='Market' Time in force=DAY Oco='' Filled=0 Fill price=0 Error='No error' Native error='',
7/22/2026 8:16:15 PM,Order,Order='ad29c40a57f84d8bb9319999e5a445a9/Sim102' Name='Close' New state='Accepted' Instrument='MES SEP26' Action='Buy to cover' Limit price=0 Stop price=0 Quantity=13 Type='Market' Time in force=DAY Oco='' Filled=0 Fill price=0 Error='No error' Native error='',
7/22/2026 8:16:15 PM,Order,Order='ad29c40a57f84d8bb9319999e5a445a9/Sim102' Name='Close' New state='Submitted' Instrument='MES SEP26' Action='Buy to cover' Limit price=0 Stop price=0 Quantity=13 Type='Market' Time in force=DAY Oco='' Filled=0 Fill price=0 Error='No error' Native error='',
7/22/2026 8:16:15 PM,Order,Order='79628afc734e4b618d6cb9627ceea296/Sim102' Name='Stop2' New state='Cancelled' Instrument='MES SEP26' Action='Buy to cover' Limit price=0 Stop price=7528.75 Quantity=7 Type='Stop Market' Time in force=GTC Oco='d9733df25a2a4c879265158bf2d31d47' Filled=0 Fill price=0 Error='No error' Native error='',
7/22/2026 8:16:15 PM,Order,Order='542420cf732c4bbd800b4f4b2ebb07b5/Sim102' Name='Target2' New state='Cancelled' Instrument='MES SEP26' Action='Buy to cover' Limit price=7519.75 Stop price=0 Quantity=7 Type='Limit' Time in force=GTC Oco='d9733df25a2a4c879265158bf2d31d47' Filled=0 Fill price=0 Error='No error' Native error='',
7/22/2026 8:16:15 PM,Order,Order='0a884806fce44da2931f24967c56efd8/Sim102' Name='Target1' New state='Cancelled' Instrument='MES SEP26' Action='Buy to cover' Limit price=7520.25 Stop price=0 Quantity=6 Type='Limit' Time in force=GTC Oco='e2274e5be9744b2680e88e1dc760280e' Filled=0 Fill price=0 Error='No error' Native error='',
7/22/2026 8:16:15 PM,Order,Order='7a00179614c64ce48375ce11d3e5ee30/Sim102' Name='Stop1' New state='Cancelled' Instrument='MES SEP26' Action='Buy to cover' Limit price=0 Stop price=7528.75 Quantity=6 Type='Stop Market' Time in force=GTC Oco='e2274e5be9744b2680e88e1dc760280e' Filled=0 Fill price=0 Error='No error' Native error='',
7/22/2026 8:16:15 PM,Order,Order='79628afc734e4b618d6cb9627ceea296/Sim102' Name='Stop2' New state='Cancel submitted' Instrument='MES SEP26' Action='Buy to cover' Limit price=0 Stop price=7528.75 Quantity=7 Type='Stop Market' Time in force=GTC Oco='d9733df25a2a4c879265158bf2d31d47' Filled=0 Fill price=0 Error='No error' Native error='',
7/22/2026 8:16:15 PM,Order,Order='7a00179614c64ce48375ce11d3e5ee30/Sim102' Name='Stop1' New state='Cancel submitted' Instrument='MES SEP26' Action='Buy to cover' Limit price=0 Stop price=7528.75 Quantity=6 Type='Stop Market' Time in force=GTC Oco='e2274e5be9744b2680e88e1dc760280e' Filled=0 Fill price=0 Error='No error' Native error='',
7/22/2026 8:16:15 PM,Order,Order='542420cf732c4bbd800b4f4b2ebb07b5/Sim102' Name='Target2' New state='Cancel submitted' Instrument='MES SEP26' Action='Buy to cover' Limit price=7519.75 Stop price=0 Quantity=7 Type='Limit' Time in force=GTC Oco='d9733df25a2a4c879265158bf2d31d47' Filled=0 Fill price=0 Error='No error' Native error='',
7/22/2026 8:16:15 PM,Order,Order='0a884806fce44da2931f24967c56efd8/Sim102' Name='Target1' New state='Cancel submitted' Instrument='MES SEP26' Action='Buy to cover' Limit price=7520.25 Stop price=0 Quantity=6 Type='Limit' Time in force=GTC Oco='e2274e5be9744b2680e88e1dc760280e' Filled=0 Fill price=0 Error='No error' Native error='',
7/22/2026 8:16:15 PM,Default,Chart Trader close position,
7/22/2026 8:16:01 PM,Order,Order='542420cf732c4bbd800b4f4b2ebb07b5/Sim102' Name='Target2' New state='Working' Instrument='MES SEP26' Action='Buy to cover' Limit price=7519.75 Stop price=0 Quantity=7 Type='Limit' Time in force=GTC Oco='d9733df25a2a4c879265158bf2d31d47' Filled=0 Fill price=0 Error='No error' Native error='',
7/22/2026 8:16:01 PM,Order,Order='542420cf732c4bbd800b4f4b2ebb07b5/Sim102' Name='Target2' New state='Accepted' Instrument='MES SEP26' Action='Buy to cover' Limit price=7519.75 Stop price=0 Quantity=7 Type='Limit' Time in force=GTC Oco='d9733df25a2a4c879265158bf2d31d47' Filled=0 Fill price=0 Error='No error' Native error='',
7/22/2026 8:16:01 PM,Order,Order='79628afc734e4b618d6cb9627ceea296/Sim102' Name='Stop2' New state='Accepted' Instrument='MES SEP26' Action='Buy to cover' Limit price=0 Stop price=7528.75 Quantity=7 Type='Stop Market' Time in force=GTC Oco='d9733df25a2a4c879265158bf2d31d47' Filled=0 Fill price=0 Error='No error' Native error='',
7/22/2026 8:16:01 PM,Order,Order='0a884806fce44da2931f24967c56efd8/Sim102' Name='Target1' New state='Working' Instrument='MES SEP26' Action='Buy to cover' Limit price=7520.25 Stop price=0 Quantity=6 Type='Limit' Time in force=GTC Oco='e2274e5be9744b2680e88e1dc760280e' Filled=0 Fill price=0 Error='No error' Native error='',
7/22/2026 8:16:01 PM,Order,Order='0a884806fce44da2931f24967c56efd8/Sim102' Name='Target1' New state='Accepted' Instrument='MES SEP26' Action='Buy to cover' Limit price=7520.25 Stop price=0 Quantity=6 Type='Limit' Time in force=GTC Oco='e2274e5be9744b2680e88e1dc760280e' Filled=0 Fill price=0 Error='No error' Native error='',
7/22/2026 8:16:01 PM,Order,Order='7a00179614c64ce48375ce11d3e5ee30/Sim102' Name='Stop1' New state='Accepted' Instrument='MES SEP26' Action='Buy to cover' Limit price=0 Stop price=7528.75 Quantity=6 Type='Stop Market' Time in force=GTC Oco='e2274e5be9744b2680e88e1dc760280e' Filled=0 Fill price=0 Error='No error' Native error='',
7/22/2026 8:16:01 PM,Order,Order='542420cf732c4bbd800b4f4b2ebb07b5/Sim102' Name='Target2' New state='Submitted' Instrument='MES SEP26' Action='Buy to cover' Limit price=7519.75 Stop price=0 Quantity=7 Type='Limit' Time in force=GTC Oco='d9733df25a2a4c879265158bf2d31d47' Filled=0 Fill price=0 Error='No error' Native error='',
7/22/2026 8:16:01 PM,Order,Order='79628afc734e4b618d6cb9627ceea296/Sim102' Name='Stop2' New state='Submitted' Instrument='MES SEP26' Action='Buy to cover' Limit price=0 Stop price=7528.75 Quantity=7 Type='Stop Market' Time in force=GTC Oco='d9733df25a2a4c879265158bf2d31d47' Filled=0 Fill price=0 Error='No error' Native error='',
7/22/2026 8:16:01 PM,Order,Order='0a884806fce44da2931f24967c56efd8/Sim102' Name='Target1' New state='Submitted' Instrument='MES SEP26' Action='Buy to cover' Limit price=7520.25 Stop price=0 Quantity=6 Type='Limit' Time in force=GTC Oco='e2274e5be9744b2680e88e1dc760280e' Filled=0 Fill price=0 Error='No error' Native error='',
7/22/2026 8:16:01 PM,Position,Instrument='MES SEP26' Account='Sim102' Average price=7522.6153846153848 Quantity=13 Market position=Short Operation=Update,
7/22/2026 8:16:01 PM,Order,Order='7a00179614c64ce48375ce11d3e5ee30/Sim102' Name='Stop1' New state='Submitted' Instrument='MES SEP26' Action='Buy to cover' Limit price=0 Stop price=7528.75 Quantity=6 Type='Stop Market' Time in force=GTC Oco='e2274e5be9744b2680e88e1dc760280e' Filled=0 Fill price=0 Error='No error' Native error='',
7/22/2026 8:16:01 PM,Execution,Execution='097f8627433f4836a3614ab52ab1a9a6' Instrument='MES SEP26' Account='Sim102' Exchange=Default Price=7522.5 Quantity=7 Market position=Short Operation=Operation_Add Order='f2ee6f021e4d4b138d60fe8dce9e26d0' Time='7/22/2026 8:16 PM',
7/22/2026 8:16:01 PM,Order,Order='f2ee6f021e4d4b138d60fe8dce9e26d0/Sim102' Name='Entry' New state='Filled' Instrument='MES SEP26' Action='Sell' Limit price=0 Stop price=0 Quantity=13 Type='Market' Time in force=GTC Oco='' Filled=13 Fill price=7522.6153846153848 Error='No error' Native error='',
7/22/2026 8:16:01 PM,Position,Instrument='MES SEP26' Account='Sim102' Average price=7522.75 Quantity=6 Market position=Short Operation=Operation_Add,
7/22/2026 8:16:01 PM,Execution,Execution='2085ccde9f5c479fa77c93e8580c034f' Instrument='MES SEP26' Account='Sim102' Exchange=Default Price=7522.75 Quantity=6 Market position=Short Operation=Operation_Add Order='f2ee6f021e4d4b138d60fe8dce9e26d0' Time='7/22/2026 8:16 PM',
7/22/2026 8:16:01 PM,Order,Order='f2ee6f021e4d4b138d60fe8dce9e26d0/Sim102' Name='Entry' New state='Partially filled' Instrument='MES SEP26' Action='Sell' Limit price=0 Stop price=0 Quantity=13 Type='Market' Time in force=GTC Oco='' Filled=6 Fill price=7522.75 Error='No error' Native error='',
7/22/2026 8:16:01 PM,Order,Order='f2ee6f021e4d4b138d60fe8dce9e26d0/Sim102' Name='Entry' New state='Working' Instrument='MES SEP26' Action='Sell' Limit price=0 Stop price=0 Quantity=13 Type='Market' Time in force=GTC Oco='' Filled=0 Fill price=0 Error='No error' Native error='',
7/22/2026 8:16:01 PM,Order,Order='f2ee6f021e4d4b138d60fe8dce9e26d0/Sim102' Name='Entry' New state='Accepted' Instrument='MES SEP26' Action='Sell' Limit price=0 Stop price=0 Quantity=13 Type='Market' Time in force=GTC Oco='' Filled=0 Fill price=0 Error='No error' Native error='',
7/22/2026 8:16:01 PM,Order,Order='f2ee6f021e4d4b138d60fe8dce9e26d0/Sim102' Name='Entry' New state='Submitted' Instrument='MES SEP26' Action='Sell' Limit price=0 Stop price=0 Quantity=13 Type='Market' Time in force=GTC Oco='' Filled=0 Fill price=0 Error='No error' Native error='',
7/22/2026 8:16:01 PM,Order,Chart Trader submitting order with strategy 'MES MIN SL6 - 1' (Ticks),
7/22/2026 8:15:59 PM,Position,Instrument='MES SEP26' Account='Sim102' Average price=0 Quantity=0 Market position=Flat Operation=Remove,
7/22/2026 8:15:59 PM,Execution,Execution='173f6fa7c2304f428b865d97b588bedb' Instrument='MES SEP26' Account='Sim102' Exchange=Default Price=7522.75 Quantity=13 Market position=Short Operation=Operation_Add Order='4a71cf9a19d24afc90f60082e9948eb5' Time='7/22/2026 8:15 PM',
7/22/2026 8:15:59 PM,Order,Order='4a71cf9a19d24afc90f60082e9948eb5/Sim102' Name='Close' New state='Filled' Instrument='MES SEP26' Action='Sell' Limit price=0 Stop price=0 Quantity=13 Type='Market' Time in force=DAY Oco='' Filled=13 Fill price=7522.75 Error='No error' Native error='',
7/22/2026 8:15:59 PM,Order,Order='4a71cf9a19d24afc90f60082e9948eb5/Sim102' Name='Close' New state='Working' Instrument='MES SEP26' Action='Sell' Limit price=0 Stop price=0 Quantity=13 Type='Market' Time in force=DAY Oco='' Filled=0 Fill price=0 Error='No error' Native error='',
7/22/2026 8:15:59 PM,Order,Order='4a71cf9a19d24afc90f60082e9948eb5/Sim102' Name='Close' New state='Accepted' Instrument='MES SEP26' Action='Sell' Limit price=0 Stop price=0 Quantity=13 Type='Market' Time in force=DAY Oco='' Filled=0 Fill price=0 Error='No error' Native error='',
7/22/2026 8:15:59 PM,Order,Order='4a71cf9a19d24afc90f60082e9948eb5/Sim102' Name='Close' New state='Submitted' Instrument='MES SEP26' Action='Sell' Limit price=0 Stop price=0 Quantity=13 Type='Market' Time in force=DAY Oco='' Filled=0 Fill price=0 Error='No error' Native error='',
7/22/2026 8:15:59 PM,Order,Order='6be2580303d04967b2835b1566663ba6/Sim102' Name='Stop2' New state='Cancelled' Instrument='MES SEP26' Action='Sell' Limit price=0 Stop price=7517.75 Quantity=7 Type='Stop Market' Time in force=GTC Oco='725ac902c9ef46fa95b36915b121a413' Filled=0 Fill price=0 Error='No error' Native error='',
7/22/2026 8:15:59 PM,Order,Order='210a79f7617f4e529ad78509d9752624/Sim102' Name='Target2' New state='Cancelled' Instrument='MES SEP26' Action='Sell' Limit price=7526.75 Stop price=0 Quantity=7 Type='Limit' Time in force=GTC Oco='725ac902c9ef46fa95b36915b121a413' Filled=0 Fill price=0 Error='No error' Native error='',
7/22/2026 8:15:59 PM,Order,Order='1e8b593fa8a1468c80fb7e5c81e0fea7/Sim102' Name='Stop1' New state='Cancelled' Instrument='MES SEP26' Action='Sell' Limit price=0 Stop price=7517.75 Quantity=6 Type='Stop Market' Time in force=GTC Oco='80db62ff533b4602a12b84ef121572d3' Filled=0 Fill price=0 Error='No error' Native error='',
7/22/2026 8:15:59 PM,Order,Order='31725e0a1a204af0a79313e50b1c9111/Sim102' Name='Target1' New state='Cancelled' Instrument='MES SEP26' Action='Sell' Limit price=7526.25 Stop price=0 Quantity=6 Type='Limit' Time in force=GTC Oco='80db62ff533b4602a12b84ef121572d3' Filled=0 Fill price=0 Error='No error' Native error='',
7/22/2026 8:15:59 PM,Order,Order='6be2580303d04967b2835b1566663ba6/Sim102' Name='Stop2' New state='Cancel submitted' Instrument='MES SEP26' Action='Sell' Limit price=0 Stop price=7517.75 Quantity=7 Type='Stop Market' Time in force=GTC Oco='725ac902c9ef46fa95b36915b121a413' Filled=0 Fill price=0 Error='No error' Native error='',
7/22/2026 8:15:59 PM,Order,Order='1e8b593fa8a1468c80fb7e5c81e0fea7/Sim102' Name='Stop1' New state='Cancel submitted' Instrument='MES SEP26' Action='Sell' Limit price=0 Stop price=7517.75 Quantity=6 Type='Stop Market' Time in force=GTC Oco='80db62ff533b4602a12b84ef121572d3' Filled=0 Fill price=0 Error='No error' Native error='',
7/22/2026 8:15:59 PM,Order,Order='210a79f7617f4e529ad78509d9752624/Sim102' Name='Target2' New state='Cancel submitted' Instrument='MES SEP26' Action='Sell' Limit price=7526.75 Stop price=0 Quantity=7 Type='Limit' Time in force=GTC Oco='725ac902c9ef46fa95b36915b121a413' Filled=0 Fill price=0 Error='No error' Native error='',
7/22/2026 8:15:59 PM,Order,Order='31725e0a1a204af0a79313e50b1c9111/Sim102' Name='Target1' New state='Cancel submitted' Instrument='MES SEP26' Action='Sell' Limit price=7526.25 Stop price=0 Quantity=6 Type='Limit' Time in force=GTC Oco='80db62ff533b4602a12b84ef121572d3' Filled=0 Fill price=0 Error='No error' Native error='',
7/22/2026 8:15:59 PM,Default,Chart Trader close position,
7/22/2026 8:15:46 PM,Order,Order='31725e0a1a204af0a79313e50b1c9111/Sim102' Name='Target1' New state='Working' Instrument='MES SEP26' Action='Sell' Limit price=7526.25 Stop price=0 Quantity=6 Type='Limit' Time in force=GTC Oco='80db62ff533b4602a12b84ef121572d3' Filled=0 Fill price=0 Error='No error' Native error='',
7/22/2026 8:15:46 PM,Order,Order='31725e0a1a204af0a79313e50b1c9111/Sim102' Name='Target1' New state='Accepted' Instrument='MES SEP26' Action='Sell' Limit price=7526.25 Stop price=0 Quantity=6 Type='Limit' Time in force=GTC Oco='80db62ff533b4602a12b84ef121572d3' Filled=0 Fill price=0 Error='No error' Native error='',
7/22/2026 8:15:46 PM,Order,Order='210a79f7617f4e529ad78509d9752624/Sim102' Name='Target2' New state='Working' Instrument='MES SEP26' Action='Sell' Limit price=7526.75 Stop price=0 Quantity=7 Type='Limit' Time in force=GTC Oco='725ac902c9ef46fa95b36915b121a413' Filled=0 Fill price=0 Error='No error' Native error='',
7/22/2026 8:15:46 PM,Order,Order='210a79f7617f4e529ad78509d9752624/Sim102' Name='Target2' New state='Accepted' Instrument='MES SEP26' Action='Sell' Limit price=7526.75 Stop price=0 Quantity=7 Type='Limit' Time in force=GTC Oco='725ac902c9ef46fa95b36915b121a413' Filled=0 Fill price=0 Error='No error' Native error='',
7/22/2026 8:15:46 PM,Order,Order='6be2580303d04967b2835b1566663ba6/Sim102' Name='Stop2' New state='Accepted' Instrument='MES SEP26' Action='Sell' Limit price=0 Stop price=7517.75 Quantity=7 Type='Stop Market' Time in force=GTC Oco='725ac902c9ef46fa95b36915b121a413' Filled=0 Fill price=0 Error='No error' Native error='',
7/22/2026 8:15:46 PM,Order,Order='1e8b593fa8a1468c80fb7e5c81e0fea7/Sim102' Name='Stop1' New state='Accepted' Instrument='MES SEP26' Action='Sell' Limit price=0 Stop price=7517.75 Quantity=6 Type='Stop Market' Time in force=GTC Oco='80db62ff533b4602a12b84ef121572d3' Filled=0 Fill price=0 Error='No error' Native error='',
7/22/2026 8:15:46 PM,Order,Order='210a79f7617f4e529ad78509d9752624/Sim102' Name='Target2' New state='Submitted' Instrument='MES SEP26' Action='Sell' Limit price=7526.75 Stop price=0 Quantity=7 Type='Limit' Time in force=GTC Oco='725ac902c9ef46fa95b36915b121a413' Filled=0 Fill price=0 Error='No error' Native error='',
7/22/2026 8:15:46 PM,Order,Order='6be2580303d04967b2835b1566663ba6/Sim102' Name='Stop2' New state='Submitted' Instrument='MES SEP26' Action='Sell' Limit price=0 Stop price=7517.75 Quantity=7 Type='Stop Market' Time in force=GTC Oco='725ac902c9ef46fa95b36915b121a413' Filled=0 Fill price=0 Error='No error' Native error='',
7/22/2026 8:15:46 PM,Order,Order='31725e0a1a204af0a79313e50b1c9111/Sim102' Name='Target1' New state='Submitted' Instrument='MES SEP26' Action='Sell' Limit price=7526.25 Stop price=0 Quantity=6 Type='Limit' Time in force=GTC Oco='80db62ff533b4602a12b84ef121572d3' Filled=0 Fill price=0 Error='No error' Native error='',
7/22/2026 8:15:46 PM,Order,Order='1e8b593fa8a1468c80fb7e5c81e0fea7/Sim102' Name='Stop1' New state='Submitted' Instrument='MES SEP26' Action='Sell' Limit price=0 Stop price=7517.75 Quantity=6 Type='Stop Market' Time in force=GTC Oco='80db62ff533b4602a12b84ef121572d3' Filled=0 Fill price=0 Error='No error' Native error='',
7/22/2026 8:15:46 PM,Position,Instrument='MES SEP26' Account='Sim102' Average price=7523.75 Quantity=13 Market position=Long Operation=Operation_Add,
7/22/2026 8:15:46 PM,Execution,Execution='a4c22765650f46f28579d1d3e0605437' Instrument='MES SEP26' Account='Sim102' Exchange=Default Price=7523.75 Quantity=13 Market position=Long Operation=Operation_Add Order='b46d99f370ac4a5aa7c57c867bbb9ea9' Time='7/22/2026 8:15 PM',
7/22/2026 8:15:46 PM,Order,Order='b46d99f370ac4a5aa7c57c867bbb9ea9/Sim102' Name='Entry' New state='Filled' Instrument='MES SEP26' Action='Buy' Limit price=0 Stop price=0 Quantity=13 Type='Market' Time in force=GTC Oco='' Filled=13 Fill price=7523.75 Error='No error' Native error='',
7/22/2026 8:15:46 PM,Order,Order='b46d99f370ac4a5aa7c57c867bbb9ea9/Sim102' Name='Entry' New state='Working' Instrument='MES SEP26' Action='Buy' Limit price=0 Stop price=0 Quantity=13 Type='Market' Time in force=GTC Oco='' Filled=0 Fill price=0 Error='No error' Native error='',
7/22/2026 8:15:46 PM,Order,Order='b46d99f370ac4a5aa7c57c867bbb9ea9/Sim102' Name='Entry' New state='Accepted' Instrument='MES SEP26' Action='Buy' Limit price=0 Stop price=0 Quantity=13 Type='Market' Time in force=GTC Oco='' Filled=0 Fill price=0 Error='No error' Native error='',
7/22/2026 8:15:46 PM,Order,Order='b46d99f370ac4a5aa7c57c867bbb9ea9/Sim102' Name='Entry' New state='Submitted' Instrument='MES SEP26' Action='Buy' Limit price=0 Stop price=0 Quantity=13 Type='Market' Time in force=GTC Oco='' Filled=0 Fill price=0 Error='No error' Native error='',
7/22/2026 8:15:46 PM,Order,Chart Trader submitting order with strategy 'MES MIN SL6 - 1' (Ticks),
7/22/2026 8:15:38 PM,Position,Instrument='MES SEP26' Account='Sim102' Average price=0 Quantity=0 Market position=Flat Operation=Remove,
7/22/2026 8:15:38 PM,Execution,Execution='868722323de64d1396b11ec3796a0d0c' Instrument='MES SEP26' Account='Sim102' Exchange=Default Price=7524 Quantity=13 Market position=Short Operation=Operation_Add Order='0caf8d26446b4254bb7e481f0dc9be74' Time='7/22/2026 8:15 PM',
7/22/2026 8:15:38 PM,Order,Order='0caf8d26446b4254bb7e481f0dc9be74/Sim102' Name='Close' New state='Filled' Instrument='MES SEP26' Action='Sell' Limit price=0 Stop price=0 Quantity=13 Type='Market' Time in force=DAY Oco='' Filled=13 Fill price=7524 Error='No error' Native error='',
7/22/2026 8:15:38 PM,Order,Order='0caf8d26446b4254bb7e481f0dc9be74/Sim102' Name='Close' New state='Working' Instrument='MES SEP26' Action='Sell' Limit price=0 Stop price=0 Quantity=13 Type='Market' Time in force=DAY Oco='' Filled=0 Fill price=0 Error='No error' Native error='',
7/22/2026 8:15:38 PM,Order,Order='0caf8d26446b4254bb7e481f0dc9be74/Sim102' Name='Close' New state='Accepted' Instrument='MES SEP26' Action='Sell' Limit price=0 Stop price=0 Quantity=13 Type='Market' Time in force=DAY Oco='' Filled=0 Fill price=0 Error='No error' Native error='',
7/22/2026 8:15:38 PM,Order,Order='0caf8d26446b4254bb7e481f0dc9be74/Sim102' Name='Close' New state='Submitted' Instrument='MES SEP26' Action='Sell' Limit price=0 Stop price=0 Quantity=13 Type='Market' Time in force=DAY Oco='' Filled=0 Fill price=0 Error='No error' Native error='',
7/22/2026 8:15:38 PM,Order,Order='b782b5d316e34c7590487f0a8ba27ee8/Sim102' Name='Stop1' New state='Cancelled' Instrument='MES SEP26' Action='Sell' Limit price=0 Stop price=7518 Quantity=6 Type='Stop Market' Time in force=GTC Oco='cfc3b22efd824bfc9251849456e9e0c7' Filled=0 Fill price=0 Error='No error' Native error='',
7/22/2026 8:15:38 PM,Order,Order='0b7ab51cfd884c6fa49bc2b7e4f61c8f/Sim102' Name='Stop2' New state='Cancelled' Instrument='MES SEP26' Action='Sell' Limit price=0 Stop price=7518 Quantity=7 Type='Stop Market' Time in force=GTC Oco='d932a0c3a6ef488bad67e1575692a722' Filled=0 Fill price=0 Error='No error' Native error='',
7/22/2026 8:15:38 PM,Order,Order='9d2c46c9a15f418db50b27d4b7430e6f/Sim102' Name='Target2' New state='Cancelled' Instrument='MES SEP26' Action='Sell' Limit price=7527 Stop price=0 Quantity=7 Type='Limit' Time in force=GTC Oco='d932a0c3a6ef488bad67e1575692a722' Filled=0 Fill price=0 Error='No error' Native error='',
7/22/2026 8:15:38 PM,Order,Order='3dae3fdd26cc43e184571d7b8a17cf99/Sim102' Name='Target1' New state='Cancelled' Instrument='MES SEP26' Action='Sell' Limit price=7526.5 Stop price=0 Quantity=6 Type='Limit' Time in force=GTC Oco='cfc3b22efd824bfc9251849456e9e0c7' Filled=0 Fill price=0 Error='No error' Native error='',
7/22/2026 8:15:38 PM,Position,Flatten account='PA-APEX-422136-07',
7/22/2026 8:15:38 PM,Position,Flatten account='PA-APEX-422136-08',
7/22/2026 8:15:38 PM,Position,Flatten account='PA-APEX-422136-04',
7/22/2026 8:15:38 PM,Position,Flatten account='PA-APEX-422136-05',
7/22/2026 8:15:38 PM,Position,Flatten account='PA-APEX-422136-06',
7/22/2026 8:15:38 PM,Position,Flatten account='PA-APEX-422136-01',
7/22/2026 8:15:38 PM,Position,Flatten account='PA-APEX-422136-03',
7/22/2026 8:15:38 PM,Position,Flatten account='PA-APEX-422136-09',
7/22/2026 8:15:38 PM,Order,Order='0b7ab51cfd884c6fa49bc2b7e4f61c8f/Sim102' Name='Stop2' New state='Cancel submitted' Instrument='MES SEP26' Action='Sell' Limit price=0 Stop price=7518 Quantity=7 Type='Stop Market' Time in force=GTC Oco='d932a0c3a6ef488bad67e1575692a722' Filled=0 Fill price=0 Error='No error' Native error='',
7/22/2026 8:15:38 PM,Order,Order='b782b5d316e34c7590487f0a8ba27ee8/Sim102' Name='Stop1' New state='Cancel submitted' Instrument='MES SEP26' Action='Sell' Limit price=0 Stop price=7518 Quantity=6 Type='Stop Market' Time in force=GTC Oco='cfc3b22efd824bfc9251849456e9e0c7' Filled=0 Fill price=0 Error='No error' Native error='',
7/22/2026 8:15:38 PM,Order,Order='9d2c46c9a15f418db50b27d4b7430e6f/Sim102' Name='Target2' New state='Cancel submitted' Instrument='MES SEP26' Action='Sell' Limit price=7527 Stop price=0 Quantity=7 Type='Limit' Time in force=GTC Oco='d932a0c3a6ef488bad67e1575692a722' Filled=0 Fill price=0 Error='No error' Native error='',
7/22/2026 8:15:38 PM,Order,Order='3dae3fdd26cc43e184571d7b8a17cf99/Sim102' Name='Target1' New state='Cancel submitted' Instrument='MES SEP26' Action='Sell' Limit price=7526.5 Stop price=0 Quantity=6 Type='Limit' Time in force=GTC Oco='cfc3b22efd824bfc9251849456e9e0c7' Filled=0 Fill price=0 Error='No error' Native error='',
7/22/2026 8:15:38 PM,Position,Flatten account='Sim102',
7/22/2026 8:15:38 PM,Position,Flatten account='Sim101',
7/22/2026 8:15:38 PM,Default,Terminating any NinjaScript strategies invoked by Flatten Everything command,
7/22/2026 8:15:38 PM,Order,Hot Key Flatten Everything,
7/22/2026 8:15:36 PM,Order,Order='9d2c46c9a15f418db50b27d4b7430e6f/Sim102' Name='Target2' New state='Working' Instrument='MES SEP26' Action='Sell' Limit price=7527 Stop price=0 Quantity=7 Type='Limit' Time in force=GTC Oco='d932a0c3a6ef488bad67e1575692a722' Filled=0 Fill price=0 Error='No error' Native error='',
7/22/2026 8:15:36 PM,Order,Order='9d2c46c9a15f418db50b27d4b7430e6f/Sim102' Name='Target2' New state='Accepted' Instrument='MES SEP26' Action='Sell' Limit price=7527 Stop price=0 Quantity=7 Type='Limit' Time in force=GTC Oco='d932a0c3a6ef488bad67e1575692a722' Filled=0 Fill price=0 Error='No error' Native error='',
7/22/2026 8:15:36 PM,Order,Order='3dae3fdd26cc43e184571d7b8a17cf99/Sim102' Name='Target1' New state='Working' Instrument='MES SEP26' Action='Sell' Limit price=7526.5 Stop price=0 Quantity=6 Type='Limit' Time in force=GTC Oco='cfc3b22efd824bfc9251849456e9e0c7' Filled=0 Fill price=0 Error='No error' Native error='',
7/22/2026 8:15:36 PM,Order,Order='b782b5d316e34c7590487f0a8ba27ee8/Sim102' Name='Stop1' New state='Accepted' Instrument='MES SEP26' Action='Sell' Limit price=0 Stop price=7518 Quantity=6 Type='Stop Market' Time in force=GTC Oco='cfc3b22efd824bfc9251849456e9e0c7' Filled=0 Fill price=0 Error='No error' Native error='',
7/22/2026 8:15:36 PM,Order,Order='0b7ab51cfd884c6fa49bc2b7e4f61c8f/Sim102' Name='Stop2' New state='Accepted' Instrument='MES SEP26' Action='Sell' Limit price=0 Stop price=7518 Quantity=7 Type='Stop Market' Time in force=GTC Oco='d932a0c3a6ef488bad67e1575692a722' Filled=0 Fill price=0 Error='No error' Native error='',
7/22/2026 8:15:36 PM,Order,Order='3dae3fdd26cc43e184571d7b8a17cf99/Sim102' Name='Target1' New state='Accepted' Instrument='MES SEP26' Action='Sell' Limit price=7526.5 Stop price=0 Quantity=6 Type='Limit' Time in force=GTC Oco='cfc3b22efd824bfc9251849456e9e0c7' Filled=0 Fill price=0 Error='No error' Native error='',
7/22/2026 8:15:36 PM,Order,Order='9d2c46c9a15f418db50b27d4b7430e6f/Sim102' Name='Target2' New state='Submitted' Instrument='MES SEP26' Action='Sell' Limit price=7527 Stop price=0 Quantity=7 Type='Limit' Time in force=GTC Oco='d932a0c3a6ef488bad67e1575692a722' Filled=0 Fill price=0 Error='No error' Native error='',
7/22/2026 8:15:36 PM,Order,Order='0b7ab51cfd884c6fa49bc2b7e4f61c8f/Sim102' Name='Stop2' New state='Submitted' Instrument='MES SEP26' Action='Sell' Limit price=0 Stop price=7518 Quantity=7 Type='Stop Market' Time in force=GTC Oco='d932a0c3a6ef488bad67e1575692a722' Filled=0 Fill price=0 Error='No error' Native error='',
7/22/2026 8:15:36 PM,Order,Order='3dae3fdd26cc43e184571d7b8a17cf99/Sim102' Name='Target1' New state='Submitted' Instrument='MES SEP26' Action='Sell' Limit price=7526.5 Stop price=0 Quantity=6 Type='Limit' Time in force=GTC Oco='cfc3b22efd824bfc9251849456e9e0c7' Filled=0 Fill price=0 Error='No error' Native error='',
7/22/2026 8:15:36 PM,Order,Order='b782b5d316e34c7590487f0a8ba27ee8/Sim102' Name='Stop1' New state='Submitted' Instrument='MES SEP26' Action='Sell' Limit price=0 Stop price=7518 Quantity=6 Type='Stop Market' Time in force=GTC Oco='cfc3b22efd824bfc9251849456e9e0c7' Filled=0 Fill price=0 Error='No error' Native error='',
7/22/2026 8:15:36 PM,Position,Instrument='MES SEP26' Account='Sim102' Average price=7524 Quantity=13 Market position=Long Operation=Operation_Add,
7/22/2026 8:15:36 PM,Execution,Execution='f27f6203bc9a45d4bd794890b747c8a1' Instrument='MES SEP26' Account='Sim102' Exchange=Default Price=7524 Quantity=13 Market position=Long Operation=Operation_Add Order='f59b996c736248bebdbd6a60206a9c91' Time='7/22/2026 8:15 PM',
7/22/2026 8:15:36 PM,Order,Order='f59b996c736248bebdbd6a60206a9c91/Sim102' Name='Entry' New state='Filled' Instrument='MES SEP26' Action='Buy' Limit price=0 Stop price=0 Quantity=13 Type='Market' Time in force=GTC Oco='' Filled=13 Fill price=7524 Error='No error' Native error='',
7/22/2026 8:15:36 PM,Order,Order='f59b996c736248bebdbd6a60206a9c91/Sim102' Name='Entry' New state='Working' Instrument='MES SEP26' Action='Buy' Limit price=0 Stop price=0 Quantity=13 Type='Market' Time in force=GTC Oco='' Filled=0 Fill price=0 Error='No error' Native error='',
7/22/2026 8:15:36 PM,Order,Order='f59b996c736248bebdbd6a60206a9c91/Sim102' Name='Entry' New state='Accepted' Instrument='MES SEP26' Action='Buy' Limit price=0 Stop price=0 Quantity=13 Type='Market' Time in force=GTC Oco='' Filled=0 Fill price=0 Error='No error' Native error='',
7/22/2026 8:15:36 PM,Order,Order='f59b996c736248bebdbd6a60206a9c91/Sim102' Name='Entry' New state='Submitted' Instrument='MES SEP26' Action='Buy' Limit price=0 Stop price=0 Quantity=13 Type='Market' Time in force=GTC Oco='' Filled=0 Fill price=0 Error='No error' Native error='',
7/22/2026 8:15:36 PM,Order,Chart Trader submitting order with strategy 'MES MIN SL6 - 1' (Ticks),
7/22/2026 8:03:25 PM,Position,Instrument='MES SEP26' Account='Sim102' Average price=0 Quantity=0 Market position=Flat Operation=Remove,
7/22/2026 8:03:25 PM,Execution,Execution='9669ce410b4641ddb01d961cc7c0c4bf' Instrument='MES SEP26' Account='Sim102' Exchange=Default Price=7529.75 Quantity=13 Market position=Short Operation=Operation_Add Order='88a75c55f98a4da7bf4aaee562b2d00e' Time='7/22/2026 8:03 PM',
7/22/2026 8:03:25 PM,Order,Order='88a75c55f98a4da7bf4aaee562b2d00e/Sim102' Name='Close' New state='Filled' Instrument='MES SEP26' Action='Sell' Limit price=0 Stop price=0 Quantity=13 Type='Market' Time in force=DAY Oco='' Filled=13 Fill price=7529.75 Error='No error' Native error='',
7/22/2026 8:03:25 PM,Order,Order='88a75c55f98a4da7bf4aaee562b2d00e/Sim102' Name='Close' New state='Working' Instrument='MES SEP26' Action='Sell' Limit price=0 Stop price=0 Quantity=13 Type='Market' Time in force=DAY Oco='' Filled=0 Fill price=0 Error='No error' Native error='',
7/22/2026 8:03:25 PM,Order,Order='88a75c55f98a4da7bf4aaee562b2d00e/Sim102' Name='Close' New state='Accepted' Instrument='MES SEP26' Action='Sell' Limit price=0 Stop price=0 Quantity=13 Type='Market' Time in force=DAY Oco='' Filled=0 Fill price=0 Error='No error' Native error='',
7/22/2026 8:03:25 PM,Order,Order='88a75c55f98a4da7bf4aaee562b2d00e/Sim102' Name='Close' New state='Submitted' Instrument='MES SEP26' Action='Sell' Limit price=0 Stop price=0 Quantity=13 Type='Market' Time in force=DAY Oco='' Filled=0 Fill price=0 Error='No error' Native error='',
7/22/2026 8:03:25 PM,Order,Order='13cac9ff11a248db9f30973ce1f1a0c2/Sim102' Name='Stop2' New state='Cancelled' Instrument='MES SEP26' Action='Sell' Limit price=0 Stop price=7524.5 Quantity=7 Type='Stop Market' Time in force=GTC Oco='79af2cfab40e432b9edfb6ded8786b7e' Filled=0 Fill price=0 Error='No error' Native error='',
7/22/2026 8:03:25 PM,Order,Order='2d274aa4557845a8b1d311d274e0942b/Sim102' Name='Stop1' New state='Cancelled' Instrument='MES SEP26' Action='Sell' Limit price=0 Stop price=7524.5 Quantity=6 Type='Stop Market' Time in force=GTC Oco='5d956864019749778ee910ce13cd6f3a' Filled=0 Fill price=0 Error='No error' Native error='',
7/22/2026 8:03:25 PM,Order,Order='057fad6a5fbe4595b01ff0e07e39bd1c/Sim102' Name='Target2' New state='Cancelled' Instrument='MES SEP26' Action='Sell' Limit price=7533.5 Stop price=0 Quantity=7 Type='Limit' Time in force=GTC Oco='79af2cfab40e432b9edfb6ded8786b7e' Filled=0 Fill price=0 Error='No error' Native error='',
7/22/2026 8:03:25 PM,Order,Order='e9afcdb6aeee4071b16f582e760f1957/Sim102' Name='Target1' New state='Cancelled' Instrument='MES SEP26' Action='Sell' Limit price=7533 Stop price=0 Quantity=6 Type='Limit' Time in force=GTC Oco='5d956864019749778ee910ce13cd6f3a' Filled=0 Fill price=0 Error='No error' Native error='',
7/22/2026 8:03:24 PM,Order,Order='13cac9ff11a248db9f30973ce1f1a0c2/Sim102' Name='Stop2' New state='Cancel submitted' Instrument='MES SEP26' Action='Sell' Limit price=0 Stop price=7524.5 Quantity=7 Type='Stop Market' Time in force=GTC Oco='79af2cfab40e432b9edfb6ded8786b7e' Filled=0 Fill price=0 Error='No error' Native error='',
7/22/2026 8:03:24 PM,Order,Order='2d274aa4557845a8b1d311d274e0942b/Sim102' Name='Stop1' New state='Cancel submitted' Instrument='MES SEP26' Action='Sell' Limit price=0 Stop price=7524.5 Quantity=6 Type='Stop Market' Time in force=GTC Oco='5d956864019749778ee910ce13cd6f3a' Filled=0 Fill price=0 Error='No error' Native error='',
7/22/2026 8:03:24 PM,Order,Order='057fad6a5fbe4595b01ff0e07e39bd1c/Sim102' Name='Target2' New state='Cancel submitted' Instrument='MES SEP26' Action='Sell' Limit price=7533.5 Stop price=0 Quantity=7 Type='Limit' Time in force=GTC Oco='79af2cfab40e432b9edfb6ded8786b7e' Filled=0 Fill price=0 Error='No error' Native error='',
7/22/2026 8:03:24 PM,Order,Order='e9afcdb6aeee4071b16f582e760f1957/Sim102' Name='Target1' New state='Cancel submitted' Instrument='MES SEP26' Action='Sell' Limit price=7533 Stop price=0 Quantity=6 Type='Limit' Time in force=GTC Oco='5d956864019749778ee910ce13cd6f3a' Filled=0 Fill price=0 Error='No error' Native error='',
7/22/2026 8:03:24 PM,Default,Chart Trader close position,
7/22/2026 8:03:03 PM,Order,Order='057fad6a5fbe4595b01ff0e07e39bd1c/Sim102' Name='Target2' New state='Working' Instrument='MES SEP26' Action='Sell' Limit price=7533.5 Stop price=0 Quantity=7 Type='Limit' Time in force=GTC Oco='79af2cfab40e432b9edfb6ded8786b7e' Filled=0 Fill price=0 Error='No error' Native error='',
7/22/2026 8:03:03 PM,Order,Order='057fad6a5fbe4595b01ff0e07e39bd1c/Sim102' Name='Target2' New state='Accepted' Instrument='MES SEP26' Action='Sell' Limit price=7533.5 Stop price=0 Quantity=7 Type='Limit' Time in force=GTC Oco='79af2cfab40e432b9edfb6ded8786b7e' Filled=0 Fill price=0 Error='No error' Native error='',
7/22/2026 8:03:03 PM,Order,Order='13cac9ff11a248db9f30973ce1f1a0c2/Sim102' Name='Stop2' New state='Accepted' Instrument='MES SEP26' Action='Sell' Limit price=0 Stop price=7524.5 Quantity=7 Type='Stop Market' Time in force=GTC Oco='79af2cfab40e432b9edfb6ded8786b7e' Filled=0 Fill price=0 Error='No error' Native error='',
7/22/2026 8:03:03 PM,Order,Order='e9afcdb6aeee4071b16f582e760f1957/Sim102' Name='Target1' New state='Working' Instrument='MES SEP26' Action='Sell' Limit price=7533 Stop price=0 Quantity=6 Type='Limit' Time in force=GTC Oco='5d956864019749778ee910ce13cd6f3a' Filled=0 Fill price=0 Error='No error' Native error='',
7/22/2026 8:03:03 PM,Order,Order='e9afcdb6aeee4071b16f582e760f1957/Sim102' Name='Target1' New state='Accepted' Instrument='MES SEP26' Action='Sell' Limit price=7533 Stop price=0 Quantity=6 Type='Limit' Time in force=GTC Oco='5d956864019749778ee910ce13cd6f3a' Filled=0 Fill price=0 Error='No error' Native error='',
7/22/2026 8:03:03 PM,Order,Order='2d274aa4557845a8b1d311d274e0942b/Sim102' Name='Stop1' New state='Accepted' Instrument='MES SEP26' Action='Sell' Limit price=0 Stop price=7524.5 Quantity=6 Type='Stop Market' Time in force=GTC Oco='5d956864019749778ee910ce13cd6f3a' Filled=0 Fill price=0 Error='No error' Native error='',
7/22/2026 8:03:03 PM,Order,Order='057fad6a5fbe4595b01ff0e07e39bd1c/Sim102' Name='Target2' New state='Submitted' Instrument='MES SEP26' Action='Sell' Limit price=7533.5 Stop price=0 Quantity=7 Type='Limit' Time in force=GTC Oco='79af2cfab40e432b9edfb6ded8786b7e' Filled=0 Fill price=0 Error='No error' Native error='',
7/22/2026 8:03:03 PM,Order,Order='13cac9ff11a248db9f30973ce1f1a0c2/Sim102' Name='Stop2' New state='Submitted' Instrument='MES SEP26' Action='Sell' Limit price=0 Stop price=7524.5 Quantity=7 Type='Stop Market' Time in force=GTC Oco='79af2cfab40e432b9edfb6ded8786b7e' Filled=0 Fill price=0 Error='No error' Native error='',
7/22/2026 8:03:03 PM,Order,Order='e9afcdb6aeee4071b16f582e760f1957/Sim102' Name='Target1' New state='Submitted' Instrument='MES SEP26' Action='Sell' Limit price=7533 Stop price=0 Quantity=6 Type='Limit' Time in force=GTC Oco='5d956864019749778ee910ce13cd6f3a' Filled=0 Fill price=0 Error='No error' Native error='',
7/22/2026 8:03:03 PM,Order,Order='2d274aa4557845a8b1d311d274e0942b/Sim102' Name='Stop1' New state='Submitted' Instrument='MES SEP26' Action='Sell' Limit price=0 Stop price=7524.5 Quantity=6 Type='Stop Market' Time in force=GTC Oco='5d956864019749778ee910ce13cd6f3a' Filled=0 Fill price=0 Error='No error' Native error='',
7/22/2026 8:03:03 PM,Position,Instrument='MES SEP26' Account='Sim102' Average price=7530.5 Quantity=13 Market position=Long Operation=Operation_Add,
7/22/2026 8:03:03 PM,Execution,Execution='89ff68b4363c4bfab644b9238da7b8c3' Instrument='MES SEP26' Account='Sim102' Exchange=Default Price=7530.5 Quantity=13 Market position=Long Operation=Operation_Add Order='60effc22a103487b81ad664386dbec49' Time='7/22/2026 8:03 PM',
7/22/2026 8:03:03 PM,Order,Order='60effc22a103487b81ad664386dbec49/Sim102' Name='Entry' New state='Filled' Instrument='MES SEP26' Action='Buy' Limit price=0 Stop price=0 Quantity=13 Type='Market' Time in force=GTC Oco='' Filled=13 Fill price=7530.5 Error='No error' Native error='',
7/22/2026 8:03:03 PM,Order,Order='60effc22a103487b81ad664386dbec49/Sim102' Name='Entry' New state='Working' Instrument='MES SEP26' Action='Buy' Limit price=0 Stop price=0 Quantity=13 Type='Market' Time in force=GTC Oco='' Filled=0 Fill price=0 Error='No error' Native error='',
7/22/2026 8:03:03 PM,Order,Order='60effc22a103487b81ad664386dbec49/Sim102' Name='Entry' New state='Accepted' Instrument='MES SEP26' Action='Buy' Limit price=0 Stop price=0 Quantity=13 Type='Market' Time in force=GTC Oco='' Filled=0 Fill price=0 Error='No error' Native error='',
7/22/2026 8:03:03 PM,Order,Order='60effc22a103487b81ad664386dbec49/Sim102' Name='Entry' New state='Submitted' Instrument='MES SEP26' Action='Buy' Limit price=0 Stop price=0 Quantity=13 Type='Market' Time in force=GTC Oco='' Filled=0 Fill price=0 Error='No error' Native error='',
7/22/2026 8:03:03 PM,Order,Chart Trader submitting order with strategy 'MES MIN SL6 - 1' (Ticks),
7/22/2026 8:01:45 PM,Position,Instrument='MES SEP26' Account='Sim102' Average price=0 Quantity=0 Market position=Flat Operation=Remove,
7/22/2026 8:01:45 PM,Execution,Execution='f77ebc9481a446cdb70c85c0de05d595' Instrument='MES SEP26' Account='Sim102' Exchange=Default Price=7529.75 Quantity=8 Market position=Short Operation=Operation_Add Order='fe3ebae54dfb4ba5b0ac5a8c2ca6ec74' Time='7/22/2026 8:01 PM',
7/22/2026 8:01:45 PM,Order,Order='fe3ebae54dfb4ba5b0ac5a8c2ca6ec74/Sim102' Name='Close' New state='Filled' Instrument='MES SEP26' Action='Sell' Limit price=0 Stop price=0 Quantity=13 Type='Market' Time in force=DAY Oco='' Filled=13 Fill price=7529.8461538461543 Error='No error' Native error='',
7/22/2026 8:01:45 PM,Position,Instrument='MES SEP26' Account='Sim102' Average price=7529.25 Quantity=8 Market position=Long Operation=Update,
7/22/2026 8:01:45 PM,Execution,Execution='1578edc9e96f4d91aef9ebc7255f84c0' Instrument='MES SEP26' Account='Sim102' Exchange=Default Price=7530 Quantity=5 Market position=Short Operation=Operation_Add Order='fe3ebae54dfb4ba5b0ac5a8c2ca6ec74' Time='7/22/2026 8:01 PM',
7/22/2026 8:01:45 PM,Order,Order='fe3ebae54dfb4ba5b0ac5a8c2ca6ec74/Sim102' Name='Close' New state='Partially filled' Instrument='MES SEP26' Action='Sell' Limit price=0 Stop price=0 Quantity=13 Type='Market' Time in force=DAY Oco='' Filled=5 Fill price=7530 Error='No error' Native error='',
7/22/2026 8:01:45 PM,Order,Order='fe3ebae54dfb4ba5b0ac5a8c2ca6ec74/Sim102' Name='Close' New state='Working' Instrument='MES SEP26' Action='Sell' Limit price=0 Stop price=0 Quantity=13 Type='Market' Time in force=DAY Oco='' Filled=0 Fill price=0 Error='No error' Native error='',
7/22/2026 8:01:45 PM,Order,Order='fe3ebae54dfb4ba5b0ac5a8c2ca6ec74/Sim102' Name='Close' New state='Accepted' Instrument='MES SEP26' Action='Sell' Limit price=0 Stop price=0 Quantity=13 Type='Market' Time in force=DAY Oco='' Filled=0 Fill price=0 Error='No error' Native error='',
7/22/2026 8:01:45 PM,Order,Order='fe3ebae54dfb4ba5b0ac5a8c2ca6ec74/Sim102' Name='Close' New state='Submitted' Instrument='MES SEP26' Action='Sell' Limit price=0 Stop price=0 Quantity=13 Type='Market' Time in force=DAY Oco='' Filled=0 Fill price=0 Error='No error' Native error='',
7/22/2026 8:01:45 PM,Order,Order='d854bb47bd8244228a24561547e717a1/Sim102' Name='Stop2' New state='Cancelled' Instrument='MES SEP26' Action='Sell' Limit price=0 Stop price=7523.25 Quantity=7 Type='Stop Market' Time in force=GTC Oco='228771398aba432d847da4854d9815d8' Filled=0 Fill price=0 Error='No error' Native error='',
7/22/2026 8:01:45 PM,Order,Order='d3cf24f65da4409f9175f057e03a45bd/Sim102' Name='Target2' New state='Cancelled' Instrument='MES SEP26' Action='Sell' Limit price=7532.25 Stop price=0 Quantity=7 Type='Limit' Time in force=GTC Oco='228771398aba432d847da4854d9815d8' Filled=0 Fill price=0 Error='No error' Native error='',
7/22/2026 8:01:45 PM,Order,Order='49dab31ddd2a4ee89fab40466aeade6d/Sim102' Name='Target1' New state='Cancelled' Instrument='MES SEP26' Action='Sell' Limit price=7531.75 Stop price=0 Quantity=6 Type='Limit' Time in force=GTC Oco='b18632e6df8f47ebb56e31bd53fb94e5' Filled=0 Fill price=0 Error='No error' Native error='',
7/22/2026 8:01:45 PM,Order,Order='4c15e741c9a24383a40346be11fd9730/Sim102' Name='Stop1' New state='Cancelled' Instrument='MES SEP26' Action='Sell' Limit price=0 Stop price=7523.25 Quantity=6 Type='Stop Market' Time in force=GTC Oco='b18632e6df8f47ebb56e31bd53fb94e5' Filled=0 Fill price=0 Error='No error' Native error='',
7/22/2026 8:01:45 PM,Order,Order='4c15e741c9a24383a40346be11fd9730/Sim102' Name='Stop1' New state='Cancel submitted' Instrument='MES SEP26' Action='Sell' Limit price=0 Stop price=7523.25 Quantity=6 Type='Stop Market' Time in force=GTC Oco='b18632e6df8f47ebb56e31bd53fb94e5' Filled=0 Fill price=0 Error='No error' Native error='',
7/22/2026 8:01:45 PM,Order,Order='d3cf24f65da4409f9175f057e03a45bd/Sim102' Name='Target2' New state='Cancel submitted' Instrument='MES SEP26' Action='Sell' Limit price=7532.25 Stop price=0 Quantity=7 Type='Limit' Time in force=GTC Oco='228771398aba432d847da4854d9815d8' Filled=0 Fill price=0 Error='No error' Native error='',
7/22/2026 8:01:45 PM,Order,Order='d854bb47bd8244228a24561547e717a1/Sim102' Name='Stop2' New state='Cancel submitted' Instrument='MES SEP26' Action='Sell' Limit price=0 Stop price=7523.25 Quantity=7 Type='Stop Market' Time in force=GTC Oco='228771398aba432d847da4854d9815d8' Filled=0 Fill price=0 Error='No error' Native error='',
7/22/2026 8:01:45 PM,Order,Order='49dab31ddd2a4ee89fab40466aeade6d/Sim102' Name='Target1' New state='Cancel submitted' Instrument='MES SEP26' Action='Sell' Limit price=7531.75 Stop price=0 Quantity=6 Type='Limit' Time in force=GTC Oco='b18632e6df8f47ebb56e31bd53fb94e5' Filled=0 Fill price=0 Error='No error' Native error='',
7/22/2026 8:01:45 PM,Default,Position grid close position,
7/22/2026 8:01:34 PM,Order,Order='d3cf24f65da4409f9175f057e03a45bd/Sim102' Name='Target2' New state='Working' Instrument='MES SEP26' Action='Sell' Limit price=7532.25 Stop price=0 Quantity=7 Type='Limit' Time in force=GTC Oco='228771398aba432d847da4854d9815d8' Filled=0 Fill price=0 Error='No error' Native error='',
7/22/2026 8:01:34 PM,Order,Order='d3cf24f65da4409f9175f057e03a45bd/Sim102' Name='Target2' New state='Accepted' Instrument='MES SEP26' Action='Sell' Limit price=7532.25 Stop price=0 Quantity=7 Type='Limit' Time in force=GTC Oco='228771398aba432d847da4854d9815d8' Filled=0 Fill price=0 Error='No error' Native error='',
7/22/2026 8:01:34 PM,Order,Order='d854bb47bd8244228a24561547e717a1/Sim102' Name='Stop2' New state='Accepted' Instrument='MES SEP26' Action='Sell' Limit price=0 Stop price=7523.25 Quantity=7 Type='Stop Market' Time in force=GTC Oco='228771398aba432d847da4854d9815d8' Filled=0 Fill price=0 Error='No error' Native error='',
7/22/2026 8:01:34 PM,Order,Order='49dab31ddd2a4ee89fab40466aeade6d/Sim102' Name='Target1' New state='Working' Instrument='MES SEP26' Action='Sell' Limit price=7531.75 Stop price=0 Quantity=6 Type='Limit' Time in force=GTC Oco='b18632e6df8f47ebb56e31bd53fb94e5' Filled=0 Fill price=0 Error='No error' Native error='',
7/22/2026 8:01:34 PM,Order,Order='49dab31ddd2a4ee89fab40466aeade6d/Sim102' Name='Target1' New state='Accepted' Instrument='MES SEP26' Action='Sell' Limit price=7531.75 Stop price=0 Quantity=6 Type='Limit' Time in force=GTC Oco='b18632e6df8f47ebb56e31bd53fb94e5' Filled=0 Fill price=0 Error='No error' Native error='',
7/22/2026 8:01:34 PM,Order,Order='4c15e741c9a24383a40346be11fd9730/Sim102' Name='Stop1' New state='Accepted' Instrument='MES SEP26' Action='Sell' Limit price=0 Stop price=7523.25 Quantity=6 Type='Stop Market' Time in force=GTC Oco='b18632e6df8f47ebb56e31bd53fb94e5' Filled=0 Fill price=0 Error='No error' Native error='',
7/22/2026 8:01:34 PM,Order,Order='d3cf24f65da4409f9175f057e03a45bd/Sim102' Name='Target2' New state='Submitted' Instrument='MES SEP26' Action='Sell' Limit price=7532.25 Stop price=0 Quantity=7 Type='Limit' Time in force=GTC Oco='228771398aba432d847da4854d9815d8' Filled=0 Fill price=0 Error='No error' Native error='',
7/22/2026 8:01:34 PM,Order,Order='d854bb47bd8244228a24561547e717a1/Sim102' Name='Stop2' New state='Submitted' Instrument='MES SEP26' Action='Sell' Limit price=0 Stop price=7523.25 Quantity=7 Type='Stop Market' Time in force=GTC Oco='228771398aba432d847da4854d9815d8' Filled=0 Fill price=0 Error='No error' Native error='',
7/22/2026 8:01:34 PM,Order,Order='49dab31ddd2a4ee89fab40466aeade6d/Sim102' Name='Target1' New state='Submitted' Instrument='MES SEP26' Action='Sell' Limit price=7531.75 Stop price=0 Quantity=6 Type='Limit' Time in force=GTC Oco='b18632e6df8f47ebb56e31bd53fb94e5' Filled=0 Fill price=0 Error='No error' Native error='',
7/22/2026 8:01:34 PM,Order,Order='4c15e741c9a24383a40346be11fd9730/Sim102' Name='Stop1' New state='Submitted' Instrument='MES SEP26' Action='Sell' Limit price=0 Stop price=7523.25 Quantity=6 Type='Stop Market' Time in force=GTC Oco='b18632e6df8f47ebb56e31bd53fb94e5' Filled=0 Fill price=0 Error='No error' Native error='',
7/22/2026 8:01:34 PM,Position,Instrument='MES SEP26' Account='Sim102' Average price=7529.25 Quantity=13 Market position=Long Operation=Operation_Add,
7/22/2026 8:01:34 PM,Execution,Execution='d3525b0f35ba493abe38dd4ed6d4e731' Instrument='MES SEP26' Account='Sim102' Exchange=Default Price=7529.25 Quantity=13 Market position=Long Operation=Operation_Add Order='868878330c0a491481458ffe5da96854' Time='7/22/2026 8:01 PM',
7/22/2026 8:01:34 PM,Order,Order='868878330c0a491481458ffe5da96854/Sim102' Name='Entry' New state='Filled' Instrument='MES SEP26' Action='Buy' Limit price=0 Stop price=0 Quantity=13 Type='Market' Time in force=GTC Oco='' Filled=13 Fill price=7529.25 Error='No error' Native error='',
7/22/2026 8:01:34 PM,Order,Order='868878330c0a491481458ffe5da96854/Sim102' Name='Entry' New state='Working' Instrument='MES SEP26' Action='Buy' Limit price=0 Stop price=0 Quantity=13 Type='Market' Time in force=GTC Oco='' Filled=0 Fill price=0 Error='No error' Native error='',
7/22/2026 8:01:34 PM,Order,Order='868878330c0a491481458ffe5da96854/Sim102' Name='Entry' New state='Accepted' Instrument='MES SEP26' Action='Buy' Limit price=0 Stop price=0 Quantity=13 Type='Market' Time in force=GTC Oco='' Filled=0 Fill price=0 Error='No error' Native error='',
7/22/2026 8:01:34 PM,Order,Order='868878330c0a491481458ffe5da96854/Sim102' Name='Entry' New state='Submitted' Instrument='MES SEP26' Action='Buy' Limit price=0 Stop price=0 Quantity=13 Type='Market' Time in force=GTC Oco='' Filled=0 Fill price=0 Error='No error' Native error='',
7/22/2026 8:01:34 PM,Order,Chart Trader submitting order with strategy 'MES MIN SL6 - 1' (Ticks),
7/22/2026 8:00:11 PM,Position,Instrument='MES SEP26' Account='Sim101' Average price=0 Quantity=0 Market position=Flat Operation=Remove,
7/22/2026 8:00:11 PM,Execution,Execution='b4aad1a1e98647b09df40b1c0f60661c' Instrument='MES SEP26' Account='Sim101' Exchange=Default Price=7530.5 Quantity=13 Market position=Short Operation=Operation_Add Order='51fa91971cd24ac1949f8d8bd9587d0f' Time='7/22/2026 8:00 PM',
7/22/2026 8:00:11 PM,Order,Order='51fa91971cd24ac1949f8d8bd9587d0f/Sim101' Name='Close' New state='Filled' Instrument='MES SEP26' Action='Sell' Limit price=0 Stop price=0 Quantity=13 Type='Market' Time in force=DAY Oco='' Filled=13 Fill price=7530.5 Error='No error' Native error='',
7/22/2026 8:00:11 PM,Position,Instrument='MES SEP26' Account='Sim102' Average price=0 Quantity=0 Market position=Flat Operation=Remove,
7/22/2026 8:00:11 PM,Execution,Execution='33978e87396d4f24a6b3dd334b8f976d' Instrument='MES SEP26' Account='Sim102' Exchange=Default Price=7530.75 Quantity=13 Market position=Long Operation=Operation_Add Order='ec26b9df6ff540c59451e04d3a1186cc' Time='7/22/2026 8:00 PM',
7/22/2026 8:00:11 PM,Order,Order='ec26b9df6ff540c59451e04d3a1186cc/Sim102' Name='Close' New state='Filled' Instrument='MES SEP26' Action='Buy to cover' Limit price=0 Stop price=0 Quantity=13 Type='Market' Time in force=DAY Oco='' Filled=13 Fill price=7530.75 Error='No error' Native error='',
7/22/2026 8:00:11 PM,Order,Order='51fa91971cd24ac1949f8d8bd9587d0f/Sim101' Name='Close' New state='Working' Instrument='MES SEP26' Action='Sell' Limit price=0 Stop price=0 Quantity=13 Type='Market' Time in force=DAY Oco='' Filled=0 Fill price=0 Error='No error' Native error='',
7/22/2026 8:00:11 PM,Order,Order='51fa91971cd24ac1949f8d8bd9587d0f/Sim101' Name='Close' New state='Accepted' Instrument='MES SEP26' Action='Sell' Limit price=0 Stop price=0 Quantity=13 Type='Market' Time in force=DAY Oco='' Filled=0 Fill price=0 Error='No error' Native error='',
7/22/2026 8:00:11 PM,Order,Order='ec26b9df6ff540c59451e04d3a1186cc/Sim102' Name='Close' New state='Working' Instrument='MES SEP26' Action='Buy to cover' Limit price=0 Stop price=0 Quantity=13 Type='Market' Time in force=DAY Oco='' Filled=0 Fill price=0 Error='No error' Native error='',
7/22/2026 8:00:11 PM,Order,Order='ec26b9df6ff540c59451e04d3a1186cc/Sim102' Name='Close' New state='Accepted' Instrument='MES SEP26' Action='Buy to cover' Limit price=0 Stop price=0 Quantity=13 Type='Market' Time in force=DAY Oco='' Filled=0 Fill price=0 Error='No error' Native error='',
7/22/2026 8:00:11 PM,Order,Order='51fa91971cd24ac1949f8d8bd9587d0f/Sim101' Name='Close' New state='Submitted' Instrument='MES SEP26' Action='Sell' Limit price=0 Stop price=0 Quantity=13 Type='Market' Time in force=DAY Oco='' Filled=0 Fill price=0 Error='No error' Native error='',
7/22/2026 8:00:11 PM,Order,Order='ec26b9df6ff540c59451e04d3a1186cc/Sim102' Name='Close' New state='Submitted' Instrument='MES SEP26' Action='Buy to cover' Limit price=0 Stop price=0 Quantity=13 Type='Market' Time in force=DAY Oco='' Filled=0 Fill price=0 Error='No error' Native error='',
7/22/2026 8:00:11 PM,Order,Order='e5c7b8d8df31468baa39adbd59fa3aa3/Sim101' Name='Stop2' New state='Cancelled' Instrument='MES SEP26' Action='Sell' Limit price=0 Stop price=7525.25 Quantity=7 Type='Stop Market' Time in force=GTC Oco='2c411f1624d64004bf7f117c8c0cf904' Filled=0 Fill price=0 Error='No error' Native error='',
7/22/2026 8:00:11 PM,Order,Order='44607a54839043ffa80895cd20065a97/Sim102' Name='Stop1' New state='Cancelled' Instrument='MES SEP26' Action='Buy to cover' Limit price=0 Stop price=7537 Quantity=6 Type='Stop Market' Time in force=GTC Oco='a8df3d5c5f8c400baacd3bab725eaf71' Filled=0 Fill price=0 Error='No error' Native error='',
7/22/2026 8:00:11 PM,Order,Order='d4b1cf38c13c42008a133aa8851c484e/Sim102' Name='Target1' New state='Cancelled' Instrument='MES SEP26' Action='Buy to cover' Limit price=7528.5 Stop price=0 Quantity=6 Type='Limit' Time in force=GTC Oco='a8df3d5c5f8c400baacd3bab725eaf71' Filled=0 Fill price=0 Error='No error' Native error='',
7/22/2026 8:00:11 PM,Order,Order='b7d915f36c30454dbe9046b1775f5ea7/Sim102' Name='Stop2' New state='Cancelled' Instrument='MES SEP26' Action='Buy to cover' Limit price=0 Stop price=7537 Quantity=7 Type='Stop Market' Time in force=GTC Oco='00d7f727c061461c8fee7a921d54c8b5' Filled=0 Fill price=0 Error='No error' Native error='',
7/22/2026 8:00:11 PM,Order,Order='bd6018a37cd84239a455c84ce0f8182e/Sim101' Name='Target2' New state='Cancelled' Instrument='MES SEP26' Action='Sell' Limit price=7534.25 Stop price=0 Quantity=7 Type='Limit' Time in force=GTC Oco='2c411f1624d64004bf7f117c8c0cf904' Filled=0 Fill price=0 Error='No error' Native error='',
7/22/2026 8:00:11 PM,Order,Order='c36c8d2e0067456daa28e849bba6c10d/Sim101' Name='Stop1' New state='Cancelled' Instrument='MES SEP26' Action='Sell' Limit price=0 Stop price=7525.25 Quantity=6 Type='Stop Market' Time in force=GTC Oco='87f9abaf137a42cd9dac42562ed29ebd' Filled=0 Fill price=0 Error='No error' Native error='',
7/22/2026 8:00:11 PM,Order,Order='cded1b6a60324a58aa41b528181d3605/Sim102' Name='Target2' New state='Cancelled' Instrument='MES SEP26' Action='Buy to cover' Limit price=7528 Stop price=0 Quantity=7 Type='Limit' Time in force=GTC Oco='00d7f727c061461c8fee7a921d54c8b5' Filled=0 Fill price=0 Error='No error' Native error='',
7/22/2026 8:00:11 PM,Order,Order='330947fa3a4849a4b6f8730f9263f010/Sim101' Name='Target1' New state='Cancelled' Instrument='MES SEP26' Action='Sell' Limit price=7533.75 Stop price=0 Quantity=6 Type='Limit' Time in force=GTC Oco='87f9abaf137a42cd9dac42562ed29ebd' Filled=0 Fill price=0 Error='No error' Native error='',
7/22/2026 8:00:10 PM,Position,Flatten account='PA-APEX-422136-08',
7/22/2026 8:00:10 PM,Position,Flatten account='PA-APEX-422136-05',
7/22/2026 8:00:10 PM,Position,Flatten account='PA-APEX-422136-06',
7/22/2026 8:00:10 PM,Position,Flatten account='PA-APEX-422136-07',
7/22/2026 8:00:10 PM,Position,Flatten account='PA-APEX-422136-01',
7/22/2026 8:00:10 PM,Position,Flatten account='PA-APEX-422136-03',
7/22/2026 8:00:10 PM,Position,Flatten account='PA-APEX-422136-04',
7/22/2026 8:00:10 PM,Position,Flatten account='PA-APEX-422136-09',
7/22/2026 8:00:10 PM,Order,Order='cded1b6a60324a58aa41b528181d3605/Sim102' Name='Target2' New state='Cancel submitted' Instrument='MES SEP26' Action='Buy to cover' Limit price=7528 Stop price=0 Quantity=7 Type='Limit' Time in force=GTC Oco='00d7f727c061461c8fee7a921d54c8b5' Filled=0 Fill price=0 Error='No error' Native error='',
7/22/2026 8:00:10 PM,Order,Order='b7d915f36c30454dbe9046b1775f5ea7/Sim102' Name='Stop2' New state='Cancel submitted' Instrument='MES SEP26' Action='Buy to cover' Limit price=0 Stop price=7537 Quantity=7 Type='Stop Market' Time in force=GTC Oco='00d7f727c061461c8fee7a921d54c8b5' Filled=0 Fill price=0 Error='No error' Native error='',
7/22/2026 8:00:10 PM,Order,Order='44607a54839043ffa80895cd20065a97/Sim102' Name='Stop1' New state='Cancel submitted' Instrument='MES SEP26' Action='Buy to cover' Limit price=0 Stop price=7537 Quantity=6 Type='Stop Market' Time in force=GTC Oco='a8df3d5c5f8c400baacd3bab725eaf71' Filled=0 Fill price=0 Error='No error' Native error='',
7/22/2026 8:00:10 PM,Order,Order='d4b1cf38c13c42008a133aa8851c484e/Sim102' Name='Target1' New state='Cancel submitted' Instrument='MES SEP26' Action='Buy to cover' Limit price=7528.5 Stop price=0 Quantity=6 Type='Limit' Time in force=GTC Oco='a8df3d5c5f8c400baacd3bab725eaf71' Filled=0 Fill price=0 Error='No error' Native error='',
7/22/2026 8:00:10 PM,Position,Flatten account='Sim102',
7/22/2026 8:00:10 PM,Order,Order='e5c7b8d8df31468baa39adbd59fa3aa3/Sim101' Name='Stop2' New state='Cancel submitted' Instrument='MES SEP26' Action='Sell' Limit price=0 Stop price=7525.25 Quantity=7 Type='Stop Market' Time in force=GTC Oco='2c411f1624d64004bf7f117c8c0cf904' Filled=0 Fill price=0 Error='No error' Native error='',
7/22/2026 8:00:10 PM,Order,Order='c36c8d2e0067456daa28e849bba6c10d/Sim101' Name='Stop1' New state='Cancel submitted' Instrument='MES SEP26' Action='Sell' Limit price=0 Stop price=7525.25 Quantity=6 Type='Stop Market' Time in force=GTC Oco='87f9abaf137a42cd9dac42562ed29ebd' Filled=0 Fill price=0 Error='No error' Native error='',
7/22/2026 8:00:10 PM,Order,Order='bd6018a37cd84239a455c84ce0f8182e/Sim101' Name='Target2' New state='Cancel submitted' Instrument='MES SEP26' Action='Sell' Limit price=7534.25 Stop price=0 Quantity=7 Type='Limit' Time in force=GTC Oco='2c411f1624d64004bf7f117c8c0cf904' Filled=0 Fill price=0 Error='No error' Native error='',
7/22/2026 8:00:10 PM,Order,Order='330947fa3a4849a4b6f8730f9263f010/Sim101' Name='Target1' New state='Cancel submitted' Instrument='MES SEP26' Action='Sell' Limit price=7533.75 Stop price=0 Quantity=6 Type='Limit' Time in force=GTC Oco='87f9abaf137a42cd9dac42562ed29ebd' Filled=0 Fill price=0 Error='No error' Native error='',
7/22/2026 8:00:10 PM,Position,Flatten account='Sim101',
7/22/2026 8:00:10 PM,Default,Terminating any NinjaScript strategies invoked by Flatten Everything command,
7/22/2026 7:59:28 PM,Order,Order='cded1b6a60324a58aa41b528181d3605/Sim102' Name='Target2' New state='Working' Instrument='MES SEP26' Action='Buy to cover' Limit price=7528 Stop price=0 Quantity=7 Type='Limit' Time in force=GTC Oco='00d7f727c061461c8fee7a921d54c8b5' Filled=0 Fill price=0 Error='No error' Native error='',
7/22/2026 7:59:28 PM,Order,Order='cded1b6a60324a58aa41b528181d3605/Sim102' Name='Target2' New state='Accepted' Instrument='MES SEP26' Action='Buy to cover' Limit price=7528 Stop price=0 Quantity=7 Type='Limit' Time in force=GTC Oco='00d7f727c061461c8fee7a921d54c8b5' Filled=0 Fill price=0 Error='No error' Native error='',
7/22/2026 7:59:28 PM,Order,Order='d4b1cf38c13c42008a133aa8851c484e/Sim102' Name='Target1' New state='Accepted' Instrument='MES SEP26' Action='Buy to cover' Limit price=7528.5 Stop price=0 Quantity=6 Type='Limit' Time in force=GTC Oco='a8df3d5c5f8c400baacd3bab725eaf71' Filled=0 Fill price=0 Error='No error' Native error='',
7/22/2026 7:59:28 PM,Order,Order='d4b1cf38c13c42008a133aa8851c484e/Sim102' Name='Target1' New state='Working' Instrument='MES SEP26' Action='Buy to cover' Limit price=7528.5 Stop price=0 Quantity=6 Type='Limit' Time in force=GTC Oco='a8df3d5c5f8c400baacd3bab725eaf71' Filled=0 Fill price=0 Error='No error' Native error='',
7/22/2026 7:59:28 PM,Order,Order='b7d915f36c30454dbe9046b1775f5ea7/Sim102' Name='Stop2' New state='Accepted' Instrument='MES SEP26' Action='Buy to cover' Limit price=0 Stop price=7537 Quantity=7 Type='Stop Market' Time in force=GTC Oco='00d7f727c061461c8fee7a921d54c8b5' Filled=0 Fill price=0 Error='No error' Native error='',
7/22/2026 7:59:28 PM,Order,Order='44607a54839043ffa80895cd20065a97/Sim102' Name='Stop1' New state='Accepted' Instrument='MES SEP26' Action='Buy to cover' Limit price=0 Stop price=7537 Quantity=6 Type='Stop Market' Time in force=GTC Oco='a8df3d5c5f8c400baacd3bab725eaf71' Filled=0 Fill price=0 Error='No error' Native error='',
7/22/2026 7:59:28 PM,Order,Order='cded1b6a60324a58aa41b528181d3605/Sim102' Name='Target2' New state='Submitted' Instrument='MES SEP26' Action='Buy to cover' Limit price=7528 Stop price=0 Quantity=7 Type='Limit' Time in force=GTC Oco='00d7f727c061461c8fee7a921d54c8b5' Filled=0 Fill price=0 Error='No error' Native error='',
7/22/2026 7:59:28 PM,Order,Order='b7d915f36c30454dbe9046b1775f5ea7/Sim102' Name='Stop2' New state='Submitted' Instrument='MES SEP26' Action='Buy to cover' Limit price=0 Stop price=7537 Quantity=7 Type='Stop Market' Time in force=GTC Oco='00d7f727c061461c8fee7a921d54c8b5' Filled=0 Fill price=0 Error='No error' Native error='',
7/22/2026 7:59:28 PM,Order,Order='d4b1cf38c13c42008a133aa8851c484e/Sim102' Name='Target1' New state='Submitted' Instrument='MES SEP26' Action='Buy to cover' Limit price=7528.5 Stop price=0 Quantity=6 Type='Limit' Time in force=GTC Oco='a8df3d5c5f8c400baacd3bab725eaf71' Filled=0 Fill price=0 Error='No error' Native error='',
7/22/2026 7:59:28 PM,Order,Order='44607a54839043ffa80895cd20065a97/Sim102' Name='Stop1' New state='Submitted' Instrument='MES SEP26' Action='Buy to cover' Limit price=0 Stop price=7537 Quantity=6 Type='Stop Market' Time in force=GTC Oco='a8df3d5c5f8c400baacd3bab725eaf71' Filled=0 Fill price=0 Error='No error' Native error='',
7/22/2026 7:59:27 PM,Execution,Execution='8692c9c9abce4053866141c3196949a1' Instrument='MES SEP26' Account='Sim102' Exchange=Default Price=7531 Quantity=13 Market position=Short Operation=Operation_Add Order='abe8ea2d3db04e87bf6149ec512de467' Time='7/22/2026 7:59 PM',
7/22/2026 7:59:27 PM,Position,Instrument='MES SEP26' Account='Sim102' Average price=7531 Quantity=13 Market position=Short Operation=Operation_Add,
7/22/2026 7:59:27 PM,Order,Order='abe8ea2d3db04e87bf6149ec512de467/Sim102' Name='Entry' New state='Filled' Instrument='MES SEP26' Action='Sell' Limit price=0 Stop price=0 Quantity=13 Type='Market' Time in force=GTC Oco='' Filled=13 Fill price=7531 Error='No error' Native error='',
7/22/2026 7:59:27 PM,Order,Order='abe8ea2d3db04e87bf6149ec512de467/Sim102' Name='Entry' New state='Working' Instrument='MES SEP26' Action='Sell' Limit price=0 Stop price=0 Quantity=13 Type='Market' Time in force=GTC Oco='' Filled=0 Fill price=0 Error='No error' Native error='',
7/22/2026 7:59:27 PM,Order,Order='abe8ea2d3db04e87bf6149ec512de467/Sim102' Name='Entry' New state='Accepted' Instrument='MES SEP26' Action='Sell' Limit price=0 Stop price=0 Quantity=13 Type='Market' Time in force=GTC Oco='' Filled=0 Fill price=0 Error='No error' Native error='',
7/22/2026 7:59:27 PM,Order,Order='abe8ea2d3db04e87bf6149ec512de467/Sim102' Name='Entry' New state='Submitted' Instrument='MES SEP26' Action='Sell' Limit price=0 Stop price=0 Quantity=13 Type='Market' Time in force=GTC Oco='' Filled=0 Fill price=0 Error='No error' Native error='',
7/22/2026 7:59:27 PM,Order,Chart Trader submitting order with strategy 'MES MIN SL6 - 3' (Ticks),
7/22/2026 7:59:27 PM,Position,Instrument='MES SEP26' Account='Sim102' Average price=0 Quantity=0 Market position=Flat Operation=Remove,
7/22/2026 7:59:27 PM,Execution,Execution='3a249d4eca894aeb8a3bff9f94d77688' Instrument='MES SEP26' Account='Sim102' Exchange=Default Price=7531.25 Quantity=13 Market position=Long Operation=Operation_Add Order='6cc73c877ed24dd1aee2c0a9a4ef93df' Time='7/22/2026 7:59 PM',
7/22/2026 7:59:27 PM,Order,Order='6cc73c877ed24dd1aee2c0a9a4ef93df/Sim102' Name='Close' New state='Filled' Instrument='MES SEP26' Action='Buy to cover' Limit price=0 Stop price=0 Quantity=13 Type='Market' Time in force=DAY Oco='' Filled=13 Fill price=7531.25 Error='No error' Native error='',
7/22/2026 7:59:27 PM,Order,Order='6cc73c877ed24dd1aee2c0a9a4ef93df/Sim102' Name='Close' New state='Working' Instrument='MES SEP26' Action='Buy to cover' Limit price=0 Stop price=0 Quantity=13 Type='Market' Time in force=DAY Oco='' Filled=0 Fill price=0 Error='No error' Native error='',
7/22/2026 7:59:27 PM,Order,Order='6cc73c877ed24dd1aee2c0a9a4ef93df/Sim102' Name='Close' New state='Accepted' Instrument='MES SEP26' Action='Buy to cover' Limit price=0 Stop price=0 Quantity=13 Type='Market' Time in force=DAY Oco='' Filled=0 Fill price=0 Error='No error' Native error='',
7/22/2026 7:59:26 PM,Order,Order='6cc73c877ed24dd1aee2c0a9a4ef93df/Sim102' Name='Close' New state='Submitted' Instrument='MES SEP26' Action='Buy to cover' Limit price=0 Stop price=0 Quantity=13 Type='Market' Time in force=DAY Oco='' Filled=0 Fill price=0 Error='No error' Native error='',
7/22/2026 7:59:26 PM,Order,Order='056770db7be641dfbd050c6bfb9de4d4/Sim102' Name='Target2' New state='Cancelled' Instrument='MES SEP26' Action='Buy to cover' Limit price=7527.5 Stop price=0 Quantity=7 Type='Limit' Time in force=GTC Oco='3e6698926eda4e3eb2ae1b1588844ade' Filled=0 Fill price=0 Error='No error' Native error='',
7/22/2026 7:59:26 PM,Order,Order='5e2012e38e714dc9aa96fbac9f461529/Sim102' Name='Stop2' New state='Cancelled' Instrument='MES SEP26' Action='Buy to cover' Limit price=0 Stop price=7536.5 Quantity=7 Type='Stop Market' Time in force=GTC Oco='3e6698926eda4e3eb2ae1b1588844ade' Filled=0 Fill price=0 Error='No error' Native error='',
7/22/2026 7:59:26 PM,Order,Order='2dc52053dfd14f1faa28b2c35b06052a/Sim102' Name='Stop1' New state='Cancelled' Instrument='MES SEP26' Action='Buy to cover' Limit price=0 Stop price=7536.5 Quantity=6 Type='Stop Market' Time in force=GTC Oco='09b36b96cde64ed998cc7028d0cacc7e' Filled=0 Fill price=0 Error='No error' Native error='',
7/22/2026 7:59:26 PM,Order,Order='648a381189ff4a368986a5117fbb424f/Sim102' Name='Target1' New state='Cancelled' Instrument='MES SEP26' Action='Buy to cover' Limit price=7528 Stop price=0 Quantity=6 Type='Limit' Time in force=GTC Oco='09b36b96cde64ed998cc7028d0cacc7e' Filled=0 Fill price=0 Error='No error' Native error='',
7/22/2026 7:59:26 PM,Order,Order='5e2012e38e714dc9aa96fbac9f461529/Sim102' Name='Stop2' New state='Cancel submitted' Instrument='MES SEP26' Action='Buy to cover' Limit price=0 Stop price=7536.5 Quantity=7 Type='Stop Market' Time in force=GTC Oco='3e6698926eda4e3eb2ae1b1588844ade' Filled=0 Fill price=0 Error='No error' Native error='',
7/22/2026 7:59:26 PM,Order,Order='2dc52053dfd14f1faa28b2c35b06052a/Sim102' Name='Stop1' New state='Cancel submitted' Instrument='MES SEP26' Action='Buy to cover' Limit price=0 Stop price=7536.5 Quantity=6 Type='Stop Market' Time in force=GTC Oco='09b36b96cde64ed998cc7028d0cacc7e' Filled=0 Fill price=0 Error='No error' Native error='',
7/22/2026 7:59:26 PM,Order,Order='056770db7be641dfbd050c6bfb9de4d4/Sim102' Name='Target2' New state='Cancel submitted' Instrument='MES SEP26' Action='Buy to cover' Limit price=7527.5 Stop price=0 Quantity=7 Type='Limit' Time in force=GTC Oco='3e6698926eda4e3eb2ae1b1588844ade' Filled=0 Fill price=0 Error='No error' Native error='',
7/22/2026 7:59:26 PM,Order,Order='648a381189ff4a368986a5117fbb424f/Sim102' Name='Target1' New state='Cancel submitted' Instrument='MES SEP26' Action='Buy to cover' Limit price=7528 Stop price=0 Quantity=6 Type='Limit' Time in force=GTC Oco='09b36b96cde64ed998cc7028d0cacc7e' Filled=0 Fill price=0 Error='No error' Native error='',
7/22/2026 7:59:26 PM,Default,Chart Trader close position,
7/22/2026 7:59:22 PM,Order,Order='bd6018a37cd84239a455c84ce0f8182e/Sim101' Name='Target2' New state='Working' Instrument='MES SEP26' Action='Sell' Limit price=7534.25 Stop price=0 Quantity=7 Type='Limit' Time in force=GTC Oco='2c411f1624d64004bf7f117c8c0cf904' Filled=0 Fill price=0 Error='No error' Native error='',
7/22/2026 7:59:22 PM,Order,Order='bd6018a37cd84239a455c84ce0f8182e/Sim101' Name='Target2' New state='Accepted' Instrument='MES SEP26' Action='Sell' Limit price=7534.25 Stop price=0 Quantity=7 Type='Limit' Time in force=GTC Oco='2c411f1624d64004bf7f117c8c0cf904' Filled=0 Fill price=0 Error='No error' Native error='',
7/22/2026 7:59:22 PM,Order,Order='e5c7b8d8df31468baa39adbd59fa3aa3/Sim101' Name='Stop2' New state='Accepted' Instrument='MES SEP26' Action='Sell' Limit price=0 Stop price=7525.25 Quantity=7 Type='Stop Market' Time in force=GTC Oco='2c411f1624d64004bf7f117c8c0cf904' Filled=0 Fill price=0 Error='No error' Native error='',
7/22/2026 7:59:22 PM,Order,Order='330947fa3a4849a4b6f8730f9263f010/Sim101' Name='Target1' New state='Working' Instrument='MES SEP26' Action='Sell' Limit price=7533.75 Stop price=0 Quantity=6 Type='Limit' Time in force=GTC Oco='87f9abaf137a42cd9dac42562ed29ebd' Filled=0 Fill price=0 Error='No error' Native error='',
7/22/2026 7:59:22 PM,Order,Order='330947fa3a4849a4b6f8730f9263f010/Sim101' Name='Target1' New state='Accepted' Instrument='MES SEP26' Action='Sell' Limit price=7533.75 Stop price=0 Quantity=6 Type='Limit' Time in force=GTC Oco='87f9abaf137a42cd9dac42562ed29ebd' Filled=0 Fill price=0 Error='No error' Native error='',
7/22/2026 7:59:22 PM,Order,Order='c36c8d2e0067456daa28e849bba6c10d/Sim101' Name='Stop1' New state='Accepted' Instrument='MES SEP26' Action='Sell' Limit price=0 Stop price=7525.25 Quantity=6 Type='Stop Market' Time in force=GTC Oco='87f9abaf137a42cd9dac42562ed29ebd' Filled=0 Fill price=0 Error='No error' Native error='',
7/22/2026 7:59:22 PM,Order,Order='bd6018a37cd84239a455c84ce0f8182e/Sim101' Name='Target2' New state='Submitted' Instrument='MES SEP26' Action='Sell' Limit price=7534.25 Stop price=0 Quantity=7 Type='Limit' Time in force=GTC Oco='2c411f1624d64004bf7f117c8c0cf904' Filled=0 Fill price=0 Error='No error' Native error='',
7/22/2026 7:59:22 PM,Order,Order='e5c7b8d8df31468baa39adbd59fa3aa3/Sim101' Name='Stop2' New state='Submitted' Instrument='MES SEP26' Action='Sell' Limit price=0 Stop price=7525.25 Quantity=7 Type='Stop Market' Time in force=GTC Oco='2c411f1624d64004bf7f117c8c0cf904' Filled=0 Fill price=0 Error='No error' Native error='',
7/22/2026 7:59:22 PM,Order,Order='330947fa3a4849a4b6f8730f9263f010/Sim101' Name='Target1' New state='Submitted' Instrument='MES SEP26' Action='Sell' Limit price=7533.75 Stop price=0 Quantity=6 Type='Limit' Time in force=GTC Oco='87f9abaf137a42cd9dac42562ed29ebd' Filled=0 Fill price=0 Error='No error' Native error='',
7/22/2026 7:59:22 PM,Order,Order='c36c8d2e0067456daa28e849bba6c10d/Sim101' Name='Stop1' New state='Submitted' Instrument='MES SEP26' Action='Sell' Limit price=0 Stop price=7525.25 Quantity=6 Type='Stop Market' Time in force=GTC Oco='87f9abaf137a42cd9dac42562ed29ebd' Filled=0 Fill price=0 Error='No error' Native error='',
7/22/2026 7:59:22 PM,Position,Instrument='MES SEP26' Account='Sim101' Average price=7531.25 Quantity=13 Market position=Long Operation=Operation_Add,
7/22/2026 7:59:22 PM,Execution,Execution='020f5a2208b443b0b31c5bfc8a1b7961' Instrument='MES SEP26' Account='Sim101' Exchange=Default Price=7531.25 Quantity=13 Market position=Long Operation=Operation_Add Order='a71f2290e84c495a8ef4a27e4aac24bc' Time='7/22/2026 7:59 PM',
7/22/2026 7:59:22 PM,Order,Order='a71f2290e84c495a8ef4a27e4aac24bc/Sim101' Name='Entry' New state='Filled' Instrument='MES SEP26' Action='Buy' Limit price=0 Stop price=0 Quantity=13 Type='Market' Time in force=GTC Oco='' Filled=13 Fill price=7531.25 Error='No error' Native error='',
7/22/2026 7:59:22 PM,Order,Order='a71f2290e84c495a8ef4a27e4aac24bc/Sim101' Name='Entry' New state='Working' Instrument='MES SEP26' Action='Buy' Limit price=0 Stop price=0 Quantity=13 Type='Market' Time in force=GTC Oco='' Filled=0 Fill price=0 Error='No error' Native error='',
7/22/2026 7:59:22 PM,Order,Order='a71f2290e84c495a8ef4a27e4aac24bc/Sim101' Name='Entry' New state='Accepted' Instrument='MES SEP26' Action='Buy' Limit price=0 Stop price=0 Quantity=13 Type='Market' Time in force=GTC Oco='' Filled=0 Fill price=0 Error='No error' Native error='',
7/22/2026 7:59:22 PM,Order,Order='a71f2290e84c495a8ef4a27e4aac24bc/Sim101' Name='Entry' New state='Submitted' Instrument='MES SEP26' Action='Buy' Limit price=0 Stop price=0 Quantity=13 Type='Market' Time in force=GTC Oco='' Filled=0 Fill price=0 Error='No error' Native error='',
7/22/2026 7:59:22 PM,Order,Chart Trader submitting order with strategy 'MES MIN SL6 - 2' (Ticks),
7/22/2026 7:59:21 PM,Position,Instrument='MES SEP26' Account='Sim101' Average price=0 Quantity=0 Market position=Flat Operation=Remove,
7/22/2026 7:59:21 PM,Execution,Execution='d6e6633e6ee547d6a96a2d7f741edbca' Instrument='MES SEP26' Account='Sim101' Exchange=Default Price=7530.75 Quantity=13 Market position=Short Operation=Operation_Add Order='203ca3efd968400c9afe3b61f538f8dd' Time='7/22/2026 7:59 PM',
7/22/2026 7:59:21 PM,Order,Order='203ca3efd968400c9afe3b61f538f8dd/Sim101' Name='Close' New state='Filled' Instrument='MES SEP26' Action='Sell' Limit price=0 Stop price=0 Quantity=13 Type='Market' Time in force=DAY Oco='' Filled=13 Fill price=7530.75 Error='No error' Native error='',
7/22/2026 7:59:21 PM,Order,Order='203ca3efd968400c9afe3b61f538f8dd/Sim101' Name='Close' New state='Working' Instrument='MES SEP26' Action='Sell' Limit price=0 Stop price=0 Quantity=13 Type='Market' Time in force=DAY Oco='' Filled=0 Fill price=0 Error='No error' Native error='',
7/22/2026 7:59:21 PM,Order,Order='203ca3efd968400c9afe3b61f538f8dd/Sim101' Name='Close' New state='Accepted' Instrument='MES SEP26' Action='Sell' Limit price=0 Stop price=0 Quantity=13 Type='Market' Time in force=DAY Oco='' Filled=0 Fill price=0 Error='No error' Native error='',
7/22/2026 7:59:21 PM,Order,Order='203ca3efd968400c9afe3b61f538f8dd/Sim101' Name='Close' New state='Submitted' Instrument='MES SEP26' Action='Sell' Limit price=0 Stop price=0 Quantity=13 Type='Market' Time in force=DAY Oco='' Filled=0 Fill price=0 Error='No error' Native error='',
7/22/2026 7:59:21 PM,Order,Order='ecc40400a5d44fe79d7d87453e6536bb/Sim101' Name='Target2' New state='Cancelled' Instrument='MES SEP26' Action='Sell' Limit price=7534.5 Stop price=0 Quantity=7 Type='Limit' Time in force=GTC Oco='eecc784215e94cd3bd8335202c8bd4ed' Filled=0 Fill price=0 Error='No error' Native error='',
7/22/2026 7:59:21 PM,Order,Order='2445ba7682c74a88a44997846b8de448/Sim101' Name='Stop2' New state='Cancelled' Instrument='MES SEP26' Action='Sell' Limit price=0 Stop price=7525.5 Quantity=7 Type='Stop Market' Time in force=GTC Oco='eecc784215e94cd3bd8335202c8bd4ed' Filled=0 Fill price=0 Error='No error' Native error='',
7/22/2026 7:59:21 PM,Order,Order='12dfae6e44a445549520d7ac0dbfdde8/Sim101' Name='Stop1' New state='Cancelled' Instrument='MES SEP26' Action='Sell' Limit price=0 Stop price=7525.5 Quantity=6 Type='Stop Market' Time in force=GTC Oco='7cd9aa0cc7494f0a954ccf4123d3be87' Filled=0 Fill price=0 Error='No error' Native error='',
7/22/2026 7:59:21 PM,Order,Order='d2d7c65d31984e4f97b7eb968420ab9f/Sim101' Name='Target1' New state='Cancelled' Instrument='MES SEP26' Action='Sell' Limit price=7534 Stop price=0 Quantity=6 Type='Limit' Time in force=GTC Oco='7cd9aa0cc7494f0a954ccf4123d3be87' Filled=0 Fill price=0 Error='No error' Native error='',
7/22/2026 7:59:21 PM,Order,Order='2445ba7682c74a88a44997846b8de448/Sim101' Name='Stop2' New state='Cancel submitted' Instrument='MES SEP26' Action='Sell' Limit price=0 Stop price=7525.5 Quantity=7 Type='Stop Market' Time in force=GTC Oco='eecc784215e94cd3bd8335202c8bd4ed' Filled=0 Fill price=0 Error='No error' Native error='',
7/22/2026 7:59:21 PM,Order,Order='12dfae6e44a445549520d7ac0dbfdde8/Sim101' Name='Stop1' New state='Cancel submitted' Instrument='MES SEP26' Action='Sell' Limit price=0 Stop price=7525.5 Quantity=6 Type='Stop Market' Time in force=GTC Oco='7cd9aa0cc7494f0a954ccf4123d3be87' Filled=0 Fill price=0 Error='No error' Native error='',
7/22/2026 7:59:21 PM,Order,Order='ecc40400a5d44fe79d7d87453e6536bb/Sim101' Name='Target2' New state='Cancel submitted' Instrument='MES SEP26' Action='Sell' Limit price=7534.5 Stop price=0 Quantity=7 Type='Limit' Time in force=GTC Oco='eecc784215e94cd3bd8335202c8bd4ed' Filled=0 Fill price=0 Error='No error' Native error='',
7/22/2026 7:59:21 PM,Order,Order='d2d7c65d31984e4f97b7eb968420ab9f/Sim101' Name='Target1' New state='Cancel submitted' Instrument='MES SEP26' Action='Sell' Limit price=7534 Stop price=0 Quantity=6 Type='Limit' Time in force=GTC Oco='7cd9aa0cc7494f0a954ccf4123d3be87' Filled=0 Fill price=0 Error='No error' Native error='',
7/22/2026 7:59:21 PM,Default,Chart Trader close position,
7/22/2026 7:58:19 PM,Order,Order='ecc40400a5d44fe79d7d87453e6536bb/Sim101' Name='Target2' New state='Working' Instrument='MES SEP26' Action='Sell' Limit price=7534.5 Stop price=0 Quantity=7 Type='Limit' Time in force=GTC Oco='eecc784215e94cd3bd8335202c8bd4ed' Filled=0 Fill price=0 Error='No error' Native error='',
7/22/2026 7:58:19 PM,Order,Order='ecc40400a5d44fe79d7d87453e6536bb/Sim101' Name='Target2' New state='Accepted' Instrument='MES SEP26' Action='Sell' Limit price=7534.5 Stop price=0 Quantity=7 Type='Limit' Time in force=GTC Oco='eecc784215e94cd3bd8335202c8bd4ed' Filled=0 Fill price=0 Error='No error' Native error='',
7/22/2026 7:58:19 PM,Order,Order='d2d7c65d31984e4f97b7eb968420ab9f/Sim101' Name='Target1' New state='Working' Instrument='MES SEP26' Action='Sell' Limit price=7534 Stop price=0 Quantity=6 Type='Limit' Time in force=GTC Oco='7cd9aa0cc7494f0a954ccf4123d3be87' Filled=0 Fill price=0 Error='No error' Native error='',
7/22/2026 7:58:19 PM,Order,Order='d2d7c65d31984e4f97b7eb968420ab9f/Sim101' Name='Target1' New state='Accepted' Instrument='MES SEP26' Action='Sell' Limit price=7534 Stop price=0 Quantity=6 Type='Limit' Time in force=GTC Oco='7cd9aa0cc7494f0a954ccf4123d3be87' Filled=0 Fill price=0 Error='No error' Native error='',
7/22/2026 7:58:19 PM,Order,Order='2445ba7682c74a88a44997846b8de448/Sim101' Name='Stop2' New state='Accepted' Instrument='MES SEP26' Action='Sell' Limit price=0 Stop price=7525.5 Quantity=7 Type='Stop Market' Time in force=GTC Oco='eecc784215e94cd3bd8335202c8bd4ed' Filled=0 Fill price=0 Error='No error' Native error='',
7/22/2026 7:58:19 PM,Order,Order='12dfae6e44a445549520d7ac0dbfdde8/Sim101' Name='Stop1' New state='Accepted' Instrument='MES SEP26' Action='Sell' Limit price=0 Stop price=7525.5 Quantity=6 Type='Stop Market' Time in force=GTC Oco='7cd9aa0cc7494f0a954ccf4123d3be87' Filled=0 Fill price=0 Error='No error' Native error='',
7/22/2026 7:58:19 PM,Order,Order='ecc40400a5d44fe79d7d87453e6536bb/Sim101' Name='Target2' New state='Submitted' Instrument='MES SEP26' Action='Sell' Limit price=7534.5 Stop price=0 Quantity=7 Type='Limit' Time in force=GTC Oco='eecc784215e94cd3bd8335202c8bd4ed' Filled=0 Fill price=0 Error='No error' Native error='',
7/22/2026 7:58:19 PM,Order,Order='2445ba7682c74a88a44997846b8de448/Sim101' Name='Stop2' New state='Submitted' Instrument='MES SEP26' Action='Sell' Limit price=0 Stop price=7525.5 Quantity=7 Type='Stop Market' Time in force=GTC Oco='eecc784215e94cd3bd8335202c8bd4ed' Filled=0 Fill price=0 Error='No error' Native error='',
7/22/2026 7:58:19 PM,Order,Order='d2d7c65d31984e4f97b7eb968420ab9f/Sim101' Name='Target1' New state='Submitted' Instrument='MES SEP26' Action='Sell' Limit price=7534 Stop price=0 Quantity=6 Type='Limit' Time in force=GTC Oco='7cd9aa0cc7494f0a954ccf4123d3be87' Filled=0 Fill price=0 Error='No error' Native error='',
7/22/2026 7:58:19 PM,Order,Order='12dfae6e44a445549520d7ac0dbfdde8/Sim101' Name='Stop1' New state='Submitted' Instrument='MES SEP26' Action='Sell' Limit price=0 Stop price=7525.5 Quantity=6 Type='Stop Market' Time in force=GTC Oco='7cd9aa0cc7494f0a954ccf4123d3be87' Filled=0 Fill price=0 Error='No error' Native error='',
7/22/2026 7:58:19 PM,Position,Instrument='MES SEP26' Account='Sim101' Average price=7531.5 Quantity=13 Market position=Long Operation=Operation_Add,
7/22/2026 7:58:19 PM,Execution,Execution='ca7c3090461f4ed98de015e7c3deade7' Instrument='MES SEP26' Account='Sim101' Exchange=Default Price=7531.5 Quantity=13 Market position=Long Operation=Operation_Add Order='616c227fd6d8409eb3a0fa78c57d4980' Time='7/22/2026 7:58 PM',
7/22/2026 7:58:19 PM,Order,Order='616c227fd6d8409eb3a0fa78c57d4980/Sim101' Name='Entry' New state='Filled' Instrument='MES SEP26' Action='Buy' Limit price=0 Stop price=0 Quantity=13 Type='Market' Time in force=GTC Oco='' Filled=13 Fill price=7531.5 Error='No error' Native error='',
7/22/2026 7:58:19 PM,Order,Order='616c227fd6d8409eb3a0fa78c57d4980/Sim101' Name='Entry' New state='Working' Instrument='MES SEP26' Action='Buy' Limit price=0 Stop price=0 Quantity=13 Type='Market' Time in force=GTC Oco='' Filled=0 Fill price=0 Error='No error' Native error='',
7/22/2026 7:58:19 PM,Order,Order='616c227fd6d8409eb3a0fa78c57d4980/Sim101' Name='Entry' New state='Accepted' Instrument='MES SEP26' Action='Buy' Limit price=0 Stop price=0 Quantity=13 Type='Market' Time in force=GTC Oco='' Filled=0 Fill price=0 Error='No error' Native error='',
7/22/2026 7:58:19 PM,Order,Order='616c227fd6d8409eb3a0fa78c57d4980/Sim101' Name='Entry' New state='Submitted' Instrument='MES SEP26' Action='Buy' Limit price=0 Stop price=0 Quantity=13 Type='Market' Time in force=GTC Oco='' Filled=0 Fill price=0 Error='No error' Native error='',
7/22/2026 7:58:19 PM,Order,Chart Trader submitting order with strategy 'MES MIN SL6 - 2' (Ticks),
7/22/2026 7:57:45 PM,Order,Order='056770db7be641dfbd050c6bfb9de4d4/Sim102' Name='Target2' New state='Working' Instrument='MES SEP26' Action='Buy to cover' Limit price=7527.5 Stop price=0 Quantity=7 Type='Limit' Time in force=GTC Oco='3e6698926eda4e3eb2ae1b1588844ade' Filled=0 Fill price=0 Error='No error' Native error='',
7/22/2026 7:57:45 PM,Order,Order='056770db7be641dfbd050c6bfb9de4d4/Sim102' Name='Target2' New state='Accepted' Instrument='MES SEP26' Action='Buy to cover' Limit price=7527.5 Stop price=0 Quantity=7 Type='Limit' Time in force=GTC Oco='3e6698926eda4e3eb2ae1b1588844ade' Filled=0 Fill price=0 Error='No error' Native error='',
7/22/2026 7:57:45 PM,Order,Order='648a381189ff4a368986a5117fbb424f/Sim102' Name='Target1' New state='Working' Instrument='MES SEP26' Action='Buy to cover' Limit price=7528 Stop price=0 Quantity=6 Type='Limit' Time in force=GTC Oco='09b36b96cde64ed998cc7028d0cacc7e' Filled=0 Fill price=0 Error='No error' Native error='',
7/22/2026 7:57:45 PM,Order,Order='5e2012e38e714dc9aa96fbac9f461529/Sim102' Name='Stop2' New state='Accepted' Instrument='MES SEP26' Action='Buy to cover' Limit price=0 Stop price=7536.5 Quantity=7 Type='Stop Market' Time in force=GTC Oco='3e6698926eda4e3eb2ae1b1588844ade' Filled=0 Fill price=0 Error='No error' Native error='',
7/22/2026 7:57:45 PM,Order,Order='648a381189ff4a368986a5117fbb424f/Sim102' Name='Target1' New state='Accepted' Instrument='MES SEP26' Action='Buy to cover' Limit price=7528 Stop price=0 Quantity=6 Type='Limit' Time in force=GTC Oco='09b36b96cde64ed998cc7028d0cacc7e' Filled=0 Fill price=0 Error='No error' Native error='',
7/22/2026 7:57:45 PM,Order,Order='2dc52053dfd14f1faa28b2c35b06052a/Sim102' Name='Stop1' New state='Accepted' Instrument='MES SEP26' Action='Buy to cover' Limit price=0 Stop price=7536.5 Quantity=6 Type='Stop Market' Time in force=GTC Oco='09b36b96cde64ed998cc7028d0cacc7e' Filled=0 Fill price=0 Error='No error' Native error='',
7/22/2026 7:57:44 PM,Order,Order='056770db7be641dfbd050c6bfb9de4d4/Sim102' Name='Target2' New state='Submitted' Instrument='MES SEP26' Action='Buy to cover' Limit price=7527.5 Stop price=0 Quantity=7 Type='Limit' Time in force=GTC Oco='3e6698926eda4e3eb2ae1b1588844ade' Filled=0 Fill price=0 Error='No error' Native error='',
7/22/2026 7:57:44 PM,Order,Order='5e2012e38e714dc9aa96fbac9f461529/Sim102' Name='Stop2' New state='Submitted' Instrument='MES SEP26' Action='Buy to cover' Limit price=0 Stop price=7536.5 Quantity=7 Type='Stop Market' Time in force=GTC Oco='3e6698926eda4e3eb2ae1b1588844ade' Filled=0 Fill price=0 Error='No error' Native error='',
7/22/2026 7:57:44 PM,Position,Instrument='MES SEP26' Account='Sim102' Average price=7530.5 Quantity=13 Market position=Short Operation=Operation_Add,
7/22/2026 7:57:44 PM,Order,Order='648a381189ff4a368986a5117fbb424f/Sim102' Name='Target1' New state='Submitted' Instrument='MES SEP26' Action='Buy to cover' Limit price=7528 Stop price=0 Quantity=6 Type='Limit' Time in force=GTC Oco='09b36b96cde64ed998cc7028d0cacc7e' Filled=0 Fill price=0 Error='No error' Native error='',
7/22/2026 7:57:44 PM,Order,Order='2dc52053dfd14f1faa28b2c35b06052a/Sim102' Name='Stop1' New state='Submitted' Instrument='MES SEP26' Action='Buy to cover' Limit price=0 Stop price=7536.5 Quantity=6 Type='Stop Market' Time in force=GTC Oco='09b36b96cde64ed998cc7028d0cacc7e' Filled=0 Fill price=0 Error='No error' Native error='',
7/22/2026 7:57:44 PM,Execution,Execution='565b1c42aaea4b71bdcd1715dbca8026' Instrument='MES SEP26' Account='Sim102' Exchange=Default Price=7530.5 Quantity=13 Market position=Short Operation=Operation_Add Order='eb3f8d2ce36244379cce76cdba6421b1' Time='7/22/2026 7:57 PM',
7/22/2026 7:57:44 PM,Order,Order='eb3f8d2ce36244379cce76cdba6421b1/Sim102' Name='Entry' New state='Filled' Instrument='MES SEP26' Action='Sell' Limit price=0 Stop price=0 Quantity=13 Type='Market' Time in force=GTC Oco='' Filled=13 Fill price=7530.5 Error='No error' Native error='',
7/22/2026 7:57:44 PM,Order,Order='eb3f8d2ce36244379cce76cdba6421b1/Sim102' Name='Entry' New state='Working' Instrument='MES SEP26' Action='Sell' Limit price=0 Stop price=0 Quantity=13 Type='Market' Time in force=GTC Oco='' Filled=0 Fill price=0 Error='No error' Native error='',
7/22/2026 7:57:44 PM,Order,Order='eb3f8d2ce36244379cce76cdba6421b1/Sim102' Name='Entry' New state='Accepted' Instrument='MES SEP26' Action='Sell' Limit price=0 Stop price=0 Quantity=13 Type='Market' Time in force=GTC Oco='' Filled=0 Fill price=0 Error='No error' Native error='',
7/22/2026 7:57:44 PM,Order,Order='eb3f8d2ce36244379cce76cdba6421b1/Sim102' Name='Entry' New state='Submitted' Instrument='MES SEP26' Action='Sell' Limit price=0 Stop price=0 Quantity=13 Type='Market' Time in force=GTC Oco='' Filled=0 Fill price=0 Error='No error' Native error='',
7/22/2026 7:57:44 PM,Order,Chart Trader submitting order with strategy 'MES MIN SL6 - 1' (Ticks),
7/22/2026 7:57:12 PM,Connection,Using HDS (hds-us-nt-008.ninjatrader.com/31655),
7/22/2026 7:57:12 PM,Connection,Time to auto close position='12:00:00 AM' Enabled=False,
7/22/2026 7:57:11 PM,Connection,My Rithmic for NinjaTrader Brokerage: Primary connection=Connected Price feed=Connected,
7/22/2026 7:57:06 PM,Default,Restoring workspace 'Testing'...,
7/22/2026 7:56:58 PM,Default,Restoring workspace '3'...,
7/22/2026 7:56:55 PM,Default,Auto close enabled=False,
7/22/2026 7:56:55 PM,Order,Order entry hot keys disabled,
7/22/2026 7:56:54 PM,Connection,My Rithmic for NinjaTrader Brokerage: Primary connection=Connecting Price feed=Connecting,
7/22/2026 7:56:54 PM,Default,Auto connecting 'My Rithmic for NinjaTrader Brokerage'...,
7/22/2026 7:56:54 PM,Default,Automated trading disabled,
7/22/2026 7:56:54 PM,Connection,Using IS (is-us-nt-006.ninjatrader.com/31658),
7/22/2026 7:56:46 PM,Default,Global simulation mode disabled,
7/22/2026 7:56:27 PM,Default,Session Break (Version 8.1.7.2),
7/22/2026 6:32:42 PM,Connection,My Rithmic for NinjaTrader Brokerage: Primary connection=Disconnected Price feed=Disconnected,
7/22/2026 6:32:42 PM,Connection,My Rithmic for NinjaTrader Brokerage: Primary connection=Disconnecting Price feed=Disconnecting,
7/22/2026 6:32:37 PM,Default,Workspace Testing not saved,
7/22/2026 6:32:36 PM,Default,Workspace 3 not saved,
7/22/2026 5:31:41 PM,Connection,Market data failed for 'MES SEP26': 'get_order_book error : 13',
7/22/2026 5:31:41 PM,Connection,Market data failed for 'MGC AUG26': 'get_order_book error : 13',
7/22/2026 5:31:38 PM,Connection,My Rithmic for NinjaTrader Brokerage: Primary connection=Connected Price feed=Connected,
7/22/2026 5:31:37 PM,Connection,Connection restored to the NinjaTrader Information Server: is-us-nt-006.ninjatrader.com,
7/22/2026 5:31:37 PM,Connection,Connection restored to the NinjaTrader Historical Data Server: hds-us-nt-012.ninjatrader.com,
7/22/2026 5:31:36 PM,Connection,Using HDS (is-us-nt-006.ninjatrader.com/31658),
7/22/2026 5:31:36 PM,Connection,Using HDS (hds-us-nt-012.ninjatrader.com/31655),
7/22/2026 5:31:27 PM,Connection,My Rithmic for NinjaTrader Brokerage: Primary connection=Connection lost Price feed=Connection lost,
7/22/2026 5:31:26 PM,Connection,My Rithmic for NinjaTrader Brokerage: Primary connection=Connection lost Price feed=Connected,
7/22/2026 5:31:26 PM,Default,Unable to load server side config file: The remote name could not be resolved: 'license2.ninjatrader.com',
7/22/2026 5:31:25 PM,Connection,Connection lost to the NinjaTrader Historical Data Server: hds-us-nt-015.ninjatrader.com,
7/22/2026 5:31:25 PM,Connection,Connection lost to the NinjaTrader Information Server: is-us-nt-005.ninjatrader.com,
7/22/2026 8:35:59 AM,Order,Order='2833143150/PA-APEX-422136-04' Name='Entry' New state='Cancelled' Instrument='MES SEP26' Action='Buy' Limit price=7546 Stop price=0 Quantity=16 Type='Limit' Time in force=GTC Oco='' Filled=0 Fill price=0 Error='No error' Native error='',
7/22/2026 8:35:59 AM,Order,Order='2833137900/PA-APEX-422136-04' Name='Entry' New state='Cancelled' Instrument='MES SEP26' Action='Sell' Limit price=7563 Stop price=0 Quantity=16 Type='Limit' Time in force=GTC Oco='' Filled=0 Fill price=0 Error='No error' Native error='',
7/22/2026 8:35:59 AM,Order,Order='2833144212/PA-APEX-422136-08' Name='Entry' New state='Cancelled' Instrument='MES SEP26' Action='Buy' Limit price=7546 Stop price=0 Quantity=16 Type='Limit' Time in force=GTC Oco='' Filled=0 Fill price=0 Error='No error' Native error='',
7/22/2026 8:35:59 AM,Order,Order='2833138993/PA-APEX-422136-08' Name='Entry' New state='Cancelled' Instrument='MES SEP26' Action='Sell' Limit price=7563 Stop price=0 Quantity=16 Type='Limit' Time in force=GTC Oco='' Filled=0 Fill price=0 Error='No error' Native error='',
7/22/2026 8:35:59 AM,Order,Order='2833144212/PA-APEX-422136-08' Name='Entry' New state='Cancel submitted' Instrument='MES SEP26' Action='Buy' Limit price=7546 Stop price=0 Quantity=16 Type='Limit' Time in force=GTC Oco='' Filled=0 Fill price=0 Error='No error' Native error='',
7/22/2026 8:35:59 AM,Order,Order='2833137900/PA-APEX-422136-04' Name='Entry' New state='Cancel submitted' Instrument='MES SEP26' Action='Sell' Limit price=7563 Stop price=0 Quantity=16 Type='Limit' Time in force=GTC Oco='' Filled=0 Fill price=0 Error='No error' Native error='',
7/22/2026 8:35:59 AM,Order,Order='2833143150/PA-APEX-422136-04' Name='Entry' New state='Cancel submitted' Instrument='MES SEP26' Action='Buy' Limit price=7546 Stop price=0 Quantity=16 Type='Limit' Time in force=GTC Oco='' Filled=0 Fill price=0 Error='No error' Native error='',
7/22/2026 8:35:59 AM,Order,Order='2833138993/PA-APEX-422136-08' Name='Entry' New state='Cancel submitted' Instrument='MES SEP26' Action='Sell' Limit price=7563 Stop price=0 Quantity=16 Type='Limit' Time in force=GTC Oco='' Filled=0 Fill price=0 Error='No error' Native error='',
7/22/2026 8:35:59 AM,Default,Cancel all orders account='PA-APEX-422136-03',
7/22/2026 8:35:59 AM,Default,Cancel all orders account='PA-APEX-422136-01',
7/22/2026 8:35:59 AM,Default,Cancel all orders account='PA-APEX-422136-06',
7/22/2026 8:35:59 AM,Default,Cancel all orders account='PA-APEX-422136-07',
7/22/2026 8:35:59 AM,Default,Cancel all orders account='PA-APEX-422136-04',
7/22/2026 8:35:59 AM,Default,Cancel all orders account='PA-APEX-422136-05',
7/22/2026 8:35:59 AM,Default,Cancel all orders account='Sim102',
7/22/2026 8:35:59 AM,Default,Cancel all orders account='PA-APEX-422136-09',
7/22/2026 8:35:59 AM,Default,Cancel all orders account='PA-APEX-422136-08',
7/22/2026 8:35:59 AM,Default,Cancel all orders account='Sim101',
7/22/2026 8:28:24 AM,Order,Order='2833144212/PA-APEX-422136-08' Name='Entry' New state='Accepted' Instrument='MES SEP26' Action='Buy' Limit price=7546 Stop price=0 Quantity=16 Type='Limit' Time in force=GTC Oco='' Filled=0 Fill price=0 Error='No error' Native error='',
7/22/2026 8:28:24 AM,Order,Order='2833144212/PA-APEX-422136-08' Name='Entry' New state='Working' Instrument='MES SEP26' Action='Buy' Limit price=7546 Stop price=0 Quantity=16 Type='Limit' Time in force=GTC Oco='' Filled=0 Fill price=0 Error='No error' Native error='',
7/22/2026 8:28:24 AM,Order,Order='53b55e60849648dabcc8d20fdbd5b5d2/PA-APEX-422136-08' Name='Entry' New state='Submitted' Instrument='MES SEP26' Action='Buy' Limit price=7546 Stop price=0 Quantity=16 Type='Limit' Time in force=GTC Oco='' Filled=0 Fill price=0 Error='No error' Native error='',
7/22/2026 8:28:24 AM,Order,Chart Trader submitting order with strategy 'MES MIN SL5 - 8' (Ticks),
7/22/2026 8:28:18 AM,Order,Order='2833138562/PA-APEX-422136-08' Name='Entry' New state='Cancelled' Instrument='MES SEP26' Action='Buy' Limit price=7543 Stop price=0 Quantity=16 Type='Limit' Time in force=GTC Oco='' Filled=0 Fill price=0 Error='No error' Native error='',
7/22/2026 8:28:18 AM,Order,Order='2833138562/PA-APEX-422136-08' Name='Entry' New state='Cancel submitted' Instrument='MES SEP26' Action='Buy' Limit price=7543 Stop price=0 Quantity=16 Type='Limit' Time in force=GTC Oco='' Filled=0 Fill price=0 Error='No error' Native error='',
7/22/2026 8:28:06 AM,Order,Order='2833143150/PA-APEX-422136-04' Name='Entry' New state='Working' Instrument='MES SEP26' Action='Buy' Limit price=7546 Stop price=0 Quantity=16 Type='Limit' Time in force=GTC Oco='' Filled=0 Fill price=0 Error='No error' Native error='',
7/22/2026 8:28:06 AM,Order,Order='2833143150/PA-APEX-422136-04' Name='Entry' New state='Accepted' Instrument='MES SEP26' Action='Buy' Limit price=7546 Stop price=0 Quantity=16 Type='Limit' Time in force=GTC Oco='' Filled=0 Fill price=0 Error='No error' Native error='',
7/22/2026 8:28:06 AM,Order,Order='34819796cac34970bd04c7021ee6089d/PA-APEX-422136-04' Name='Entry' New state='Submitted' Instrument='MES SEP26' Action='Buy' Limit price=7546 Stop price=0 Quantity=16 Type='Limit' Time in force=GTC Oco='' Filled=0 Fill price=0 Error='No error' Native error='',
7/22/2026 8:28:06 AM,Order,Chart Trader submitting order with strategy 'MES MIN SL5 - 7' (Ticks),
7/22/2026 8:27:57 AM,Order,Order='2833109971/PA-APEX-422136-04' Name='Entry' New state='Cancelled' Instrument='MES SEP26' Action='Buy' Limit price=7543 Stop price=0 Quantity=16 Type='Limit' Time in force=GTC Oco='' Filled=0 Fill price=0 Error='No error' Native error='',
7/22/2026 8:27:57 AM,Order,Order='2833109971/PA-APEX-422136-04' Name='Entry' New state='Cancel submitted' Instrument='MES SEP26' Action='Buy' Limit price=7543 Stop price=0 Quantity=16 Type='Limit' Time in force=GTC Oco='' Filled=0 Fill price=0 Error='No error' Native error='',
7/22/2026 8:26:50 AM,Order,Order='2833138993/PA-APEX-422136-08' Name='Entry' New state='Accepted' Instrument='MES SEP26' Action='Sell' Limit price=7563 Stop price=0 Quantity=16 Type='Limit' Time in force=GTC Oco='' Filled=0 Fill price=0 Error='No error' Native error='',
7/22/2026 8:26:50 AM,Order,Order='2833138993/PA-APEX-422136-08' Name='Entry' New state='Working' Instrument='MES SEP26' Action='Sell' Limit price=7563 Stop price=0 Quantity=16 Type='Limit' Time in force=GTC Oco='' Filled=0 Fill price=0 Error='No error' Native error='',
7/22/2026 8:26:50 AM,Order,Order='1bea62f3413e43f7bfafbe8f77d10567/PA-APEX-422136-08' Name='Entry' New state='Submitted' Instrument='MES SEP26' Action='Sell' Limit price=7563 Stop price=0 Quantity=16 Type='Limit' Time in force=GTC Oco='' Filled=0 Fill price=0 Error='No error' Native error='',
7/22/2026 8:26:50 AM,Order,Chart Trader submitting order with strategy 'MES MIN SL5 - 6' (Ticks),
7/22/2026 8:26:44 AM,Order,Order='2833138562/PA-APEX-422136-08' Name='Entry' New state='Working' Instrument='MES SEP26' Action='Buy' Limit price=7543 Stop price=0 Quantity=16 Type='Limit' Time in force=GTC Oco='' Filled=0 Fill price=0 Error='No error' Native error='',
7/22/2026 8:26:44 AM,Order,Order='2833138562/PA-APEX-422136-08' Name='Entry' New state='Accepted' Instrument='MES SEP26' Action='Buy' Limit price=7543 Stop price=0 Quantity=16 Type='Limit' Time in force=GTC Oco='' Filled=0 Fill price=0 Error='No error' Native error='',
7/22/2026 8:26:44 AM,Order,Order='3ed4eab020a243de81eae642b6c40a50/PA-APEX-422136-08' Name='Entry' New state='Submitted' Instrument='MES SEP26' Action='Buy' Limit price=7543 Stop price=0 Quantity=16 Type='Limit' Time in force=GTC Oco='' Filled=0 Fill price=0 Error='No error' Native error='',
7/22/2026 8:26:44 AM,Order,Chart Trader submitting order with strategy 'MES MIN SL5 - 5' (Ticks),
7/22/2026 8:26:26 AM,Order,Order='2833137900/PA-APEX-422136-04' Name='Entry' New state='Working' Instrument='MES SEP26' Action='Sell' Limit price=7563 Stop price=0 Quantity=16 Type='Limit' Time in force=GTC Oco='' Filled=0 Fill price=0 Error='No error' Native error='',
7/22/2026 8:26:26 AM,Order,Order='2833137900/PA-APEX-422136-04' Name='Entry' New state='Accepted' Instrument='MES SEP26' Action='Sell' Limit price=7563 Stop price=0 Quantity=16 Type='Limit' Time in force=GTC Oco='' Filled=0 Fill price=0 Error='No error' Native error='',
7/22/2026 8:26:26 AM,Order,Order='2833137900/PA-APEX-422136-04' Name='Entry' New state='Change submitted' Instrument='MES SEP26' Action='Sell' Limit price=7563 Stop price=0 Quantity=16 Type='Limit' Time in force=GTC Oco='' Filled=0 Fill price=0 Error='No error' Native error='',
7/22/2026 8:26:24 AM,Order,Order='2833137900/PA-APEX-422136-04' Name='Entry' New state='Working' Instrument='MES SEP26' Action='Sell' Limit price=7563.25 Stop price=0 Quantity=16 Type='Limit' Time in force=GTC Oco='' Filled=0 Fill price=0 Error='No error' Native error='',
7/22/2026 8:26:24 AM,Order,Order='2833137900/PA-APEX-422136-04' Name='Entry' New state='Accepted' Instrument='MES SEP26' Action='Sell' Limit price=7563.25 Stop price=0 Quantity=16 Type='Limit' Time in force=GTC Oco='' Filled=0 Fill price=0 Error='No error' Native error='',
7/22/2026 8:26:24 AM,Order,Order='1502f2034ebd4f3fb58751765a6d07b1/PA-APEX-422136-04' Name='Entry' New state='Submitted' Instrument='MES SEP26' Action='Sell' Limit price=7563.25 Stop price=0 Quantity=16 Type='Limit' Time in force=GTC Oco='' Filled=0 Fill price=0 Error='No error' Native error='',
7/22/2026 8:26:24 AM,Order,Chart Trader submitting order with strategy 'MES MIN SL5 - 4' (Ticks),
7/22/2026 8:21:37 AM,Order,Order='2833109971/PA-APEX-422136-04' Name='Entry' New state='Working' Instrument='MES SEP26' Action='Buy' Limit price=7543 Stop price=0 Quantity=16 Type='Limit' Time in force=GTC Oco='' Filled=0 Fill price=0 Error='No error' Native error='',
7/22/2026 8:21:37 AM,Order,Order='2833109971/PA-APEX-422136-04' Name='Entry' New state='Accepted' Instrument='MES SEP26' Action='Buy' Limit price=7543 Stop price=0 Quantity=16 Type='Limit' Time in force=GTC Oco='' Filled=0 Fill price=0 Error='No error' Native error='',
7/22/2026 8:21:37 AM,Order,Order='2833109971/PA-APEX-422136-04' Name='Entry' New state='Change submitted' Instrument='MES SEP26' Action='Buy' Limit price=7543 Stop price=0 Quantity=16 Type='Limit' Time in force=GTC Oco='' Filled=0 Fill price=0 Error='No error' Native error='',
7/22/2026 8:21:27 AM,Order,Order='2833106603/PA-APEX-422136-04' Name='Entry' New state='Cancelled' Instrument='MES SEP26' Action='Sell' Limit price=7556 Stop price=0 Quantity=16 Type='Limit' Time in force=GTC Oco='' Filled=0 Fill price=0 Error='No error' Native error='',
7/22/2026 8:21:27 AM,Order,Order='2833106603/PA-APEX-422136-04' Name='Entry' New state='Cancel submitted' Instrument='MES SEP26' Action='Sell' Limit price=7556 Stop price=0 Quantity=16 Type='Limit' Time in force=GTC Oco='' Filled=0 Fill price=0 Error='No error' Native error='',
7/22/2026 8:21:27 AM,Order,Order='2833107188/PA-APEX-422136-08' Name='Entry' New state='Cancelled' Instrument='MES SEP26' Action='Sell' Limit price=7556 Stop price=0 Quantity=16 Type='Limit' Time in force=GTC Oco='' Filled=0 Fill price=0 Error='No error' Native error='',
7/22/2026 8:21:27 AM,Order,Order='2833107188/PA-APEX-422136-08' Name='Entry' New state='Cancel submitted' Instrument='MES SEP26' Action='Sell' Limit price=7556 Stop price=0 Quantity=16 Type='Limit' Time in force=GTC Oco='' Filled=0 Fill price=0 Error='No error' Native error='',
7/22/2026 8:17:37 AM,Order,Order='2833109971/PA-APEX-422136-04' Name='Entry' New state='Accepted' Instrument='MES SEP26' Action='Buy' Limit price=7538 Stop price=0 Quantity=16 Type='Limit' Time in force=GTC Oco='' Filled=0 Fill price=0 Error='No error' Native error='',
7/22/2026 8:17:37 AM,Order,Order='2833109971/PA-APEX-422136-04' Name='Entry' New state='Working' Instrument='MES SEP26' Action='Buy' Limit price=7538 Stop price=0 Quantity=16 Type='Limit' Time in force=GTC Oco='' Filled=0 Fill price=0 Error='No error' Native error='',
7/22/2026 8:17:37 AM,Order,Order='975a3c5c77594317ad1e26646cd2b10c/PA-APEX-422136-04' Name='Entry' New state='Submitted' Instrument='MES SEP26' Action='Buy' Limit price=7538 Stop price=0 Quantity=16 Type='Limit' Time in force=GTC Oco='' Filled=0 Fill price=0 Error='No error' Native error='',
7/22/2026 8:17:37 AM,Order,Chart Trader submitting order with strategy 'MES MIN SL5 - 3' (Ticks),
7/22/2026 8:16:30 AM,Order,Order='2833107188/PA-APEX-422136-08' Name='Entry' New state='Accepted' Instrument='MES SEP26' Action='Sell' Limit price=7556 Stop price=0 Quantity=16 Type='Limit' Time in force=GTC Oco='' Filled=0 Fill price=0 Error='No error' Native error='',
7/22/2026 8:16:30 AM,Order,Order='2833107188/PA-APEX-422136-08' Name='Entry' New state='Working' Instrument='MES SEP26' Action='Sell' Limit price=7556 Stop price=0 Quantity=16 Type='Limit' Time in force=GTC Oco='' Filled=0 Fill price=0 Error='No error' Native error='',
7/22/2026 8:16:30 AM,Order,Order='2833107188/PA-APEX-422136-08' Name='Entry' New state='Change submitted' Instrument='MES SEP26' Action='Sell' Limit price=7556 Stop price=0 Quantity=16 Type='Limit' Time in force=GTC Oco='' Filled=0 Fill price=0 Error='No error' Native error='',
7/22/2026 8:16:29 AM,Order,Order='2833107188/PA-APEX-422136-08' Name='Entry' New state='Accepted' Instrument='MES SEP26' Action='Sell' Limit price=7556.25 Stop price=0 Quantity=16 Type='Limit' Time in force=GTC Oco='' Filled=0 Fill price=0 Error='No error' Native error='',
7/22/2026 8:16:29 AM,Order,Order='2833107188/PA-APEX-422136-08' Name='Entry' New state='Working' Instrument='MES SEP26' Action='Sell' Limit price=7556.25 Stop price=0 Quantity=16 Type='Limit' Time in force=GTC Oco='' Filled=0 Fill price=0 Error='No error' Native error='',
7/22/2026 8:16:29 AM,Order,Order='2833107188/PA-APEX-422136-08' Name='Entry' New state='Change submitted' Instrument='MES SEP26' Action='Sell' Limit price=7556.25 Stop price=0 Quantity=16 Type='Limit' Time in force=GTC Oco='' Filled=0 Fill price=0 Error='No error' Native error='',
7/22/2026 8:16:25 AM,Order,Order='2833107188/PA-APEX-422136-08' Name='Entry' New state='Accepted' Instrument='MES SEP26' Action='Sell' Limit price=7556.5 Stop price=0 Quantity=16 Type='Limit' Time in force=GTC Oco='' Filled=0 Fill price=0 Error='No error' Native error='',
7/22/2026 8:16:25 AM,Order,Order='2833107188/PA-APEX-422136-08' Name='Entry' New state='Working' Instrument='MES SEP26' Action='Sell' Limit price=7556.5 Stop price=0 Quantity=16 Type='Limit' Time in force=GTC Oco='' Filled=0 Fill price=0 Error='No error' Native error='',
7/22/2026 8:16:25 AM,Order,Order='2d0f1cbadc0045afa54bbfe7913bca9f/PA-APEX-422136-08' Name='Entry' New state='Submitted' Instrument='MES SEP26' Action='Sell' Limit price=7556.5 Stop price=0 Quantity=16 Type='Limit' Time in force=GTC Oco='' Filled=0 Fill price=0 Error='No error' Native error='',
7/22/2026 8:16:25 AM,Order,Chart Trader submitting order with strategy 'MES MIN SL5 - 2' (Ticks),
7/22/2026 8:16:03 AM,Order,Order='2833106603/PA-APEX-422136-04' Name='Entry' New state='Accepted' Instrument='MES SEP26' Action='Sell' Limit price=7556 Stop price=0 Quantity=16 Type='Limit' Time in force=GTC Oco='' Filled=0 Fill price=0 Error='No error' Native error='',
7/22/2026 8:16:03 AM,Order,Order='2833106603/PA-APEX-422136-04' Name='Entry' New state='Working' Instrument='MES SEP26' Action='Sell' Limit price=7556 Stop price=0 Quantity=16 Type='Limit' Time in force=GTC Oco='' Filled=0 Fill price=0 Error='No error' Native error='',
7/22/2026 8:16:03 AM,Order,Order='b98bc38328a7485aacb31ae9bb667374/PA-APEX-422136-04' Name='Entry' New state='Submitted' Instrument='MES SEP26' Action='Sell' Limit price=7556 Stop price=0 Quantity=16 Type='Limit' Time in force=GTC Oco='' Filled=0 Fill price=0 Error='No error' Native error='',
7/22/2026 8:16:02 AM,Order,Chart Trader submitting order with strategy 'MES MIN SL5 - 1' (Ticks),
7/22/2026 7:51:25 AM,Order,Order='2832999542/PA-APEX-422136-08' Name='Entry' New state='Cancelled' Instrument='MES SEP26' Action='Sell' Limit price=7542 Stop price=0 Quantity=16 Type='Limit' Time in force=GTC Oco='' Filled=0 Fill price=0 Error='No error' Native error='',
7/22/2026 7:51:25 AM,Order,Order='2832999542/PA-APEX-422136-08' Name='Entry' New state='Cancel submitted' Instrument='MES SEP26' Action='Sell' Limit price=7542 Stop price=0 Quantity=16 Type='Limit' Time in force=GTC Oco='' Filled=0 Fill price=0 Error='No error' Native error='',
7/22/2026 7:51:24 AM,Order,Order='2832998346/PA-APEX-422136-04' Name='Entry' New state='Cancelled' Instrument='MES SEP26' Action='Sell' Limit price=7542.5 Stop price=0 Quantity=16 Type='Limit' Time in force=GTC Oco='' Filled=0 Fill price=0 Error='No error' Native error='',
7/22/2026 7:51:24 AM,Order,Order='2832998346/PA-APEX-422136-04' Name='Entry' New state='Cancel submitted' Instrument='MES SEP26' Action='Sell' Limit price=7542.5 Stop price=0 Quantity=16 Type='Limit' Time in force=GTC Oco='' Filled=0 Fill price=0 Error='No error' Native error='',
7/22/2026 7:49:24 AM,Order,Order='2832999542/PA-APEX-422136-08' Name='Entry' New state='Accepted' Instrument='MES SEP26' Action='Sell' Limit price=7542 Stop price=0 Quantity=16 Type='Limit' Time in force=GTC Oco='' Filled=0 Fill price=0 Error='No error' Native error='',
7/22/2026 7:49:24 AM,Order,Order='2832999542/PA-APEX-422136-08' Name='Entry' New state='Working' Instrument='MES SEP26' Action='Sell' Limit price=7542 Stop price=0 Quantity=16 Type='Limit' Time in force=GTC Oco='' Filled=0 Fill price=0 Error='No error' Native error='',
7/22/2026 7:49:24 AM,Order,Order='f2419f425d5145f4b8f43242b4fbce46/PA-APEX-422136-08' Name='Entry' New state='Submitted' Instrument='MES SEP26' Action='Sell' Limit price=7542 Stop price=0 Quantity=16 Type='Limit' Time in force=GTC Oco='' Filled=0 Fill price=0 Error='No error' Native error='',
7/22/2026 7:49:24 AM,Order,Chart Trader submitting order with strategy 'MES MIN SL5 - 2' (Ticks),
7/22/2026 7:49:07 AM,Order,Order='2832998346/PA-APEX-422136-04' Name='Entry' New state='Working' Instrument='MES SEP26' Action='Sell' Limit price=7542.5 Stop price=0 Quantity=16 Type='Limit' Time in force=GTC Oco='' Filled=0 Fill price=0 Error='No error' Native error='',
7/22/2026 7:49:07 AM,Order,Order='2832998346/PA-APEX-422136-04' Name='Entry' New state='Accepted' Instrument='MES SEP26' Action='Sell' Limit price=7542.5 Stop price=0 Quantity=16 Type='Limit' Time in force=GTC Oco='' Filled=0 Fill price=0 Error='No error' Native error='',
7/22/2026 7:49:07 AM,Order,Order='31b2dcbbae134419931d22999957f835/PA-APEX-422136-04' Name='Entry' New state='Submitted' Instrument='MES SEP26' Action='Sell' Limit price=7542.5 Stop price=0 Quantity=16 Type='Limit' Time in force=GTC Oco='' Filled=0 Fill price=0 Error='No error' Native error='',
7/22/2026 7:49:07 AM,Order,Chart Trader submitting order with strategy 'MES MIN SL5 - 1' (Ticks),
7/22/2026 7:48:52 AM,Order,Order='2832980512/PA-APEX-422136-04' Name='Entry' New state='Cancelled' Instrument='MES SEP26' Action='Sell' Limit price=7539 Stop price=0 Quantity=16 Type='Limit' Time in force=GTC Oco='' Filled=0 Fill price=0 Error='No error' Native error='',
7/22/2026 7:48:52 AM,Order,Order='2832974269/PA-APEX-422136-04' Name='Entry' New state='Cancelled' Instrument='MES SEP26' Action='Buy' Limit price=7523.5 Stop price=0 Quantity=16 Type='Limit' Time in force=GTC Oco='' Filled=0 Fill price=0 Error='No error' Native error='',
7/22/2026 7:48:52 AM,Order,Order='2832986628/PA-APEX-422136-08' Name='Entry' New state='Cancelled' Instrument='MES SEP26' Action='Sell' Limit price=7539 Stop price=0 Quantity=16 Type='Limit' Time in force=GTC Oco='' Filled=0 Fill price=0 Error='No error' Native error='',
7/22/2026 7:48:52 AM,Order,Order='2832974581/PA-APEX-422136-08' Name='Entry' New state='Cancelled' Instrument='MES SEP26' Action='Buy' Limit price=7523.5 Stop price=0 Quantity=16 Type='Limit' Time in force=GTC Oco='' Filled=0 Fill price=0 Error='No error' Native error='',
7/22/2026 7:48:52 AM,Order,Order='2832986628/PA-APEX-422136-08' Name='Entry' New state='Cancel submitted' Instrument='MES SEP26' Action='Sell' Limit price=7539 Stop price=0 Quantity=16 Type='Limit' Time in force=GTC Oco='' Filled=0 Fill price=0 Error='No error' Native error='',
7/22/2026 7:48:52 AM,Order,Order='2832974269/PA-APEX-422136-04' Name='Entry' New state='Cancel submitted' Instrument='MES SEP26' Action='Buy' Limit price=7523.5 Stop price=0 Quantity=16 Type='Limit' Time in force=GTC Oco='' Filled=0 Fill price=0 Error='No error' Native error='',
7/22/2026 7:48:52 AM,Order,Order='2832980512/PA-APEX-422136-04' Name='Entry' New state='Cancel submitted' Instrument='MES SEP26' Action='Sell' Limit price=7539 Stop price=0 Quantity=16 Type='Limit' Time in force=GTC Oco='' Filled=0 Fill price=0 Error='No error' Native error='',
7/22/2026 7:48:52 AM,Order,Order='2832974581/PA-APEX-422136-08' Name='Entry' New state='Cancel submitted' Instrument='MES SEP26' Action='Buy' Limit price=7523.5 Stop price=0 Quantity=16 Type='Limit' Time in force=GTC Oco='' Filled=0 Fill price=0 Error='No error' Native error='',
7/22/2026 7:48:52 AM,Default,Cancel all orders account='PA-APEX-422136-03',
7/22/2026 7:48:52 AM,Default,Cancel all orders account='PA-APEX-422136-01',
7/22/2026 7:48:52 AM,Default,Cancel all orders account='PA-APEX-422136-05',
7/22/2026 7:48:52 AM,Default,Cancel all orders account='PA-APEX-422136-04',
7/22/2026 7:48:52 AM,Default,Cancel all orders account='PA-APEX-422136-07',
7/22/2026 7:48:52 AM,Default,Cancel all orders account='PA-APEX-422136-06',
7/22/2026 7:48:52 AM,Default,Cancel all orders account='Sim102',
7/22/2026 7:48:52 AM,Default,Cancel all orders account='PA-APEX-422136-09',
7/22/2026 7:48:52 AM,Default,Cancel all orders account='PA-APEX-422136-08',
7/22/2026 7:48:52 AM,Default,Cancel all orders account='Sim101',
7/22/2026 7:46:50 AM,Order,Order='2832986628/PA-APEX-422136-08' Name='Entry' New state='Accepted' Instrument='MES SEP26' Action='Sell' Limit price=7539 Stop price=0 Quantity=16 Type='Limit' Time in force=GTC Oco='' Filled=0 Fill price=0 Error='No error' Native error='',
7/22/2026 7:46:50 AM,Order,Order='2832986628/PA-APEX-422136-08' Name='Entry' New state='Working' Instrument='MES SEP26' Action='Sell' Limit price=7539 Stop price=0 Quantity=16 Type='Limit' Time in force=GTC Oco='' Filled=0 Fill price=0 Error='No error' Native error='',
7/22/2026 7:46:50 AM,Order,Order='add255baaa754f7a9da46f4c7ea84f01/PA-APEX-422136-08' Name='Entry' New state='Submitted' Instrument='MES SEP26' Action='Sell' Limit price=7539 Stop price=0 Quantity=16 Type='Limit' Time in force=GTC Oco='' Filled=0 Fill price=0 Error='No error' Native error='',
7/22/2026 7:46:50 AM,Order,Chart Trader submitting order with strategy 'MES MIN SL5 - 4' (Ticks),
7/22/2026 7:46:12 AM,Order,Order='2832980512/PA-APEX-422136-04' Name='Entry' New state='Accepted' Instrument='MES SEP26' Action='Sell' Limit price=7539 Stop price=0 Quantity=16 Type='Limit' Time in force=GTC Oco='' Filled=0 Fill price=0 Error='No error' Native error='',
7/22/2026 7:46:12 AM,Order,Order='2832980512/PA-APEX-422136-04' Name='Entry' New state='Working' Instrument='MES SEP26' Action='Sell' Limit price=7539 Stop price=0 Quantity=16 Type='Limit' Time in force=GTC Oco='' Filled=0 Fill price=0 Error='No error' Native error='',
7/22/2026 7:46:12 AM,Order,Order='b588b0d8444443dba25bf155b24a0445/PA-APEX-422136-04' Name='Entry' New state='Submitted' Instrument='MES SEP26' Action='Sell' Limit price=7539 Stop price=0 Quantity=16 Type='Limit' Time in force=GTC Oco='' Filled=0 Fill price=0 Error='No error' Native error='',
7/22/2026 7:46:12 AM,Order,Chart Trader submitting order with strategy 'MES MIN SL5 - 3' (Ticks),
7/22/2026 7:45:41 AM,Order,Order='2832974581/PA-APEX-422136-08' Name='Entry' New state='Working' Instrument='MES SEP26' Action='Buy' Limit price=7523.5 Stop price=0 Quantity=16 Type='Limit' Time in force=GTC Oco='' Filled=0 Fill price=0 Error='No error' Native error='',
7/22/2026 7:45:41 AM,Order,Order='2832974581/PA-APEX-422136-08' Name='Entry' New state='Accepted' Instrument='MES SEP26' Action='Buy' Limit price=7523.5 Stop price=0 Quantity=16 Type='Limit' Time in force=GTC Oco='' Filled=0 Fill price=0 Error='No error' Native error='',
7/22/2026 7:45:41 AM,Order,Order='2832974581/PA-APEX-422136-08' Name='Entry' New state='Change submitted' Instrument='MES SEP26' Action='Buy' Limit price=7523.5 Stop price=0 Quantity=16 Type='Limit' Time in force=GTC Oco='' Filled=0 Fill price=0 Error='No error' Native error='',
7/22/2026 7:45:40 AM,Order,Order='2832974269/PA-APEX-422136-04' Name='Entry' New state='Working' Instrument='MES SEP26' Action='Buy' Limit price=7523.5 Stop price=0 Quantity=16 Type='Limit' Time in force=GTC Oco='' Filled=0 Fill price=0 Error='No error' Native error='',
7/22/2026 7:45:40 AM,Order,Order='2832974269/PA-APEX-422136-04' Name='Entry' New state='Accepted' Instrument='MES SEP26' Action='Buy' Limit price=7523.5 Stop price=0 Quantity=16 Type='Limit' Time in force=GTC Oco='' Filled=0 Fill price=0 Error='No error' Native error='',
7/22/2026 7:45:40 AM,Order,Order='2832974269/PA-APEX-422136-04' Name='Entry' New state='Change submitted' Instrument='MES SEP26' Action='Buy' Limit price=7523.5 Stop price=0 Quantity=16 Type='Limit' Time in force=GTC Oco='' Filled=0 Fill price=0 Error='No error' Native error='',
7/22/2026 7:45:37 AM,Order,Order='2832974269/PA-APEX-422136-04' Name='Entry' New state='Working' Instrument='MES SEP26' Action='Buy' Limit price=7523.75 Stop price=0 Quantity=16 Type='Limit' Time in force=GTC Oco='' Filled=0 Fill price=0 Error='No error' Native error='',
7/22/2026 7:45:37 AM,Order,Order='2832974269/PA-APEX-422136-04' Name='Entry' New state='Accepted' Instrument='MES SEP26' Action='Buy' Limit price=7523.75 Stop price=0 Quantity=16 Type='Limit' Time in force=GTC Oco='' Filled=0 Fill price=0 Error='No error' Native error='',
7/22/2026 7:45:37 AM,Order,Order='2832974269/PA-APEX-422136-04' Name='Entry' New state='Change submitted' Instrument='MES SEP26' Action='Buy' Limit price=7523.75 Stop price=0 Quantity=16 Type='Limit' Time in force=GTC Oco='' Filled=0 Fill price=0 Error='No error' Native error='',
7/22/2026 7:45:31 AM,Order,Order='2832974581/PA-APEX-422136-08' Name='Entry' New state='Working' Instrument='MES SEP26' Action='Buy' Limit price=7523.25 Stop price=0 Quantity=16 Type='Limit' Time in force=GTC Oco='' Filled=0 Fill price=0 Error='No error' Native error='',
7/22/2026 7:45:31 AM,Order,Order='2832974581/PA-APEX-422136-08' Name='Entry' New state='Accepted' Instrument='MES SEP26' Action='Buy' Limit price=7523.25 Stop price=0 Quantity=16 Type='Limit' Time in force=GTC Oco='' Filled=0 Fill price=0 Error='No error' Native error='',
7/22/2026 7:45:31 AM,Order,Order='a45f51e6eaa24e8fbea40b4b62b4c809/PA-APEX-422136-08' Name='Entry' New state='Submitted' Instrument='MES SEP26' Action='Buy' Limit price=7523.25 Stop price=0 Quantity=16 Type='Limit' Time in force=GTC Oco='' Filled=0 Fill price=0 Error='No error' Native error='',
7/22/2026 7:45:31 AM,Order,Chart Trader submitting order with strategy 'MES MIN SL5 - 2' (Ticks),
7/22/2026 7:45:24 AM,Order,Order='2832974269/PA-APEX-422136-04' Name='Entry' New state='Accepted' Instrument='MES SEP26' Action='Buy' Limit price=7523.5 Stop price=0 Quantity=16 Type='Limit' Time in force=GTC Oco='' Filled=0 Fill price=0 Error='No error' Native error='',
7/22/2026 7:45:24 AM,Order,Order='2832974269/PA-APEX-422136-04' Name='Entry' New state='Working' Instrument='MES SEP26' Action='Buy' Limit price=7523.5 Stop price=0 Quantity=16 Type='Limit' Time in force=GTC Oco='' Filled=0 Fill price=0 Error='No error' Native error='',
7/22/2026 7:45:24 AM,Order,Order='736fc5bf1f614806abc5af38e8cf1ec5/PA-APEX-422136-04' Name='Entry' New state='Submitted' Instrument='MES SEP26' Action='Buy' Limit price=7523.5 Stop price=0 Quantity=16 Type='Limit' Time in force=GTC Oco='' Filled=0 Fill price=0 Error='No error' Native error='',
7/22/2026 7:45:24 AM,Order,Chart Trader submitting order with strategy 'MES MIN SL5 - 1' (Ticks),
7/22/2026 7:45:07 AM,Order,Order='2832926194/PA-APEX-422136-04' Name='Entry' New state='Cancelled' Instrument='MES SEP26' Action='Buy' Limit price=7527 Stop price=0 Quantity=16 Type='Limit' Time in force=GTC Oco='' Filled=0 Fill price=0 Error='No error' Native error='',
7/22/2026 7:45:07 AM,Order,Order='2832926194/PA-APEX-422136-04' Name='Entry' New state='Cancel submitted' Instrument='MES SEP26' Action='Buy' Limit price=7527 Stop price=0 Quantity=16 Type='Limit' Time in force=GTC Oco='' Filled=0 Fill price=0 Error='No error' Native error='',
7/22/2026 7:44:19 AM,Order,Order='2832921285/PA-APEX-422136-04' Name='Entry' New state='Cancelled' Instrument='MES SEP26' Action='Sell' Limit price=7543.5 Stop price=0 Quantity=16 Type='Limit' Time in force=GTC Oco='' Filled=0 Fill price=0 Error='No error' Native error='',
7/22/2026 7:44:18 AM,Order,Order='2832921285/PA-APEX-422136-04' Name='Entry' New state='Cancel submitted' Instrument='MES SEP26' Action='Sell' Limit price=7543.5 Stop price=0 Quantity=16 Type='Limit' Time in force=GTC Oco='' Filled=0 Fill price=0 Error='No error' Native error='',
7/22/2026 7:36:41 AM,Order,Order='2832926194/PA-APEX-422136-04' Name='Entry' New state='Accepted' Instrument='MES SEP26' Action='Buy' Limit price=7527 Stop price=0 Quantity=16 Type='Limit' Time in force=GTC Oco='' Filled=0 Fill price=0 Error='No error' Native error='',
7/22/2026 7:36:41 AM,Order,Order='2832926194/PA-APEX-422136-04' Name='Entry' New state='Working' Instrument='MES SEP26' Action='Buy' Limit price=7527 Stop price=0 Quantity=16 Type='Limit' Time in force=GTC Oco='' Filled=0 Fill price=0 Error='No error' Native error='',
7/22/2026 7:36:41 AM,Order,Order='2832926194/PA-APEX-422136-04' Name='Entry' New state='Change submitted' Instrument='MES SEP26' Action='Buy' Limit price=7527 Stop price=0 Quantity=16 Type='Limit' Time in force=GTC Oco='' Filled=0 Fill price=0 Error='No error' Native error='',
7/22/2026 7:36:27 AM,Order,Order='2832923968/PA-APEX-422136-04' Name='Entry' New state='Cancelled' Instrument='MES SEP26' Action='Buy' Limit price=7529 Stop price=0 Quantity=16 Type='Limit' Time in force=GTC Oco='' Filled=0 Fill price=0 Error='No error' Native error='',
7/22/2026 7:36:26 AM,Order,Order='2832923968/PA-APEX-422136-04' Name='Entry' New state='Cancel submitted' Instrument='MES SEP26' Action='Buy' Limit price=7529 Stop price=0 Quantity=16 Type='Limit' Time in force=GTC Oco='' Filled=0 Fill price=0 Error='No error' Native error='',
7/22/2026 7:35:44 AM,Order,Order='2832926194/PA-APEX-422136-04' Name='Entry' New state='Accepted' Instrument='MES SEP26' Action='Buy' Limit price=7526 Stop price=0 Quantity=16 Type='Limit' Time in force=GTC Oco='' Filled=0 Fill price=0 Error='No error' Native error='',
7/22/2026 7:35:44 AM,Order,Order='2832926194/PA-APEX-422136-04' Name='Entry' New state='Working' Instrument='MES SEP26' Action='Buy' Limit price=7526 Stop price=0 Quantity=16 Type='Limit' Time in force=GTC Oco='' Filled=0 Fill price=0 Error='No error' Native error='',
7/22/2026 7:35:44 AM,Order,Order='0b615820db08456ab89754b47c1eac1c/PA-APEX-422136-04' Name='Entry' New state='Submitted' Instrument='MES SEP26' Action='Buy' Limit price=7526 Stop price=0 Quantity=16 Type='Limit' Time in force=GTC Oco='' Filled=0 Fill price=0 Error='No error' Native error='',
7/22/2026 7:35:43 AM,Order,Chart Trader submitting order with strategy 'MES MIN SL5 - 4' (Ticks),
7/22/2026 7:35:20 AM,Order,Order='2832923968/PA-APEX-422136-04' Name='Entry' New state='Working' Instrument='MES SEP26' Action='Buy' Limit price=7529 Stop price=0 Quantity=16 Type='Limit' Time in force=GTC Oco='' Filled=0 Fill price=0 Error='No error' Native error='',
7/22/2026 7:35:20 AM,Order,Order='2832923968/PA-APEX-422136-04' Name='Entry' New state='Accepted' Instrument='MES SEP26' Action='Buy' Limit price=7529 Stop price=0 Quantity=16 Type='Limit' Time in force=GTC Oco='' Filled=0 Fill price=0 Error='No error' Native error='',
7/22/2026 7:35:20 AM,Order,Order='dec685bc9c02439ab9ce9ee92bc52dbd/PA-APEX-422136-04' Name='Entry' New state='Submitted' Instrument='MES SEP26' Action='Buy' Limit price=7529 Stop price=0 Quantity=16 Type='Limit' Time in force=GTC Oco='' Filled=0 Fill price=0 Error='No error' Native error='',
7/22/2026 7:35:20 AM,Order,Chart Trader submitting order with strategy 'MES MIN SL5 - 3' (Ticks),
7/22/2026 7:35:15 AM,Order,Order='2832886491/PA-APEX-422136-04' Name='Entry' New state='Cancelled' Instrument='MES SEP26' Action='Buy' Limit price=7526.5 Stop price=0 Quantity=16 Type='Limit' Time in force=GTC Oco='' Filled=0 Fill price=0 Error='No error' Native error='',
7/22/2026 7:35:15 AM,Order,Order='2832886491/PA-APEX-422136-04' Name='Entry' New state='Cancel submitted' Instrument='MES SEP26' Action='Buy' Limit price=7526.5 Stop price=0 Quantity=16 Type='Limit' Time in force=GTC Oco='' Filled=0 Fill price=0 Error='No error' Native error='',
7/22/2026 7:34:59 AM,Order,Order='2832921285/PA-APEX-422136-04' Name='Entry' New state='Accepted' Instrument='MES SEP26' Action='Sell' Limit price=7543.5 Stop price=0 Quantity=16 Type='Limit' Time in force=GTC Oco='' Filled=0 Fill price=0 Error='No error' Native error='',
7/22/2026 7:34:59 AM,Order,Order='2832921285/PA-APEX-422136-04' Name='Entry' New state='Working' Instrument='MES SEP26' Action='Sell' Limit price=7543.5 Stop price=0 Quantity=16 Type='Limit' Time in force=GTC Oco='' Filled=0 Fill price=0 Error='No error' Native error='',
7/22/2026 7:34:59 AM,Order,Order='a2ba9ea5bd6049028e4417115ddc4a6a/PA-APEX-422136-04' Name='Entry' New state='Submitted' Instrument='MES SEP26' Action='Sell' Limit price=7543.5 Stop price=0 Quantity=16 Type='Limit' Time in force=GTC Oco='' Filled=0 Fill price=0 Error='No error' Native error='',
7/22/2026 7:34:59 AM,Order,Chart Trader submitting order with strategy 'MES MIN SL5 - 2' (Ticks),
7/22/2026 7:29:18 AM,Order,Order='2832886491/PA-APEX-422136-04' Name='Entry' New state='Accepted' Instrument='MES SEP26' Action='Buy' Limit price=7526.5 Stop price=0 Quantity=16 Type='Limit' Time in force=GTC Oco='' Filled=0 Fill price=0 Error='No error' Native error='',
7/22/2026 7:29:18 AM,Order,Order='2832886491/PA-APEX-422136-04' Name='Entry' New state='Working' Instrument='MES SEP26' Action='Buy' Limit price=7526.5 Stop price=0 Quantity=16 Type='Limit' Time in force=GTC Oco='' Filled=0 Fill price=0 Error='No error' Native error='',
7/22/2026 7:29:18 AM,Order,Order='230b0eb4e0b64f378107b1d1d6111399/PA-APEX-422136-04' Name='Entry' New state='Submitted' Instrument='MES SEP26' Action='Buy' Limit price=7526.5 Stop price=0 Quantity=16 Type='Limit' Time in force=GTC Oco='' Filled=0 Fill price=0 Error='No error' Native error='',
7/22/2026 7:29:18 AM,Order,Chart Trader submitting order with strategy 'MES MIN SL5 - 1' (Ticks),
7/22/2026 7:27:56 AM,Order,Order='2832880172/PA-APEX-422136-04' Name='Close' New state='Filled' Instrument='MES SEP26' Action='Sell' Limit price=0 Stop price=0 Quantity=16 Type='Market' Time in force=DAY Oco='' Filled=16 Fill price=7533.875 Error='No error' Native error='',
7/22/2026 7:27:56 AM,Execution,Execution='1598599,
7/22/2026 7:27:56 AM,Position,Instrument='MES SEP26' Account='PA-APEX-422136-04' Average price=7533 Quantity=8 Market position=Flat Operation=Remove,
7/22/2026 7:27:56 AM,Position,Instrument='MES SEP26' Account='PA-APEX-422136-04' Average price=7533 Quantity=8 Market position=Long Operation=Update,
7/22/2026 7:27:56 AM,Execution,Execution='1598598,
7/22/2026 7:27:56 AM,Order,Order='2832880172/PA-APEX-422136-04' Name='Close' New state='Partially filled' Instrument='MES SEP26' Action='Sell' Limit price=0 Stop price=0 Quantity=16 Type='Market' Time in force=DAY Oco='' Filled=8 Fill price=7534 Error='No error' Native error='',
7/22/2026 7:27:56 AM,Order,Order='2832880172/PA-APEX-422136-04' Name='Close' New state='Working' Instrument='MES SEP26' Action='Sell' Limit price=0 Stop price=0 Quantity=16 Type='Market' Time in force=DAY Oco='' Filled=0 Fill price=0 Error='No error' Native error='',
7/22/2026 7:27:56 AM,Order,Order='2832880172/PA-APEX-422136-04' Name='Close' New state='Accepted' Instrument='MES SEP26' Action='Sell' Limit price=0 Stop price=0 Quantity=16 Type='Market' Time in force=DAY Oco='' Filled=0 Fill price=0 Error='No error' Native error='',
7/22/2026 7:27:56 AM,Order,Order='89ad723ea2fa4e35a8acf588fbc2f2d7/PA-APEX-422136-04' Name='Close' New state='Submitted' Instrument='MES SEP26' Action='Sell' Limit price=0 Stop price=0 Quantity=16 Type='Market' Time in force=DAY Oco='' Filled=0 Fill price=0 Error='No error' Native error='',
7/22/2026 7:27:56 AM,Order,Order='2832877841/PA-APEX-422136-04' Name='Stop2' New state='Cancelled' Instrument='MES SEP26' Action='Sell' Limit price=0 Stop price=7528 Quantity=8 Type='Stop Market' Time in force=GTC Oco='d315a9139c354930a5c148fd7f10c50d' Filled=0 Fill price=0 Error='No error' Native error='',
7/22/2026 7:27:56 AM,Order,Order='2832877842/PA-APEX-422136-04' Name='Target2' New state='Cancelled' Instrument='MES SEP26' Action='Sell' Limit price=7535.5 Stop price=0 Quantity=8 Type='Limit' Time in force=GTC Oco='d315a9139c354930a5c148fd7f10c50d' Filled=0 Fill price=0 Error='No error' Native error='',
7/22/2026 7:27:56 AM,Order,Order='2832877837/PA-APEX-422136-04' Name='Stop1' New state='Cancelled' Instrument='MES SEP26' Action='Sell' Limit price=0 Stop price=7528 Quantity=8 Type='Stop Market' Time in force=GTC Oco='61540fe98e394abb95213c86ff19fa25' Filled=0 Fill price=0 Error='No error' Native error='',
7/22/2026 7:27:56 AM,Order,Order='2832877840/PA-APEX-422136-04' Name='Target1' New state='Cancelled' Instrument='MES SEP26' Action='Sell' Limit price=7535 Stop price=0 Quantity=8 Type='Limit' Time in force=GTC Oco='61540fe98e394abb95213c86ff19fa25' Filled=0 Fill price=0 Error='No error' Native error='',
7/22/2026 7:27:56 AM,Position,Flatten account='PA-APEX-422136-03',
7/22/2026 7:27:56 AM,Position,Flatten account='PA-APEX-422136-01',
7/22/2026 7:27:56 AM,Order,Order='2832877842/PA-APEX-422136-04' Name='Target2' New state='Cancel submitted' Instrument='MES SEP26' Action='Sell' Limit price=7535.5 Stop price=0 Quantity=8 Type='Limit' Time in force=GTC Oco='d315a9139c354930a5c148fd7f10c50d' Filled=0 Fill price=0 Error='No error' Native error='',
7/22/2026 7:27:56 AM,Order,Order='2832877837/PA-APEX-422136-04' Name='Stop1' New state='Cancel submitted' Instrument='MES SEP26' Action='Sell' Limit price=0 Stop price=7528 Quantity=8 Type='Stop Market' Time in force=GTC Oco='61540fe98e394abb95213c86ff19fa25' Filled=0 Fill price=0 Error='No error' Native error='',
7/22/2026 7:27:56 AM,Order,Order='2832877841/PA-APEX-422136-04' Name='Stop2' New state='Cancel submitted' Instrument='MES SEP26' Action='Sell' Limit price=0 Stop price=7528 Quantity=8 Type='Stop Market' Time in force=GTC Oco='d315a9139c354930a5c148fd7f10c50d' Filled=0 Fill price=0 Error='No error' Native error='',
7/22/2026 7:27:56 AM,Order,Order='2832877840/PA-APEX-422136-04' Name='Target1' New state='Cancel submitted' Instrument='MES SEP26' Action='Sell' Limit price=7535 Stop price=0 Quantity=8 Type='Limit' Time in force=GTC Oco='61540fe98e394abb95213c86ff19fa25' Filled=0 Fill price=0 Error='No error' Native error='',
7/22/2026 7:27:56 AM,Position,Flatten account='PA-APEX-422136-05',
7/22/2026 7:27:56 AM,Position,Flatten account='PA-APEX-422136-04',
7/22/2026 7:27:56 AM,Position,Flatten account='PA-APEX-422136-07',
7/22/2026 7:27:56 AM,Position,Flatten account='PA-APEX-422136-06',
7/22/2026 7:27:56 AM,Position,Flatten account='Sim102',
7/22/2026 7:27:56 AM,Position,Flatten account='PA-APEX-422136-09',
7/22/2026 7:27:56 AM,Position,Flatten account='PA-APEX-422136-08',
7/22/2026 7:27:56 AM,Position,Flatten account='Sim101',
7/22/2026 7:27:56 AM,Default,Terminating any NinjaScript strategies invoked by Flatten Everything command,
7/22/2026 7:27:33 AM,Order,Order='2832877842/PA-APEX-422136-04' Name='Target2' New state='Accepted' Instrument='MES SEP26' Action='Sell' Limit price=7535.5 Stop price=0 Quantity=8 Type='Limit' Time in force=GTC Oco='d315a9139c354930a5c148fd7f10c50d' Filled=0 Fill price=0 Error='No error' Native error='',
7/22/2026 7:27:33 AM,Order,Order='2832877842/PA-APEX-422136-04' Name='Target2' New state='Working' Instrument='MES SEP26' Action='Sell' Limit price=7535.5 Stop price=0 Quantity=8 Type='Limit' Time in force=GTC Oco='d315a9139c354930a5c148fd7f10c50d' Filled=0 Fill price=0 Error='No error' Native error='',
7/22/2026 7:27:33 AM,Order,Order='2832877840/PA-APEX-422136-04' Name='Target1' New state='Accepted' Instrument='MES SEP26' Action='Sell' Limit price=7535 Stop price=0 Quantity=8 Type='Limit' Time in force=GTC Oco='61540fe98e394abb95213c86ff19fa25' Filled=0 Fill price=0 Error='No error' Native error='',
7/22/2026 7:27:33 AM,Order,Order='2832877840/PA-APEX-422136-04' Name='Target1' New state='Working' Instrument='MES SEP26' Action='Sell' Limit price=7535 Stop price=0 Quantity=8 Type='Limit' Time in force=GTC Oco='61540fe98e394abb95213c86ff19fa25' Filled=0 Fill price=0 Error='No error' Native error='',
7/22/2026 7:27:33 AM,Order,Order='2832877841/PA-APEX-422136-04' Name='Stop2' New state='Accepted' Instrument='MES SEP26' Action='Sell' Limit price=0 Stop price=7528 Quantity=8 Type='Stop Market' Time in force=GTC Oco='d315a9139c354930a5c148fd7f10c50d' Filled=0 Fill price=0 Error='No error' Native error='',
7/22/2026 7:27:33 AM,Order,Order='2832877837/PA-APEX-422136-04' Name='Stop1' New state='Accepted' Instrument='MES SEP26' Action='Sell' Limit price=0 Stop price=7528 Quantity=8 Type='Stop Market' Time in force=GTC Oco='61540fe98e394abb95213c86ff19fa25' Filled=0 Fill price=0 Error='No error' Native error='',
7/22/2026 7:27:33 AM,Order,Order='c7a3e2cfda5144789c28071352bd6faa/PA-APEX-422136-04' Name='Target2' New state='Submitted' Instrument='MES SEP26' Action='Sell' Limit price=7535.5 Stop price=0 Quantity=8 Type='Limit' Time in force=GTC Oco='d315a9139c354930a5c148fd7f10c50d' Filled=0 Fill price=0 Error='No error' Native error='',
7/22/2026 7:27:33 AM,Order,Order='1eea850599b74bd188e4446a9f871500/PA-APEX-422136-04' Name='Stop2' New state='Submitted' Instrument='MES SEP26' Action='Sell' Limit price=0 Stop price=7528 Quantity=8 Type='Stop Market' Time in force=GTC Oco='d315a9139c354930a5c148fd7f10c50d' Filled=0 Fill price=0 Error='No error' Native error='',
7/22/2026 7:27:33 AM,Order,Order='40d3bbf0c46a49cb959bb7ef19f659df/PA-APEX-422136-04' Name='Target1' New state='Submitted' Instrument='MES SEP26' Action='Sell' Limit price=7535 Stop price=0 Quantity=8 Type='Limit' Time in force=GTC Oco='61540fe98e394abb95213c86ff19fa25' Filled=0 Fill price=0 Error='No error' Native error='',
7/22/2026 7:27:33 AM,Order,Order='5188109494ac4dc783fcbd806d66088a/PA-APEX-422136-04' Name='Stop1' New state='Submitted' Instrument='MES SEP26' Action='Sell' Limit price=0 Stop price=7528 Quantity=8 Type='Stop Market' Time in force=GTC Oco='61540fe98e394abb95213c86ff19fa25' Filled=0 Fill price=0 Error='No error' Native error='',
7/22/2026 7:27:33 AM,Order,Order='2832806405/PA-APEX-422136-04' Name='Entry' New state='Filled' Instrument='MES SEP26' Action='Buy' Limit price=7533 Stop price=0 Quantity=16 Type='Limit' Time in force=GTC Oco='' Filled=16 Fill price=7533 Error='No error' Native error='',
7/22/2026 7:27:33 AM,Execution,Execution='1598018,
7/22/2026 7:27:33 AM,Order,Order='2832806405/PA-APEX-422136-04' Name='Entry' New state='Partially filled' Instrument='MES SEP26' Action='Buy' Limit price=7533 Stop price=0 Quantity=16 Type='Limit' Time in force=GTC Oco='' Filled=14 Fill price=7533 Error='No error' Native error='',
7/22/2026 7:27:33 AM,Execution,Execution='1598017,
7/22/2026 7:27:33 AM,Execution,Execution='1598016,
7/22/2026 7:27:33 AM,Order,Order='2832806405/PA-APEX-422136-04' Name='Entry' New state='Partially filled' Instrument='MES SEP26' Action='Buy' Limit price=7533 Stop price=0 Quantity=16 Type='Limit' Time in force=GTC Oco='' Filled=10 Fill price=7533 Error='No error' Native error='',
7/22/2026 7:27:33 AM,Execution,Execution='1598015,
7/22/2026 7:27:33 AM,Order,Order='2832806405/PA-APEX-422136-04' Name='Entry' New state='Partially filled' Instrument='MES SEP26' Action='Buy' Limit price=7533 Stop price=0 Quantity=16 Type='Limit' Time in force=GTC Oco='' Filled=6 Fill price=7533 Error='No error' Native error='',
7/22/2026 7:27:33 AM,Execution,Execution='1598012,
7/22/2026 7:27:33 AM,Execution,Execution='1598013,
7/22/2026 7:27:33 AM,Execution,Execution='1598014,
7/22/2026 7:27:33 AM,Position,Instrument='MES SEP26' Account='PA-APEX-422136-04' Average price=7533 Quantity=16 Market position=Long Operation=Update,
7/22/2026 7:27:33 AM,Order,Order='2832806405/PA-APEX-422136-04' Name='Entry' New state='Partially filled' Instrument='MES SEP26' Action='Buy' Limit price=7533 Stop price=0 Quantity=16 Type='Limit' Time in force=GTC Oco='' Filled=5 Fill price=7533 Error='No error' Native error='',
7/22/2026 7:27:33 AM,Position,Instrument='MES SEP26' Account='PA-APEX-422136-04' Average price=7533 Quantity=10 Market position=Long Operation=Update,
7/22/2026 7:27:33 AM,Order,Order='2832806405/PA-APEX-422136-04' Name='Entry' New state='Partially filled' Instrument='MES SEP26' Action='Buy' Limit price=7533 Stop price=0 Quantity=16 Type='Limit' Time in force=GTC Oco='' Filled=4 Fill price=7533 Error='No error' Native error='',
7/22/2026 7:27:33 AM,Position,Instrument='MES SEP26' Account='PA-APEX-422136-04' Average price=7533 Quantity=14 Market position=Long Operation=Update,
7/22/2026 7:27:33 AM,Position,Instrument='MES SEP26' Account='PA-APEX-422136-04' Average price=7533 Quantity=5 Market position=Long Operation=Update,
7/22/2026 7:27:33 AM,Position,Instrument='MES SEP26' Account='PA-APEX-422136-04' Average price=7533 Quantity=6 Market position=Long Operation=Update,
7/22/2026 7:27:33 AM,Position,Instrument='MES SEP26' Account='PA-APEX-422136-04' Average price=7533 Quantity=3 Market position=Long Operation=Update,
7/22/2026 7:27:33 AM,Order,Order='2832806405/PA-APEX-422136-04' Name='Entry' New state='Partially filled' Instrument='MES SEP26' Action='Buy' Limit price=7533 Stop price=0 Quantity=16 Type='Limit' Time in force=GTC Oco='' Filled=3 Fill price=7533 Error='No error' Native error='',
7/22/2026 7:27:33 AM,Position,Instrument='MES SEP26' Account='PA-APEX-422136-04' Average price=7533 Quantity=4 Market position=Long Operation=Update,
7/22/2026 7:27:33 AM,Execution,Execution='1598011,
7/22/2026 7:27:33 AM,Position,Instrument='MES SEP26' Account='PA-APEX-422136-04' Average price=7533 Quantity=2 Market position=Long Operation=Operation_Add,
7/22/2026 7:27:33 AM,Order,Order='2832806405/PA-APEX-422136-04' Name='Entry' New state='Partially filled' Instrument='MES SEP26' Action='Buy' Limit price=7533 Stop price=0 Quantity=16 Type='Limit' Time in force=GTC Oco='' Filled=2 Fill price=7533 Error='No error' Native error='',
7/22/2026 7:19:20 AM,Order,Order='2832804089/PA-APEX-422136-04' Name='Entry' New state='Cancelled' Instrument='MES SEP26' Action='Buy' Limit price=7538 Stop price=0 Quantity=16 Type='Limit' Time in force=GTC Oco='' Filled=0 Fill price=0 Error='No error' Native error='',
7/22/2026 7:19:20 AM,Order,Order='2832804089/PA-APEX-422136-04' Name='Entry' New state='Cancel submitted' Instrument='MES SEP26' Action='Buy' Limit price=7538 Stop price=0 Quantity=16 Type='Limit' Time in force=GTC Oco='' Filled=0 Fill price=0 Error='No error' Native error='',
7/22/2026 7:17:52 AM,Order,Order='2832806405/PA-APEX-422136-04' Name='Entry' New state='Working' Instrument='MES SEP26' Action='Buy' Limit price=7533 Stop price=0 Quantity=16 Type='Limit' Time in force=GTC Oco='' Filled=0 Fill price=0 Error='No error' Native error='',
7/22/2026 7:17:52 AM,Order,Order='2832806405/PA-APEX-422136-04' Name='Entry' New state='Accepted' Instrument='MES SEP26' Action='Buy' Limit price=7533 Stop price=0 Quantity=16 Type='Limit' Time in force=GTC Oco='' Filled=0 Fill price=0 Error='No error' Native error='',
7/22/2026 7:17:52 AM,Order,Order='91d6679fdff743ab9b9409cb1807d61e/PA-APEX-422136-04' Name='Entry' New state='Submitted' Instrument='MES SEP26' Action='Buy' Limit price=7533 Stop price=0 Quantity=16 Type='Limit' Time in force=GTC Oco='' Filled=0 Fill price=0 Error='No error' Native error='',
7/22/2026 7:17:51 AM,Order,Chart Trader submitting order with strategy 'MES MIN SL5 - 2' (Ticks),
7/22/2026 7:17:32 AM,Order,Order='2832804089/PA-APEX-422136-04' Name='Entry' New state='Accepted' Instrument='MES SEP26' Action='Buy' Limit price=7538 Stop price=0 Quantity=16 Type='Limit' Time in force=GTC Oco='' Filled=0 Fill price=0 Error='No error' Native error='',
7/22/2026 7:17:32 AM,Order,Order='2832804089/PA-APEX-422136-04' Name='Entry' New state='Working' Instrument='MES SEP26' Action='Buy' Limit price=7538 Stop price=0 Quantity=16 Type='Limit' Time in force=GTC Oco='' Filled=0 Fill price=0 Error='No error' Native error='',
7/22/2026 7:17:32 AM,Order,Order='57810cc8a36e41fe8e59adafd61e2bb9/PA-APEX-422136-04' Name='Entry' New state='Submitted' Instrument='MES SEP26' Action='Buy' Limit price=7538 Stop price=0 Quantity=16 Type='Limit' Time in force=GTC Oco='' Filled=0 Fill price=0 Error='No error' Native error='',
7/22/2026 7:17:32 AM,Order,Chart Trader submitting order with strategy 'MES MIN SL5 - 1' (Ticks),
7/22/2026 7:17:06 AM,Order,Order='2832801039/PA-APEX-422136-04' Name='Entry' New state='Cancelled' Instrument='MES SEP26' Action='Buy' Limit price=7538 Stop price=0 Quantity=8 Type='Limit' Time in force=GTC Oco='' Filled=0 Fill price=0 Error='No error' Native error='',
7/22/2026 7:17:06 AM,Order,Order='2832801039/PA-APEX-422136-04' Name='Entry' New state='Cancel submitted' Instrument='MES SEP26' Action='Buy' Limit price=7538 Stop price=0 Quantity=8 Type='Limit' Time in force=GTC Oco='' Filled=0 Fill price=0 Error='No error' Native error='',
7/22/2026 7:17:04 AM,Order,Order='2832801039/PA-APEX-422136-04' Name='Entry' New state='Accepted' Instrument='MES SEP26' Action='Buy' Limit price=7538 Stop price=0 Quantity=8 Type='Limit' Time in force=GTC Oco='' Filled=0 Fill price=0 Error='No error' Native error='',
7/22/2026 7:17:04 AM,Order,Order='2832801039/PA-APEX-422136-04' Name='Entry' New state='Working' Instrument='MES SEP26' Action='Buy' Limit price=7538 Stop price=0 Quantity=8 Type='Limit' Time in force=GTC Oco='' Filled=0 Fill price=0 Error='No error' Native error='',
7/22/2026 7:17:04 AM,Order,Order='262ebb2e955e43248ac57a8f21751227/PA-APEX-422136-04' Name='Entry' New state='Submitted' Instrument='MES SEP26' Action='Buy' Limit price=7538 Stop price=0 Quantity=8 Type='Limit' Time in force=GTC Oco='' Filled=0 Fill price=0 Error='No error' Native error='',
7/22/2026 7:17:04 AM,Order,Chart Trader submitting order with strategy 'MES MIN SL5 - 1' (Ticks),
7/22/2026 7:16:19 AM,Order,Order='2832756213/PA-APEX-422136-04' Name='Entry' New state='Cancelled' Instrument='MES SEP26' Action='Buy' Limit price=7538 Stop price=0 Quantity=16 Type='Limit' Time in force=GTC Oco='' Filled=0 Fill price=0 Error='No error' Native error='',
7/22/2026 7:16:19 AM,Order,Order='2832756213/PA-APEX-422136-04' Name='Entry' New state='Cancel submitted' Instrument='MES SEP26' Action='Buy' Limit price=7538 Stop price=0 Quantity=16 Type='Limit' Time in force=GTC Oco='' Filled=0 Fill price=0 Error='No error' Native error='',
7/22/2026 7:16:19 AM,Order,Order='2832760589/PA-APEX-422136-04' Name='Entry' New state='Cancelled' Instrument='MES SEP26' Action='Buy' Limit price=7540 Stop price=0 Quantity=8 Type='Limit' Time in force=GTC Oco='' Filled=0 Fill price=0 Error='No error' Native error='',
7/22/2026 7:16:19 AM,Order,Order='2832760589/PA-APEX-422136-04' Name='Entry' New state='Cancel submitted' Instrument='MES SEP26' Action='Buy' Limit price=7540 Stop price=0 Quantity=8 Type='Limit' Time in force=GTC Oco='' Filled=0 Fill price=0 Error='No error' Native error='',
7/22/2026 7:14:03 AM,Order,Order='2832718740/PA-APEX-422136-04' Name='Entry' New state='Cancelled' Instrument='MES SEP26' Action='Sell' Limit price=7562 Stop price=0 Quantity=16 Type='Limit' Time in force=GTC Oco='' Filled=0 Fill price=0 Error='No error' Native error='',
7/22/2026 7:14:03 AM,Order,Order='2832718740/PA-APEX-422136-04' Name='Entry' New state='Cancel submitted' Instrument='MES SEP26' Action='Sell' Limit price=7562 Stop price=0 Quantity=16 Type='Limit' Time in force=GTC Oco='' Filled=0 Fill price=0 Error='No error' Native error='',
7/22/2026 7:14:02 AM,Order,Order='2832719733/PA-APEX-422136-08' Name='Entry' New state='Cancelled' Instrument='MES SEP26' Action='Sell' Limit price=7562 Stop price=0 Quantity=16 Type='Limit' Time in force=GTC Oco='' Filled=0 Fill price=0 Error='No error' Native error='',
7/22/2026 7:14:02 AM,Order,Order='2832719733/PA-APEX-422136-08' Name='Entry' New state='Cancel submitted' Instrument='MES SEP26' Action='Sell' Limit price=7562 Stop price=0 Quantity=16 Type='Limit' Time in force=GTC Oco='' Filled=0 Fill price=0 Error='No error' Native error='',
7/22/2026 7:11:50 AM,Order,Order='2832760589/PA-APEX-422136-04' Name='Entry' New state='Accepted' Instrument='MES SEP26' Action='Buy' Limit price=7540 Stop price=0 Quantity=8 Type='Limit' Time in force=GTC Oco='' Filled=0 Fill price=0 Error='No error' Native error='',
7/22/2026 7:11:50 AM,Order,Order='2832760589/PA-APEX-422136-04' Name='Entry' New state='Working' Instrument='MES SEP26' Action='Buy' Limit price=7540 Stop price=0 Quantity=8 Type='Limit' Time in force=GTC Oco='' Filled=0 Fill price=0 Error='No error' Native error='',
7/22/2026 7:11:50 AM,Order,Order='82fa3574e5a34a2d8679bc1a6c432386/PA-APEX-422136-04' Name='Entry' New state='Submitted' Instrument='MES SEP26' Action='Buy' Limit price=7540 Stop price=0 Quantity=8 Type='Limit' Time in force=GTC Oco='' Filled=0 Fill price=0 Error='No error' Native error='',
7/22/2026 7:11:50 AM,Order,Chart Trader submitting order with strategy 'MES MIN SL5 - 17' (Ticks),
7/22/2026 7:11:14 AM,Order,Order='2832756213/PA-APEX-422136-04' Name='Entry' New state='Accepted' Instrument='MES SEP26' Action='Buy' Limit price=7538 Stop price=0 Quantity=16 Type='Limit' Time in force=GTC Oco='' Filled=0 Fill price=0 Error='No error' Native error='',
7/22/2026 7:11:14 AM,Order,Order='2832756213/PA-APEX-422136-04' Name='Entry' New state='Working' Instrument='MES SEP26' Action='Buy' Limit price=7538 Stop price=0 Quantity=16 Type='Limit' Time in force=GTC Oco='' Filled=0 Fill price=0 Error='No error' Native error='',
7/22/2026 7:11:14 AM,Order,Order='fa777a9845864c609b8be77d372d680f/PA-APEX-422136-04' Name='Entry' New state='Submitted' Instrument='MES SEP26' Action='Buy' Limit price=7538 Stop price=0 Quantity=16 Type='Limit' Time in force=GTC Oco='' Filled=0 Fill price=0 Error='No error' Native error='',
7/22/2026 7:11:14 AM,Order,Chart Trader submitting order with strategy 'MES MIN SL5 - 16' (Ticks),
7/22/2026 7:10:53 AM,Order,Order='2832694851/PA-APEX-422136-04' Name='Entry' New state='Cancelled' Instrument='MGC AUG26' Action='Sell' Limit price=4171 Stop price=0 Quantity=8 Type='Limit' Time in force=GTC Oco='' Filled=0 Fill price=0 Error='No error' Native error='',
7/22/2026 7:10:53 AM,Order,Order='2832694851/PA-APEX-422136-04' Name='Entry' New state='Cancel submitted' Instrument='MGC AUG26' Action='Sell' Limit price=4171 Stop price=0 Quantity=8 Type='Limit' Time in force=GTC Oco='' Filled=0 Fill price=0 Error='No error' Native error='',
7/22/2026 7:10:52 AM,Order,Order='2832724573/PA-APEX-422136-04' Name='Entry' New state='Cancelled' Instrument='MGC AUG26' Action='Buy' Limit price=4138 Stop price=0 Quantity=8 Type='Limit' Time in force=GTC Oco='' Filled=0 Fill price=0 Error='No error' Native error='',
7/22/2026 7:10:51 AM,Order,Order='2832724573/PA-APEX-422136-04' Name='Entry' New state='Cancel submitted' Instrument='MGC AUG26' Action='Buy' Limit price=4138 Stop price=0 Quantity=8 Type='Limit' Time in force=GTC Oco='' Filled=0 Fill price=0 Error='No error' Native error='',
7/22/2026 7:10:13 AM,Order,Order='2832710747/PA-APEX-422136-04' Name='Entry' New state='Cancelled' Instrument='MES SEP26' Action='Buy' Limit price=7543 Stop price=0 Quantity=16 Type='Limit' Time in force=GTC Oco='' Filled=0 Fill price=0 Error='No error' Native error='',
7/22/2026 7:10:13 AM,Order,Order='2832710747/PA-APEX-422136-04' Name='Entry' New state='Cancel submitted' Instrument='MES SEP26' Action='Buy' Limit price=7543 Stop price=0 Quantity=16 Type='Limit' Time in force=GTC Oco='' Filled=0 Fill price=0 Error='No error' Native error='',
7/22/2026 7:07:25 AM,Order,Order='2832724573/PA-APEX-422136-04' Name='Entry' New state='Working' Instrument='MGC AUG26' Action='Buy' Limit price=4138 Stop price=0 Quantity=8 Type='Limit' Time in force=GTC Oco='' Filled=0 Fill price=0 Error='No error' Native error='',
7/22/2026 7:07:25 AM,Order,Order='2832724573/PA-APEX-422136-04' Name='Entry' New state='Accepted' Instrument='MGC AUG26' Action='Buy' Limit price=4138 Stop price=0 Quantity=8 Type='Limit' Time in force=GTC Oco='' Filled=0 Fill price=0 Error='No error' Native error='',
7/22/2026 7:07:25 AM,Order,Order='2832724573/PA-APEX-422136-04' Name='Entry' New state='Change submitted' Instrument='MGC AUG26' Action='Buy' Limit price=4138 Stop price=0 Quantity=8 Type='Limit' Time in force=GTC Oco='' Filled=0 Fill price=0 Error='No error' Native error='',
7/22/2026 7:07:25 AM,Order,Order='2832724573/PA-APEX-422136-04' Name='Entry' New state='Working' Instrument='MGC AUG26' Action='Buy' Limit price=4137.9000000000005 Stop price=0 Quantity=8 Type='Limit' Time in force=GTC Oco='' Filled=0 Fill price=0 Error='No error' Native error='',
7/22/2026 7:07:25 AM,Order,Order='2832724573/PA-APEX-422136-04' Name='Entry' New state='Accepted' Instrument='MGC AUG26' Action='Buy' Limit price=4137.9000000000005 Stop price=0 Quantity=8 Type='Limit' Time in force=GTC Oco='' Filled=0 Fill price=0 Error='No error' Native error='',
7/22/2026 7:07:25 AM,Order,Order='2832724573/PA-APEX-422136-04' Name='Entry' New state='Change submitted' Instrument='MGC AUG26' Action='Buy' Limit price=4137.9 Stop price=0 Quantity=8 Type='Limit' Time in force=GTC Oco='' Filled=0 Fill price=0 Error='No error' Native error='',
7/22/2026 7:07:22 AM,Order,Order='2832724573/PA-APEX-422136-04' Name='Entry' New state='Working' Instrument='MGC AUG26' Action='Buy' Limit price=4137.8 Stop price=0 Quantity=8 Type='Limit' Time in force=GTC Oco='' Filled=0 Fill price=0 Error='No error' Native error='',
7/22/2026 7:07:22 AM,Order,Order='2832724573/PA-APEX-422136-04' Name='Entry' New state='Accepted' Instrument='MGC AUG26' Action='Buy' Limit price=4137.8 Stop price=0 Quantity=8 Type='Limit' Time in force=GTC Oco='' Filled=0 Fill price=0 Error='No error' Native error='',
7/22/2026 7:07:22 AM,Order,Order='2832724573/PA-APEX-422136-04' Name='Entry' New state='Change submitted' Instrument='MGC AUG26' Action='Buy' Limit price=4137.8 Stop price=0 Quantity=8 Type='Limit' Time in force=GTC Oco='' Filled=0 Fill price=0 Error='No error' Native error='',
7/22/2026 7:07:20 AM,Order,Order='2832724573/PA-APEX-422136-04' Name='Entry' New state='Accepted' Instrument='MGC AUG26' Action='Buy' Limit price=4137.9000000000005 Stop price=0 Quantity=8 Type='Limit' Time in force=GTC Oco='' Filled=0 Fill price=0 Error='No error' Native error='',
7/22/2026 7:07:20 AM,Order,Order='2832724573/PA-APEX-422136-04' Name='Entry' New state='Working' Instrument='MGC AUG26' Action='Buy' Limit price=4137.9000000000005 Stop price=0 Quantity=8 Type='Limit' Time in force=GTC Oco='' Filled=0 Fill price=0 Error='No error' Native error='',
7/22/2026 7:07:20 AM,Order,Order='681ce9851b574075926b8a1910ecc994/PA-APEX-422136-04' Name='Entry' New state='Submitted' Instrument='MGC AUG26' Action='Buy' Limit price=4137.9 Stop price=0 Quantity=8 Type='Limit' Time in force=GTC Oco='' Filled=0 Fill price=0 Error='No error' Native error='',
7/22/2026 7:07:20 AM,Order,Chart Trader submitting order with strategy 'MGC MIN SL5 - 16' (Ticks),
7/22/2026 7:07:02 AM,Order,Order='2832710747/PA-APEX-422136-04' Name='Entry' New state='Accepted' Instrument='MES SEP26' Action='Buy' Limit price=7543 Stop price=0 Quantity=16 Type='Limit' Time in force=GTC Oco='' Filled=0 Fill price=0 Error='No error' Native error='',
7/22/2026 7:07:02 AM,Order,Order='2832710747/PA-APEX-422136-04' Name='Entry' New state='Working' Instrument='MES SEP26' Action='Buy' Limit price=7543 Stop price=0 Quantity=16 Type='Limit' Time in force=GTC Oco='' Filled=0 Fill price=0 Error='No error' Native error='',
7/22/2026 7:07:02 AM,Order,Order='2832710747/PA-APEX-422136-04' Name='Entry' New state='Change submitted' Instrument='MES SEP26' Action='Buy' Limit price=7543 Stop price=0 Quantity=16 Type='Limit' Time in force=GTC Oco='' Filled=0 Fill price=0 Error='No error' Native error='',
7/22/2026 7:06:40 AM,Order,Order='2832719733/PA-APEX-422136-08' Name='Entry' New state='Accepted' Instrument='MES SEP26' Action='Sell' Limit price=7562 Stop price=0 Quantity=16 Type='Limit' Time in force=GTC Oco='' Filled=0 Fill price=0 Error='No error' Native error='',
7/22/2026 7:06:40 AM,Order,Order='2832719733/PA-APEX-422136-08' Name='Entry' New state='Working' Instrument='MES SEP26' Action='Sell' Limit price=7562 Stop price=0 Quantity=16 Type='Limit' Time in force=GTC Oco='' Filled=0 Fill price=0 Error='No error' Native error='',
7/22/2026 7:06:40 AM,Order,Order='6757c68cd4f64a15a4376dc06df175bc/PA-APEX-422136-08' Name='Entry' New state='Submitted' Instrument='MES SEP26' Action='Sell' Limit price=7562 Stop price=0 Quantity=16 Type='Limit' Time in force=GTC Oco='' Filled=0 Fill price=0 Error='No error' Native error='',
7/22/2026 7:06:40 AM,Order,Chart Trader submitting order with strategy 'MES MIN SL5 - 15' (Ticks),
7/22/2026 7:06:26 AM,Order,Order='2832718740/PA-APEX-422136-04' Name='Entry' New state='Accepted' Instrument='MES SEP26' Action='Sell' Limit price=7562 Stop price=0 Quantity=16 Type='Limit' Time in force=GTC Oco='' Filled=0 Fill price=0 Error='No error' Native error='',
7/22/2026 7:06:26 AM,Order,Order='2832718740/PA-APEX-422136-04' Name='Entry' New state='Working' Instrument='MES SEP26' Action='Sell' Limit price=7562 Stop price=0 Quantity=16 Type='Limit' Time in force=GTC Oco='' Filled=0 Fill price=0 Error='No error' Native error='',
7/22/2026 7:06:26 AM,Order,Order='2a55d1e8a3004a9491cdfbb122c92f67/PA-APEX-422136-04' Name='Entry' New state='Submitted' Instrument='MES SEP26' Action='Sell' Limit price=7562 Stop price=0 Quantity=16 Type='Limit' Time in force=GTC Oco='' Filled=0 Fill price=0 Error='No error' Native error='',
7/22/2026 7:06:26 AM,Order,Chart Trader submitting order with strategy 'MES MIN SL5 - 14' (Ticks),
7/22/2026 7:06:07 AM,Order,Order='2832687835/PA-APEX-422136-04' Name='Entry' New state='Cancelled' Instrument='MGC AUG26' Action='Buy' Limit price=4138 Stop price=0 Quantity=8 Type='Limit' Time in force=GTC Oco='' Filled=0 Fill price=0 Error='No error' Native error='',
7/22/2026 7:06:07 AM,Order,Order='2832687835/PA-APEX-422136-04' Name='Entry' New state='Cancel submitted' Instrument='MGC AUG26' Action='Buy' Limit price=4138 Stop price=0 Quantity=8 Type='Limit' Time in force=GTC Oco='' Filled=0 Fill price=0 Error='No error' Native error='',
7/22/2026 7:05:33 AM,Order,Order='2832710747/PA-APEX-422136-04' Name='Entry' New state='Accepted' Instrument='MES SEP26' Action='Buy' Limit price=7539 Stop price=0 Quantity=16 Type='Limit' Time in force=GTC Oco='' Filled=0 Fill price=0 Error='No error' Native error='',
7/22/2026 7:05:33 AM,Order,Order='2832710747/PA-APEX-422136-04' Name='Entry' New state='Working' Instrument='MES SEP26' Action='Buy' Limit price=7539 Stop price=0 Quantity=16 Type='Limit' Time in force=GTC Oco='' Filled=0 Fill price=0 Error='No error' Native error='',
7/22/2026 7:05:33 AM,Order,Order='b14a232c60db49459dad9a4991fed3a4/PA-APEX-422136-04' Name='Entry' New state='Submitted' Instrument='MES SEP26' Action='Buy' Limit price=7539 Stop price=0 Quantity=16 Type='Limit' Time in force=GTC Oco='' Filled=0 Fill price=0 Error='No error' Native error='',
7/22/2026 7:05:33 AM,Order,Chart Trader submitting order with strategy 'MES MIN SL5 - 13' (Ticks),
7/22/2026 7:03:31 AM,Order,Order='2832682159/PA-APEX-422136-08' Name='Entry' New state='Cancelled' Instrument='MES SEP26' Action='Sell' Limit price=7554 Stop price=0 Quantity=16 Type='Limit' Time in force=GTC Oco='' Filled=0 Fill price=0 Error='No error' Native error='',
7/22/2026 7:03:31 AM,Order,Order='2832682159/PA-APEX-422136-08' Name='Entry' New state='Cancel submitted' Instrument='MES SEP26' Action='Sell' Limit price=7554 Stop price=0 Quantity=16 Type='Limit' Time in force=GTC Oco='' Filled=0 Fill price=0 Error='No error' Native error='',
7/22/2026 7:03:30 AM,Order,Order='2832683977/PA-APEX-422136-04' Name='Entry' New state='Cancelled' Instrument='MES SEP26' Action='Sell' Limit price=7554 Stop price=0 Quantity=16 Type='Limit' Time in force=GTC Oco='' Filled=0 Fill price=0 Error='No error' Native error='',
7/22/2026 7:03:30 AM,Order,Order='2832683977/PA-APEX-422136-04' Name='Entry' New state='Cancel submitted' Instrument='MES SEP26' Action='Sell' Limit price=7554 Stop price=0 Quantity=16 Type='Limit' Time in force=GTC Oco='' Filled=0 Fill price=0 Error='No error' Native error='',
7/22/2026 7:03:16 AM,Order,Order='2832694851/PA-APEX-422136-04' Name='Entry' New state='Accepted' Instrument='MGC AUG26' Action='Sell' Limit price=4171 Stop price=0 Quantity=8 Type='Limit' Time in force=GTC Oco='' Filled=0 Fill price=0 Error='No error' Native error='',
7/22/2026 7:03:16 AM,Order,Order='2832694851/PA-APEX-422136-04' Name='Entry' New state='Working' Instrument='MGC AUG26' Action='Sell' Limit price=4171 Stop price=0 Quantity=8 Type='Limit' Time in force=GTC Oco='' Filled=0 Fill price=0 Error='No error' Native error='',
7/22/2026 7:03:16 AM,Order,Order='a6a38e7100c8438680a2ca1e23fe9cd9/PA-APEX-422136-04' Name='Entry' New state='Submitted' Instrument='MGC AUG26' Action='Sell' Limit price=4171 Stop price=0 Quantity=8 Type='Limit' Time in force=GTC Oco='' Filled=0 Fill price=0 Error='No error' Native error='',
7/22/2026 7:03:16 AM,Order,Chart Trader submitting order with strategy 'MGC MIN SL5 - 12' (Ticks),
7/22/2026 7:02:24 AM,Order,Order='2832687835/PA-APEX-422136-04' Name='Entry' New state='Accepted' Instrument='MGC AUG26' Action='Buy' Limit price=4138 Stop price=0 Quantity=8 Type='Limit' Time in force=GTC Oco='' Filled=0 Fill price=0 Error='No error' Native error='',
7/22/2026 7:02:24 AM,Order,Order='2832687835/PA-APEX-422136-04' Name='Entry' New state='Working' Instrument='MGC AUG26' Action='Buy' Limit price=4138 Stop price=0 Quantity=8 Type='Limit' Time in force=GTC Oco='' Filled=0 Fill price=0 Error='No error' Native error='',
7/22/2026 7:02:24 AM,Order,Order='2832687835/PA-APEX-422136-04' Name='Entry' New state='Change submitted' Instrument='MGC AUG26' Action='Buy' Limit price=4138 Stop price=0 Quantity=8 Type='Limit' Time in force=GTC Oco='' Filled=0 Fill price=0 Error='No error' Native error='',
7/22/2026 7:02:23 AM,Order,Order='2832687835/PA-APEX-422136-04' Name='Entry' New state='Working' Instrument='MGC AUG26' Action='Buy' Limit price=4138.1 Stop price=0 Quantity=8 Type='Limit' Time in force=GTC Oco='' Filled=0 Fill price=0 Error='No error' Native error='',
7/22/2026 7:02:23 AM,Order,Order='2832687835/PA-APEX-422136-04' Name='Entry' New state='Accepted' Instrument='MGC AUG26' Action='Buy' Limit price=4138.1 Stop price=0 Quantity=8 Type='Limit' Time in force=GTC Oco='' Filled=0 Fill price=0 Error='No error' Native error='',
7/22/2026 7:02:23 AM,Order,Order='2832687835/PA-APEX-422136-04' Name='Entry' New state='Change submitted' Instrument='MGC AUG26' Action='Buy' Limit price=4138.1 Stop price=0 Quantity=8 Type='Limit' Time in force=GTC Oco='' Filled=0 Fill price=0 Error='No error' Native error='',
7/22/2026 7:02:21 AM,Order,Order='2832687835/PA-APEX-422136-04' Name='Entry' New state='Accepted' Instrument='MGC AUG26' Action='Buy' Limit price=4138.2 Stop price=0 Quantity=8 Type='Limit' Time in force=GTC Oco='' Filled=0 Fill price=0 Error='No error' Native error='',
7/22/2026 7:02:21 AM,Order,Order='2832687835/PA-APEX-422136-04' Name='Entry' New state='Working' Instrument='MGC AUG26' Action='Buy' Limit price=4138.2 Stop price=0 Quantity=8 Type='Limit' Time in force=GTC Oco='' Filled=0 Fill price=0 Error='No error' Native error='',
7/22/2026 7:02:21 AM,Order,Order='02997a07034e41c19c89878c6721a2bf/PA-APEX-422136-04' Name='Entry' New state='Submitted' Instrument='MGC AUG26' Action='Buy' Limit price=4138.2 Stop price=0 Quantity=8 Type='Limit' Time in force=GTC Oco='' Filled=0 Fill price=0 Error='No error' Native error='',
7/22/2026 7:02:21 AM,Order,Chart Trader submitting order with strategy 'MGC MIN SL5 - 11' (Ticks),
7/22/2026 7:01:37 AM,Order,Order='2832683977/PA-APEX-422136-04' Name='Entry' New state='Working' Instrument='MES SEP26' Action='Sell' Limit price=7554 Stop price=0 Quantity=16 Type='Limit' Time in force=GTC Oco='' Filled=0 Fill price=0 Error='No error' Native error='',
7/22/2026 7:01:37 AM,Order,Order='2832683977/PA-APEX-422136-04' Name='Entry' New state='Accepted' Instrument='MES SEP26' Action='Sell' Limit price=7554 Stop price=0 Quantity=16 Type='Limit' Time in force=GTC Oco='' Filled=0 Fill price=0 Error='No error' Native error='',
7/22/2026 7:01:36 AM,Order,Order='1fa1a87ee5034feb91dfd745c7655f62/PA-APEX-422136-04' Name='Entry' New state='Submitted' Instrument='MES SEP26' Action='Sell' Limit price=7554 Stop price=0 Quantity=16 Type='Limit' Time in force=GTC Oco='' Filled=0 Fill price=0 Error='No error' Native error='',
7/22/2026 7:01:36 AM,Order,Chart Trader submitting order with strategy 'MES MIN SL5 - 10' (Ticks),
7/22/2026 7:01:23 AM,Order,Order='2832565162/PA-APEX-422136-04' Name='Entry' New state='Cancelled' Instrument='MES SEP26' Action='Sell' Limit price=7554 Stop price=0 Quantity=16 Type='Limit' Time in force=GTC Oco='' Filled=0 Fill price=0 Error='No error' Native error='',
7/22/2026 7:01:23 AM,Order,Order='2832565162/PA-APEX-422136-04' Name='Entry' New state='Cancel submitted' Instrument='MES SEP26' Action='Sell' Limit price=7554 Stop price=0 Quantity=16 Type='Limit' Time in force=GTC Oco='' Filled=0 Fill price=0 Error='No error' Native error='',
7/22/2026 7:01:19 AM,Order,Order='2832682159/PA-APEX-422136-08' Name='Entry' New state='Accepted' Instrument='MES SEP26' Action='Sell' Limit price=7554 Stop price=0 Quantity=16 Type='Limit' Time in force=GTC Oco='' Filled=0 Fill price=0 Error='No error' Native error='',
7/22/2026 7:01:19 AM,Order,Order='2832682159/PA-APEX-422136-08' Name='Entry' New state='Working' Instrument='MES SEP26' Action='Sell' Limit price=7554 Stop price=0 Quantity=16 Type='Limit' Time in force=GTC Oco='' Filled=0 Fill price=0 Error='No error' Native error='',
7/22/2026 7:01:19 AM,Order,Order='ec81a4dbae274e4f8258c1748c1586b5/PA-APEX-422136-08' Name='Entry' New state='Submitted' Instrument='MES SEP26' Action='Sell' Limit price=7554 Stop price=0 Quantity=16 Type='Limit' Time in force=GTC Oco='' Filled=0 Fill price=0 Error='No error' Native error='',
7/22/2026 7:01:19 AM,Order,Chart Trader submitting order with strategy 'MES MIN SL5 - 9' (Ticks),
7/22/2026 7:01:07 AM,Order,Order='2832585379/PA-APEX-422136-06' Name='Entry' New state='Cancelled' Instrument='MES SEP26' Action='Buy' Limit price=7530 Stop price=0 Quantity=16 Type='Limit' Time in force=GTC Oco='' Filled=0 Fill price=0 Error='No error' Native error='',
7/22/2026 7:01:07 AM,Order,Order='2832585379/PA-APEX-422136-06' Name='Entry' New state='Cancel submitted' Instrument='MES SEP26' Action='Buy' Limit price=7530 Stop price=0 Quantity=16 Type='Limit' Time in force=GTC Oco='' Filled=0 Fill price=0 Error='No error' Native error='',
7/22/2026 7:01:05 AM,Order,Order='2832567109/PA-APEX-422136-06' Name='Entry' New state='Cancelled' Instrument='MES SEP26' Action='Sell' Limit price=7554 Stop price=0 Quantity=16 Type='Limit' Time in force=GTC Oco='' Filled=0 Fill price=0 Error='No error' Native error='',
7/22/2026 7:01:05 AM,Order,Order='2832567109/PA-APEX-422136-06' Name='Entry' New state='Cancel submitted' Instrument='MES SEP26' Action='Sell' Limit price=7554 Stop price=0 Quantity=16 Type='Limit' Time in force=GTC Oco='' Filled=0 Fill price=0 Error='No error' Native error='',
7/22/2026 7:00:22 AM,Order,Order='2832576641/PA-APEX-422136-06' Name='Entry' New state='Cancelled' Instrument='MGC AUG26' Action='Buy' Limit price=4138 Stop price=0 Quantity=8 Type='Limit' Time in force=GTC Oco='' Filled=0 Fill price=0 Error='No error' Native error='',
7/22/2026 7:00:22 AM,Order,Order='2832576641/PA-APEX-422136-06' Name='Entry' New state='Cancel submitted' Instrument='MGC AUG26' Action='Buy' Limit price=4138 Stop price=0 Quantity=8 Type='Limit' Time in force=GTC Oco='' Filled=0 Fill price=0 Error='No error' Native error='',
7/22/2026 7:00:02 AM,Order,Order='2832669387/PA-APEX-422136-06' Name='Stop2' New state='Cancelled' Instrument='MGC AUG26' Action='Buy to cover' Limit price=0 Stop price=4160.8 Quantity=4 Type='Stop Market' Time in force=GTC Oco='ef96f02d5de640a9881dd0bedac5b39b' Filled=0 Fill price=0 Error='No error' Native error='',
7/22/2026 7:00:02 AM,Strategy,Cancelling any remaining strategy orders,
7/22/2026 7:00:02 AM,Order,Order='2832669387/PA-APEX-422136-06' Name='Stop2' New state='Cancel submitted' Instrument='MGC AUG26' Action='Buy to cover' Limit price=0 Stop price=4160.8 Quantity=4 Type='Stop Market' Time in force=GTC Oco='ef96f02d5de640a9881dd0bedac5b39b' Filled=0 Fill price=0 Error='No error' Native error='',
7/22/2026 7:00:02 AM,Order,Order='2832669375/PA-APEX-422136-06' Name='Stop1' New state='Cancelled' Instrument='MGC AUG26' Action='Buy to cover' Limit price=0 Stop price=4166 Quantity=4 Type='Stop Market' Time in force=GTC Oco='845237ad436c410fb8757134aa4171cc' Filled=0 Fill price=0 Error='No error' Native error='',
7/22/2026 7:00:02 AM,Order,Order='2832669387/PA-APEX-422136-06' Name='Stop2' New state='Accepted' Instrument='MGC AUG26' Action='Buy to cover' Limit price=0 Stop price=4160.8 Quantity=4 Type='Stop Market' Time in force=GTC Oco='ef96f02d5de640a9881dd0bedac5b39b' Filled=0 Fill price=0 Error='No error' Native error='',
7/22/2026 7:00:02 AM,Order,Order='2832669388/PA-APEX-422136-06' Name='Target2' New state='Filled' Instrument='MGC AUG26' Action='Buy to cover' Limit price=4158.8 Stop price=0 Quantity=4 Type='Limit' Time in force=GTC Oco='ef96f02d5de640a9881dd0bedac5b39b' Filled=4 Fill price=4158.8 Error='No error' Native error='',
7/22/2026 7:00:02 AM,Execution,Execution='1139705,
7/22/2026 7:00:02 AM,Order,Order='2832669388/PA-APEX-422136-06' Name='Target2' New state='Partially filled' Instrument='MGC AUG26' Action='Buy to cover' Limit price=4158.8 Stop price=0 Quantity=4 Type='Limit' Time in force=GTC Oco='ef96f02d5de640a9881dd0bedac5b39b' Filled=3 Fill price=4158.8 Error='No error' Native error='',
7/22/2026 7:00:02 AM,Execution,Execution='1139704,
7/22/2026 7:00:02 AM,Order,Order='2832669388/PA-APEX-422136-06' Name='Target2' New state='Partially filled' Instrument='MGC AUG26' Action='Buy to cover' Limit price=4158.8 Stop price=0 Quantity=4 Type='Limit' Time in force=GTC Oco='ef96f02d5de640a9881dd0bedac5b39b' Filled=2 Fill price=4158.8 Error='No error' Native error='',
7/22/2026 7:00:02 AM,Execution,Execution='1139703,
7/22/2026 7:00:02 AM,Execution,Execution='1139284,
7/22/2026 7:00:02 AM,Execution,Execution='1139702,
7/22/2026 7:00:02 AM,Execution,Execution='1139283,
7/22/2026 7:00:02 AM,Order,Order='2832669375/PA-APEX-422136-06' Name='Stop1' New state='Cancel submitted' Instrument='MGC AUG26' Action='Buy to cover' Limit price=0 Stop price=4166 Quantity=4 Type='Stop Market' Time in force=GTC Oco='845237ad436c410fb8757134aa4171cc' Filled=0 Fill price=0 Error='No error' Native error='',
7/22/2026 7:00:02 AM,Order,Order='2832669387/PA-APEX-422136-06' Name='Stop2' New state='Change submitted' Instrument='MGC AUG26' Action='Buy to cover' Limit price=0 Stop price=4160.8 Quantity=4 Type='Stop Market' Time in force=GTC Oco='ef96f02d5de640a9881dd0bedac5b39b' Filled=0 Fill price=0 Error='No error' Native error='',
7/22/2026 7:00:02 AM,Order,Order='2832669376/PA-APEX-422136-06' Name='Target1' New state='Filled' Instrument='MGC AUG26' Action='Buy to cover' Limit price=4159 Stop price=0 Quantity=4 Type='Limit' Time in force=GTC Oco='845237ad436c410fb8757134aa4171cc' Filled=4 Fill price=4159 Error='No error' Native error='',
7/22/2026 7:00:02 AM,Order,Auto breakeven price modification from '4166.0' to '4160.8',
7/22/2026 7:00:02 AM,Position,Instrument='MGC AUG26' Account='PA-APEX-422136-06' Average price=4161 Quantity=1 Market position=Flat Operation=Remove,
7/22/2026 7:00:02 AM,Position,Instrument='MGC AUG26' Account='PA-APEX-422136-06' Average price=4161 Quantity=2 Market position=Short Operation=Update,
7/22/2026 7:00:02 AM,Position,Instrument='MGC AUG26' Account='PA-APEX-422136-06' Average price=4161 Quantity=1 Market position=Short Operation=Update,
7/22/2026 7:00:02 AM,Position,Instrument='MGC AUG26' Account='PA-APEX-422136-06' Average price=4161 Quantity=4 Market position=Short Operation=Update,
7/22/2026 6:59:33 AM,Order,Order='2832669388/PA-APEX-422136-06' Name='Target2' New state='Working' Instrument='MGC AUG26' Action='Buy to cover' Limit price=4158.8 Stop price=0 Quantity=4 Type='Limit' Time in force=GTC Oco='ef96f02d5de640a9881dd0bedac5b39b' Filled=0 Fill price=0 Error='No error' Native error='',
7/22/2026 6:59:33 AM,Order,Order='2832669387/PA-APEX-422136-06' Name='Stop2' New state='Accepted' Instrument='MGC AUG26' Action='Buy to cover' Limit price=0 Stop price=4166 Quantity=4 Type='Stop Market' Time in force=GTC Oco='ef96f02d5de640a9881dd0bedac5b39b' Filled=0 Fill price=0 Error='No error' Native error='',
7/22/2026 6:59:33 AM,Order,Order='2832669388/PA-APEX-422136-06' Name='Target2' New state='Accepted' Instrument='MGC AUG26' Action='Buy to cover' Limit price=4158.8 Stop price=0 Quantity=4 Type='Limit' Time in force=GTC Oco='ef96f02d5de640a9881dd0bedac5b39b' Filled=0 Fill price=0 Error='No error' Native error='',
7/22/2026 6:59:33 AM,Order,Order='2832669376/PA-APEX-422136-06' Name='Target1' New state='Accepted' Instrument='MGC AUG26' Action='Buy to cover' Limit price=4159 Stop price=0 Quantity=4 Type='Limit' Time in force=GTC Oco='845237ad436c410fb8757134aa4171cc' Filled=0 Fill price=0 Error='No error' Native error='',
7/22/2026 6:59:33 AM,Order,Order='2832669376/PA-APEX-422136-06' Name='Target1' New state='Working' Instrument='MGC AUG26' Action='Buy to cover' Limit price=4159 Stop price=0 Quantity=4 Type='Limit' Time in force=GTC Oco='845237ad436c410fb8757134aa4171cc' Filled=0 Fill price=0 Error='No error' Native error='',
7/22/2026 6:59:33 AM,Order,Order='2832669375/PA-APEX-422136-06' Name='Stop1' New state='Accepted' Instrument='MGC AUG26' Action='Buy to cover' Limit price=0 Stop price=4166 Quantity=4 Type='Stop Market' Time in force=GTC Oco='845237ad436c410fb8757134aa4171cc' Filled=0 Fill price=0 Error='No error' Native error='',
7/22/2026 6:59:33 AM,Order,PA-APEX-422136-06 Modification rejected by the Order Management System - Order is complete. affected Order: Sell 8 Limit @ 4161,
7/22/2026 6:59:33 AM,Order,Order='2832609203/PA-APEX-422136-06' Name='Entry' New state='Filled' Instrument='MGC AUG26' Action='Sell' Limit price=4161 Stop price=0 Quantity=8 Type='Limit' Time in force=GTC Oco='' Filled=8 Fill price=4161 Error='Unable to change order' Native error='Modification rejected by the Order Management System - Order is complete.',
7/22/2026 6:59:33 AM,Order,Order='2832609203/PA-APEX-422136-06' Name='Entry' New state='Filled' Instrument='MGC AUG26' Action='Sell' Limit price=4161 Stop price=0 Quantity=8 Type='Limit' Time in force=GTC Oco='' Filled=8 Fill price=4161 Error='Unable to change order' Native error='Modification rejected by the Order Management System - Order is complete.',
7/22/2026 6:59:33 AM,Order,PA-APEX-422136-06 Modification rejected by the Order Management System - Order is complete. affected Order: Sell 8 Limit @ 4161,
7/22/2026 6:59:33 AM,Order,Order='0af018171f95461398d9846b0fc5c973/PA-APEX-422136-06' Name='Target2' New state='Submitted' Instrument='MGC AUG26' Action='Buy to cover' Limit price=4158.8 Stop price=0 Quantity=4 Type='Limit' Time in force=GTC Oco='ef96f02d5de640a9881dd0bedac5b39b' Filled=0 Fill price=0 Error='No error' Native error='',
7/22/2026 6:59:33 AM,Order,Order='3f230b0b771f40718639422541ccbcdd/PA-APEX-422136-06' Name='Stop2' New state='Submitted' Instrument='MGC AUG26' Action='Buy to cover' Limit price=0 Stop price=4166 Quantity=4 Type='Stop Market' Time in force=GTC Oco='ef96f02d5de640a9881dd0bedac5b39b' Filled=0 Fill price=0 Error='No error' Native error='',
7/22/2026 6:59:33 AM,Order,Order='06f6a094d928494e85fd07df06e63cd7/PA-APEX-422136-06' Name='Target1' New state='Submitted' Instrument='MGC AUG26' Action='Buy to cover' Limit price=4159 Stop price=0 Quantity=4 Type='Limit' Time in force=GTC Oco='845237ad436c410fb8757134aa4171cc' Filled=0 Fill price=0 Error='No error' Native error='',
7/22/2026 6:59:33 AM,Order,Order='c703b265cf814faf8a84166b2feacb58/PA-APEX-422136-06' Name='Stop1' New state='Submitted' Instrument='MGC AUG26' Action='Buy to cover' Limit price=0 Stop price=4166 Quantity=4 Type='Stop Market' Time in force=GTC Oco='845237ad436c410fb8757134aa4171cc' Filled=0 Fill price=0 Error='No error' Native error='',
7/22/2026 6:59:33 AM,Order,Order='2832609203/PA-APEX-422136-06' Name='Entry' New state='Change submitted' Instrument='MGC AUG26' Action='Sell' Limit price=4160.9 Stop price=0 Quantity=8 Type='Limit' Time in force=GTC Oco='' Filled=8 Fill price=4161 Error='No error' Native error='',
7/22/2026 6:59:33 AM,Order,Order='2832609203/PA-APEX-422136-06' Name='Entry' New state='Change submitted' Instrument='MGC AUG26' Action='Sell' Limit price=4160.9 Stop price=0 Quantity=8 Type='Limit' Time in force=GTC Oco='' Filled=8 Fill price=4161 Error='No error' Native error='',
7/22/2026 6:59:33 AM,Execution,Execution='1139282,
7/22/2026 6:59:33 AM,Position,Instrument='MGC AUG26' Account='PA-APEX-422136-06' Average price=4161 Quantity=8 Market position=Short Operation=Update,
7/22/2026 6:59:33 AM,Position,Instrument='MGC AUG26' Account='PA-APEX-422136-06' Average price=4161 Quantity=7 Market position=Short Operation=Update,
7/22/2026 6:59:32 AM,Order,PA-APEX-422136-06 Modification rejected by the Order Management System - Order is complete. affected Order: Sell 8 Limit @ 4161,
7/22/2026 6:59:32 AM,Order,Order='2832609203/PA-APEX-422136-06' Name='Entry' New state='Filled' Instrument='MGC AUG26' Action='Sell' Limit price=4161 Stop price=0 Quantity=8 Type='Limit' Time in force=GTC Oco='' Filled=8 Fill price=4161 Error='Unable to change order' Native error='Modification rejected by the Order Management System - Order is complete.',
7/22/2026 6:59:32 AM,Order,Order='2832609203/PA-APEX-422136-06' Name='Entry' New state='Filled' Instrument='MGC AUG26' Action='Sell' Limit price=4161 Stop price=0 Quantity=8 Type='Limit' Time in force=GTC Oco='' Filled=8 Fill price=4161 Error='No error' Native error='',
7/22/2026 6:59:32 AM,Order,Order='2832609203/PA-APEX-422136-06' Name='Entry' New state='Partially filled' Instrument='MGC AUG26' Action='Sell' Limit price=4161 Stop price=0 Quantity=8 Type='Limit' Time in force=GTC Oco='' Filled=7 Fill price=4161 Error='No error' Native error='',
7/22/2026 6:59:32 AM,Order,Auto chase price modification to '4160.9',
7/22/2026 6:59:32 AM,Position,Instrument='MGC AUG26' Account='PA-APEX-422136-06' Average price=4161 Quantity=3 Market position=Short Operation=Operation_Add,
7/22/2026 6:59:32 AM,Order,Auto chase price modification to '4160.9',
7/22/2026 6:59:32 AM,Order,Order='2832609203/PA-APEX-422136-06' Name='Entry' New state='Partially filled' Instrument='MGC AUG26' Action='Sell' Limit price=4161 Stop price=0 Quantity=8 Type='Limit' Time in force=GTC Oco='' Filled=3 Fill price=4161 Error='No error' Native error='',
7/22/2026 6:59:32 AM,Order,Order='2832609203/PA-APEX-422136-06' Name='Entry' New state='Change submitted' Instrument='MGC AUG26' Action='Sell' Limit price=4160.9 Stop price=0 Quantity=8 Type='Limit' Time in force=GTC Oco='' Filled=0 Fill price=0 Error='No error' Native error='',
7/22/2026 6:59:32 AM,Order,Auto chase price modification to '4160.9',
7/22/2026 6:55:11 AM,Order,Order='2832585379/PA-APEX-422136-06' Name='Entry' New state='Working' Instrument='MES SEP26' Action='Buy' Limit price=7530 Stop price=0 Quantity=16 Type='Limit' Time in force=GTC Oco='' Filled=0 Fill price=0 Error='No error' Native error='',
7/22/2026 6:55:11 AM,Order,Order='2832585379/PA-APEX-422136-06' Name='Entry' New state='Accepted' Instrument='MES SEP26' Action='Buy' Limit price=7530 Stop price=0 Quantity=16 Type='Limit' Time in force=GTC Oco='' Filled=0 Fill price=0 Error='No error' Native error='',
7/22/2026 6:55:11 AM,Order,Order='2832585379/PA-APEX-422136-06' Name='Entry' New state='Change submitted' Instrument='MES SEP26' Action='Buy' Limit price=7530 Stop price=0 Quantity=16 Type='Limit' Time in force=GTC Oco='' Filled=0 Fill price=0 Error='No error' Native error='',
7/22/2026 6:55:10 AM,Order,Order='2832585379/PA-APEX-422136-06' Name='Entry' New state='Accepted' Instrument='MES SEP26' Action='Buy' Limit price=7529.75 Stop price=0 Quantity=16 Type='Limit' Time in force=GTC Oco='' Filled=0 Fill price=0 Error='No error' Native error='',
7/22/2026 6:55:10 AM,Order,Order='2832585379/PA-APEX-422136-06' Name='Entry' New state='Working' Instrument='MES SEP26' Action='Buy' Limit price=7529.75 Stop price=0 Quantity=16 Type='Limit' Time in force=GTC Oco='' Filled=0 Fill price=0 Error='No error' Native error='',
7/22/2026 6:55:10 AM,Order,Order='2832585379/PA-APEX-422136-06' Name='Entry' New state='Change submitted' Instrument='MES SEP26' Action='Buy' Limit price=7529.75 Stop price=0 Quantity=16 Type='Limit' Time in force=GTC Oco='' Filled=0 Fill price=0 Error='No error' Native error='',
7/22/2026 6:55:10 AM,Order,Order='2832585379/PA-APEX-422136-06' Name='Entry' New state='Accepted' Instrument='MES SEP26' Action='Buy' Limit price=7529.5 Stop price=0 Quantity=16 Type='Limit' Time in force=GTC Oco='' Filled=0 Fill price=0 Error='No error' Native error='',
7/22/2026 6:55:10 AM,Order,Order='2832585379/PA-APEX-422136-06' Name='Entry' New state='Working' Instrument='MES SEP26' Action='Buy' Limit price=7529.5 Stop price=0 Quantity=16 Type='Limit' Time in force=GTC Oco='' Filled=0 Fill price=0 Error='No error' Native error='',
7/22/2026 6:55:10 AM,Order,Order='2832585379/PA-APEX-422136-06' Name='Entry' New state='Change submitted' Instrument='MES SEP26' Action='Buy' Limit price=7529.5 Stop price=0 Quantity=16 Type='Limit' Time in force=GTC Oco='' Filled=0 Fill price=0 Error='No error' Native error='',
7/22/2026 6:55:10 AM,Order,Order='2832585379/PA-APEX-422136-06' Name='Entry' New state='Accepted' Instrument='MES SEP26' Action='Buy' Limit price=7529.25 Stop price=0 Quantity=16 Type='Limit' Time in force=GTC Oco='' Filled=0 Fill price=0 Error='No error' Native error='',
7/22/2026 6:55:10 AM,Order,Order='2832585379/PA-APEX-422136-06' Name='Entry' New state='Working' Instrument='MES SEP26' Action='Buy' Limit price=7529.25 Stop price=0 Quantity=16 Type='Limit' Time in force=GTC Oco='' Filled=0 Fill price=0 Error='No error' Native error='',
7/22/2026 6:55:10 AM,Order,Order='2832585379/PA-APEX-422136-06' Name='Entry' New state='Change submitted' Instrument='MES SEP26' Action='Buy' Limit price=7529.25 Stop price=0 Quantity=16 Type='Limit' Time in force=GTC Oco='' Filled=0 Fill price=0 Error='No error' Native error='',
7/22/2026 6:55:10 AM,Order,Order='2832585379/PA-APEX-422136-06' Name='Entry' New state='Accepted' Instrument='MES SEP26' Action='Buy' Limit price=7529 Stop price=0 Quantity=16 Type='Limit' Time in force=GTC Oco='' Filled=0 Fill price=0 Error='No error' Native error='',
7/22/2026 6:55:10 AM,Order,Order='2832585379/PA-APEX-422136-06' Name='Entry' New state='Working' Instrument='MES SEP26' Action='Buy' Limit price=7529 Stop price=0 Quantity=16 Type='Limit' Time in force=GTC Oco='' Filled=0 Fill price=0 Error='No error' Native error='',
7/22/2026 6:55:09 AM,Order,Order='2832585379/PA-APEX-422136-06' Name='Entry' New state='Change submitted' Instrument='MES SEP26' Action='Buy' Limit price=7529 Stop price=0 Quantity=16 Type='Limit' Time in force=GTC Oco='' Filled=0 Fill price=0 Error='No error' Native error='',
7/22/2026 6:55:09 AM,Order,Order='2832585379/PA-APEX-422136-06' Name='Entry' New state='Accepted' Instrument='MES SEP26' Action='Buy' Limit price=7528.75 Stop price=0 Quantity=16 Type='Limit' Time in force=GTC Oco='' Filled=0 Fill price=0 Error='No error' Native error='',
7/22/2026 6:55:09 AM,Order,Order='2832585379/PA-APEX-422136-06' Name='Entry' New state='Working' Instrument='MES SEP26' Action='Buy' Limit price=7528.75 Stop price=0 Quantity=16 Type='Limit' Time in force=GTC Oco='' Filled=0 Fill price=0 Error='No error' Native error='',
7/22/2026 6:55:09 AM,Order,Order='2832585379/PA-APEX-422136-06' Name='Entry' New state='Change submitted' Instrument='MES SEP26' Action='Buy' Limit price=7528.75 Stop price=0 Quantity=16 Type='Limit' Time in force=GTC Oco='' Filled=0 Fill price=0 Error='No error' Native error='',
7/22/2026 6:55:09 AM,Order,Order='2832585379/PA-APEX-422136-06' Name='Entry' New state='Working' Instrument='MES SEP26' Action='Buy' Limit price=7528.5 Stop price=0 Quantity=16 Type='Limit' Time in force=GTC Oco='' Filled=0 Fill price=0 Error='No error' Native error='',
7/22/2026 6:55:09 AM,Order,Order='2832585379/PA-APEX-422136-06' Name='Entry' New state='Accepted' Instrument='MES SEP26' Action='Buy' Limit price=7528.5 Stop price=0 Quantity=16 Type='Limit' Time in force=GTC Oco='' Filled=0 Fill price=0 Error='No error' Native error='',
7/22/2026 6:55:09 AM,Order,Order='2832585379/PA-APEX-422136-06' Name='Entry' New state='Change submitted' Instrument='MES SEP26' Action='Buy' Limit price=7528.5 Stop price=0 Quantity=16 Type='Limit' Time in force=GTC Oco='' Filled=0 Fill price=0 Error='No error' Native error='',
7/22/2026 6:55:08 AM,Order,Order='2832585379/PA-APEX-422136-06' Name='Entry' New state='Working' Instrument='MES SEP26' Action='Buy' Limit price=7528.25 Stop price=0 Quantity=16 Type='Limit' Time in force=GTC Oco='' Filled=0 Fill price=0 Error='No error' Native error='',
7/22/2026 6:55:08 AM,Order,Order='2832585379/PA-APEX-422136-06' Name='Entry' New state='Accepted' Instrument='MES SEP26' Action='Buy' Limit price=7528.25 Stop price=0 Quantity=16 Type='Limit' Time in force=GTC Oco='' Filled=0 Fill price=0 Error='No error' Native error='',
7/22/2026 6:55:08 AM,Order,Order='2832585379/PA-APEX-422136-06' Name='Entry' New state='Change submitted' Instrument='MES SEP26' Action='Buy' Limit price=7528.25 Stop price=0 Quantity=16 Type='Limit' Time in force=GTC Oco='' Filled=0 Fill price=0 Error='No error' Native error='',
7/22/2026 6:51:14 AM,Order,Order='2832609203/PA-APEX-422136-06' Name='Entry' New state='Accepted' Instrument='MGC AUG26' Action='Sell' Limit price=4161 Stop price=0 Quantity=8 Type='Limit' Time in force=GTC Oco='' Filled=0 Fill price=0 Error='No error' Native error='',
7/22/2026 6:51:14 AM,Order,Order='2832609203/PA-APEX-422136-06' Name='Entry' New state='Working' Instrument='MGC AUG26' Action='Sell' Limit price=4161 Stop price=0 Quantity=8 Type='Limit' Time in force=GTC Oco='' Filled=0 Fill price=0 Error='No error' Native error='',
7/22/2026 6:51:14 AM,Order,Order='302196f3c6d34cc89591c418a9f9eba8/PA-APEX-422136-06' Name='Entry' New state='Submitted' Instrument='MGC AUG26' Action='Sell' Limit price=4161 Stop price=0 Quantity=8 Type='Limit' Time in force=GTC Oco='' Filled=0 Fill price=0 Error='No error' Native error='',
7/22/2026 6:51:14 AM,Order,Chart Trader submitting order with strategy 'MGC MIN SL5 - 12' (Ticks),
7/22/2026 6:48:38 AM,Order,Order='2832585379/PA-APEX-422136-06' Name='Entry' New state='Accepted' Instrument='MES SEP26' Action='Buy' Limit price=7528 Stop price=0 Quantity=16 Type='Limit' Time in force=GTC Oco='' Filled=0 Fill price=0 Error='No error' Native error='',
7/22/2026 6:48:38 AM,Order,Order='2832585379/PA-APEX-422136-06' Name='Entry' New state='Working' Instrument='MES SEP26' Action='Buy' Limit price=7528 Stop price=0 Quantity=16 Type='Limit' Time in force=GTC Oco='' Filled=0 Fill price=0 Error='No error' Native error='',
7/22/2026 6:48:38 AM,Order,Order='d44f36825cb94cb28321862791b92d4c/PA-APEX-422136-06' Name='Entry' New state='Submitted' Instrument='MES SEP26' Action='Buy' Limit price=7528 Stop price=0 Quantity=16 Type='Limit' Time in force=GTC Oco='' Filled=0 Fill price=0 Error='No error' Native error='',
7/22/2026 6:48:37 AM,Order,Chart Trader submitting order with strategy 'MES MIN SL5 - 11' (Ticks),
7/22/2026 6:48:26 AM,Order,Order='2832506797/PA-APEX-422136-06' Name='Entry' New state='Cancelled' Instrument='MES SEP26' Action='Buy' Limit price=7523 Stop price=0 Quantity=16 Type='Limit' Time in force=GTC Oco='' Filled=0 Fill price=0 Error='No error' Native error='',
7/22/2026 6:48:26 AM,Order,Order='2832506797/PA-APEX-422136-06' Name='Entry' New state='Cancel submitted' Instrument='MES SEP26' Action='Buy' Limit price=7523 Stop price=0 Quantity=16 Type='Limit' Time in force=GTC Oco='' Filled=0 Fill price=0 Error='No error' Native error='',
7/22/2026 6:47:52 AM,Order,Order='2832576641/PA-APEX-422136-06' Name='Entry' New state='Accepted' Instrument='MGC AUG26' Action='Buy' Limit price=4138 Stop price=0 Quantity=8 Type='Limit' Time in force=GTC Oco='' Filled=0 Fill price=0 Error='No error' Native error='',
7/22/2026 6:47:52 AM,Order,Order='2832576641/PA-APEX-422136-06' Name='Entry' New state='Working' Instrument='MGC AUG26' Action='Buy' Limit price=4138 Stop price=0 Quantity=8 Type='Limit' Time in force=GTC Oco='' Filled=0 Fill price=0 Error='No error' Native error='',
7/22/2026 6:47:52 AM,Order,Order='2832576641/PA-APEX-422136-06' Name='Entry' New state='Change submitted' Instrument='MGC AUG26' Action='Buy' Limit price=4138 Stop price=0 Quantity=8 Type='Limit' Time in force=GTC Oco='' Filled=0 Fill price=0 Error='No error' Native error='',
7/22/2026 6:47:49 AM,Order,Order='2832576641/PA-APEX-422136-06' Name='Entry' New state='Accepted' Instrument='MGC AUG26' Action='Buy' Limit price=4138.1 Stop price=0 Quantity=8 Type='Limit' Time in force=GTC Oco='' Filled=0 Fill price=0 Error='No error' Native error='',
7/22/2026 6:47:49 AM,Order,Order='2832576641/PA-APEX-422136-06' Name='Entry' New state='Working' Instrument='MGC AUG26' Action='Buy' Limit price=4138.1 Stop price=0 Quantity=8 Type='Limit' Time in force=GTC Oco='' Filled=0 Fill price=0 Error='No error' Native error='',
7/22/2026 6:47:49 AM,Order,Order='9ea485c52d104e2094d87ae6ef90f156/PA-APEX-422136-06' Name='Entry' New state='Submitted' Instrument='MGC AUG26' Action='Buy' Limit price=4138.1 Stop price=0 Quantity=8 Type='Limit' Time in force=GTC Oco='' Filled=0 Fill price=0 Error='No error' Native error='',
7/22/2026 6:47:49 AM,Order,Chart Trader submitting order with strategy 'MGC MIN SL5 - 10' (Ticks),
7/22/2026 6:46:56 AM,Order,Order='2832495375/PA-APEX-422136-06' Name='Entry' New state='Cancelled' Instrument='MGC AUG26' Action='Buy' Limit price=4130.9000000000005 Stop price=0 Quantity=8 Type='Limit' Time in force=GTC Oco='' Filled=0 Fill price=0 Error='No error' Native error='',
7/22/2026 6:46:56 AM,Order,Order='2832495375/PA-APEX-422136-06' Name='Entry' New state='Cancel submitted' Instrument='MGC AUG26' Action='Buy' Limit price=4130.9000000000005 Stop price=0 Quantity=8 Type='Limit' Time in force=GTC Oco='' Filled=0 Fill price=0 Error='No error' Native error='',
7/22/2026 6:46:56 AM,Default,Chart Trader close position,
7/22/2026 6:46:56 AM,Default,Cancel all orders account='PA-APEX-422136-06',
7/22/2026 6:46:52 AM,Order,Order='2832500833/PA-APEX-422136-06' Name='Entry' New state='Cancelled' Instrument='MGC AUG26' Action='Sell' Limit price=4158 Stop price=0 Quantity=8 Type='Limit' Time in force=GTC Oco='' Filled=0 Fill price=0 Error='No error' Native error='',
7/22/2026 6:46:52 AM,Order,Order='2832500833/PA-APEX-422136-06' Name='Entry' New state='Cancel submitted' Instrument='MGC AUG26' Action='Sell' Limit price=4158 Stop price=0 Quantity=8 Type='Limit' Time in force=GTC Oco='' Filled=0 Fill price=0 Error='No error' Native error='',
7/22/2026 6:46:09 AM,Order,Order='2832567109/PA-APEX-422136-06' Name='Entry' New state='Working' Instrument='MES SEP26' Action='Sell' Limit price=7554 Stop price=0 Quantity=16 Type='Limit' Time in force=GTC Oco='' Filled=0 Fill price=0 Error='No error' Native error='',
7/22/2026 6:46:09 AM,Order,Order='2832567109/PA-APEX-422136-06' Name='Entry' New state='Accepted' Instrument='MES SEP26' Action='Sell' Limit price=7554 Stop price=0 Quantity=16 Type='Limit' Time in force=GTC Oco='' Filled=0 Fill price=0 Error='No error' Native error='',
7/22/2026 6:46:09 AM,Order,Order='f38a14c988e249c5b0bc8b614042def2/PA-APEX-422136-06' Name='Entry' New state='Submitted' Instrument='MES SEP26' Action='Sell' Limit price=7554 Stop price=0 Quantity=16 Type='Limit' Time in force=GTC Oco='' Filled=0 Fill price=0 Error='No error' Native error='',
7/22/2026 6:46:09 AM,Order,Chart Trader submitting order with strategy 'MES MIN SL5 - 9' (Ticks),
7/22/2026 6:45:52 AM,Order,Order='2832565162/PA-APEX-422136-04' Name='Entry' New state='Accepted' Instrument='MES SEP26' Action='Sell' Limit price=7554 Stop price=0 Quantity=16 Type='Limit' Time in force=GTC Oco='' Filled=0 Fill price=0 Error='No error' Native error='',
7/22/2026 6:45:52 AM,Order,Order='2832565162/PA-APEX-422136-04' Name='Entry' New state='Working' Instrument='MES SEP26' Action='Sell' Limit price=7554 Stop price=0 Quantity=16 Type='Limit' Time in force=GTC Oco='' Filled=0 Fill price=0 Error='No error' Native error='',
7/22/2026 6:45:52 AM,Order,Order='12a44bc0cb3046b59e2bd0a9d7340ad3/PA-APEX-422136-04' Name='Entry' New state='Submitted' Instrument='MES SEP26' Action='Sell' Limit price=7554 Stop price=0 Quantity=16 Type='Limit' Time in force=GTC Oco='' Filled=0 Fill price=0 Error='No error' Native error='',
7/22/2026 6:45:52 AM,Order,Chart Trader submitting order with strategy 'MES MIN SL5 - 8' (Ticks),
7/22/2026 6:45:28 AM,Order,Order='2832470468/PA-APEX-422136-06' Name='Entry' New state='Cancelled' Instrument='MES SEP26' Action='Sell' Limit price=7542.5 Stop price=0 Quantity=16 Type='Limit' Time in force=GTC Oco='' Filled=0 Fill price=0 Error='No error' Native error='',
7/22/2026 6:45:27 AM,Order,Order='2832470468/PA-APEX-422136-06' Name='Entry' New state='Cancel submitted' Instrument='MES SEP26' Action='Sell' Limit price=7542.5 Stop price=0 Quantity=16 Type='Limit' Time in force=GTC Oco='' Filled=0 Fill price=0 Error='No error' Native error='',
7/22/2026 6:45:27 AM,Order,Order='2832471597/PA-APEX-422136-04' Name='Entry' New state='Cancelled' Instrument='MES SEP26' Action='Sell' Limit price=7542.5 Stop price=0 Quantity=16 Type='Limit' Time in force=GTC Oco='' Filled=0 Fill price=0 Error='No error' Native error='',
7/22/2026 6:45:27 AM,Order,Order='2832471597/PA-APEX-422136-04' Name='Entry' New state='Cancel submitted' Instrument='MES SEP26' Action='Sell' Limit price=7542.5 Stop price=0 Quantity=16 Type='Limit' Time in force=GTC Oco='' Filled=0 Fill price=0 Error='No error' Native error='',
7/22/2026 6:44:43 AM,Order,Order='2832471597/PA-APEX-422136-04' Name='Entry' New state='Accepted' Instrument='MES SEP26' Action='Sell' Limit price=7542.5 Stop price=0 Quantity=16 Type='Limit' Time in force=GTC Oco='' Filled=0 Fill price=0 Error='No error' Native error='',
7/22/2026 6:44:43 AM,Order,Order='2832471597/PA-APEX-422136-04' Name='Entry' New state='Working' Instrument='MES SEP26' Action='Sell' Limit price=7542.5 Stop price=0 Quantity=16 Type='Limit' Time in force=GTC Oco='' Filled=0 Fill price=0 Error='No error' Native error='',
7/22/2026 6:44:43 AM,Order,Order='2832471597/PA-APEX-422136-04' Name='Entry' New state='Change submitted' Instrument='MES SEP26' Action='Sell' Limit price=7542.5 Stop price=0 Quantity=16 Type='Limit' Time in force=GTC Oco='' Filled=0 Fill price=0 Error='No error' Native error='',
7/22/2026 6:44:42 AM,Order,Order='2832470468/PA-APEX-422136-06' Name='Entry' New state='Working' Instrument='MES SEP26' Action='Sell' Limit price=7542.5 Stop price=0 Quantity=16 Type='Limit' Time in force=GTC Oco='' Filled=0 Fill price=0 Error='No error' Native error='',
7/22/2026 6:44:42 AM,Order,Order='2832470468/PA-APEX-422136-06' Name='Entry' New state='Accepted' Instrument='MES SEP26' Action='Sell' Limit price=7542.5 Stop price=0 Quantity=16 Type='Limit' Time in force=GTC Oco='' Filled=0 Fill price=0 Error='No error' Native error='',
7/22/2026 6:44:42 AM,Order,Order='2832470468/PA-APEX-422136-06' Name='Entry' New state='Change submitted' Instrument='MES SEP26' Action='Sell' Limit price=7542.5 Stop price=0 Quantity=16 Type='Limit' Time in force=GTC Oco='' Filled=0 Fill price=0 Error='No error' Native error='',
7/22/2026 6:44:41 AM,Order,Order='2832471597/PA-APEX-422136-04' Name='Entry' New state='Accepted' Instrument='MES SEP26' Action='Sell' Limit price=7542.25 Stop price=0 Quantity=16 Type='Limit' Time in force=GTC Oco='' Filled=0 Fill price=0 Error='No error' Native error='',
7/22/2026 6:44:41 AM,Order,Order='2832471597/PA-APEX-422136-04' Name='Entry' New state='Working' Instrument='MES SEP26' Action='Sell' Limit price=7542.25 Stop price=0 Quantity=16 Type='Limit' Time in force=GTC Oco='' Filled=0 Fill price=0 Error='No error' Native error='',
7/22/2026 6:44:41 AM,Order,Order='2832471597/PA-APEX-422136-04' Name='Entry' New state='Change submitted' Instrument='MES SEP26' Action='Sell' Limit price=7542.25 Stop price=0 Quantity=16 Type='Limit' Time in force=GTC Oco='' Filled=0 Fill price=0 Error='No error' Native error='',
7/22/2026 6:44:41 AM,Order,Order='2832470468/PA-APEX-422136-06' Name='Entry' New state='Working' Instrument='MES SEP26' Action='Sell' Limit price=7542.25 Stop price=0 Quantity=16 Type='Limit' Time in force=GTC Oco='' Filled=0 Fill price=0 Error='No error' Native error='',
7/22/2026 6:44:41 AM,Order,Order='2832470468/PA-APEX-422136-06' Name='Entry' New state='Accepted' Instrument='MES SEP26' Action='Sell' Limit price=7542.25 Stop price=0 Quantity=16 Type='Limit' Time in force=GTC Oco='' Filled=0 Fill price=0 Error='No error' Native error='',
7/22/2026 6:44:41 AM,Order,Order='2832470468/PA-APEX-422136-06' Name='Entry' New state='Change submitted' Instrument='MES SEP26' Action='Sell' Limit price=7542.25 Stop price=0 Quantity=16 Type='Limit' Time in force=GTC Oco='' Filled=0 Fill price=0 Error='No error' Native error='',
7/22/2026 6:43:00 AM,Order,Order='2832506797/PA-APEX-422136-06' Name='Entry' New state='Working' Instrument='MES SEP26' Action='Buy' Limit price=7523 Stop price=0 Quantity=16 Type='Limit' Time in force=GTC Oco='' Filled=0 Fill price=0 Error='No error' Native error='',
7/22/2026 6:43:00 AM,Order,Order='2832506797/PA-APEX-422136-06' Name='Entry' New state='Accepted' Instrument='MES SEP26' Action='Buy' Limit price=7523 Stop price=0 Quantity=16 Type='Limit' Time in force=GTC Oco='' Filled=0 Fill price=0 Error='No error' Native error='',
7/22/2026 6:43:00 AM,Order,Order='2832506797/PA-APEX-422136-06' Name='Entry' New state='Change submitted' Instrument='MES SEP26' Action='Buy' Limit price=7523 Stop price=0 Quantity=16 Type='Limit' Time in force=GTC Oco='' Filled=0 Fill price=0 Error='No error' Native error='',
7/22/2026 6:42:45 AM,Order,Order='2832495375/PA-APEX-422136-06' Name='Entry' New state='Working' Instrument='MGC AUG26' Action='Buy' Limit price=4130.9000000000005 Stop price=0 Quantity=8 Type='Limit' Time in force=GTC Oco='' Filled=0 Fill price=0 Error='No error' Native error='',
7/22/2026 6:42:45 AM,Order,Order='2832495375/PA-APEX-422136-06' Name='Entry' New state='Accepted' Instrument='MGC AUG26' Action='Buy' Limit price=4130.9000000000005 Stop price=0 Quantity=8 Type='Limit' Time in force=GTC Oco='' Filled=0 Fill price=0 Error='No error' Native error='',
7/22/2026 6:42:45 AM,Order,Order='2832495375/PA-APEX-422136-06' Name='Entry' New state='Change submitted' Instrument='MGC AUG26' Action='Buy' Limit price=4130.9 Stop price=0 Quantity=8 Type='Limit' Time in force=GTC Oco='' Filled=0 Fill price=0 Error='No error' Native error='',
7/22/2026 6:42:45 AM,Order,Order='2832495375/PA-APEX-422136-06' Name='Entry' New state='Working' Instrument='MGC AUG26' Action='Buy' Limit price=4130.8 Stop price=0 Quantity=8 Type='Limit' Time in force=GTC Oco='' Filled=0 Fill price=0 Error='No error' Native error='',
7/22/2026 6:42:45 AM,Order,Order='2832495375/PA-APEX-422136-06' Name='Entry' New state='Accepted' Instrument='MGC AUG26' Action='Buy' Limit price=4130.8 Stop price=0 Quantity=8 Type='Limit' Time in force=GTC Oco='' Filled=0 Fill price=0 Error='No error' Native error='',
7/22/2026 6:42:45 AM,Order,Order='2832495375/PA-APEX-422136-06' Name='Entry' New state='Change submitted' Instrument='MGC AUG26' Action='Buy' Limit price=4130.8 Stop price=0 Quantity=8 Type='Limit' Time in force=GTC Oco='' Filled=0 Fill price=0 Error='No error' Native error='',
7/22/2026 6:42:44 AM,Order,Order='2832495375/PA-APEX-422136-06' Name='Entry' New state='Accepted' Instrument='MGC AUG26' Action='Buy' Limit price=4130.7 Stop price=0 Quantity=8 Type='Limit' Time in force=GTC Oco='' Filled=0 Fill price=0 Error='No error' Native error='',
7/22/2026 6:42:44 AM,Order,Order='2832495375/PA-APEX-422136-06' Name='Entry' New state='Working' Instrument='MGC AUG26' Action='Buy' Limit price=4130.7 Stop price=0 Quantity=8 Type='Limit' Time in force=GTC Oco='' Filled=0 Fill price=0 Error='No error' Native error='',
7/22/2026 6:42:44 AM,Order,Order='2832495375/PA-APEX-422136-06' Name='Entry' New state='Change submitted' Instrument='MGC AUG26' Action='Buy' Limit price=4130.7 Stop price=0 Quantity=8 Type='Limit' Time in force=GTC Oco='' Filled=0 Fill price=0 Error='No error' Native error='',
7/22/2026 6:42:44 AM,Order,Order='2832495375/PA-APEX-422136-06' Name='Entry' New state='Accepted' Instrument='MGC AUG26' Action='Buy' Limit price=4130.6 Stop price=0 Quantity=8 Type='Limit' Time in force=GTC Oco='' Filled=0 Fill price=0 Error='No error' Native error='',
7/22/2026 6:42:44 AM,Order,Order='2832495375/PA-APEX-422136-06' Name='Entry' New state='Working' Instrument='MGC AUG26' Action='Buy' Limit price=4130.6 Stop price=0 Quantity=8 Type='Limit' Time in force=GTC Oco='' Filled=0 Fill price=0 Error='No error' Native error='',
7/22/2026 6:42:44 AM,Order,Order='2832495375/PA-APEX-422136-06' Name='Entry' New state='Change submitted' Instrument='MGC AUG26' Action='Buy' Limit price=4130.6 Stop price=0 Quantity=8 Type='Limit' Time in force=GTC Oco='' Filled=0 Fill price=0 Error='No error' Native error='',
7/22/2026 6:42:43 AM,Order,Order='2832495375/PA-APEX-422136-06' Name='Entry' New state='Accepted' Instrument='MGC AUG26' Action='Buy' Limit price=4130.5 Stop price=0 Quantity=8 Type='Limit' Time in force=GTC Oco='' Filled=0 Fill price=0 Error='No error' Native error='',
7/22/2026 6:42:43 AM,Order,Order='2832495375/PA-APEX-422136-06' Name='Entry' New state='Working' Instrument='MGC AUG26' Action='Buy' Limit price=4130.5 Stop price=0 Quantity=8 Type='Limit' Time in force=GTC Oco='' Filled=0 Fill price=0 Error='No error' Native error='',
7/22/2026 6:42:43 AM,Order,Order='2832495375/PA-APEX-422136-06' Name='Entry' New state='Change submitted' Instrument='MGC AUG26' Action='Buy' Limit price=4130.5 Stop price=0 Quantity=8 Type='Limit' Time in force=GTC Oco='' Filled=0 Fill price=0 Error='No error' Native error='',
7/22/2026 6:42:43 AM,Order,Order='2832495375/PA-APEX-422136-06' Name='Entry' New state='Working' Instrument='MGC AUG26' Action='Buy' Limit price=4130.4000000000005 Stop price=0 Quantity=8 Type='Limit' Time in force=GTC Oco='' Filled=0 Fill price=0 Error='No error' Native error='',
7/22/2026 6:42:43 AM,Order,Order='2832495375/PA-APEX-422136-06' Name='Entry' New state='Accepted' Instrument='MGC AUG26' Action='Buy' Limit price=4130.4000000000005 Stop price=0 Quantity=8 Type='Limit' Time in force=GTC Oco='' Filled=0 Fill price=0 Error='No error' Native error='',
7/22/2026 6:42:43 AM,Order,Order='2832495375/PA-APEX-422136-06' Name='Entry' New state='Change submitted' Instrument='MGC AUG26' Action='Buy' Limit price=4130.4 Stop price=0 Quantity=8 Type='Limit' Time in force=GTC Oco='' Filled=0 Fill price=0 Error='No error' Native error='',
7/22/2026 6:42:43 AM,Order,Order='2832495375/PA-APEX-422136-06' Name='Entry' New state='Accepted' Instrument='MGC AUG26' Action='Buy' Limit price=4130.3 Stop price=0 Quantity=8 Type='Limit' Time in force=GTC Oco='' Filled=0 Fill price=0 Error='No error' Native error='',
7/22/2026 6:42:43 AM,Order,Order='2832495375/PA-APEX-422136-06' Name='Entry' New state='Working' Instrument='MGC AUG26' Action='Buy' Limit price=4130.3 Stop price=0 Quantity=8 Type='Limit' Time in force=GTC Oco='' Filled=0 Fill price=0 Error='No error' Native error='',
7/22/2026 6:42:43 AM,Order,Order='2832495375/PA-APEX-422136-06' Name='Entry' New state='Change submitted' Instrument='MGC AUG26' Action='Buy' Limit price=4130.3 Stop price=0 Quantity=8 Type='Limit' Time in force=GTC Oco='' Filled=0 Fill price=0 Error='No error' Native error='',
7/22/2026 6:42:42 AM,Order,Order='2832495375/PA-APEX-422136-06' Name='Entry' New state='Accepted' Instrument='MGC AUG26' Action='Buy' Limit price=4130.2 Stop price=0 Quantity=8 Type='Limit' Time in force=GTC Oco='' Filled=0 Fill price=0 Error='No error' Native error='',
7/22/2026 6:42:42 AM,Order,Order='2832495375/PA-APEX-422136-06' Name='Entry' New state='Working' Instrument='MGC AUG26' Action='Buy' Limit price=4130.2 Stop price=0 Quantity=8 Type='Limit' Time in force=GTC Oco='' Filled=0 Fill price=0 Error='No error' Native error='',
7/22/2026 6:42:42 AM,Order,Order='2832495375/PA-APEX-422136-06' Name='Entry' New state='Change submitted' Instrument='MGC AUG26' Action='Buy' Limit price=4130.2 Stop price=0 Quantity=8 Type='Limit' Time in force=GTC Oco='' Filled=0 Fill price=0 Error='No error' Native error='',
7/22/2026 6:42:42 AM,Order,Order='2832495375/PA-APEX-422136-06' Name='Entry' New state='Accepted' Instrument='MGC AUG26' Action='Buy' Limit price=4130.1 Stop price=0 Quantity=8 Type='Limit' Time in force=GTC Oco='' Filled=0 Fill price=0 Error='No error' Native error='',
7/22/2026 6:42:42 AM,Order,Order='2832495375/PA-APEX-422136-06' Name='Entry' New state='Working' Instrument='MGC AUG26' Action='Buy' Limit price=4130.1 Stop price=0 Quantity=8 Type='Limit' Time in force=GTC Oco='' Filled=0 Fill price=0 Error='No error' Native error='',
7/22/2026 6:42:41 AM,Order,Order='2832495375/PA-APEX-422136-06' Name='Entry' New state='Change submitted' Instrument='MGC AUG26' Action='Buy' Limit price=4130.1 Stop price=0 Quantity=8 Type='Limit' Time in force=GTC Oco='' Filled=0 Fill price=0 Error='No error' Native error='',
7/22/2026 6:38:30 AM,Order,Order='2832506797/PA-APEX-422136-06' Name='Entry' New state='Working' Instrument='MES SEP26' Action='Buy' Limit price=7522 Stop price=0 Quantity=16 Type='Limit' Time in force=GTC Oco='' Filled=0 Fill price=0 Error='No error' Native error='',
7/22/2026 6:38:30 AM,Order,Order='2832506797/PA-APEX-422136-06' Name='Entry' New state='Accepted' Instrument='MES SEP26' Action='Buy' Limit price=7522 Stop price=0 Quantity=16 Type='Limit' Time in force=GTC Oco='' Filled=0 Fill price=0 Error='No error' Native error='',
7/22/2026 6:38:30 AM,Order,Order='e7a9c73c99c54b358dac8b4cbb3bd5c0/PA-APEX-422136-06' Name='Entry' New state='Submitted' Instrument='MES SEP26' Action='Buy' Limit price=7522 Stop price=0 Quantity=16 Type='Limit' Time in force=GTC Oco='' Filled=0 Fill price=0 Error='No error' Native error='',
7/22/2026 6:38:30 AM,Order,Chart Trader submitting order with strategy 'MES MIN SL5 - 7' (Ticks),
7/22/2026 6:38:17 AM,Order,Order='2832495375/PA-APEX-422136-06' Name='Entry' New state='Working' Instrument='MGC AUG26' Action='Buy' Limit price=4130 Stop price=0 Quantity=8 Type='Limit' Time in force=GTC Oco='' Filled=0 Fill price=0 Error='No error' Native error='',
7/22/2026 6:38:17 AM,Order,Order='2832495375/PA-APEX-422136-06' Name='Entry' New state='Accepted' Instrument='MGC AUG26' Action='Buy' Limit price=4130 Stop price=0 Quantity=8 Type='Limit' Time in force=GTC Oco='' Filled=0 Fill price=0 Error='No error' Native error='',
7/22/2026 6:38:17 AM,Order,Order='2832495375/PA-APEX-422136-06' Name='Entry' New state='Change submitted' Instrument='MGC AUG26' Action='Buy' Limit price=4130 Stop price=0 Quantity=8 Type='Limit' Time in force=GTC Oco='' Filled=0 Fill price=0 Error='No error' Native error='',
7/22/2026 6:37:53 AM,Order,Order='2832500833/PA-APEX-422136-06' Name='Entry' New state='Working' Instrument='MGC AUG26' Action='Sell' Limit price=4158 Stop price=0 Quantity=8 Type='Limit' Time in force=GTC Oco='' Filled=0 Fill price=0 Error='No error' Native error='',
7/22/2026 6:37:53 AM,Order,Order='2832500833/PA-APEX-422136-06' Name='Entry' New state='Accepted' Instrument='MGC AUG26' Action='Sell' Limit price=4158 Stop price=0 Quantity=8 Type='Limit' Time in force=GTC Oco='' Filled=0 Fill price=0 Error='No error' Native error='',
7/22/2026 6:37:53 AM,Order,Order='2832500833/PA-APEX-422136-06' Name='Entry' New state='Change submitted' Instrument='MGC AUG26' Action='Sell' Limit price=4158 Stop price=0 Quantity=8 Type='Limit' Time in force=GTC Oco='' Filled=0 Fill price=0 Error='No error' Native error='',
7/22/2026 6:37:53 AM,Order,Order='2832500833/PA-APEX-422136-06' Name='Entry' New state='Accepted' Instrument='MGC AUG26' Action='Sell' Limit price=4158.1 Stop price=0 Quantity=8 Type='Limit' Time in force=GTC Oco='' Filled=0 Fill price=0 Error='No error' Native error='',
7/22/2026 6:37:53 AM,Order,Order='2832500833/PA-APEX-422136-06' Name='Entry' New state='Working' Instrument='MGC AUG26' Action='Sell' Limit price=4158.1 Stop price=0 Quantity=8 Type='Limit' Time in force=GTC Oco='' Filled=0 Fill price=0 Error='No error' Native error='',
7/22/2026 6:37:53 AM,Order,Order='2832500833/PA-APEX-422136-06' Name='Entry' New state='Change submitted' Instrument='MGC AUG26' Action='Sell' Limit price=4158.1 Stop price=0 Quantity=8 Type='Limit' Time in force=GTC Oco='' Filled=0 Fill price=0 Error='No error' Native error='',
7/22/2026 6:37:52 AM,Order,Order='2832500833/PA-APEX-422136-06' Name='Entry' New state='Accepted' Instrument='MGC AUG26' Action='Sell' Limit price=4158.2 Stop price=0 Quantity=8 Type='Limit' Time in force=GTC Oco='' Filled=0 Fill price=0 Error='No error' Native error='',
7/22/2026 6:37:52 AM,Order,Order='2832500833/PA-APEX-422136-06' Name='Entry' New state='Working' Instrument='MGC AUG26' Action='Sell' Limit price=4158.2 Stop price=0 Quantity=8 Type='Limit' Time in force=GTC Oco='' Filled=0 Fill price=0 Error='No error' Native error='',
7/22/2026 6:37:52 AM,Order,Order='2832500833/PA-APEX-422136-06' Name='Entry' New state='Change submitted' Instrument='MGC AUG26' Action='Sell' Limit price=4158.2 Stop price=0 Quantity=8 Type='Limit' Time in force=GTC Oco='' Filled=0 Fill price=0 Error='No error' Native error='',
7/22/2026 6:37:44 AM,Order,Order='2832500833/PA-APEX-422136-06' Name='Entry' New state='Accepted' Instrument='MGC AUG26' Action='Sell' Limit price=4158.3 Stop price=0 Quantity=8 Type='Limit' Time in force=GTC Oco='' Filled=0 Fill price=0 Error='No error' Native error='',
7/22/2026 6:37:44 AM,Order,Order='2832500833/PA-APEX-422136-06' Name='Entry' New state='Working' Instrument='MGC AUG26' Action='Sell' Limit price=4158.3 Stop price=0 Quantity=8 Type='Limit' Time in force=GTC Oco='' Filled=0 Fill price=0 Error='No error' Native error='',
7/22/2026 6:37:44 AM,Order,Order='c3bab5d4704f42549f7520948bfa8aca/PA-APEX-422136-06' Name='Entry' New state='Submitted' Instrument='MGC AUG26' Action='Sell' Limit price=4158.3 Stop price=0 Quantity=8 Type='Limit' Time in force=GTC Oco='' Filled=0 Fill price=0 Error='No error' Native error='',
7/22/2026 6:37:44 AM,Order,Chart Trader submitting order with strategy 'MGC MIN SL5 - 6' (Ticks),
7/22/2026 6:36:55 AM,Order,Order='2832495375/PA-APEX-422136-06' Name='Entry' New state='Accepted' Instrument='MGC AUG26' Action='Buy' Limit price=4133 Stop price=0 Quantity=8 Type='Limit' Time in force=GTC Oco='' Filled=0 Fill price=0 Error='No error' Native error='',
7/22/2026 6:36:55 AM,Order,Order='2832495375/PA-APEX-422136-06' Name='Entry' New state='Working' Instrument='MGC AUG26' Action='Buy' Limit price=4133 Stop price=0 Quantity=8 Type='Limit' Time in force=GTC Oco='' Filled=0 Fill price=0 Error='No error' Native error='',
7/22/2026 6:36:55 AM,Order,Order='823c876dfe35492d8798e246e40590d2/PA-APEX-422136-06' Name='Entry' New state='Submitted' Instrument='MGC AUG26' Action='Buy' Limit price=4133 Stop price=0 Quantity=8 Type='Limit' Time in force=GTC Oco='' Filled=0 Fill price=0 Error='No error' Native error='',
7/22/2026 6:36:55 AM,Order,Chart Trader submitting order with strategy 'MGC MIN SL5 - 5' (Ticks),
7/22/2026 6:33:45 AM,Order,Order='2832471597/PA-APEX-422136-04' Name='Entry' New state='Accepted' Instrument='MES SEP26' Action='Sell' Limit price=7542 Stop price=0 Quantity=16 Type='Limit' Time in force=GTC Oco='' Filled=0 Fill price=0 Error='No error' Native error='',
7/22/2026 6:33:45 AM,Order,Order='2832471597/PA-APEX-422136-04' Name='Entry' New state='Working' Instrument='MES SEP26' Action='Sell' Limit price=7542 Stop price=0 Quantity=16 Type='Limit' Time in force=GTC Oco='' Filled=0 Fill price=0 Error='No error' Native error='',
7/22/2026 6:33:45 AM,Order,Order='c356c2baf6c04822bc15387bf71ae29a/PA-APEX-422136-04' Name='Entry' New state='Submitted' Instrument='MES SEP26' Action='Sell' Limit price=7542 Stop price=0 Quantity=16 Type='Limit' Time in force=GTC Oco='' Filled=0 Fill price=0 Error='No error' Native error='',
7/22/2026 6:33:45 AM,Order,Chart Trader submitting order with strategy 'MES MIN SL5 - 4' (Ticks),
7/22/2026 6:33:40 AM,Order,Order='2832460810/PA-APEX-422136-04' Name='Entry' New state='Cancelled' Instrument='MES SEP26' Action='Sell' Limit price=7542 Stop price=0 Quantity=20 Type='Limit' Time in force=GTC Oco='' Filled=0 Fill price=0 Error='No error' Native error='',
7/22/2026 6:33:40 AM,Order,Order='2832460810/PA-APEX-422136-04' Name='Entry' New state='Cancel submitted' Instrument='MES SEP26' Action='Sell' Limit price=7542 Stop price=0 Quantity=20 Type='Limit' Time in force=GTC Oco='' Filled=0 Fill price=0 Error='No error' Native error='',
7/22/2026 6:33:31 AM,Order,Order='2832470468/PA-APEX-422136-06' Name='Entry' New state='Working' Instrument='MES SEP26' Action='Sell' Limit price=7542 Stop price=0 Quantity=16 Type='Limit' Time in force=GTC Oco='' Filled=0 Fill price=0 Error='No error' Native error='',
7/22/2026 6:33:31 AM,Order,Order='2832470468/PA-APEX-422136-06' Name='Entry' New state='Accepted' Instrument='MES SEP26' Action='Sell' Limit price=7542 Stop price=0 Quantity=16 Type='Limit' Time in force=GTC Oco='' Filled=0 Fill price=0 Error='No error' Native error='',
7/22/2026 6:33:31 AM,Order,Order='327b906c6e0849438f3ca0c3a50887ff/PA-APEX-422136-06' Name='Entry' New state='Submitted' Instrument='MES SEP26' Action='Sell' Limit price=7542 Stop price=0 Quantity=16 Type='Limit' Time in force=GTC Oco='' Filled=0 Fill price=0 Error='No error' Native error='',
7/22/2026 6:33:31 AM,Order,Chart Trader submitting order with strategy 'MES MIN SL5 - 3' (Ticks),
7/22/2026 6:33:24 AM,Order,Order='2832466780/PA-APEX-422136-06' Name='Entry' New state='Cancelled' Instrument='MES SEP26' Action='Buy' Limit price=7522 Stop price=0 Quantity=20 Type='Limit' Time in force=GTC Oco='' Filled=0 Fill price=0 Error='No error' Native error='',
7/22/2026 6:33:24 AM,Order,Order='2832433772/PA-APEX-422136-06' Name='Entry' New state='Cancelled' Instrument='MES SEP26' Action='Sell' Limit price=7542 Stop price=0 Quantity=20 Type='Limit' Time in force=GTC Oco='' Filled=0 Fill price=0 Error='No error' Native error='',
7/22/2026 6:33:24 AM,Order,Order='2832466780/PA-APEX-422136-06' Name='Entry' New state='Cancel submitted' Instrument='MES SEP26' Action='Buy' Limit price=7522 Stop price=0 Quantity=20 Type='Limit' Time in force=GTC Oco='' Filled=0 Fill price=0 Error='No error' Native error='',
7/22/2026 6:33:24 AM,Order,Order='2832433772/PA-APEX-422136-06' Name='Entry' New state='Cancel submitted' Instrument='MES SEP26' Action='Sell' Limit price=7542 Stop price=0 Quantity=20 Type='Limit' Time in force=GTC Oco='' Filled=0 Fill price=0 Error='No error' Native error='',
7/22/2026 6:33:24 AM,Default,Cancel all orders account='PA-APEX-422136-06',
7/22/2026 6:33:24 AM,Default,Chart Trader close position,
7/22/2026 6:32:57 AM,Order,Order='2832466780/PA-APEX-422136-06' Name='Entry' New state='Accepted' Instrument='MES SEP26' Action='Buy' Limit price=7522 Stop price=0 Quantity=20 Type='Limit' Time in force=GTC Oco='' Filled=0 Fill price=0 Error='No error' Native error='',
7/22/2026 6:32:57 AM,Order,Order='2832466780/PA-APEX-422136-06' Name='Entry' New state='Working' Instrument='MES SEP26' Action='Buy' Limit price=7522 Stop price=0 Quantity=20 Type='Limit' Time in force=GTC Oco='' Filled=0 Fill price=0 Error='No error' Native error='',
7/22/2026 6:32:57 AM,Order,Order='3c44d56d82ce41e88a6d1abb56302300/PA-APEX-422136-06' Name='Entry' New state='Submitted' Instrument='MES SEP26' Action='Buy' Limit price=7522 Stop price=0 Quantity=20 Type='Limit' Time in force=GTC Oco='' Filled=0 Fill price=0 Error='No error' Native error='',
7/22/2026 6:32:57 AM,Order,Chart Trader submitting order with strategy 'MES MIN SL4 - 3' (Ticks),
7/22/2026 6:32:15 AM,Order,Order='2832460810/PA-APEX-422136-04' Name='Entry' New state='Accepted' Instrument='MES SEP26' Action='Sell' Limit price=7542 Stop price=0 Quantity=20 Type='Limit' Time in force=GTC Oco='' Filled=0 Fill price=0 Error='No error' Native error='',
7/22/2026 6:32:15 AM,Order,Order='2832460810/PA-APEX-422136-04' Name='Entry' New state='Working' Instrument='MES SEP26' Action='Sell' Limit price=7542 Stop price=0 Quantity=20 Type='Limit' Time in force=GTC Oco='' Filled=0 Fill price=0 Error='No error' Native error='',
7/22/2026 6:32:15 AM,Order,Order='c44f70f5296343cda7132ccdce004686/PA-APEX-422136-04' Name='Entry' New state='Submitted' Instrument='MES SEP26' Action='Sell' Limit price=7542 Stop price=0 Quantity=20 Type='Limit' Time in force=GTC Oco='' Filled=0 Fill price=0 Error='No error' Native error='',
7/22/2026 6:32:15 AM,Order,Chart Trader submitting order with strategy 'MES MIN SL4 - 2' (Ticks),
7/22/2026 6:32:01 AM,Order,Order='2832434021/PA-APEX-422136-04' Name='Entry' New state='Cancelled' Instrument='MES SEP26' Action='Sell' Limit price=7542 Stop price=0 Quantity=20 Type='Limit' Time in force=GTC Oco='' Filled=0 Fill price=0 Error='No error' Native error='',
7/22/2026 6:32:01 AM,Order,Order='2832434021/PA-APEX-422136-04' Name='Entry' New state='Cancel submitted' Instrument='MES SEP26' Action='Sell' Limit price=7542 Stop price=0 Quantity=20 Type='Limit' Time in force=GTC Oco='' Filled=0 Fill price=0 Error='No error' Native error='',
7/22/2026 6:32:01 AM,Default,Cancel all orders account='PA-APEX-422136-04',
7/22/2026 6:32:01 AM,Default,Chart Trader close position,
7/22/2026 6:25:53 AM,Order,Order='2832434021/PA-APEX-422136-04' Name='Entry' New state='Accepted' Instrument='MES SEP26' Action='Sell' Limit price=7542 Stop price=0 Quantity=20 Type='Limit' Time in force=GTC Oco='' Filled=0 Fill price=0 Error='No error' Native error='',
7/22/2026 6:25:53 AM,Order,Order='2832434021/PA-APEX-422136-04' Name='Entry' New state='Working' Instrument='MES SEP26' Action='Sell' Limit price=7542 Stop price=0 Quantity=20 Type='Limit' Time in force=GTC Oco='' Filled=0 Fill price=0 Error='No error' Native error='',
7/22/2026 6:25:53 AM,Order,Order='2832434021/PA-APEX-422136-04' Name='Entry' New state='Change submitted' Instrument='MES SEP26' Action='Sell' Limit price=7542 Stop price=0 Quantity=20 Type='Limit' Time in force=GTC Oco='' Filled=0 Fill price=0 Error='No error' Native error='',
7/22/2026 6:25:51 AM,Order,Order='2832433772/PA-APEX-422136-06' Name='Entry' New state='Accepted' Instrument='MES SEP26' Action='Sell' Limit price=7542 Stop price=0 Quantity=20 Type='Limit' Time in force=GTC Oco='' Filled=0 Fill price=0 Error='No error' Native error='',
7/22/2026 6:25:51 AM,Order,Order='2832433772/PA-APEX-422136-06' Name='Entry' New state='Working' Instrument='MES SEP26' Action='Sell' Limit price=7542 Stop price=0 Quantity=20 Type='Limit' Time in force=GTC Oco='' Filled=0 Fill price=0 Error='No error' Native error='',
7/22/2026 6:25:51 AM,Order,Order='2832433772/PA-APEX-422136-06' Name='Entry' New state='Change submitted' Instrument='MES SEP26' Action='Sell' Limit price=7542 Stop price=0 Quantity=20 Type='Limit' Time in force=GTC Oco='' Filled=0 Fill price=0 Error='No error' Native error='',
7/22/2026 6:25:48 AM,Order,Order='2832434021/PA-APEX-422136-04' Name='Entry' New state='Working' Instrument='MES SEP26' Action='Sell' Limit price=7542.25 Stop price=0 Quantity=20 Type='Limit' Time in force=GTC Oco='' Filled=0 Fill price=0 Error='No error' Native error='',
7/22/2026 6:25:48 AM,Order,Order='2832434021/PA-APEX-422136-04' Name='Entry' New state='Accepted' Instrument='MES SEP26' Action='Sell' Limit price=7542.25 Stop price=0 Quantity=20 Type='Limit' Time in force=GTC Oco='' Filled=0 Fill price=0 Error='No error' Native error='',
7/22/2026 6:25:48 AM,Order,Order='8a2671d0de7841f7b46d74b922136ebd/PA-APEX-422136-04' Name='Entry' New state='Submitted' Instrument='MES SEP26' Action='Sell' Limit price=7542.25 Stop price=0 Quantity=20 Type='Limit' Time in force=GTC Oco='' Filled=0 Fill price=0 Error='No error' Native error='',
7/22/2026 6:25:48 AM,Order,Chart Trader submitting order with strategy 'MES MIN SL4 - 2' (Ticks),
7/22/2026 6:25:37 AM,Order,Order='2832433772/PA-APEX-422136-06' Name='Entry' New state='Accepted' Instrument='MES SEP26' Action='Sell' Limit price=7542.25 Stop price=0 Quantity=20 Type='Limit' Time in force=GTC Oco='' Filled=0 Fill price=0 Error='No error' Native error='',
7/22/2026 6:25:37 AM,Order,Order='2832433772/PA-APEX-422136-06' Name='Entry' New state='Working' Instrument='MES SEP26' Action='Sell' Limit price=7542.25 Stop price=0 Quantity=20 Type='Limit' Time in force=GTC Oco='' Filled=0 Fill price=0 Error='No error' Native error='',
7/22/2026 6:25:37 AM,Order,Order='20c73b0db37a4079bf0f7151515f6174/PA-APEX-422136-06' Name='Entry' New state='Submitted' Instrument='MES SEP26' Action='Sell' Limit price=7542.25 Stop price=0 Quantity=20 Type='Limit' Time in force=GTC Oco='' Filled=0 Fill price=0 Error='No error' Native error='',
7/22/2026 6:25:37 AM,Order,Chart Trader submitting order with strategy 'MES MIN SL4 - 1' (Ticks),
7/22/2026 6:20:19 AM,Order,Order='2832410393/PA-APEX-422136-06' Name='Entry' New state='Cancelled' Instrument='MES SEP26' Action='Sell' Limit price=7528 Stop price=0 Quantity=20 Type='Limit' Time in force=GTC Oco='' Filled=0 Fill price=0 Error='No error' Native error='',
7/22/2026 6:20:19 AM,Order,Order='2832410393/PA-APEX-422136-06' Name='Entry' New state='Cancel submitted' Instrument='MES SEP26' Action='Sell' Limit price=7528 Stop price=0 Quantity=20 Type='Limit' Time in force=GTC Oco='' Filled=0 Fill price=0 Error='No error' Native error='',
7/22/2026 6:20:19 AM,Order,Order='2832410937/PA-APEX-422136-04' Name='Entry' New state='Cancelled' Instrument='MES SEP26' Action='Sell' Limit price=7528 Stop price=0 Quantity=20 Type='Limit' Time in force=GTC Oco='' Filled=0 Fill price=0 Error='No error' Native error='',
7/22/2026 6:20:19 AM,Order,Order='2832410937/PA-APEX-422136-04' Name='Entry' New state='Cancel submitted' Instrument='MES SEP26' Action='Sell' Limit price=7528 Stop price=0 Quantity=20 Type='Limit' Time in force=GTC Oco='' Filled=0 Fill price=0 Error='No error' Native error='',
7/22/2026 6:18:50 AM,Order,Order='2832410540/PA-APEX-422136-06' Name='Entry' New state='Cancelled' Instrument='MES SEP26' Action='Buy' Limit price=7494 Stop price=0 Quantity=20 Type='Limit' Time in force=GTC Oco='' Filled=0 Fill price=0 Error='No error' Native error='',
7/22/2026 6:18:50 AM,Order,Order='2832410540/PA-APEX-422136-06' Name='Entry' New state='Cancel submitted' Instrument='MES SEP26' Action='Buy' Limit price=7494 Stop price=0 Quantity=20 Type='Limit' Time in force=GTC Oco='' Filled=0 Fill price=0 Error='No error' Native error='',
7/22/2026 6:07:23 AM,Order,Order='2832410937/PA-APEX-422136-04' Name='Entry' New state='Accepted' Instrument='MES SEP26' Action='Sell' Limit price=7528 Stop price=0 Quantity=20 Type='Limit' Time in force=GTC Oco='' Filled=0 Fill price=0 Error='No error' Native error='',
7/22/2026 6:07:23 AM,Order,Order='2832410937/PA-APEX-422136-04' Name='Entry' New state='Working' Instrument='MES SEP26' Action='Sell' Limit price=7528 Stop price=0 Quantity=20 Type='Limit' Time in force=GTC Oco='' Filled=0 Fill price=0 Error='No error' Native error='',
7/22/2026 6:07:23 AM,Order,Order='bfb290617b5443278f310d456adc8bba/PA-APEX-422136-04' Name='Entry' New state='Submitted' Instrument='MES SEP26' Action='Sell' Limit price=7528 Stop price=0 Quantity=20 Type='Limit' Time in force=GTC Oco='' Filled=0 Fill price=0 Error='No error' Native error='',
7/22/2026 6:07:23 AM,Order,Chart Trader submitting order with strategy 'MES MIN SL4 - 3' (Ticks),
7/22/2026 6:06:43 AM,Order,Order='2832410540/PA-APEX-422136-06' Name='Entry' New state='Accepted' Instrument='MES SEP26' Action='Buy' Limit price=7494 Stop price=0 Quantity=20 Type='Limit' Time in force=GTC Oco='' Filled=0 Fill price=0 Error='No error' Native error='',
7/22/2026 6:06:43 AM,Order,Order='2832410540/PA-APEX-422136-06' Name='Entry' New state='Working' Instrument='MES SEP26' Action='Buy' Limit price=7494 Stop price=0 Quantity=20 Type='Limit' Time in force=GTC Oco='' Filled=0 Fill price=0 Error='No error' Native error='',
7/22/2026 6:06:43 AM,Order,Order='1deb3e4fa4ba48b08d325cda3a612ded/PA-APEX-422136-06' Name='Entry' New state='Submitted' Instrument='MES SEP26' Action='Buy' Limit price=7494 Stop price=0 Quantity=20 Type='Limit' Time in force=GTC Oco='' Filled=0 Fill price=0 Error='No error' Native error='',
7/22/2026 6:06:43 AM,Order,Chart Trader submitting order with strategy 'MES MIN SL4 - 2' (Ticks),
7/22/2026 6:06:30 AM,Order,Order='2832410393/PA-APEX-422136-06' Name='Entry' New state='Accepted' Instrument='MES SEP26' Action='Sell' Limit price=7528 Stop price=0 Quantity=20 Type='Limit' Time in force=GTC Oco='' Filled=0 Fill price=0 Error='No error' Native error='',
7/22/2026 6:06:30 AM,Order,Order='2832410393/PA-APEX-422136-06' Name='Entry' New state='Working' Instrument='MES SEP26' Action='Sell' Limit price=7528 Stop price=0 Quantity=20 Type='Limit' Time in force=GTC Oco='' Filled=0 Fill price=0 Error='No error' Native error='',
7/22/2026 6:06:30 AM,Order,Order='beae8984e46847c88ba31ca600a0a1b0/PA-APEX-422136-06' Name='Entry' New state='Submitted' Instrument='MES SEP26' Action='Sell' Limit price=7528 Stop price=0 Quantity=20 Type='Limit' Time in force=GTC Oco='' Filled=0 Fill price=0 Error='No error' Native error='',
7/22/2026 6:06:30 AM,Order,Chart Trader submitting order with strategy 'MES MIN SL4 - 1' (Ticks),
7/22/2026 5:59:52 AM,Order,Order='2832377481/PA-APEX-422136-06' Name='Entry' New state='Cancelled' Instrument='MES SEP26' Action='Sell' Limit price=7528 Stop price=0 Quantity=20 Type='Limit' Time in force=GTC Oco='' Filled=0 Fill price=0 Error='No error' Native error='',
7/22/2026 5:59:52 AM,Order,Order='2832377481/PA-APEX-422136-06' Name='Entry' New state='Cancel submitted' Instrument='MES SEP26' Action='Sell' Limit price=7528 Stop price=0 Quantity=20 Type='Limit' Time in force=GTC Oco='' Filled=0 Fill price=0 Error='No error' Native error='',
7/22/2026 5:59:52 AM,Default,Cancel all orders account='PA-APEX-422136-06',
7/22/2026 5:59:52 AM,Default,Chart Trader close position,
7/22/2026 5:58:49 AM,Order,Order='2832377818/PA-APEX-422136-04' Name='Entry' New state='Cancelled' Instrument='MES SEP26' Action='Sell' Limit price=7528 Stop price=0 Quantity=20 Type='Limit' Time in force=GTC Oco='' Filled=0 Fill price=0 Error='No error' Native error='',
7/22/2026 5:58:49 AM,Order,Order='2832377818/PA-APEX-422136-04' Name='Entry' New state='Cancel submitted' Instrument='MES SEP26' Action='Sell' Limit price=7528 Stop price=0 Quantity=20 Type='Limit' Time in force=GTC Oco='' Filled=0 Fill price=0 Error='No error' Native error='',
7/22/2026 5:51:07 AM,Order,Order='2832366779/PA-APEX-422136-06' Name='Entry' New state='Cancelled' Instrument='MES SEP26' Action='Buy' Limit price=7511 Stop price=0 Quantity=20 Type='Limit' Time in force=GTC Oco='' Filled=0 Fill price=0 Error='No error' Native error='',
7/22/2026 5:51:07 AM,Order,Order='2832366779/PA-APEX-422136-06' Name='Entry' New state='Cancel submitted' Instrument='MES SEP26' Action='Buy' Limit price=7511 Stop price=0 Quantity=20 Type='Limit' Time in force=GTC Oco='' Filled=0 Fill price=0 Error='No error' Native error='',
7/22/2026 5:51:06 AM,Order,Order='2832377986/PA-APEX-422136-04' Name='Entry' New state='Cancelled' Instrument='MES SEP26' Action='Buy' Limit price=7511 Stop price=0 Quantity=20 Type='Limit' Time in force=GTC Oco='' Filled=0 Fill price=0 Error='No error' Native error='',
7/22/2026 5:51:06 AM,Order,Order='2832377986/PA-APEX-422136-04' Name='Entry' New state='Cancel submitted' Instrument='MES SEP26' Action='Buy' Limit price=7511 Stop price=0 Quantity=20 Type='Limit' Time in force=GTC Oco='' Filled=0 Fill price=0 Error='No error' Native error='',
7/22/2026 5:44:24 AM,Order,Order='2832367175/PA-APEX-422136-06' Name='Entry' New state='Cancelled' Instrument='MGC AUG26' Action='Sell' Limit price=4147.1 Stop price=0 Quantity=10 Type='Limit' Time in force=GTC Oco='' Filled=0 Fill price=0 Error='No error' Native error='',
7/22/2026 5:44:24 AM,Order,Order='2832367175/PA-APEX-422136-06' Name='Entry' New state='Cancel submitted' Instrument='MGC AUG26' Action='Sell' Limit price=4147.1 Stop price=0 Quantity=10 Type='Limit' Time in force=GTC Oco='' Filled=0 Fill price=0 Error='No error' Native error='',
7/22/2026 5:44:24 AM,Default,Cancel all orders account='PA-APEX-422136-06',
7/22/2026 5:44:24 AM,Default,Chart Trader close position,
7/22/2026 5:41:36 AM,Order,Order='2832377986/PA-APEX-422136-04' Name='Entry' New state='Working' Instrument='MES SEP26' Action='Buy' Limit price=7511 Stop price=0 Quantity=20 Type='Limit' Time in force=GTC Oco='' Filled=0 Fill price=0 Error='No error' Native error='',
7/22/2026 5:41:36 AM,Order,Order='2832377986/PA-APEX-422136-04' Name='Entry' New state='Accepted' Instrument='MES SEP26' Action='Buy' Limit price=7511 Stop price=0 Quantity=20 Type='Limit' Time in force=GTC Oco='' Filled=0 Fill price=0 Error='No error' Native error='',
7/22/2026 5:41:36 AM,Order,Order='614bac77ac9344eb8bb617d7947d9b9b/PA-APEX-422136-04' Name='Entry' New state='Submitted' Instrument='MES SEP26' Action='Buy' Limit price=7511 Stop price=0 Quantity=20 Type='Limit' Time in force=GTC Oco='' Filled=0 Fill price=0 Error='No error' Native error='',
7/22/2026 5:41:35 AM,Order,Chart Trader submitting order with strategy 'MES MIN SL4 - 6' (Ticks),
7/22/2026 5:41:28 AM,Order,Order='2832377818/PA-APEX-422136-04' Name='Entry' New state='Working' Instrument='MES SEP26' Action='Sell' Limit price=7528 Stop price=0 Quantity=20 Type='Limit' Time in force=GTC Oco='' Filled=0 Fill price=0 Error='No error' Native error='',
7/22/2026 5:41:28 AM,Order,Order='2832377818/PA-APEX-422136-04' Name='Entry' New state='Accepted' Instrument='MES SEP26' Action='Sell' Limit price=7528 Stop price=0 Quantity=20 Type='Limit' Time in force=GTC Oco='' Filled=0 Fill price=0 Error='No error' Native error='',
7/22/2026 5:41:28 AM,Order,Order='cc9076131b274cfebaed4b1606882bfd/PA-APEX-422136-04' Name='Entry' New state='Submitted' Instrument='MES SEP26' Action='Sell' Limit price=7528 Stop price=0 Quantity=20 Type='Limit' Time in force=GTC Oco='' Filled=0 Fill price=0 Error='No error' Native error='',
7/22/2026 5:41:28 AM,Order,Chart Trader submitting order with strategy 'MES MIN SL4 - 5' (Ticks),
7/22/2026 5:41:08 AM,Order,Order='2832377481/PA-APEX-422136-06' Name='Entry' New state='Accepted' Instrument='MES SEP26' Action='Sell' Limit price=7528 Stop price=0 Quantity=20 Type='Limit' Time in force=GTC Oco='' Filled=0 Fill price=0 Error='No error' Native error='',
7/22/2026 5:41:08 AM,Order,Order='2832377481/PA-APEX-422136-06' Name='Entry' New state='Working' Instrument='MES SEP26' Action='Sell' Limit price=7528 Stop price=0 Quantity=20 Type='Limit' Time in force=GTC Oco='' Filled=0 Fill price=0 Error='No error' Native error='',
7/22/2026 5:41:08 AM,Order,Order='7e14963b4eb94e94875e5f9329a8e09a/PA-APEX-422136-06' Name='Entry' New state='Submitted' Instrument='MES SEP26' Action='Sell' Limit price=7528 Stop price=0 Quantity=20 Type='Limit' Time in force=GTC Oco='' Filled=0 Fill price=0 Error='No error' Native error='',
7/22/2026 5:41:08 AM,Order,Chart Trader submitting order with strategy 'MES MIN SL4 - 4' (Ticks),
7/22/2026 5:40:56 AM,Order,Order='2832366779/PA-APEX-422136-06' Name='Entry' New state='Working' Instrument='MES SEP26' Action='Buy' Limit price=7511 Stop price=0 Quantity=20 Type='Limit' Time in force=GTC Oco='' Filled=0 Fill price=0 Error='No error' Native error='',
7/22/2026 5:40:56 AM,Order,Order='2832366779/PA-APEX-422136-06' Name='Entry' New state='Accepted' Instrument='MES SEP26' Action='Buy' Limit price=7511 Stop price=0 Quantity=20 Type='Limit' Time in force=GTC Oco='' Filled=0 Fill price=0 Error='No error' Native error='',
7/22/2026 5:40:55 AM,Order,Order='2832366779/PA-APEX-422136-06' Name='Entry' New state='Change submitted' Instrument='MES SEP26' Action='Buy' Limit price=7511 Stop price=0 Quantity=20 Type='Limit' Time in force=GTC Oco='' Filled=0 Fill price=0 Error='No error' Native error='',
7/22/2026 5:35:14 AM,Order,Order='2832366498/PA-APEX-422136-06' Name='Entry' New state='Cancelled' Instrument='MES SEP26' Action='Sell' Limit price=7524.5 Stop price=0 Quantity=20 Type='Limit' Time in force=GTC Oco='' Filled=0 Fill price=0 Error='No error' Native error='',
7/22/2026 5:35:14 AM,Order,Order='2832366498/PA-APEX-422136-06' Name='Entry' New state='Cancel submitted' Instrument='MES SEP26' Action='Sell' Limit price=7524.5 Stop price=0 Quantity=20 Type='Limit' Time in force=GTC Oco='' Filled=0 Fill price=0 Error='No error' Native error='',
7/22/2026 5:35:13 AM,Order,Order='2832368260/PA-APEX-422136-04' Name='Entry' New state='Cancelled' Instrument='MES SEP26' Action='Sell' Limit price=7524.5 Stop price=0 Quantity=20 Type='Limit' Time in force=GTC Oco='' Filled=0 Fill price=0 Error='No error' Native error='',
7/22/2026 5:35:13 AM,Order,Order='2832368260/PA-APEX-422136-04' Name='Entry' New state='Cancel submitted' Instrument='MES SEP26' Action='Sell' Limit price=7524.5 Stop price=0 Quantity=20 Type='Limit' Time in force=GTC Oco='' Filled=0 Fill price=0 Error='No error' Native error='',
7/22/2026 5:32:50 AM,Order,Order='2832368260/PA-APEX-422136-04' Name='Entry' New state='Accepted' Instrument='MES SEP26' Action='Sell' Limit price=7524.5 Stop price=0 Quantity=20 Type='Limit' Time in force=GTC Oco='' Filled=0 Fill price=0 Error='No error' Native error='',
7/22/2026 5:32:50 AM,Order,Order='2832368260/PA-APEX-422136-04' Name='Entry' New state='Working' Instrument='MES SEP26' Action='Sell' Limit price=7524.5 Stop price=0 Quantity=20 Type='Limit' Time in force=GTC Oco='' Filled=0 Fill price=0 Error='No error' Native error='',
7/22/2026 5:32:50 AM,Order,Order='3ce1c577e8ba4bf2860529f0a271552c/PA-APEX-422136-04' Name='Entry' New state='Submitted' Instrument='MES SEP26' Action='Sell' Limit price=7524.5 Stop price=0 Quantity=20 Type='Limit' Time in force=GTC Oco='' Filled=0 Fill price=0 Error='No error' Native error='',
7/22/2026 5:32:50 AM,Order,Chart Trader submitting order with strategy 'MES MIN SL4 - 4' (Ticks),
7/22/2026 5:32:29 AM,Order,Order='2832366498/PA-APEX-422136-06' Name='Entry' New state='Accepted' Instrument='MES SEP26' Action='Sell' Limit price=7524.5 Stop price=0 Quantity=20 Type='Limit' Time in force=GTC Oco='' Filled=0 Fill price=0 Error='No error' Native error='',
7/22/2026 5:32:29 AM,Order,Order='2832366498/PA-APEX-422136-06' Name='Entry' New state='Working' Instrument='MES SEP26' Action='Sell' Limit price=7524.5 Stop price=0 Quantity=20 Type='Limit' Time in force=GTC Oco='' Filled=0 Fill price=0 Error='No error' Native error='',
7/22/2026 5:32:29 AM,Order,Order='2832366498/PA-APEX-422136-06' Name='Entry' New state='Change submitted' Instrument='MES SEP26' Action='Sell' Limit price=7524.5 Stop price=0 Quantity=20 Type='Limit' Time in force=GTC Oco='' Filled=0 Fill price=0 Error='No error' Native error='',
7/22/2026 5:32:29 AM,Order,Order='2832366498/PA-APEX-422136-06' Name='Entry' New state='Working' Instrument='MES SEP26' Action='Sell' Limit price=7524.25 Stop price=0 Quantity=20 Type='Limit' Time in force=GTC Oco='' Filled=0 Fill price=0 Error='No error' Native error='',
7/22/2026 5:32:29 AM,Order,Order='2832366498/PA-APEX-422136-06' Name='Entry' New state='Accepted' Instrument='MES SEP26' Action='Sell' Limit price=7524.25 Stop price=0 Quantity=20 Type='Limit' Time in force=GTC Oco='' Filled=0 Fill price=0 Error='No error' Native error='',
7/22/2026 5:32:29 AM,Order,Order='2832366498/PA-APEX-422136-06' Name='Entry' New state='Change submitted' Instrument='MES SEP26' Action='Sell' Limit price=7524.25 Stop price=0 Quantity=20 Type='Limit' Time in force=GTC Oco='' Filled=0 Fill price=0 Error='No error' Native error='',
7/22/2026 5:31:46 AM,Order,Order='2832367175/PA-APEX-422136-06' Name='Entry' New state='Accepted' Instrument='MGC AUG26' Action='Sell' Limit price=4147.1 Stop price=0 Quantity=10 Type='Limit' Time in force=GTC Oco='' Filled=0 Fill price=0 Error='No error' Native error='',
7/22/2026 5:31:46 AM,Order,Order='2832367175/PA-APEX-422136-06' Name='Entry' New state='Working' Instrument='MGC AUG26' Action='Sell' Limit price=4147.1 Stop price=0 Quantity=10 Type='Limit' Time in force=GTC Oco='' Filled=0 Fill price=0 Error='No error' Native error='',
7/22/2026 5:31:46 AM,Order,Order='fff6922bc4274355a47aea3f4560fb6e/PA-APEX-422136-06' Name='Entry' New state='Submitted' Instrument='MGC AUG26' Action='Sell' Limit price=4147.1 Stop price=0 Quantity=10 Type='Limit' Time in force=GTC Oco='' Filled=0 Fill price=0 Error='No error' Native error='',
7/22/2026 5:31:46 AM,Order,Chart Trader submitting order with strategy 'MGC MIN SL4 - 3' (Ticks),
7/22/2026 5:31:24 AM,Order,Order='2832366779/PA-APEX-422136-06' Name='Entry' New state='Working' Instrument='MES SEP26' Action='Buy' Limit price=7494 Stop price=0 Quantity=20 Type='Limit' Time in force=GTC Oco='' Filled=0 Fill price=0 Error='No error' Native error='',
7/22/2026 5:31:24 AM,Order,Order='2832366779/PA-APEX-422136-06' Name='Entry' New state='Accepted' Instrument='MES SEP26' Action='Buy' Limit price=7494 Stop price=0 Quantity=20 Type='Limit' Time in force=GTC Oco='' Filled=0 Fill price=0 Error='No error' Native error='',
7/22/2026 5:31:24 AM,Order,Order='088262d0fdcc40008665fa327eb30710/PA-APEX-422136-06' Name='Entry' New state='Submitted' Instrument='MES SEP26' Action='Buy' Limit price=7494 Stop price=0 Quantity=20 Type='Limit' Time in force=GTC Oco='' Filled=0 Fill price=0 Error='No error' Native error='',
7/22/2026 5:31:24 AM,Order,Chart Trader submitting order with strategy 'MES MIN SL4 - 2' (Ticks),
7/22/2026 5:31:11 AM,Order,Order='2832366498/PA-APEX-422136-06' Name='Entry' New state='Accepted' Instrument='MES SEP26' Action='Sell' Limit price=7524 Stop price=0 Quantity=20 Type='Limit' Time in force=GTC Oco='' Filled=0 Fill price=0 Error='No error' Native error='',
7/22/2026 5:31:11 AM,Order,Order='2832366498/PA-APEX-422136-06' Name='Entry' New state='Working' Instrument='MES SEP26' Action='Sell' Limit price=7524 Stop price=0 Quantity=20 Type='Limit' Time in force=GTC Oco='' Filled=0 Fill price=0 Error='No error' Native error='',
7/22/2026 5:31:11 AM,Order,Order='364e570b978f42a2bcd3ae261af4b029/PA-APEX-422136-06' Name='Entry' New state='Submitted' Instrument='MES SEP26' Action='Sell' Limit price=7524 Stop price=0 Quantity=20 Type='Limit' Time in force=GTC Oco='' Filled=0 Fill price=0 Error='No error' Native error='',
7/22/2026 5:31:10 AM,Order,Chart Trader submitting order with strategy 'MES MIN SL4 - 1' (Ticks),
7/22/2026 5:29:09 AM,Connection,Using HDS (hds-us-nt-015.ninjatrader.com/31655),
7/22/2026 5:29:09 AM,Connection,Time to auto close position='12:00:00 AM' Enabled=False,
7/22/2026 5:29:08 AM,Connection,My Rithmic for NinjaTrader Brokerage: Primary connection=Connected Price feed=Connected,
7/22/2026 5:28:59 AM,Default,Restoring workspace 'Testing'...,
7/22/2026 5:28:54 AM,Default,Restoring workspace '3'...,
7/22/2026 5:28:51 AM,Default,Auto close enabled=False,
7/22/2026 5:28:51 AM,Order,Order entry hot keys disabled,
7/22/2026 5:28:51 AM,Connection,My Rithmic for NinjaTrader Brokerage: Primary connection=Connecting Price feed=Connecting,
7/22/2026 5:28:51 AM,Default,Auto connecting 'My Rithmic for NinjaTrader Brokerage'...,
7/22/2026 5:28:51 AM,Default,Automated trading disabled,
7/22/2026 5:28:51 AM,Connection,Using IS (is-us-nt-005.ninjatrader.com/31658),
7/22/2026 5:28:45 AM,Default,Global simulation mode disabled,
7/22/2026 5:28:18 AM,Default,Session Break (Version 8.1.7.2),
