Time,Category,Message,
7/26/2026 10:11:20 PM,Position,Instrument='MES SEP26' Account='Sim101' Average price=0 Quantity=0 Market position=Flat Operation=Remove,
7/26/2026 10:11:20 PM,Execution,Execution='1c31e266e81c413e81d71cb3d54b457c' Instrument='MES SEP26' Account='Sim101' Exchange=Default Price=7509.25 Quantity=7 Market position=Short Operation=Operation_Add Order='675a3a6da0914ff291971ac592ec4225' Time='7/26/2026 10:11 PM',
7/26/2026 10:11:20 PM,Order,Order='675a3a6da0914ff291971ac592ec4225/Sim101' Name='Close' New state='Filled' Instrument='MES SEP26' Action='Sell' Limit price=0 Stop price=0 Quantity=7 Type='Market' Time in force=DAY Oco='' Filled=7 Fill price=7509.25 Error='No error' Native error='',
7/26/2026 10:11:20 PM,Order,Order='675a3a6da0914ff291971ac592ec4225/Sim101' Name='Close' New state='Working' Instrument='MES SEP26' Action='Sell' Limit price=0 Stop price=0 Quantity=7 Type='Market' Time in force=DAY Oco='' Filled=0 Fill price=0 Error='No error' Native error='',
7/26/2026 10:11:20 PM,Order,Order='675a3a6da0914ff291971ac592ec4225/Sim101' Name='Close' New state='Accepted' Instrument='MES SEP26' Action='Sell' Limit price=0 Stop price=0 Quantity=7 Type='Market' Time in force=DAY Oco='' Filled=0 Fill price=0 Error='No error' Native error='',
7/26/2026 10:11:20 PM,Order,Order='675a3a6da0914ff291971ac592ec4225/Sim101' Name='Close' New state='Submitted' Instrument='MES SEP26' Action='Sell' Limit price=0 Stop price=0 Quantity=7 Type='Market' Time in force=DAY Oco='' Filled=0 Fill price=0 Error='No error' Native error='',
7/26/2026 10:11:20 PM,Default,Chart Trader close position,
7/26/2026 10:10:15 PM,Position,Instrument='MES SEP26' Account='Sim101' Average price=7506 Quantity=7 Market position=Long Operation=Update,
7/26/2026 10:10:15 PM,Order,Order='37f131cffaf849feb91fdae2e2218e59/Sim101' Name='PTT-BE-Stop' New state='Cancelled' Instrument='MES SEP26' Action='Sell' Limit price=0 Stop price=7506.25 Quantity=13 Type='Stop Market' Time in force=DAY Oco='PTT-BE-Sim1-9545' Filled=0 Fill price=0 Error='No error' Native error='',
7/26/2026 10:10:15 PM,Order,Order='8d1808d2abd44be5b450b64c6a86e6b0/Sim101' Name='PTT-BE-Target-2' New state='Cancelled' Instrument='MES SEP26' Action='Sell' Limit price=7509 Stop price=0 Quantity=7 Type='Limit' Time in force=GTC Oco='PTT-BE-Sim1-9545' Filled=0 Fill price=0 Error='No error' Native error='',
7/26/2026 10:10:15 PM,Execution,Execution='7eb0a1b8417a40df8e8f989e77f7f577' Instrument='MES SEP26' Account='Sim101' Exchange=Default Price=7508.5 Quantity=6 Market position=Short Operation=Operation_Add Order='65fe9ba6244e4cf38c68a8f846fd7db3' Time='7/26/2026 10:10 PM',
7/26/2026 10:10:15 PM,Order,Order='37f131cffaf849feb91fdae2e2218e59/Sim101' Name='PTT-BE-Stop' New state='Cancel submitted' Instrument='MES SEP26' Action='Sell' Limit price=0 Stop price=7506.25 Quantity=13 Type='Stop Market' Time in force=DAY Oco='PTT-BE-Sim1-9545' Filled=0 Fill price=0 Error='No error' Native error='',
7/26/2026 10:10:15 PM,Order,Order='8d1808d2abd44be5b450b64c6a86e6b0/Sim101' Name='PTT-BE-Target-2' New state='Cancel submitted' Instrument='MES SEP26' Action='Sell' Limit price=7509 Stop price=0 Quantity=7 Type='Limit' Time in force=GTC Oco='PTT-BE-Sim1-9545' Filled=0 Fill price=0 Error='No error' Native error='',
7/26/2026 10:10:15 PM,Order,Order='65fe9ba6244e4cf38c68a8f846fd7db3/Sim101' Name='PTT-BE-Target-1' New state='Filled' Instrument='MES SEP26' Action='Sell' Limit price=7508.5 Stop price=0 Quantity=6 Type='Limit' Time in force=GTC Oco='PTT-BE-Sim1-9545' Filled=6 Fill price=7508.5 Error='No error' Native error='',
7/26/2026 10:06:51 PM,Order,Order='8d1808d2abd44be5b450b64c6a86e6b0/Sim101' Name='PTT-BE-Target-2' New state='Working' Instrument='MES SEP26' Action='Sell' Limit price=7509 Stop price=0 Quantity=7 Type='Limit' Time in force=GTC Oco='PTT-BE-Sim1-9545' Filled=0 Fill price=0 Error='No error' Native error='',
7/26/2026 10:06:51 PM,Order,Order='8d1808d2abd44be5b450b64c6a86e6b0/Sim101' Name='PTT-BE-Target-2' New state='Accepted' Instrument='MES SEP26' Action='Sell' Limit price=7509 Stop price=0 Quantity=7 Type='Limit' Time in force=GTC Oco='PTT-BE-Sim1-9545' Filled=0 Fill price=0 Error='No error' Native error='',
7/26/2026 10:06:51 PM,Order,Order='65fe9ba6244e4cf38c68a8f846fd7db3/Sim101' Name='PTT-BE-Target-1' New state='Working' Instrument='MES SEP26' Action='Sell' Limit price=7508.5 Stop price=0 Quantity=6 Type='Limit' Time in force=GTC Oco='PTT-BE-Sim1-9545' Filled=0 Fill price=0 Error='No error' Native error='',
7/26/2026 10:06:51 PM,Order,Order='65fe9ba6244e4cf38c68a8f846fd7db3/Sim101' Name='PTT-BE-Target-1' New state='Accepted' Instrument='MES SEP26' Action='Sell' Limit price=7508.5 Stop price=0 Quantity=6 Type='Limit' Time in force=GTC Oco='PTT-BE-Sim1-9545' Filled=0 Fill price=0 Error='No error' Native error='',
7/26/2026 10:06:51 PM,Order,Order='b3f2a08c49c944eb9cc1e4bdea609706/Sim101' Name='Stop2' New state='Cancelled' Instrument='MES SEP26' Action='Sell' Limit price=0 Stop price=7500 Quantity=7 Type='Stop Market' Time in force=GTC Oco='ee9fa9f123f9401e9f5e11b8db0cb21e' Filled=0 Fill price=0 Error='No error' Native error='',
7/26/2026 10:06:51 PM,Order,Order='bd02b79cb28f42bba562aaeefaec1aa5/Sim101' Name='Stop1' New state='Cancelled' Instrument='MES SEP26' Action='Sell' Limit price=0 Stop price=7500 Quantity=6 Type='Stop Market' Time in force=GTC Oco='716ebf4766224f1d9339b2644f1b8606' Filled=0 Fill price=0 Error='No error' Native error='',
7/26/2026 10:06:51 PM,Order,Order='5b3eb8ae093a4dfaabf5afc1a8b47cc5/Sim101' Name='Target2' New state='Cancelled' Instrument='MES SEP26' Action='Sell' Limit price=7509 Stop price=0 Quantity=7 Type='Limit' Time in force=GTC Oco='ee9fa9f123f9401e9f5e11b8db0cb21e' Filled=0 Fill price=0 Error='No error' Native error='',
7/26/2026 10:06:51 PM,Order,Order='8947ea5c9c214d6186515f5f64d21dcd/Sim101' Name='Target1' New state='Cancelled' Instrument='MES SEP26' Action='Sell' Limit price=7508.5 Stop price=0 Quantity=6 Type='Limit' Time in force=GTC Oco='716ebf4766224f1d9339b2644f1b8606' Filled=0 Fill price=0 Error='No error' Native error='',
7/26/2026 10:06:51 PM,Order,Order='37f131cffaf849feb91fdae2e2218e59/Sim101' Name='PTT-BE-Stop' New state='Accepted' Instrument='MES SEP26' Action='Sell' Limit price=0 Stop price=7506.25 Quantity=13 Type='Stop Market' Time in force=DAY Oco='PTT-BE-Sim1-9545' Filled=0 Fill price=0 Error='No error' Native error='',
7/26/2026 10:06:51 PM,Order,Order='8d1808d2abd44be5b450b64c6a86e6b0/Sim101' Name='PTT-BE-Target-2' New state='Submitted' Instrument='MES SEP26' Action='Sell' Limit price=7509 Stop price=0 Quantity=7 Type='Limit' Time in force=GTC Oco='PTT-BE-Sim1-9545' Filled=0 Fill price=0 Error='No error' Native error='',
7/26/2026 10:06:51 PM,Order,Order='65fe9ba6244e4cf38c68a8f846fd7db3/Sim101' Name='PTT-BE-Target-1' New state='Submitted' Instrument='MES SEP26' Action='Sell' Limit price=7508.5 Stop price=0 Quantity=6 Type='Limit' Time in force=GTC Oco='PTT-BE-Sim1-9545' Filled=0 Fill price=0 Error='No error' Native error='',
7/26/2026 10:06:50 PM,Order,Order='37f131cffaf849feb91fdae2e2218e59/Sim101' Name='PTT-BE-Stop' New state='Submitted' Instrument='MES SEP26' Action='Sell' Limit price=0 Stop price=7506.25 Quantity=13 Type='Stop Market' Time in force=DAY Oco='PTT-BE-Sim1-9545' Filled=0 Fill price=0 Error='No error' Native error='',
7/26/2026 10:06:50 PM,Order,Order='bd02b79cb28f42bba562aaeefaec1aa5/Sim101' Name='Stop1' New state='Cancel submitted' Instrument='MES SEP26' Action='Sell' Limit price=0 Stop price=7500 Quantity=6 Type='Stop Market' Time in force=GTC Oco='716ebf4766224f1d9339b2644f1b8606' Filled=0 Fill price=0 Error='No error' Native error='',
7/26/2026 10:06:50 PM,Order,Order='b3f2a08c49c944eb9cc1e4bdea609706/Sim101' Name='Stop2' New state='Cancel submitted' Instrument='MES SEP26' Action='Sell' Limit price=0 Stop price=7500 Quantity=7 Type='Stop Market' Time in force=GTC Oco='ee9fa9f123f9401e9f5e11b8db0cb21e' Filled=0 Fill price=0 Error='No error' Native error='',
7/26/2026 10:06:50 PM,Order,Order='5b3eb8ae093a4dfaabf5afc1a8b47cc5/Sim101' Name='Target2' New state='Cancel submitted' Instrument='MES SEP26' Action='Sell' Limit price=7509 Stop price=0 Quantity=7 Type='Limit' Time in force=GTC Oco='ee9fa9f123f9401e9f5e11b8db0cb21e' Filled=0 Fill price=0 Error='No error' Native error='',
7/26/2026 10:06:50 PM,Order,Order='8947ea5c9c214d6186515f5f64d21dcd/Sim101' Name='Target1' New state='Cancel submitted' Instrument='MES SEP26' Action='Sell' Limit price=7508.5 Stop price=0 Quantity=6 Type='Limit' Time in force=GTC Oco='716ebf4766224f1d9339b2644f1b8606' Filled=0 Fill price=0 Error='No error' Native error='',
7/26/2026 10:01:00 PM,Position,Instrument='MES SEP26' Account='Sim102' Average price=0 Quantity=0 Market position=Flat Operation=Remove,
7/26/2026 10:01:00 PM,Order,Order='a82a04f78a8c4ccca442edcb1beedc14/Sim102' Name='PTT-BE-Target-1' New state='Cancelled' Instrument='MES SEP26' Action='Buy to cover' Limit price=7503.25 Stop price=0 Quantity=6 Type='Limit' Time in force=GTC Oco='PTT-BE-Sim1-4713' Filled=0 Fill price=0 Error='No error' Native error='',
7/26/2026 10:01:00 PM,Order,Order='bd03292f4c03401db3ce627913a3e5b5/Sim102' Name='PTT-BE-Target-2' New state='Cancelled' Instrument='MES SEP26' Action='Buy to cover' Limit price=7502.75 Stop price=0 Quantity=7 Type='Limit' Time in force=GTC Oco='PTT-BE-Sim1-4713' Filled=0 Fill price=0 Error='No error' Native error='',
7/26/2026 10:01:00 PM,Execution,Execution='e8cddd0598584a15bc8f5dff69ea7c7b' Instrument='MES SEP26' Account='Sim102' Exchange=Default Price=7505.5 Quantity=13 Market position=Long Operation=Operation_Add Order='e4de866ef0d548a09afaf3342a0bdd43' Time='7/26/2026 10:01 PM',
7/26/2026 10:01:00 PM,Order,Order='a82a04f78a8c4ccca442edcb1beedc14/Sim102' Name='PTT-BE-Target-1' New state='Cancel submitted' Instrument='MES SEP26' Action='Buy to cover' Limit price=7503.25 Stop price=0 Quantity=6 Type='Limit' Time in force=GTC Oco='PTT-BE-Sim1-4713' Filled=0 Fill price=0 Error='No error' Native error='',
7/26/2026 10:01:00 PM,Order,Order='bd03292f4c03401db3ce627913a3e5b5/Sim102' Name='PTT-BE-Target-2' New state='Cancel submitted' Instrument='MES SEP26' Action='Buy to cover' Limit price=7502.75 Stop price=0 Quantity=7 Type='Limit' Time in force=GTC Oco='PTT-BE-Sim1-4713' Filled=0 Fill price=0 Error='No error' Native error='',
7/26/2026 10:01:00 PM,Order,Order='e4de866ef0d548a09afaf3342a0bdd43/Sim102' Name='PTT-BE-Stop' New state='Filled' Instrument='MES SEP26' Action='Buy to cover' Limit price=0 Stop price=7505.5 Quantity=13 Type='Stop Market' Time in force=DAY Oco='PTT-BE-Sim1-4713' Filled=13 Fill price=7505.5 Error='No error' Native error='',
7/26/2026 10:01:00 PM,Order,Order='e4de866ef0d548a09afaf3342a0bdd43/Sim102' Name='PTT-BE-Stop' New state='Working' Instrument='MES SEP26' Action='Buy to cover' Limit price=0 Stop price=7505.5 Quantity=13 Type='Stop Market' Time in force=DAY Oco='PTT-BE-Sim1-4713' Filled=0 Fill price=0 Error='No error' Native error='',
7/26/2026 9:58:52 PM,Order,Order='e0f159406f2d4098a52a7ac1d623694c/Sim102' Name='Stop2' New state='Cancelled' Instrument='MES SEP26' Action='Buy to cover' Limit price=0 Stop price=7511.75 Quantity=7 Type='Stop Market' Time in force=GTC Oco='0214cd5df0e04a33bd70a3bbf47b3ec7' Filled=0 Fill price=0 Error='No error' Native error='',
7/26/2026 9:58:52 PM,Order,Order='d1884d75f074432fbc86a7096649515b/Sim102' Name='Stop1' New state='Cancelled' Instrument='MES SEP26' Action='Buy to cover' Limit price=0 Stop price=7511.75 Quantity=6 Type='Stop Market' Time in force=GTC Oco='c033a0cc22e94e1c990e8e4131e1f85f' Filled=0 Fill price=0 Error='No error' Native error='',
7/26/2026 9:58:52 PM,Order,Order='7ba4640443ac435384173b2deb4bc5b8/Sim102' Name='Target2' New state='Cancelled' Instrument='MES SEP26' Action='Buy to cover' Limit price=7502.75 Stop price=0 Quantity=7 Type='Limit' Time in force=GTC Oco='0214cd5df0e04a33bd70a3bbf47b3ec7' Filled=0 Fill price=0 Error='No error' Native error='',
7/26/2026 9:58:52 PM,Order,Order='bd03292f4c03401db3ce627913a3e5b5/Sim102' Name='PTT-BE-Target-2' New state='Working' Instrument='MES SEP26' Action='Buy to cover' Limit price=7502.75 Stop price=0 Quantity=7 Type='Limit' Time in force=GTC Oco='PTT-BE-Sim1-4713' Filled=0 Fill price=0 Error='No error' Native error='',
7/26/2026 9:58:52 PM,Order,Order='bd03292f4c03401db3ce627913a3e5b5/Sim102' Name='PTT-BE-Target-2' New state='Accepted' Instrument='MES SEP26' Action='Buy to cover' Limit price=7502.75 Stop price=0 Quantity=7 Type='Limit' Time in force=GTC Oco='PTT-BE-Sim1-4713' Filled=0 Fill price=0 Error='No error' Native error='',
7/26/2026 9:58:52 PM,Order,Order='a82a04f78a8c4ccca442edcb1beedc14/Sim102' Name='PTT-BE-Target-1' New state='Working' Instrument='MES SEP26' Action='Buy to cover' Limit price=7503.25 Stop price=0 Quantity=6 Type='Limit' Time in force=GTC Oco='PTT-BE-Sim1-4713' Filled=0 Fill price=0 Error='No error' Native error='',
7/26/2026 9:58:52 PM,Order,Order='a82a04f78a8c4ccca442edcb1beedc14/Sim102' Name='PTT-BE-Target-1' New state='Accepted' Instrument='MES SEP26' Action='Buy to cover' Limit price=7503.25 Stop price=0 Quantity=6 Type='Limit' Time in force=GTC Oco='PTT-BE-Sim1-4713' Filled=0 Fill price=0 Error='No error' Native error='',
7/26/2026 9:58:52 PM,Order,Order='7a525f966e7d464ebbdf63f71f937967/Sim102' Name='Target1' New state='Cancelled' Instrument='MES SEP26' Action='Buy to cover' Limit price=7503.25 Stop price=0 Quantity=6 Type='Limit' Time in force=GTC Oco='c033a0cc22e94e1c990e8e4131e1f85f' Filled=0 Fill price=0 Error='No error' Native error='',
7/26/2026 9:58:52 PM,Order,Order='e4de866ef0d548a09afaf3342a0bdd43/Sim102' Name='PTT-BE-Stop' New state='Accepted' Instrument='MES SEP26' Action='Buy to cover' Limit price=0 Stop price=7505.5 Quantity=13 Type='Stop Market' Time in force=DAY Oco='PTT-BE-Sim1-4713' Filled=0 Fill price=0 Error='No error' Native error='',
7/26/2026 9:58:52 PM,Order,Order='bd03292f4c03401db3ce627913a3e5b5/Sim102' Name='PTT-BE-Target-2' New state='Submitted' Instrument='MES SEP26' Action='Buy to cover' Limit price=7502.75 Stop price=0 Quantity=7 Type='Limit' Time in force=GTC Oco='PTT-BE-Sim1-4713' Filled=0 Fill price=0 Error='No error' Native error='',
7/26/2026 9:58:52 PM,Order,Order='a82a04f78a8c4ccca442edcb1beedc14/Sim102' Name='PTT-BE-Target-1' New state='Submitted' Instrument='MES SEP26' Action='Buy to cover' Limit price=7503.25 Stop price=0 Quantity=6 Type='Limit' Time in force=GTC Oco='PTT-BE-Sim1-4713' Filled=0 Fill price=0 Error='No error' Native error='',
7/26/2026 9:58:52 PM,Order,Order='e4de866ef0d548a09afaf3342a0bdd43/Sim102' Name='PTT-BE-Stop' New state='Submitted' Instrument='MES SEP26' Action='Buy to cover' Limit price=0 Stop price=7505.5 Quantity=13 Type='Stop Market' Time in force=DAY Oco='PTT-BE-Sim1-4713' Filled=0 Fill price=0 Error='No error' Native error='',
7/26/2026 9:58:52 PM,Order,Order='e0f159406f2d4098a52a7ac1d623694c/Sim102' Name='Stop2' New state='Cancel submitted' Instrument='MES SEP26' Action='Buy to cover' Limit price=0 Stop price=7511.75 Quantity=7 Type='Stop Market' Time in force=GTC Oco='0214cd5df0e04a33bd70a3bbf47b3ec7' Filled=0 Fill price=0 Error='No error' Native error='',
7/26/2026 9:58:52 PM,Order,Order='7ba4640443ac435384173b2deb4bc5b8/Sim102' Name='Target2' New state='Cancel submitted' Instrument='MES SEP26' Action='Buy to cover' Limit price=7502.75 Stop price=0 Quantity=7 Type='Limit' Time in force=GTC Oco='0214cd5df0e04a33bd70a3bbf47b3ec7' Filled=0 Fill price=0 Error='No error' Native error='',
7/26/2026 9:58:52 PM,Order,Order='d1884d75f074432fbc86a7096649515b/Sim102' Name='Stop1' New state='Cancel submitted' Instrument='MES SEP26' Action='Buy to cover' Limit price=0 Stop price=7511.75 Quantity=6 Type='Stop Market' Time in force=GTC Oco='c033a0cc22e94e1c990e8e4131e1f85f' Filled=0 Fill price=0 Error='No error' Native error='',
7/26/2026 9:58:52 PM,Order,Order='7a525f966e7d464ebbdf63f71f937967/Sim102' Name='Target1' New state='Cancel submitted' Instrument='MES SEP26' Action='Buy to cover' Limit price=7503.25 Stop price=0 Quantity=6 Type='Limit' Time in force=GTC Oco='c033a0cc22e94e1c990e8e4131e1f85f' Filled=0 Fill price=0 Error='No error' Native error='',
7/26/2026 9:57:46 PM,Order,Order='5b3eb8ae093a4dfaabf5afc1a8b47cc5/Sim101' Name='Target2' New state='Accepted' Instrument='MES SEP26' Action='Sell' Limit price=7509 Stop price=0 Quantity=7 Type='Limit' Time in force=GTC Oco='ee9fa9f123f9401e9f5e11b8db0cb21e' Filled=0 Fill price=0 Error='No error' Native error='',
7/26/2026 9:57:46 PM,Order,Order='5b3eb8ae093a4dfaabf5afc1a8b47cc5/Sim101' Name='Target2' New state='Working' Instrument='MES SEP26' Action='Sell' Limit price=7509 Stop price=0 Quantity=7 Type='Limit' Time in force=GTC Oco='ee9fa9f123f9401e9f5e11b8db0cb21e' Filled=0 Fill price=0 Error='No error' Native error='',
7/26/2026 9:57:46 PM,Order,Order='b3f2a08c49c944eb9cc1e4bdea609706/Sim101' Name='Stop2' New state='Accepted' Instrument='MES SEP26' Action='Sell' Limit price=0 Stop price=7500 Quantity=7 Type='Stop Market' Time in force=GTC Oco='ee9fa9f123f9401e9f5e11b8db0cb21e' Filled=0 Fill price=0 Error='No error' Native error='',
7/26/2026 9:57:46 PM,Order,Order='8947ea5c9c214d6186515f5f64d21dcd/Sim101' Name='Target1' New state='Working' Instrument='MES SEP26' Action='Sell' Limit price=7508.5 Stop price=0 Quantity=6 Type='Limit' Time in force=GTC Oco='716ebf4766224f1d9339b2644f1b8606' Filled=0 Fill price=0 Error='No error' Native error='',
7/26/2026 9:57:46 PM,Order,Order='8947ea5c9c214d6186515f5f64d21dcd/Sim101' Name='Target1' New state='Accepted' Instrument='MES SEP26' Action='Sell' Limit price=7508.5 Stop price=0 Quantity=6 Type='Limit' Time in force=GTC Oco='716ebf4766224f1d9339b2644f1b8606' Filled=0 Fill price=0 Error='No error' Native error='',
7/26/2026 9:57:46 PM,Order,Order='bd02b79cb28f42bba562aaeefaec1aa5/Sim101' Name='Stop1' New state='Accepted' Instrument='MES SEP26' Action='Sell' Limit price=0 Stop price=7500 Quantity=6 Type='Stop Market' Time in force=GTC Oco='716ebf4766224f1d9339b2644f1b8606' Filled=0 Fill price=0 Error='No error' Native error='',
7/26/2026 9:57:45 PM,Order,Order='5b3eb8ae093a4dfaabf5afc1a8b47cc5/Sim101' Name='Target2' New state='Submitted' Instrument='MES SEP26' Action='Sell' Limit price=7509 Stop price=0 Quantity=7 Type='Limit' Time in force=GTC Oco='ee9fa9f123f9401e9f5e11b8db0cb21e' Filled=0 Fill price=0 Error='No error' Native error='',
7/26/2026 9:57:45 PM,Order,Order='b3f2a08c49c944eb9cc1e4bdea609706/Sim101' Name='Stop2' New state='Submitted' Instrument='MES SEP26' Action='Sell' Limit price=0 Stop price=7500 Quantity=7 Type='Stop Market' Time in force=GTC Oco='ee9fa9f123f9401e9f5e11b8db0cb21e' Filled=0 Fill price=0 Error='No error' Native error='',
7/26/2026 9:57:45 PM,Order,Order='8947ea5c9c214d6186515f5f64d21dcd/Sim101' Name='Target1' New state='Submitted' Instrument='MES SEP26' Action='Sell' Limit price=7508.5 Stop price=0 Quantity=6 Type='Limit' Time in force=GTC Oco='716ebf4766224f1d9339b2644f1b8606' Filled=0 Fill price=0 Error='No error' Native error='',
7/26/2026 9:57:45 PM,Order,Order='bd02b79cb28f42bba562aaeefaec1aa5/Sim101' Name='Stop1' New state='Submitted' Instrument='MES SEP26' Action='Sell' Limit price=0 Stop price=7500 Quantity=6 Type='Stop Market' Time in force=GTC Oco='716ebf4766224f1d9339b2644f1b8606' Filled=0 Fill price=0 Error='No error' Native error='',
7/26/2026 9:57:45 PM,Execution,Execution='1440e44b4c694edbaf25a70ed4ad669b' Instrument='MES SEP26' Account='Sim101' Exchange=Default Price=7506 Quantity=13 Market position=Long Operation=Operation_Add Order='3c30e4f91ec544cbaa19f6fad27eb614' Time='7/26/2026 9:57 PM',
7/26/2026 9:57:45 PM,Position,Instrument='MES SEP26' Account='Sim101' Average price=7506 Quantity=13 Market position=Long Operation=Operation_Add,
7/26/2026 9:57:45 PM,Order,Order='3c30e4f91ec544cbaa19f6fad27eb614/Sim101' Name='Entry' New state='Filled' Instrument='MES SEP26' Action='Buy' Limit price=0 Stop price=0 Quantity=13 Type='Market' Time in force=GTC Oco='' Filled=13 Fill price=7506 Error='No error' Native error='',
7/26/2026 9:57:45 PM,Order,Order='3c30e4f91ec544cbaa19f6fad27eb614/Sim101' Name='Entry' New state='Working' Instrument='MES SEP26' Action='Buy' Limit price=0 Stop price=0 Quantity=13 Type='Market' Time in force=GTC Oco='' Filled=0 Fill price=0 Error='No error' Native error='',
7/26/2026 9:57:45 PM,Order,Order='3c30e4f91ec544cbaa19f6fad27eb614/Sim101' Name='Entry' New state='Accepted' Instrument='MES SEP26' Action='Buy' Limit price=0 Stop price=0 Quantity=13 Type='Market' Time in force=GTC Oco='' Filled=0 Fill price=0 Error='No error' Native error='',
7/26/2026 9:57:45 PM,Order,Order='3c30e4f91ec544cbaa19f6fad27eb614/Sim101' Name='Entry' New state='Submitted' Instrument='MES SEP26' Action='Buy' Limit price=0 Stop price=0 Quantity=13 Type='Market' Time in force=GTC Oco='' Filled=0 Fill price=0 Error='No error' Native error='',
7/26/2026 9:57:45 PM,Order,Chart Trader submitting order with strategy 'MES MIN SL6 - 2' (Ticks),
7/26/2026 9:57:44 PM,Order,Order='7ba4640443ac435384173b2deb4bc5b8/Sim102' Name='Target2' New state='Accepted' Instrument='MES SEP26' Action='Buy to cover' Limit price=7502.75 Stop price=0 Quantity=7 Type='Limit' Time in force=GTC Oco='0214cd5df0e04a33bd70a3bbf47b3ec7' Filled=0 Fill price=0 Error='No error' Native error='',
7/26/2026 9:57:44 PM,Order,Order='7ba4640443ac435384173b2deb4bc5b8/Sim102' Name='Target2' New state='Working' Instrument='MES SEP26' Action='Buy to cover' Limit price=7502.75 Stop price=0 Quantity=7 Type='Limit' Time in force=GTC Oco='0214cd5df0e04a33bd70a3bbf47b3ec7' Filled=0 Fill price=0 Error='No error' Native error='',
7/26/2026 9:57:44 PM,Order,Order='e0f159406f2d4098a52a7ac1d623694c/Sim102' Name='Stop2' New state='Accepted' Instrument='MES SEP26' Action='Buy to cover' Limit price=0 Stop price=7511.75 Quantity=7 Type='Stop Market' Time in force=GTC Oco='0214cd5df0e04a33bd70a3bbf47b3ec7' Filled=0 Fill price=0 Error='No error' Native error='',
7/26/2026 9:57:44 PM,Order,Order='7a525f966e7d464ebbdf63f71f937967/Sim102' Name='Target1' New state='Working' Instrument='MES SEP26' Action='Buy to cover' Limit price=7503.25 Stop price=0 Quantity=6 Type='Limit' Time in force=GTC Oco='c033a0cc22e94e1c990e8e4131e1f85f' Filled=0 Fill price=0 Error='No error' Native error='',
7/26/2026 9:57:44 PM,Order,Order='7a525f966e7d464ebbdf63f71f937967/Sim102' Name='Target1' New state='Accepted' Instrument='MES SEP26' Action='Buy to cover' Limit price=7503.25 Stop price=0 Quantity=6 Type='Limit' Time in force=GTC Oco='c033a0cc22e94e1c990e8e4131e1f85f' Filled=0 Fill price=0 Error='No error' Native error='',
7/26/2026 9:57:44 PM,Order,Order='d1884d75f074432fbc86a7096649515b/Sim102' Name='Stop1' New state='Accepted' Instrument='MES SEP26' Action='Buy to cover' Limit price=0 Stop price=7511.75 Quantity=6 Type='Stop Market' Time in force=GTC Oco='c033a0cc22e94e1c990e8e4131e1f85f' Filled=0 Fill price=0 Error='No error' Native error='',
7/26/2026 9:57:44 PM,Order,Order='7ba4640443ac435384173b2deb4bc5b8/Sim102' Name='Target2' New state='Submitted' Instrument='MES SEP26' Action='Buy to cover' Limit price=7502.75 Stop price=0 Quantity=7 Type='Limit' Time in force=GTC Oco='0214cd5df0e04a33bd70a3bbf47b3ec7' Filled=0 Fill price=0 Error='No error' Native error='',
7/26/2026 9:57:44 PM,Order,Order='e0f159406f2d4098a52a7ac1d623694c/Sim102' Name='Stop2' New state='Submitted' Instrument='MES SEP26' Action='Buy to cover' Limit price=0 Stop price=7511.75 Quantity=7 Type='Stop Market' Time in force=GTC Oco='0214cd5df0e04a33bd70a3bbf47b3ec7' Filled=0 Fill price=0 Error='No error' Native error='',
7/26/2026 9:57:44 PM,Order,Order='7a525f966e7d464ebbdf63f71f937967/Sim102' Name='Target1' New state='Submitted' Instrument='MES SEP26' Action='Buy to cover' Limit price=7503.25 Stop price=0 Quantity=6 Type='Limit' Time in force=GTC Oco='c033a0cc22e94e1c990e8e4131e1f85f' Filled=0 Fill price=0 Error='No error' Native error='',
7/26/2026 9:57:44 PM,Order,Order='d1884d75f074432fbc86a7096649515b/Sim102' Name='Stop1' New state='Submitted' Instrument='MES SEP26' Action='Buy to cover' Limit price=0 Stop price=7511.75 Quantity=6 Type='Stop Market' Time in force=GTC Oco='c033a0cc22e94e1c990e8e4131e1f85f' Filled=0 Fill price=0 Error='No error' Native error='',
7/26/2026 9:57:44 PM,Position,Instrument='MES SEP26' Account='Sim102' Average price=7505.75 Quantity=13 Market position=Short Operation=Operation_Add,
7/26/2026 9:57:44 PM,Execution,Execution='595c8e84be14437cbf9c5fc2ab83598d' Instrument='MES SEP26' Account='Sim102' Exchange=Default Price=7505.75 Quantity=13 Market position=Short Operation=Operation_Add Order='4d78eb8fd69f42929b2c44e52123e8ac' Time='7/26/2026 9:57 PM',
7/26/2026 9:57:44 PM,Order,Order='4d78eb8fd69f42929b2c44e52123e8ac/Sim102' Name='Entry' New state='Filled' Instrument='MES SEP26' Action='Sell' Limit price=0 Stop price=0 Quantity=13 Type='Market' Time in force=GTC Oco='' Filled=13 Fill price=7505.75 Error='No error' Native error='',
7/26/2026 9:57:44 PM,Order,Order='4d78eb8fd69f42929b2c44e52123e8ac/Sim102' Name='Entry' New state='Working' Instrument='MES SEP26' Action='Sell' Limit price=0 Stop price=0 Quantity=13 Type='Market' Time in force=GTC Oco='' Filled=0 Fill price=0 Error='No error' Native error='',
7/26/2026 9:57:44 PM,Order,Order='4d78eb8fd69f42929b2c44e52123e8ac/Sim102' Name='Entry' New state='Accepted' Instrument='MES SEP26' Action='Sell' Limit price=0 Stop price=0 Quantity=13 Type='Market' Time in force=GTC Oco='' Filled=0 Fill price=0 Error='No error' Native error='',
7/26/2026 9:57:44 PM,Order,Order='4d78eb8fd69f42929b2c44e52123e8ac/Sim102' Name='Entry' New state='Submitted' Instrument='MES SEP26' Action='Sell' Limit price=0 Stop price=0 Quantity=13 Type='Market' Time in force=GTC Oco='' Filled=0 Fill price=0 Error='No error' Native error='',
7/26/2026 9:57:44 PM,Order,Chart Trader submitting order with strategy 'MES MIN SL6 - 1' (Ticks),
7/26/2026 9:57:42 PM,Order,Order='1c86912aa0924fdc91dc2efb76ef935a/Sim102' Name='Target1' New state='Cancelled' Instrument='MES SEP26' Action='Sell' Limit price=7508.5 Stop price=0 Quantity=6 Type='Limit' Time in force=GTC Oco='7939d99428a742548eb81eb0d2317dc1' Filled=0 Fill price=0 Error='No error' Native error='',
7/26/2026 9:57:42 PM,Order,Order='03a53ad2d39340f69b764bb560692091/Sim102' Name='Stop1' New state='Cancelled' Instrument='MES SEP26' Action='Sell' Limit price=0 Stop price=7500 Quantity=6 Type='Stop Market' Time in force=GTC Oco='7939d99428a742548eb81eb0d2317dc1' Filled=0 Fill price=0 Error='No error' Native error='',
7/26/2026 9:57:42 PM,Order,Order='edbf21da030c482fb7ad983b8038a6a3/Sim102' Name='Stop2' New state='Cancelled' Instrument='MES SEP26' Action='Buy to cover' Limit price=0 Stop price=7511.75 Quantity=7 Type='Stop Market' Time in force=GTC Oco='a4962b32c06f4b6eb46e85c262b08e9a' Filled=0 Fill price=0 Error='No error' Native error='',
7/26/2026 9:57:42 PM,Order,Order='7649be61f17244f79982dc13e774547d/Sim102' Name='Stop1' New state='Cancelled' Instrument='MES SEP26' Action='Buy to cover' Limit price=0 Stop price=7511.75 Quantity=6 Type='Stop Market' Time in force=GTC Oco='0df17a86aca14266839c833452493266' Filled=0 Fill price=0 Error='No error' Native error='',
7/26/2026 9:57:42 PM,Order,Order='03cbf643e8934effa0d34a2be4f1c4fa/Sim102' Name='Target2' New state='Cancelled' Instrument='MES SEP26' Action='Sell' Limit price=7509 Stop price=0 Quantity=7 Type='Limit' Time in force=GTC Oco='28648c2e7a5f406ea5e48440dd710093' Filled=0 Fill price=0 Error='No error' Native error='',
7/26/2026 9:57:42 PM,Order,Order='f627bd1870f44b458803df378c7e3ac2/Sim102' Name='Stop2' New state='Cancelled' Instrument='MES SEP26' Action='Sell' Limit price=0 Stop price=7500 Quantity=7 Type='Stop Market' Time in force=GTC Oco='28648c2e7a5f406ea5e48440dd710093' Filled=0 Fill price=0 Error='No error' Native error='',
7/26/2026 9:57:42 PM,Order,Order='237c747234c04591927864d1fa30da8e/Sim102' Name='Target2' New state='Cancelled' Instrument='MES SEP26' Action='Buy to cover' Limit price=7502.75 Stop price=0 Quantity=7 Type='Limit' Time in force=GTC Oco='a4962b32c06f4b6eb46e85c262b08e9a' Filled=0 Fill price=0 Error='No error' Native error='',
7/26/2026 9:57:42 PM,Order,Order='d8a8e93670cc41859398a0f22ef8cde5/Sim102' Name='Target1' New state='Cancelled' Instrument='MES SEP26' Action='Buy to cover' Limit price=7503.25 Stop price=0 Quantity=6 Type='Limit' Time in force=GTC Oco='0df17a86aca14266839c833452493266' Filled=0 Fill price=0 Error='No error' Native error='',
7/26/2026 9:57:42 PM,Order,Order='f627bd1870f44b458803df378c7e3ac2/Sim102' Name='Stop2' New state='Cancel submitted' Instrument='MES SEP26' Action='Sell' Limit price=0 Stop price=7500 Quantity=7 Type='Stop Market' Time in force=GTC Oco='28648c2e7a5f406ea5e48440dd710093' Filled=0 Fill price=0 Error='No error' Native error='',
7/26/2026 9:57:42 PM,Order,Order='03a53ad2d39340f69b764bb560692091/Sim102' Name='Stop1' New state='Cancel submitted' Instrument='MES SEP26' Action='Sell' Limit price=0 Stop price=7500 Quantity=6 Type='Stop Market' Time in force=GTC Oco='7939d99428a742548eb81eb0d2317dc1' Filled=0 Fill price=0 Error='No error' Native error='',
7/26/2026 9:57:42 PM,Order,Order='edbf21da030c482fb7ad983b8038a6a3/Sim102' Name='Stop2' New state='Cancel submitted' Instrument='MES SEP26' Action='Buy to cover' Limit price=0 Stop price=7511.75 Quantity=7 Type='Stop Market' Time in force=GTC Oco='a4962b32c06f4b6eb46e85c262b08e9a' Filled=0 Fill price=0 Error='No error' Native error='',
7/26/2026 9:57:42 PM,Order,Order='7649be61f17244f79982dc13e774547d/Sim102' Name='Stop1' New state='Cancel submitted' Instrument='MES SEP26' Action='Buy to cover' Limit price=0 Stop price=7511.75 Quantity=6 Type='Stop Market' Time in force=GTC Oco='0df17a86aca14266839c833452493266' Filled=0 Fill price=0 Error='No error' Native error='',
7/26/2026 9:57:42 PM,Order,Order='03cbf643e8934effa0d34a2be4f1c4fa/Sim102' Name='Target2' New state='Cancel submitted' Instrument='MES SEP26' Action='Sell' Limit price=7509 Stop price=0 Quantity=7 Type='Limit' Time in force=GTC Oco='28648c2e7a5f406ea5e48440dd710093' Filled=0 Fill price=0 Error='No error' Native error='',
7/26/2026 9:57:42 PM,Order,Order='1c86912aa0924fdc91dc2efb76ef935a/Sim102' Name='Target1' New state='Cancel submitted' Instrument='MES SEP26' Action='Sell' Limit price=7508.5 Stop price=0 Quantity=6 Type='Limit' Time in force=GTC Oco='7939d99428a742548eb81eb0d2317dc1' Filled=0 Fill price=0 Error='No error' Native error='',
7/26/2026 9:57:42 PM,Order,Order='237c747234c04591927864d1fa30da8e/Sim102' Name='Target2' New state='Cancel submitted' Instrument='MES SEP26' Action='Buy to cover' Limit price=7502.75 Stop price=0 Quantity=7 Type='Limit' Time in force=GTC Oco='a4962b32c06f4b6eb46e85c262b08e9a' Filled=0 Fill price=0 Error='No error' Native error='',
7/26/2026 9:57:42 PM,Order,Order='d8a8e93670cc41859398a0f22ef8cde5/Sim102' Name='Target1' New state='Cancel submitted' Instrument='MES SEP26' Action='Buy to cover' Limit price=7503.25 Stop price=0 Quantity=6 Type='Limit' Time in force=GTC Oco='0df17a86aca14266839c833452493266' Filled=0 Fill price=0 Error='No error' Native error='',
7/26/2026 9:57:42 PM,Default,Cancel all orders account='Sim102',
7/26/2026 9:57:42 PM,Default,Chart Trader close position,
7/26/2026 9:57:40 PM,Order,Order='03cbf643e8934effa0d34a2be4f1c4fa/Sim102' Name='Target2' New state='Working' Instrument='MES SEP26' Action='Sell' Limit price=7509 Stop price=0 Quantity=7 Type='Limit' Time in force=GTC Oco='28648c2e7a5f406ea5e48440dd710093' Filled=0 Fill price=0 Error='No error' Native error='',
7/26/2026 9:57:40 PM,Order,Order='03cbf643e8934effa0d34a2be4f1c4fa/Sim102' Name='Target2' New state='Accepted' Instrument='MES SEP26' Action='Sell' Limit price=7509 Stop price=0 Quantity=7 Type='Limit' Time in force=GTC Oco='28648c2e7a5f406ea5e48440dd710093' Filled=0 Fill price=0 Error='No error' Native error='',
7/26/2026 9:57:40 PM,Order,Order='f627bd1870f44b458803df378c7e3ac2/Sim102' Name='Stop2' New state='Accepted' Instrument='MES SEP26' Action='Sell' Limit price=0 Stop price=7500 Quantity=7 Type='Stop Market' Time in force=GTC Oco='28648c2e7a5f406ea5e48440dd710093' Filled=0 Fill price=0 Error='No error' Native error='',
7/26/2026 9:57:40 PM,Order,Order='1c86912aa0924fdc91dc2efb76ef935a/Sim102' Name='Target1' New state='Working' Instrument='MES SEP26' Action='Sell' Limit price=7508.5 Stop price=0 Quantity=6 Type='Limit' Time in force=GTC Oco='7939d99428a742548eb81eb0d2317dc1' Filled=0 Fill price=0 Error='No error' Native error='',
7/26/2026 9:57:40 PM,Order,Order='1c86912aa0924fdc91dc2efb76ef935a/Sim102' Name='Target1' New state='Accepted' Instrument='MES SEP26' Action='Sell' Limit price=7508.5 Stop price=0 Quantity=6 Type='Limit' Time in force=GTC Oco='7939d99428a742548eb81eb0d2317dc1' Filled=0 Fill price=0 Error='No error' Native error='',
7/26/2026 9:57:40 PM,Position,Instrument='MES SEP26' Account='Sim102' Average price=0 Quantity=0 Market position=Flat Operation=Remove,
7/26/2026 9:57:40 PM,Order,Order='03a53ad2d39340f69b764bb560692091/Sim102' Name='Stop1' New state='Accepted' Instrument='MES SEP26' Action='Sell' Limit price=0 Stop price=7500 Quantity=6 Type='Stop Market' Time in force=GTC Oco='7939d99428a742548eb81eb0d2317dc1' Filled=0 Fill price=0 Error='No error' Native error='',
7/26/2026 9:57:40 PM,Order,Order='03cbf643e8934effa0d34a2be4f1c4fa/Sim102' Name='Target2' New state='Submitted' Instrument='MES SEP26' Action='Sell' Limit price=7509 Stop price=0 Quantity=7 Type='Limit' Time in force=GTC Oco='28648c2e7a5f406ea5e48440dd710093' Filled=0 Fill price=0 Error='No error' Native error='',
7/26/2026 9:57:40 PM,Order,Order='f627bd1870f44b458803df378c7e3ac2/Sim102' Name='Stop2' New state='Submitted' Instrument='MES SEP26' Action='Sell' Limit price=0 Stop price=7500 Quantity=7 Type='Stop Market' Time in force=GTC Oco='28648c2e7a5f406ea5e48440dd710093' Filled=0 Fill price=0 Error='No error' Native error='',
7/26/2026 9:57:40 PM,Order,Order='1c86912aa0924fdc91dc2efb76ef935a/Sim102' Name='Target1' New state='Submitted' Instrument='MES SEP26' Action='Sell' Limit price=7508.5 Stop price=0 Quantity=6 Type='Limit' Time in force=GTC Oco='7939d99428a742548eb81eb0d2317dc1' Filled=0 Fill price=0 Error='No error' Native error='',
7/26/2026 9:57:40 PM,Order,Order='03a53ad2d39340f69b764bb560692091/Sim102' Name='Stop1' New state='Submitted' Instrument='MES SEP26' Action='Sell' Limit price=0 Stop price=7500 Quantity=6 Type='Stop Market' Time in force=GTC Oco='7939d99428a742548eb81eb0d2317dc1' Filled=0 Fill price=0 Error='No error' Native error='',
7/26/2026 9:57:40 PM,Execution,Execution='5cc9a1bc9f5244d1af6629ab2e3db950' Instrument='MES SEP26' Account='Sim102' Exchange=Default Price=7506 Quantity=13 Market position=Long Operation=Operation_Add Order='9c6c547ae401417486b39cda25d7c7d4' Time='7/26/2026 9:57 PM',
7/26/2026 9:57:40 PM,Order,Order='9c6c547ae401417486b39cda25d7c7d4/Sim102' Name='Entry' New state='Filled' Instrument='MES SEP26' Action='Buy' Limit price=0 Stop price=0 Quantity=13 Type='Market' Time in force=GTC Oco='' Filled=13 Fill price=7506 Error='No error' Native error='',
7/26/2026 9:57:40 PM,Order,Order='9c6c547ae401417486b39cda25d7c7d4/Sim102' Name='Entry' New state='Working' Instrument='MES SEP26' Action='Buy' Limit price=0 Stop price=0 Quantity=13 Type='Market' Time in force=GTC Oco='' Filled=0 Fill price=0 Error='No error' Native error='',
7/26/2026 9:57:40 PM,Order,Order='9c6c547ae401417486b39cda25d7c7d4/Sim102' Name='Entry' New state='Accepted' Instrument='MES SEP26' Action='Buy' Limit price=0 Stop price=0 Quantity=13 Type='Market' Time in force=GTC Oco='' Filled=0 Fill price=0 Error='No error' Native error='',
7/26/2026 9:57:40 PM,Order,Order='9c6c547ae401417486b39cda25d7c7d4/Sim102' Name='Entry' New state='Submitted' Instrument='MES SEP26' Action='Buy' Limit price=0 Stop price=0 Quantity=13 Type='Market' Time in force=GTC Oco='' Filled=0 Fill price=0 Error='No error' Native error='',
7/26/2026 9:57:40 PM,Order,Chart Trader submitting order with strategy 'MES MIN SL6 - 2' (Ticks),
7/26/2026 9:57:39 PM,Order,Order='237c747234c04591927864d1fa30da8e/Sim102' Name='Target2' New state='Working' Instrument='MES SEP26' Action='Buy to cover' Limit price=7502.75 Stop price=0 Quantity=7 Type='Limit' Time in force=GTC Oco='a4962b32c06f4b6eb46e85c262b08e9a' Filled=0 Fill price=0 Error='No error' Native error='',
7/26/2026 9:57:39 PM,Order,Order='d8a8e93670cc41859398a0f22ef8cde5/Sim102' Name='Target1' New state='Accepted' Instrument='MES SEP26' Action='Buy to cover' Limit price=7503.25 Stop price=0 Quantity=6 Type='Limit' Time in force=GTC Oco='0df17a86aca14266839c833452493266' Filled=0 Fill price=0 Error='No error' Native error='',
7/26/2026 9:57:39 PM,Order,Order='237c747234c04591927864d1fa30da8e/Sim102' Name='Target2' New state='Accepted' Instrument='MES SEP26' Action='Buy to cover' Limit price=7502.75 Stop price=0 Quantity=7 Type='Limit' Time in force=GTC Oco='a4962b32c06f4b6eb46e85c262b08e9a' Filled=0 Fill price=0 Error='No error' Native error='',
7/26/2026 9:57:39 PM,Order,Order='d8a8e93670cc41859398a0f22ef8cde5/Sim102' Name='Target1' New state='Working' Instrument='MES SEP26' Action='Buy to cover' Limit price=7503.25 Stop price=0 Quantity=6 Type='Limit' Time in force=GTC Oco='0df17a86aca14266839c833452493266' Filled=0 Fill price=0 Error='No error' Native error='',
7/26/2026 9:57:39 PM,Order,Order='edbf21da030c482fb7ad983b8038a6a3/Sim102' Name='Stop2' New state='Accepted' Instrument='MES SEP26' Action='Buy to cover' Limit price=0 Stop price=7511.75 Quantity=7 Type='Stop Market' Time in force=GTC Oco='a4962b32c06f4b6eb46e85c262b08e9a' Filled=0 Fill price=0 Error='No error' Native error='',
7/26/2026 9:57:39 PM,Order,Order='7649be61f17244f79982dc13e774547d/Sim102' Name='Stop1' New state='Accepted' Instrument='MES SEP26' Action='Buy to cover' Limit price=0 Stop price=7511.75 Quantity=6 Type='Stop Market' Time in force=GTC Oco='0df17a86aca14266839c833452493266' Filled=0 Fill price=0 Error='No error' Native error='',
7/26/2026 9:57:39 PM,Order,Order='237c747234c04591927864d1fa30da8e/Sim102' Name='Target2' New state='Submitted' Instrument='MES SEP26' Action='Buy to cover' Limit price=7502.75 Stop price=0 Quantity=7 Type='Limit' Time in force=GTC Oco='a4962b32c06f4b6eb46e85c262b08e9a' Filled=0 Fill price=0 Error='No error' Native error='',
7/26/2026 9:57:39 PM,Order,Order='edbf21da030c482fb7ad983b8038a6a3/Sim102' Name='Stop2' New state='Submitted' Instrument='MES SEP26' Action='Buy to cover' Limit price=0 Stop price=7511.75 Quantity=7 Type='Stop Market' Time in force=GTC Oco='a4962b32c06f4b6eb46e85c262b08e9a' Filled=0 Fill price=0 Error='No error' Native error='',
7/26/2026 9:57:39 PM,Order,Order='d8a8e93670cc41859398a0f22ef8cde5/Sim102' Name='Target1' New state='Submitted' Instrument='MES SEP26' Action='Buy to cover' Limit price=7503.25 Stop price=0 Quantity=6 Type='Limit' Time in force=GTC Oco='0df17a86aca14266839c833452493266' Filled=0 Fill price=0 Error='No error' Native error='',
7/26/2026 9:57:39 PM,Order,Order='7649be61f17244f79982dc13e774547d/Sim102' Name='Stop1' New state='Submitted' Instrument='MES SEP26' Action='Buy to cover' Limit price=0 Stop price=7511.75 Quantity=6 Type='Stop Market' Time in force=GTC Oco='0df17a86aca14266839c833452493266' Filled=0 Fill price=0 Error='No error' Native error='',
7/26/2026 9:57:39 PM,Position,Instrument='MES SEP26' Account='Sim102' Average price=7505.75 Quantity=13 Market position=Short Operation=Operation_Add,
7/26/2026 9:57:39 PM,Execution,Execution='5b1fa0e67dbe498e9c520e38338ea0a9' Instrument='MES SEP26' Account='Sim102' Exchange=Default Price=7505.75 Quantity=13 Market position=Short Operation=Operation_Add Order='5ddde9b55f654f188ce9ab2e9ddf0c2b' Time='7/26/2026 9:57 PM',
7/26/2026 9:57:39 PM,Order,Order='5ddde9b55f654f188ce9ab2e9ddf0c2b/Sim102' Name='Entry' New state='Filled' Instrument='MES SEP26' Action='Sell' Limit price=0 Stop price=0 Quantity=13 Type='Market' Time in force=GTC Oco='' Filled=13 Fill price=7505.75 Error='No error' Native error='',
7/26/2026 9:57:39 PM,Order,Order='5ddde9b55f654f188ce9ab2e9ddf0c2b/Sim102' Name='Entry' New state='Working' Instrument='MES SEP26' Action='Sell' Limit price=0 Stop price=0 Quantity=13 Type='Market' Time in force=GTC Oco='' Filled=0 Fill price=0 Error='No error' Native error='',
7/26/2026 9:57:39 PM,Order,Order='5ddde9b55f654f188ce9ab2e9ddf0c2b/Sim102' Name='Entry' New state='Accepted' Instrument='MES SEP26' Action='Sell' Limit price=0 Stop price=0 Quantity=13 Type='Market' Time in force=GTC Oco='' Filled=0 Fill price=0 Error='No error' Native error='',
7/26/2026 9:57:39 PM,Order,Order='5ddde9b55f654f188ce9ab2e9ddf0c2b/Sim102' Name='Entry' New state='Submitted' Instrument='MES SEP26' Action='Sell' Limit price=0 Stop price=0 Quantity=13 Type='Market' Time in force=GTC Oco='' Filled=0 Fill price=0 Error='No error' Native error='',
7/26/2026 9:57:39 PM,Order,Chart Trader submitting order with strategy 'MES MIN SL6 - 1' (Ticks),
7/26/2026 9:57:37 PM,Position,Instrument='MES SEP26' Account='Sim101' Average price=0 Quantity=0 Market position=Flat Operation=Remove,
7/26/2026 9:57:36 PM,Execution,Execution='fda94233e9044ab2bfcf4eee6b61c9c1' Instrument='MES SEP26' Account='Sim101' Exchange=Default Price=7505.75 Quantity=13 Market position=Short Operation=Operation_Add Order='0de187bc56fd4dcda95e64dfad8950d7' Time='7/26/2026 9:57 PM',
7/26/2026 9:57:36 PM,Order,Order='0de187bc56fd4dcda95e64dfad8950d7/Sim101' Name='Close' New state='Filled' Instrument='MES SEP26' Action='Sell' Limit price=0 Stop price=0 Quantity=13 Type='Market' Time in force=DAY Oco='' Filled=13 Fill price=7505.75 Error='No error' Native error='',
7/26/2026 9:57:36 PM,Order,Order='0de187bc56fd4dcda95e64dfad8950d7/Sim101' Name='Close' New state='Working' Instrument='MES SEP26' Action='Sell' Limit price=0 Stop price=0 Quantity=13 Type='Market' Time in force=DAY Oco='' Filled=0 Fill price=0 Error='No error' Native error='',
7/26/2026 9:57:36 PM,Order,Order='0de187bc56fd4dcda95e64dfad8950d7/Sim101' Name='Close' New state='Accepted' Instrument='MES SEP26' Action='Sell' Limit price=0 Stop price=0 Quantity=13 Type='Market' Time in force=DAY Oco='' Filled=0 Fill price=0 Error='No error' Native error='',
7/26/2026 9:57:36 PM,Order,Order='0de187bc56fd4dcda95e64dfad8950d7/Sim101' Name='Close' New state='Submitted' Instrument='MES SEP26' Action='Sell' Limit price=0 Stop price=0 Quantity=13 Type='Market' Time in force=DAY Oco='' Filled=0 Fill price=0 Error='No error' Native error='',
7/26/2026 9:57:36 PM,Default,Chart Trader close position,
7/26/2026 9:57:36 PM,Default,Cancel all orders account='Sim102',
7/26/2026 9:57:36 PM,Default,Chart Trader close position,
7/26/2026 9:57:26 PM,Position,Instrument='MES SEP26' Account='Sim102' Average price=0 Quantity=0 Market position=Flat Operation=Remove,
7/26/2026 9:57:26 PM,Execution,Execution='d328d7e7fec54238be3e1a4bc7f7df9e' Instrument='MES SEP26' Account='Sim102' Exchange=Default Price=7506 Quantity=13 Market position=Long Operation=Operation_Add Order='1d75b3d207364dd8bdbfdce006963f0d' Time='7/26/2026 9:57 PM',
7/26/2026 9:57:26 PM,Order,Order='1d75b3d207364dd8bdbfdce006963f0d/Sim102' Name='PTT-BE-Stop' New state='Filled' Instrument='MES SEP26' Action='Buy to cover' Limit price=0 Stop price=7506 Quantity=13 Type='Stop Market' Time in force=DAY Oco='' Filled=13 Fill price=7506 Error='No error' Native error='',
7/26/2026 9:57:26 PM,Order,Order='b799e82ed222429c814fcb25001b9acc/Sim101' Name='Target2' New state='Cancelled' Instrument='MES SEP26' Action='Sell' Limit price=7509 Stop price=0 Quantity=7 Type='Limit' Time in force=GTC Oco='b546886a6bdb4c5688eaa3a6f8992457' Filled=0 Fill price=0 Error='No error' Native error='',
7/26/2026 9:57:26 PM,Order,Order='c75955c705594f48919373cad97ddf3c/Sim101' Name='Target1' New state='Cancelled' Instrument='MES SEP26' Action='Sell' Limit price=7508.5 Stop price=0 Quantity=6 Type='Limit' Time in force=GTC Oco='cf84d2ad81a042f8994998e7391a9ca9' Filled=0 Fill price=0 Error='No error' Native error='',
7/26/2026 9:57:26 PM,Order,Order='ef0ca184e0a24a94adbda33b9ffa4bdf/Sim101' Name='Stop2' New state='Cancelled' Instrument='MES SEP26' Action='Sell' Limit price=0 Stop price=7500 Quantity=7 Type='Stop Market' Time in force=GTC Oco='b546886a6bdb4c5688eaa3a6f8992457' Filled=0 Fill price=0 Error='No error' Native error='',
7/26/2026 9:57:26 PM,Order,Order='0d9b4ad42fd649978b04dbc15b8c525a/Sim101' Name='Stop1' New state='Cancelled' Instrument='MES SEP26' Action='Sell' Limit price=0 Stop price=7500 Quantity=6 Type='Stop Market' Time in force=GTC Oco='cf84d2ad81a042f8994998e7391a9ca9' Filled=0 Fill price=0 Error='No error' Native error='',
7/26/2026 9:57:26 PM,Order,Order='1d75b3d207364dd8bdbfdce006963f0d/Sim102' Name='PTT-BE-Stop' New state='Working' Instrument='MES SEP26' Action='Buy to cover' Limit price=0 Stop price=7506 Quantity=13 Type='Stop Market' Time in force=DAY Oco='' Filled=0 Fill price=0 Error='No error' Native error='',
7/26/2026 9:57:26 PM,Order,Order='1d75b3d207364dd8bdbfdce006963f0d/Sim102' Name='PTT-BE-Stop' New state='Accepted' Instrument='MES SEP26' Action='Buy to cover' Limit price=0 Stop price=7506 Quantity=13 Type='Stop Market' Time in force=DAY Oco='' Filled=0 Fill price=0 Error='No error' Native error='',
7/26/2026 9:57:26 PM,Order,Order='ad1f1b5be5ae47b181e406bac3b76702/Sim102' Name='Target2' New state='Cancelled' Instrument='MES SEP26' Action='Buy to cover' Limit price=7503.25 Stop price=0 Quantity=7 Type='Limit' Time in force=GTC Oco='399d9a8a3dd24641b4d8cebf77332cb9' Filled=0 Fill price=0 Error='No error' Native error='',
7/26/2026 9:57:26 PM,Order,Order='5930dbc8aa944136b1f46074014c5543/Sim102' Name='Stop2' New state='Cancelled' Instrument='MES SEP26' Action='Buy to cover' Limit price=0 Stop price=7512.25 Quantity=7 Type='Stop Market' Time in force=GTC Oco='399d9a8a3dd24641b4d8cebf77332cb9' Filled=0 Fill price=0 Error='No error' Native error='',
7/26/2026 9:57:26 PM,Order,Order='070c672f42f54c0dbe1b7f1f7cd97d6e/Sim102' Name='Target1' New state='Cancelled' Instrument='MES SEP26' Action='Buy to cover' Limit price=7503.75 Stop price=0 Quantity=6 Type='Limit' Time in force=GTC Oco='f07827c2545c46c6a7221d4d3e157386' Filled=0 Fill price=0 Error='No error' Native error='',
7/26/2026 9:57:26 PM,Order,Order='15167a471ed647ada1f4a1b4a39eb632/Sim102' Name='Stop1' New state='Cancelled' Instrument='MES SEP26' Action='Buy to cover' Limit price=0 Stop price=7512.25 Quantity=6 Type='Stop Market' Time in force=GTC Oco='f07827c2545c46c6a7221d4d3e157386' Filled=0 Fill price=0 Error='No error' Native error='',
7/26/2026 9:57:26 PM,Order,Sim101 Sell stop or sell stop limit orders can't be placed above the market. affected Order: Sell 13 StopMarket @ 7506.25,
7/26/2026 9:57:26 PM,Order,Order='ad9e622017f24ad7912ce83b955f6614/Sim101' Name='PTT-BE-Stop' New state='Rejected' Instrument='MES SEP26' Action='Sell' Limit price=0 Stop price=7506.25 Quantity=13 Type='Stop Market' Time in force=DAY Oco='' Filled=0 Fill price=0 Error='Order rejected' Native error='Sell stop or sell stop limit orders can't be placed above the market.',
7/26/2026 9:57:26 PM,Order,Order='ad9e622017f24ad7912ce83b955f6614/Sim101' Name='PTT-BE-Stop' New state='Submitted' Instrument='MES SEP26' Action='Sell' Limit price=0 Stop price=7506.25 Quantity=13 Type='Stop Market' Time in force=DAY Oco='' Filled=0 Fill price=0 Error='No error' Native error='',
7/26/2026 9:57:26 PM,Order,Order='ef0ca184e0a24a94adbda33b9ffa4bdf/Sim101' Name='Stop2' New state='Cancel submitted' Instrument='MES SEP26' Action='Sell' Limit price=0 Stop price=7500 Quantity=7 Type='Stop Market' Time in force=GTC Oco='b546886a6bdb4c5688eaa3a6f8992457' Filled=0 Fill price=0 Error='No error' Native error='',
7/26/2026 9:57:26 PM,Order,Order='b799e82ed222429c814fcb25001b9acc/Sim101' Name='Target2' New state='Cancel submitted' Instrument='MES SEP26' Action='Sell' Limit price=7509 Stop price=0 Quantity=7 Type='Limit' Time in force=GTC Oco='b546886a6bdb4c5688eaa3a6f8992457' Filled=0 Fill price=0 Error='No error' Native error='',
7/26/2026 9:57:26 PM,Order,Order='c75955c705594f48919373cad97ddf3c/Sim101' Name='Target1' New state='Cancel submitted' Instrument='MES SEP26' Action='Sell' Limit price=7508.5 Stop price=0 Quantity=6 Type='Limit' Time in force=GTC Oco='cf84d2ad81a042f8994998e7391a9ca9' Filled=0 Fill price=0 Error='No error' Native error='',
7/26/2026 9:57:26 PM,Order,Order='0d9b4ad42fd649978b04dbc15b8c525a/Sim101' Name='Stop1' New state='Cancel submitted' Instrument='MES SEP26' Action='Sell' Limit price=0 Stop price=7500 Quantity=6 Type='Stop Market' Time in force=GTC Oco='cf84d2ad81a042f8994998e7391a9ca9' Filled=0 Fill price=0 Error='No error' Native error='',
7/26/2026 9:57:26 PM,Order,Order='1d75b3d207364dd8bdbfdce006963f0d/Sim102' Name='PTT-BE-Stop' New state='Submitted' Instrument='MES SEP26' Action='Buy to cover' Limit price=0 Stop price=7506 Quantity=13 Type='Stop Market' Time in force=DAY Oco='' Filled=0 Fill price=0 Error='No error' Native error='',
7/26/2026 9:57:26 PM,Order,Order='ad1f1b5be5ae47b181e406bac3b76702/Sim102' Name='Target2' New state='Cancel submitted' Instrument='MES SEP26' Action='Buy to cover' Limit price=7503.25 Stop price=0 Quantity=7 Type='Limit' Time in force=GTC Oco='399d9a8a3dd24641b4d8cebf77332cb9' Filled=0 Fill price=0 Error='No error' Native error='',
7/26/2026 9:57:26 PM,Order,Order='070c672f42f54c0dbe1b7f1f7cd97d6e/Sim102' Name='Target1' New state='Cancel submitted' Instrument='MES SEP26' Action='Buy to cover' Limit price=7503.75 Stop price=0 Quantity=6 Type='Limit' Time in force=GTC Oco='f07827c2545c46c6a7221d4d3e157386' Filled=0 Fill price=0 Error='No error' Native error='',
7/26/2026 9:57:26 PM,Order,Order='5930dbc8aa944136b1f46074014c5543/Sim102' Name='Stop2' New state='Cancel submitted' Instrument='MES SEP26' Action='Buy to cover' Limit price=0 Stop price=7512.25 Quantity=7 Type='Stop Market' Time in force=GTC Oco='399d9a8a3dd24641b4d8cebf77332cb9' Filled=0 Fill price=0 Error='No error' Native error='',
7/26/2026 9:57:26 PM,Order,Order='15167a471ed647ada1f4a1b4a39eb632/Sim102' Name='Stop1' New state='Cancel submitted' Instrument='MES SEP26' Action='Buy to cover' Limit price=0 Stop price=7512.25 Quantity=6 Type='Stop Market' Time in force=GTC Oco='f07827c2545c46c6a7221d4d3e157386' Filled=0 Fill price=0 Error='No error' Native error='',
7/26/2026 9:57:23 PM,Order,Order='b799e82ed222429c814fcb25001b9acc/Sim101' Name='Target2' New state='Accepted' Instrument='MES SEP26' Action='Sell' Limit price=7509 Stop price=0 Quantity=7 Type='Limit' Time in force=GTC Oco='b546886a6bdb4c5688eaa3a6f8992457' Filled=0 Fill price=0 Error='No error' Native error='',
7/26/2026 9:57:23 PM,Order,Order='b799e82ed222429c814fcb25001b9acc/Sim101' Name='Target2' New state='Working' Instrument='MES SEP26' Action='Sell' Limit price=7509 Stop price=0 Quantity=7 Type='Limit' Time in force=GTC Oco='b546886a6bdb4c5688eaa3a6f8992457' Filled=0 Fill price=0 Error='No error' Native error='',
7/26/2026 9:57:23 PM,Order,Order='ef0ca184e0a24a94adbda33b9ffa4bdf/Sim101' Name='Stop2' New state='Accepted' Instrument='MES SEP26' Action='Sell' Limit price=0 Stop price=7500 Quantity=7 Type='Stop Market' Time in force=GTC Oco='b546886a6bdb4c5688eaa3a6f8992457' Filled=0 Fill price=0 Error='No error' Native error='',
7/26/2026 9:57:23 PM,Order,Order='c75955c705594f48919373cad97ddf3c/Sim101' Name='Target1' New state='Working' Instrument='MES SEP26' Action='Sell' Limit price=7508.5 Stop price=0 Quantity=6 Type='Limit' Time in force=GTC Oco='cf84d2ad81a042f8994998e7391a9ca9' Filled=0 Fill price=0 Error='No error' Native error='',
7/26/2026 9:57:23 PM,Order,Order='c75955c705594f48919373cad97ddf3c/Sim101' Name='Target1' New state='Accepted' Instrument='MES SEP26' Action='Sell' Limit price=7508.5 Stop price=0 Quantity=6 Type='Limit' Time in force=GTC Oco='cf84d2ad81a042f8994998e7391a9ca9' Filled=0 Fill price=0 Error='No error' Native error='',
7/26/2026 9:57:23 PM,Order,Order='0d9b4ad42fd649978b04dbc15b8c525a/Sim101' Name='Stop1' New state='Accepted' Instrument='MES SEP26' Action='Sell' Limit price=0 Stop price=7500 Quantity=6 Type='Stop Market' Time in force=GTC Oco='cf84d2ad81a042f8994998e7391a9ca9' Filled=0 Fill price=0 Error='No error' Native error='',
7/26/2026 9:57:23 PM,Order,Order='b799e82ed222429c814fcb25001b9acc/Sim101' Name='Target2' New state='Submitted' Instrument='MES SEP26' Action='Sell' Limit price=7509 Stop price=0 Quantity=7 Type='Limit' Time in force=GTC Oco='b546886a6bdb4c5688eaa3a6f8992457' Filled=0 Fill price=0 Error='No error' Native error='',
7/26/2026 9:57:23 PM,Order,Order='ef0ca184e0a24a94adbda33b9ffa4bdf/Sim101' Name='Stop2' New state='Submitted' Instrument='MES SEP26' Action='Sell' Limit price=0 Stop price=7500 Quantity=7 Type='Stop Market' Time in force=GTC Oco='b546886a6bdb4c5688eaa3a6f8992457' Filled=0 Fill price=0 Error='No error' Native error='',
7/26/2026 9:57:23 PM,Order,Order='c75955c705594f48919373cad97ddf3c/Sim101' Name='Target1' New state='Submitted' Instrument='MES SEP26' Action='Sell' Limit price=7508.5 Stop price=0 Quantity=6 Type='Limit' Time in force=GTC Oco='cf84d2ad81a042f8994998e7391a9ca9' Filled=0 Fill price=0 Error='No error' Native error='',
7/26/2026 9:57:23 PM,Order,Order='0d9b4ad42fd649978b04dbc15b8c525a/Sim101' Name='Stop1' New state='Submitted' Instrument='MES SEP26' Action='Sell' Limit price=0 Stop price=7500 Quantity=6 Type='Stop Market' Time in force=GTC Oco='cf84d2ad81a042f8994998e7391a9ca9' Filled=0 Fill price=0 Error='No error' Native error='',
7/26/2026 9:57:23 PM,Execution,Execution='eb2f2fb3a8584e04b6c56502dd5bd0ed' Instrument='MES SEP26' Account='Sim101' Exchange=Default Price=7506.25 Quantity=1 Market position=Long Operation=Operation_Add Order='51cfaa3adc5a4fc8aabab5a0ffc518d0' Time='7/26/2026 9:57 PM',
7/26/2026 9:57:23 PM,Position,Instrument='MES SEP26' Account='Sim101' Average price=7506.0192307692305 Quantity=13 Market position=Long Operation=Update,
7/26/2026 9:57:23 PM,Order,Order='51cfaa3adc5a4fc8aabab5a0ffc518d0/Sim101' Name='Entry' New state='Filled' Instrument='MES SEP26' Action='Buy' Limit price=0 Stop price=0 Quantity=13 Type='Market' Time in force=GTC Oco='' Filled=13 Fill price=7506.0192307692305 Error='No error' Native error='',
7/26/2026 9:57:23 PM,Position,Instrument='MES SEP26' Account='Sim101' Average price=7506 Quantity=12 Market position=Long Operation=Operation_Add,
7/26/2026 9:57:23 PM,Order,Order='51cfaa3adc5a4fc8aabab5a0ffc518d0/Sim101' Name='Entry' New state='Working' Instrument='MES SEP26' Action='Buy' Limit price=0 Stop price=0 Quantity=13 Type='Market' Time in force=GTC Oco='' Filled=0 Fill price=0 Error='No error' Native error='',
7/26/2026 9:57:23 PM,Execution,Execution='703f763a3b96427fb0eb4c611e37178e' Instrument='MES SEP26' Account='Sim101' Exchange=Default Price=7506 Quantity=12 Market position=Long Operation=Operation_Add Order='51cfaa3adc5a4fc8aabab5a0ffc518d0' Time='7/26/2026 9:57 PM',
7/26/2026 9:57:23 PM,Order,Order='51cfaa3adc5a4fc8aabab5a0ffc518d0/Sim101' Name='Entry' New state='Partially filled' Instrument='MES SEP26' Action='Buy' Limit price=0 Stop price=0 Quantity=13 Type='Market' Time in force=GTC Oco='' Filled=12 Fill price=7506 Error='No error' Native error='',
7/26/2026 9:57:23 PM,Order,Order='51cfaa3adc5a4fc8aabab5a0ffc518d0/Sim101' Name='Entry' New state='Accepted' Instrument='MES SEP26' Action='Buy' Limit price=0 Stop price=0 Quantity=13 Type='Market' Time in force=GTC Oco='' Filled=0 Fill price=0 Error='No error' Native error='',
7/26/2026 9:57:23 PM,Order,Order='51cfaa3adc5a4fc8aabab5a0ffc518d0/Sim101' Name='Entry' New state='Submitted' Instrument='MES SEP26' Action='Buy' Limit price=0 Stop price=0 Quantity=13 Type='Market' Time in force=GTC Oco='' Filled=0 Fill price=0 Error='No error' Native error='',
7/26/2026 9:57:23 PM,Order,Chart Trader submitting order with strategy 'MES MIN SL6 - 2' (Ticks),
7/26/2026 9:57:22 PM,Order,Order='ad1f1b5be5ae47b181e406bac3b76702/Sim102' Name='Target2' New state='Working' Instrument='MES SEP26' Action='Buy to cover' Limit price=7503.25 Stop price=0 Quantity=7 Type='Limit' Time in force=GTC Oco='399d9a8a3dd24641b4d8cebf77332cb9' Filled=0 Fill price=0 Error='No error' Native error='',
7/26/2026 9:57:22 PM,Order,Order='ad1f1b5be5ae47b181e406bac3b76702/Sim102' Name='Target2' New state='Accepted' Instrument='MES SEP26' Action='Buy to cover' Limit price=7503.25 Stop price=0 Quantity=7 Type='Limit' Time in force=GTC Oco='399d9a8a3dd24641b4d8cebf77332cb9' Filled=0 Fill price=0 Error='No error' Native error='',
7/26/2026 9:57:22 PM,Order,Order='5930dbc8aa944136b1f46074014c5543/Sim102' Name='Stop2' New state='Accepted' Instrument='MES SEP26' Action='Buy to cover' Limit price=0 Stop price=7512.25 Quantity=7 Type='Stop Market' Time in force=GTC Oco='399d9a8a3dd24641b4d8cebf77332cb9' Filled=0 Fill price=0 Error='No error' Native error='',
7/26/2026 9:57:22 PM,Order,Order='070c672f42f54c0dbe1b7f1f7cd97d6e/Sim102' Name='Target1' New state='Working' Instrument='MES SEP26' Action='Buy to cover' Limit price=7503.75 Stop price=0 Quantity=6 Type='Limit' Time in force=GTC Oco='f07827c2545c46c6a7221d4d3e157386' Filled=0 Fill price=0 Error='No error' Native error='',
7/26/2026 9:57:22 PM,Order,Order='070c672f42f54c0dbe1b7f1f7cd97d6e/Sim102' Name='Target1' New state='Accepted' Instrument='MES SEP26' Action='Buy to cover' Limit price=7503.75 Stop price=0 Quantity=6 Type='Limit' Time in force=GTC Oco='f07827c2545c46c6a7221d4d3e157386' Filled=0 Fill price=0 Error='No error' Native error='',
7/26/2026 9:57:22 PM,Order,Order='15167a471ed647ada1f4a1b4a39eb632/Sim102' Name='Stop1' New state='Accepted' Instrument='MES SEP26' Action='Buy to cover' Limit price=0 Stop price=7512.25 Quantity=6 Type='Stop Market' Time in force=GTC Oco='f07827c2545c46c6a7221d4d3e157386' Filled=0 Fill price=0 Error='No error' Native error='',
7/26/2026 9:57:22 PM,Order,Order='ad1f1b5be5ae47b181e406bac3b76702/Sim102' Name='Target2' New state='Submitted' Instrument='MES SEP26' Action='Buy to cover' Limit price=7503.25 Stop price=0 Quantity=7 Type='Limit' Time in force=GTC Oco='399d9a8a3dd24641b4d8cebf77332cb9' Filled=0 Fill price=0 Error='No error' Native error='',
7/26/2026 9:57:22 PM,Order,Order='5930dbc8aa944136b1f46074014c5543/Sim102' Name='Stop2' New state='Submitted' Instrument='MES SEP26' Action='Buy to cover' Limit price=0 Stop price=7512.25 Quantity=7 Type='Stop Market' Time in force=GTC Oco='399d9a8a3dd24641b4d8cebf77332cb9' Filled=0 Fill price=0 Error='No error' Native error='',
7/26/2026 9:57:22 PM,Order,Order='070c672f42f54c0dbe1b7f1f7cd97d6e/Sim102' Name='Target1' New state='Submitted' Instrument='MES SEP26' Action='Buy to cover' Limit price=7503.75 Stop price=0 Quantity=6 Type='Limit' Time in force=GTC Oco='f07827c2545c46c6a7221d4d3e157386' Filled=0 Fill price=0 Error='No error' Native error='',
7/26/2026 9:57:22 PM,Order,Order='15167a471ed647ada1f4a1b4a39eb632/Sim102' Name='Stop1' New state='Submitted' Instrument='MES SEP26' Action='Buy to cover' Limit price=0 Stop price=7512.25 Quantity=6 Type='Stop Market' Time in force=GTC Oco='f07827c2545c46c6a7221d4d3e157386' Filled=0 Fill price=0 Error='No error' Native error='',
7/26/2026 9:57:22 PM,Position,Instrument='MES SEP26' Account='Sim102' Average price=7506.25 Quantity=13 Market position=Short Operation=Operation_Add,
7/26/2026 9:57:22 PM,Execution,Execution='c1669d4e2b264d91ab3419734755b52f' Instrument='MES SEP26' Account='Sim102' Exchange=Default Price=7506.25 Quantity=13 Market position=Short Operation=Operation_Add Order='c48fabcc72b949b1b76e3a87bd84ffd0' Time='7/26/2026 9:57 PM',
7/26/2026 9:57:22 PM,Order,Order='c48fabcc72b949b1b76e3a87bd84ffd0/Sim102' Name='Entry' New state='Filled' Instrument='MES SEP26' Action='Sell' Limit price=0 Stop price=0 Quantity=13 Type='Market' Time in force=GTC Oco='' Filled=13 Fill price=7506.25 Error='No error' Native error='',
7/26/2026 9:57:22 PM,Order,Order='c48fabcc72b949b1b76e3a87bd84ffd0/Sim102' Name='Entry' New state='Working' Instrument='MES SEP26' Action='Sell' Limit price=0 Stop price=0 Quantity=13 Type='Market' Time in force=GTC Oco='' Filled=0 Fill price=0 Error='No error' Native error='',
7/26/2026 9:57:22 PM,Order,Order='c48fabcc72b949b1b76e3a87bd84ffd0/Sim102' Name='Entry' New state='Accepted' Instrument='MES SEP26' Action='Sell' Limit price=0 Stop price=0 Quantity=13 Type='Market' Time in force=GTC Oco='' Filled=0 Fill price=0 Error='No error' Native error='',
7/26/2026 9:57:22 PM,Order,Order='c48fabcc72b949b1b76e3a87bd84ffd0/Sim102' Name='Entry' New state='Submitted' Instrument='MES SEP26' Action='Sell' Limit price=0 Stop price=0 Quantity=13 Type='Market' Time in force=GTC Oco='' Filled=0 Fill price=0 Error='No error' Native error='',
7/26/2026 9:57:22 PM,Order,Chart Trader submitting order with strategy 'MES MIN SL6 - 1' (Ticks),
7/26/2026 9:57:21 PM,Position,Instrument='MES SEP26' Account='Sim102' Average price=0 Quantity=0 Market position=Flat Operation=Remove,
7/26/2026 9:57:21 PM,Execution,Execution='7e814bc8aeb34dbda24266bfe6500489' Instrument='MES SEP26' Account='Sim102' Exchange=Default Price=7506 Quantity=7 Market position=Short Operation=Operation_Add Order='e54ddbdf9c80497ca0db4aafd7b3414d' Time='7/26/2026 9:57 PM',
7/26/2026 9:57:21 PM,Order,Order='e54ddbdf9c80497ca0db4aafd7b3414d/Sim102' Name='Close' New state='Filled' Instrument='MES SEP26' Action='Sell' Limit price=0 Stop price=0 Quantity=13 Type='Market' Time in force=DAY Oco='' Filled=13 Fill price=7506.1153846153848 Error='No error' Native error='',
7/26/2026 9:57:21 PM,Position,Instrument='MES SEP26' Account='Sim102' Average price=7506.5 Quantity=7 Market position=Long Operation=Update,
7/26/2026 9:57:21 PM,Execution,Execution='9c92c67553104200900f79f6caa28fbe' Instrument='MES SEP26' Account='Sim102' Exchange=Default Price=7506.25 Quantity=6 Market position=Short Operation=Operation_Add Order='e54ddbdf9c80497ca0db4aafd7b3414d' Time='7/26/2026 9:57 PM',
7/26/2026 9:57:21 PM,Order,Order='e54ddbdf9c80497ca0db4aafd7b3414d/Sim102' Name='Close' New state='Partially filled' Instrument='MES SEP26' Action='Sell' Limit price=0 Stop price=0 Quantity=13 Type='Market' Time in force=DAY Oco='' Filled=6 Fill price=7506.25 Error='No error' Native error='',
7/26/2026 9:57:21 PM,Order,Order='e54ddbdf9c80497ca0db4aafd7b3414d/Sim102' Name='Close' New state='Working' Instrument='MES SEP26' Action='Sell' Limit price=0 Stop price=0 Quantity=13 Type='Market' Time in force=DAY Oco='' Filled=0 Fill price=0 Error='No error' Native error='',
7/26/2026 9:57:21 PM,Order,Order='e54ddbdf9c80497ca0db4aafd7b3414d/Sim102' Name='Close' New state='Accepted' Instrument='MES SEP26' Action='Sell' Limit price=0 Stop price=0 Quantity=13 Type='Market' Time in force=DAY Oco='' Filled=0 Fill price=0 Error='No error' Native error='',
7/26/2026 9:57:20 PM,Order,Order='e54ddbdf9c80497ca0db4aafd7b3414d/Sim102' Name='Close' New state='Submitted' Instrument='MES SEP26' Action='Sell' Limit price=0 Stop price=0 Quantity=13 Type='Market' Time in force=DAY Oco='' Filled=0 Fill price=0 Error='No error' Native error='',
7/26/2026 9:57:20 PM,Order,Order='c186273bb91044428d0dd20090cc7c53/Sim102' Name='Target2' New state='Cancelled' Instrument='MES SEP26' Action='Sell' Limit price=7509.5 Stop price=0 Quantity=7 Type='Limit' Time in force=GTC Oco='e0984138899f4c799cf46cdda697fc78' Filled=0 Fill price=0 Error='No error' Native error='',
7/26/2026 9:57:20 PM,Order,Order='b4d7933d10ea4f9ca9811417b17da7e6/Sim102' Name='Stop2' New state='Cancelled' Instrument='MES SEP26' Action='Sell' Limit price=0 Stop price=7500.5 Quantity=7 Type='Stop Market' Time in force=GTC Oco='e0984138899f4c799cf46cdda697fc78' Filled=0 Fill price=0 Error='No error' Native error='',
7/26/2026 9:57:20 PM,Order,Order='f7f72c024d474d55af2f6755f51d2a21/Sim102' Name='Target1' New state='Cancelled' Instrument='MES SEP26' Action='Sell' Limit price=7509 Stop price=0 Quantity=6 Type='Limit' Time in force=GTC Oco='456996a127314ebcb8e3d4d0bcd79121' Filled=0 Fill price=0 Error='No error' Native error='',
7/26/2026 9:57:20 PM,Order,Order='2a901059908b48ad8927c2499cf5775a/Sim102' Name='Stop1' New state='Cancelled' Instrument='MES SEP26' Action='Sell' Limit price=0 Stop price=7500.5 Quantity=6 Type='Stop Market' Time in force=GTC Oco='456996a127314ebcb8e3d4d0bcd79121' Filled=0 Fill price=0 Error='No error' Native error='',
7/26/2026 9:57:20 PM,Order,Order='b4d7933d10ea4f9ca9811417b17da7e6/Sim102' Name='Stop2' New state='Cancel submitted' Instrument='MES SEP26' Action='Sell' Limit price=0 Stop price=7500.5 Quantity=7 Type='Stop Market' Time in force=GTC Oco='e0984138899f4c799cf46cdda697fc78' Filled=0 Fill price=0 Error='No error' Native error='',
7/26/2026 9:57:20 PM,Order,Order='2a901059908b48ad8927c2499cf5775a/Sim102' Name='Stop1' New state='Cancel submitted' Instrument='MES SEP26' Action='Sell' Limit price=0 Stop price=7500.5 Quantity=6 Type='Stop Market' Time in force=GTC Oco='456996a127314ebcb8e3d4d0bcd79121' Filled=0 Fill price=0 Error='No error' Native error='',
7/26/2026 9:57:20 PM,Order,Order='c186273bb91044428d0dd20090cc7c53/Sim102' Name='Target2' New state='Cancel submitted' Instrument='MES SEP26' Action='Sell' Limit price=7509.5 Stop price=0 Quantity=7 Type='Limit' Time in force=GTC Oco='e0984138899f4c799cf46cdda697fc78' Filled=0 Fill price=0 Error='No error' Native error='',
7/26/2026 9:57:20 PM,Order,Order='f7f72c024d474d55af2f6755f51d2a21/Sim102' Name='Target1' New state='Cancel submitted' Instrument='MES SEP26' Action='Sell' Limit price=7509 Stop price=0 Quantity=6 Type='Limit' Time in force=GTC Oco='456996a127314ebcb8e3d4d0bcd79121' Filled=0 Fill price=0 Error='No error' Native error='',
7/26/2026 9:57:20 PM,Default,Chart Trader close position,
7/26/2026 9:57:18 PM,Order,Order='c186273bb91044428d0dd20090cc7c53/Sim102' Name='Target2' New state='Working' Instrument='MES SEP26' Action='Sell' Limit price=7509.5 Stop price=0 Quantity=7 Type='Limit' Time in force=GTC Oco='e0984138899f4c799cf46cdda697fc78' Filled=0 Fill price=0 Error='No error' Native error='',
7/26/2026 9:57:18 PM,Order,Order='c186273bb91044428d0dd20090cc7c53/Sim102' Name='Target2' New state='Accepted' Instrument='MES SEP26' Action='Sell' Limit price=7509.5 Stop price=0 Quantity=7 Type='Limit' Time in force=GTC Oco='e0984138899f4c799cf46cdda697fc78' Filled=0 Fill price=0 Error='No error' Native error='',
7/26/2026 9:57:18 PM,Order,Order='b4d7933d10ea4f9ca9811417b17da7e6/Sim102' Name='Stop2' New state='Accepted' Instrument='MES SEP26' Action='Sell' Limit price=0 Stop price=7500.5 Quantity=7 Type='Stop Market' Time in force=GTC Oco='e0984138899f4c799cf46cdda697fc78' Filled=0 Fill price=0 Error='No error' Native error='',
7/26/2026 9:57:18 PM,Order,Order='f7f72c024d474d55af2f6755f51d2a21/Sim102' Name='Target1' New state='Working' Instrument='MES SEP26' Action='Sell' Limit price=7509 Stop price=0 Quantity=6 Type='Limit' Time in force=GTC Oco='456996a127314ebcb8e3d4d0bcd79121' Filled=0 Fill price=0 Error='No error' Native error='',
7/26/2026 9:57:18 PM,Order,Order='f7f72c024d474d55af2f6755f51d2a21/Sim102' Name='Target1' New state='Accepted' Instrument='MES SEP26' Action='Sell' Limit price=7509 Stop price=0 Quantity=6 Type='Limit' Time in force=GTC Oco='456996a127314ebcb8e3d4d0bcd79121' Filled=0 Fill price=0 Error='No error' Native error='',
7/26/2026 9:57:18 PM,Order,Order='2a901059908b48ad8927c2499cf5775a/Sim102' Name='Stop1' New state='Accepted' Instrument='MES SEP26' Action='Sell' Limit price=0 Stop price=7500.5 Quantity=6 Type='Stop Market' Time in force=GTC Oco='456996a127314ebcb8e3d4d0bcd79121' Filled=0 Fill price=0 Error='No error' Native error='',
7/26/2026 9:57:18 PM,Order,Order='c186273bb91044428d0dd20090cc7c53/Sim102' Name='Target2' New state='Submitted' Instrument='MES SEP26' Action='Sell' Limit price=7509.5 Stop price=0 Quantity=7 Type='Limit' Time in force=GTC Oco='e0984138899f4c799cf46cdda697fc78' Filled=0 Fill price=0 Error='No error' Native error='',
7/26/2026 9:57:18 PM,Order,Order='b4d7933d10ea4f9ca9811417b17da7e6/Sim102' Name='Stop2' New state='Submitted' Instrument='MES SEP26' Action='Sell' Limit price=0 Stop price=7500.5 Quantity=7 Type='Stop Market' Time in force=GTC Oco='e0984138899f4c799cf46cdda697fc78' Filled=0 Fill price=0 Error='No error' Native error='',
7/26/2026 9:57:18 PM,Order,Order='f7f72c024d474d55af2f6755f51d2a21/Sim102' Name='Target1' New state='Submitted' Instrument='MES SEP26' Action='Sell' Limit price=7509 Stop price=0 Quantity=6 Type='Limit' Time in force=GTC Oco='456996a127314ebcb8e3d4d0bcd79121' Filled=0 Fill price=0 Error='No error' Native error='',
7/26/2026 9:57:18 PM,Order,Order='2a901059908b48ad8927c2499cf5775a/Sim102' Name='Stop1' New state='Submitted' Instrument='MES SEP26' Action='Sell' Limit price=0 Stop price=7500.5 Quantity=6 Type='Stop Market' Time in force=GTC Oco='456996a127314ebcb8e3d4d0bcd79121' Filled=0 Fill price=0 Error='No error' Native error='',
7/26/2026 9:57:18 PM,Position,Instrument='MES SEP26' Account='Sim102' Average price=7506.5 Quantity=13 Market position=Long Operation=Operation_Add,
7/26/2026 9:57:18 PM,Execution,Execution='58687ebfe5a349c088a0c14219e09c19' Instrument='MES SEP26' Account='Sim102' Exchange=Default Price=7506.5 Quantity=13 Market position=Long Operation=Operation_Add Order='607cac46a153461dbbca17c2bc6db3d5' Time='7/26/2026 9:57 PM',
7/26/2026 9:57:18 PM,Order,Order='607cac46a153461dbbca17c2bc6db3d5/Sim102' Name='Entry' New state='Filled' Instrument='MES SEP26' Action='Buy' Limit price=0 Stop price=0 Quantity=13 Type='Market' Time in force=GTC Oco='' Filled=13 Fill price=7506.5 Error='No error' Native error='',
7/26/2026 9:57:18 PM,Order,Order='607cac46a153461dbbca17c2bc6db3d5/Sim102' Name='Entry' New state='Working' Instrument='MES SEP26' Action='Buy' Limit price=0 Stop price=0 Quantity=13 Type='Market' Time in force=GTC Oco='' Filled=0 Fill price=0 Error='No error' Native error='',
7/26/2026 9:57:18 PM,Order,Order='607cac46a153461dbbca17c2bc6db3d5/Sim102' Name='Entry' New state='Accepted' Instrument='MES SEP26' Action='Buy' Limit price=0 Stop price=0 Quantity=13 Type='Market' Time in force=GTC Oco='' Filled=0 Fill price=0 Error='No error' Native error='',
7/26/2026 9:57:18 PM,Order,Order='607cac46a153461dbbca17c2bc6db3d5/Sim102' Name='Entry' New state='Submitted' Instrument='MES SEP26' Action='Buy' Limit price=0 Stop price=0 Quantity=13 Type='Market' Time in force=GTC Oco='' Filled=0 Fill price=0 Error='No error' Native error='',
7/26/2026 9:57:18 PM,Order,Chart Trader submitting order with strategy 'MES MIN SL6 - 1' (Ticks),
7/26/2026 9:56:34 PM,Order,Order='6b6a8a423f764f09be6e0df17abe8cb0/Sim101' Name='PTT-BE-Target-2' New state='Cancelled' Instrument='MES SEP26' Action='Sell' Limit price=7509.5 Stop price=0 Quantity=6 Type='Limit' Time in force=GTC Oco='PTT-BE-Sim1-2252' Filled=0 Fill price=0 Error='No error' Native error='',
7/26/2026 9:56:34 PM,Order,Order='05aacb52dc2741cfa09d3195efbb7066/Sim101' Name='PTT-BE-Target-1' New state='Cancelled' Instrument='MES SEP26' Action='Sell' Limit price=7509 Stop price=0 Quantity=5 Type='Limit' Time in force=GTC Oco='PTT-BE-Sim1-2252' Filled=0 Fill price=0 Error='No error' Native error='',
7/26/2026 9:56:34 PM,Position,Instrument='MES SEP26' Account='Sim101' Average price=0 Quantity=0 Market position=Flat Operation=Remove,
7/26/2026 9:56:34 PM,Order,Order='6b6a8a423f764f09be6e0df17abe8cb0/Sim101' Name='PTT-BE-Target-2' New state='Cancel submitted' Instrument='MES SEP26' Action='Sell' Limit price=7509.5 Stop price=0 Quantity=6 Type='Limit' Time in force=GTC Oco='PTT-BE-Sim1-2252' Filled=0 Fill price=0 Error='No error' Native error='',
7/26/2026 9:56:34 PM,Order,Order='6b6a8a423f764f09be6e0df17abe8cb0/Sim101' Name='PTT-BE-Target-2' New state='Accepted' Instrument='MES SEP26' Action='Sell' Limit price=7509.5 Stop price=0 Quantity=6 Type='Limit' Time in force=GTC Oco='PTT-BE-Sim1-2252' Filled=0 Fill price=0 Error='No error' Native error='',
7/26/2026 9:56:34 PM,Order,Order='05aacb52dc2741cfa09d3195efbb7066/Sim101' Name='PTT-BE-Target-1' New state='Cancel submitted' Instrument='MES SEP26' Action='Sell' Limit price=7509 Stop price=0 Quantity=5 Type='Limit' Time in force=GTC Oco='PTT-BE-Sim1-2252' Filled=0 Fill price=0 Error='No error' Native error='',
7/26/2026 9:56:34 PM,Order,Order='05aacb52dc2741cfa09d3195efbb7066/Sim101' Name='PTT-BE-Target-1' New state='Accepted' Instrument='MES SEP26' Action='Sell' Limit price=7509 Stop price=0 Quantity=5 Type='Limit' Time in force=GTC Oco='PTT-BE-Sim1-2252' Filled=0 Fill price=0 Error='No error' Native error='',
7/26/2026 9:56:34 PM,Execution,Execution='7af0cbc79ec44c99aa795e6014019a63' Instrument='MES SEP26' Account='Sim101' Exchange=Default Price=7506.5 Quantity=10 Market position=Short Operation=Operation_Add Order='fd212e4051d9443c9eb1a1d8fd6954b4' Time='7/26/2026 9:56 PM',
7/26/2026 9:56:34 PM,Order,Order='fd212e4051d9443c9eb1a1d8fd6954b4/Sim101' Name='PTT-BE-Stop' New state='Filled' Instrument='MES SEP26' Action='Sell' Limit price=0 Stop price=7506.75 Quantity=13 Type='Stop Market' Time in force=DAY Oco='PTT-BE-Sim1-2252' Filled=13 Fill price=7506.5576923076924 Error='No error' Native error='',
7/26/2026 9:56:34 PM,Position,Instrument='MES SEP26' Account='Sim101' Average price=7506.5 Quantity=10 Market position=Long Operation=Update,
7/26/2026 9:56:34 PM,Execution,Execution='7a79b4790aef4b22a8a169ee67f30f5d' Instrument='MES SEP26' Account='Sim101' Exchange=Default Price=7506.75 Quantity=3 Market position=Short Operation=Operation_Add Order='fd212e4051d9443c9eb1a1d8fd6954b4' Time='7/26/2026 9:56 PM',
7/26/2026 9:56:34 PM,Order,Order='6b6a8a423f764f09be6e0df17abe8cb0/Sim101' Name='PTT-BE-Target-2' New state='Change submitted' Instrument='MES SEP26' Action='Sell' Limit price=7509.5 Stop price=0 Quantity=6 Type='Limit' Time in force=GTC Oco='PTT-BE-Sim1-2252' Filled=0 Fill price=0 Error='No error' Native error='',
7/26/2026 9:56:34 PM,Order,Order='05aacb52dc2741cfa09d3195efbb7066/Sim101' Name='PTT-BE-Target-1' New state='Change submitted' Instrument='MES SEP26' Action='Sell' Limit price=7509 Stop price=0 Quantity=5 Type='Limit' Time in force=GTC Oco='PTT-BE-Sim1-2252' Filled=0 Fill price=0 Error='No error' Native error='',
7/26/2026 9:56:34 PM,Order,Order='fd212e4051d9443c9eb1a1d8fd6954b4/Sim101' Name='PTT-BE-Stop' New state='Partially filled' Instrument='MES SEP26' Action='Sell' Limit price=0 Stop price=7506.75 Quantity=13 Type='Stop Market' Time in force=DAY Oco='PTT-BE-Sim1-2252' Filled=3 Fill price=7506.75 Error='No error' Native error='',
7/26/2026 9:56:34 PM,Order,Order='fd212e4051d9443c9eb1a1d8fd6954b4/Sim101' Name='PTT-BE-Stop' New state='Working' Instrument='MES SEP26' Action='Sell' Limit price=0 Stop price=7506.75 Quantity=13 Type='Stop Market' Time in force=DAY Oco='PTT-BE-Sim1-2252' Filled=0 Fill price=0 Error='No error' Native error='',
7/26/2026 9:56:32 PM,Order,Order='6b6a8a423f764f09be6e0df17abe8cb0/Sim101' Name='PTT-BE-Target-2' New state='Working' Instrument='MES SEP26' Action='Sell' Limit price=7509.5 Stop price=0 Quantity=7 Type='Limit' Time in force=GTC Oco='PTT-BE-Sim1-2252' Filled=0 Fill price=0 Error='No error' Native error='',
7/26/2026 9:56:32 PM,Order,Order='6b6a8a423f764f09be6e0df17abe8cb0/Sim101' Name='PTT-BE-Target-2' New state='Accepted' Instrument='MES SEP26' Action='Sell' Limit price=7509.5 Stop price=0 Quantity=7 Type='Limit' Time in force=GTC Oco='PTT-BE-Sim1-2252' Filled=0 Fill price=0 Error='No error' Native error='',
7/26/2026 9:56:32 PM,Order,Order='05aacb52dc2741cfa09d3195efbb7066/Sim101' Name='PTT-BE-Target-1' New state='Working' Instrument='MES SEP26' Action='Sell' Limit price=7509 Stop price=0 Quantity=6 Type='Limit' Time in force=GTC Oco='PTT-BE-Sim1-2252' Filled=0 Fill price=0 Error='No error' Native error='',
7/26/2026 9:56:32 PM,Order,Order='05aacb52dc2741cfa09d3195efbb7066/Sim101' Name='PTT-BE-Target-1' New state='Accepted' Instrument='MES SEP26' Action='Sell' Limit price=7509 Stop price=0 Quantity=6 Type='Limit' Time in force=GTC Oco='PTT-BE-Sim1-2252' Filled=0 Fill price=0 Error='No error' Native error='',
7/26/2026 9:56:32 PM,Order,Order='4cdb0de491ad4d52a905ccb73053f8e1/Sim101' Name='Stop2' New state='Cancelled' Instrument='MES SEP26' Action='Sell' Limit price=0 Stop price=7500.5 Quantity=7 Type='Stop Market' Time in force=GTC Oco='d152ca089fe74c628220569471aa0eda' Filled=0 Fill price=0 Error='No error' Native error='',
7/26/2026 9:56:32 PM,Order,Order='71fbcc120b7d4ad58b56c363f0d2c6ad/Sim101' Name='Stop1' New state='Cancelled' Instrument='MES SEP26' Action='Sell' Limit price=0 Stop price=7500.5 Quantity=6 Type='Stop Market' Time in force=GTC Oco='9c455396cc19468ea15053944dd43c26' Filled=0 Fill price=0 Error='No error' Native error='',
7/26/2026 9:56:32 PM,Order,Order='ef5e67c5cdb74f30b84d31dcc10b9d64/Sim101' Name='Target2' New state='Cancelled' Instrument='MES SEP26' Action='Sell' Limit price=7509.5 Stop price=0 Quantity=7 Type='Limit' Time in force=GTC Oco='d152ca089fe74c628220569471aa0eda' Filled=0 Fill price=0 Error='No error' Native error='',
7/26/2026 9:56:32 PM,Order,Order='fd212e4051d9443c9eb1a1d8fd6954b4/Sim101' Name='PTT-BE-Stop' New state='Accepted' Instrument='MES SEP26' Action='Sell' Limit price=0 Stop price=7506.75 Quantity=13 Type='Stop Market' Time in force=DAY Oco='PTT-BE-Sim1-2252' Filled=0 Fill price=0 Error='No error' Native error='',
7/26/2026 9:56:32 PM,Order,Order='d7148b55e08a49e8860df662ecc79e26/Sim101' Name='Target1' New state='Cancelled' Instrument='MES SEP26' Action='Sell' Limit price=7509 Stop price=0 Quantity=6 Type='Limit' Time in force=GTC Oco='9c455396cc19468ea15053944dd43c26' Filled=0 Fill price=0 Error='No error' Native error='',
7/26/2026 9:56:32 PM,Order,Order='6b6a8a423f764f09be6e0df17abe8cb0/Sim101' Name='PTT-BE-Target-2' New state='Submitted' Instrument='MES SEP26' Action='Sell' Limit price=7509.5 Stop price=0 Quantity=7 Type='Limit' Time in force=GTC Oco='PTT-BE-Sim1-2252' Filled=0 Fill price=0 Error='No error' Native error='',
7/26/2026 9:56:32 PM,Order,Order='05aacb52dc2741cfa09d3195efbb7066/Sim101' Name='PTT-BE-Target-1' New state='Submitted' Instrument='MES SEP26' Action='Sell' Limit price=7509 Stop price=0 Quantity=6 Type='Limit' Time in force=GTC Oco='PTT-BE-Sim1-2252' Filled=0 Fill price=0 Error='No error' Native error='',
7/26/2026 9:56:32 PM,Order,Order='fd212e4051d9443c9eb1a1d8fd6954b4/Sim101' Name='PTT-BE-Stop' New state='Submitted' Instrument='MES SEP26' Action='Sell' Limit price=0 Stop price=7506.75 Quantity=13 Type='Stop Market' Time in force=DAY Oco='PTT-BE-Sim1-2252' Filled=0 Fill price=0 Error='No error' Native error='',
7/26/2026 9:56:32 PM,Order,Order='4cdb0de491ad4d52a905ccb73053f8e1/Sim101' Name='Stop2' New state='Cancel submitted' Instrument='MES SEP26' Action='Sell' Limit price=0 Stop price=7500.5 Quantity=7 Type='Stop Market' Time in force=GTC Oco='d152ca089fe74c628220569471aa0eda' Filled=0 Fill price=0 Error='No error' Native error='',
7/26/2026 9:56:32 PM,Order,Order='71fbcc120b7d4ad58b56c363f0d2c6ad/Sim101' Name='Stop1' New state='Cancel submitted' Instrument='MES SEP26' Action='Sell' Limit price=0 Stop price=7500.5 Quantity=6 Type='Stop Market' Time in force=GTC Oco='9c455396cc19468ea15053944dd43c26' Filled=0 Fill price=0 Error='No error' Native error='',
7/26/2026 9:56:32 PM,Order,Order='ef5e67c5cdb74f30b84d31dcc10b9d64/Sim101' Name='Target2' New state='Cancel submitted' Instrument='MES SEP26' Action='Sell' Limit price=7509.5 Stop price=0 Quantity=7 Type='Limit' Time in force=GTC Oco='d152ca089fe74c628220569471aa0eda' Filled=0 Fill price=0 Error='No error' Native error='',
7/26/2026 9:56:32 PM,Order,Order='d7148b55e08a49e8860df662ecc79e26/Sim101' Name='Target1' New state='Cancel submitted' Instrument='MES SEP26' Action='Sell' Limit price=7509 Stop price=0 Quantity=6 Type='Limit' Time in force=GTC Oco='9c455396cc19468ea15053944dd43c26' Filled=0 Fill price=0 Error='No error' Native error='',
7/26/2026 9:56:15 PM,Position,Instrument='MES SEP26' Account='Sim102' Average price=0 Quantity=0 Market position=Flat Operation=Remove,
7/26/2026 9:56:15 PM,Order,Order='6612667ac34f4a63abd41f403d0bdf35/Sim102' Name='PTT-BE-Target-1' New state='Cancelled' Instrument='MES SEP26' Action='Buy to cover' Limit price=7503.75 Stop price=0 Quantity=6 Type='Limit' Time in force=GTC Oco='PTT-BE-Sim1-1546' Filled=0 Fill price=0 Error='No error' Native error='',
7/26/2026 9:56:15 PM,Order,Order='2a07a2dea5e24ab4a80dcceb25bcce0e/Sim102' Name='PTT-BE-Target-2' New state='Cancelled' Instrument='MES SEP26' Action='Buy to cover' Limit price=7503.25 Stop price=0 Quantity=7 Type='Limit' Time in force=GTC Oco='PTT-BE-Sim1-1546' Filled=0 Fill price=0 Error='No error' Native error='',
7/26/2026 9:56:15 PM,Execution,Execution='d13e52c40d374db395672a77737152bd' Instrument='MES SEP26' Account='Sim102' Exchange=Default Price=7506 Quantity=13 Market position=Long Operation=Operation_Add Order='581e3828bd974e1a98d0d1b5bc632445' Time='7/26/2026 9:56 PM',
7/26/2026 9:56:15 PM,Order,Order='6612667ac34f4a63abd41f403d0bdf35/Sim102' Name='PTT-BE-Target-1' New state='Cancel submitted' Instrument='MES SEP26' Action='Buy to cover' Limit price=7503.75 Stop price=0 Quantity=6 Type='Limit' Time in force=GTC Oco='PTT-BE-Sim1-1546' Filled=0 Fill price=0 Error='No error' Native error='',
7/26/2026 9:56:15 PM,Order,Order='2a07a2dea5e24ab4a80dcceb25bcce0e/Sim102' Name='PTT-BE-Target-2' New state='Cancel submitted' Instrument='MES SEP26' Action='Buy to cover' Limit price=7503.25 Stop price=0 Quantity=7 Type='Limit' Time in force=GTC Oco='PTT-BE-Sim1-1546' Filled=0 Fill price=0 Error='No error' Native error='',
7/26/2026 9:56:15 PM,Order,Order='581e3828bd974e1a98d0d1b5bc632445/Sim102' Name='PTT-BE-Stop' New state='Filled' Instrument='MES SEP26' Action='Buy to cover' Limit price=0 Stop price=7506 Quantity=13 Type='Stop Market' Time in force=DAY Oco='PTT-BE-Sim1-1546' Filled=13 Fill price=7506 Error='No error' Native error='',
7/26/2026 9:56:15 PM,Order,Order='581e3828bd974e1a98d0d1b5bc632445/Sim102' Name='PTT-BE-Stop' New state='Working' Instrument='MES SEP26' Action='Buy to cover' Limit price=0 Stop price=7506 Quantity=13 Type='Stop Market' Time in force=DAY Oco='PTT-BE-Sim1-1546' Filled=0 Fill price=0 Error='No error' Native error='',
7/26/2026 9:56:03 PM,Order,Order='2a07a2dea5e24ab4a80dcceb25bcce0e/Sim102' Name='PTT-BE-Target-2' New state='Working' Instrument='MES SEP26' Action='Buy to cover' Limit price=7503.25 Stop price=0 Quantity=7 Type='Limit' Time in force=GTC Oco='PTT-BE-Sim1-1546' Filled=0 Fill price=0 Error='No error' Native error='',
7/26/2026 9:56:03 PM,Order,Order='2a07a2dea5e24ab4a80dcceb25bcce0e/Sim102' Name='PTT-BE-Target-2' New state='Accepted' Instrument='MES SEP26' Action='Buy to cover' Limit price=7503.25 Stop price=0 Quantity=7 Type='Limit' Time in force=GTC Oco='PTT-BE-Sim1-1546' Filled=0 Fill price=0 Error='No error' Native error='',
7/26/2026 9:56:03 PM,Order,Order='6612667ac34f4a63abd41f403d0bdf35/Sim102' Name='PTT-BE-Target-1' New state='Working' Instrument='MES SEP26' Action='Buy to cover' Limit price=7503.75 Stop price=0 Quantity=6 Type='Limit' Time in force=GTC Oco='PTT-BE-Sim1-1546' Filled=0 Fill price=0 Error='No error' Native error='',
7/26/2026 9:56:03 PM,Order,Order='6612667ac34f4a63abd41f403d0bdf35/Sim102' Name='PTT-BE-Target-1' New state='Accepted' Instrument='MES SEP26' Action='Buy to cover' Limit price=7503.75 Stop price=0 Quantity=6 Type='Limit' Time in force=GTC Oco='PTT-BE-Sim1-1546' Filled=0 Fill price=0 Error='No error' Native error='',
7/26/2026 9:56:03 PM,Order,Order='c04ee14aefcb41b09e93fd63038a7fda/Sim102' Name='Stop2' New state='Cancelled' Instrument='MES SEP26' Action='Buy to cover' Limit price=0 Stop price=7512.25 Quantity=7 Type='Stop Market' Time in force=GTC Oco='2193ddc5b6cc413493251e42e5b47fbf' Filled=0 Fill price=0 Error='No error' Native error='',
7/26/2026 9:56:03 PM,Order,Order='e9736336e36e42d0b427898e9d77fa40/Sim102' Name='Stop1' New state='Cancelled' Instrument='MES SEP26' Action='Buy to cover' Limit price=0 Stop price=7512.25 Quantity=6 Type='Stop Market' Time in force=GTC Oco='8b61f170ccab4939a8a6dbd3b6bf9457' Filled=0 Fill price=0 Error='No error' Native error='',
7/26/2026 9:56:03 PM,Order,Order='e13c4d387b264418b9d115a49eabd04a/Sim102' Name='Target2' New state='Cancelled' Instrument='MES SEP26' Action='Buy to cover' Limit price=7503.25 Stop price=0 Quantity=7 Type='Limit' Time in force=GTC Oco='2193ddc5b6cc413493251e42e5b47fbf' Filled=0 Fill price=0 Error='No error' Native error='',
7/26/2026 9:56:03 PM,Order,Order='581e3828bd974e1a98d0d1b5bc632445/Sim102' Name='PTT-BE-Stop' New state='Accepted' Instrument='MES SEP26' Action='Buy to cover' Limit price=0 Stop price=7506 Quantity=13 Type='Stop Market' Time in force=DAY Oco='PTT-BE-Sim1-1546' Filled=0 Fill price=0 Error='No error' Native error='',
7/26/2026 9:56:03 PM,Order,Order='8091981985504623af775ba10287ef05/Sim102' Name='Target1' New state='Cancelled' Instrument='MES SEP26' Action='Buy to cover' Limit price=7503.75 Stop price=0 Quantity=6 Type='Limit' Time in force=GTC Oco='8b61f170ccab4939a8a6dbd3b6bf9457' Filled=0 Fill price=0 Error='No error' Native error='',
7/26/2026 9:56:03 PM,Order,Order='2a07a2dea5e24ab4a80dcceb25bcce0e/Sim102' Name='PTT-BE-Target-2' New state='Submitted' Instrument='MES SEP26' Action='Buy to cover' Limit price=7503.25 Stop price=0 Quantity=7 Type='Limit' Time in force=GTC Oco='PTT-BE-Sim1-1546' Filled=0 Fill price=0 Error='No error' Native error='',
7/26/2026 9:56:03 PM,Order,Order='6612667ac34f4a63abd41f403d0bdf35/Sim102' Name='PTT-BE-Target-1' New state='Submitted' Instrument='MES SEP26' Action='Buy to cover' Limit price=7503.75 Stop price=0 Quantity=6 Type='Limit' Time in force=GTC Oco='PTT-BE-Sim1-1546' Filled=0 Fill price=0 Error='No error' Native error='',
7/26/2026 9:56:03 PM,Order,Order='581e3828bd974e1a98d0d1b5bc632445/Sim102' Name='PTT-BE-Stop' New state='Submitted' Instrument='MES SEP26' Action='Buy to cover' Limit price=0 Stop price=7506 Quantity=13 Type='Stop Market' Time in force=DAY Oco='PTT-BE-Sim1-1546' Filled=0 Fill price=0 Error='No error' Native error='',
7/26/2026 9:56:03 PM,Order,Order='c04ee14aefcb41b09e93fd63038a7fda/Sim102' Name='Stop2' New state='Cancel submitted' Instrument='MES SEP26' Action='Buy to cover' Limit price=0 Stop price=7512.25 Quantity=7 Type='Stop Market' Time in force=GTC Oco='2193ddc5b6cc413493251e42e5b47fbf' Filled=0 Fill price=0 Error='No error' Native error='',
7/26/2026 9:56:03 PM,Order,Order='e9736336e36e42d0b427898e9d77fa40/Sim102' Name='Stop1' New state='Cancel submitted' Instrument='MES SEP26' Action='Buy to cover' Limit price=0 Stop price=7512.25 Quantity=6 Type='Stop Market' Time in force=GTC Oco='8b61f170ccab4939a8a6dbd3b6bf9457' Filled=0 Fill price=0 Error='No error' Native error='',
7/26/2026 9:56:03 PM,Order,Order='e13c4d387b264418b9d115a49eabd04a/Sim102' Name='Target2' New state='Cancel submitted' Instrument='MES SEP26' Action='Buy to cover' Limit price=7503.25 Stop price=0 Quantity=7 Type='Limit' Time in force=GTC Oco='2193ddc5b6cc413493251e42e5b47fbf' Filled=0 Fill price=0 Error='No error' Native error='',
7/26/2026 9:56:03 PM,Order,Order='8091981985504623af775ba10287ef05/Sim102' Name='Target1' New state='Cancel submitted' Instrument='MES SEP26' Action='Buy to cover' Limit price=7503.75 Stop price=0 Quantity=6 Type='Limit' Time in force=GTC Oco='8b61f170ccab4939a8a6dbd3b6bf9457' Filled=0 Fill price=0 Error='No error' Native error='',
7/26/2026 9:55:12 PM,Order,Order='ef5e67c5cdb74f30b84d31dcc10b9d64/Sim101' Name='Target2' New state='Working' Instrument='MES SEP26' Action='Sell' Limit price=7509.5 Stop price=0 Quantity=7 Type='Limit' Time in force=GTC Oco='d152ca089fe74c628220569471aa0eda' Filled=0 Fill price=0 Error='No error' Native error='',
7/26/2026 9:55:12 PM,Order,Order='ef5e67c5cdb74f30b84d31dcc10b9d64/Sim101' Name='Target2' New state='Accepted' Instrument='MES SEP26' Action='Sell' Limit price=7509.5 Stop price=0 Quantity=7 Type='Limit' Time in force=GTC Oco='d152ca089fe74c628220569471aa0eda' Filled=0 Fill price=0 Error='No error' Native error='',
7/26/2026 9:55:12 PM,Order,Order='4cdb0de491ad4d52a905ccb73053f8e1/Sim101' Name='Stop2' New state='Accepted' Instrument='MES SEP26' Action='Sell' Limit price=0 Stop price=7500.5 Quantity=7 Type='Stop Market' Time in force=GTC Oco='d152ca089fe74c628220569471aa0eda' Filled=0 Fill price=0 Error='No error' Native error='',
7/26/2026 9:55:12 PM,Order,Order='d7148b55e08a49e8860df662ecc79e26/Sim101' Name='Target1' New state='Working' Instrument='MES SEP26' Action='Sell' Limit price=7509 Stop price=0 Quantity=6 Type='Limit' Time in force=GTC Oco='9c455396cc19468ea15053944dd43c26' Filled=0 Fill price=0 Error='No error' Native error='',
7/26/2026 9:55:12 PM,Order,Order='d7148b55e08a49e8860df662ecc79e26/Sim101' Name='Target1' New state='Accepted' Instrument='MES SEP26' Action='Sell' Limit price=7509 Stop price=0 Quantity=6 Type='Limit' Time in force=GTC Oco='9c455396cc19468ea15053944dd43c26' Filled=0 Fill price=0 Error='No error' Native error='',
7/26/2026 9:55:12 PM,Order,Order='71fbcc120b7d4ad58b56c363f0d2c6ad/Sim101' Name='Stop1' New state='Accepted' Instrument='MES SEP26' Action='Sell' Limit price=0 Stop price=7500.5 Quantity=6 Type='Stop Market' Time in force=GTC Oco='9c455396cc19468ea15053944dd43c26' Filled=0 Fill price=0 Error='No error' Native error='',
7/26/2026 9:55:11 PM,Order,Order='ef5e67c5cdb74f30b84d31dcc10b9d64/Sim101' Name='Target2' New state='Submitted' Instrument='MES SEP26' Action='Sell' Limit price=7509.5 Stop price=0 Quantity=7 Type='Limit' Time in force=GTC Oco='d152ca089fe74c628220569471aa0eda' Filled=0 Fill price=0 Error='No error' Native error='',
7/26/2026 9:55:11 PM,Order,Order='4cdb0de491ad4d52a905ccb73053f8e1/Sim101' Name='Stop2' New state='Submitted' Instrument='MES SEP26' Action='Sell' Limit price=0 Stop price=7500.5 Quantity=7 Type='Stop Market' Time in force=GTC Oco='d152ca089fe74c628220569471aa0eda' Filled=0 Fill price=0 Error='No error' Native error='',
7/26/2026 9:55:11 PM,Order,Order='d7148b55e08a49e8860df662ecc79e26/Sim101' Name='Target1' New state='Submitted' Instrument='MES SEP26' Action='Sell' Limit price=7509 Stop price=0 Quantity=6 Type='Limit' Time in force=GTC Oco='9c455396cc19468ea15053944dd43c26' Filled=0 Fill price=0 Error='No error' Native error='',
7/26/2026 9:55:11 PM,Order,Order='71fbcc120b7d4ad58b56c363f0d2c6ad/Sim101' Name='Stop1' New state='Submitted' Instrument='MES SEP26' Action='Sell' Limit price=0 Stop price=7500.5 Quantity=6 Type='Stop Market' Time in force=GTC Oco='9c455396cc19468ea15053944dd43c26' Filled=0 Fill price=0 Error='No error' Native error='',
7/26/2026 9:55:11 PM,Position,Instrument='MES SEP26' Account='Sim101' Average price=7506.5 Quantity=13 Market position=Long Operation=Operation_Add,
7/26/2026 9:55:11 PM,Execution,Execution='5a80827afa8b48ca9d76f172626dae04' Instrument='MES SEP26' Account='Sim101' Exchange=Default Price=7506.5 Quantity=13 Market position=Long Operation=Operation_Add Order='9f59e391254242b19a180ddb3a94dde5' Time='7/26/2026 9:55 PM',
7/26/2026 9:55:11 PM,Order,Order='9f59e391254242b19a180ddb3a94dde5/Sim101' Name='Entry' New state='Filled' Instrument='MES SEP26' Action='Buy' Limit price=0 Stop price=0 Quantity=13 Type='Market' Time in force=GTC Oco='' Filled=13 Fill price=7506.5 Error='No error' Native error='',
7/26/2026 9:55:11 PM,Order,Order='9f59e391254242b19a180ddb3a94dde5/Sim101' Name='Entry' New state='Working' Instrument='MES SEP26' Action='Buy' Limit price=0 Stop price=0 Quantity=13 Type='Market' Time in force=GTC Oco='' Filled=0 Fill price=0 Error='No error' Native error='',
7/26/2026 9:55:11 PM,Order,Order='9f59e391254242b19a180ddb3a94dde5/Sim101' Name='Entry' New state='Accepted' Instrument='MES SEP26' Action='Buy' Limit price=0 Stop price=0 Quantity=13 Type='Market' Time in force=GTC Oco='' Filled=0 Fill price=0 Error='No error' Native error='',
7/26/2026 9:55:11 PM,Order,Order='9f59e391254242b19a180ddb3a94dde5/Sim101' Name='Entry' New state='Submitted' Instrument='MES SEP26' Action='Buy' Limit price=0 Stop price=0 Quantity=13 Type='Market' Time in force=GTC Oco='' Filled=0 Fill price=0 Error='No error' Native error='',
7/26/2026 9:55:11 PM,Order,Chart Trader submitting order with strategy 'MES MIN SL6 - 2' (Ticks),
7/26/2026 9:55:10 PM,Order,Order='e13c4d387b264418b9d115a49eabd04a/Sim102' Name='Target2' New state='Working' Instrument='MES SEP26' Action='Buy to cover' Limit price=7503.25 Stop price=0 Quantity=7 Type='Limit' Time in force=GTC Oco='2193ddc5b6cc413493251e42e5b47fbf' Filled=0 Fill price=0 Error='No error' Native error='',
7/26/2026 9:55:10 PM,Order,Order='e13c4d387b264418b9d115a49eabd04a/Sim102' Name='Target2' New state='Accepted' Instrument='MES SEP26' Action='Buy to cover' Limit price=7503.25 Stop price=0 Quantity=7 Type='Limit' Time in force=GTC Oco='2193ddc5b6cc413493251e42e5b47fbf' Filled=0 Fill price=0 Error='No error' Native error='',
7/26/2026 9:55:10 PM,Order,Order='8091981985504623af775ba10287ef05/Sim102' Name='Target1' New state='Working' Instrument='MES SEP26' Action='Buy to cover' Limit price=7503.75 Stop price=0 Quantity=6 Type='Limit' Time in force=GTC Oco='8b61f170ccab4939a8a6dbd3b6bf9457' Filled=0 Fill price=0 Error='No error' Native error='',
7/26/2026 9:55:10 PM,Order,Order='c04ee14aefcb41b09e93fd63038a7fda/Sim102' Name='Stop2' New state='Accepted' Instrument='MES SEP26' Action='Buy to cover' Limit price=0 Stop price=7512.25 Quantity=7 Type='Stop Market' Time in force=GTC Oco='2193ddc5b6cc413493251e42e5b47fbf' Filled=0 Fill price=0 Error='No error' Native error='',
7/26/2026 9:55:10 PM,Order,Order='e9736336e36e42d0b427898e9d77fa40/Sim102' Name='Stop1' New state='Accepted' Instrument='MES SEP26' Action='Buy to cover' Limit price=0 Stop price=7512.25 Quantity=6 Type='Stop Market' Time in force=GTC Oco='8b61f170ccab4939a8a6dbd3b6bf9457' Filled=0 Fill price=0 Error='No error' Native error='',
7/26/2026 9:55:10 PM,Order,Order='8091981985504623af775ba10287ef05/Sim102' Name='Target1' New state='Accepted' Instrument='MES SEP26' Action='Buy to cover' Limit price=7503.75 Stop price=0 Quantity=6 Type='Limit' Time in force=GTC Oco='8b61f170ccab4939a8a6dbd3b6bf9457' Filled=0 Fill price=0 Error='No error' Native error='',
7/26/2026 9:55:10 PM,Order,Order='e13c4d387b264418b9d115a49eabd04a/Sim102' Name='Target2' New state='Submitted' Instrument='MES SEP26' Action='Buy to cover' Limit price=7503.25 Stop price=0 Quantity=7 Type='Limit' Time in force=GTC Oco='2193ddc5b6cc413493251e42e5b47fbf' Filled=0 Fill price=0 Error='No error' Native error='',
7/26/2026 9:55:10 PM,Order,Order='c04ee14aefcb41b09e93fd63038a7fda/Sim102' Name='Stop2' New state='Submitted' Instrument='MES SEP26' Action='Buy to cover' Limit price=0 Stop price=7512.25 Quantity=7 Type='Stop Market' Time in force=GTC Oco='2193ddc5b6cc413493251e42e5b47fbf' Filled=0 Fill price=0 Error='No error' Native error='',
7/26/2026 9:55:10 PM,Order,Order='8091981985504623af775ba10287ef05/Sim102' Name='Target1' New state='Submitted' Instrument='MES SEP26' Action='Buy to cover' Limit price=7503.75 Stop price=0 Quantity=6 Type='Limit' Time in force=GTC Oco='8b61f170ccab4939a8a6dbd3b6bf9457' Filled=0 Fill price=0 Error='No error' Native error='',
7/26/2026 9:55:10 PM,Order,Order='e9736336e36e42d0b427898e9d77fa40/Sim102' Name='Stop1' New state='Submitted' Instrument='MES SEP26' Action='Buy to cover' Limit price=0 Stop price=7512.25 Quantity=6 Type='Stop Market' Time in force=GTC Oco='8b61f170ccab4939a8a6dbd3b6bf9457' Filled=0 Fill price=0 Error='No error' Native error='',
7/26/2026 9:55:10 PM,Position,Instrument='MES SEP26' Account='Sim102' Average price=7506.1923076923076 Quantity=13 Market position=Short Operation=Update,
7/26/2026 9:55:10 PM,Execution,Execution='08530b5009d649b7b6aac96b649fc4ad' Instrument='MES SEP26' Account='Sim102' Exchange=Default Price=7506 Quantity=3 Market position=Short Operation=Operation_Add Order='593ec0b941de4731a3c528076a78b224' Time='7/26/2026 9:55 PM',
7/26/2026 9:55:10 PM,Order,Order='593ec0b941de4731a3c528076a78b224/Sim102' Name='Entry' New state='Filled' Instrument='MES SEP26' Action='Sell' Limit price=0 Stop price=0 Quantity=13 Type='Market' Time in force=GTC Oco='' Filled=13 Fill price=7506.1923076923076 Error='No error' Native error='',
7/26/2026 9:55:10 PM,Position,Instrument='MES SEP26' Account='Sim102' Average price=7506.25 Quantity=10 Market position=Short Operation=Operation_Add,
7/26/2026 9:55:10 PM,Execution,Execution='53822efddbeb4a01860334ff9de34a09' Instrument='MES SEP26' Account='Sim102' Exchange=Default Price=7506.25 Quantity=10 Market position=Short Operation=Operation_Add Order='593ec0b941de4731a3c528076a78b224' Time='7/26/2026 9:55 PM',
7/26/2026 9:55:10 PM,Order,Order='593ec0b941de4731a3c528076a78b224/Sim102' Name='Entry' New state='Partially filled' Instrument='MES SEP26' Action='Sell' Limit price=0 Stop price=0 Quantity=13 Type='Market' Time in force=GTC Oco='' Filled=10 Fill price=7506.25 Error='No error' Native error='',
7/26/2026 9:55:10 PM,Order,Order='593ec0b941de4731a3c528076a78b224/Sim102' Name='Entry' New state='Working' Instrument='MES SEP26' Action='Sell' Limit price=0 Stop price=0 Quantity=13 Type='Market' Time in force=GTC Oco='' Filled=0 Fill price=0 Error='No error' Native error='',
7/26/2026 9:55:10 PM,Order,Order='593ec0b941de4731a3c528076a78b224/Sim102' Name='Entry' New state='Accepted' Instrument='MES SEP26' Action='Sell' Limit price=0 Stop price=0 Quantity=13 Type='Market' Time in force=GTC Oco='' Filled=0 Fill price=0 Error='No error' Native error='',
7/26/2026 9:55:10 PM,Order,Order='593ec0b941de4731a3c528076a78b224/Sim102' Name='Entry' New state='Submitted' Instrument='MES SEP26' Action='Sell' Limit price=0 Stop price=0 Quantity=13 Type='Market' Time in force=GTC Oco='' Filled=0 Fill price=0 Error='No error' Native error='',
7/26/2026 9:55:10 PM,Order,Chart Trader submitting order with strategy 'MES MIN SL6 - 1' (Ticks),
7/26/2026 9:55:07 PM,Position,Instrument='MES SEP26' Account='Sim102' Average price=0 Quantity=0 Market position=Flat Operation=Remove,
7/26/2026 9:55:07 PM,Execution,Execution='1775c80cb0c3490fb3831b6de549f061' Instrument='MES SEP26' Account='Sim102' Exchange=Default Price=7506.75 Quantity=6 Market position=Long Operation=Operation_Add Order='f3a3076fa1714d9abf07bad79d62c9bf' Time='7/26/2026 9:55 PM',
7/26/2026 9:55:07 PM,Order,Order='f3a3076fa1714d9abf07bad79d62c9bf/Sim102' Name='Close' New state='Filled' Instrument='MES SEP26' Action='Buy to cover' Limit price=0 Stop price=0 Quantity=13 Type='Market' Time in force=DAY Oco='' Filled=13 Fill price=7506.6153846153848 Error='No error' Native error='',
7/26/2026 9:55:07 PM,Position,Instrument='MES SEP26' Account='Sim102' Average price=7504.5 Quantity=6 Market position=Short Operation=Update,
7/26/2026 9:55:07 PM,Execution,Execution='cc2e789b15584f89b9e924d64472776f' Instrument='MES SEP26' Account='Sim102' Exchange=Default Price=7506.5 Quantity=7 Market position=Long Operation=Operation_Add Order='f3a3076fa1714d9abf07bad79d62c9bf' Time='7/26/2026 9:55 PM',
7/26/2026 9:55:07 PM,Order,Order='f3a3076fa1714d9abf07bad79d62c9bf/Sim102' Name='Close' New state='Working' Instrument='MES SEP26' Action='Buy to cover' Limit price=0 Stop price=0 Quantity=13 Type='Market' Time in force=DAY Oco='' Filled=0 Fill price=0 Error='No error' Native error='',
7/26/2026 9:55:07 PM,Order,Order='f3a3076fa1714d9abf07bad79d62c9bf/Sim102' Name='Close' New state='Partially filled' Instrument='MES SEP26' Action='Buy to cover' Limit price=0 Stop price=0 Quantity=13 Type='Market' Time in force=DAY Oco='' Filled=7 Fill price=7506.5 Error='No error' Native error='',
7/26/2026 9:55:07 PM,Order,Order='f3a3076fa1714d9abf07bad79d62c9bf/Sim102' Name='Close' New state='Accepted' Instrument='MES SEP26' Action='Buy to cover' Limit price=0 Stop price=0 Quantity=13 Type='Market' Time in force=DAY Oco='' Filled=0 Fill price=0 Error='No error' Native error='',
7/26/2026 9:55:07 PM,Order,Order='f3a3076fa1714d9abf07bad79d62c9bf/Sim102' Name='Close' New state='Submitted' Instrument='MES SEP26' Action='Buy to cover' Limit price=0 Stop price=0 Quantity=13 Type='Market' Time in force=DAY Oco='' Filled=0 Fill price=0 Error='No error' Native error='',
7/26/2026 9:55:07 PM,Order,Order='8d0887e1127249e9b37cdca9519f1de0/Sim102' Name='Stop1' New state='Cancelled' Instrument='MES SEP26' Action='Buy to cover' Limit price=0 Stop price=7510.5 Quantity=6 Type='Stop Market' Time in force=GTC Oco='eb426a00d6c9403e986cb091e4865f6e' Filled=0 Fill price=0 Error='No error' Native error='',
7/26/2026 9:55:07 PM,Order,Order='dabf232679cf4e3cb7a8104894006208/Sim102' Name='Target2' New state='Cancelled' Instrument='MES SEP26' Action='Buy to cover' Limit price=7501.5 Stop price=0 Quantity=7 Type='Limit' Time in force=GTC Oco='9d941b14bec24529842aae272be1b3a7' Filled=0 Fill price=0 Error='No error' Native error='',
7/26/2026 9:55:07 PM,Order,Order='c36b3b4963f64cc89357534e277e5a12/Sim102' Name='Target1' New state='Cancelled' Instrument='MES SEP26' Action='Buy to cover' Limit price=7502 Stop price=0 Quantity=6 Type='Limit' Time in force=GTC Oco='eb426a00d6c9403e986cb091e4865f6e' Filled=0 Fill price=0 Error='No error' Native error='',
7/26/2026 9:55:07 PM,Order,Order='6467a6fb6e904c63a893157ba4efaf4f/Sim102' Name='Stop2' New state='Cancelled' Instrument='MES SEP26' Action='Buy to cover' Limit price=0 Stop price=7510.5 Quantity=7 Type='Stop Market' Time in force=GTC Oco='9d941b14bec24529842aae272be1b3a7' Filled=0 Fill price=0 Error='No error' Native error='',
7/26/2026 9:55:07 PM,Order,Order='6467a6fb6e904c63a893157ba4efaf4f/Sim102' Name='Stop2' New state='Cancel submitted' Instrument='MES SEP26' Action='Buy to cover' Limit price=0 Stop price=7510.5 Quantity=7 Type='Stop Market' Time in force=GTC Oco='9d941b14bec24529842aae272be1b3a7' Filled=0 Fill price=0 Error='No error' Native error='',
7/26/2026 9:55:07 PM,Order,Order='8d0887e1127249e9b37cdca9519f1de0/Sim102' Name='Stop1' New state='Cancel submitted' Instrument='MES SEP26' Action='Buy to cover' Limit price=0 Stop price=7510.5 Quantity=6 Type='Stop Market' Time in force=GTC Oco='eb426a00d6c9403e986cb091e4865f6e' Filled=0 Fill price=0 Error='No error' Native error='',
7/26/2026 9:55:07 PM,Order,Order='dabf232679cf4e3cb7a8104894006208/Sim102' Name='Target2' New state='Cancel submitted' Instrument='MES SEP26' Action='Buy to cover' Limit price=7501.5 Stop price=0 Quantity=7 Type='Limit' Time in force=GTC Oco='9d941b14bec24529842aae272be1b3a7' Filled=0 Fill price=0 Error='No error' Native error='',
7/26/2026 9:55:07 PM,Order,Order='c36b3b4963f64cc89357534e277e5a12/Sim102' Name='Target1' New state='Cancel submitted' Instrument='MES SEP26' Action='Buy to cover' Limit price=7502 Stop price=0 Quantity=6 Type='Limit' Time in force=GTC Oco='eb426a00d6c9403e986cb091e4865f6e' Filled=0 Fill price=0 Error='No error' Native error='',
7/26/2026 9:55:07 PM,Default,Chart Trader close position,
7/26/2026 9:51:32 PM,Position,Instrument='MES SEP26' Account='Sim101' Average price=0 Quantity=0 Market position=Flat Operation=Remove,
7/26/2026 9:51:32 PM,Order,Order='bd32c5b605534dac828e2cf1be92cd55/Sim101' Name='PTT-BE-Target-1' New state='Cancelled' Instrument='MES SEP26' Action='Sell' Limit price=7507 Stop price=0 Quantity=6 Type='Limit' Time in force=GTC Oco='PTT-BE-Sim1-241' Filled=0 Fill price=0 Error='No error' Native error='',
7/26/2026 9:51:32 PM,Order,Order='889788b2afbf4f458ff669eedbf3c0b9/Sim101' Name='PTT-BE-Target-2' New state='Cancelled' Instrument='MES SEP26' Action='Sell' Limit price=7507.5 Stop price=0 Quantity=7 Type='Limit' Time in force=GTC Oco='PTT-BE-Sim1-241' Filled=0 Fill price=0 Error='No error' Native error='',
7/26/2026 9:51:32 PM,Execution,Execution='67822a67da6448f0a7f1d9aaa15e279f' Instrument='MES SEP26' Account='Sim101' Exchange=Default Price=7504.75 Quantity=13 Market position=Short Operation=Operation_Add Order='3b0e0d9dce8c4df681424a61d70ca720' Time='7/26/2026 9:51 PM',
7/26/2026 9:51:32 PM,Order,Order='bd32c5b605534dac828e2cf1be92cd55/Sim101' Name='PTT-BE-Target-1' New state='Cancel submitted' Instrument='MES SEP26' Action='Sell' Limit price=7507 Stop price=0 Quantity=6 Type='Limit' Time in force=GTC Oco='PTT-BE-Sim1-241' Filled=0 Fill price=0 Error='No error' Native error='',
7/26/2026 9:51:32 PM,Order,Order='889788b2afbf4f458ff669eedbf3c0b9/Sim101' Name='PTT-BE-Target-2' New state='Cancel submitted' Instrument='MES SEP26' Action='Sell' Limit price=7507.5 Stop price=0 Quantity=7 Type='Limit' Time in force=GTC Oco='PTT-BE-Sim1-241' Filled=0 Fill price=0 Error='No error' Native error='',
7/26/2026 9:51:32 PM,Order,Order='3b0e0d9dce8c4df681424a61d70ca720/Sim101' Name='PTT-BE-Stop' New state='Filled' Instrument='MES SEP26' Action='Sell' Limit price=0 Stop price=7504.75 Quantity=13 Type='Stop Market' Time in force=DAY Oco='PTT-BE-Sim1-241' Filled=13 Fill price=7504.75 Error='No error' Native error='',
7/26/2026 9:51:32 PM,Order,Order='3b0e0d9dce8c4df681424a61d70ca720/Sim101' Name='PTT-BE-Stop' New state='Working' Instrument='MES SEP26' Action='Sell' Limit price=0 Stop price=7504.75 Quantity=13 Type='Stop Market' Time in force=DAY Oco='PTT-BE-Sim1-241' Filled=0 Fill price=0 Error='No error' Native error='',
7/26/2026 9:51:28 PM,Order,Order='889788b2afbf4f458ff669eedbf3c0b9/Sim101' Name='PTT-BE-Target-2' New state='Working' Instrument='MES SEP26' Action='Sell' Limit price=7507.5 Stop price=0 Quantity=7 Type='Limit' Time in force=GTC Oco='PTT-BE-Sim1-241' Filled=0 Fill price=0 Error='No error' Native error='',
7/26/2026 9:51:28 PM,Order,Order='889788b2afbf4f458ff669eedbf3c0b9/Sim101' Name='PTT-BE-Target-2' New state='Accepted' Instrument='MES SEP26' Action='Sell' Limit price=7507.5 Stop price=0 Quantity=7 Type='Limit' Time in force=GTC Oco='PTT-BE-Sim1-241' Filled=0 Fill price=0 Error='No error' Native error='',
7/26/2026 9:51:28 PM,Order,Order='397bb786aa6b4303bd7a8896b73981b2/Sim101' Name='Stop2' New state='Cancelled' Instrument='MES SEP26' Action='Sell' Limit price=0 Stop price=7498.5 Quantity=7 Type='Stop Market' Time in force=GTC Oco='1a15e6927b8a4d30960ff87e16e569db' Filled=0 Fill price=0 Error='No error' Native error='',
7/26/2026 9:51:28 PM,Order,Order='d593d92021cd4e6a977361934870ac0d/Sim101' Name='Stop1' New state='Cancelled' Instrument='MES SEP26' Action='Sell' Limit price=0 Stop price=7498.5 Quantity=6 Type='Stop Market' Time in force=GTC Oco='282c73a9ea9342c3beafbd63b8cd8521' Filled=0 Fill price=0 Error='No error' Native error='',
7/26/2026 9:51:28 PM,Order,Order='104e0d8792ae4812a8afc3bb6feaf9d4/Sim101' Name='Target2' New state='Cancelled' Instrument='MES SEP26' Action='Sell' Limit price=7507.5 Stop price=0 Quantity=7 Type='Limit' Time in force=GTC Oco='1a15e6927b8a4d30960ff87e16e569db' Filled=0 Fill price=0 Error='No error' Native error='',
7/26/2026 9:51:28 PM,Order,Order='bd32c5b605534dac828e2cf1be92cd55/Sim101' Name='PTT-BE-Target-1' New state='Working' Instrument='MES SEP26' Action='Sell' Limit price=7507 Stop price=0 Quantity=6 Type='Limit' Time in force=GTC Oco='PTT-BE-Sim1-241' Filled=0 Fill price=0 Error='No error' Native error='',
7/26/2026 9:51:28 PM,Order,Order='bd32c5b605534dac828e2cf1be92cd55/Sim101' Name='PTT-BE-Target-1' New state='Accepted' Instrument='MES SEP26' Action='Sell' Limit price=7507 Stop price=0 Quantity=6 Type='Limit' Time in force=GTC Oco='PTT-BE-Sim1-241' Filled=0 Fill price=0 Error='No error' Native error='',
7/26/2026 9:51:28 PM,Order,Order='05216c8f051342cab43a1ed933fc9137/Sim101' Name='Target1' New state='Cancelled' Instrument='MES SEP26' Action='Sell' Limit price=7507 Stop price=0 Quantity=6 Type='Limit' Time in force=GTC Oco='282c73a9ea9342c3beafbd63b8cd8521' Filled=0 Fill price=0 Error='No error' Native error='',
7/26/2026 9:51:28 PM,Order,Order='3b0e0d9dce8c4df681424a61d70ca720/Sim101' Name='PTT-BE-Stop' New state='Accepted' Instrument='MES SEP26' Action='Sell' Limit price=0 Stop price=7504.75 Quantity=13 Type='Stop Market' Time in force=DAY Oco='PTT-BE-Sim1-241' Filled=0 Fill price=0 Error='No error' Native error='',
7/26/2026 9:51:28 PM,Order,Order='889788b2afbf4f458ff669eedbf3c0b9/Sim101' Name='PTT-BE-Target-2' New state='Submitted' Instrument='MES SEP26' Action='Sell' Limit price=7507.5 Stop price=0 Quantity=7 Type='Limit' Time in force=GTC Oco='PTT-BE-Sim1-241' Filled=0 Fill price=0 Error='No error' Native error='',
7/26/2026 9:51:28 PM,Order,Order='bd32c5b605534dac828e2cf1be92cd55/Sim101' Name='PTT-BE-Target-1' New state='Submitted' Instrument='MES SEP26' Action='Sell' Limit price=7507 Stop price=0 Quantity=6 Type='Limit' Time in force=GTC Oco='PTT-BE-Sim1-241' Filled=0 Fill price=0 Error='No error' Native error='',
7/26/2026 9:51:28 PM,Order,Order='3b0e0d9dce8c4df681424a61d70ca720/Sim101' Name='PTT-BE-Stop' New state='Submitted' Instrument='MES SEP26' Action='Sell' Limit price=0 Stop price=7504.75 Quantity=13 Type='Stop Market' Time in force=DAY Oco='PTT-BE-Sim1-241' Filled=0 Fill price=0 Error='No error' Native error='',
7/26/2026 9:51:28 PM,Order,Order='397bb786aa6b4303bd7a8896b73981b2/Sim101' Name='Stop2' New state='Cancel submitted' Instrument='MES SEP26' Action='Sell' Limit price=0 Stop price=7498.5 Quantity=7 Type='Stop Market' Time in force=GTC Oco='1a15e6927b8a4d30960ff87e16e569db' Filled=0 Fill price=0 Error='No error' Native error='',
7/26/2026 9:51:28 PM,Order,Order='d593d92021cd4e6a977361934870ac0d/Sim101' Name='Stop1' New state='Cancel submitted' Instrument='MES SEP26' Action='Sell' Limit price=0 Stop price=7498.5 Quantity=6 Type='Stop Market' Time in force=GTC Oco='282c73a9ea9342c3beafbd63b8cd8521' Filled=0 Fill price=0 Error='No error' Native error='',
7/26/2026 9:51:28 PM,Order,Order='104e0d8792ae4812a8afc3bb6feaf9d4/Sim101' Name='Target2' New state='Cancel submitted' Instrument='MES SEP26' Action='Sell' Limit price=7507.5 Stop price=0 Quantity=7 Type='Limit' Time in force=GTC Oco='1a15e6927b8a4d30960ff87e16e569db' Filled=0 Fill price=0 Error='No error' Native error='',
7/26/2026 9:51:28 PM,Order,Order='05216c8f051342cab43a1ed933fc9137/Sim101' Name='Target1' New state='Cancel submitted' Instrument='MES SEP26' Action='Sell' Limit price=7507 Stop price=0 Quantity=6 Type='Limit' Time in force=GTC Oco='282c73a9ea9342c3beafbd63b8cd8521' Filled=0 Fill price=0 Error='No error' Native error='',
7/26/2026 9:51:00 PM,Order,Order='dabf232679cf4e3cb7a8104894006208/Sim102' Name='Target2' New state='Working' Instrument='MES SEP26' Action='Buy to cover' Limit price=7501.5 Stop price=0 Quantity=7 Type='Limit' Time in force=GTC Oco='9d941b14bec24529842aae272be1b3a7' Filled=0 Fill price=0 Error='No error' Native error='',
7/26/2026 9:51:00 PM,Order,Order='dabf232679cf4e3cb7a8104894006208/Sim102' Name='Target2' New state='Accepted' Instrument='MES SEP26' Action='Buy to cover' Limit price=7501.5 Stop price=0 Quantity=7 Type='Limit' Time in force=GTC Oco='9d941b14bec24529842aae272be1b3a7' Filled=0 Fill price=0 Error='No error' Native error='',
7/26/2026 9:51:00 PM,Order,Order='6467a6fb6e904c63a893157ba4efaf4f/Sim102' Name='Stop2' New state='Accepted' Instrument='MES SEP26' Action='Buy to cover' Limit price=0 Stop price=7510.5 Quantity=7 Type='Stop Market' Time in force=GTC Oco='9d941b14bec24529842aae272be1b3a7' Filled=0 Fill price=0 Error='No error' Native error='',
7/26/2026 9:51:00 PM,Order,Order='c36b3b4963f64cc89357534e277e5a12/Sim102' Name='Target1' New state='Working' Instrument='MES SEP26' Action='Buy to cover' Limit price=7502 Stop price=0 Quantity=6 Type='Limit' Time in force=GTC Oco='eb426a00d6c9403e986cb091e4865f6e' Filled=0 Fill price=0 Error='No error' Native error='',
7/26/2026 9:51:00 PM,Order,Order='c36b3b4963f64cc89357534e277e5a12/Sim102' Name='Target1' New state='Accepted' Instrument='MES SEP26' Action='Buy to cover' Limit price=7502 Stop price=0 Quantity=6 Type='Limit' Time in force=GTC Oco='eb426a00d6c9403e986cb091e4865f6e' Filled=0 Fill price=0 Error='No error' Native error='',
7/26/2026 9:51:00 PM,Order,Order='8d0887e1127249e9b37cdca9519f1de0/Sim102' Name='Stop1' New state='Accepted' Instrument='MES SEP26' Action='Buy to cover' Limit price=0 Stop price=7510.5 Quantity=6 Type='Stop Market' Time in force=GTC Oco='eb426a00d6c9403e986cb091e4865f6e' Filled=0 Fill price=0 Error='No error' Native error='',
7/26/2026 9:51:00 PM,Order,Order='dabf232679cf4e3cb7a8104894006208/Sim102' Name='Target2' New state='Submitted' Instrument='MES SEP26' Action='Buy to cover' Limit price=7501.5 Stop price=0 Quantity=7 Type='Limit' Time in force=GTC Oco='9d941b14bec24529842aae272be1b3a7' Filled=0 Fill price=0 Error='No error' Native error='',
7/26/2026 9:51:00 PM,Order,Order='6467a6fb6e904c63a893157ba4efaf4f/Sim102' Name='Stop2' New state='Submitted' Instrument='MES SEP26' Action='Buy to cover' Limit price=0 Stop price=7510.5 Quantity=7 Type='Stop Market' Time in force=GTC Oco='9d941b14bec24529842aae272be1b3a7' Filled=0 Fill price=0 Error='No error' Native error='',
7/26/2026 9:51:00 PM,Order,Order='c36b3b4963f64cc89357534e277e5a12/Sim102' Name='Target1' New state='Submitted' Instrument='MES SEP26' Action='Buy to cover' Limit price=7502 Stop price=0 Quantity=6 Type='Limit' Time in force=GTC Oco='eb426a00d6c9403e986cb091e4865f6e' Filled=0 Fill price=0 Error='No error' Native error='',
7/26/2026 9:51:00 PM,Order,Order='8d0887e1127249e9b37cdca9519f1de0/Sim102' Name='Stop1' New state='Submitted' Instrument='MES SEP26' Action='Buy to cover' Limit price=0 Stop price=7510.5 Quantity=6 Type='Stop Market' Time in force=GTC Oco='eb426a00d6c9403e986cb091e4865f6e' Filled=0 Fill price=0 Error='No error' Native error='',
7/26/2026 9:51:00 PM,Position,Instrument='MES SEP26' Account='Sim102' Average price=7504.5 Quantity=13 Market position=Short Operation=Operation_Add,
7/26/2026 9:51:00 PM,Execution,Execution='435d7d96e9924576b835d162df80bd3e' Instrument='MES SEP26' Account='Sim102' Exchange=Default Price=7504.5 Quantity=13 Market position=Short Operation=Operation_Add Order='9fce7dee45ef4dc39c5eab9bb2544f30' Time='7/26/2026 9:51 PM',
7/26/2026 9:51:00 PM,Order,Order='9fce7dee45ef4dc39c5eab9bb2544f30/Sim102' Name='Entry' New state='Filled' Instrument='MES SEP26' Action='Sell' Limit price=0 Stop price=0 Quantity=13 Type='Market' Time in force=GTC Oco='' Filled=13 Fill price=7504.5 Error='No error' Native error='',
7/26/2026 9:51:00 PM,Order,Order='9fce7dee45ef4dc39c5eab9bb2544f30/Sim102' Name='Entry' New state='Working' Instrument='MES SEP26' Action='Sell' Limit price=0 Stop price=0 Quantity=13 Type='Market' Time in force=GTC Oco='' Filled=0 Fill price=0 Error='No error' Native error='',
7/26/2026 9:51:00 PM,Order,Order='9fce7dee45ef4dc39c5eab9bb2544f30/Sim102' Name='Entry' New state='Accepted' Instrument='MES SEP26' Action='Sell' Limit price=0 Stop price=0 Quantity=13 Type='Market' Time in force=GTC Oco='' Filled=0 Fill price=0 Error='No error' Native error='',
7/26/2026 9:51:00 PM,Order,Order='9fce7dee45ef4dc39c5eab9bb2544f30/Sim102' Name='Entry' New state='Submitted' Instrument='MES SEP26' Action='Sell' Limit price=0 Stop price=0 Quantity=13 Type='Market' Time in force=GTC Oco='' Filled=0 Fill price=0 Error='No error' Native error='',
7/26/2026 9:51:00 PM,Order,Chart Trader submitting order with strategy 'MES MIN SL6 - 2' (Ticks),
7/26/2026 9:51:00 PM,Order,Order='104e0d8792ae4812a8afc3bb6feaf9d4/Sim101' Name='Target2' New state='Accepted' Instrument='MES SEP26' Action='Sell' Limit price=7507.5 Stop price=0 Quantity=7 Type='Limit' Time in force=GTC Oco='1a15e6927b8a4d30960ff87e16e569db' Filled=0 Fill price=0 Error='No error' Native error='',
7/26/2026 9:51:00 PM,Order,Order='104e0d8792ae4812a8afc3bb6feaf9d4/Sim101' Name='Target2' New state='Working' Instrument='MES SEP26' Action='Sell' Limit price=7507.5 Stop price=0 Quantity=7 Type='Limit' Time in force=GTC Oco='1a15e6927b8a4d30960ff87e16e569db' Filled=0 Fill price=0 Error='No error' Native error='',
7/26/2026 9:51:00 PM,Order,Order='397bb786aa6b4303bd7a8896b73981b2/Sim101' Name='Stop2' New state='Accepted' Instrument='MES SEP26' Action='Sell' Limit price=0 Stop price=7498.5 Quantity=7 Type='Stop Market' Time in force=GTC Oco='1a15e6927b8a4d30960ff87e16e569db' Filled=0 Fill price=0 Error='No error' Native error='',
7/26/2026 9:51:00 PM,Order,Order='05216c8f051342cab43a1ed933fc9137/Sim101' Name='Target1' New state='Working' Instrument='MES SEP26' Action='Sell' Limit price=7507 Stop price=0 Quantity=6 Type='Limit' Time in force=GTC Oco='282c73a9ea9342c3beafbd63b8cd8521' Filled=0 Fill price=0 Error='No error' Native error='',
7/26/2026 9:51:00 PM,Order,Order='05216c8f051342cab43a1ed933fc9137/Sim101' Name='Target1' New state='Accepted' Instrument='MES SEP26' Action='Sell' Limit price=7507 Stop price=0 Quantity=6 Type='Limit' Time in force=GTC Oco='282c73a9ea9342c3beafbd63b8cd8521' Filled=0 Fill price=0 Error='No error' Native error='',
7/26/2026 9:51:00 PM,Order,Order='d593d92021cd4e6a977361934870ac0d/Sim101' Name='Stop1' New state='Accepted' Instrument='MES SEP26' Action='Sell' Limit price=0 Stop price=7498.5 Quantity=6 Type='Stop Market' Time in force=GTC Oco='282c73a9ea9342c3beafbd63b8cd8521' Filled=0 Fill price=0 Error='No error' Native error='',
7/26/2026 9:51:00 PM,Order,Order='104e0d8792ae4812a8afc3bb6feaf9d4/Sim101' Name='Target2' New state='Submitted' Instrument='MES SEP26' Action='Sell' Limit price=7507.5 Stop price=0 Quantity=7 Type='Limit' Time in force=GTC Oco='1a15e6927b8a4d30960ff87e16e569db' Filled=0 Fill price=0 Error='No error' Native error='',
7/26/2026 9:51:00 PM,Order,Order='397bb786aa6b4303bd7a8896b73981b2/Sim101' Name='Stop2' New state='Submitted' Instrument='MES SEP26' Action='Sell' Limit price=0 Stop price=7498.5 Quantity=7 Type='Stop Market' Time in force=GTC Oco='1a15e6927b8a4d30960ff87e16e569db' Filled=0 Fill price=0 Error='No error' Native error='',
7/26/2026 9:51:00 PM,Order,Order='05216c8f051342cab43a1ed933fc9137/Sim101' Name='Target1' New state='Submitted' Instrument='MES SEP26' Action='Sell' Limit price=7507 Stop price=0 Quantity=6 Type='Limit' Time in force=GTC Oco='282c73a9ea9342c3beafbd63b8cd8521' Filled=0 Fill price=0 Error='No error' Native error='',
7/26/2026 9:51:00 PM,Order,Order='d593d92021cd4e6a977361934870ac0d/Sim101' Name='Stop1' New state='Submitted' Instrument='MES SEP26' Action='Sell' Limit price=0 Stop price=7498.5 Quantity=6 Type='Stop Market' Time in force=GTC Oco='282c73a9ea9342c3beafbd63b8cd8521' Filled=0 Fill price=0 Error='No error' Native error='',
7/26/2026 9:51:00 PM,Position,Instrument='MES SEP26' Account='Sim101' Average price=7504.5192307692305 Quantity=13 Market position=Long Operation=Update,
7/26/2026 9:51:00 PM,Execution,Execution='1b0d9a619a054f4f8c7b2dd03efa8bfa' Instrument='MES SEP26' Account='Sim101' Exchange=Default Price=7504.75 Quantity=1 Market position=Long Operation=Operation_Add Order='5283d1daa31949b99e3aa56090b8a3ad' Time='7/26/2026 9:51 PM',
7/26/2026 9:51:00 PM,Order,Order='5283d1daa31949b99e3aa56090b8a3ad/Sim101' Name='Entry' New state='Filled' Instrument='MES SEP26' Action='Buy' Limit price=0 Stop price=0 Quantity=13 Type='Market' Time in force=GTC Oco='' Filled=13 Fill price=7504.5192307692305 Error='No error' Native error='',
7/26/2026 9:50:59 PM,Position,Instrument='MES SEP26' Account='Sim101' Average price=7504.5 Quantity=12 Market position=Long Operation=Operation_Add,
7/26/2026 9:50:59 PM,Execution,Execution='11c1f0628bcb420f8676ee732a61a3cf' Instrument='MES SEP26' Account='Sim101' Exchange=Default Price=7504.5 Quantity=12 Market position=Long Operation=Operation_Add Order='5283d1daa31949b99e3aa56090b8a3ad' Time='7/26/2026 9:50 PM',
7/26/2026 9:50:59 PM,Order,Order='5283d1daa31949b99e3aa56090b8a3ad/Sim101' Name='Entry' New state='Partially filled' Instrument='MES SEP26' Action='Buy' Limit price=0 Stop price=0 Quantity=13 Type='Market' Time in force=GTC Oco='' Filled=12 Fill price=7504.5 Error='No error' Native error='',
7/26/2026 9:50:59 PM,Order,Order='5283d1daa31949b99e3aa56090b8a3ad/Sim101' Name='Entry' New state='Working' Instrument='MES SEP26' Action='Buy' Limit price=0 Stop price=0 Quantity=13 Type='Market' Time in force=GTC Oco='' Filled=0 Fill price=0 Error='No error' Native error='',
7/26/2026 9:50:59 PM,Order,Order='5283d1daa31949b99e3aa56090b8a3ad/Sim101' Name='Entry' New state='Accepted' Instrument='MES SEP26' Action='Buy' Limit price=0 Stop price=0 Quantity=13 Type='Market' Time in force=GTC Oco='' Filled=0 Fill price=0 Error='No error' Native error='',
7/26/2026 9:50:59 PM,Order,Order='5283d1daa31949b99e3aa56090b8a3ad/Sim101' Name='Entry' New state='Submitted' Instrument='MES SEP26' Action='Buy' Limit price=0 Stop price=0 Quantity=13 Type='Market' Time in force=GTC Oco='' Filled=0 Fill price=0 Error='No error' Native error='',
7/26/2026 9:50:59 PM,Order,Chart Trader submitting order with strategy 'MES MIN SL6 - 1' (Ticks),
7/26/2026 9:42:38 PM,Connection,Using HDS (hds-us-nt-014.ninjatrader.com/31655),
7/26/2026 9:42:38 PM,Connection,Time to auto close position='12:00:00 AM' Enabled=False,
7/26/2026 9:42:37 PM,Connection,My Rithmic for NinjaTrader Brokerage: Primary connection=Connected Price feed=Connected,
7/26/2026 9:42:28 PM,Default,Restoring workspace 'Testing'...,
7/26/2026 9:42:22 PM,Default,Restoring workspace '3'...,
7/26/2026 9:42:20 PM,Default,Auto close enabled=False,
7/26/2026 9:42:20 PM,Order,Order entry hot keys disabled,
7/26/2026 9:42:20 PM,Connection,My Rithmic for NinjaTrader Brokerage: Primary connection=Connecting Price feed=Connecting,
7/26/2026 9:42:20 PM,Default,Auto connecting 'My Rithmic for NinjaTrader Brokerage'...,
7/26/2026 9:42:20 PM,Connection,Using IS (is-us-nt-006.ninjatrader.com/31658),
7/26/2026 9:42:20 PM,Default,Automated trading disabled,
7/26/2026 9:42:17 PM,Default,Global simulation mode disabled,
7/26/2026 9:41:59 PM,Default,Session Break (Version 8.1.7.2),
7/26/2026 8:54:47 PM,Connection,My Rithmic for NinjaTrader Brokerage: Primary connection=Disconnected Price feed=Disconnected,
7/26/2026 8:54:47 PM,Connection,My Rithmic for NinjaTrader Brokerage: Primary connection=Disconnecting Price feed=Disconnecting,
7/26/2026 8:54:46 PM,Default,Workspace Testing not saved,
7/26/2026 8:54:45 PM,Default,Workspace 3 not saved,
7/26/2026 7:46:45 PM,Order,Order='2fdf2e6388d0484bb88616a3c997d78d/Sim101' Name='PTT-BE-Target-1' New state='Cancelled' Instrument='MES SEP26' Action='Sell' Limit price=7503.75 Stop price=0 Quantity=1 Type='Limit' Time in force=GTC Oco='PTT-BE-Sim1-3625' Filled=0 Fill price=0 Error='No error' Native error='',
7/26/2026 7:46:45 PM,Order,Order='18b7d15bcf2240b8b997e3e8879a944e/Sim101' Name='PTT-BE-Target-2' New state='Cancelled' Instrument='MES SEP26' Action='Sell' Limit price=7504.25 Stop price=0 Quantity=2 Type='Limit' Time in force=GTC Oco='PTT-BE-Sim1-3625' Filled=0 Fill price=0 Error='No error' Native error='',
7/26/2026 7:46:45 PM,Position,Instrument='MES SEP26' Account='Sim101' Average price=0 Quantity=0 Market position=Flat Operation=Remove,
7/26/2026 7:46:45 PM,Order,Order='2fdf2e6388d0484bb88616a3c997d78d/Sim101' Name='PTT-BE-Target-1' New state='Cancel submitted' Instrument='MES SEP26' Action='Sell' Limit price=7503.75 Stop price=0 Quantity=1 Type='Limit' Time in force=GTC Oco='PTT-BE-Sim1-3625' Filled=0 Fill price=0 Error='No error' Native error='',
7/26/2026 7:46:45 PM,Order,Order='2fdf2e6388d0484bb88616a3c997d78d/Sim101' Name='PTT-BE-Target-1' New state='Accepted' Instrument='MES SEP26' Action='Sell' Limit price=7503.75 Stop price=0 Quantity=1 Type='Limit' Time in force=GTC Oco='PTT-BE-Sim1-3625' Filled=0 Fill price=0 Error='No error' Native error='',
7/26/2026 7:46:45 PM,Order,Order='18b7d15bcf2240b8b997e3e8879a944e/Sim101' Name='PTT-BE-Target-2' New state='Cancel submitted' Instrument='MES SEP26' Action='Sell' Limit price=7504.25 Stop price=0 Quantity=2 Type='Limit' Time in force=GTC Oco='PTT-BE-Sim1-3625' Filled=0 Fill price=0 Error='No error' Native error='',
7/26/2026 7:46:45 PM,Order,Order='18b7d15bcf2240b8b997e3e8879a944e/Sim101' Name='PTT-BE-Target-2' New state='Accepted' Instrument='MES SEP26' Action='Sell' Limit price=7504.25 Stop price=0 Quantity=2 Type='Limit' Time in force=GTC Oco='PTT-BE-Sim1-3625' Filled=0 Fill price=0 Error='No error' Native error='',
7/26/2026 7:46:45 PM,Order,Order='84482611feca4768825fb50e303a1274/Sim101' Name='PTT-BE-Stop' New state='Filled' Instrument='MES SEP26' Action='Sell' Limit price=0 Stop price=7501.25 Quantity=13 Type='Stop Market' Time in force=DAY Oco='PTT-BE-Sim1-3625' Filled=13 Fill price=7500.9615384615381 Error='No error' Native error='',
7/26/2026 7:46:45 PM,Execution,Execution='68fd8caefbc24c0e81cbb61ce3401485' Instrument='MES SEP26' Account='Sim101' Exchange=Default Price=7500.75 Quantity=2 Market position=Short Operation=Operation_Add Order='84482611feca4768825fb50e303a1274' Time='7/26/2026 7:46 PM',
7/26/2026 7:46:45 PM,Position,Instrument='MES SEP26' Account='Sim101' Average price=7501.25 Quantity=2 Market position=Long Operation=Update,
7/26/2026 7:46:45 PM,Order,Order='18b7d15bcf2240b8b997e3e8879a944e/Sim101' Name='PTT-BE-Target-2' New state='Change submitted' Instrument='MES SEP26' Action='Sell' Limit price=7504.25 Stop price=0 Quantity=2 Type='Limit' Time in force=GTC Oco='PTT-BE-Sim1-3625' Filled=0 Fill price=0 Error='No error' Native error='',
7/26/2026 7:46:45 PM,Execution,Execution='960e87a2767c4349a1fe9ea0ef2af90b' Instrument='MES SEP26' Account='Sim101' Exchange=Default Price=7501 Quantity=11 Market position=Short Operation=Operation_Add Order='84482611feca4768825fb50e303a1274' Time='7/26/2026 7:46 PM',
7/26/2026 7:46:45 PM,Order,Order='2fdf2e6388d0484bb88616a3c997d78d/Sim101' Name='PTT-BE-Target-1' New state='Change submitted' Instrument='MES SEP26' Action='Sell' Limit price=7503.75 Stop price=0 Quantity=1 Type='Limit' Time in force=GTC Oco='PTT-BE-Sim1-3625' Filled=0 Fill price=0 Error='No error' Native error='',
7/26/2026 7:46:45 PM,Order,Order='84482611feca4768825fb50e303a1274/Sim101' Name='PTT-BE-Stop' New state='Partially filled' Instrument='MES SEP26' Action='Sell' Limit price=0 Stop price=7501.25 Quantity=13 Type='Stop Market' Time in force=DAY Oco='PTT-BE-Sim1-3625' Filled=11 Fill price=7501 Error='No error' Native error='',
7/26/2026 7:46:45 PM,Order,Order='84482611feca4768825fb50e303a1274/Sim101' Name='PTT-BE-Stop' New state='Working' Instrument='MES SEP26' Action='Sell' Limit price=0 Stop price=7501.25 Quantity=13 Type='Stop Market' Time in force=DAY Oco='PTT-BE-Sim1-3625' Filled=0 Fill price=0 Error='No error' Native error='',
7/26/2026 7:46:07 PM,Order,Order='18b7d15bcf2240b8b997e3e8879a944e/Sim101' Name='PTT-BE-Target-2' New state='Working' Instrument='MES SEP26' Action='Sell' Limit price=7504.25 Stop price=0 Quantity=7 Type='Limit' Time in force=GTC Oco='PTT-BE-Sim1-3625' Filled=0 Fill price=0 Error='No error' Native error='',
7/26/2026 7:46:07 PM,Order,Order='18b7d15bcf2240b8b997e3e8879a944e/Sim101' Name='PTT-BE-Target-2' New state='Accepted' Instrument='MES SEP26' Action='Sell' Limit price=7504.25 Stop price=0 Quantity=7 Type='Limit' Time in force=GTC Oco='PTT-BE-Sim1-3625' Filled=0 Fill price=0 Error='No error' Native error='',
7/26/2026 7:46:07 PM,Order,Order='2fdf2e6388d0484bb88616a3c997d78d/Sim101' Name='PTT-BE-Target-1' New state='Accepted' Instrument='MES SEP26' Action='Sell' Limit price=7503.75 Stop price=0 Quantity=6 Type='Limit' Time in force=GTC Oco='PTT-BE-Sim1-3625' Filled=0 Fill price=0 Error='No error' Native error='',
7/26/2026 7:46:07 PM,Order,Order='2fdf2e6388d0484bb88616a3c997d78d/Sim101' Name='PTT-BE-Target-1' New state='Working' Instrument='MES SEP26' Action='Sell' Limit price=7503.75 Stop price=0 Quantity=6 Type='Limit' Time in force=GTC Oco='PTT-BE-Sim1-3625' Filled=0 Fill price=0 Error='No error' Native error='',
7/26/2026 7:46:07 PM,Order,Order='9a1f5cfe77b949bfbc72ee4d3a73bfc8/Sim101' Name='Stop1' New state='Cancelled' Instrument='MES SEP26' Action='Sell' Limit price=0 Stop price=7495.25 Quantity=6 Type='Stop Market' Time in force=GTC Oco='260cfbe20d314881a3e69a884b5a1f23' Filled=0 Fill price=0 Error='No error' Native error='',
7/26/2026 7:46:07 PM,Order,Order='8b793c89569c4058a4e74ee01534f97c/Sim101' Name='Stop2' New state='Cancelled' Instrument='MES SEP26' Action='Sell' Limit price=0 Stop price=7495.25 Quantity=7 Type='Stop Market' Time in force=GTC Oco='2dc3ca3607db4065afa7ba351ee68a11' Filled=0 Fill price=0 Error='No error' Native error='',
7/26/2026 7:46:07 PM,Order,Order='bd0ad9698ea94c15a8afc7d1cd9fb510/Sim101' Name='Target1' New state='Cancelled' Instrument='MES SEP26' Action='Sell' Limit price=7503.75 Stop price=0 Quantity=6 Type='Limit' Time in force=GTC Oco='260cfbe20d314881a3e69a884b5a1f23' Filled=0 Fill price=0 Error='No error' Native error='',
7/26/2026 7:46:07 PM,Order,Order='5d7e1bb8d00042088ef6524650ac92b8/Sim101' Name='Target2' New state='Cancelled' Instrument='MES SEP26' Action='Sell' Limit price=7504.25 Stop price=0 Quantity=7 Type='Limit' Time in force=GTC Oco='2dc3ca3607db4065afa7ba351ee68a11' Filled=0 Fill price=0 Error='No error' Native error='',
7/26/2026 7:46:07 PM,Order,Order='84482611feca4768825fb50e303a1274/Sim101' Name='PTT-BE-Stop' New state='Accepted' Instrument='MES SEP26' Action='Sell' Limit price=0 Stop price=7501.25 Quantity=13 Type='Stop Market' Time in force=DAY Oco='PTT-BE-Sim1-3625' Filled=0 Fill price=0 Error='No error' Native error='',
7/26/2026 7:46:07 PM,Order,Order='18b7d15bcf2240b8b997e3e8879a944e/Sim101' Name='PTT-BE-Target-2' New state='Submitted' Instrument='MES SEP26' Action='Sell' Limit price=7504.25 Stop price=0 Quantity=7 Type='Limit' Time in force=GTC Oco='PTT-BE-Sim1-3625' Filled=0 Fill price=0 Error='No error' Native error='',
7/26/2026 7:46:07 PM,Order,Order='2fdf2e6388d0484bb88616a3c997d78d/Sim101' Name='PTT-BE-Target-1' New state='Submitted' Instrument='MES SEP26' Action='Sell' Limit price=7503.75 Stop price=0 Quantity=6 Type='Limit' Time in force=GTC Oco='PTT-BE-Sim1-3625' Filled=0 Fill price=0 Error='No error' Native error='',
7/26/2026 7:46:06 PM,Order,Order='84482611feca4768825fb50e303a1274/Sim101' Name='PTT-BE-Stop' New state='Submitted' Instrument='MES SEP26' Action='Sell' Limit price=0 Stop price=7501.25 Quantity=13 Type='Stop Market' Time in force=DAY Oco='PTT-BE-Sim1-3625' Filled=0 Fill price=0 Error='No error' Native error='',
7/26/2026 7:46:06 PM,Order,Order='9a1f5cfe77b949bfbc72ee4d3a73bfc8/Sim101' Name='Stop1' New state='Cancel submitted' Instrument='MES SEP26' Action='Sell' Limit price=0 Stop price=7495.25 Quantity=6 Type='Stop Market' Time in force=GTC Oco='260cfbe20d314881a3e69a884b5a1f23' Filled=0 Fill price=0 Error='No error' Native error='',
7/26/2026 7:46:06 PM,Order,Order='8b793c89569c4058a4e74ee01534f97c/Sim101' Name='Stop2' New state='Cancel submitted' Instrument='MES SEP26' Action='Sell' Limit price=0 Stop price=7495.25 Quantity=7 Type='Stop Market' Time in force=GTC Oco='2dc3ca3607db4065afa7ba351ee68a11' Filled=0 Fill price=0 Error='No error' Native error='',
7/26/2026 7:46:06 PM,Order,Order='5d7e1bb8d00042088ef6524650ac92b8/Sim101' Name='Target2' New state='Cancel submitted' Instrument='MES SEP26' Action='Sell' Limit price=7504.25 Stop price=0 Quantity=7 Type='Limit' Time in force=GTC Oco='2dc3ca3607db4065afa7ba351ee68a11' Filled=0 Fill price=0 Error='No error' Native error='',
7/26/2026 7:46:06 PM,Order,Order='bd0ad9698ea94c15a8afc7d1cd9fb510/Sim101' Name='Target1' New state='Cancel submitted' Instrument='MES SEP26' Action='Sell' Limit price=7503.75 Stop price=0 Quantity=6 Type='Limit' Time in force=GTC Oco='260cfbe20d314881a3e69a884b5a1f23' Filled=0 Fill price=0 Error='No error' Native error='',
7/26/2026 7:45:45 PM,Order,Order='8b793c89569c4058a4e74ee01534f97c/Sim101' Name='Stop2' New state='Accepted' Instrument='MES SEP26' Action='Sell' Limit price=0 Stop price=7495.25 Quantity=7 Type='Stop Market' Time in force=GTC Oco='2dc3ca3607db4065afa7ba351ee68a11' Filled=0 Fill price=0 Error='No error' Native error='',
7/26/2026 7:45:45 PM,Order,Order='5d7e1bb8d00042088ef6524650ac92b8/Sim101' Name='Target2' New state='Accepted' Instrument='MES SEP26' Action='Sell' Limit price=7504.25 Stop price=0 Quantity=7 Type='Limit' Time in force=GTC Oco='2dc3ca3607db4065afa7ba351ee68a11' Filled=0 Fill price=0 Error='No error' Native error='',
7/26/2026 7:45:45 PM,Order,Order='5d7e1bb8d00042088ef6524650ac92b8/Sim101' Name='Target2' New state='Working' Instrument='MES SEP26' Action='Sell' Limit price=7504.25 Stop price=0 Quantity=7 Type='Limit' Time in force=GTC Oco='2dc3ca3607db4065afa7ba351ee68a11' Filled=0 Fill price=0 Error='No error' Native error='',
7/26/2026 7:45:45 PM,Order,Order='bd0ad9698ea94c15a8afc7d1cd9fb510/Sim101' Name='Target1' New state='Accepted' Instrument='MES SEP26' Action='Sell' Limit price=7503.75 Stop price=0 Quantity=6 Type='Limit' Time in force=GTC Oco='260cfbe20d314881a3e69a884b5a1f23' Filled=0 Fill price=0 Error='No error' Native error='',
7/26/2026 7:45:45 PM,Order,Order='bd0ad9698ea94c15a8afc7d1cd9fb510/Sim101' Name='Target1' New state='Working' Instrument='MES SEP26' Action='Sell' Limit price=7503.75 Stop price=0 Quantity=6 Type='Limit' Time in force=GTC Oco='260cfbe20d314881a3e69a884b5a1f23' Filled=0 Fill price=0 Error='No error' Native error='',
7/26/2026 7:45:45 PM,Order,Order='9a1f5cfe77b949bfbc72ee4d3a73bfc8/Sim101' Name='Stop1' New state='Accepted' Instrument='MES SEP26' Action='Sell' Limit price=0 Stop price=7495.25 Quantity=6 Type='Stop Market' Time in force=GTC Oco='260cfbe20d314881a3e69a884b5a1f23' Filled=0 Fill price=0 Error='No error' Native error='',
7/26/2026 7:45:45 PM,Order,Order='5d7e1bb8d00042088ef6524650ac92b8/Sim101' Name='Target2' New state='Submitted' Instrument='MES SEP26' Action='Sell' Limit price=7504.25 Stop price=0 Quantity=7 Type='Limit' Time in force=GTC Oco='2dc3ca3607db4065afa7ba351ee68a11' Filled=0 Fill price=0 Error='No error' Native error='',
7/26/2026 7:45:45 PM,Order,Order='8b793c89569c4058a4e74ee01534f97c/Sim101' Name='Stop2' New state='Submitted' Instrument='MES SEP26' Action='Sell' Limit price=0 Stop price=7495.25 Quantity=7 Type='Stop Market' Time in force=GTC Oco='2dc3ca3607db4065afa7ba351ee68a11' Filled=0 Fill price=0 Error='No error' Native error='',
7/26/2026 7:45:45 PM,Order,Order='bd0ad9698ea94c15a8afc7d1cd9fb510/Sim101' Name='Target1' New state='Submitted' Instrument='MES SEP26' Action='Sell' Limit price=7503.75 Stop price=0 Quantity=6 Type='Limit' Time in force=GTC Oco='260cfbe20d314881a3e69a884b5a1f23' Filled=0 Fill price=0 Error='No error' Native error='',
7/26/2026 7:45:45 PM,Order,Order='9a1f5cfe77b949bfbc72ee4d3a73bfc8/Sim101' Name='Stop1' New state='Submitted' Instrument='MES SEP26' Action='Sell' Limit price=0 Stop price=7495.25 Quantity=6 Type='Stop Market' Time in force=GTC Oco='260cfbe20d314881a3e69a884b5a1f23' Filled=0 Fill price=0 Error='No error' Native error='',
7/26/2026 7:45:45 PM,Execution,Execution='288a429290fc4549aa964342c397ea94' Instrument='MES SEP26' Account='Sim101' Exchange=Default Price=7501.25 Quantity=13 Market position=Long Operation=Operation_Add Order='5aeab857eaed4760b82198e6c0eb8875' Time='7/26/2026 7:45 PM',
7/26/2026 7:45:45 PM,Position,Instrument='MES SEP26' Account='Sim101' Average price=7501.25 Quantity=13 Market position=Long Operation=Operation_Add,
7/26/2026 7:45:45 PM,Order,Order='5aeab857eaed4760b82198e6c0eb8875/Sim101' Name='Entry' New state='Filled' Instrument='MES SEP26' Action='Buy' Limit price=0 Stop price=0 Quantity=13 Type='Market' Time in force=GTC Oco='' Filled=13 Fill price=7501.25 Error='No error' Native error='',
7/26/2026 7:45:45 PM,Order,Order='5aeab857eaed4760b82198e6c0eb8875/Sim101' Name='Entry' New state='Accepted' Instrument='MES SEP26' Action='Buy' Limit price=0 Stop price=0 Quantity=13 Type='Market' Time in force=GTC Oco='' Filled=0 Fill price=0 Error='No error' Native error='',
7/26/2026 7:45:45 PM,Order,Order='5aeab857eaed4760b82198e6c0eb8875/Sim101' Name='Entry' New state='Working' Instrument='MES SEP26' Action='Buy' Limit price=0 Stop price=0 Quantity=13 Type='Market' Time in force=GTC Oco='' Filled=0 Fill price=0 Error='No error' Native error='',
7/26/2026 7:45:45 PM,Order,Order='5aeab857eaed4760b82198e6c0eb8875/Sim101' Name='Entry' New state='Submitted' Instrument='MES SEP26' Action='Buy' Limit price=0 Stop price=0 Quantity=13 Type='Market' Time in force=GTC Oco='' Filled=0 Fill price=0 Error='No error' Native error='',
7/26/2026 7:45:45 PM,Order,Chart Trader submitting order with strategy 'MES MIN SL6 - 1' (Ticks),
7/26/2026 7:45:09 PM,Order,Order='3c17cb6ed2834d079b7584b32511d46e/Sim101' Name='PTT-BE-Target-1' New state='Cancelled' Instrument='MES SEP26' Action='Sell' Limit price=7503.75 Stop price=0 Quantity=6 Type='Limit' Time in force=GTC Oco='PTT-BE-Sim1-257' Filled=0 Fill price=0 Error='No error' Native error='',
7/26/2026 7:45:09 PM,Order,Order='0a38c1c718e74d98a7b3adf66a5537fa/Sim101' Name='PTT-BE-Target-2' New state='Cancelled' Instrument='MES SEP26' Action='Sell' Limit price=7504.25 Stop price=0 Quantity=7 Type='Limit' Time in force=GTC Oco='PTT-BE-Sim1-257' Filled=0 Fill price=0 Error='No error' Native error='',
7/26/2026 7:45:09 PM,Position,Instrument='MES SEP26' Account='Sim101' Average price=0 Quantity=0 Market position=Flat Operation=Remove,
7/26/2026 7:45:09 PM,Order,Order='0a38c1c718e74d98a7b3adf66a5537fa/Sim101' Name='PTT-BE-Target-2' New state='Cancel submitted' Instrument='MES SEP26' Action='Sell' Limit price=7504.25 Stop price=0 Quantity=7 Type='Limit' Time in force=GTC Oco='PTT-BE-Sim1-257' Filled=0 Fill price=0 Error='No error' Native error='',
7/26/2026 7:45:09 PM,Order,Order='3c17cb6ed2834d079b7584b32511d46e/Sim101' Name='PTT-BE-Target-1' New state='Cancel submitted' Instrument='MES SEP26' Action='Sell' Limit price=7503.75 Stop price=0 Quantity=6 Type='Limit' Time in force=GTC Oco='PTT-BE-Sim1-257' Filled=0 Fill price=0 Error='No error' Native error='',
7/26/2026 7:45:09 PM,Execution,Execution='7e7e2470a37a40589fc56a5a26e644a2' Instrument='MES SEP26' Account='Sim101' Exchange=Default Price=7501.25 Quantity=13 Market position=Short Operation=Operation_Add Order='a13a951b31c3423088626b3f65921a2a' Time='7/26/2026 7:45 PM',
7/26/2026 7:45:09 PM,Order,Order='a13a951b31c3423088626b3f65921a2a/Sim101' Name='PTT-BE-Stop' New state='Filled' Instrument='MES SEP26' Action='Sell' Limit price=0 Stop price=7501.25 Quantity=13 Type='Stop Market' Time in force=DAY Oco='PTT-BE-Sim1-257' Filled=13 Fill price=7501.25 Error='No error' Native error='',
7/26/2026 7:45:09 PM,Order,Order='0a38c1c718e74d98a7b3adf66a5537fa/Sim101' Name='PTT-BE-Target-2' New state='Accepted' Instrument='MES SEP26' Action='Sell' Limit price=7504.25 Stop price=0 Quantity=7 Type='Limit' Time in force=GTC Oco='PTT-BE-Sim1-257' Filled=0 Fill price=0 Error='No error' Native error='',
7/26/2026 7:45:09 PM,Order,Order='0a38c1c718e74d98a7b3adf66a5537fa/Sim101' Name='PTT-BE-Target-2' New state='Working' Instrument='MES SEP26' Action='Sell' Limit price=7504.25 Stop price=0 Quantity=7 Type='Limit' Time in force=GTC Oco='PTT-BE-Sim1-257' Filled=0 Fill price=0 Error='No error' Native error='',
7/26/2026 7:45:09 PM,Order,Order='3c17cb6ed2834d079b7584b32511d46e/Sim101' Name='PTT-BE-Target-1' New state='Accepted' Instrument='MES SEP26' Action='Sell' Limit price=7503.75 Stop price=0 Quantity=6 Type='Limit' Time in force=GTC Oco='PTT-BE-Sim1-257' Filled=0 Fill price=0 Error='No error' Native error='',
7/26/2026 7:45:09 PM,Order,Order='3c17cb6ed2834d079b7584b32511d46e/Sim101' Name='PTT-BE-Target-1' New state='Working' Instrument='MES SEP26' Action='Sell' Limit price=7503.75 Stop price=0 Quantity=6 Type='Limit' Time in force=GTC Oco='PTT-BE-Sim1-257' Filled=0 Fill price=0 Error='No error' Native error='',
7/26/2026 7:45:09 PM,Order,Order='a13a951b31c3423088626b3f65921a2a/Sim101' Name='PTT-BE-Stop' New state='Accepted' Instrument='MES SEP26' Action='Sell' Limit price=0 Stop price=7501.25 Quantity=13 Type='Stop Market' Time in force=DAY Oco='PTT-BE-Sim1-257' Filled=0 Fill price=0 Error='No error' Native error='',
7/26/2026 7:45:09 PM,Order,Order='a13a951b31c3423088626b3f65921a2a/Sim101' Name='PTT-BE-Stop' New state='Working' Instrument='MES SEP26' Action='Sell' Limit price=0 Stop price=7501.25 Quantity=13 Type='Stop Market' Time in force=DAY Oco='PTT-BE-Sim1-257' Filled=0 Fill price=0 Error='No error' Native error='',
7/26/2026 7:45:09 PM,Order,Order='ece990da28934cf593549897e71a297f/Sim101' Name='Target1' New state='Cancelled' Instrument='MES SEP26' Action='Sell' Limit price=7503.75 Stop price=0 Quantity=6 Type='Limit' Time in force=GTC Oco='5607149d4cc846dca3b41c721523bf62' Filled=0 Fill price=0 Error='No error' Native error='',
7/26/2026 7:45:09 PM,Order,Order='0c6d81d58860492fa13e517ea60df932/Sim101' Name='Stop1' New state='Cancelled' Instrument='MES SEP26' Action='Sell' Limit price=0 Stop price=7495.25 Quantity=6 Type='Stop Market' Time in force=GTC Oco='5607149d4cc846dca3b41c721523bf62' Filled=0 Fill price=0 Error='No error' Native error='',
7/26/2026 7:45:09 PM,Order,Order='4bba8829471b490b9c6f4c1f9e852e96/Sim101' Name='Target2' New state='Cancelled' Instrument='MES SEP26' Action='Sell' Limit price=7504.25 Stop price=0 Quantity=7 Type='Limit' Time in force=GTC Oco='cce88ace752c43c2b76528d4aed6845e' Filled=0 Fill price=0 Error='No error' Native error='',
7/26/2026 7:45:09 PM,Order,Order='2f3b104779e44482964c6f9d2da9aa3c/Sim101' Name='Stop2' New state='Cancelled' Instrument='MES SEP26' Action='Sell' Limit price=0 Stop price=7495.25 Quantity=7 Type='Stop Market' Time in force=GTC Oco='cce88ace752c43c2b76528d4aed6845e' Filled=0 Fill price=0 Error='No error' Native error='',
7/26/2026 7:45:09 PM,Order,Order='0a38c1c718e74d98a7b3adf66a5537fa/Sim101' Name='PTT-BE-Target-2' New state='Submitted' Instrument='MES SEP26' Action='Sell' Limit price=7504.25 Stop price=0 Quantity=7 Type='Limit' Time in force=GTC Oco='PTT-BE-Sim1-257' Filled=0 Fill price=0 Error='No error' Native error='',
7/26/2026 7:45:09 PM,Order,Order='3c17cb6ed2834d079b7584b32511d46e/Sim101' Name='PTT-BE-Target-1' New state='Submitted' Instrument='MES SEP26' Action='Sell' Limit price=7503.75 Stop price=0 Quantity=6 Type='Limit' Time in force=GTC Oco='PTT-BE-Sim1-257' Filled=0 Fill price=0 Error='No error' Native error='',
7/26/2026 7:45:09 PM,Order,Order='a13a951b31c3423088626b3f65921a2a/Sim101' Name='PTT-BE-Stop' New state='Submitted' Instrument='MES SEP26' Action='Sell' Limit price=0 Stop price=7501.25 Quantity=13 Type='Stop Market' Time in force=DAY Oco='PTT-BE-Sim1-257' Filled=0 Fill price=0 Error='No error' Native error='',
7/26/2026 7:45:09 PM,Order,Order='0c6d81d58860492fa13e517ea60df932/Sim101' Name='Stop1' New state='Cancel submitted' Instrument='MES SEP26' Action='Sell' Limit price=0 Stop price=7495.25 Quantity=6 Type='Stop Market' Time in force=GTC Oco='5607149d4cc846dca3b41c721523bf62' Filled=0 Fill price=0 Error='No error' Native error='',
7/26/2026 7:45:09 PM,Order,Order='2f3b104779e44482964c6f9d2da9aa3c/Sim101' Name='Stop2' New state='Cancel submitted' Instrument='MES SEP26' Action='Sell' Limit price=0 Stop price=7495.25 Quantity=7 Type='Stop Market' Time in force=GTC Oco='cce88ace752c43c2b76528d4aed6845e' Filled=0 Fill price=0 Error='No error' Native error='',
7/26/2026 7:45:09 PM,Order,Order='ece990da28934cf593549897e71a297f/Sim101' Name='Target1' New state='Cancel submitted' Instrument='MES SEP26' Action='Sell' Limit price=7503.75 Stop price=0 Quantity=6 Type='Limit' Time in force=GTC Oco='5607149d4cc846dca3b41c721523bf62' Filled=0 Fill price=0 Error='No error' Native error='',
7/26/2026 7:45:09 PM,Order,Order='4bba8829471b490b9c6f4c1f9e852e96/Sim101' Name='Target2' New state='Cancel submitted' Instrument='MES SEP26' Action='Sell' Limit price=7504.25 Stop price=0 Quantity=7 Type='Limit' Time in force=GTC Oco='cce88ace752c43c2b76528d4aed6845e' Filled=0 Fill price=0 Error='No error' Native error='',
7/26/2026 7:45:02 PM,Order,Order='4bba8829471b490b9c6f4c1f9e852e96/Sim101' Name='Target2' New state='Working' Instrument='MES SEP26' Action='Sell' Limit price=7504.25 Stop price=0 Quantity=7 Type='Limit' Time in force=GTC Oco='cce88ace752c43c2b76528d4aed6845e' Filled=0 Fill price=0 Error='No error' Native error='',
7/26/2026 7:45:02 PM,Order,Order='4bba8829471b490b9c6f4c1f9e852e96/Sim101' Name='Target2' New state='Accepted' Instrument='MES SEP26' Action='Sell' Limit price=7504.25 Stop price=0 Quantity=7 Type='Limit' Time in force=GTC Oco='cce88ace752c43c2b76528d4aed6845e' Filled=0 Fill price=0 Error='No error' Native error='',
7/26/2026 7:45:02 PM,Order,Order='0c6d81d58860492fa13e517ea60df932/Sim101' Name='Stop1' New state='Accepted' Instrument='MES SEP26' Action='Sell' Limit price=0 Stop price=7495.25 Quantity=6 Type='Stop Market' Time in force=GTC Oco='5607149d4cc846dca3b41c721523bf62' Filled=0 Fill price=0 Error='No error' Native error='',
7/26/2026 7:45:02 PM,Order,Order='2f3b104779e44482964c6f9d2da9aa3c/Sim101' Name='Stop2' New state='Accepted' Instrument='MES SEP26' Action='Sell' Limit price=0 Stop price=7495.25 Quantity=7 Type='Stop Market' Time in force=GTC Oco='cce88ace752c43c2b76528d4aed6845e' Filled=0 Fill price=0 Error='No error' Native error='',
7/26/2026 7:45:02 PM,Order,Order='ece990da28934cf593549897e71a297f/Sim101' Name='Target1' New state='Working' Instrument='MES SEP26' Action='Sell' Limit price=7503.75 Stop price=0 Quantity=6 Type='Limit' Time in force=GTC Oco='5607149d4cc846dca3b41c721523bf62' Filled=0 Fill price=0 Error='No error' Native error='',
7/26/2026 7:45:02 PM,Order,Order='ece990da28934cf593549897e71a297f/Sim101' Name='Target1' New state='Accepted' Instrument='MES SEP26' Action='Sell' Limit price=7503.75 Stop price=0 Quantity=6 Type='Limit' Time in force=GTC Oco='5607149d4cc846dca3b41c721523bf62' Filled=0 Fill price=0 Error='No error' Native error='',
7/26/2026 7:45:02 PM,Order,Order='4bba8829471b490b9c6f4c1f9e852e96/Sim101' Name='Target2' New state='Submitted' Instrument='MES SEP26' Action='Sell' Limit price=7504.25 Stop price=0 Quantity=7 Type='Limit' Time in force=GTC Oco='cce88ace752c43c2b76528d4aed6845e' Filled=0 Fill price=0 Error='No error' Native error='',
7/26/2026 7:45:02 PM,Order,Order='2f3b104779e44482964c6f9d2da9aa3c/Sim101' Name='Stop2' New state='Submitted' Instrument='MES SEP26' Action='Sell' Limit price=0 Stop price=7495.25 Quantity=7 Type='Stop Market' Time in force=GTC Oco='cce88ace752c43c2b76528d4aed6845e' Filled=0 Fill price=0 Error='No error' Native error='',
7/26/2026 7:45:02 PM,Order,Order='ece990da28934cf593549897e71a297f/Sim101' Name='Target1' New state='Submitted' Instrument='MES SEP26' Action='Sell' Limit price=7503.75 Stop price=0 Quantity=6 Type='Limit' Time in force=GTC Oco='5607149d4cc846dca3b41c721523bf62' Filled=0 Fill price=0 Error='No error' Native error='',
7/26/2026 7:45:02 PM,Order,Order='0c6d81d58860492fa13e517ea60df932/Sim101' Name='Stop1' New state='Submitted' Instrument='MES SEP26' Action='Sell' Limit price=0 Stop price=7495.25 Quantity=6 Type='Stop Market' Time in force=GTC Oco='5607149d4cc846dca3b41c721523bf62' Filled=0 Fill price=0 Error='No error' Native error='',
7/26/2026 7:45:02 PM,Execution,Execution='f46aa819936d4f57a235fc3cde96b8a4' Instrument='MES SEP26' Account='Sim101' Exchange=Default Price=7501.25 Quantity=13 Market position=Long Operation=Operation_Add Order='81eac530d76e43baadfbcac797eaeca3' Time='7/26/2026 7:45 PM',
7/26/2026 7:45:02 PM,Position,Instrument='MES SEP26' Account='Sim101' Average price=7501.25 Quantity=13 Market position=Long Operation=Operation_Add,
7/26/2026 7:45:02 PM,Order,Order='81eac530d76e43baadfbcac797eaeca3/Sim101' Name='Entry' New state='Filled' Instrument='MES SEP26' Action='Buy' Limit price=0 Stop price=0 Quantity=13 Type='Market' Time in force=GTC Oco='' Filled=13 Fill price=7501.25 Error='No error' Native error='',
7/26/2026 7:45:02 PM,Order,Order='81eac530d76e43baadfbcac797eaeca3/Sim101' Name='Entry' New state='Accepted' Instrument='MES SEP26' Action='Buy' Limit price=0 Stop price=0 Quantity=13 Type='Market' Time in force=GTC Oco='' Filled=0 Fill price=0 Error='No error' Native error='',
7/26/2026 7:45:02 PM,Order,Order='81eac530d76e43baadfbcac797eaeca3/Sim101' Name='Entry' New state='Working' Instrument='MES SEP26' Action='Buy' Limit price=0 Stop price=0 Quantity=13 Type='Market' Time in force=GTC Oco='' Filled=0 Fill price=0 Error='No error' Native error='',
7/26/2026 7:45:02 PM,Order,Order='81eac530d76e43baadfbcac797eaeca3/Sim101' Name='Entry' New state='Submitted' Instrument='MES SEP26' Action='Buy' Limit price=0 Stop price=0 Quantity=13 Type='Market' Time in force=GTC Oco='' Filled=0 Fill price=0 Error='No error' Native error='',
7/26/2026 7:45:02 PM,Order,Chart Trader submitting order with strategy 'MES MIN SL6 - 1' (Ticks),
7/26/2026 7:33:58 PM,Position,Instrument='MES SEP26' Account='Sim101' Average price=0 Quantity=0 Market position=Flat Operation=Remove,
7/26/2026 7:33:58 PM,Order,Order='9740ee1894204ba697315e75d6f76d44/Sim101' Name='Close' New state='Filled' Instrument='MES SEP26' Action='Sell' Limit price=0 Stop price=0 Quantity=13 Type='Market' Time in force=DAY Oco='' Filled=13 Fill price=7496.75 Error='No error' Native error='',
7/26/2026 7:33:58 PM,Execution,Execution='faae5fc1aa334305931cea1d3b2d4fc4' Instrument='MES SEP26' Account='Sim101' Exchange=Default Price=7496.75 Quantity=13 Market position=Short Operation=Operation_Add Order='9740ee1894204ba697315e75d6f76d44' Time='7/26/2026 7:33 PM',
7/26/2026 7:33:58 PM,Order,Order='9740ee1894204ba697315e75d6f76d44/Sim101' Name='Close' New state='Accepted' Instrument='MES SEP26' Action='Sell' Limit price=0 Stop price=0 Quantity=13 Type='Market' Time in force=DAY Oco='' Filled=0 Fill price=0 Error='No error' Native error='',
7/26/2026 7:33:58 PM,Order,Order='9740ee1894204ba697315e75d6f76d44/Sim101' Name='Close' New state='Working' Instrument='MES SEP26' Action='Sell' Limit price=0 Stop price=0 Quantity=13 Type='Market' Time in force=DAY Oco='' Filled=0 Fill price=0 Error='No error' Native error='',
7/26/2026 7:33:58 PM,Order,Order='9740ee1894204ba697315e75d6f76d44/Sim101' Name='Close' New state='Submitted' Instrument='MES SEP26' Action='Sell' Limit price=0 Stop price=0 Quantity=13 Type='Market' Time in force=DAY Oco='' Filled=0 Fill price=0 Error='No error' Native error='',
7/26/2026 7:33:58 PM,Order,Order='f59867d98f144907b081a9f81eb3cf65/Sim101' Name='Target2' New state='Cancelled' Instrument='MES SEP26' Action='Sell' Limit price=7501 Stop price=0 Quantity=7 Type='Limit' Time in force=GTC Oco='3713da5457034b1eab406b324888f69d' Filled=0 Fill price=0 Error='No error' Native error='',
7/26/2026 7:33:58 PM,Order,Order='2b0ed49f0662444e9988b52b089fbb07/Sim101' Name='Stop1' New state='Cancelled' Instrument='MES SEP26' Action='Sell' Limit price=0 Stop price=7492 Quantity=6 Type='Stop Market' Time in force=GTC Oco='5f32776591ec4fe286805c2b5bc25286' Filled=0 Fill price=0 Error='No error' Native error='',
7/26/2026 7:33:58 PM,Order,Order='63dcd40f5ada4b1bab62753b786bf8a0/Sim101' Name='Stop2' New state='Cancelled' Instrument='MES SEP26' Action='Sell' Limit price=0 Stop price=7492 Quantity=7 Type='Stop Market' Time in force=GTC Oco='3713da5457034b1eab406b324888f69d' Filled=0 Fill price=0 Error='No error' Native error='',
7/26/2026 7:33:58 PM,Order,Order='d9d6db5ad5e64282b7f7b87f202a67ae/Sim101' Name='Target1' New state='Cancelled' Instrument='MES SEP26' Action='Sell' Limit price=7500.5 Stop price=0 Quantity=6 Type='Limit' Time in force=GTC Oco='5f32776591ec4fe286805c2b5bc25286' Filled=0 Fill price=0 Error='No error' Native error='',
7/26/2026 7:33:58 PM,Order,Order='63dcd40f5ada4b1bab62753b786bf8a0/Sim101' Name='Stop2' New state='Cancel submitted' Instrument='MES SEP26' Action='Sell' Limit price=0 Stop price=7492 Quantity=7 Type='Stop Market' Time in force=GTC Oco='3713da5457034b1eab406b324888f69d' Filled=0 Fill price=0 Error='No error' Native error='',
7/26/2026 7:33:58 PM,Order,Order='2b0ed49f0662444e9988b52b089fbb07/Sim101' Name='Stop1' New state='Cancel submitted' Instrument='MES SEP26' Action='Sell' Limit price=0 Stop price=7492 Quantity=6 Type='Stop Market' Time in force=GTC Oco='5f32776591ec4fe286805c2b5bc25286' Filled=0 Fill price=0 Error='No error' Native error='',
7/26/2026 7:33:58 PM,Order,Order='f59867d98f144907b081a9f81eb3cf65/Sim101' Name='Target2' New state='Cancel submitted' Instrument='MES SEP26' Action='Sell' Limit price=7501 Stop price=0 Quantity=7 Type='Limit' Time in force=GTC Oco='3713da5457034b1eab406b324888f69d' Filled=0 Fill price=0 Error='No error' Native error='',
7/26/2026 7:33:58 PM,Order,Order='d9d6db5ad5e64282b7f7b87f202a67ae/Sim101' Name='Target1' New state='Cancel submitted' Instrument='MES SEP26' Action='Sell' Limit price=7500.5 Stop price=0 Quantity=6 Type='Limit' Time in force=GTC Oco='5f32776591ec4fe286805c2b5bc25286' Filled=0 Fill price=0 Error='No error' Native error='',
7/26/2026 7:33:58 PM,Default,Chart Trader close position,
7/26/2026 7:32:13 PM,Order,Order='6d8b28a314ce4639927f63d2cf361778/Sim102' Name='PTT-BE-Target-1' New state='Cancelled' Instrument='MES SEP26' Action='Buy to cover' Limit price=7495.25 Stop price=0 Quantity=6 Type='Limit' Time in force=GTC Oco='PTT-BE-Sim1-7947' Filled=0 Fill price=0 Error='No error' Native error='',
7/26/2026 7:32:13 PM,Order,Order='c78ba08fb3534b0eb433b101bde609be/Sim102' Name='PTT-BE-Target-2' New state='Cancelled' Instrument='MES SEP26' Action='Buy to cover' Limit price=7494.75 Stop price=0 Quantity=7 Type='Limit' Time in force=GTC Oco='PTT-BE-Sim1-7947' Filled=0 Fill price=0 Error='No error' Native error='',
7/26/2026 7:32:13 PM,Position,Instrument='MES SEP26' Account='Sim102' Average price=0 Quantity=0 Market position=Flat Operation=Remove,
7/26/2026 7:32:13 PM,Order,Order='6d8b28a314ce4639927f63d2cf361778/Sim102' Name='PTT-BE-Target-1' New state='Cancel submitted' Instrument='MES SEP26' Action='Buy to cover' Limit price=7495.25 Stop price=0 Quantity=6 Type='Limit' Time in force=GTC Oco='PTT-BE-Sim1-7947' Filled=0 Fill price=0 Error='No error' Native error='',
7/26/2026 7:32:13 PM,Execution,Execution='e63446e3adb94a57ac738213c55f8dad' Instrument='MES SEP26' Account='Sim102' Exchange=Default Price=7497.5 Quantity=13 Market position=Long Operation=Operation_Add Order='5e21c0e308574a3fa5dc33568860ce7b' Time='7/26/2026 7:32 PM',
7/26/2026 7:32:13 PM,Order,Order='c78ba08fb3534b0eb433b101bde609be/Sim102' Name='PTT-BE-Target-2' New state='Cancel submitted' Instrument='MES SEP26' Action='Buy to cover' Limit price=7494.75 Stop price=0 Quantity=7 Type='Limit' Time in force=GTC Oco='PTT-BE-Sim1-7947' Filled=0 Fill price=0 Error='No error' Native error='',
7/26/2026 7:32:13 PM,Order,Order='5e21c0e308574a3fa5dc33568860ce7b/Sim102' Name='PTT-BE-Stop' New state='Filled' Instrument='MES SEP26' Action='Buy to cover' Limit price=0 Stop price=7497.5 Quantity=13 Type='Stop Market' Time in force=DAY Oco='PTT-BE-Sim1-7947' Filled=13 Fill price=7497.5 Error='No error' Native error='',
7/26/2026 7:32:13 PM,Order,Order='5e21c0e308574a3fa5dc33568860ce7b/Sim102' Name='PTT-BE-Stop' New state='Working' Instrument='MES SEP26' Action='Buy to cover' Limit price=0 Stop price=7497.5 Quantity=13 Type='Stop Market' Time in force=DAY Oco='PTT-BE-Sim1-7947' Filled=0 Fill price=0 Error='No error' Native error='',
7/26/2026 7:32:13 PM,Order,Order='c78ba08fb3534b0eb433b101bde609be/Sim102' Name='PTT-BE-Target-2' New state='Accepted' Instrument='MES SEP26' Action='Buy to cover' Limit price=7494.75 Stop price=0 Quantity=7 Type='Limit' Time in force=GTC Oco='PTT-BE-Sim1-7947' Filled=0 Fill price=0 Error='No error' Native error='',
7/26/2026 7:32:13 PM,Order,Order='c78ba08fb3534b0eb433b101bde609be/Sim102' Name='PTT-BE-Target-2' New state='Working' Instrument='MES SEP26' Action='Buy to cover' Limit price=7494.75 Stop price=0 Quantity=7 Type='Limit' Time in force=GTC Oco='PTT-BE-Sim1-7947' Filled=0 Fill price=0 Error='No error' Native error='',
7/26/2026 7:32:13 PM,Order,Order='6d8b28a314ce4639927f63d2cf361778/Sim102' Name='PTT-BE-Target-1' New state='Accepted' Instrument='MES SEP26' Action='Buy to cover' Limit price=7495.25 Stop price=0 Quantity=6 Type='Limit' Time in force=GTC Oco='PTT-BE-Sim1-7947' Filled=0 Fill price=0 Error='No error' Native error='',
7/26/2026 7:32:13 PM,Order,Order='6d8b28a314ce4639927f63d2cf361778/Sim102' Name='PTT-BE-Target-1' New state='Working' Instrument='MES SEP26' Action='Buy to cover' Limit price=7495.25 Stop price=0 Quantity=6 Type='Limit' Time in force=GTC Oco='PTT-BE-Sim1-7947' Filled=0 Fill price=0 Error='No error' Native error='',
7/26/2026 7:32:13 PM,Order,Order='5e21c0e308574a3fa5dc33568860ce7b/Sim102' Name='PTT-BE-Stop' New state='Accepted' Instrument='MES SEP26' Action='Buy to cover' Limit price=0 Stop price=7497.5 Quantity=13 Type='Stop Market' Time in force=DAY Oco='PTT-BE-Sim1-7947' Filled=0 Fill price=0 Error='No error' Native error='',
7/26/2026 7:32:13 PM,Order,Order='8c8a14ca4017494b90425c9159de9f16/Sim102' Name='Stop2' New state='Cancelled' Instrument='MES SEP26' Action='Buy to cover' Limit price=0 Stop price=7503.75 Quantity=7 Type='Stop Market' Time in force=GTC Oco='2f5ca7829ac34adcbcdd8f298b8d2799' Filled=0 Fill price=0 Error='No error' Native error='',
7/26/2026 7:32:13 PM,Order,Order='1eaa950a204d47cb835dbae943b3f278/Sim102' Name='Target2' New state='Cancelled' Instrument='MES SEP26' Action='Buy to cover' Limit price=7494.75 Stop price=0 Quantity=7 Type='Limit' Time in force=GTC Oco='2f5ca7829ac34adcbcdd8f298b8d2799' Filled=0 Fill price=0 Error='No error' Native error='',
7/26/2026 7:32:13 PM,Order,Order='26dd1b7debae41a69ec55515c1d7dd61/Sim102' Name='Target1' New state='Cancelled' Instrument='MES SEP26' Action='Buy to cover' Limit price=7495.25 Stop price=0 Quantity=6 Type='Limit' Time in force=GTC Oco='f4b7c34557ee46fa83f5bc65c38c6d12' Filled=0 Fill price=0 Error='No error' Native error='',
7/26/2026 7:32:13 PM,Order,Order='dcafd2f8739b4526ab46dfcc3a8e6857/Sim102' Name='Stop1' New state='Cancelled' Instrument='MES SEP26' Action='Buy to cover' Limit price=0 Stop price=7503.75 Quantity=6 Type='Stop Market' Time in force=GTC Oco='f4b7c34557ee46fa83f5bc65c38c6d12' Filled=0 Fill price=0 Error='No error' Native error='',
7/26/2026 7:32:13 PM,Order,Order='c78ba08fb3534b0eb433b101bde609be/Sim102' Name='PTT-BE-Target-2' New state='Submitted' Instrument='MES SEP26' Action='Buy to cover' Limit price=7494.75 Stop price=0 Quantity=7 Type='Limit' Time in force=GTC Oco='PTT-BE-Sim1-7947' Filled=0 Fill price=0 Error='No error' Native error='',
7/26/2026 7:32:13 PM,Order,Order='6d8b28a314ce4639927f63d2cf361778/Sim102' Name='PTT-BE-Target-1' New state='Submitted' Instrument='MES SEP26' Action='Buy to cover' Limit price=7495.25 Stop price=0 Quantity=6 Type='Limit' Time in force=GTC Oco='PTT-BE-Sim1-7947' Filled=0 Fill price=0 Error='No error' Native error='',
7/26/2026 7:32:13 PM,Order,Order='5e21c0e308574a3fa5dc33568860ce7b/Sim102' Name='PTT-BE-Stop' New state='Submitted' Instrument='MES SEP26' Action='Buy to cover' Limit price=0 Stop price=7497.5 Quantity=13 Type='Stop Market' Time in force=DAY Oco='PTT-BE-Sim1-7947' Filled=0 Fill price=0 Error='No error' Native error='',
7/26/2026 7:32:13 PM,Order,Order='1eaa950a204d47cb835dbae943b3f278/Sim102' Name='Target2' New state='Cancel submitted' Instrument='MES SEP26' Action='Buy to cover' Limit price=7494.75 Stop price=0 Quantity=7 Type='Limit' Time in force=GTC Oco='2f5ca7829ac34adcbcdd8f298b8d2799' Filled=0 Fill price=0 Error='No error' Native error='',
7/26/2026 7:32:13 PM,Order,Order='dcafd2f8739b4526ab46dfcc3a8e6857/Sim102' Name='Stop1' New state='Cancel submitted' Instrument='MES SEP26' Action='Buy to cover' Limit price=0 Stop price=7503.75 Quantity=6 Type='Stop Market' Time in force=GTC Oco='f4b7c34557ee46fa83f5bc65c38c6d12' Filled=0 Fill price=0 Error='No error' Native error='',
7/26/2026 7:32:13 PM,Order,Order='8c8a14ca4017494b90425c9159de9f16/Sim102' Name='Stop2' New state='Cancel submitted' Instrument='MES SEP26' Action='Buy to cover' Limit price=0 Stop price=7503.75 Quantity=7 Type='Stop Market' Time in force=GTC Oco='2f5ca7829ac34adcbcdd8f298b8d2799' Filled=0 Fill price=0 Error='No error' Native error='',
7/26/2026 7:32:13 PM,Order,Order='26dd1b7debae41a69ec55515c1d7dd61/Sim102' Name='Target1' New state='Cancel submitted' Instrument='MES SEP26' Action='Buy to cover' Limit price=7495.25 Stop price=0 Quantity=6 Type='Limit' Time in force=GTC Oco='f4b7c34557ee46fa83f5bc65c38c6d12' Filled=0 Fill price=0 Error='No error' Native error='',
7/26/2026 7:31:34 PM,Order,Order='1eaa950a204d47cb835dbae943b3f278/Sim102' Name='Target2' New state='Accepted' Instrument='MES SEP26' Action='Buy to cover' Limit price=7494.75 Stop price=0 Quantity=7 Type='Limit' Time in force=GTC Oco='2f5ca7829ac34adcbcdd8f298b8d2799' Filled=0 Fill price=0 Error='No error' Native error='',
7/26/2026 7:31:34 PM,Order,Order='1eaa950a204d47cb835dbae943b3f278/Sim102' Name='Target2' New state='Working' Instrument='MES SEP26' Action='Buy to cover' Limit price=7494.75 Stop price=0 Quantity=7 Type='Limit' Time in force=GTC Oco='2f5ca7829ac34adcbcdd8f298b8d2799' Filled=0 Fill price=0 Error='No error' Native error='',
7/26/2026 7:31:34 PM,Order,Order='8c8a14ca4017494b90425c9159de9f16/Sim102' Name='Stop2' New state='Accepted' Instrument='MES SEP26' Action='Buy to cover' Limit price=0 Stop price=7503.75 Quantity=7 Type='Stop Market' Time in force=GTC Oco='2f5ca7829ac34adcbcdd8f298b8d2799' Filled=0 Fill price=0 Error='No error' Native error='',
7/26/2026 7:31:34 PM,Order,Order='26dd1b7debae41a69ec55515c1d7dd61/Sim102' Name='Target1' New state='Working' Instrument='MES SEP26' Action='Buy to cover' Limit price=7495.25 Stop price=0 Quantity=6 Type='Limit' Time in force=GTC Oco='f4b7c34557ee46fa83f5bc65c38c6d12' Filled=0 Fill price=0 Error='No error' Native error='',
7/26/2026 7:31:34 PM,Order,Order='dcafd2f8739b4526ab46dfcc3a8e6857/Sim102' Name='Stop1' New state='Accepted' Instrument='MES SEP26' Action='Buy to cover' Limit price=0 Stop price=7503.75 Quantity=6 Type='Stop Market' Time in force=GTC Oco='f4b7c34557ee46fa83f5bc65c38c6d12' Filled=0 Fill price=0 Error='No error' Native error='',
7/26/2026 7:31:34 PM,Order,Order='26dd1b7debae41a69ec55515c1d7dd61/Sim102' Name='Target1' New state='Accepted' Instrument='MES SEP26' Action='Buy to cover' Limit price=7495.25 Stop price=0 Quantity=6 Type='Limit' Time in force=GTC Oco='f4b7c34557ee46fa83f5bc65c38c6d12' Filled=0 Fill price=0 Error='No error' Native error='',
7/26/2026 7:31:34 PM,Order,Order='1eaa950a204d47cb835dbae943b3f278/Sim102' Name='Target2' New state='Submitted' Instrument='MES SEP26' Action='Buy to cover' Limit price=7494.75 Stop price=0 Quantity=7 Type='Limit' Time in force=GTC Oco='2f5ca7829ac34adcbcdd8f298b8d2799' Filled=0 Fill price=0 Error='No error' Native error='',
7/26/2026 7:31:34 PM,Order,Order='8c8a14ca4017494b90425c9159de9f16/Sim102' Name='Stop2' New state='Submitted' Instrument='MES SEP26' Action='Buy to cover' Limit price=0 Stop price=7503.75 Quantity=7 Type='Stop Market' Time in force=GTC Oco='2f5ca7829ac34adcbcdd8f298b8d2799' Filled=0 Fill price=0 Error='No error' Native error='',
7/26/2026 7:31:34 PM,Order,Order='26dd1b7debae41a69ec55515c1d7dd61/Sim102' Name='Target1' New state='Submitted' Instrument='MES SEP26' Action='Buy to cover' Limit price=7495.25 Stop price=0 Quantity=6 Type='Limit' Time in force=GTC Oco='f4b7c34557ee46fa83f5bc65c38c6d12' Filled=0 Fill price=0 Error='No error' Native error='',
7/26/2026 7:31:34 PM,Order,Order='dcafd2f8739b4526ab46dfcc3a8e6857/Sim102' Name='Stop1' New state='Submitted' Instrument='MES SEP26' Action='Buy to cover' Limit price=0 Stop price=7503.75 Quantity=6 Type='Stop Market' Time in force=GTC Oco='f4b7c34557ee46fa83f5bc65c38c6d12' Filled=0 Fill price=0 Error='No error' Native error='',
7/26/2026 7:31:34 PM,Execution,Execution='0c80a54c73d544c7bb11ac57dc38ba6f' Instrument='MES SEP26' Account='Sim102' Exchange=Default Price=7497.75 Quantity=13 Market position=Short Operation=Operation_Add Order='b514dd5f17af4e49aeea3c642684bfab' Time='7/26/2026 7:31 PM',
7/26/2026 7:31:34 PM,Position,Instrument='MES SEP26' Account='Sim102' Average price=7497.75 Quantity=13 Market position=Short Operation=Operation_Add,
7/26/2026 7:31:34 PM,Order,Order='b514dd5f17af4e49aeea3c642684bfab/Sim102' Name='Entry' New state='Filled' Instrument='MES SEP26' Action='Sell' Limit price=0 Stop price=0 Quantity=13 Type='Market' Time in force=GTC Oco='' Filled=13 Fill price=7497.75 Error='No error' Native error='',
7/26/2026 7:31:34 PM,Order,Order='b514dd5f17af4e49aeea3c642684bfab/Sim102' Name='Entry' New state='Working' Instrument='MES SEP26' Action='Sell' Limit price=0 Stop price=0 Quantity=13 Type='Market' Time in force=GTC Oco='' Filled=0 Fill price=0 Error='No error' Native error='',
7/26/2026 7:31:34 PM,Order,Order='b514dd5f17af4e49aeea3c642684bfab/Sim102' Name='Entry' New state='Accepted' Instrument='MES SEP26' Action='Sell' Limit price=0 Stop price=0 Quantity=13 Type='Market' Time in force=GTC Oco='' Filled=0 Fill price=0 Error='No error' Native error='',
7/26/2026 7:31:33 PM,Order,Order='b514dd5f17af4e49aeea3c642684bfab/Sim102' Name='Entry' New state='Submitted' Instrument='MES SEP26' Action='Sell' Limit price=0 Stop price=0 Quantity=13 Type='Market' Time in force=GTC Oco='' Filled=0 Fill price=0 Error='No error' Native error='',
7/26/2026 7:31:33 PM,Order,Chart Trader submitting order with strategy 'MES MIN SL6 - 2' (Ticks),
7/26/2026 7:31:32 PM,Order,Order='63dcd40f5ada4b1bab62753b786bf8a0/Sim101' Name='Stop2' New state='Accepted' Instrument='MES SEP26' Action='Sell' Limit price=0 Stop price=7492 Quantity=7 Type='Stop Market' Time in force=GTC Oco='3713da5457034b1eab406b324888f69d' Filled=0 Fill price=0 Error='No error' Native error='',
7/26/2026 7:31:32 PM,Order,Order='f59867d98f144907b081a9f81eb3cf65/Sim101' Name='Target2' New state='Accepted' Instrument='MES SEP26' Action='Sell' Limit price=7501 Stop price=0 Quantity=7 Type='Limit' Time in force=GTC Oco='3713da5457034b1eab406b324888f69d' Filled=0 Fill price=0 Error='No error' Native error='',
7/26/2026 7:31:32 PM,Order,Order='f59867d98f144907b081a9f81eb3cf65/Sim101' Name='Target2' New state='Working' Instrument='MES SEP26' Action='Sell' Limit price=7501 Stop price=0 Quantity=7 Type='Limit' Time in force=GTC Oco='3713da5457034b1eab406b324888f69d' Filled=0 Fill price=0 Error='No error' Native error='',
7/26/2026 7:31:32 PM,Order,Order='d9d6db5ad5e64282b7f7b87f202a67ae/Sim101' Name='Target1' New state='Working' Instrument='MES SEP26' Action='Sell' Limit price=7500.5 Stop price=0 Quantity=6 Type='Limit' Time in force=GTC Oco='5f32776591ec4fe286805c2b5bc25286' Filled=0 Fill price=0 Error='No error' Native error='',
7/26/2026 7:31:32 PM,Order,Order='2b0ed49f0662444e9988b52b089fbb07/Sim101' Name='Stop1' New state='Accepted' Instrument='MES SEP26' Action='Sell' Limit price=0 Stop price=7492 Quantity=6 Type='Stop Market' Time in force=GTC Oco='5f32776591ec4fe286805c2b5bc25286' Filled=0 Fill price=0 Error='No error' Native error='',
7/26/2026 7:31:32 PM,Order,Order='d9d6db5ad5e64282b7f7b87f202a67ae/Sim101' Name='Target1' New state='Accepted' Instrument='MES SEP26' Action='Sell' Limit price=7500.5 Stop price=0 Quantity=6 Type='Limit' Time in force=GTC Oco='5f32776591ec4fe286805c2b5bc25286' Filled=0 Fill price=0 Error='No error' Native error='',
7/26/2026 7:31:32 PM,Order,Order='f59867d98f144907b081a9f81eb3cf65/Sim101' Name='Target2' New state='Submitted' Instrument='MES SEP26' Action='Sell' Limit price=7501 Stop price=0 Quantity=7 Type='Limit' Time in force=GTC Oco='3713da5457034b1eab406b324888f69d' Filled=0 Fill price=0 Error='No error' Native error='',
7/26/2026 7:31:32 PM,Order,Order='63dcd40f5ada4b1bab62753b786bf8a0/Sim101' Name='Stop2' New state='Submitted' Instrument='MES SEP26' Action='Sell' Limit price=0 Stop price=7492 Quantity=7 Type='Stop Market' Time in force=GTC Oco='3713da5457034b1eab406b324888f69d' Filled=0 Fill price=0 Error='No error' Native error='',
7/26/2026 7:31:32 PM,Order,Order='d9d6db5ad5e64282b7f7b87f202a67ae/Sim101' Name='Target1' New state='Submitted' Instrument='MES SEP26' Action='Sell' Limit price=7500.5 Stop price=0 Quantity=6 Type='Limit' Time in force=GTC Oco='5f32776591ec4fe286805c2b5bc25286' Filled=0 Fill price=0 Error='No error' Native error='',
7/26/2026 7:31:32 PM,Order,Order='2b0ed49f0662444e9988b52b089fbb07/Sim101' Name='Stop1' New state='Submitted' Instrument='MES SEP26' Action='Sell' Limit price=0 Stop price=7492 Quantity=6 Type='Stop Market' Time in force=GTC Oco='5f32776591ec4fe286805c2b5bc25286' Filled=0 Fill price=0 Error='No error' Native error='',
7/26/2026 7:31:32 PM,Execution,Execution='a017aedaad4049cbb7965055699ef47e' Instrument='MES SEP26' Account='Sim101' Exchange=Default Price=7498 Quantity=13 Market position=Long Operation=Operation_Add Order='ede6858095fd45e9b3a949da94e71e6e' Time='7/26/2026 7:31 PM',
7/26/2026 7:31:32 PM,Position,Instrument='MES SEP26' Account='Sim101' Average price=7498 Quantity=13 Market position=Long Operation=Operation_Add,
7/26/2026 7:31:32 PM,Order,Order='ede6858095fd45e9b3a949da94e71e6e/Sim101' Name='Entry' New state='Filled' Instrument='MES SEP26' Action='Buy' Limit price=0 Stop price=0 Quantity=13 Type='Market' Time in force=GTC Oco='' Filled=13 Fill price=7498 Error='No error' Native error='',
7/26/2026 7:31:32 PM,Order,Order='ede6858095fd45e9b3a949da94e71e6e/Sim101' Name='Entry' New state='Accepted' Instrument='MES SEP26' Action='Buy' Limit price=0 Stop price=0 Quantity=13 Type='Market' Time in force=GTC Oco='' Filled=0 Fill price=0 Error='No error' Native error='',
7/26/2026 7:31:32 PM,Order,Order='ede6858095fd45e9b3a949da94e71e6e/Sim101' Name='Entry' New state='Working' Instrument='MES SEP26' Action='Buy' Limit price=0 Stop price=0 Quantity=13 Type='Market' Time in force=GTC Oco='' Filled=0 Fill price=0 Error='No error' Native error='',
7/26/2026 7:31:32 PM,Order,Order='ede6858095fd45e9b3a949da94e71e6e/Sim101' Name='Entry' New state='Submitted' Instrument='MES SEP26' Action='Buy' Limit price=0 Stop price=0 Quantity=13 Type='Market' Time in force=GTC Oco='' Filled=0 Fill price=0 Error='No error' Native error='',
7/26/2026 7:31:32 PM,Order,Chart Trader submitting order with strategy 'MES MIN SL6 - 1' (Ticks),
7/26/2026 7:28:14 PM,Order,Order='a0c0e45d2b4c446f9ce752f4df71df1f/Sim102' Name='PTT-BE-Target-2' New state='Cancelled' Instrument='MES SEP26' Action='Buy to cover' Limit price=7498.25 Stop price=0 Quantity=2 Type='Limit' Time in force=GTC Oco='PTT-BE-Sim1-8886' Filled=0 Fill price=0 Error='No error' Native error='',
7/26/2026 7:28:14 PM,Order,Order='e782d302bf5d4124a202ef2e4a2815f9/Sim102' Name='PTT-BE-Target-1' New state='Cancelled' Instrument='MES SEP26' Action='Buy to cover' Limit price=7498.75 Stop price=0 Quantity=2 Type='Limit' Time in force=GTC Oco='PTT-BE-Sim1-8886' Filled=0 Fill price=0 Error='No error' Native error='',
7/26/2026 7:28:14 PM,Position,Instrument='MES SEP26' Account='Sim102' Average price=0 Quantity=0 Market position=Flat Operation=Remove,
7/26/2026 7:28:14 PM,Order,Order='e782d302bf5d4124a202ef2e4a2815f9/Sim102' Name='PTT-BE-Target-1' New state='Cancel submitted' Instrument='MES SEP26' Action='Buy to cover' Limit price=7498.75 Stop price=0 Quantity=2 Type='Limit' Time in force=GTC Oco='PTT-BE-Sim1-8886' Filled=0 Fill price=0 Error='No error' Native error='',
7/26/2026 7:28:14 PM,Order,Order='a0c0e45d2b4c446f9ce752f4df71df1f/Sim102' Name='PTT-BE-Target-2' New state='Accepted' Instrument='MES SEP26' Action='Buy to cover' Limit price=7498.25 Stop price=0 Quantity=2 Type='Limit' Time in force=GTC Oco='PTT-BE-Sim1-8886' Filled=0 Fill price=0 Error='No error' Native error='',
7/26/2026 7:28:14 PM,Order,Order='a0c0e45d2b4c446f9ce752f4df71df1f/Sim102' Name='PTT-BE-Target-2' New state='Cancel submitted' Instrument='MES SEP26' Action='Buy to cover' Limit price=7498.25 Stop price=0 Quantity=2 Type='Limit' Time in force=GTC Oco='PTT-BE-Sim1-8886' Filled=0 Fill price=0 Error='No error' Native error='',
7/26/2026 7:28:14 PM,Order,Order='e782d302bf5d4124a202ef2e4a2815f9/Sim102' Name='PTT-BE-Target-1' New state='Accepted' Instrument='MES SEP26' Action='Buy to cover' Limit price=7498.75 Stop price=0 Quantity=2 Type='Limit' Time in force=GTC Oco='PTT-BE-Sim1-8886' Filled=0 Fill price=0 Error='No error' Native error='',
7/26/2026 7:28:14 PM,Execution,Execution='83302f9ef10b405583c990c932e0e175' Instrument='MES SEP26' Account='Sim102' Exchange=Default Price=7501.25 Quantity=6 Market position=Long Operation=Operation_Add Order='3fd582757abd404ea5aa87c8134f5945' Time='7/26/2026 7:28 PM',
7/26/2026 7:28:14 PM,Order,Order='3fd582757abd404ea5aa87c8134f5945/Sim102' Name='PTT-BE-Stop' New state='Filled' Instrument='MES SEP26' Action='Buy to cover' Limit price=0 Stop price=7501 Quantity=26 Type='Stop Market' Time in force=DAY Oco='PTT-BE-Sim1-8886' Filled=26 Fill price=7501.0576923076924 Error='No error' Native error='',
7/26/2026 7:28:14 PM,Position,Instrument='MES SEP26' Account='Sim102' Average price=7501.5 Quantity=6 Market position=Short Operation=Update,
7/26/2026 7:28:14 PM,Order,Order='a0c0e45d2b4c446f9ce752f4df71df1f/Sim102' Name='PTT-BE-Target-2' New state='Change submitted' Instrument='MES SEP26' Action='Buy to cover' Limit price=7498.25 Stop price=0 Quantity=2 Type='Limit' Time in force=GTC Oco='PTT-BE-Sim1-8886' Filled=0 Fill price=0 Error='No error' Native error='',
7/26/2026 7:28:14 PM,Execution,Execution='329b7f2da3634020a302f42e81d18319' Instrument='MES SEP26' Account='Sim102' Exchange=Default Price=7501 Quantity=20 Market position=Long Operation=Operation_Add Order='3fd582757abd404ea5aa87c8134f5945' Time='7/26/2026 7:28 PM',
7/26/2026 7:28:14 PM,Order,Order='e782d302bf5d4124a202ef2e4a2815f9/Sim102' Name='PTT-BE-Target-1' New state='Change submitted' Instrument='MES SEP26' Action='Buy to cover' Limit price=7498.75 Stop price=0 Quantity=2 Type='Limit' Time in force=GTC Oco='PTT-BE-Sim1-8886' Filled=0 Fill price=0 Error='No error' Native error='',
7/26/2026 7:28:14 PM,Order,Order='3fd582757abd404ea5aa87c8134f5945/Sim102' Name='PTT-BE-Stop' New state='Partially filled' Instrument='MES SEP26' Action='Buy to cover' Limit price=0 Stop price=7501 Quantity=26 Type='Stop Market' Time in force=DAY Oco='PTT-BE-Sim1-8886' Filled=20 Fill price=7501 Error='No error' Native error='',
7/26/2026 7:28:14 PM,Order,Order='3fd582757abd404ea5aa87c8134f5945/Sim102' Name='PTT-BE-Stop' New state='Working' Instrument='MES SEP26' Action='Buy to cover' Limit price=0 Stop price=7501 Quantity=26 Type='Stop Market' Time in force=DAY Oco='PTT-BE-Sim1-8886' Filled=0 Fill price=0 Error='No error' Native error='',
7/26/2026 7:26:33 PM,Order,Order='a0c0e45d2b4c446f9ce752f4df71df1f/Sim102' Name='PTT-BE-Target-2' New state='Accepted' Instrument='MES SEP26' Action='Buy to cover' Limit price=7498.25 Stop price=0 Quantity=7 Type='Limit' Time in force=GTC Oco='PTT-BE-Sim1-8886' Filled=0 Fill price=0 Error='No error' Native error='',
7/26/2026 7:26:33 PM,Order,Order='a0c0e45d2b4c446f9ce752f4df71df1f/Sim102' Name='PTT-BE-Target-2' New state='Working' Instrument='MES SEP26' Action='Buy to cover' Limit price=7498.25 Stop price=0 Quantity=7 Type='Limit' Time in force=GTC Oco='PTT-BE-Sim1-8886' Filled=0 Fill price=0 Error='No error' Native error='',
7/26/2026 7:26:33 PM,Order,Order='1a17a6d5471d4a49ae178b10c767ca17/Sim102' Name='Stop1' New state='Cancelled' Instrument='MES SEP26' Action='Buy to cover' Limit price=0 Stop price=7507.25 Quantity=6 Type='Stop Market' Time in force=GTC Oco='a94b1cae52284f1fbb029e00f78b5369' Filled=0 Fill price=0 Error='No error' Native error='',
7/26/2026 7:26:33 PM,Order,Order='16c1ca1754224cd19f4891be76b98d7b/Sim102' Name='Stop2' New state='Cancelled' Instrument='MES SEP26' Action='Buy to cover' Limit price=0 Stop price=7507.25 Quantity=7 Type='Stop Market' Time in force=GTC Oco='cc82876b9e51436d97e2b063cdeb1e0b' Filled=0 Fill price=0 Error='No error' Native error='',
7/26/2026 7:26:33 PM,Order,Order='bfee73ea00274f91a5bf244291a2a972/Sim102' Name='Target2' New state='Cancelled' Instrument='MES SEP26' Action='Buy to cover' Limit price=7498.25 Stop price=0 Quantity=7 Type='Limit' Time in force=GTC Oco='cc82876b9e51436d97e2b063cdeb1e0b' Filled=0 Fill price=0 Error='No error' Native error='',
7/26/2026 7:26:33 PM,Order,Order='e782d302bf5d4124a202ef2e4a2815f9/Sim102' Name='PTT-BE-Target-1' New state='Working' Instrument='MES SEP26' Action='Buy to cover' Limit price=7498.75 Stop price=0 Quantity=6 Type='Limit' Time in force=GTC Oco='PTT-BE-Sim1-8886' Filled=0 Fill price=0 Error='No error' Native error='',
7/26/2026 7:26:33 PM,Order,Order='e782d302bf5d4124a202ef2e4a2815f9/Sim102' Name='PTT-BE-Target-1' New state='Accepted' Instrument='MES SEP26' Action='Buy to cover' Limit price=7498.75 Stop price=0 Quantity=6 Type='Limit' Time in force=GTC Oco='PTT-BE-Sim1-8886' Filled=0 Fill price=0 Error='No error' Native error='',
7/26/2026 7:26:33 PM,Order,Order='3fd582757abd404ea5aa87c8134f5945/Sim102' Name='PTT-BE-Stop' New state='Accepted' Instrument='MES SEP26' Action='Buy to cover' Limit price=0 Stop price=7501 Quantity=26 Type='Stop Market' Time in force=DAY Oco='PTT-BE-Sim1-8886' Filled=0 Fill price=0 Error='No error' Native error='',
7/26/2026 7:26:33 PM,Order,Order='211690d9e1a44a6fbe8dc9ecffafd432/Sim102' Name='Target1' New state='Cancelled' Instrument='MES SEP26' Action='Buy to cover' Limit price=7498.75 Stop price=0 Quantity=6 Type='Limit' Time in force=GTC Oco='a94b1cae52284f1fbb029e00f78b5369' Filled=0 Fill price=0 Error='No error' Native error='',
7/26/2026 7:26:33 PM,Order,Order='a0c0e45d2b4c446f9ce752f4df71df1f/Sim102' Name='PTT-BE-Target-2' New state='Submitted' Instrument='MES SEP26' Action='Buy to cover' Limit price=7498.25 Stop price=0 Quantity=7 Type='Limit' Time in force=GTC Oco='PTT-BE-Sim1-8886' Filled=0 Fill price=0 Error='No error' Native error='',
7/26/2026 7:26:33 PM,Order,Order='e782d302bf5d4124a202ef2e4a2815f9/Sim102' Name='PTT-BE-Target-1' New state='Submitted' Instrument='MES SEP26' Action='Buy to cover' Limit price=7498.75 Stop price=0 Quantity=6 Type='Limit' Time in force=GTC Oco='PTT-BE-Sim1-8886' Filled=0 Fill price=0 Error='No error' Native error='',
7/26/2026 7:26:33 PM,Order,Order='3fd582757abd404ea5aa87c8134f5945/Sim102' Name='PTT-BE-Stop' New state='Submitted' Instrument='MES SEP26' Action='Buy to cover' Limit price=0 Stop price=7501 Quantity=26 Type='Stop Market' Time in force=DAY Oco='PTT-BE-Sim1-8886' Filled=0 Fill price=0 Error='No error' Native error='',
7/26/2026 7:26:33 PM,Order,Order='1a17a6d5471d4a49ae178b10c767ca17/Sim102' Name='Stop1' New state='Cancel submitted' Instrument='MES SEP26' Action='Buy to cover' Limit price=0 Stop price=7507.25 Quantity=6 Type='Stop Market' Time in force=GTC Oco='a94b1cae52284f1fbb029e00f78b5369' Filled=0 Fill price=0 Error='No error' Native error='',
7/26/2026 7:26:33 PM,Order,Order='16c1ca1754224cd19f4891be76b98d7b/Sim102' Name='Stop2' New state='Cancel submitted' Instrument='MES SEP26' Action='Buy to cover' Limit price=0 Stop price=7507.25 Quantity=7 Type='Stop Market' Time in force=GTC Oco='cc82876b9e51436d97e2b063cdeb1e0b' Filled=0 Fill price=0 Error='No error' Native error='',
7/26/2026 7:26:33 PM,Order,Order='211690d9e1a44a6fbe8dc9ecffafd432/Sim102' Name='Target1' New state='Cancel submitted' Instrument='MES SEP26' Action='Buy to cover' Limit price=7498.75 Stop price=0 Quantity=6 Type='Limit' Time in force=GTC Oco='a94b1cae52284f1fbb029e00f78b5369' Filled=0 Fill price=0 Error='No error' Native error='',
7/26/2026 7:26:33 PM,Order,Order='bfee73ea00274f91a5bf244291a2a972/Sim102' Name='Target2' New state='Cancel submitted' Instrument='MES SEP26' Action='Buy to cover' Limit price=7498.25 Stop price=0 Quantity=7 Type='Limit' Time in force=GTC Oco='cc82876b9e51436d97e2b063cdeb1e0b' Filled=0 Fill price=0 Error='No error' Native error='',
7/26/2026 7:26:27 PM,Order,Order='a4b84a8dad5c4d10959667015330907a/Sim102' Name='PTT-BE-Stop' New state='Filled' Instrument='MES SEP26' Action='Sell' Limit price=0 Stop price=7501.5 Quantity=13 Type='Stop Market' Time in force=DAY Oco='' Filled=13 Fill price=7501.5 Error='No error' Native error='',
7/26/2026 7:26:27 PM,Execution,Execution='6003c02a0d554041810c39f89f759a16' Instrument='MES SEP26' Account='Sim102' Exchange=Default Price=7501.5 Quantity=13 Market position=Short Operation=Operation_Add Order='a4b84a8dad5c4d10959667015330907a' Time='7/26/2026 7:26 PM',
7/26/2026 7:26:27 PM,Position,Instrument='MES SEP26' Account='Sim102' Average price=7501.375 Quantity=26 Market position=Short Operation=Update,
7/26/2026 7:26:27 PM,Position,Instrument='MES SEP26' Account='Sim101' Average price=0 Quantity=0 Market position=Flat Operation=Remove,
7/26/2026 7:26:27 PM,Order,Order='d1af05b365bd445db3a55fc16602426d/Sim101' Name='PTT-BE-Stop' New state='Filled' Instrument='MES SEP26' Action='Sell' Limit price=0 Stop price=7501.5 Quantity=13 Type='Stop Market' Time in force=DAY Oco='' Filled=13 Fill price=7501.5 Error='No error' Native error='',
7/26/2026 7:26:27 PM,Execution,Execution='7f88ca63c613495cac1a5f3abd96c83d' Instrument='MES SEP26' Account='Sim101' Exchange=Default Price=7501.5 Quantity=13 Market position=Short Operation=Operation_Add Order='d1af05b365bd445db3a55fc16602426d' Time='7/26/2026 7:26 PM',
7/26/2026 7:26:27 PM,Order,Order='d1af05b365bd445db3a55fc16602426d/Sim101' Name='PTT-BE-Stop' New state='Working' Instrument='MES SEP26' Action='Sell' Limit price=0 Stop price=7501.5 Quantity=13 Type='Stop Market' Time in force=DAY Oco='' Filled=0 Fill price=0 Error='No error' Native error='',
7/26/2026 7:26:27 PM,Order,Order='a4b84a8dad5c4d10959667015330907a/Sim102' Name='PTT-BE-Stop' New state='Working' Instrument='MES SEP26' Action='Sell' Limit price=0 Stop price=7501.5 Quantity=13 Type='Stop Market' Time in force=DAY Oco='' Filled=0 Fill price=0 Error='No error' Native error='',
7/26/2026 7:26:13 PM,Order,Order='d1af05b365bd445db3a55fc16602426d/Sim101' Name='PTT-BE-Stop' New state='Accepted' Instrument='MES SEP26' Action='Sell' Limit price=0 Stop price=7501.5 Quantity=13 Type='Stop Market' Time in force=DAY Oco='' Filled=0 Fill price=0 Error='No error' Native error='',
7/26/2026 7:26:13 PM,Order,Order='a4b84a8dad5c4d10959667015330907a/Sim102' Name='PTT-BE-Stop' New state='Accepted' Instrument='MES SEP26' Action='Sell' Limit price=0 Stop price=7501.5 Quantity=13 Type='Stop Market' Time in force=DAY Oco='' Filled=0 Fill price=0 Error='No error' Native error='',
7/26/2026 7:26:13 PM,Order,Order='fc7942c066224c318887501c1e6df754/Sim101' Name='Target2' New state='Cancelled' Instrument='MES SEP26' Action='Sell' Limit price=7504.5 Stop price=0 Quantity=7 Type='Limit' Time in force=GTC Oco='29627e39b49c4d27915246364628bf28' Filled=0 Fill price=0 Error='No error' Native error='',
7/26/2026 7:26:13 PM,Order,Order='537c0950cbf44821b008cef2c01882b3/Sim101' Name='Stop2' New state='Cancelled' Instrument='MES SEP26' Action='Sell' Limit price=0 Stop price=7495.5 Quantity=7 Type='Stop Market' Time in force=GTC Oco='29627e39b49c4d27915246364628bf28' Filled=0 Fill price=0 Error='No error' Native error='',
7/26/2026 7:26:13 PM,Order,Order='48ef476a49184b5983bbfb708fefe8d3/Sim101' Name='Target1' New state='Cancelled' Instrument='MES SEP26' Action='Sell' Limit price=7504 Stop price=0 Quantity=6 Type='Limit' Time in force=GTC Oco='5fc7b916085c4c40870758d754c11e3e' Filled=0 Fill price=0 Error='No error' Native error='',
7/26/2026 7:26:13 PM,Order,Order='ff03e887c4c243459b6cae2ae16172ad/Sim101' Name='Stop1' New state='Cancelled' Instrument='MES SEP26' Action='Sell' Limit price=0 Stop price=7495.5 Quantity=6 Type='Stop Market' Time in force=GTC Oco='5fc7b916085c4c40870758d754c11e3e' Filled=0 Fill price=0 Error='No error' Native error='',
7/26/2026 7:26:13 PM,Order,Order='a4b84a8dad5c4d10959667015330907a/Sim102' Name='PTT-BE-Stop' New state='Submitted' Instrument='MES SEP26' Action='Sell' Limit price=0 Stop price=7501.5 Quantity=13 Type='Stop Market' Time in force=DAY Oco='' Filled=0 Fill price=0 Error='No error' Native error='',
7/26/2026 7:26:13 PM,Order,Order='d1af05b365bd445db3a55fc16602426d/Sim101' Name='PTT-BE-Stop' New state='Submitted' Instrument='MES SEP26' Action='Sell' Limit price=0 Stop price=7501.5 Quantity=13 Type='Stop Market' Time in force=DAY Oco='' Filled=0 Fill price=0 Error='No error' Native error='',
7/26/2026 7:26:13 PM,Order,Order='fc7942c066224c318887501c1e6df754/Sim101' Name='Target2' New state='Cancel submitted' Instrument='MES SEP26' Action='Sell' Limit price=7504.5 Stop price=0 Quantity=7 Type='Limit' Time in force=GTC Oco='29627e39b49c4d27915246364628bf28' Filled=0 Fill price=0 Error='No error' Native error='',
7/26/2026 7:26:13 PM,Order,Order='48ef476a49184b5983bbfb708fefe8d3/Sim101' Name='Target1' New state='Cancel submitted' Instrument='MES SEP26' Action='Sell' Limit price=7504 Stop price=0 Quantity=6 Type='Limit' Time in force=GTC Oco='5fc7b916085c4c40870758d754c11e3e' Filled=0 Fill price=0 Error='No error' Native error='',
7/26/2026 7:26:13 PM,Order,Order='537c0950cbf44821b008cef2c01882b3/Sim101' Name='Stop2' New state='Cancel submitted' Instrument='MES SEP26' Action='Sell' Limit price=0 Stop price=7495.5 Quantity=7 Type='Stop Market' Time in force=GTC Oco='29627e39b49c4d27915246364628bf28' Filled=0 Fill price=0 Error='No error' Native error='',
7/26/2026 7:26:13 PM,Order,Order='ff03e887c4c243459b6cae2ae16172ad/Sim101' Name='Stop1' New state='Cancel submitted' Instrument='MES SEP26' Action='Sell' Limit price=0 Stop price=7495.5 Quantity=6 Type='Stop Market' Time in force=GTC Oco='5fc7b916085c4c40870758d754c11e3e' Filled=0 Fill price=0 Error='No error' Native error='',
7/26/2026 7:25:53 PM,Order,Order='bfee73ea00274f91a5bf244291a2a972/Sim102' Name='Target2' New state='Accepted' Instrument='MES SEP26' Action='Buy to cover' Limit price=7498.25 Stop price=0 Quantity=7 Type='Limit' Time in force=GTC Oco='cc82876b9e51436d97e2b063cdeb1e0b' Filled=0 Fill price=0 Error='No error' Native error='',
7/26/2026 7:25:53 PM,Order,Order='bfee73ea00274f91a5bf244291a2a972/Sim102' Name='Target2' New state='Working' Instrument='MES SEP26' Action='Buy to cover' Limit price=7498.25 Stop price=0 Quantity=7 Type='Limit' Time in force=GTC Oco='cc82876b9e51436d97e2b063cdeb1e0b' Filled=0 Fill price=0 Error='No error' Native error='',
7/26/2026 7:25:53 PM,Order,Order='211690d9e1a44a6fbe8dc9ecffafd432/Sim102' Name='Target1' New state='Working' Instrument='MES SEP26' Action='Buy to cover' Limit price=7498.75 Stop price=0 Quantity=6 Type='Limit' Time in force=GTC Oco='a94b1cae52284f1fbb029e00f78b5369' Filled=0 Fill price=0 Error='No error' Native error='',
7/26/2026 7:25:53 PM,Order,Order='1a17a6d5471d4a49ae178b10c767ca17/Sim102' Name='Stop1' New state='Accepted' Instrument='MES SEP26' Action='Buy to cover' Limit price=0 Stop price=7507.25 Quantity=6 Type='Stop Market' Time in force=GTC Oco='a94b1cae52284f1fbb029e00f78b5369' Filled=0 Fill price=0 Error='No error' Native error='',
7/26/2026 7:25:53 PM,Order,Order='16c1ca1754224cd19f4891be76b98d7b/Sim102' Name='Stop2' New state='Accepted' Instrument='MES SEP26' Action='Buy to cover' Limit price=0 Stop price=7507.25 Quantity=7 Type='Stop Market' Time in force=GTC Oco='cc82876b9e51436d97e2b063cdeb1e0b' Filled=0 Fill price=0 Error='No error' Native error='',
7/26/2026 7:25:53 PM,Order,Order='211690d9e1a44a6fbe8dc9ecffafd432/Sim102' Name='Target1' New state='Accepted' Instrument='MES SEP26' Action='Buy to cover' Limit price=7498.75 Stop price=0 Quantity=6 Type='Limit' Time in force=GTC Oco='a94b1cae52284f1fbb029e00f78b5369' Filled=0 Fill price=0 Error='No error' Native error='',
7/26/2026 7:25:53 PM,Order,Order='bfee73ea00274f91a5bf244291a2a972/Sim102' Name='Target2' New state='Submitted' Instrument='MES SEP26' Action='Buy to cover' Limit price=7498.25 Stop price=0 Quantity=7 Type='Limit' Time in force=GTC Oco='cc82876b9e51436d97e2b063cdeb1e0b' Filled=0 Fill price=0 Error='No error' Native error='',
7/26/2026 7:25:53 PM,Order,Order='16c1ca1754224cd19f4891be76b98d7b/Sim102' Name='Stop2' New state='Submitted' Instrument='MES SEP26' Action='Buy to cover' Limit price=0 Stop price=7507.25 Quantity=7 Type='Stop Market' Time in force=GTC Oco='cc82876b9e51436d97e2b063cdeb1e0b' Filled=0 Fill price=0 Error='No error' Native error='',
7/26/2026 7:25:53 PM,Order,Order='211690d9e1a44a6fbe8dc9ecffafd432/Sim102' Name='Target1' New state='Submitted' Instrument='MES SEP26' Action='Buy to cover' Limit price=7498.75 Stop price=0 Quantity=6 Type='Limit' Time in force=GTC Oco='a94b1cae52284f1fbb029e00f78b5369' Filled=0 Fill price=0 Error='No error' Native error='',
7/26/2026 7:25:53 PM,Order,Order='1a17a6d5471d4a49ae178b10c767ca17/Sim102' Name='Stop1' New state='Submitted' Instrument='MES SEP26' Action='Buy to cover' Limit price=0 Stop price=7507.25 Quantity=6 Type='Stop Market' Time in force=GTC Oco='a94b1cae52284f1fbb029e00f78b5369' Filled=0 Fill price=0 Error='No error' Native error='',
7/26/2026 7:25:53 PM,Execution,Execution='14c40d541d8a4456b5beba1b5057e5b8' Instrument='MES SEP26' Account='Sim102' Exchange=Default Price=7501.25 Quantity=13 Market position=Short Operation=Operation_Add Order='39aa577620e54552a7aef5eae9b9b75a' Time='7/26/2026 7:25 PM',
7/26/2026 7:25:53 PM,Position,Instrument='MES SEP26' Account='Sim102' Average price=7501.25 Quantity=13 Market position=Short Operation=Operation_Add,
7/26/2026 7:25:53 PM,Order,Order='39aa577620e54552a7aef5eae9b9b75a/Sim102' Name='Entry' New state='Filled' Instrument='MES SEP26' Action='Sell' Limit price=0 Stop price=0 Quantity=13 Type='Market' Time in force=GTC Oco='' Filled=13 Fill price=7501.25 Error='No error' Native error='',
7/26/2026 7:25:53 PM,Order,Order='39aa577620e54552a7aef5eae9b9b75a/Sim102' Name='Entry' New state='Accepted' Instrument='MES SEP26' Action='Sell' Limit price=0 Stop price=0 Quantity=13 Type='Market' Time in force=GTC Oco='' Filled=0 Fill price=0 Error='No error' Native error='',
7/26/2026 7:25:53 PM,Order,Order='39aa577620e54552a7aef5eae9b9b75a/Sim102' Name='Entry' New state='Working' Instrument='MES SEP26' Action='Sell' Limit price=0 Stop price=0 Quantity=13 Type='Market' Time in force=GTC Oco='' Filled=0 Fill price=0 Error='No error' Native error='',
7/26/2026 7:25:53 PM,Order,Order='39aa577620e54552a7aef5eae9b9b75a/Sim102' Name='Entry' New state='Submitted' Instrument='MES SEP26' Action='Sell' Limit price=0 Stop price=0 Quantity=13 Type='Market' Time in force=GTC Oco='' Filled=0 Fill price=0 Error='No error' Native error='',
7/26/2026 7:25:52 PM,Order,Chart Trader submitting order with strategy 'MES MIN SL6 - 2' (Ticks),
7/26/2026 7:25:52 PM,Order,Order='fc7942c066224c318887501c1e6df754/Sim101' Name='Target2' New state='Accepted' Instrument='MES SEP26' Action='Sell' Limit price=7504.5 Stop price=0 Quantity=7 Type='Limit' Time in force=GTC Oco='29627e39b49c4d27915246364628bf28' Filled=0 Fill price=0 Error='No error' Native error='',
7/26/2026 7:25:52 PM,Order,Order='fc7942c066224c318887501c1e6df754/Sim101' Name='Target2' New state='Working' Instrument='MES SEP26' Action='Sell' Limit price=7504.5 Stop price=0 Quantity=7 Type='Limit' Time in force=GTC Oco='29627e39b49c4d27915246364628bf28' Filled=0 Fill price=0 Error='No error' Native error='',
7/26/2026 7:25:52 PM,Order,Order='537c0950cbf44821b008cef2c01882b3/Sim101' Name='Stop2' New state='Accepted' Instrument='MES SEP26' Action='Sell' Limit price=0 Stop price=7495.5 Quantity=7 Type='Stop Market' Time in force=GTC Oco='29627e39b49c4d27915246364628bf28' Filled=0 Fill price=0 Error='No error' Native error='',
7/26/2026 7:25:52 PM,Order,Order='48ef476a49184b5983bbfb708fefe8d3/Sim101' Name='Target1' New state='Working' Instrument='MES SEP26' Action='Sell' Limit price=7504 Stop price=0 Quantity=6 Type='Limit' Time in force=GTC Oco='5fc7b916085c4c40870758d754c11e3e' Filled=0 Fill price=0 Error='No error' Native error='',
7/26/2026 7:25:52 PM,Order,Order='48ef476a49184b5983bbfb708fefe8d3/Sim101' Name='Target1' New state='Accepted' Instrument='MES SEP26' Action='Sell' Limit price=7504 Stop price=0 Quantity=6 Type='Limit' Time in force=GTC Oco='5fc7b916085c4c40870758d754c11e3e' Filled=0 Fill price=0 Error='No error' Native error='',
7/26/2026 7:25:52 PM,Order,Order='ff03e887c4c243459b6cae2ae16172ad/Sim101' Name='Stop1' New state='Accepted' Instrument='MES SEP26' Action='Sell' Limit price=0 Stop price=7495.5 Quantity=6 Type='Stop Market' Time in force=GTC Oco='5fc7b916085c4c40870758d754c11e3e' Filled=0 Fill price=0 Error='No error' Native error='',
7/26/2026 7:25:52 PM,Order,Order='fc7942c066224c318887501c1e6df754/Sim101' Name='Target2' New state='Submitted' Instrument='MES SEP26' Action='Sell' Limit price=7504.5 Stop price=0 Quantity=7 Type='Limit' Time in force=GTC Oco='29627e39b49c4d27915246364628bf28' Filled=0 Fill price=0 Error='No error' Native error='',
7/26/2026 7:25:52 PM,Order,Order='537c0950cbf44821b008cef2c01882b3/Sim101' Name='Stop2' New state='Submitted' Instrument='MES SEP26' Action='Sell' Limit price=0 Stop price=7495.5 Quantity=7 Type='Stop Market' Time in force=GTC Oco='29627e39b49c4d27915246364628bf28' Filled=0 Fill price=0 Error='No error' Native error='',
7/26/2026 7:25:52 PM,Position,Instrument='MES SEP26' Account='Sim101' Average price=7501.5 Quantity=13 Market position=Long Operation=Operation_Add,
7/26/2026 7:25:52 PM,Order,Order='48ef476a49184b5983bbfb708fefe8d3/Sim101' Name='Target1' New state='Submitted' Instrument='MES SEP26' Action='Sell' Limit price=7504 Stop price=0 Quantity=6 Type='Limit' Time in force=GTC Oco='5fc7b916085c4c40870758d754c11e3e' Filled=0 Fill price=0 Error='No error' Native error='',
7/26/2026 7:25:52 PM,Order,Order='ff03e887c4c243459b6cae2ae16172ad/Sim101' Name='Stop1' New state='Submitted' Instrument='MES SEP26' Action='Sell' Limit price=0 Stop price=7495.5 Quantity=6 Type='Stop Market' Time in force=GTC Oco='5fc7b916085c4c40870758d754c11e3e' Filled=0 Fill price=0 Error='No error' Native error='',
7/26/2026 7:25:52 PM,Execution,Execution='fe9672a22d5741ffa77113da5671776b' Instrument='MES SEP26' Account='Sim101' Exchange=Default Price=7501.5 Quantity=13 Market position=Long Operation=Operation_Add Order='e1129622464b4b7f8e5d7750d233c9eb' Time='7/26/2026 7:25 PM',
7/26/2026 7:25:52 PM,Order,Order='e1129622464b4b7f8e5d7750d233c9eb/Sim101' Name='Entry' New state='Filled' Instrument='MES SEP26' Action='Buy' Limit price=0 Stop price=0 Quantity=13 Type='Market' Time in force=GTC Oco='' Filled=13 Fill price=7501.5 Error='No error' Native error='',
7/26/2026 7:25:52 PM,Order,Order='e1129622464b4b7f8e5d7750d233c9eb/Sim101' Name='Entry' New state='Working' Instrument='MES SEP26' Action='Buy' Limit price=0 Stop price=0 Quantity=13 Type='Market' Time in force=GTC Oco='' Filled=0 Fill price=0 Error='No error' Native error='',
7/26/2026 7:25:52 PM,Order,Order='e1129622464b4b7f8e5d7750d233c9eb/Sim101' Name='Entry' New state='Accepted' Instrument='MES SEP26' Action='Buy' Limit price=0 Stop price=0 Quantity=13 Type='Market' Time in force=GTC Oco='' Filled=0 Fill price=0 Error='No error' Native error='',
7/26/2026 7:25:51 PM,Order,Order='e1129622464b4b7f8e5d7750d233c9eb/Sim101' Name='Entry' New state='Submitted' Instrument='MES SEP26' Action='Buy' Limit price=0 Stop price=0 Quantity=13 Type='Market' Time in force=GTC Oco='' Filled=0 Fill price=0 Error='No error' Native error='',
7/26/2026 7:25:51 PM,Order,Chart Trader submitting order with strategy 'MES MIN SL6 - 1' (Ticks),
7/26/2026 7:25:14 PM,Connection,Using HDS (hds-us-nt-018.ninjatrader.com/31655),
7/26/2026 7:25:14 PM,Connection,Time to auto close position='12:00:00 AM' Enabled=False,
7/26/2026 7:25:13 PM,Connection,My Rithmic for NinjaTrader Brokerage: Primary connection=Connected Price feed=Connected,
7/26/2026 7:24:48 PM,Default,Restoring workspace '3'...,
7/26/2026 7:24:39 PM,Default,Restoring workspace 'Testing'...,
7/26/2026 7:24:38 PM,Order,Order entry hot keys disabled,
7/26/2026 7:24:38 PM,Default,Auto close enabled=False,
7/26/2026 7:24:38 PM,Connection,My Rithmic for NinjaTrader Brokerage: Primary connection=Connecting Price feed=Connecting,
7/26/2026 7:24:38 PM,Default,Auto connecting 'My Rithmic for NinjaTrader Brokerage'...,
7/26/2026 7:24:38 PM,Default,Automated trading disabled,
7/26/2026 7:24:38 PM,Connection,Using IS (is-us-nt-006.ninjatrader.com/31658),
7/26/2026 7:24:34 PM,Default,Global simulation mode disabled,
7/26/2026 7:24:20 PM,Default,Session Break (Version 8.1.7.2),
7/26/2026 3:30:43 PM,Connection,My Rithmic for NinjaTrader Brokerage: Primary connection=Disconnecting Price feed=Disconnecting,
7/26/2026 3:30:42 PM,Default,Workspace Testing not saved,
7/26/2026 3:30:41 PM,Default,Workspace 3 not saved,
7/26/2026 3:30:28 PM,Connection,Connection restored to the NinjaTrader Historical Data Server: hds-us-nt-019.ninjatrader.com,
7/26/2026 3:30:28 PM,Connection,Using HDS (hds-us-nt-019.ninjatrader.com/31655),
7/26/2026 3:30:19 PM,Connection,My Rithmic for NinjaTrader Brokerage: Primary connection=Connection lost Price feed=Connected,
7/26/2026 3:30:18 PM,Connection,Connection lost to the NinjaTrader Historical Data Server: hds-us-nt-015.ninjatrader.com,
7/26/2026 2:00:18 PM,Connection,My Rithmic for NinjaTrader Brokerage: Primary connection=Connected Price feed=Connection lost,
7/26/2026 2:00:12 PM,Connection,Connection restored to the NinjaTrader Historical Data Server: hds-us-nt-015.ninjatrader.com,
7/26/2026 1:57:01 PM,Connection,Using HDS (hds-us-nt-011.ninjatrader.com/31655),
7/26/2026 1:56:59 PM,Connection,My Rithmic for NinjaTrader Brokerage: Primary connection=Connection lost Price feed=Connection lost,
7/26/2026 1:56:55 PM,Connection,My Rithmic for NinjaTrader Brokerage: Primary connection=Connected Price feed=Connection lost,
7/26/2026 1:56:51 PM,Connection,Connection lost to the NinjaTrader Historical Data Server: hds-us-nt-008.ninjatrader.com,
7/26/2026 1:42:50 PM,Connection,Using HDS (hds-us-nt-008.ninjatrader.com/31655),
7/26/2026 1:42:50 PM,Connection,Time to auto close position='12:00:00 AM' Enabled=False,
7/26/2026 1:42:49 PM,Connection,My Rithmic for NinjaTrader Brokerage: Primary connection=Connected Price feed=Connected,
7/26/2026 1:42:37 PM,Default,Restoring workspace 'Testing'...,
7/26/2026 1:42:33 PM,Default,Restoring workspace '3'...,
7/26/2026 1:42:32 PM,Default,Auto close enabled=False,
7/26/2026 1:42:32 PM,Order,Order entry hot keys disabled,
7/26/2026 1:42:31 PM,Connection,My Rithmic for NinjaTrader Brokerage: Primary connection=Connecting Price feed=Connecting,
7/26/2026 1:42:31 PM,Default,Auto connecting 'My Rithmic for NinjaTrader Brokerage'...,
7/26/2026 1:42:31 PM,Default,Automated trading disabled,
7/26/2026 1:42:31 PM,Connection,Using IS (is-us-nt-006.ninjatrader.com/31658),
7/26/2026 1:42:28 PM,Default,Global simulation mode disabled,
7/26/2026 1:42:13 PM,Default,Session Break (Version 8.1.7.2),
