Time,Category,Message,
7/16/2026 7:48:09 PM,Position,Instrument='MES SEP26' Account='Sim102' Average price=0 Quantity=0 Market position=Flat Operation=Remove,
7/16/2026 7:48:09 PM,Execution,Execution='7c59cad03e2241758efa958d9ee1954e' Instrument='MES SEP26' Account='Sim102' Exchange=Default Price=7532 Quantity=9 Market position=Long Operation=Operation_Add Order='1828c59b6c8e48df9cb5d9a7b1f9924b' Time='7/16/2026 7:48 PM',
7/16/2026 7:48:09 PM,Order,Order='1828c59b6c8e48df9cb5d9a7b1f9924b/Sim102' Name='Close' New state='Filled' Instrument='MES SEP26' Action='Buy to cover' Limit price=0 Stop price=0 Quantity=12 Type='Market' Time in force=DAY Oco='' Filled=12 Fill price=7531.9375 Error='No error' Native error='',
7/16/2026 7:48:09 PM,Position,Instrument='MES SEP26' Account='Sim102' Average price=7531.1944444444443 Quantity=9 Market position=Short Operation=Update,
7/16/2026 7:48:09 PM,Execution,Execution='705cbc9d801e455da2f3acf321108ed8' Instrument='MES SEP26' Account='Sim102' Exchange=Default Price=7531.75 Quantity=3 Market position=Long Operation=Operation_Add Order='1828c59b6c8e48df9cb5d9a7b1f9924b' Time='7/16/2026 7:48 PM',
7/16/2026 7:48:09 PM,Order,Order='1828c59b6c8e48df9cb5d9a7b1f9924b/Sim102' Name='Close' New state='Partially filled' Instrument='MES SEP26' Action='Buy to cover' Limit price=0 Stop price=0 Quantity=12 Type='Market' Time in force=DAY Oco='' Filled=3 Fill price=7531.75 Error='No error' Native error='',
7/16/2026 7:48:09 PM,Order,Order='1828c59b6c8e48df9cb5d9a7b1f9924b/Sim102' Name='Close' New state='Working' Instrument='MES SEP26' Action='Buy to cover' Limit price=0 Stop price=0 Quantity=12 Type='Market' Time in force=DAY Oco='' Filled=0 Fill price=0 Error='No error' Native error='',
7/16/2026 7:48:09 PM,Order,Order='1828c59b6c8e48df9cb5d9a7b1f9924b/Sim102' Name='Close' New state='Accepted' Instrument='MES SEP26' Action='Buy to cover' Limit price=0 Stop price=0 Quantity=12 Type='Market' Time in force=DAY Oco='' Filled=0 Fill price=0 Error='No error' Native error='',
7/16/2026 7:48:09 PM,Order,Order='1828c59b6c8e48df9cb5d9a7b1f9924b/Sim102' Name='Close' New state='Submitted' Instrument='MES SEP26' Action='Buy to cover' Limit price=0 Stop price=0 Quantity=12 Type='Market' Time in force=DAY Oco='' Filled=0 Fill price=0 Error='No error' Native error='',
7/16/2026 7:48:09 PM,Order,Order='37a96b120771457da1aeef7a7e68c50e/Sim102' Name='Target4' New state='Cancelled' Instrument='MES SEP26' Action='Buy to cover' Limit price=7527.25 Stop price=0 Quantity=1 Type='Limit' Time in force=GTC Oco='0ab9e03e88484490ad8ecab90ccfadc7' Filled=0 Fill price=0 Error='No error' Native error='',
7/16/2026 7:48:09 PM,Order,Order='baca0e1f433d4283b0d67191bb908215/Sim102' Name='Stop4' New state='Cancelled' Instrument='MES SEP26' Action='Buy to cover' Limit price=0 Stop price=7535.25 Quantity=1 Type='Stop Market' Time in force=GTC Oco='0ab9e03e88484490ad8ecab90ccfadc7' Filled=0 Fill price=0 Error='No error' Native error='',
7/16/2026 7:48:09 PM,Order,Order='62092648b5cf43a8b6ab9815f50530d2/Sim102' Name='Target3' New state='Cancelled' Instrument='MES SEP26' Action='Buy to cover' Limit price=7528.25 Stop price=0 Quantity=1 Type='Limit' Time in force=GTC Oco='2d5daf6122264d5cbcda78c0bc02d870' Filled=0 Fill price=0 Error='No error' Native error='',
7/16/2026 7:48:09 PM,Order,Order='a9f3c6382953493d8f4c7e71c84f2739/Sim102' Name='Stop3' New state='Cancelled' Instrument='MES SEP26' Action='Buy to cover' Limit price=0 Stop price=7535.25 Quantity=1 Type='Stop Market' Time in force=GTC Oco='2d5daf6122264d5cbcda78c0bc02d870' Filled=0 Fill price=0 Error='No error' Native error='',
7/16/2026 7:48:09 PM,Order,Order='00a0923b42414afcbc30b81783f579dd/Sim102' Name='Stop2' New state='Cancelled' Instrument='MES SEP26' Action='Buy to cover' Limit price=0 Stop price=7535.25 Quantity=1 Type='Stop Market' Time in force=GTC Oco='63a58ae51cdc42e19140a364a7a3e659' Filled=0 Fill price=0 Error='No error' Native error='',
7/16/2026 7:48:09 PM,Order,Order='f51861cc49af4aad9fe1625df4d15ea5/Sim102' Name='Stop1' New state='Cancelled' Instrument='MES SEP26' Action='Buy to cover' Limit price=0 Stop price=7535.25 Quantity=9 Type='Stop Market' Time in force=GTC Oco='3da3f6037285434fb2a2d65d3c173048' Filled=0 Fill price=0 Error='No error' Native error='',
7/16/2026 7:48:09 PM,Order,Order='a8fdc147d67e4b9ab68cb56d8a218bea/Sim102' Name='Target2' New state='Cancelled' Instrument='MES SEP26' Action='Buy to cover' Limit price=7529.25 Stop price=0 Quantity=1 Type='Limit' Time in force=GTC Oco='63a58ae51cdc42e19140a364a7a3e659' Filled=0 Fill price=0 Error='No error' Native error='',
7/16/2026 7:48:09 PM,Order,Order='e5bbf218bd3d48a39d2132003a505532/Sim102' Name='Target1' New state='Cancelled' Instrument='MES SEP26' Action='Buy to cover' Limit price=7530.25 Stop price=0 Quantity=9 Type='Limit' Time in force=GTC Oco='3da3f6037285434fb2a2d65d3c173048' Filled=0 Fill price=0 Error='No error' Native error='',
7/16/2026 7:48:09 PM,Order,Order='baca0e1f433d4283b0d67191bb908215/Sim102' Name='Stop4' New state='Cancel submitted' Instrument='MES SEP26' Action='Buy to cover' Limit price=0 Stop price=7535.25 Quantity=1 Type='Stop Market' Time in force=GTC Oco='0ab9e03e88484490ad8ecab90ccfadc7' Filled=0 Fill price=0 Error='No error' Native error='',
7/16/2026 7:48:09 PM,Order,Order='a9f3c6382953493d8f4c7e71c84f2739/Sim102' Name='Stop3' New state='Cancel submitted' Instrument='MES SEP26' Action='Buy to cover' Limit price=0 Stop price=7535.25 Quantity=1 Type='Stop Market' Time in force=GTC Oco='2d5daf6122264d5cbcda78c0bc02d870' Filled=0 Fill price=0 Error='No error' Native error='',
7/16/2026 7:48:09 PM,Order,Order='00a0923b42414afcbc30b81783f579dd/Sim102' Name='Stop2' New state='Cancel submitted' Instrument='MES SEP26' Action='Buy to cover' Limit price=0 Stop price=7535.25 Quantity=1 Type='Stop Market' Time in force=GTC Oco='63a58ae51cdc42e19140a364a7a3e659' Filled=0 Fill price=0 Error='No error' Native error='',
7/16/2026 7:48:09 PM,Order,Order='f51861cc49af4aad9fe1625df4d15ea5/Sim102' Name='Stop1' New state='Cancel submitted' Instrument='MES SEP26' Action='Buy to cover' Limit price=0 Stop price=7535.25 Quantity=9 Type='Stop Market' Time in force=GTC Oco='3da3f6037285434fb2a2d65d3c173048' Filled=0 Fill price=0 Error='No error' Native error='',
7/16/2026 7:48:09 PM,Order,Order='37a96b120771457da1aeef7a7e68c50e/Sim102' Name='Target4' New state='Cancel submitted' Instrument='MES SEP26' Action='Buy to cover' Limit price=7527.25 Stop price=0 Quantity=1 Type='Limit' Time in force=GTC Oco='0ab9e03e88484490ad8ecab90ccfadc7' Filled=0 Fill price=0 Error='No error' Native error='',
7/16/2026 7:48:09 PM,Order,Order='62092648b5cf43a8b6ab9815f50530d2/Sim102' Name='Target3' New state='Cancel submitted' Instrument='MES SEP26' Action='Buy to cover' Limit price=7528.25 Stop price=0 Quantity=1 Type='Limit' Time in force=GTC Oco='2d5daf6122264d5cbcda78c0bc02d870' Filled=0 Fill price=0 Error='No error' Native error='',
7/16/2026 7:48:09 PM,Order,Order='a8fdc147d67e4b9ab68cb56d8a218bea/Sim102' Name='Target2' New state='Cancel submitted' Instrument='MES SEP26' Action='Buy to cover' Limit price=7529.25 Stop price=0 Quantity=1 Type='Limit' Time in force=GTC Oco='63a58ae51cdc42e19140a364a7a3e659' Filled=0 Fill price=0 Error='No error' Native error='',
7/16/2026 7:48:09 PM,Order,Order='e5bbf218bd3d48a39d2132003a505532/Sim102' Name='Target1' New state='Cancel submitted' Instrument='MES SEP26' Action='Buy to cover' Limit price=7530.25 Stop price=0 Quantity=9 Type='Limit' Time in force=GTC Oco='3da3f6037285434fb2a2d65d3c173048' Filled=0 Fill price=0 Error='No error' Native error='',
7/16/2026 7:48:09 PM,Default,Chart Trader close position,
7/16/2026 7:48:08 PM,Position,Instrument='MES SEP26' Account='Sim101' Average price=0 Quantity=0 Market position=Flat Operation=Remove,
7/16/2026 7:48:08 PM,Execution,Execution='cbd2bd468e1e498585ba611919f41406' Instrument='MES SEP26' Account='Sim101' Exchange=Default Price=7531.5 Quantity=12 Market position=Short Operation=Operation_Add Order='4cf4637646fe45039fbf4c576b88679e' Time='7/16/2026 7:48 PM',
7/16/2026 7:48:08 PM,Order,Order='4cf4637646fe45039fbf4c576b88679e/Sim101' Name='Close' New state='Filled' Instrument='MES SEP26' Action='Sell' Limit price=0 Stop price=0 Quantity=12 Type='Market' Time in force=DAY Oco='' Filled=12 Fill price=7531.5 Error='No error' Native error='',
7/16/2026 7:48:08 PM,Order,Order='4cf4637646fe45039fbf4c576b88679e/Sim101' Name='Close' New state='Working' Instrument='MES SEP26' Action='Sell' Limit price=0 Stop price=0 Quantity=12 Type='Market' Time in force=DAY Oco='' Filled=0 Fill price=0 Error='No error' Native error='',
7/16/2026 7:48:08 PM,Order,Order='4cf4637646fe45039fbf4c576b88679e/Sim101' Name='Close' New state='Accepted' Instrument='MES SEP26' Action='Sell' Limit price=0 Stop price=0 Quantity=12 Type='Market' Time in force=DAY Oco='' Filled=0 Fill price=0 Error='No error' Native error='',
7/16/2026 7:48:08 PM,Order,Order='4cf4637646fe45039fbf4c576b88679e/Sim101' Name='Close' New state='Submitted' Instrument='MES SEP26' Action='Sell' Limit price=0 Stop price=0 Quantity=12 Type='Market' Time in force=DAY Oco='' Filled=0 Fill price=0 Error='No error' Native error='',
7/16/2026 7:48:08 PM,Order,Order='6c4c6c5c82d64cf9ab62871ce4814cf7/Sim101' Name='Stop3' New state='Cancelled' Instrument='MES SEP26' Action='Sell' Limit price=0 Stop price=7527.5 Quantity=1 Type='Stop Market' Time in force=GTC Oco='20d4ce872df74d6f9c548504e1d0c12f' Filled=0 Fill price=0 Error='No error' Native error='',
7/16/2026 7:48:08 PM,Order,Order='512e264055b24fb5840d5b320e01de05/Sim101' Name='Stop1' New state='Cancelled' Instrument='MES SEP26' Action='Sell' Limit price=0 Stop price=7527.5 Quantity=9 Type='Stop Market' Time in force=GTC Oco='603b6a68343849dd8c522e4ed5ae2750' Filled=0 Fill price=0 Error='No error' Native error='',
7/16/2026 7:48:08 PM,Order,Order='fe2bfe8bc15d4fcb8862ac6c77a12b4b/Sim101' Name='Target4' New state='Cancelled' Instrument='MES SEP26' Action='Sell' Limit price=7535.5 Stop price=0 Quantity=1 Type='Limit' Time in force=GTC Oco='e01e0a08a2404f89857d1a502e1a81fe' Filled=0 Fill price=0 Error='No error' Native error='',
7/16/2026 7:48:08 PM,Order,Order='54389c8f8e0a4a5189a844744fbdb6ea/Sim101' Name='Stop2' New state='Cancelled' Instrument='MES SEP26' Action='Sell' Limit price=0 Stop price=7527.5 Quantity=1 Type='Stop Market' Time in force=GTC Oco='066fce1993bc4513b41cb249f05f618e' Filled=0 Fill price=0 Error='No error' Native error='',
7/16/2026 7:48:08 PM,Order,Order='e4e24929181c4e4f99a927c47a1cab85/Sim101' Name='Stop4' New state='Cancelled' Instrument='MES SEP26' Action='Sell' Limit price=0 Stop price=7527.5 Quantity=1 Type='Stop Market' Time in force=GTC Oco='e01e0a08a2404f89857d1a502e1a81fe' Filled=0 Fill price=0 Error='No error' Native error='',
7/16/2026 7:48:08 PM,Order,Order='b4efde994e594839b3a2f1ddceca7a60/Sim101' Name='Target3' New state='Cancelled' Instrument='MES SEP26' Action='Sell' Limit price=7534.5 Stop price=0 Quantity=1 Type='Limit' Time in force=GTC Oco='20d4ce872df74d6f9c548504e1d0c12f' Filled=0 Fill price=0 Error='No error' Native error='',
7/16/2026 7:48:08 PM,Order,Order='305296aedd374cffb304881421a51eb2/Sim101' Name='Target2' New state='Cancelled' Instrument='MES SEP26' Action='Sell' Limit price=7533.5 Stop price=0 Quantity=1 Type='Limit' Time in force=GTC Oco='066fce1993bc4513b41cb249f05f618e' Filled=0 Fill price=0 Error='No error' Native error='',
7/16/2026 7:48:08 PM,Order,Order='5060fdfc8e004146955ef57545d3065e/Sim101' Name='Target1' New state='Cancelled' Instrument='MES SEP26' Action='Sell' Limit price=7532.5 Stop price=0 Quantity=9 Type='Limit' Time in force=GTC Oco='603b6a68343849dd8c522e4ed5ae2750' Filled=0 Fill price=0 Error='No error' Native error='',
7/16/2026 7:48:08 PM,Order,Order='e4e24929181c4e4f99a927c47a1cab85/Sim101' Name='Stop4' New state='Cancel submitted' Instrument='MES SEP26' Action='Sell' Limit price=0 Stop price=7527.5 Quantity=1 Type='Stop Market' Time in force=GTC Oco='e01e0a08a2404f89857d1a502e1a81fe' Filled=0 Fill price=0 Error='No error' Native error='',
7/16/2026 7:48:08 PM,Order,Order='6c4c6c5c82d64cf9ab62871ce4814cf7/Sim101' Name='Stop3' New state='Cancel submitted' Instrument='MES SEP26' Action='Sell' Limit price=0 Stop price=7527.5 Quantity=1 Type='Stop Market' Time in force=GTC Oco='20d4ce872df74d6f9c548504e1d0c12f' Filled=0 Fill price=0 Error='No error' Native error='',
7/16/2026 7:48:08 PM,Order,Order='54389c8f8e0a4a5189a844744fbdb6ea/Sim101' Name='Stop2' New state='Cancel submitted' Instrument='MES SEP26' Action='Sell' Limit price=0 Stop price=7527.5 Quantity=1 Type='Stop Market' Time in force=GTC Oco='066fce1993bc4513b41cb249f05f618e' Filled=0 Fill price=0 Error='No error' Native error='',
7/16/2026 7:48:08 PM,Order,Order='512e264055b24fb5840d5b320e01de05/Sim101' Name='Stop1' New state='Cancel submitted' Instrument='MES SEP26' Action='Sell' Limit price=0 Stop price=7527.5 Quantity=9 Type='Stop Market' Time in force=GTC Oco='603b6a68343849dd8c522e4ed5ae2750' Filled=0 Fill price=0 Error='No error' Native error='',
7/16/2026 7:48:08 PM,Order,Order='fe2bfe8bc15d4fcb8862ac6c77a12b4b/Sim101' Name='Target4' New state='Cancel submitted' Instrument='MES SEP26' Action='Sell' Limit price=7535.5 Stop price=0 Quantity=1 Type='Limit' Time in force=GTC Oco='e01e0a08a2404f89857d1a502e1a81fe' Filled=0 Fill price=0 Error='No error' Native error='',
7/16/2026 7:48:08 PM,Order,Order='b4efde994e594839b3a2f1ddceca7a60/Sim101' Name='Target3' New state='Cancel submitted' Instrument='MES SEP26' Action='Sell' Limit price=7534.5 Stop price=0 Quantity=1 Type='Limit' Time in force=GTC Oco='20d4ce872df74d6f9c548504e1d0c12f' Filled=0 Fill price=0 Error='No error' Native error='',
7/16/2026 7:48:08 PM,Order,Order='305296aedd374cffb304881421a51eb2/Sim101' Name='Target2' New state='Cancel submitted' Instrument='MES SEP26' Action='Sell' Limit price=7533.5 Stop price=0 Quantity=1 Type='Limit' Time in force=GTC Oco='066fce1993bc4513b41cb249f05f618e' Filled=0 Fill price=0 Error='No error' Native error='',
7/16/2026 7:48:08 PM,Order,Order='5060fdfc8e004146955ef57545d3065e/Sim101' Name='Target1' New state='Cancel submitted' Instrument='MES SEP26' Action='Sell' Limit price=7532.5 Stop price=0 Quantity=9 Type='Limit' Time in force=GTC Oco='603b6a68343849dd8c522e4ed5ae2750' Filled=0 Fill price=0 Error='No error' Native error='',
7/16/2026 7:48:08 PM,Default,Chart Trader close position,
7/16/2026 7:46:45 PM,Order,Order='37a96b120771457da1aeef7a7e68c50e/Sim102' Name='Target4' New state='Working' Instrument='MES SEP26' Action='Buy to cover' Limit price=7527.25 Stop price=0 Quantity=1 Type='Limit' Time in force=GTC Oco='0ab9e03e88484490ad8ecab90ccfadc7' Filled=0 Fill price=0 Error='No error' Native error='',
7/16/2026 7:46:45 PM,Order,Order='37a96b120771457da1aeef7a7e68c50e/Sim102' Name='Target4' New state='Accepted' Instrument='MES SEP26' Action='Buy to cover' Limit price=7527.25 Stop price=0 Quantity=1 Type='Limit' Time in force=GTC Oco='0ab9e03e88484490ad8ecab90ccfadc7' Filled=0 Fill price=0 Error='No error' Native error='',
7/16/2026 7:46:45 PM,Order,Order='baca0e1f433d4283b0d67191bb908215/Sim102' Name='Stop4' New state='Accepted' Instrument='MES SEP26' Action='Buy to cover' Limit price=0 Stop price=7535.25 Quantity=1 Type='Stop Market' Time in force=GTC Oco='0ab9e03e88484490ad8ecab90ccfadc7' Filled=0 Fill price=0 Error='No error' Native error='',
7/16/2026 7:46:45 PM,Order,Order='a8fdc147d67e4b9ab68cb56d8a218bea/Sim102' Name='Target2' New state='Working' Instrument='MES SEP26' Action='Buy to cover' Limit price=7529.25 Stop price=0 Quantity=1 Type='Limit' Time in force=GTC Oco='63a58ae51cdc42e19140a364a7a3e659' Filled=0 Fill price=0 Error='No error' Native error='',
7/16/2026 7:46:45 PM,Order,Order='62092648b5cf43a8b6ab9815f50530d2/Sim102' Name='Target3' New state='Accepted' Instrument='MES SEP26' Action='Buy to cover' Limit price=7528.25 Stop price=0 Quantity=1 Type='Limit' Time in force=GTC Oco='2d5daf6122264d5cbcda78c0bc02d870' Filled=0 Fill price=0 Error='No error' Native error='',
7/16/2026 7:46:45 PM,Order,Order='a9f3c6382953493d8f4c7e71c84f2739/Sim102' Name='Stop3' New state='Accepted' Instrument='MES SEP26' Action='Buy to cover' Limit price=0 Stop price=7535.25 Quantity=1 Type='Stop Market' Time in force=GTC Oco='2d5daf6122264d5cbcda78c0bc02d870' Filled=0 Fill price=0 Error='No error' Native error='',
7/16/2026 7:46:45 PM,Order,Order='62092648b5cf43a8b6ab9815f50530d2/Sim102' Name='Target3' New state='Working' Instrument='MES SEP26' Action='Buy to cover' Limit price=7528.25 Stop price=0 Quantity=1 Type='Limit' Time in force=GTC Oco='2d5daf6122264d5cbcda78c0bc02d870' Filled=0 Fill price=0 Error='No error' Native error='',
7/16/2026 7:46:45 PM,Order,Order='a8fdc147d67e4b9ab68cb56d8a218bea/Sim102' Name='Target2' New state='Accepted' Instrument='MES SEP26' Action='Buy to cover' Limit price=7529.25 Stop price=0 Quantity=1 Type='Limit' Time in force=GTC Oco='63a58ae51cdc42e19140a364a7a3e659' Filled=0 Fill price=0 Error='No error' Native error='',
7/16/2026 7:46:45 PM,Order,Order='00a0923b42414afcbc30b81783f579dd/Sim102' Name='Stop2' New state='Accepted' Instrument='MES SEP26' Action='Buy to cover' Limit price=0 Stop price=7535.25 Quantity=1 Type='Stop Market' Time in force=GTC Oco='63a58ae51cdc42e19140a364a7a3e659' Filled=0 Fill price=0 Error='No error' Native error='',
7/16/2026 7:46:45 PM,Order,Order='e5bbf218bd3d48a39d2132003a505532/Sim102' Name='Target1' New state='Working' Instrument='MES SEP26' Action='Buy to cover' Limit price=7530.25 Stop price=0 Quantity=9 Type='Limit' Time in force=GTC Oco='3da3f6037285434fb2a2d65d3c173048' Filled=0 Fill price=0 Error='No error' Native error='',
7/16/2026 7:46:45 PM,Order,Order='e5bbf218bd3d48a39d2132003a505532/Sim102' Name='Target1' New state='Accepted' Instrument='MES SEP26' Action='Buy to cover' Limit price=7530.25 Stop price=0 Quantity=9 Type='Limit' Time in force=GTC Oco='3da3f6037285434fb2a2d65d3c173048' Filled=0 Fill price=0 Error='No error' Native error='',
7/16/2026 7:46:45 PM,Order,Order='f51861cc49af4aad9fe1625df4d15ea5/Sim102' Name='Stop1' New state='Accepted' Instrument='MES SEP26' Action='Buy to cover' Limit price=0 Stop price=7535.25 Quantity=9 Type='Stop Market' Time in force=GTC Oco='3da3f6037285434fb2a2d65d3c173048' Filled=0 Fill price=0 Error='No error' Native error='',
7/16/2026 7:46:45 PM,Order,Order='37a96b120771457da1aeef7a7e68c50e/Sim102' Name='Target4' New state='Submitted' Instrument='MES SEP26' Action='Buy to cover' Limit price=7527.25 Stop price=0 Quantity=1 Type='Limit' Time in force=GTC Oco='0ab9e03e88484490ad8ecab90ccfadc7' Filled=0 Fill price=0 Error='No error' Native error='',
7/16/2026 7:46:45 PM,Order,Order='baca0e1f433d4283b0d67191bb908215/Sim102' Name='Stop4' New state='Submitted' Instrument='MES SEP26' Action='Buy to cover' Limit price=0 Stop price=7535.25 Quantity=1 Type='Stop Market' Time in force=GTC Oco='0ab9e03e88484490ad8ecab90ccfadc7' Filled=0 Fill price=0 Error='No error' Native error='',
7/16/2026 7:46:45 PM,Order,Order='62092648b5cf43a8b6ab9815f50530d2/Sim102' Name='Target3' New state='Submitted' Instrument='MES SEP26' Action='Buy to cover' Limit price=7528.25 Stop price=0 Quantity=1 Type='Limit' Time in force=GTC Oco='2d5daf6122264d5cbcda78c0bc02d870' Filled=0 Fill price=0 Error='No error' Native error='',
7/16/2026 7:46:45 PM,Order,Order='a9f3c6382953493d8f4c7e71c84f2739/Sim102' Name='Stop3' New state='Submitted' Instrument='MES SEP26' Action='Buy to cover' Limit price=0 Stop price=7535.25 Quantity=1 Type='Stop Market' Time in force=GTC Oco='2d5daf6122264d5cbcda78c0bc02d870' Filled=0 Fill price=0 Error='No error' Native error='',
7/16/2026 7:46:45 PM,Order,Order='a8fdc147d67e4b9ab68cb56d8a218bea/Sim102' Name='Target2' New state='Submitted' Instrument='MES SEP26' Action='Buy to cover' Limit price=7529.25 Stop price=0 Quantity=1 Type='Limit' Time in force=GTC Oco='63a58ae51cdc42e19140a364a7a3e659' Filled=0 Fill price=0 Error='No error' Native error='',
7/16/2026 7:46:45 PM,Order,Order='00a0923b42414afcbc30b81783f579dd/Sim102' Name='Stop2' New state='Submitted' Instrument='MES SEP26' Action='Buy to cover' Limit price=0 Stop price=7535.25 Quantity=1 Type='Stop Market' Time in force=GTC Oco='63a58ae51cdc42e19140a364a7a3e659' Filled=0 Fill price=0 Error='No error' Native error='',
7/16/2026 7:46:45 PM,Order,Order='e5bbf218bd3d48a39d2132003a505532/Sim102' Name='Target1' New state='Submitted' Instrument='MES SEP26' Action='Buy to cover' Limit price=7530.25 Stop price=0 Quantity=9 Type='Limit' Time in force=GTC Oco='3da3f6037285434fb2a2d65d3c173048' Filled=0 Fill price=0 Error='No error' Native error='',
7/16/2026 7:46:45 PM,Order,Order='f51861cc49af4aad9fe1625df4d15ea5/Sim102' Name='Stop1' New state='Submitted' Instrument='MES SEP26' Action='Buy to cover' Limit price=0 Stop price=7535.25 Quantity=9 Type='Stop Market' Time in force=GTC Oco='3da3f6037285434fb2a2d65d3c173048' Filled=0 Fill price=0 Error='No error' Native error='',
7/16/2026 7:46:45 PM,Position,Instrument='MES SEP26' Account='Sim102' Average price=7531.208333333333 Quantity=12 Market position=Short Operation=Update,
7/16/2026 7:46:45 PM,Execution,Execution='733dce67ce9d4a57ab281fdf669fd14a' Instrument='MES SEP26' Account='Sim102' Exchange=Default Price=7531 Quantity=2 Market position=Short Operation=Operation_Add Order='dc248d9f1d85464db4a84d82ffbad447' Time='7/16/2026 7:46 PM',
7/16/2026 7:46:45 PM,Order,Order='dc248d9f1d85464db4a84d82ffbad447/Sim102' Name='Entry' New state='Filled' Instrument='MES SEP26' Action='Sell' Limit price=0 Stop price=0 Quantity=12 Type='Market' Time in force=GTC Oco='' Filled=12 Fill price=7531.208333333333 Error='No error' Native error='',
7/16/2026 7:46:45 PM,Position,Instrument='MES SEP26' Account='Sim102' Average price=7531.25 Quantity=10 Market position=Short Operation=Operation_Add,
7/16/2026 7:46:45 PM,Execution,Execution='8bf5b118558046db8925d0b896e3d138' Instrument='MES SEP26' Account='Sim102' Exchange=Default Price=7531.25 Quantity=10 Market position=Short Operation=Operation_Add Order='dc248d9f1d85464db4a84d82ffbad447' Time='7/16/2026 7:46 PM',
7/16/2026 7:46:45 PM,Order,Order='dc248d9f1d85464db4a84d82ffbad447/Sim102' Name='Entry' New state='Partially filled' Instrument='MES SEP26' Action='Sell' Limit price=0 Stop price=0 Quantity=12 Type='Market' Time in force=GTC Oco='' Filled=10 Fill price=7531.25 Error='No error' Native error='',
7/16/2026 7:46:45 PM,Order,Order='dc248d9f1d85464db4a84d82ffbad447/Sim102' Name='Entry' New state='Working' Instrument='MES SEP26' Action='Sell' Limit price=0 Stop price=0 Quantity=12 Type='Market' Time in force=GTC Oco='' Filled=0 Fill price=0 Error='No error' Native error='',
7/16/2026 7:46:45 PM,Order,Order='dc248d9f1d85464db4a84d82ffbad447/Sim102' Name='Entry' New state='Accepted' Instrument='MES SEP26' Action='Sell' Limit price=0 Stop price=0 Quantity=12 Type='Market' Time in force=GTC Oco='' Filled=0 Fill price=0 Error='No error' Native error='',
7/16/2026 7:46:45 PM,Order,Order='dc248d9f1d85464db4a84d82ffbad447/Sim102' Name='Entry' New state='Submitted' Instrument='MES SEP26' Action='Sell' Limit price=0 Stop price=0 Quantity=12 Type='Market' Time in force=GTC Oco='' Filled=0 Fill price=0 Error='No error' Native error='',
7/16/2026 7:46:45 PM,Order,Chart Trader submitting order with strategy 'MES RMA 4SL 12Q - 2' (Ticks),
7/16/2026 7:46:44 PM,Order,Order='e4e24929181c4e4f99a927c47a1cab85/Sim101' Name='Stop4' New state='Accepted' Instrument='MES SEP26' Action='Sell' Limit price=0 Stop price=7527.5 Quantity=1 Type='Stop Market' Time in force=GTC Oco='e01e0a08a2404f89857d1a502e1a81fe' Filled=0 Fill price=0 Error='No error' Native error='',
7/16/2026 7:46:44 PM,Order,Order='b4efde994e594839b3a2f1ddceca7a60/Sim101' Name='Target3' New state='Working' Instrument='MES SEP26' Action='Sell' Limit price=7534.5 Stop price=0 Quantity=1 Type='Limit' Time in force=GTC Oco='20d4ce872df74d6f9c548504e1d0c12f' Filled=0 Fill price=0 Error='No error' Native error='',
7/16/2026 7:46:44 PM,Order,Order='b4efde994e594839b3a2f1ddceca7a60/Sim101' Name='Target3' New state='Accepted' Instrument='MES SEP26' Action='Sell' Limit price=7534.5 Stop price=0 Quantity=1 Type='Limit' Time in force=GTC Oco='20d4ce872df74d6f9c548504e1d0c12f' Filled=0 Fill price=0 Error='No error' Native error='',
7/16/2026 7:46:44 PM,Order,Order='fe2bfe8bc15d4fcb8862ac6c77a12b4b/Sim101' Name='Target4' New state='Working' Instrument='MES SEP26' Action='Sell' Limit price=7535.5 Stop price=0 Quantity=1 Type='Limit' Time in force=GTC Oco='e01e0a08a2404f89857d1a502e1a81fe' Filled=0 Fill price=0 Error='No error' Native error='',
7/16/2026 7:46:44 PM,Order,Order='fe2bfe8bc15d4fcb8862ac6c77a12b4b/Sim101' Name='Target4' New state='Accepted' Instrument='MES SEP26' Action='Sell' Limit price=7535.5 Stop price=0 Quantity=1 Type='Limit' Time in force=GTC Oco='e01e0a08a2404f89857d1a502e1a81fe' Filled=0 Fill price=0 Error='No error' Native error='',
7/16/2026 7:46:44 PM,Order,Order='305296aedd374cffb304881421a51eb2/Sim101' Name='Target2' New state='Accepted' Instrument='MES SEP26' Action='Sell' Limit price=7533.5 Stop price=0 Quantity=1 Type='Limit' Time in force=GTC Oco='066fce1993bc4513b41cb249f05f618e' Filled=0 Fill price=0 Error='No error' Native error='',
7/16/2026 7:46:44 PM,Order,Order='305296aedd374cffb304881421a51eb2/Sim101' Name='Target2' New state='Working' Instrument='MES SEP26' Action='Sell' Limit price=7533.5 Stop price=0 Quantity=1 Type='Limit' Time in force=GTC Oco='066fce1993bc4513b41cb249f05f618e' Filled=0 Fill price=0 Error='No error' Native error='',
7/16/2026 7:46:44 PM,Order,Order='54389c8f8e0a4a5189a844744fbdb6ea/Sim101' Name='Stop2' New state='Accepted' Instrument='MES SEP26' Action='Sell' Limit price=0 Stop price=7527.5 Quantity=1 Type='Stop Market' Time in force=GTC Oco='066fce1993bc4513b41cb249f05f618e' Filled=0 Fill price=0 Error='No error' Native error='',
7/16/2026 7:46:44 PM,Order,Order='6c4c6c5c82d64cf9ab62871ce4814cf7/Sim101' Name='Stop3' New state='Accepted' Instrument='MES SEP26' Action='Sell' Limit price=0 Stop price=7527.5 Quantity=1 Type='Stop Market' Time in force=GTC Oco='20d4ce872df74d6f9c548504e1d0c12f' Filled=0 Fill price=0 Error='No error' Native error='',
7/16/2026 7:46:44 PM,Order,Order='5060fdfc8e004146955ef57545d3065e/Sim101' Name='Target1' New state='Working' Instrument='MES SEP26' Action='Sell' Limit price=7532.5 Stop price=0 Quantity=9 Type='Limit' Time in force=GTC Oco='603b6a68343849dd8c522e4ed5ae2750' Filled=0 Fill price=0 Error='No error' Native error='',
7/16/2026 7:46:44 PM,Order,Order='5060fdfc8e004146955ef57545d3065e/Sim101' Name='Target1' New state='Accepted' Instrument='MES SEP26' Action='Sell' Limit price=7532.5 Stop price=0 Quantity=9 Type='Limit' Time in force=GTC Oco='603b6a68343849dd8c522e4ed5ae2750' Filled=0 Fill price=0 Error='No error' Native error='',
7/16/2026 7:46:44 PM,Order,Order='512e264055b24fb5840d5b320e01de05/Sim101' Name='Stop1' New state='Accepted' Instrument='MES SEP26' Action='Sell' Limit price=0 Stop price=7527.5 Quantity=9 Type='Stop Market' Time in force=GTC Oco='603b6a68343849dd8c522e4ed5ae2750' Filled=0 Fill price=0 Error='No error' Native error='',
7/16/2026 7:46:44 PM,Order,Order='fe2bfe8bc15d4fcb8862ac6c77a12b4b/Sim101' Name='Target4' New state='Submitted' Instrument='MES SEP26' Action='Sell' Limit price=7535.5 Stop price=0 Quantity=1 Type='Limit' Time in force=GTC Oco='e01e0a08a2404f89857d1a502e1a81fe' Filled=0 Fill price=0 Error='No error' Native error='',
7/16/2026 7:46:44 PM,Order,Order='e4e24929181c4e4f99a927c47a1cab85/Sim101' Name='Stop4' New state='Submitted' Instrument='MES SEP26' Action='Sell' Limit price=0 Stop price=7527.5 Quantity=1 Type='Stop Market' Time in force=GTC Oco='e01e0a08a2404f89857d1a502e1a81fe' Filled=0 Fill price=0 Error='No error' Native error='',
7/16/2026 7:46:44 PM,Order,Order='b4efde994e594839b3a2f1ddceca7a60/Sim101' Name='Target3' New state='Submitted' Instrument='MES SEP26' Action='Sell' Limit price=7534.5 Stop price=0 Quantity=1 Type='Limit' Time in force=GTC Oco='20d4ce872df74d6f9c548504e1d0c12f' Filled=0 Fill price=0 Error='No error' Native error='',
7/16/2026 7:46:44 PM,Order,Order='6c4c6c5c82d64cf9ab62871ce4814cf7/Sim101' Name='Stop3' New state='Submitted' Instrument='MES SEP26' Action='Sell' Limit price=0 Stop price=7527.5 Quantity=1 Type='Stop Market' Time in force=GTC Oco='20d4ce872df74d6f9c548504e1d0c12f' Filled=0 Fill price=0 Error='No error' Native error='',
7/16/2026 7:46:44 PM,Order,Order='305296aedd374cffb304881421a51eb2/Sim101' Name='Target2' New state='Submitted' Instrument='MES SEP26' Action='Sell' Limit price=7533.5 Stop price=0 Quantity=1 Type='Limit' Time in force=GTC Oco='066fce1993bc4513b41cb249f05f618e' Filled=0 Fill price=0 Error='No error' Native error='',
7/16/2026 7:46:44 PM,Order,Order='54389c8f8e0a4a5189a844744fbdb6ea/Sim101' Name='Stop2' New state='Submitted' Instrument='MES SEP26' Action='Sell' Limit price=0 Stop price=7527.5 Quantity=1 Type='Stop Market' Time in force=GTC Oco='066fce1993bc4513b41cb249f05f618e' Filled=0 Fill price=0 Error='No error' Native error='',
7/16/2026 7:46:44 PM,Position,Instrument='MES SEP26' Account='Sim101' Average price=7531.5 Quantity=12 Market position=Long Operation=Operation_Add,
7/16/2026 7:46:44 PM,Order,Order='5060fdfc8e004146955ef57545d3065e/Sim101' Name='Target1' New state='Submitted' Instrument='MES SEP26' Action='Sell' Limit price=7532.5 Stop price=0 Quantity=9 Type='Limit' Time in force=GTC Oco='603b6a68343849dd8c522e4ed5ae2750' Filled=0 Fill price=0 Error='No error' Native error='',
7/16/2026 7:46:44 PM,Order,Order='512e264055b24fb5840d5b320e01de05/Sim101' Name='Stop1' New state='Submitted' Instrument='MES SEP26' Action='Sell' Limit price=0 Stop price=7527.5 Quantity=9 Type='Stop Market' Time in force=GTC Oco='603b6a68343849dd8c522e4ed5ae2750' Filled=0 Fill price=0 Error='No error' Native error='',
7/16/2026 7:46:44 PM,Execution,Execution='800a4c5b0c9741e7b761148f60b6ca04' Instrument='MES SEP26' Account='Sim101' Exchange=Default Price=7531.5 Quantity=12 Market position=Long Operation=Operation_Add Order='f80438c2df7d457082d0b8e8e24c6846' Time='7/16/2026 7:46 PM',
7/16/2026 7:46:44 PM,Order,Order='f80438c2df7d457082d0b8e8e24c6846/Sim101' Name='Entry' New state='Filled' Instrument='MES SEP26' Action='Buy' Limit price=0 Stop price=0 Quantity=12 Type='Market' Time in force=GTC Oco='' Filled=12 Fill price=7531.5 Error='No error' Native error='',
7/16/2026 7:46:44 PM,Order,Order='f80438c2df7d457082d0b8e8e24c6846/Sim101' Name='Entry' New state='Working' Instrument='MES SEP26' Action='Buy' Limit price=0 Stop price=0 Quantity=12 Type='Market' Time in force=GTC Oco='' Filled=0 Fill price=0 Error='No error' Native error='',
7/16/2026 7:46:44 PM,Order,Order='f80438c2df7d457082d0b8e8e24c6846/Sim101' Name='Entry' New state='Accepted' Instrument='MES SEP26' Action='Buy' Limit price=0 Stop price=0 Quantity=12 Type='Market' Time in force=GTC Oco='' Filled=0 Fill price=0 Error='No error' Native error='',
7/16/2026 7:46:44 PM,Order,Order='f80438c2df7d457082d0b8e8e24c6846/Sim101' Name='Entry' New state='Submitted' Instrument='MES SEP26' Action='Buy' Limit price=0 Stop price=0 Quantity=12 Type='Market' Time in force=GTC Oco='' Filled=0 Fill price=0 Error='No error' Native error='',
7/16/2026 7:46:43 PM,Order,Chart Trader submitting order with strategy 'MES RMA 4SL 12Q - 1' (Ticks),
7/16/2026 7:46:11 PM,Connection,Using HDS (hds-us-nt-019.ninjatrader.com/31655),
7/16/2026 7:46:11 PM,Connection,Time to auto close position='12:00:00 AM' Enabled=False,
7/16/2026 7:46:11 PM,Connection,My Rithmic for NinjaTrader Brokerage: Primary connection=Connected Price feed=Connected,
7/16/2026 7:45:56 PM,Default,Restoring workspace 'Testing'...,
7/16/2026 7:45:54 PM,Default,Auto close enabled=False,
7/16/2026 7:45:54 PM,Order,Order entry hot keys disabled,
7/16/2026 7:45:54 PM,Connection,My Rithmic for NinjaTrader Brokerage: Primary connection=Connecting Price feed=Connecting,
7/16/2026 7:45:54 PM,Default,Auto connecting 'My Rithmic for NinjaTrader Brokerage'...,
7/16/2026 7:45:54 PM,Connection,Using IS (is-us-nt-005.ninjatrader.com/31658),
7/16/2026 7:45:54 PM,Default,Automated trading disabled,
7/16/2026 7:45:51 PM,Default,Global simulation mode disabled,
7/16/2026 7:45:31 PM,Default,Session Break (Version 8.1.7.2),
7/16/2026 5:04:57 PM,Connection,My Rithmic for NinjaTrader Brokerage: Primary connection=Disconnected Price feed=Disconnected,
7/16/2026 5:04:56 PM,Connection,My Rithmic for NinjaTrader Brokerage: Primary connection=Disconnecting Price feed=Disconnecting,
7/16/2026 5:04:55 PM,Connection,There was a problem authenticating account malhitti Simulation. Please try reconnecting or contact support.,
7/16/2026 5:04:54 PM,Default,Workspace Testing not saved,
7/16/2026 5:04:27 PM,Connection,There was a problem authenticating account malhitti Simulation. Please try reconnecting or contact support.,
7/16/2026 5:03:56 PM,Connection,There was a problem authenticating account malhitti Simulation. Please try reconnecting or contact support.,
7/16/2026 5:03:26 PM,Connection,There was a problem authenticating account malhitti Simulation. Please try reconnecting or contact support.,
7/16/2026 5:02:55 PM,Connection,There was a problem authenticating account malhitti Simulation. Please try reconnecting or contact support.,
7/16/2026 5:02:25 PM,Connection,There was a problem authenticating account malhitti Simulation. Please try reconnecting or contact support.,
7/16/2026 5:01:54 PM,Connection,There was a problem authenticating account malhitti Simulation. Please try reconnecting or contact support.,
7/16/2026 5:01:24 PM,Connection,There was a problem authenticating account malhitti Simulation. Please try reconnecting or contact support.,
7/16/2026 5:00:53 PM,Connection,There was a problem authenticating account malhitti Simulation. Please try reconnecting or contact support.,
7/16/2026 5:00:23 PM,Connection,There was a problem authenticating account malhitti Simulation. Please try reconnecting or contact support.,
7/16/2026 4:59:52 PM,Connection,There was a problem authenticating account malhitti Simulation. Please try reconnecting or contact support.,
7/16/2026 4:59:22 PM,Connection,There was a problem authenticating account malhitti Simulation. Please try reconnecting or contact support.,
7/16/2026 4:58:52 PM,Connection,There was a problem authenticating account malhitti Simulation. Please try reconnecting or contact support.,
7/16/2026 4:58:21 PM,Connection,There was a problem authenticating account malhitti Simulation. Please try reconnecting or contact support.,
7/16/2026 3:53:56 PM,Position,Instrument='MES SEP26' Account='Sim102' Average price=0 Quantity=0 Market position=Flat Operation=Remove,
7/16/2026 3:53:56 PM,Order,Order='62504b4e4a8d47059a1273c7cc3d8d4c/Sim102' Name='Close' New state='Filled' Instrument='MES SEP26' Action='Buy to cover' Limit price=0 Stop price=0 Quantity=3 Type='Market' Time in force=DAY Oco='' Filled=3 Fill price=7564.75 Error='No error' Native error='',
7/16/2026 3:53:56 PM,Execution,Execution='d9d46c09a3d04057a5ff90497f6faf8f' Instrument='MES SEP26' Account='Sim102' Exchange=Default Price=7564.75 Quantity=3 Market position=Long Operation=Operation_Add Order='62504b4e4a8d47059a1273c7cc3d8d4c' Time='7/16/2026 3:53 PM',
7/16/2026 3:53:56 PM,Order,Order='62504b4e4a8d47059a1273c7cc3d8d4c/Sim102' Name='Close' New state='Working' Instrument='MES SEP26' Action='Buy to cover' Limit price=0 Stop price=0 Quantity=3 Type='Market' Time in force=DAY Oco='' Filled=0 Fill price=0 Error='No error' Native error='',
7/16/2026 3:53:56 PM,Order,Order='62504b4e4a8d47059a1273c7cc3d8d4c/Sim102' Name='Close' New state='Accepted' Instrument='MES SEP26' Action='Buy to cover' Limit price=0 Stop price=0 Quantity=3 Type='Market' Time in force=DAY Oco='' Filled=0 Fill price=0 Error='No error' Native error='',
7/16/2026 3:53:56 PM,Order,Order='62504b4e4a8d47059a1273c7cc3d8d4c/Sim102' Name='Close' New state='Submitted' Instrument='MES SEP26' Action='Buy to cover' Limit price=0 Stop price=0 Quantity=3 Type='Market' Time in force=DAY Oco='' Filled=0 Fill price=0 Error='No error' Native error='',
7/16/2026 3:53:56 PM,Order,Order='ad422dc16a9e4bdea97a9620a9a85cb0/Sim102' Name='Stop4' New state='Cancelled' Instrument='MES SEP26' Action='Buy to cover' Limit price=0 Stop price=7565.75 Quantity=1 Type='Stop Market' Time in force=GTC Oco='64f357ae79b74fd69003b8380c9a9ad5' Filled=0 Fill price=0 Error='No error' Native error='',
7/16/2026 3:53:56 PM,Order,Order='9ae45e9e7d764496a7ca685e2cd4144f/Sim102' Name='Target3' New state='Cancelled' Instrument='MES SEP26' Action='Buy to cover' Limit price=7563 Stop price=0 Quantity=1 Type='Limit' Time in force=GTC Oco='5635b41af35d41daa3f2b0221fd71a76' Filled=0 Fill price=0 Error='No error' Native error='',
7/16/2026 3:53:56 PM,Order,Order='94416f16d37b4cc197d29e4ef694e612/Sim102' Name='Target4' New state='Cancelled' Instrument='MES SEP26' Action='Buy to cover' Limit price=7562 Stop price=0 Quantity=1 Type='Limit' Time in force=GTC Oco='64f357ae79b74fd69003b8380c9a9ad5' Filled=0 Fill price=0 Error='No error' Native error='',
7/16/2026 3:53:56 PM,Order,Order='50e73da9b0474f6fbad35a4743c61522/Sim102' Name='Target2' New state='Cancelled' Instrument='MES SEP26' Action='Buy to cover' Limit price=7564 Stop price=0 Quantity=1 Type='Limit' Time in force=GTC Oco='da11037099d24999ae4471ed0cef60f2' Filled=0 Fill price=0 Error='No error' Native error='',
7/16/2026 3:53:56 PM,Order,Order='1b8410e82a1247b2b3f74a73265a0ea1/Sim102' Name='Stop3' New state='Cancelled' Instrument='MES SEP26' Action='Buy to cover' Limit price=0 Stop price=7565.75 Quantity=1 Type='Stop Market' Time in force=GTC Oco='5635b41af35d41daa3f2b0221fd71a76' Filled=0 Fill price=0 Error='No error' Native error='',
7/16/2026 3:53:56 PM,Order,Order='781d71e8f53943d28c68a9271e64feb7/Sim102' Name='Stop2' New state='Cancelled' Instrument='MES SEP26' Action='Buy to cover' Limit price=0 Stop price=7565.75 Quantity=1 Type='Stop Market' Time in force=GTC Oco='da11037099d24999ae4471ed0cef60f2' Filled=0 Fill price=0 Error='No error' Native error='',
7/16/2026 3:53:56 PM,Order,Order='ad422dc16a9e4bdea97a9620a9a85cb0/Sim102' Name='Stop4' New state='Cancel submitted' Instrument='MES SEP26' Action='Buy to cover' Limit price=0 Stop price=7565.75 Quantity=1 Type='Stop Market' Time in force=GTC Oco='64f357ae79b74fd69003b8380c9a9ad5' Filled=0 Fill price=0 Error='No error' Native error='',
7/16/2026 3:53:56 PM,Order,Order='1b8410e82a1247b2b3f74a73265a0ea1/Sim102' Name='Stop3' New state='Cancel submitted' Instrument='MES SEP26' Action='Buy to cover' Limit price=0 Stop price=7565.75 Quantity=1 Type='Stop Market' Time in force=GTC Oco='5635b41af35d41daa3f2b0221fd71a76' Filled=0 Fill price=0 Error='No error' Native error='',
7/16/2026 3:53:56 PM,Order,Order='781d71e8f53943d28c68a9271e64feb7/Sim102' Name='Stop2' New state='Cancel submitted' Instrument='MES SEP26' Action='Buy to cover' Limit price=0 Stop price=7565.75 Quantity=1 Type='Stop Market' Time in force=GTC Oco='da11037099d24999ae4471ed0cef60f2' Filled=0 Fill price=0 Error='No error' Native error='',
7/16/2026 3:53:56 PM,Order,Order='94416f16d37b4cc197d29e4ef694e612/Sim102' Name='Target4' New state='Cancel submitted' Instrument='MES SEP26' Action='Buy to cover' Limit price=7562 Stop price=0 Quantity=1 Type='Limit' Time in force=GTC Oco='64f357ae79b74fd69003b8380c9a9ad5' Filled=0 Fill price=0 Error='No error' Native error='',
7/16/2026 3:53:56 PM,Order,Order='9ae45e9e7d764496a7ca685e2cd4144f/Sim102' Name='Target3' New state='Cancel submitted' Instrument='MES SEP26' Action='Buy to cover' Limit price=7563 Stop price=0 Quantity=1 Type='Limit' Time in force=GTC Oco='5635b41af35d41daa3f2b0221fd71a76' Filled=0 Fill price=0 Error='No error' Native error='',
7/16/2026 3:53:56 PM,Order,Order='50e73da9b0474f6fbad35a4743c61522/Sim102' Name='Target2' New state='Cancel submitted' Instrument='MES SEP26' Action='Buy to cover' Limit price=7564 Stop price=0 Quantity=1 Type='Limit' Time in force=GTC Oco='da11037099d24999ae4471ed0cef60f2' Filled=0 Fill price=0 Error='No error' Native error='',
7/16/2026 3:53:56 PM,Default,Chart Trader close position,
7/16/2026 3:53:46 PM,Order,Order='ad422dc16a9e4bdea97a9620a9a85cb0/Sim102' Name='Stop4' New state='Accepted' Instrument='MES SEP26' Action='Buy to cover' Limit price=0 Stop price=7565.75 Quantity=1 Type='Stop Market' Time in force=GTC Oco='64f357ae79b74fd69003b8380c9a9ad5' Filled=0 Fill price=0 Error='No error' Native error='',
7/16/2026 3:53:46 PM,Order,Order='1b8410e82a1247b2b3f74a73265a0ea1/Sim102' Name='Stop3' New state='Accepted' Instrument='MES SEP26' Action='Buy to cover' Limit price=0 Stop price=7565.75 Quantity=1 Type='Stop Market' Time in force=GTC Oco='5635b41af35d41daa3f2b0221fd71a76' Filled=0 Fill price=0 Error='No error' Native error='',
7/16/2026 3:53:46 PM,Order,Order='781d71e8f53943d28c68a9271e64feb7/Sim102' Name='Stop2' New state='Accepted' Instrument='MES SEP26' Action='Buy to cover' Limit price=0 Stop price=7565.75 Quantity=1 Type='Stop Market' Time in force=GTC Oco='da11037099d24999ae4471ed0cef60f2' Filled=0 Fill price=0 Error='No error' Native error='',
7/16/2026 3:53:46 PM,Order,Order='ad422dc16a9e4bdea97a9620a9a85cb0/Sim102' Name='Stop4' New state='Change submitted' Instrument='MES SEP26' Action='Buy to cover' Limit price=0 Stop price=7565.75 Quantity=1 Type='Stop Market' Time in force=GTC Oco='64f357ae79b74fd69003b8380c9a9ad5' Filled=0 Fill price=0 Error='No error' Native error='',
7/16/2026 3:53:46 PM,Order,Auto breakeven price modification from '7570.00' to '7565.75',
7/16/2026 3:53:46 PM,Order,Order='1b8410e82a1247b2b3f74a73265a0ea1/Sim102' Name='Stop3' New state='Change submitted' Instrument='MES SEP26' Action='Buy to cover' Limit price=0 Stop price=7565.75 Quantity=1 Type='Stop Market' Time in force=GTC Oco='5635b41af35d41daa3f2b0221fd71a76' Filled=0 Fill price=0 Error='No error' Native error='',
7/16/2026 3:53:46 PM,Order,Order='781d71e8f53943d28c68a9271e64feb7/Sim102' Name='Stop2' New state='Change submitted' Instrument='MES SEP26' Action='Buy to cover' Limit price=0 Stop price=7565.75 Quantity=1 Type='Stop Market' Time in force=GTC Oco='da11037099d24999ae4471ed0cef60f2' Filled=0 Fill price=0 Error='No error' Native error='',
7/16/2026 3:53:46 PM,Order,Auto breakeven price modification from '7570.00' to '7565.75',
7/16/2026 3:53:46 PM,Order,Auto breakeven price modification from '7570.00' to '7565.75',
7/16/2026 3:50:46 PM,Position,Instrument='MES SEP26' Account='Sim101' Average price=0 Quantity=0 Market position=Flat Operation=Remove,
7/16/2026 3:50:46 PM,Execution,Execution='e5b2e32745e548f9baed71d01bd145e9' Instrument='MES SEP26' Account='Sim101' Exchange=Default Price=7566 Quantity=12 Market position=Short Operation=Operation_Add Order='8412bad33c334c33a6acbccf6df4445d' Time='7/16/2026 3:50 PM',
7/16/2026 3:50:46 PM,Order,Order='8412bad33c334c33a6acbccf6df4445d/Sim101' Name='Close' New state='Filled' Instrument='MES SEP26' Action='Sell' Limit price=0 Stop price=0 Quantity=12 Type='Market' Time in force=DAY Oco='' Filled=12 Fill price=7566 Error='No error' Native error='',
7/16/2026 3:50:46 PM,Order,Order='8412bad33c334c33a6acbccf6df4445d/Sim101' Name='Close' New state='Accepted' Instrument='MES SEP26' Action='Sell' Limit price=0 Stop price=0 Quantity=12 Type='Market' Time in force=DAY Oco='' Filled=0 Fill price=0 Error='No error' Native error='',
7/16/2026 3:50:46 PM,Order,Order='8412bad33c334c33a6acbccf6df4445d/Sim101' Name='Close' New state='Working' Instrument='MES SEP26' Action='Sell' Limit price=0 Stop price=0 Quantity=12 Type='Market' Time in force=DAY Oco='' Filled=0 Fill price=0 Error='No error' Native error='',
7/16/2026 3:50:46 PM,Order,Order='8412bad33c334c33a6acbccf6df4445d/Sim101' Name='Close' New state='Submitted' Instrument='MES SEP26' Action='Sell' Limit price=0 Stop price=0 Quantity=12 Type='Market' Time in force=DAY Oco='' Filled=0 Fill price=0 Error='No error' Native error='',
7/16/2026 3:50:46 PM,Order,Order='4777eb549fce4bb6a97a3241fc0e04c3/Sim101' Name='Stop4' New state='Cancelled' Instrument='MES SEP26' Action='Sell' Limit price=0 Stop price=7562.25 Quantity=1 Type='Stop Market' Time in force=GTC Oco='859e7fc7c9244b72b8ee86c97117ac19' Filled=0 Fill price=0 Error='No error' Native error='',
7/16/2026 3:50:46 PM,Order,Order='91757c0e2191419b80162ab18e561dc2/Sim101' Name='Stop1' New state='Cancelled' Instrument='MES SEP26' Action='Sell' Limit price=0 Stop price=7562.25 Quantity=9 Type='Stop Market' Time in force=GTC Oco='2574c0be283c472fa0d560744ac8c56c' Filled=0 Fill price=0 Error='No error' Native error='',
7/16/2026 3:50:46 PM,Order,Order='3af0d4f2aa63443cb234b24d930f0ada/Sim101' Name='Target3' New state='Cancelled' Instrument='MES SEP26' Action='Sell' Limit price=7569.25 Stop price=0 Quantity=1 Type='Limit' Time in force=GTC Oco='f0fb43ccf27d41b789a08f7e1f098135' Filled=0 Fill price=0 Error='No error' Native error='',
7/16/2026 3:50:46 PM,Order,Order='e5bf7c9af6a44986976fa7863dfd019c/Sim101' Name='Target4' New state='Cancelled' Instrument='MES SEP26' Action='Sell' Limit price=7570.25 Stop price=0 Quantity=1 Type='Limit' Time in force=GTC Oco='859e7fc7c9244b72b8ee86c97117ac19' Filled=0 Fill price=0 Error='No error' Native error='',
7/16/2026 3:50:46 PM,Order,Order='f01ec21a4a89453cafe4023b12dc8ee1/Sim101' Name='Stop2' New state='Cancelled' Instrument='MES SEP26' Action='Sell' Limit price=0 Stop price=7562.25 Quantity=1 Type='Stop Market' Time in force=GTC Oco='942d2923f4ea47f68f8c8de2540fe51d' Filled=0 Fill price=0 Error='No error' Native error='',
7/16/2026 3:50:46 PM,Order,Order='700dbb62de7f435c92088df4d001445c/Sim101' Name='Stop3' New state='Cancelled' Instrument='MES SEP26' Action='Sell' Limit price=0 Stop price=7562.25 Quantity=1 Type='Stop Market' Time in force=GTC Oco='f0fb43ccf27d41b789a08f7e1f098135' Filled=0 Fill price=0 Error='No error' Native error='',
7/16/2026 3:50:46 PM,Order,Order='a7b4239cc6c041038c25c22ab6ee2f71/Sim101' Name='Target2' New state='Cancelled' Instrument='MES SEP26' Action='Sell' Limit price=7568.25 Stop price=0 Quantity=1 Type='Limit' Time in force=GTC Oco='942d2923f4ea47f68f8c8de2540fe51d' Filled=0 Fill price=0 Error='No error' Native error='',
7/16/2026 3:50:46 PM,Order,Order='e694c6400a0942cd860bd15eb4c35e92/Sim101' Name='Target1' New state='Cancelled' Instrument='MES SEP26' Action='Sell' Limit price=7567.25 Stop price=0 Quantity=9 Type='Limit' Time in force=GTC Oco='2574c0be283c472fa0d560744ac8c56c' Filled=0 Fill price=0 Error='No error' Native error='',
7/16/2026 3:50:46 PM,Order,Order='4777eb549fce4bb6a97a3241fc0e04c3/Sim101' Name='Stop4' New state='Cancel submitted' Instrument='MES SEP26' Action='Sell' Limit price=0 Stop price=7562.25 Quantity=1 Type='Stop Market' Time in force=GTC Oco='859e7fc7c9244b72b8ee86c97117ac19' Filled=0 Fill price=0 Error='No error' Native error='',
7/16/2026 3:50:46 PM,Order,Order='700dbb62de7f435c92088df4d001445c/Sim101' Name='Stop3' New state='Cancel submitted' Instrument='MES SEP26' Action='Sell' Limit price=0 Stop price=7562.25 Quantity=1 Type='Stop Market' Time in force=GTC Oco='f0fb43ccf27d41b789a08f7e1f098135' Filled=0 Fill price=0 Error='No error' Native error='',
7/16/2026 3:50:46 PM,Order,Order='f01ec21a4a89453cafe4023b12dc8ee1/Sim101' Name='Stop2' New state='Cancel submitted' Instrument='MES SEP26' Action='Sell' Limit price=0 Stop price=7562.25 Quantity=1 Type='Stop Market' Time in force=GTC Oco='942d2923f4ea47f68f8c8de2540fe51d' Filled=0 Fill price=0 Error='No error' Native error='',
7/16/2026 3:50:46 PM,Order,Order='91757c0e2191419b80162ab18e561dc2/Sim101' Name='Stop1' New state='Cancel submitted' Instrument='MES SEP26' Action='Sell' Limit price=0 Stop price=7562.25 Quantity=9 Type='Stop Market' Time in force=GTC Oco='2574c0be283c472fa0d560744ac8c56c' Filled=0 Fill price=0 Error='No error' Native error='',
7/16/2026 3:50:46 PM,Order,Order='e5bf7c9af6a44986976fa7863dfd019c/Sim101' Name='Target4' New state='Cancel submitted' Instrument='MES SEP26' Action='Sell' Limit price=7570.25 Stop price=0 Quantity=1 Type='Limit' Time in force=GTC Oco='859e7fc7c9244b72b8ee86c97117ac19' Filled=0 Fill price=0 Error='No error' Native error='',
7/16/2026 3:50:46 PM,Order,Order='3af0d4f2aa63443cb234b24d930f0ada/Sim101' Name='Target3' New state='Cancel submitted' Instrument='MES SEP26' Action='Sell' Limit price=7569.25 Stop price=0 Quantity=1 Type='Limit' Time in force=GTC Oco='f0fb43ccf27d41b789a08f7e1f098135' Filled=0 Fill price=0 Error='No error' Native error='',
7/16/2026 3:50:46 PM,Order,Order='a7b4239cc6c041038c25c22ab6ee2f71/Sim101' Name='Target2' New state='Cancel submitted' Instrument='MES SEP26' Action='Sell' Limit price=7568.25 Stop price=0 Quantity=1 Type='Limit' Time in force=GTC Oco='942d2923f4ea47f68f8c8de2540fe51d' Filled=0 Fill price=0 Error='No error' Native error='',
7/16/2026 3:50:46 PM,Order,Order='e694c6400a0942cd860bd15eb4c35e92/Sim101' Name='Target1' New state='Cancel submitted' Instrument='MES SEP26' Action='Sell' Limit price=7567.25 Stop price=0 Quantity=9 Type='Limit' Time in force=GTC Oco='2574c0be283c472fa0d560744ac8c56c' Filled=0 Fill price=0 Error='No error' Native error='',
7/16/2026 3:50:46 PM,Default,Chart Trader close position,
7/16/2026 3:50:40 PM,Order,Order='3af0d4f2aa63443cb234b24d930f0ada/Sim101' Name='Target3' New state='Working' Instrument='MES SEP26' Action='Sell' Limit price=7569.25 Stop price=0 Quantity=1 Type='Limit' Time in force=GTC Oco='f0fb43ccf27d41b789a08f7e1f098135' Filled=0 Fill price=0 Error='No error' Native error='',
7/16/2026 3:50:40 PM,Order,Order='3af0d4f2aa63443cb234b24d930f0ada/Sim101' Name='Target3' New state='Accepted' Instrument='MES SEP26' Action='Sell' Limit price=7569.25 Stop price=0 Quantity=1 Type='Limit' Time in force=GTC Oco='f0fb43ccf27d41b789a08f7e1f098135' Filled=0 Fill price=0 Error='No error' Native error='',
7/16/2026 3:50:40 PM,Order,Order='700dbb62de7f435c92088df4d001445c/Sim101' Name='Stop3' New state='Accepted' Instrument='MES SEP26' Action='Sell' Limit price=0 Stop price=7562.25 Quantity=1 Type='Stop Market' Time in force=GTC Oco='f0fb43ccf27d41b789a08f7e1f098135' Filled=0 Fill price=0 Error='No error' Native error='',
7/16/2026 3:50:40 PM,Order,Order='e5bf7c9af6a44986976fa7863dfd019c/Sim101' Name='Target4' New state='Working' Instrument='MES SEP26' Action='Sell' Limit price=7570.25 Stop price=0 Quantity=1 Type='Limit' Time in force=GTC Oco='859e7fc7c9244b72b8ee86c97117ac19' Filled=0 Fill price=0 Error='No error' Native error='',
7/16/2026 3:50:40 PM,Order,Order='e5bf7c9af6a44986976fa7863dfd019c/Sim101' Name='Target4' New state='Accepted' Instrument='MES SEP26' Action='Sell' Limit price=7570.25 Stop price=0 Quantity=1 Type='Limit' Time in force=GTC Oco='859e7fc7c9244b72b8ee86c97117ac19' Filled=0 Fill price=0 Error='No error' Native error='',
7/16/2026 3:50:40 PM,Order,Order='4777eb549fce4bb6a97a3241fc0e04c3/Sim101' Name='Stop4' New state='Accepted' Instrument='MES SEP26' Action='Sell' Limit price=0 Stop price=7562.25 Quantity=1 Type='Stop Market' Time in force=GTC Oco='859e7fc7c9244b72b8ee86c97117ac19' Filled=0 Fill price=0 Error='No error' Native error='',
7/16/2026 3:50:40 PM,Order,Order='f01ec21a4a89453cafe4023b12dc8ee1/Sim101' Name='Stop2' New state='Accepted' Instrument='MES SEP26' Action='Sell' Limit price=0 Stop price=7562.25 Quantity=1 Type='Stop Market' Time in force=GTC Oco='942d2923f4ea47f68f8c8de2540fe51d' Filled=0 Fill price=0 Error='No error' Native error='',
7/16/2026 3:50:40 PM,Order,Order='a7b4239cc6c041038c25c22ab6ee2f71/Sim101' Name='Target2' New state='Accepted' Instrument='MES SEP26' Action='Sell' Limit price=7568.25 Stop price=0 Quantity=1 Type='Limit' Time in force=GTC Oco='942d2923f4ea47f68f8c8de2540fe51d' Filled=0 Fill price=0 Error='No error' Native error='',
7/16/2026 3:50:40 PM,Order,Order='a7b4239cc6c041038c25c22ab6ee2f71/Sim101' Name='Target2' New state='Working' Instrument='MES SEP26' Action='Sell' Limit price=7568.25 Stop price=0 Quantity=1 Type='Limit' Time in force=GTC Oco='942d2923f4ea47f68f8c8de2540fe51d' Filled=0 Fill price=0 Error='No error' Native error='',
7/16/2026 3:50:40 PM,Order,Order='e694c6400a0942cd860bd15eb4c35e92/Sim101' Name='Target1' New state='Accepted' Instrument='MES SEP26' Action='Sell' Limit price=7567.25 Stop price=0 Quantity=9 Type='Limit' Time in force=GTC Oco='2574c0be283c472fa0d560744ac8c56c' Filled=0 Fill price=0 Error='No error' Native error='',
7/16/2026 3:50:40 PM,Order,Order='e694c6400a0942cd860bd15eb4c35e92/Sim101' Name='Target1' New state='Working' Instrument='MES SEP26' Action='Sell' Limit price=7567.25 Stop price=0 Quantity=9 Type='Limit' Time in force=GTC Oco='2574c0be283c472fa0d560744ac8c56c' Filled=0 Fill price=0 Error='No error' Native error='',
7/16/2026 3:50:40 PM,Order,Order='91757c0e2191419b80162ab18e561dc2/Sim101' Name='Stop1' New state='Accepted' Instrument='MES SEP26' Action='Sell' Limit price=0 Stop price=7562.25 Quantity=9 Type='Stop Market' Time in force=GTC Oco='2574c0be283c472fa0d560744ac8c56c' Filled=0 Fill price=0 Error='No error' Native error='',
7/16/2026 3:50:39 PM,Order,Order='e5bf7c9af6a44986976fa7863dfd019c/Sim101' Name='Target4' New state='Submitted' Instrument='MES SEP26' Action='Sell' Limit price=7570.25 Stop price=0 Quantity=1 Type='Limit' Time in force=GTC Oco='859e7fc7c9244b72b8ee86c97117ac19' Filled=0 Fill price=0 Error='No error' Native error='',
7/16/2026 3:50:39 PM,Order,Order='4777eb549fce4bb6a97a3241fc0e04c3/Sim101' Name='Stop4' New state='Submitted' Instrument='MES SEP26' Action='Sell' Limit price=0 Stop price=7562.25 Quantity=1 Type='Stop Market' Time in force=GTC Oco='859e7fc7c9244b72b8ee86c97117ac19' Filled=0 Fill price=0 Error='No error' Native error='',
7/16/2026 3:50:39 PM,Order,Order='3af0d4f2aa63443cb234b24d930f0ada/Sim101' Name='Target3' New state='Submitted' Instrument='MES SEP26' Action='Sell' Limit price=7569.25 Stop price=0 Quantity=1 Type='Limit' Time in force=GTC Oco='f0fb43ccf27d41b789a08f7e1f098135' Filled=0 Fill price=0 Error='No error' Native error='',
7/16/2026 3:50:39 PM,Order,Order='700dbb62de7f435c92088df4d001445c/Sim101' Name='Stop3' New state='Submitted' Instrument='MES SEP26' Action='Sell' Limit price=0 Stop price=7562.25 Quantity=1 Type='Stop Market' Time in force=GTC Oco='f0fb43ccf27d41b789a08f7e1f098135' Filled=0 Fill price=0 Error='No error' Native error='',
7/16/2026 3:50:39 PM,Order,Order='a7b4239cc6c041038c25c22ab6ee2f71/Sim101' Name='Target2' New state='Submitted' Instrument='MES SEP26' Action='Sell' Limit price=7568.25 Stop price=0 Quantity=1 Type='Limit' Time in force=GTC Oco='942d2923f4ea47f68f8c8de2540fe51d' Filled=0 Fill price=0 Error='No error' Native error='',
7/16/2026 3:50:39 PM,Order,Order='f01ec21a4a89453cafe4023b12dc8ee1/Sim101' Name='Stop2' New state='Submitted' Instrument='MES SEP26' Action='Sell' Limit price=0 Stop price=7562.25 Quantity=1 Type='Stop Market' Time in force=GTC Oco='942d2923f4ea47f68f8c8de2540fe51d' Filled=0 Fill price=0 Error='No error' Native error='',
7/16/2026 3:50:39 PM,Order,Order='e694c6400a0942cd860bd15eb4c35e92/Sim101' Name='Target1' New state='Submitted' Instrument='MES SEP26' Action='Sell' Limit price=7567.25 Stop price=0 Quantity=9 Type='Limit' Time in force=GTC Oco='2574c0be283c472fa0d560744ac8c56c' Filled=0 Fill price=0 Error='No error' Native error='',
7/16/2026 3:50:39 PM,Order,Order='91757c0e2191419b80162ab18e561dc2/Sim101' Name='Stop1' New state='Submitted' Instrument='MES SEP26' Action='Sell' Limit price=0 Stop price=7562.25 Quantity=9 Type='Stop Market' Time in force=GTC Oco='2574c0be283c472fa0d560744ac8c56c' Filled=0 Fill price=0 Error='No error' Native error='',
7/16/2026 3:50:39 PM,Position,Instrument='MES SEP26' Account='Sim101' Average price=7566.291666666667 Quantity=12 Market position=Long Operation=Update,
7/16/2026 3:50:39 PM,Order,Order='60b28093d03b42498b65a9b9d0c57679/Sim101' Name='Entry' New state='Filled' Instrument='MES SEP26' Action='Buy' Limit price=0 Stop price=0 Quantity=12 Type='Market' Time in force=GTC Oco='' Filled=12 Fill price=7566.291666666667 Error='No error' Native error='',
7/16/2026 3:50:39 PM,Execution,Execution='d248642d304e4019967b5d303f59e2e2' Instrument='MES SEP26' Account='Sim101' Exchange=Default Price=7566.5 Quantity=2 Market position=Long Operation=Operation_Add Order='60b28093d03b42498b65a9b9d0c57679' Time='7/16/2026 3:50 PM',
7/16/2026 3:50:39 PM,Position,Instrument='MES SEP26' Account='Sim101' Average price=7566.25 Quantity=10 Market position=Long Operation=Operation_Add,
7/16/2026 3:50:39 PM,Order,Order='60b28093d03b42498b65a9b9d0c57679/Sim101' Name='Entry' New state='Partially filled' Instrument='MES SEP26' Action='Buy' Limit price=0 Stop price=0 Quantity=12 Type='Market' Time in force=GTC Oco='' Filled=10 Fill price=7566.25 Error='No error' Native error='',
7/16/2026 3:50:39 PM,Execution,Execution='14d83c1f41ea44cca9dcd11c5721bdad' Instrument='MES SEP26' Account='Sim101' Exchange=Default Price=7566.25 Quantity=10 Market position=Long Operation=Operation_Add Order='60b28093d03b42498b65a9b9d0c57679' Time='7/16/2026 3:50 PM',
7/16/2026 3:50:39 PM,Order,Order='60b28093d03b42498b65a9b9d0c57679/Sim101' Name='Entry' New state='Accepted' Instrument='MES SEP26' Action='Buy' Limit price=0 Stop price=0 Quantity=12 Type='Market' Time in force=GTC Oco='' Filled=0 Fill price=0 Error='No error' Native error='',
7/16/2026 3:50:39 PM,Order,Order='60b28093d03b42498b65a9b9d0c57679/Sim101' Name='Entry' New state='Working' Instrument='MES SEP26' Action='Buy' Limit price=0 Stop price=0 Quantity=12 Type='Market' Time in force=GTC Oco='' Filled=0 Fill price=0 Error='No error' Native error='',
7/16/2026 3:50:39 PM,Order,Order='60b28093d03b42498b65a9b9d0c57679/Sim101' Name='Entry' New state='Submitted' Instrument='MES SEP26' Action='Buy' Limit price=0 Stop price=0 Quantity=12 Type='Market' Time in force=GTC Oco='' Filled=0 Fill price=0 Error='No error' Native error='',
7/16/2026 3:50:39 PM,Order,Chart Trader submitting order with strategy 'MES RMA 4SL 12Q - 3' (Ticks),
7/16/2026 3:50:34 PM,Position,Instrument='MES SEP26' Account='Sim101' Average price=0 Quantity=0 Market position=Flat Operation=Remove,
7/16/2026 3:50:34 PM,Order,Order='48eb6ad6f9a842378783f0fe19401ccd/Sim101' Name='Close' New state='Filled' Instrument='MES SEP26' Action='Sell' Limit price=0 Stop price=0 Quantity=12 Type='Market' Time in force=DAY Oco='' Filled=12 Fill price=7565.75 Error='No error' Native error='',
7/16/2026 3:50:34 PM,Execution,Execution='f81c17be6f9c45afb7d11be71124b46b' Instrument='MES SEP26' Account='Sim101' Exchange=Default Price=7565.75 Quantity=12 Market position=Short Operation=Operation_Add Order='48eb6ad6f9a842378783f0fe19401ccd' Time='7/16/2026 3:50 PM',
7/16/2026 3:50:34 PM,Order,Order='48eb6ad6f9a842378783f0fe19401ccd/Sim101' Name='Close' New state='Working' Instrument='MES SEP26' Action='Sell' Limit price=0 Stop price=0 Quantity=12 Type='Market' Time in force=DAY Oco='' Filled=0 Fill price=0 Error='No error' Native error='',
7/16/2026 3:50:34 PM,Order,Order='48eb6ad6f9a842378783f0fe19401ccd/Sim101' Name='Close' New state='Accepted' Instrument='MES SEP26' Action='Sell' Limit price=0 Stop price=0 Quantity=12 Type='Market' Time in force=DAY Oco='' Filled=0 Fill price=0 Error='No error' Native error='',
7/16/2026 3:50:34 PM,Order,Order='48eb6ad6f9a842378783f0fe19401ccd/Sim101' Name='Close' New state='Submitted' Instrument='MES SEP26' Action='Sell' Limit price=0 Stop price=0 Quantity=12 Type='Market' Time in force=DAY Oco='' Filled=0 Fill price=0 Error='No error' Native error='',
7/16/2026 3:50:34 PM,Order,Order='582aed2640264c2f9a77a3fb0beb2cb4/Sim101' Name='Target2' New state='Cancelled' Instrument='MES SEP26' Action='Sell' Limit price=7569.25 Stop price=0 Quantity=1 Type='Limit' Time in force=GTC Oco='6638999b663b4be2af333b9136657785' Filled=0 Fill price=0 Error='No error' Native error='',
7/16/2026 3:50:34 PM,Order,Order='dcd7ab536a1d48f48faa1171691475b5/Sim101' Name='Stop3' New state='Cancelled' Instrument='MES SEP26' Action='Sell' Limit price=0 Stop price=7563.25 Quantity=1 Type='Stop Market' Time in force=GTC Oco='a5bf913436454fb59579993c28a1e78b' Filled=0 Fill price=0 Error='No error' Native error='',
7/16/2026 3:50:34 PM,Order,Order='c96d9c8b6c8a4841bd3e5db75453c594/Sim101' Name='Stop4' New state='Cancelled' Instrument='MES SEP26' Action='Sell' Limit price=0 Stop price=7563.25 Quantity=1 Type='Stop Market' Time in force=GTC Oco='e714a15248654dbaba89edc9294e094b' Filled=0 Fill price=0 Error='No error' Native error='',
7/16/2026 3:50:34 PM,Order,Order='935b02d00ba249139183738337c0a49a/Sim101' Name='Stop1' New state='Cancelled' Instrument='MES SEP26' Action='Sell' Limit price=0 Stop price=7563.25 Quantity=9 Type='Stop Market' Time in force=GTC Oco='2d56fc37eb4b47db9fe0e2c095585a25' Filled=0 Fill price=0 Error='No error' Native error='',
7/16/2026 3:50:34 PM,Order,Order='4da1bccb1f334de09b3d1d61f6fd5b1e/Sim101' Name='Stop2' New state='Cancelled' Instrument='MES SEP26' Action='Sell' Limit price=0 Stop price=7563.25 Quantity=1 Type='Stop Market' Time in force=GTC Oco='6638999b663b4be2af333b9136657785' Filled=0 Fill price=0 Error='No error' Native error='',
7/16/2026 3:50:34 PM,Order,Order='f5082bb98c4c40deb6cbbe8e0e962dab/Sim101' Name='Target4' New state='Cancelled' Instrument='MES SEP26' Action='Sell' Limit price=7571.25 Stop price=0 Quantity=1 Type='Limit' Time in force=GTC Oco='e714a15248654dbaba89edc9294e094b' Filled=0 Fill price=0 Error='No error' Native error='',
7/16/2026 3:50:34 PM,Order,Order='b3c14837470148bb8d0bd50d10aae623/Sim101' Name='Target1' New state='Cancelled' Instrument='MES SEP26' Action='Sell' Limit price=7568.25 Stop price=0 Quantity=9 Type='Limit' Time in force=GTC Oco='2d56fc37eb4b47db9fe0e2c095585a25' Filled=0 Fill price=0 Error='No error' Native error='',
7/16/2026 3:50:34 PM,Order,Order='3de2e3ef300f47d6a3dfd1c86d746889/Sim101' Name='Target3' New state='Cancelled' Instrument='MES SEP26' Action='Sell' Limit price=7570.25 Stop price=0 Quantity=1 Type='Limit' Time in force=GTC Oco='a5bf913436454fb59579993c28a1e78b' Filled=0 Fill price=0 Error='No error' Native error='',
7/16/2026 3:50:34 PM,Order,Order='c96d9c8b6c8a4841bd3e5db75453c594/Sim101' Name='Stop4' New state='Cancel submitted' Instrument='MES SEP26' Action='Sell' Limit price=0 Stop price=7563.25 Quantity=1 Type='Stop Market' Time in force=GTC Oco='e714a15248654dbaba89edc9294e094b' Filled=0 Fill price=0 Error='No error' Native error='',
7/16/2026 3:50:34 PM,Order,Order='dcd7ab536a1d48f48faa1171691475b5/Sim101' Name='Stop3' New state='Cancel submitted' Instrument='MES SEP26' Action='Sell' Limit price=0 Stop price=7563.25 Quantity=1 Type='Stop Market' Time in force=GTC Oco='a5bf913436454fb59579993c28a1e78b' Filled=0 Fill price=0 Error='No error' Native error='',
7/16/2026 3:50:34 PM,Order,Order='4da1bccb1f334de09b3d1d61f6fd5b1e/Sim101' Name='Stop2' New state='Cancel submitted' Instrument='MES SEP26' Action='Sell' Limit price=0 Stop price=7563.25 Quantity=1 Type='Stop Market' Time in force=GTC Oco='6638999b663b4be2af333b9136657785' Filled=0 Fill price=0 Error='No error' Native error='',
7/16/2026 3:50:34 PM,Order,Order='f5082bb98c4c40deb6cbbe8e0e962dab/Sim101' Name='Target4' New state='Cancel submitted' Instrument='MES SEP26' Action='Sell' Limit price=7571.25 Stop price=0 Quantity=1 Type='Limit' Time in force=GTC Oco='e714a15248654dbaba89edc9294e094b' Filled=0 Fill price=0 Error='No error' Native error='',
7/16/2026 3:50:34 PM,Order,Order='935b02d00ba249139183738337c0a49a/Sim101' Name='Stop1' New state='Cancel submitted' Instrument='MES SEP26' Action='Sell' Limit price=0 Stop price=7563.25 Quantity=9 Type='Stop Market' Time in force=GTC Oco='2d56fc37eb4b47db9fe0e2c095585a25' Filled=0 Fill price=0 Error='No error' Native error='',
7/16/2026 3:50:34 PM,Order,Order='3de2e3ef300f47d6a3dfd1c86d746889/Sim101' Name='Target3' New state='Cancel submitted' Instrument='MES SEP26' Action='Sell' Limit price=7570.25 Stop price=0 Quantity=1 Type='Limit' Time in force=GTC Oco='a5bf913436454fb59579993c28a1e78b' Filled=0 Fill price=0 Error='No error' Native error='',
7/16/2026 3:50:34 PM,Order,Order='582aed2640264c2f9a77a3fb0beb2cb4/Sim101' Name='Target2' New state='Cancel submitted' Instrument='MES SEP26' Action='Sell' Limit price=7569.25 Stop price=0 Quantity=1 Type='Limit' Time in force=GTC Oco='6638999b663b4be2af333b9136657785' Filled=0 Fill price=0 Error='No error' Native error='',
7/16/2026 3:50:34 PM,Order,Order='b3c14837470148bb8d0bd50d10aae623/Sim101' Name='Target1' New state='Cancel submitted' Instrument='MES SEP26' Action='Sell' Limit price=7568.25 Stop price=0 Quantity=9 Type='Limit' Time in force=GTC Oco='2d56fc37eb4b47db9fe0e2c095585a25' Filled=0 Fill price=0 Error='No error' Native error='',
7/16/2026 3:50:34 PM,Default,Chart Trader close position,
7/16/2026 3:50:23 PM,Order,Order='65830d65de8a4e29bfbab7a3722e8cc6/Sim102' Name='Stop1' New state='Cancelled' Instrument='MES SEP26' Action='Buy to cover' Limit price=0 Stop price=7570 Quantity=8 Type='Stop Market' Time in force=GTC Oco='da04fb6be3e04cb4b51fa8425fff018f' Filled=0 Fill price=0 Error='No error' Native error='',
7/16/2026 3:50:23 PM,Position,Instrument='MES SEP26' Account='Sim102' Average price=7566 Quantity=3 Market position=Short Operation=Update,
7/16/2026 3:50:23 PM,Order,Order='65830d65de8a4e29bfbab7a3722e8cc6/Sim102' Name='Stop1' New state='Cancel submitted' Instrument='MES SEP26' Action='Buy to cover' Limit price=0 Stop price=7570 Quantity=8 Type='Stop Market' Time in force=GTC Oco='da04fb6be3e04cb4b51fa8425fff018f' Filled=0 Fill price=0 Error='No error' Native error='',
7/16/2026 3:50:23 PM,Order,Order='65830d65de8a4e29bfbab7a3722e8cc6/Sim102' Name='Stop1' New state='Accepted' Instrument='MES SEP26' Action='Buy to cover' Limit price=0 Stop price=7570 Quantity=8 Type='Stop Market' Time in force=GTC Oco='da04fb6be3e04cb4b51fa8425fff018f' Filled=0 Fill price=0 Error='No error' Native error='',
7/16/2026 3:50:23 PM,Execution,Execution='769967a400cd47aeaefa67ae9cb16b28' Instrument='MES SEP26' Account='Sim102' Exchange=Default Price=7565 Quantity=8 Market position=Long Operation=Operation_Add Order='6966ba34cdfa418ebe0d6e8a5ccbb2ee' Time='7/16/2026 3:50 PM',
7/16/2026 3:50:23 PM,Order,Order='6966ba34cdfa418ebe0d6e8a5ccbb2ee/Sim102' Name='Target1' New state='Filled' Instrument='MES SEP26' Action='Buy to cover' Limit price=7565 Stop price=0 Quantity=9 Type='Limit' Time in force=GTC Oco='da04fb6be3e04cb4b51fa8425fff018f' Filled=9 Fill price=7565 Error='No error' Native error='',
7/16/2026 3:50:23 PM,Position,Instrument='MES SEP26' Account='Sim102' Average price=7566 Quantity=11 Market position=Short Operation=Update,
7/16/2026 3:50:23 PM,Execution,Execution='a1c13ff0c36544fb941c2e6aff05d979' Instrument='MES SEP26' Account='Sim102' Exchange=Default Price=7565 Quantity=1 Market position=Long Operation=Operation_Add Order='6966ba34cdfa418ebe0d6e8a5ccbb2ee' Time='7/16/2026 3:50 PM',
7/16/2026 3:50:23 PM,Order,Order='65830d65de8a4e29bfbab7a3722e8cc6/Sim102' Name='Stop1' New state='Change submitted' Instrument='MES SEP26' Action='Buy to cover' Limit price=0 Stop price=7570 Quantity=8 Type='Stop Market' Time in force=GTC Oco='da04fb6be3e04cb4b51fa8425fff018f' Filled=0 Fill price=0 Error='No error' Native error='',
7/16/2026 3:50:23 PM,Order,Order='6966ba34cdfa418ebe0d6e8a5ccbb2ee/Sim102' Name='Target1' New state='Partially filled' Instrument='MES SEP26' Action='Buy to cover' Limit price=7565 Stop price=0 Quantity=9 Type='Limit' Time in force=GTC Oco='da04fb6be3e04cb4b51fa8425fff018f' Filled=1 Fill price=7565 Error='No error' Native error='',
7/16/2026 3:45:03 PM,Order,Order='f5082bb98c4c40deb6cbbe8e0e962dab/Sim101' Name='Target4' New state='Accepted' Instrument='MES SEP26' Action='Sell' Limit price=7571.25 Stop price=0 Quantity=1 Type='Limit' Time in force=GTC Oco='e714a15248654dbaba89edc9294e094b' Filled=0 Fill price=0 Error='No error' Native error='',
7/16/2026 3:45:03 PM,Order,Order='f5082bb98c4c40deb6cbbe8e0e962dab/Sim101' Name='Target4' New state='Working' Instrument='MES SEP26' Action='Sell' Limit price=7571.25 Stop price=0 Quantity=1 Type='Limit' Time in force=GTC Oco='e714a15248654dbaba89edc9294e094b' Filled=0 Fill price=0 Error='No error' Native error='',
7/16/2026 3:45:03 PM,Order,Order='3de2e3ef300f47d6a3dfd1c86d746889/Sim101' Name='Target3' New state='Working' Instrument='MES SEP26' Action='Sell' Limit price=7570.25 Stop price=0 Quantity=1 Type='Limit' Time in force=GTC Oco='a5bf913436454fb59579993c28a1e78b' Filled=0 Fill price=0 Error='No error' Native error='',
7/16/2026 3:45:03 PM,Order,Order='dcd7ab536a1d48f48faa1171691475b5/Sim101' Name='Stop3' New state='Accepted' Instrument='MES SEP26' Action='Sell' Limit price=0 Stop price=7563.25 Quantity=1 Type='Stop Market' Time in force=GTC Oco='a5bf913436454fb59579993c28a1e78b' Filled=0 Fill price=0 Error='No error' Native error='',
7/16/2026 3:45:03 PM,Order,Order='c96d9c8b6c8a4841bd3e5db75453c594/Sim101' Name='Stop4' New state='Accepted' Instrument='MES SEP26' Action='Sell' Limit price=0 Stop price=7563.25 Quantity=1 Type='Stop Market' Time in force=GTC Oco='e714a15248654dbaba89edc9294e094b' Filled=0 Fill price=0 Error='No error' Native error='',
7/16/2026 3:45:03 PM,Order,Order='3de2e3ef300f47d6a3dfd1c86d746889/Sim101' Name='Target3' New state='Accepted' Instrument='MES SEP26' Action='Sell' Limit price=7570.25 Stop price=0 Quantity=1 Type='Limit' Time in force=GTC Oco='a5bf913436454fb59579993c28a1e78b' Filled=0 Fill price=0 Error='No error' Native error='',
7/16/2026 3:45:03 PM,Order,Order='582aed2640264c2f9a77a3fb0beb2cb4/Sim101' Name='Target2' New state='Accepted' Instrument='MES SEP26' Action='Sell' Limit price=7569.25 Stop price=0 Quantity=1 Type='Limit' Time in force=GTC Oco='6638999b663b4be2af333b9136657785' Filled=0 Fill price=0 Error='No error' Native error='',
7/16/2026 3:45:03 PM,Order,Order='582aed2640264c2f9a77a3fb0beb2cb4/Sim101' Name='Target2' New state='Working' Instrument='MES SEP26' Action='Sell' Limit price=7569.25 Stop price=0 Quantity=1 Type='Limit' Time in force=GTC Oco='6638999b663b4be2af333b9136657785' Filled=0 Fill price=0 Error='No error' Native error='',
7/16/2026 3:45:02 PM,Order,Order='4da1bccb1f334de09b3d1d61f6fd5b1e/Sim101' Name='Stop2' New state='Accepted' Instrument='MES SEP26' Action='Sell' Limit price=0 Stop price=7563.25 Quantity=1 Type='Stop Market' Time in force=GTC Oco='6638999b663b4be2af333b9136657785' Filled=0 Fill price=0 Error='No error' Native error='',
7/16/2026 3:45:02 PM,Order,Order='b3c14837470148bb8d0bd50d10aae623/Sim101' Name='Target1' New state='Working' Instrument='MES SEP26' Action='Sell' Limit price=7568.25 Stop price=0 Quantity=9 Type='Limit' Time in force=GTC Oco='2d56fc37eb4b47db9fe0e2c095585a25' Filled=0 Fill price=0 Error='No error' Native error='',
7/16/2026 3:45:02 PM,Order,Order='935b02d00ba249139183738337c0a49a/Sim101' Name='Stop1' New state='Accepted' Instrument='MES SEP26' Action='Sell' Limit price=0 Stop price=7563.25 Quantity=9 Type='Stop Market' Time in force=GTC Oco='2d56fc37eb4b47db9fe0e2c095585a25' Filled=0 Fill price=0 Error='No error' Native error='',
7/16/2026 3:45:02 PM,Order,Order='b3c14837470148bb8d0bd50d10aae623/Sim101' Name='Target1' New state='Accepted' Instrument='MES SEP26' Action='Sell' Limit price=7568.25 Stop price=0 Quantity=9 Type='Limit' Time in force=GTC Oco='2d56fc37eb4b47db9fe0e2c095585a25' Filled=0 Fill price=0 Error='No error' Native error='',
7/16/2026 3:45:02 PM,Order,Order='f5082bb98c4c40deb6cbbe8e0e962dab/Sim101' Name='Target4' New state='Submitted' Instrument='MES SEP26' Action='Sell' Limit price=7571.25 Stop price=0 Quantity=1 Type='Limit' Time in force=GTC Oco='e714a15248654dbaba89edc9294e094b' Filled=0 Fill price=0 Error='No error' Native error='',
7/16/2026 3:45:02 PM,Order,Order='c96d9c8b6c8a4841bd3e5db75453c594/Sim101' Name='Stop4' New state='Submitted' Instrument='MES SEP26' Action='Sell' Limit price=0 Stop price=7563.25 Quantity=1 Type='Stop Market' Time in force=GTC Oco='e714a15248654dbaba89edc9294e094b' Filled=0 Fill price=0 Error='No error' Native error='',
7/16/2026 3:45:02 PM,Order,Order='3de2e3ef300f47d6a3dfd1c86d746889/Sim101' Name='Target3' New state='Submitted' Instrument='MES SEP26' Action='Sell' Limit price=7570.25 Stop price=0 Quantity=1 Type='Limit' Time in force=GTC Oco='a5bf913436454fb59579993c28a1e78b' Filled=0 Fill price=0 Error='No error' Native error='',
7/16/2026 3:45:02 PM,Order,Order='dcd7ab536a1d48f48faa1171691475b5/Sim101' Name='Stop3' New state='Submitted' Instrument='MES SEP26' Action='Sell' Limit price=0 Stop price=7563.25 Quantity=1 Type='Stop Market' Time in force=GTC Oco='a5bf913436454fb59579993c28a1e78b' Filled=0 Fill price=0 Error='No error' Native error='',
7/16/2026 3:45:02 PM,Order,Order='582aed2640264c2f9a77a3fb0beb2cb4/Sim101' Name='Target2' New state='Submitted' Instrument='MES SEP26' Action='Sell' Limit price=7569.25 Stop price=0 Quantity=1 Type='Limit' Time in force=GTC Oco='6638999b663b4be2af333b9136657785' Filled=0 Fill price=0 Error='No error' Native error='',
7/16/2026 3:45:02 PM,Order,Order='4da1bccb1f334de09b3d1d61f6fd5b1e/Sim101' Name='Stop2' New state='Submitted' Instrument='MES SEP26' Action='Sell' Limit price=0 Stop price=7563.25 Quantity=1 Type='Stop Market' Time in force=GTC Oco='6638999b663b4be2af333b9136657785' Filled=0 Fill price=0 Error='No error' Native error='',
7/16/2026 3:45:02 PM,Order,Order='b3c14837470148bb8d0bd50d10aae623/Sim101' Name='Target1' New state='Submitted' Instrument='MES SEP26' Action='Sell' Limit price=7568.25 Stop price=0 Quantity=9 Type='Limit' Time in force=GTC Oco='2d56fc37eb4b47db9fe0e2c095585a25' Filled=0 Fill price=0 Error='No error' Native error='',
7/16/2026 3:45:02 PM,Order,Order='935b02d00ba249139183738337c0a49a/Sim101' Name='Stop1' New state='Submitted' Instrument='MES SEP26' Action='Sell' Limit price=0 Stop price=7563.25 Quantity=9 Type='Stop Market' Time in force=GTC Oco='2d56fc37eb4b47db9fe0e2c095585a25' Filled=0 Fill price=0 Error='No error' Native error='',
7/16/2026 3:45:02 PM,Position,Instrument='MES SEP26' Account='Sim101' Average price=7567.25 Quantity=12 Market position=Long Operation=Operation_Add,
7/16/2026 3:45:02 PM,Order,Order='8cdd3ce177a84a3c86fe05a03b265565/Sim101' Name='Entry' New state='Filled' Instrument='MES SEP26' Action='Buy' Limit price=0 Stop price=0 Quantity=12 Type='Market' Time in force=GTC Oco='' Filled=12 Fill price=7567.25 Error='No error' Native error='',
7/16/2026 3:45:02 PM,Execution,Execution='fa951071a0e8476f93bb5ae9bc348aa7' Instrument='MES SEP26' Account='Sim101' Exchange=Default Price=7567.25 Quantity=12 Market position=Long Operation=Operation_Add Order='8cdd3ce177a84a3c86fe05a03b265565' Time='7/16/2026 3:45 PM',
7/16/2026 3:45:02 PM,Order,Order='8cdd3ce177a84a3c86fe05a03b265565/Sim101' Name='Entry' New state='Working' Instrument='MES SEP26' Action='Buy' Limit price=0 Stop price=0 Quantity=12 Type='Market' Time in force=GTC Oco='' Filled=0 Fill price=0 Error='No error' Native error='',
7/16/2026 3:45:02 PM,Order,Order='8cdd3ce177a84a3c86fe05a03b265565/Sim101' Name='Entry' New state='Accepted' Instrument='MES SEP26' Action='Buy' Limit price=0 Stop price=0 Quantity=12 Type='Market' Time in force=GTC Oco='' Filled=0 Fill price=0 Error='No error' Native error='',
7/16/2026 3:45:02 PM,Order,Order='8cdd3ce177a84a3c86fe05a03b265565/Sim101' Name='Entry' New state='Submitted' Instrument='MES SEP26' Action='Buy' Limit price=0 Stop price=0 Quantity=12 Type='Market' Time in force=GTC Oco='' Filled=0 Fill price=0 Error='No error' Native error='',
7/16/2026 3:45:02 PM,Order,Chart Trader submitting order with strategy 'MES RMA 4SL 12Q - 3' (Ticks),
7/16/2026 3:45:00 PM,Position,Instrument='MES SEP26' Account='Sim101' Average price=0 Quantity=0 Market position=Flat Operation=Remove,
7/16/2026 3:45:00 PM,Execution,Execution='eef2b5c341d344c2bcc65c60e90a0ff9' Instrument='MES SEP26' Account='Sim101' Exchange=Default Price=7567 Quantity=3 Market position=Short Operation=Operation_Add Order='aaff433983154e25934948773362e1b2' Time='7/16/2026 3:45 PM',
7/16/2026 3:45:00 PM,Order,Order='aaff433983154e25934948773362e1b2/Sim101' Name='Close' New state='Filled' Instrument='MES SEP26' Action='Sell' Limit price=0 Stop price=0 Quantity=3 Type='Market' Time in force=DAY Oco='' Filled=3 Fill price=7567 Error='No error' Native error='',
7/16/2026 3:45:00 PM,Order,Order='aaff433983154e25934948773362e1b2/Sim101' Name='Close' New state='Working' Instrument='MES SEP26' Action='Sell' Limit price=0 Stop price=0 Quantity=3 Type='Market' Time in force=DAY Oco='' Filled=0 Fill price=0 Error='No error' Native error='',
7/16/2026 3:45:00 PM,Order,Order='aaff433983154e25934948773362e1b2/Sim101' Name='Close' New state='Accepted' Instrument='MES SEP26' Action='Sell' Limit price=0 Stop price=0 Quantity=3 Type='Market' Time in force=DAY Oco='' Filled=0 Fill price=0 Error='No error' Native error='',
7/16/2026 3:44:59 PM,Order,Order='aaff433983154e25934948773362e1b2/Sim101' Name='Close' New state='Submitted' Instrument='MES SEP26' Action='Sell' Limit price=0 Stop price=0 Quantity=3 Type='Market' Time in force=DAY Oco='' Filled=0 Fill price=0 Error='No error' Native error='',
7/16/2026 3:44:59 PM,Order,Order='b9c6c3fbf73e4f23b6658fb831ebc3a7/Sim101' Name='Target4' New state='Cancelled' Instrument='MES SEP26' Action='Sell' Limit price=7570.25 Stop price=0 Quantity=1 Type='Limit' Time in force=GTC Oco='994c6e3022c74eeaa6cfc32e71fdf2d6' Filled=0 Fill price=0 Error='No error' Native error='',
7/16/2026 3:44:59 PM,Order,Order='2cf486e397c946e99c1ba6bf30fff651/Sim101' Name='Stop2' New state='Cancelled' Instrument='MES SEP26' Action='Sell' Limit price=0 Stop price=7562.25 Quantity=1 Type='Stop Market' Time in force=GTC Oco='687a2f75771245bbb2a909844733d449' Filled=0 Fill price=0 Error='No error' Native error='',
7/16/2026 3:44:59 PM,Order,Order='b7b56f53cd2e48458a35182c96a5d53b/Sim101' Name='Stop3' New state='Cancelled' Instrument='MES SEP26' Action='Sell' Limit price=0 Stop price=7562.25 Quantity=1 Type='Stop Market' Time in force=GTC Oco='252738d77f8f42d0a592bb16747e48ba' Filled=0 Fill price=0 Error='No error' Native error='',
7/16/2026 3:44:59 PM,Order,Order='9a61971ae5124ea9bda4151ca8638d2b/Sim101' Name='Stop4' New state='Cancelled' Instrument='MES SEP26' Action='Sell' Limit price=0 Stop price=7562.25 Quantity=1 Type='Stop Market' Time in force=GTC Oco='994c6e3022c74eeaa6cfc32e71fdf2d6' Filled=0 Fill price=0 Error='No error' Native error='',
7/16/2026 3:44:59 PM,Order,Order='22730f43fc5c4f268be828d1452c6c44/Sim101' Name='Target3' New state='Cancelled' Instrument='MES SEP26' Action='Sell' Limit price=7569.25 Stop price=0 Quantity=1 Type='Limit' Time in force=GTC Oco='252738d77f8f42d0a592bb16747e48ba' Filled=0 Fill price=0 Error='No error' Native error='',
7/16/2026 3:44:59 PM,Order,Order='a9daf2acb3a648409ed39bd90b76d23a/Sim101' Name='Target2' New state='Cancelled' Instrument='MES SEP26' Action='Sell' Limit price=7568.25 Stop price=0 Quantity=1 Type='Limit' Time in force=GTC Oco='687a2f75771245bbb2a909844733d449' Filled=0 Fill price=0 Error='No error' Native error='',
7/16/2026 3:44:59 PM,Order,Order='9a61971ae5124ea9bda4151ca8638d2b/Sim101' Name='Stop4' New state='Cancel submitted' Instrument='MES SEP26' Action='Sell' Limit price=0 Stop price=7562.25 Quantity=1 Type='Stop Market' Time in force=GTC Oco='994c6e3022c74eeaa6cfc32e71fdf2d6' Filled=0 Fill price=0 Error='No error' Native error='',
7/16/2026 3:44:59 PM,Order,Order='b7b56f53cd2e48458a35182c96a5d53b/Sim101' Name='Stop3' New state='Cancel submitted' Instrument='MES SEP26' Action='Sell' Limit price=0 Stop price=7562.25 Quantity=1 Type='Stop Market' Time in force=GTC Oco='252738d77f8f42d0a592bb16747e48ba' Filled=0 Fill price=0 Error='No error' Native error='',
7/16/2026 3:44:59 PM,Order,Order='2cf486e397c946e99c1ba6bf30fff651/Sim101' Name='Stop2' New state='Cancel submitted' Instrument='MES SEP26' Action='Sell' Limit price=0 Stop price=7562.25 Quantity=1 Type='Stop Market' Time in force=GTC Oco='687a2f75771245bbb2a909844733d449' Filled=0 Fill price=0 Error='No error' Native error='',
7/16/2026 3:44:59 PM,Order,Order='b9c6c3fbf73e4f23b6658fb831ebc3a7/Sim101' Name='Target4' New state='Cancel submitted' Instrument='MES SEP26' Action='Sell' Limit price=7570.25 Stop price=0 Quantity=1 Type='Limit' Time in force=GTC Oco='994c6e3022c74eeaa6cfc32e71fdf2d6' Filled=0 Fill price=0 Error='No error' Native error='',
7/16/2026 3:44:59 PM,Order,Order='22730f43fc5c4f268be828d1452c6c44/Sim101' Name='Target3' New state='Cancel submitted' Instrument='MES SEP26' Action='Sell' Limit price=7569.25 Stop price=0 Quantity=1 Type='Limit' Time in force=GTC Oco='252738d77f8f42d0a592bb16747e48ba' Filled=0 Fill price=0 Error='No error' Native error='',
7/16/2026 3:44:59 PM,Order,Order='a9daf2acb3a648409ed39bd90b76d23a/Sim101' Name='Target2' New state='Cancel submitted' Instrument='MES SEP26' Action='Sell' Limit price=7568.25 Stop price=0 Quantity=1 Type='Limit' Time in force=GTC Oco='687a2f75771245bbb2a909844733d449' Filled=0 Fill price=0 Error='No error' Native error='',
7/16/2026 3:44:59 PM,Default,Chart Trader close position,
7/16/2026 3:44:42 PM,Order,Order='f60adc6102b2460984c9be8f99d2d70e/Sim101' Name='Stop1' New state='Cancelled' Instrument='MES SEP26' Action='Sell' Limit price=0 Stop price=7562.25 Quantity=7 Type='Stop Market' Time in force=GTC Oco='bfe1e4eaeaa64ff090765aeb66ffe11e' Filled=0 Fill price=0 Error='No error' Native error='',
7/16/2026 3:44:42 PM,Position,Instrument='MES SEP26' Account='Sim101' Average price=7566.25 Quantity=3 Market position=Long Operation=Update,
7/16/2026 3:44:42 PM,Order,Order='f60adc6102b2460984c9be8f99d2d70e/Sim101' Name='Stop1' New state='Cancel submitted' Instrument='MES SEP26' Action='Sell' Limit price=0 Stop price=7562.25 Quantity=7 Type='Stop Market' Time in force=GTC Oco='bfe1e4eaeaa64ff090765aeb66ffe11e' Filled=0 Fill price=0 Error='No error' Native error='',
7/16/2026 3:44:42 PM,Execution,Execution='fc431c0d915e4c6583fae19b0eca955c' Instrument='MES SEP26' Account='Sim101' Exchange=Default Price=7567.25 Quantity=7 Market position=Short Operation=Operation_Add Order='599ef7940bb64c9e937ea2272c3a43ad' Time='7/16/2026 3:44 PM',
7/16/2026 3:44:42 PM,Order,Order='f60adc6102b2460984c9be8f99d2d70e/Sim101' Name='Stop1' New state='Accepted' Instrument='MES SEP26' Action='Sell' Limit price=0 Stop price=7562.25 Quantity=7 Type='Stop Market' Time in force=GTC Oco='bfe1e4eaeaa64ff090765aeb66ffe11e' Filled=0 Fill price=0 Error='No error' Native error='',
7/16/2026 3:44:42 PM,Order,Order='599ef7940bb64c9e937ea2272c3a43ad/Sim101' Name='Target1' New state='Filled' Instrument='MES SEP26' Action='Sell' Limit price=7567.25 Stop price=0 Quantity=9 Type='Limit' Time in force=GTC Oco='bfe1e4eaeaa64ff090765aeb66ffe11e' Filled=9 Fill price=7567.25 Error='No error' Native error='',
7/16/2026 3:44:41 PM,Position,Instrument='MES SEP26' Account='Sim101' Average price=7566.25 Quantity=10 Market position=Long Operation=Update,
7/16/2026 3:44:41 PM,Execution,Execution='890771f3763141deb8f9efa9aba85fa1' Instrument='MES SEP26' Account='Sim101' Exchange=Default Price=7567.25 Quantity=1 Market position=Short Operation=Operation_Add Order='599ef7940bb64c9e937ea2272c3a43ad' Time='7/16/2026 3:44 PM',
7/16/2026 3:44:41 PM,Order,Order='599ef7940bb64c9e937ea2272c3a43ad/Sim101' Name='Target1' New state='Partially filled' Instrument='MES SEP26' Action='Sell' Limit price=7567.25 Stop price=0 Quantity=9 Type='Limit' Time in force=GTC Oco='bfe1e4eaeaa64ff090765aeb66ffe11e' Filled=2 Fill price=7567.25 Error='No error' Native error='',
7/16/2026 3:44:41 PM,Position,Instrument='MES SEP26' Account='Sim101' Average price=7566.25 Quantity=11 Market position=Long Operation=Update,
7/16/2026 3:44:41 PM,Order,Order='f60adc6102b2460984c9be8f99d2d70e/Sim101' Name='Stop1' New state='Change submitted' Instrument='MES SEP26' Action='Sell' Limit price=0 Stop price=7562.25 Quantity=8 Type='Stop Market' Time in force=GTC Oco='bfe1e4eaeaa64ff090765aeb66ffe11e' Filled=0 Fill price=0 Error='No error' Native error='',
7/16/2026 3:44:41 PM,Execution,Execution='ffccd952bfc7441b93e0eb7df85e82be' Instrument='MES SEP26' Account='Sim101' Exchange=Default Price=7567.25 Quantity=1 Market position=Short Operation=Operation_Add Order='599ef7940bb64c9e937ea2272c3a43ad' Time='7/16/2026 3:44 PM',
7/16/2026 3:44:41 PM,Order,Order='599ef7940bb64c9e937ea2272c3a43ad/Sim101' Name='Target1' New state='Partially filled' Instrument='MES SEP26' Action='Sell' Limit price=7567.25 Stop price=0 Quantity=9 Type='Limit' Time in force=GTC Oco='bfe1e4eaeaa64ff090765aeb66ffe11e' Filled=1 Fill price=7567.25 Error='No error' Native error='',
7/16/2026 3:44:25 PM,Order,Order='94416f16d37b4cc197d29e4ef694e612/Sim102' Name='Target4' New state='Working' Instrument='MES SEP26' Action='Buy to cover' Limit price=7562 Stop price=0 Quantity=1 Type='Limit' Time in force=GTC Oco='64f357ae79b74fd69003b8380c9a9ad5' Filled=0 Fill price=0 Error='No error' Native error='',
7/16/2026 3:44:25 PM,Order,Order='94416f16d37b4cc197d29e4ef694e612/Sim102' Name='Target4' New state='Accepted' Instrument='MES SEP26' Action='Buy to cover' Limit price=7562 Stop price=0 Quantity=1 Type='Limit' Time in force=GTC Oco='64f357ae79b74fd69003b8380c9a9ad5' Filled=0 Fill price=0 Error='No error' Native error='',
7/16/2026 3:44:25 PM,Order,Order='ad422dc16a9e4bdea97a9620a9a85cb0/Sim102' Name='Stop4' New state='Accepted' Instrument='MES SEP26' Action='Buy to cover' Limit price=0 Stop price=7570 Quantity=1 Type='Stop Market' Time in force=GTC Oco='64f357ae79b74fd69003b8380c9a9ad5' Filled=0 Fill price=0 Error='No error' Native error='',
7/16/2026 3:44:25 PM,Order,Order='9ae45e9e7d764496a7ca685e2cd4144f/Sim102' Name='Target3' New state='Accepted' Instrument='MES SEP26' Action='Buy to cover' Limit price=7563 Stop price=0 Quantity=1 Type='Limit' Time in force=GTC Oco='5635b41af35d41daa3f2b0221fd71a76' Filled=0 Fill price=0 Error='No error' Native error='',
7/16/2026 3:44:25 PM,Order,Order='9ae45e9e7d764496a7ca685e2cd4144f/Sim102' Name='Target3' New state='Working' Instrument='MES SEP26' Action='Buy to cover' Limit price=7563 Stop price=0 Quantity=1 Type='Limit' Time in force=GTC Oco='5635b41af35d41daa3f2b0221fd71a76' Filled=0 Fill price=0 Error='No error' Native error='',
7/16/2026 3:44:25 PM,Order,Order='50e73da9b0474f6fbad35a4743c61522/Sim102' Name='Target2' New state='Accepted' Instrument='MES SEP26' Action='Buy to cover' Limit price=7564 Stop price=0 Quantity=1 Type='Limit' Time in force=GTC Oco='da11037099d24999ae4471ed0cef60f2' Filled=0 Fill price=0 Error='No error' Native error='',
7/16/2026 3:44:25 PM,Order,Order='50e73da9b0474f6fbad35a4743c61522/Sim102' Name='Target2' New state='Working' Instrument='MES SEP26' Action='Buy to cover' Limit price=7564 Stop price=0 Quantity=1 Type='Limit' Time in force=GTC Oco='da11037099d24999ae4471ed0cef60f2' Filled=0 Fill price=0 Error='No error' Native error='',
7/16/2026 3:44:25 PM,Order,Order='1b8410e82a1247b2b3f74a73265a0ea1/Sim102' Name='Stop3' New state='Accepted' Instrument='MES SEP26' Action='Buy to cover' Limit price=0 Stop price=7570 Quantity=1 Type='Stop Market' Time in force=GTC Oco='5635b41af35d41daa3f2b0221fd71a76' Filled=0 Fill price=0 Error='No error' Native error='',
7/16/2026 3:44:25 PM,Order,Order='781d71e8f53943d28c68a9271e64feb7/Sim102' Name='Stop2' New state='Accepted' Instrument='MES SEP26' Action='Buy to cover' Limit price=0 Stop price=7570 Quantity=1 Type='Stop Market' Time in force=GTC Oco='da11037099d24999ae4471ed0cef60f2' Filled=0 Fill price=0 Error='No error' Native error='',
7/16/2026 3:44:25 PM,Order,Order='6966ba34cdfa418ebe0d6e8a5ccbb2ee/Sim102' Name='Target1' New state='Working' Instrument='MES SEP26' Action='Buy to cover' Limit price=7565 Stop price=0 Quantity=9 Type='Limit' Time in force=GTC Oco='da04fb6be3e04cb4b51fa8425fff018f' Filled=0 Fill price=0 Error='No error' Native error='',
7/16/2026 3:44:25 PM,Order,Order='6966ba34cdfa418ebe0d6e8a5ccbb2ee/Sim102' Name='Target1' New state='Accepted' Instrument='MES SEP26' Action='Buy to cover' Limit price=7565 Stop price=0 Quantity=9 Type='Limit' Time in force=GTC Oco='da04fb6be3e04cb4b51fa8425fff018f' Filled=0 Fill price=0 Error='No error' Native error='',
7/16/2026 3:44:25 PM,Order,Order='94416f16d37b4cc197d29e4ef694e612/Sim102' Name='Target4' New state='Submitted' Instrument='MES SEP26' Action='Buy to cover' Limit price=7562 Stop price=0 Quantity=1 Type='Limit' Time in force=GTC Oco='64f357ae79b74fd69003b8380c9a9ad5' Filled=0 Fill price=0 Error='No error' Native error='',
7/16/2026 3:44:25 PM,Order,Order='65830d65de8a4e29bfbab7a3722e8cc6/Sim102' Name='Stop1' New state='Accepted' Instrument='MES SEP26' Action='Buy to cover' Limit price=0 Stop price=7570 Quantity=9 Type='Stop Market' Time in force=GTC Oco='da04fb6be3e04cb4b51fa8425fff018f' Filled=0 Fill price=0 Error='No error' Native error='',
7/16/2026 3:44:25 PM,Order,Order='ad422dc16a9e4bdea97a9620a9a85cb0/Sim102' Name='Stop4' New state='Submitted' Instrument='MES SEP26' Action='Buy to cover' Limit price=0 Stop price=7570 Quantity=1 Type='Stop Market' Time in force=GTC Oco='64f357ae79b74fd69003b8380c9a9ad5' Filled=0 Fill price=0 Error='No error' Native error='',
7/16/2026 3:44:25 PM,Order,Order='9ae45e9e7d764496a7ca685e2cd4144f/Sim102' Name='Target3' New state='Submitted' Instrument='MES SEP26' Action='Buy to cover' Limit price=7563 Stop price=0 Quantity=1 Type='Limit' Time in force=GTC Oco='5635b41af35d41daa3f2b0221fd71a76' Filled=0 Fill price=0 Error='No error' Native error='',
7/16/2026 3:44:25 PM,Order,Order='1b8410e82a1247b2b3f74a73265a0ea1/Sim102' Name='Stop3' New state='Submitted' Instrument='MES SEP26' Action='Buy to cover' Limit price=0 Stop price=7570 Quantity=1 Type='Stop Market' Time in force=GTC Oco='5635b41af35d41daa3f2b0221fd71a76' Filled=0 Fill price=0 Error='No error' Native error='',
7/16/2026 3:44:25 PM,Order,Order='50e73da9b0474f6fbad35a4743c61522/Sim102' Name='Target2' New state='Submitted' Instrument='MES SEP26' Action='Buy to cover' Limit price=7564 Stop price=0 Quantity=1 Type='Limit' Time in force=GTC Oco='da11037099d24999ae4471ed0cef60f2' Filled=0 Fill price=0 Error='No error' Native error='',
7/16/2026 3:44:25 PM,Order,Order='781d71e8f53943d28c68a9271e64feb7/Sim102' Name='Stop2' New state='Submitted' Instrument='MES SEP26' Action='Buy to cover' Limit price=0 Stop price=7570 Quantity=1 Type='Stop Market' Time in force=GTC Oco='da11037099d24999ae4471ed0cef60f2' Filled=0 Fill price=0 Error='No error' Native error='',
7/16/2026 3:44:25 PM,Order,Order='6966ba34cdfa418ebe0d6e8a5ccbb2ee/Sim102' Name='Target1' New state='Submitted' Instrument='MES SEP26' Action='Buy to cover' Limit price=7565 Stop price=0 Quantity=9 Type='Limit' Time in force=GTC Oco='da04fb6be3e04cb4b51fa8425fff018f' Filled=0 Fill price=0 Error='No error' Native error='',
7/16/2026 3:44:25 PM,Order,Order='65830d65de8a4e29bfbab7a3722e8cc6/Sim102' Name='Stop1' New state='Submitted' Instrument='MES SEP26' Action='Buy to cover' Limit price=0 Stop price=7570 Quantity=9 Type='Stop Market' Time in force=GTC Oco='da04fb6be3e04cb4b51fa8425fff018f' Filled=0 Fill price=0 Error='No error' Native error='',
7/16/2026 3:44:25 PM,Execution,Execution='d45d17bed88b4f87ab875f28ffcca945' Instrument='MES SEP26' Account='Sim102' Exchange=Default Price=7566 Quantity=12 Market position=Short Operation=Operation_Add Order='1b0905f6d8524ae98e3b3cabc2fb35a8' Time='7/16/2026 3:44 PM',
7/16/2026 3:44:25 PM,Position,Instrument='MES SEP26' Account='Sim102' Average price=7566 Quantity=12 Market position=Short Operation=Operation_Add,
7/16/2026 3:44:25 PM,Order,Order='1b0905f6d8524ae98e3b3cabc2fb35a8/Sim102' Name='Entry' New state='Filled' Instrument='MES SEP26' Action='Sell' Limit price=0 Stop price=0 Quantity=12 Type='Market' Time in force=GTC Oco='' Filled=12 Fill price=7566 Error='No error' Native error='',
7/16/2026 3:44:25 PM,Order,Order='1b0905f6d8524ae98e3b3cabc2fb35a8/Sim102' Name='Entry' New state='Accepted' Instrument='MES SEP26' Action='Sell' Limit price=0 Stop price=0 Quantity=12 Type='Market' Time in force=GTC Oco='' Filled=0 Fill price=0 Error='No error' Native error='',
7/16/2026 3:44:25 PM,Order,Order='1b0905f6d8524ae98e3b3cabc2fb35a8/Sim102' Name='Entry' New state='Working' Instrument='MES SEP26' Action='Sell' Limit price=0 Stop price=0 Quantity=12 Type='Market' Time in force=GTC Oco='' Filled=0 Fill price=0 Error='No error' Native error='',
7/16/2026 3:44:25 PM,Order,Order='1b0905f6d8524ae98e3b3cabc2fb35a8/Sim102' Name='Entry' New state='Submitted' Instrument='MES SEP26' Action='Sell' Limit price=0 Stop price=0 Quantity=12 Type='Market' Time in force=GTC Oco='' Filled=0 Fill price=0 Error='No error' Native error='',
7/16/2026 3:44:25 PM,Order,Chart Trader submitting order with strategy 'MES RMA 4SL 12Q - 2' (Ticks),
7/16/2026 3:44:24 PM,Order,Order='b9c6c3fbf73e4f23b6658fb831ebc3a7/Sim101' Name='Target4' New state='Accepted' Instrument='MES SEP26' Action='Sell' Limit price=7570.25 Stop price=0 Quantity=1 Type='Limit' Time in force=GTC Oco='994c6e3022c74eeaa6cfc32e71fdf2d6' Filled=0 Fill price=0 Error='No error' Native error='',
7/16/2026 3:44:24 PM,Order,Order='b9c6c3fbf73e4f23b6658fb831ebc3a7/Sim101' Name='Target4' New state='Working' Instrument='MES SEP26' Action='Sell' Limit price=7570.25 Stop price=0 Quantity=1 Type='Limit' Time in force=GTC Oco='994c6e3022c74eeaa6cfc32e71fdf2d6' Filled=0 Fill price=0 Error='No error' Native error='',
7/16/2026 3:44:24 PM,Order,Order='9a61971ae5124ea9bda4151ca8638d2b/Sim101' Name='Stop4' New state='Accepted' Instrument='MES SEP26' Action='Sell' Limit price=0 Stop price=7562.25 Quantity=1 Type='Stop Market' Time in force=GTC Oco='994c6e3022c74eeaa6cfc32e71fdf2d6' Filled=0 Fill price=0 Error='No error' Native error='',
7/16/2026 3:44:24 PM,Order,Order='22730f43fc5c4f268be828d1452c6c44/Sim101' Name='Target3' New state='Working' Instrument='MES SEP26' Action='Sell' Limit price=7569.25 Stop price=0 Quantity=1 Type='Limit' Time in force=GTC Oco='252738d77f8f42d0a592bb16747e48ba' Filled=0 Fill price=0 Error='No error' Native error='',
7/16/2026 3:44:24 PM,Order,Order='22730f43fc5c4f268be828d1452c6c44/Sim101' Name='Target3' New state='Accepted' Instrument='MES SEP26' Action='Sell' Limit price=7569.25 Stop price=0 Quantity=1 Type='Limit' Time in force=GTC Oco='252738d77f8f42d0a592bb16747e48ba' Filled=0 Fill price=0 Error='No error' Native error='',
7/16/2026 3:44:24 PM,Order,Order='a9daf2acb3a648409ed39bd90b76d23a/Sim101' Name='Target2' New state='Accepted' Instrument='MES SEP26' Action='Sell' Limit price=7568.25 Stop price=0 Quantity=1 Type='Limit' Time in force=GTC Oco='687a2f75771245bbb2a909844733d449' Filled=0 Fill price=0 Error='No error' Native error='',
7/16/2026 3:44:24 PM,Order,Order='a9daf2acb3a648409ed39bd90b76d23a/Sim101' Name='Target2' New state='Working' Instrument='MES SEP26' Action='Sell' Limit price=7568.25 Stop price=0 Quantity=1 Type='Limit' Time in force=GTC Oco='687a2f75771245bbb2a909844733d449' Filled=0 Fill price=0 Error='No error' Native error='',
7/16/2026 3:44:24 PM,Order,Order='b7b56f53cd2e48458a35182c96a5d53b/Sim101' Name='Stop3' New state='Accepted' Instrument='MES SEP26' Action='Sell' Limit price=0 Stop price=7562.25 Quantity=1 Type='Stop Market' Time in force=GTC Oco='252738d77f8f42d0a592bb16747e48ba' Filled=0 Fill price=0 Error='No error' Native error='',
7/16/2026 3:44:24 PM,Order,Order='2cf486e397c946e99c1ba6bf30fff651/Sim101' Name='Stop2' New state='Accepted' Instrument='MES SEP26' Action='Sell' Limit price=0 Stop price=7562.25 Quantity=1 Type='Stop Market' Time in force=GTC Oco='687a2f75771245bbb2a909844733d449' Filled=0 Fill price=0 Error='No error' Native error='',
7/16/2026 3:44:24 PM,Order,Order='599ef7940bb64c9e937ea2272c3a43ad/Sim101' Name='Target1' New state='Accepted' Instrument='MES SEP26' Action='Sell' Limit price=7567.25 Stop price=0 Quantity=9 Type='Limit' Time in force=GTC Oco='bfe1e4eaeaa64ff090765aeb66ffe11e' Filled=0 Fill price=0 Error='No error' Native error='',
7/16/2026 3:44:24 PM,Order,Order='599ef7940bb64c9e937ea2272c3a43ad/Sim101' Name='Target1' New state='Working' Instrument='MES SEP26' Action='Sell' Limit price=7567.25 Stop price=0 Quantity=9 Type='Limit' Time in force=GTC Oco='bfe1e4eaeaa64ff090765aeb66ffe11e' Filled=0 Fill price=0 Error='No error' Native error='',
7/16/2026 3:44:24 PM,Order,Order='f60adc6102b2460984c9be8f99d2d70e/Sim101' Name='Stop1' New state='Accepted' Instrument='MES SEP26' Action='Sell' Limit price=0 Stop price=7562.25 Quantity=9 Type='Stop Market' Time in force=GTC Oco='bfe1e4eaeaa64ff090765aeb66ffe11e' Filled=0 Fill price=0 Error='No error' Native error='',
7/16/2026 3:44:24 PM,Order,Order='b9c6c3fbf73e4f23b6658fb831ebc3a7/Sim101' Name='Target4' New state='Submitted' Instrument='MES SEP26' Action='Sell' Limit price=7570.25 Stop price=0 Quantity=1 Type='Limit' Time in force=GTC Oco='994c6e3022c74eeaa6cfc32e71fdf2d6' Filled=0 Fill price=0 Error='No error' Native error='',
7/16/2026 3:44:24 PM,Order,Order='9a61971ae5124ea9bda4151ca8638d2b/Sim101' Name='Stop4' New state='Submitted' Instrument='MES SEP26' Action='Sell' Limit price=0 Stop price=7562.25 Quantity=1 Type='Stop Market' Time in force=GTC Oco='994c6e3022c74eeaa6cfc32e71fdf2d6' Filled=0 Fill price=0 Error='No error' Native error='',
7/16/2026 3:44:24 PM,Order,Order='22730f43fc5c4f268be828d1452c6c44/Sim101' Name='Target3' New state='Submitted' Instrument='MES SEP26' Action='Sell' Limit price=7569.25 Stop price=0 Quantity=1 Type='Limit' Time in force=GTC Oco='252738d77f8f42d0a592bb16747e48ba' Filled=0 Fill price=0 Error='No error' Native error='',
7/16/2026 3:44:24 PM,Order,Order='b7b56f53cd2e48458a35182c96a5d53b/Sim101' Name='Stop3' New state='Submitted' Instrument='MES SEP26' Action='Sell' Limit price=0 Stop price=7562.25 Quantity=1 Type='Stop Market' Time in force=GTC Oco='252738d77f8f42d0a592bb16747e48ba' Filled=0 Fill price=0 Error='No error' Native error='',
7/16/2026 3:44:24 PM,Order,Order='a9daf2acb3a648409ed39bd90b76d23a/Sim101' Name='Target2' New state='Submitted' Instrument='MES SEP26' Action='Sell' Limit price=7568.25 Stop price=0 Quantity=1 Type='Limit' Time in force=GTC Oco='687a2f75771245bbb2a909844733d449' Filled=0 Fill price=0 Error='No error' Native error='',
7/16/2026 3:44:24 PM,Order,Order='2cf486e397c946e99c1ba6bf30fff651/Sim101' Name='Stop2' New state='Submitted' Instrument='MES SEP26' Action='Sell' Limit price=0 Stop price=7562.25 Quantity=1 Type='Stop Market' Time in force=GTC Oco='687a2f75771245bbb2a909844733d449' Filled=0 Fill price=0 Error='No error' Native error='',
7/16/2026 3:44:24 PM,Order,Order='599ef7940bb64c9e937ea2272c3a43ad/Sim101' Name='Target1' New state='Submitted' Instrument='MES SEP26' Action='Sell' Limit price=7567.25 Stop price=0 Quantity=9 Type='Limit' Time in force=GTC Oco='bfe1e4eaeaa64ff090765aeb66ffe11e' Filled=0 Fill price=0 Error='No error' Native error='',
7/16/2026 3:44:24 PM,Position,Instrument='MES SEP26' Account='Sim101' Average price=7566.25 Quantity=12 Market position=Long Operation=Operation_Add,
7/16/2026 3:44:24 PM,Order,Order='f60adc6102b2460984c9be8f99d2d70e/Sim101' Name='Stop1' New state='Submitted' Instrument='MES SEP26' Action='Sell' Limit price=0 Stop price=7562.25 Quantity=9 Type='Stop Market' Time in force=GTC Oco='bfe1e4eaeaa64ff090765aeb66ffe11e' Filled=0 Fill price=0 Error='No error' Native error='',
7/16/2026 3:44:24 PM,Execution,Execution='6c96f699c7444b819fab23455f157786' Instrument='MES SEP26' Account='Sim101' Exchange=Default Price=7566.25 Quantity=12 Market position=Long Operation=Operation_Add Order='e63d5084241f4d88b5a37c3a64dad4d9' Time='7/16/2026 3:44 PM',
7/16/2026 3:44:24 PM,Order,Order='e63d5084241f4d88b5a37c3a64dad4d9/Sim101' Name='Entry' New state='Filled' Instrument='MES SEP26' Action='Buy' Limit price=0 Stop price=0 Quantity=12 Type='Market' Time in force=GTC Oco='' Filled=12 Fill price=7566.25 Error='No error' Native error='',
7/16/2026 3:44:24 PM,Order,Order='e63d5084241f4d88b5a37c3a64dad4d9/Sim101' Name='Entry' New state='Accepted' Instrument='MES SEP26' Action='Buy' Limit price=0 Stop price=0 Quantity=12 Type='Market' Time in force=GTC Oco='' Filled=0 Fill price=0 Error='No error' Native error='',
7/16/2026 3:44:24 PM,Order,Order='e63d5084241f4d88b5a37c3a64dad4d9/Sim101' Name='Entry' New state='Working' Instrument='MES SEP26' Action='Buy' Limit price=0 Stop price=0 Quantity=12 Type='Market' Time in force=GTC Oco='' Filled=0 Fill price=0 Error='No error' Native error='',
7/16/2026 3:44:23 PM,Order,Order='e63d5084241f4d88b5a37c3a64dad4d9/Sim101' Name='Entry' New state='Submitted' Instrument='MES SEP26' Action='Buy' Limit price=0 Stop price=0 Quantity=12 Type='Market' Time in force=GTC Oco='' Filled=0 Fill price=0 Error='No error' Native error='',
7/16/2026 3:44:23 PM,Order,Chart Trader submitting order with strategy 'MES RMA 4SL 12Q - 1' (Ticks),
7/16/2026 3:43:46 PM,Connection,Using HDS (hds-us-nt-008.ninjatrader.com/31655),
7/16/2026 3:43:46 PM,Connection,Time to auto close position='12:00:00 AM' Enabled=False,
7/16/2026 3:43:46 PM,Connection,My Rithmic for NinjaTrader Brokerage: Primary connection=Connected Price feed=Connected,
7/16/2026 3:43:31 PM,Default,Restoring workspace 'Testing'...,
7/16/2026 3:43:29 PM,Default,Auto close enabled=False,
7/16/2026 3:43:29 PM,Order,Order entry hot keys disabled,
7/16/2026 3:43:29 PM,Connection,My Rithmic for NinjaTrader Brokerage: Primary connection=Connecting Price feed=Connecting,
7/16/2026 3:43:29 PM,Default,Auto connecting 'My Rithmic for NinjaTrader Brokerage'...,
7/16/2026 3:43:29 PM,Connection,Using IS (is-us-nt-005.ninjatrader.com/31658),
7/16/2026 3:43:29 PM,Default,Automated trading disabled,
7/16/2026 3:43:26 PM,Default,Global simulation mode disabled,
7/16/2026 3:43:07 PM,Default,Session Break (Version 8.1.7.2),
7/16/2026 2:25:16 PM,Connection,My Rithmic for NinjaTrader Brokerage: Primary connection=Disconnected Price feed=Disconnected,
7/16/2026 2:25:15 PM,Connection,My Rithmic for NinjaTrader Brokerage: Primary connection=Disconnecting Price feed=Disconnecting,
7/16/2026 2:25:14 PM,Default,Workspace Testing not saved,
7/16/2026 2:24:20 PM,DB,Error on executing DB command: code = Misuse (21) message = System.Data.SQLite.SQLiteException (0x87AF0649): bad parameter or other API misuse,
7/16/2026 2:24:10 PM,DB,Error on executing DB command: code = Misuse (21) message = System.Data.SQLite.SQLiteException (0x87AF0649): bad parameter or other API misuse,
7/16/2026 2:24:00 PM,DB,Error on executing DB command: code = Misuse (21) message = System.Data.SQLite.SQLiteException (0x87AF0649): bad parameter or other API misuse,
7/16/2026 2:23:49 PM,DB,Error on executing DB command: code = Misuse (21) message = System.Data.SQLite.SQLiteException (0x87AF0649): bad parameter or other API misuse,
7/16/2026 2:23:39 PM,DB,Error on executing DB command: code = Misuse (21) message = System.Data.SQLite.SQLiteException (0x87AF0649): bad parameter or other API misuse,
7/16/2026 2:23:29 PM,DB,Error on executing DB command: code = Misuse (21) message = System.Data.SQLite.SQLiteException (0x87AF0649): bad parameter or other API misuse,
7/16/2026 2:23:19 PM,DB,Error on executing DB command: code = Misuse (21) message = System.Data.SQLite.SQLiteException (0x87AF0649): bad parameter or other API misuse,
7/16/2026 2:23:09 PM,DB,Error on executing DB command: code = Misuse (21) message = System.Data.SQLite.SQLiteException (0x87AF0649): bad parameter or other API misuse,
7/16/2026 2:22:59 PM,DB,Error on executing DB command: code = Misuse (21) message = System.Data.SQLite.SQLiteException (0x87AF0649): bad parameter or other API misuse,
7/16/2026 2:22:49 PM,DB,Error on executing DB command: code = Misuse (21) message = System.Data.SQLite.SQLiteException (0x87AF0649): bad parameter or other API misuse,
7/16/2026 2:22:39 PM,DB,Error on executing DB command: code = Misuse (21) message = System.Data.SQLite.SQLiteException (0x87AF0649): bad parameter or other API misuse,
7/16/2026 2:22:29 PM,DB,Error on executing DB command: code = Misuse (21) message = System.Data.SQLite.SQLiteException (0x87AF0649): bad parameter or other API misuse,
7/16/2026 2:22:19 PM,DB,Error on executing DB command: code = Misuse (21) message = System.Data.SQLite.SQLiteException (0x87AF0649): bad parameter or other API misuse,
7/16/2026 2:22:09 PM,DB,Error on executing DB command: code = Misuse (21) message = System.Data.SQLite.SQLiteException (0x87AF0649): bad parameter or other API misuse,
7/16/2026 2:21:59 PM,DB,Error on executing DB command: code = Misuse (21) message = System.Data.SQLite.SQLiteException (0x87AF0649): bad parameter or other API misuse,
7/16/2026 2:21:49 PM,DB,Error on executing DB command: code = Misuse (21) message = System.Data.SQLite.SQLiteException (0x87AF0649): bad parameter or other API misuse,
7/16/2026 2:21:39 PM,DB,Error on executing DB command: code = Misuse (21) message = System.Data.SQLite.SQLiteException (0x87AF0649): bad parameter or other API misuse,
7/16/2026 2:21:29 PM,DB,Error on executing DB command: code = Misuse (21) message = System.Data.SQLite.SQLiteException (0x87AF0649): bad parameter or other API misuse,
7/16/2026 2:21:19 PM,DB,Error on executing DB command: code = Misuse (21) message = System.Data.SQLite.SQLiteException (0x87AF0649): bad parameter or other API misuse,
7/16/2026 2:21:09 PM,DB,Error on executing DB command: code = Misuse (21) message = System.Data.SQLite.SQLiteException (0x87AF0649): bad parameter or other API misuse,
7/16/2026 2:20:59 PM,DB,Error on executing DB command: code = Misuse (21) message = System.Data.SQLite.SQLiteException (0x87AF0649): bad parameter or other API misuse,
7/16/2026 2:20:49 PM,DB,Error on executing DB command: code = Misuse (21) message = System.Data.SQLite.SQLiteException (0x87AF0649): bad parameter or other API misuse,
7/16/2026 2:20:39 PM,DB,Error on executing DB command: code = Misuse (21) message = System.Data.SQLite.SQLiteException (0x87AF0649): bad parameter or other API misuse,
7/16/2026 2:20:29 PM,DB,Error on executing DB command: code = Misuse (21) message = System.Data.SQLite.SQLiteException (0x87AF0649): bad parameter or other API misuse,
7/16/2026 2:20:19 PM,DB,Error on executing DB command: code = Misuse (21) message = System.Data.SQLite.SQLiteException (0x87AF0649): bad parameter or other API misuse,
7/16/2026 2:20:09 PM,DB,Error on executing DB command: code = Misuse (21) message = System.Data.SQLite.SQLiteException (0x87AF0649): bad parameter or other API misuse,
7/16/2026 2:19:59 PM,DB,Error on executing DB command: code = Misuse (21) message = System.Data.SQLite.SQLiteException (0x87AF0649): bad parameter or other API misuse,
7/16/2026 2:19:49 PM,DB,Error on executing DB command: code = Misuse (21) message = System.Data.SQLite.SQLiteException (0x87AF0649): bad parameter or other API misuse,
7/16/2026 2:19:39 PM,DB,Error on executing DB command: code = Misuse (21) message = System.Data.SQLite.SQLiteException (0x87AF0649): bad parameter or other API misuse,
7/16/2026 2:19:29 PM,DB,Error on executing DB command: code = Misuse (21) message = System.Data.SQLite.SQLiteException (0x87AF0649): bad parameter or other API misuse,
7/16/2026 2:19:19 PM,DB,Error on executing DB command: code = Misuse (21) message = System.Data.SQLite.SQLiteException (0x87AF0649): bad parameter or other API misuse,
7/16/2026 2:19:09 PM,DB,Error on executing DB command: code = Misuse (21) message = System.Data.SQLite.SQLiteException (0x87AF0649): bad parameter or other API misuse,
7/16/2026 2:18:59 PM,DB,Error on executing DB command: code = Misuse (21) message = System.Data.SQLite.SQLiteException (0x87AF0649): bad parameter or other API misuse,
7/16/2026 2:18:49 PM,DB,Error on executing DB command: code = Misuse (21) message = System.Data.SQLite.SQLiteException (0x87AF0649): bad parameter or other API misuse,
7/16/2026 2:18:39 PM,DB,Error on executing DB command: code = Misuse (21) message = System.Data.SQLite.SQLiteException (0x87AF0649): bad parameter or other API misuse,
7/16/2026 2:18:29 PM,DB,Error on executing DB command: code = Misuse (21) message = System.Data.SQLite.SQLiteException (0x87AF0649): bad parameter or other API misuse,
7/16/2026 2:18:19 PM,DB,Error on executing DB command: code = Misuse (21) message = System.Data.SQLite.SQLiteException (0x87AF0649): bad parameter or other API misuse,
7/16/2026 2:18:09 PM,DB,Error on executing DB command: code = Misuse (21) message = System.Data.SQLite.SQLiteException (0x87AF0649): bad parameter or other API misuse,
7/16/2026 2:17:59 PM,DB,Error on executing DB command: code = Misuse (21) message = System.Data.SQLite.SQLiteException (0x87AF0649): bad parameter or other API misuse,
7/16/2026 2:17:50 PM,Order,Order='52f54d4eb9a34a29a5d8d6252e62cced/Sim102' Name='Entry' New state='Rejected' Instrument='MES SEP26' Action='Sell' Limit price=0 Stop price=0 Quantity=12 Type='Market' Time in force=GTC Oco='' Filled=0 Fill price=0 Error='Order rejected' Native error='There is no market data available to drive the simulation engine.',
7/16/2026 2:17:50 PM,Order,Sim102 There is no market data available to drive the simulation engine. affected Order: Sell 12 Market,
7/16/2026 2:17:49 PM,DB,Error on executing DB command: code = Misuse (21) message = System.Data.SQLite.SQLiteException (0x87AF0649): bad parameter or other API misuse,
7/16/2026 2:17:45 PM,Order,Order='7efce923404941049bfb326039feab15/Sim102' Name='Entry' New state='Rejected' Instrument='MES SEP26' Action='Sell' Limit price=0 Stop price=0 Quantity=12 Type='Market' Time in force=GTC Oco='' Filled=0 Fill price=0 Error='Order rejected' Native error='There is no market data available to drive the simulation engine.',
7/16/2026 2:17:45 PM,Order,Sim102 There is no market data available to drive the simulation engine. affected Order: Sell 12 Market,
7/16/2026 2:17:44 PM,Order,Sim101 There is no market data available to drive the simulation engine. affected Order: Buy 12 Market,
7/16/2026 2:17:44 PM,Order,Order='a3de490d3bf34237adf9023adb1183c4/Sim101' Name='Entry' New state='Rejected' Instrument='MES SEP26' Action='Buy' Limit price=0 Stop price=0 Quantity=12 Type='Market' Time in force=GTC Oco='' Filled=0 Fill price=0 Error='Order rejected' Native error='There is no market data available to drive the simulation engine.',
7/16/2026 2:17:41 PM,Default,Chart Trader close position,
7/16/2026 2:17:41 PM,Default,Cancel all orders account='Sim101',
7/16/2026 2:17:41 PM,Default,Chart Trader close position,
7/16/2026 2:17:41 PM,Default,Cancel all orders account='Sim101',
7/16/2026 2:17:40 PM,Default,Cancel all orders account='Sim102',
7/16/2026 2:17:40 PM,Default,Chart Trader close position,
7/16/2026 2:17:39 PM,Default,Chart Trader close position,
7/16/2026 2:17:39 PM,Default,Cancel all orders account='Sim101',
7/16/2026 2:17:39 PM,DB,Error on executing DB command: code = Misuse (21) message = System.Data.SQLite.SQLiteException (0x87AF0649): bad parameter or other API misuse,
7/16/2026 2:17:38 PM,Default,Chart Trader close position,
7/16/2026 2:17:38 PM,Default,Cancel all orders account='Sim101',
7/16/2026 2:17:37 PM,Default,Cancel all orders account='Sim102',
7/16/2026 2:17:37 PM,Default,Chart Trader close position,
7/16/2026 2:17:30 PM,Order,Order='52f54d4eb9a34a29a5d8d6252e62cced/Sim102' Name='Entry' New state='Submitted' Instrument='MES SEP26' Action='Sell' Limit price=0 Stop price=0 Quantity=12 Type='Market' Time in force=GTC Oco='' Filled=0 Fill price=0 Error='No error' Native error='',
7/16/2026 2:17:30 PM,Order,Chart Trader submitting order with strategy 'MES RMA 4SL 12Q - 3' (Ticks),
7/16/2026 2:17:29 PM,DB,Error on executing DB command: code = Misuse (21) message = System.Data.SQLite.SQLiteException (0x87AF0649): bad parameter or other API misuse,
7/16/2026 2:17:25 PM,Order,Order='7efce923404941049bfb326039feab15/Sim102' Name='Entry' New state='Submitted' Instrument='MES SEP26' Action='Sell' Limit price=0 Stop price=0 Quantity=12 Type='Market' Time in force=GTC Oco='' Filled=0 Fill price=0 Error='No error' Native error='',
7/16/2026 2:17:25 PM,Order,Chart Trader submitting order with strategy 'MES RMA 4SL 12Q - 2' (Ticks),
7/16/2026 2:17:24 PM,Order,Order='a3de490d3bf34237adf9023adb1183c4/Sim101' Name='Entry' New state='Submitted' Instrument='MES SEP26' Action='Buy' Limit price=0 Stop price=0 Quantity=12 Type='Market' Time in force=GTC Oco='' Filled=0 Fill price=0 Error='No error' Native error='',
7/16/2026 2:17:24 PM,Order,Chart Trader submitting order with strategy 'MES RMA 4SL 12Q - 1' (Ticks),
7/16/2026 2:17:19 PM,DB,Error on executing DB command: code = Misuse (21) message = System.Data.SQLite.SQLiteException (0x87AF0649): bad parameter or other API misuse,
7/16/2026 2:17:09 PM,DB,Error on executing DB command: code = Constraint (19) message = System.Data.SQLite.SQLiteException (0x87AF202F): constraint failed,
7/16/2026 2:16:59 PM,DB,Error on executing DB command: code = Misuse (21) message = System.Data.SQLite.SQLiteException (0x87AF0649): bad parameter or other API misuse,
7/16/2026 2:16:49 PM,DB,Error on executing DB command: code = Misuse (21) message = System.Data.SQLite.SQLiteException (0x87AF0649): bad parameter or other API misuse,
7/16/2026 2:16:39 PM,DB,Error on executing DB command: code = Constraint (19) message = System.Data.SQLite.SQLiteException (0x87AF202F): constraint failed,
7/16/2026 2:16:38 PM,Connection,Using HDS (hds-us-nt-004.ninjatrader.com/31655),
7/16/2026 2:16:38 PM,Connection,Time to auto close position='12:00:00 AM' Enabled=False,
7/16/2026 2:16:38 PM,Execution,Execution='1793371,
7/16/2026 2:16:38 PM,Execution,Execution='1793372,
7/16/2026 2:16:37 PM,Connection,My Rithmic for NinjaTrader Brokerage: Primary connection=Connected Price feed=Connected,
7/16/2026 2:16:23 PM,Default,Restoring workspace 'Testing'...,
7/16/2026 2:16:21 PM,Default,Auto close enabled=False,
7/16/2026 2:16:21 PM,Order,Order entry hot keys disabled,
7/16/2026 2:16:20 PM,Connection,My Rithmic for NinjaTrader Brokerage: Primary connection=Connecting Price feed=Connecting,
7/16/2026 2:16:20 PM,Default,Auto connecting 'My Rithmic for NinjaTrader Brokerage'...,
7/16/2026 2:16:20 PM,Connection,Using IS (is-us-nt-005.ninjatrader.com/31658),
7/16/2026 2:16:20 PM,Default,Automated trading disabled,
7/16/2026 2:16:17 PM,Default,Global simulation mode disabled,
7/16/2026 2:15:50 PM,Default,Session Break (Version 8.1.7.2),
7/16/2026 2:15:24 PM,Connection,My Rithmic for NinjaTrader Brokerage: Primary connection=Disconnected Price feed=Disconnected,
7/16/2026 2:15:24 PM,Connection,My Rithmic for NinjaTrader Brokerage: Primary connection=Disconnecting Price feed=Disconnecting,
7/16/2026 2:15:23 PM,Default,Workspace Testing not saved,
7/16/2026 1:57:45 PM,Position,Instrument='MES SEP26' Account='Sim102' Average price=0 Quantity=0 Market position=Flat Operation=Remove,
7/16/2026 1:57:45 PM,Order,Order='a77246cecfcd4f948e650bb4ba028b33/Sim102' Name='Close' New state='Filled' Instrument='MES SEP26' Action='Sell' Limit price=0 Stop price=0 Quantity=12 Type='Market' Time in force=DAY Oco='' Filled=12 Fill price=7568.25 Error='No error' Native error='',
7/16/2026 1:57:45 PM,Execution,Execution='24b24b1a46c343feb648296010e635ba' Instrument='MES SEP26' Account='Sim102' Exchange=Default Price=7568.25 Quantity=12 Market position=Short Operation=Operation_Add Order='a77246cecfcd4f948e650bb4ba028b33' Time='7/16/2026 1:57 PM',
7/16/2026 1:57:45 PM,Order,Order='a77246cecfcd4f948e650bb4ba028b33/Sim102' Name='Close' New state='Working' Instrument='MES SEP26' Action='Sell' Limit price=0 Stop price=0 Quantity=12 Type='Market' Time in force=DAY Oco='' Filled=0 Fill price=0 Error='No error' Native error='',
7/16/2026 1:57:45 PM,Order,Order='a77246cecfcd4f948e650bb4ba028b33/Sim102' Name='Close' New state='Accepted' Instrument='MES SEP26' Action='Sell' Limit price=0 Stop price=0 Quantity=12 Type='Market' Time in force=DAY Oco='' Filled=0 Fill price=0 Error='No error' Native error='',
7/16/2026 1:57:45 PM,Order,Order='a77246cecfcd4f948e650bb4ba028b33/Sim102' Name='Close' New state='Submitted' Instrument='MES SEP26' Action='Sell' Limit price=0 Stop price=0 Quantity=12 Type='Market' Time in force=DAY Oco='' Filled=0 Fill price=0 Error='No error' Native error='',
7/16/2026 1:57:45 PM,Order,Order='b9cfbccc5eac4f5caa88db124b87fa84/Sim102' Name='Target4' New state='Cancelled' Instrument='MES SEP26' Action='Sell' Limit price=7573 Stop price=0 Quantity=1 Type='Limit' Time in force=GTC Oco='79f30c2be52c425e8a3dbf21ad05c395' Filled=0 Fill price=0 Error='No error' Native error='',
7/16/2026 1:57:45 PM,Order,Order='cb1004a7b0f7403eb507da7004f1c537/Sim102' Name='Target3' New state='Cancelled' Instrument='MES SEP26' Action='Sell' Limit price=7572 Stop price=0 Quantity=1 Type='Limit' Time in force=GTC Oco='7fe04e16e7f24d7fa186e7ef868bc0d2' Filled=0 Fill price=0 Error='No error' Native error='',
7/16/2026 1:57:45 PM,Order,Order='f7fc050ad7c243d4a3e5633d0f58466a/Sim102' Name='Stop2' New state='Cancelled' Instrument='MES SEP26' Action='Sell' Limit price=0 Stop price=7565 Quantity=1 Type='Stop Market' Time in force=GTC Oco='542c3a9a054749d485aab8d5b26b80d0' Filled=0 Fill price=0 Error='No error' Native error='',
7/16/2026 1:57:45 PM,Order,Order='d0b85145ef044c74a8e3af21e3671458/Sim102' Name='Stop4' New state='Cancelled' Instrument='MES SEP26' Action='Sell' Limit price=0 Stop price=7565 Quantity=1 Type='Stop Market' Time in force=GTC Oco='79f30c2be52c425e8a3dbf21ad05c395' Filled=0 Fill price=0 Error='No error' Native error='',
7/16/2026 1:57:45 PM,Order,Order='dd06595ff5204ab0a332bcea41cf7216/Sim102' Name='Target2' New state='Cancelled' Instrument='MES SEP26' Action='Sell' Limit price=7571 Stop price=0 Quantity=1 Type='Limit' Time in force=GTC Oco='542c3a9a054749d485aab8d5b26b80d0' Filled=0 Fill price=0 Error='No error' Native error='',
7/16/2026 1:57:45 PM,Order,Order='04bc8137180a4a76a9cf55efddd8c731/Sim102' Name='Stop3' New state='Cancelled' Instrument='MES SEP26' Action='Sell' Limit price=0 Stop price=7565 Quantity=1 Type='Stop Market' Time in force=GTC Oco='7fe04e16e7f24d7fa186e7ef868bc0d2' Filled=0 Fill price=0 Error='No error' Native error='',
7/16/2026 1:57:45 PM,Order,Order='ce44b6d21198463cb4a55be8dc7f9ec7/Sim102' Name='Stop1' New state='Cancelled' Instrument='MES SEP26' Action='Sell' Limit price=0 Stop price=7565 Quantity=9 Type='Stop Market' Time in force=GTC Oco='785638ee9cd8409faf77765308df651e' Filled=0 Fill price=0 Error='No error' Native error='',
7/16/2026 1:57:45 PM,Order,Order='5af92b81c1d446f7b82be64e2a31e596/Sim102' Name='Target1' New state='Cancelled' Instrument='MES SEP26' Action='Sell' Limit price=7570 Stop price=0 Quantity=9 Type='Limit' Time in force=GTC Oco='785638ee9cd8409faf77765308df651e' Filled=0 Fill price=0 Error='No error' Native error='',
7/16/2026 1:57:44 PM,Order,Order='d0b85145ef044c74a8e3af21e3671458/Sim102' Name='Stop4' New state='Cancel submitted' Instrument='MES SEP26' Action='Sell' Limit price=0 Stop price=7565 Quantity=1 Type='Stop Market' Time in force=GTC Oco='79f30c2be52c425e8a3dbf21ad05c395' Filled=0 Fill price=0 Error='No error' Native error='',
7/16/2026 1:57:44 PM,Order,Order='04bc8137180a4a76a9cf55efddd8c731/Sim102' Name='Stop3' New state='Cancel submitted' Instrument='MES SEP26' Action='Sell' Limit price=0 Stop price=7565 Quantity=1 Type='Stop Market' Time in force=GTC Oco='7fe04e16e7f24d7fa186e7ef868bc0d2' Filled=0 Fill price=0 Error='No error' Native error='',
7/16/2026 1:57:44 PM,Order,Order='f7fc050ad7c243d4a3e5633d0f58466a/Sim102' Name='Stop2' New state='Cancel submitted' Instrument='MES SEP26' Action='Sell' Limit price=0 Stop price=7565 Quantity=1 Type='Stop Market' Time in force=GTC Oco='542c3a9a054749d485aab8d5b26b80d0' Filled=0 Fill price=0 Error='No error' Native error='',
7/16/2026 1:57:44 PM,Order,Order='ce44b6d21198463cb4a55be8dc7f9ec7/Sim102' Name='Stop1' New state='Cancel submitted' Instrument='MES SEP26' Action='Sell' Limit price=0 Stop price=7565 Quantity=9 Type='Stop Market' Time in force=GTC Oco='785638ee9cd8409faf77765308df651e' Filled=0 Fill price=0 Error='No error' Native error='',
7/16/2026 1:57:44 PM,Order,Order='b9cfbccc5eac4f5caa88db124b87fa84/Sim102' Name='Target4' New state='Cancel submitted' Instrument='MES SEP26' Action='Sell' Limit price=7573 Stop price=0 Quantity=1 Type='Limit' Time in force=GTC Oco='79f30c2be52c425e8a3dbf21ad05c395' Filled=0 Fill price=0 Error='No error' Native error='',
7/16/2026 1:57:44 PM,Order,Order='cb1004a7b0f7403eb507da7004f1c537/Sim102' Name='Target3' New state='Cancel submitted' Instrument='MES SEP26' Action='Sell' Limit price=7572 Stop price=0 Quantity=1 Type='Limit' Time in force=GTC Oco='7fe04e16e7f24d7fa186e7ef868bc0d2' Filled=0 Fill price=0 Error='No error' Native error='',
7/16/2026 1:57:44 PM,Order,Order='dd06595ff5204ab0a332bcea41cf7216/Sim102' Name='Target2' New state='Cancel submitted' Instrument='MES SEP26' Action='Sell' Limit price=7571 Stop price=0 Quantity=1 Type='Limit' Time in force=GTC Oco='542c3a9a054749d485aab8d5b26b80d0' Filled=0 Fill price=0 Error='No error' Native error='',
7/16/2026 1:57:44 PM,Order,Order='5af92b81c1d446f7b82be64e2a31e596/Sim102' Name='Target1' New state='Cancel submitted' Instrument='MES SEP26' Action='Sell' Limit price=7570 Stop price=0 Quantity=9 Type='Limit' Time in force=GTC Oco='785638ee9cd8409faf77765308df651e' Filled=0 Fill price=0 Error='No error' Native error='',
7/16/2026 1:57:44 PM,Default,Chart Trader close position,
7/16/2026 1:56:36 PM,Order,Order='b9cfbccc5eac4f5caa88db124b87fa84/Sim102' Name='Target4' New state='Accepted' Instrument='MES SEP26' Action='Sell' Limit price=7573 Stop price=0 Quantity=1 Type='Limit' Time in force=GTC Oco='79f30c2be52c425e8a3dbf21ad05c395' Filled=0 Fill price=0 Error='No error' Native error='',
7/16/2026 1:56:36 PM,Order,Order='b9cfbccc5eac4f5caa88db124b87fa84/Sim102' Name='Target4' New state='Working' Instrument='MES SEP26' Action='Sell' Limit price=7573 Stop price=0 Quantity=1 Type='Limit' Time in force=GTC Oco='79f30c2be52c425e8a3dbf21ad05c395' Filled=0 Fill price=0 Error='No error' Native error='',
7/16/2026 1:56:36 PM,Order,Order='d0b85145ef044c74a8e3af21e3671458/Sim102' Name='Stop4' New state='Accepted' Instrument='MES SEP26' Action='Sell' Limit price=0 Stop price=7565 Quantity=1 Type='Stop Market' Time in force=GTC Oco='79f30c2be52c425e8a3dbf21ad05c395' Filled=0 Fill price=0 Error='No error' Native error='',
7/16/2026 1:56:36 PM,Order,Order='cb1004a7b0f7403eb507da7004f1c537/Sim102' Name='Target3' New state='Accepted' Instrument='MES SEP26' Action='Sell' Limit price=7572 Stop price=0 Quantity=1 Type='Limit' Time in force=GTC Oco='7fe04e16e7f24d7fa186e7ef868bc0d2' Filled=0 Fill price=0 Error='No error' Native error='',
7/16/2026 1:56:36 PM,Order,Order='cb1004a7b0f7403eb507da7004f1c537/Sim102' Name='Target3' New state='Working' Instrument='MES SEP26' Action='Sell' Limit price=7572 Stop price=0 Quantity=1 Type='Limit' Time in force=GTC Oco='7fe04e16e7f24d7fa186e7ef868bc0d2' Filled=0 Fill price=0 Error='No error' Native error='',
7/16/2026 1:56:36 PM,Order,Order='dd06595ff5204ab0a332bcea41cf7216/Sim102' Name='Target2' New state='Accepted' Instrument='MES SEP26' Action='Sell' Limit price=7571 Stop price=0 Quantity=1 Type='Limit' Time in force=GTC Oco='542c3a9a054749d485aab8d5b26b80d0' Filled=0 Fill price=0 Error='No error' Native error='',
7/16/2026 1:56:36 PM,Order,Order='dd06595ff5204ab0a332bcea41cf7216/Sim102' Name='Target2' New state='Working' Instrument='MES SEP26' Action='Sell' Limit price=7571 Stop price=0 Quantity=1 Type='Limit' Time in force=GTC Oco='542c3a9a054749d485aab8d5b26b80d0' Filled=0 Fill price=0 Error='No error' Native error='',
7/16/2026 1:56:36 PM,Order,Order='04bc8137180a4a76a9cf55efddd8c731/Sim102' Name='Stop3' New state='Accepted' Instrument='MES SEP26' Action='Sell' Limit price=0 Stop price=7565 Quantity=1 Type='Stop Market' Time in force=GTC Oco='7fe04e16e7f24d7fa186e7ef868bc0d2' Filled=0 Fill price=0 Error='No error' Native error='',
7/16/2026 1:56:36 PM,Order,Order='5af92b81c1d446f7b82be64e2a31e596/Sim102' Name='Target1' New state='Working' Instrument='MES SEP26' Action='Sell' Limit price=7570 Stop price=0 Quantity=9 Type='Limit' Time in force=GTC Oco='785638ee9cd8409faf77765308df651e' Filled=0 Fill price=0 Error='No error' Native error='',
7/16/2026 1:56:36 PM,Order,Order='f7fc050ad7c243d4a3e5633d0f58466a/Sim102' Name='Stop2' New state='Accepted' Instrument='MES SEP26' Action='Sell' Limit price=0 Stop price=7565 Quantity=1 Type='Stop Market' Time in force=GTC Oco='542c3a9a054749d485aab8d5b26b80d0' Filled=0 Fill price=0 Error='No error' Native error='',
7/16/2026 1:56:36 PM,Order,Order='5af92b81c1d446f7b82be64e2a31e596/Sim102' Name='Target1' New state='Accepted' Instrument='MES SEP26' Action='Sell' Limit price=7570 Stop price=0 Quantity=9 Type='Limit' Time in force=GTC Oco='785638ee9cd8409faf77765308df651e' Filled=0 Fill price=0 Error='No error' Native error='',
7/16/2026 1:56:36 PM,Order,Order='ce44b6d21198463cb4a55be8dc7f9ec7/Sim102' Name='Stop1' New state='Accepted' Instrument='MES SEP26' Action='Sell' Limit price=0 Stop price=7565 Quantity=9 Type='Stop Market' Time in force=GTC Oco='785638ee9cd8409faf77765308df651e' Filled=0 Fill price=0 Error='No error' Native error='',
7/16/2026 1:56:36 PM,Order,Order='b9cfbccc5eac4f5caa88db124b87fa84/Sim102' Name='Target4' New state='Submitted' Instrument='MES SEP26' Action='Sell' Limit price=7573 Stop price=0 Quantity=1 Type='Limit' Time in force=GTC Oco='79f30c2be52c425e8a3dbf21ad05c395' Filled=0 Fill price=0 Error='No error' Native error='',
7/16/2026 1:56:36 PM,Order,Order='d0b85145ef044c74a8e3af21e3671458/Sim102' Name='Stop4' New state='Submitted' Instrument='MES SEP26' Action='Sell' Limit price=0 Stop price=7565 Quantity=1 Type='Stop Market' Time in force=GTC Oco='79f30c2be52c425e8a3dbf21ad05c395' Filled=0 Fill price=0 Error='No error' Native error='',
7/16/2026 1:56:36 PM,Order,Order='cb1004a7b0f7403eb507da7004f1c537/Sim102' Name='Target3' New state='Submitted' Instrument='MES SEP26' Action='Sell' Limit price=7572 Stop price=0 Quantity=1 Type='Limit' Time in force=GTC Oco='7fe04e16e7f24d7fa186e7ef868bc0d2' Filled=0 Fill price=0 Error='No error' Native error='',
7/16/2026 1:56:36 PM,Order,Order='04bc8137180a4a76a9cf55efddd8c731/Sim102' Name='Stop3' New state='Submitted' Instrument='MES SEP26' Action='Sell' Limit price=0 Stop price=7565 Quantity=1 Type='Stop Market' Time in force=GTC Oco='7fe04e16e7f24d7fa186e7ef868bc0d2' Filled=0 Fill price=0 Error='No error' Native error='',
7/16/2026 1:56:36 PM,Order,Order='dd06595ff5204ab0a332bcea41cf7216/Sim102' Name='Target2' New state='Submitted' Instrument='MES SEP26' Action='Sell' Limit price=7571 Stop price=0 Quantity=1 Type='Limit' Time in force=GTC Oco='542c3a9a054749d485aab8d5b26b80d0' Filled=0 Fill price=0 Error='No error' Native error='',
7/16/2026 1:56:36 PM,Order,Order='f7fc050ad7c243d4a3e5633d0f58466a/Sim102' Name='Stop2' New state='Submitted' Instrument='MES SEP26' Action='Sell' Limit price=0 Stop price=7565 Quantity=1 Type='Stop Market' Time in force=GTC Oco='542c3a9a054749d485aab8d5b26b80d0' Filled=0 Fill price=0 Error='No error' Native error='',
7/16/2026 1:56:36 PM,Order,Order='5af92b81c1d446f7b82be64e2a31e596/Sim102' Name='Target1' New state='Submitted' Instrument='MES SEP26' Action='Sell' Limit price=7570 Stop price=0 Quantity=9 Type='Limit' Time in force=GTC Oco='785638ee9cd8409faf77765308df651e' Filled=0 Fill price=0 Error='No error' Native error='',
7/16/2026 1:56:36 PM,Order,Order='ce44b6d21198463cb4a55be8dc7f9ec7/Sim102' Name='Stop1' New state='Submitted' Instrument='MES SEP26' Action='Sell' Limit price=0 Stop price=7565 Quantity=9 Type='Stop Market' Time in force=GTC Oco='785638ee9cd8409faf77765308df651e' Filled=0 Fill price=0 Error='No error' Native error='',
7/16/2026 1:56:36 PM,Position,Instrument='MES SEP26' Account='Sim102' Average price=7569 Quantity=12 Market position=Long Operation=Operation_Add,
7/16/2026 1:56:36 PM,Order,Order='5891365097e649e68591b09fc052db5a/Sim102' Name='Entry' New state='Filled' Instrument='MES SEP26' Action='Buy' Limit price=0 Stop price=0 Quantity=12 Type='Market' Time in force=GTC Oco='' Filled=12 Fill price=7569 Error='No error' Native error='',
7/16/2026 1:56:36 PM,Execution,Execution='5391f9cb7950462fac03e7968e2938b2' Instrument='MES SEP26' Account='Sim102' Exchange=Default Price=7569 Quantity=12 Market position=Long Operation=Operation_Add Order='5891365097e649e68591b09fc052db5a' Time='7/16/2026 1:56 PM',
7/16/2026 1:56:36 PM,Order,Order='5891365097e649e68591b09fc052db5a/Sim102' Name='Entry' New state='Accepted' Instrument='MES SEP26' Action='Buy' Limit price=0 Stop price=0 Quantity=12 Type='Market' Time in force=GTC Oco='' Filled=0 Fill price=0 Error='No error' Native error='',
7/16/2026 1:56:36 PM,Order,Order='5891365097e649e68591b09fc052db5a/Sim102' Name='Entry' New state='Working' Instrument='MES SEP26' Action='Buy' Limit price=0 Stop price=0 Quantity=12 Type='Market' Time in force=GTC Oco='' Filled=0 Fill price=0 Error='No error' Native error='',
7/16/2026 1:56:36 PM,Order,Order='5891365097e649e68591b09fc052db5a/Sim102' Name='Entry' New state='Submitted' Instrument='MES SEP26' Action='Buy' Limit price=0 Stop price=0 Quantity=12 Type='Market' Time in force=GTC Oco='' Filled=0 Fill price=0 Error='No error' Native error='',
7/16/2026 1:56:36 PM,Order,Chart Trader submitting order with strategy 'MES RMA 4SL 12Q - 1' (Ticks),
7/16/2026 1:56:29 PM,Position,Instrument='MES SEP26' Account='Sim102' Average price=0 Quantity=0 Market position=Flat Operation=Remove,
7/16/2026 1:56:29 PM,Execution,Execution='c8b829f0359e43d18fcdb56fc5d0b1e4' Instrument='MES SEP26' Account='Sim102' Exchange=Default Price=7568.75 Quantity=12 Market position=Short Operation=Operation_Add Order='1fd6df7c6b2e4fcba2b127f97724cc4e' Time='7/16/2026 1:56 PM',
7/16/2026 1:56:29 PM,Order,Order='1fd6df7c6b2e4fcba2b127f97724cc4e/Sim102' Name='Close' New state='Filled' Instrument='MES SEP26' Action='Sell' Limit price=0 Stop price=0 Quantity=12 Type='Market' Time in force=DAY Oco='' Filled=12 Fill price=7568.75 Error='No error' Native error='',
7/16/2026 1:56:29 PM,Order,Order='1fd6df7c6b2e4fcba2b127f97724cc4e/Sim102' Name='Close' New state='Accepted' Instrument='MES SEP26' Action='Sell' Limit price=0 Stop price=0 Quantity=12 Type='Market' Time in force=DAY Oco='' Filled=0 Fill price=0 Error='No error' Native error='',
7/16/2026 1:56:29 PM,Order,Order='1fd6df7c6b2e4fcba2b127f97724cc4e/Sim102' Name='Close' New state='Working' Instrument='MES SEP26' Action='Sell' Limit price=0 Stop price=0 Quantity=12 Type='Market' Time in force=DAY Oco='' Filled=0 Fill price=0 Error='No error' Native error='',
7/16/2026 1:56:29 PM,Order,Order='1fd6df7c6b2e4fcba2b127f97724cc4e/Sim102' Name='Close' New state='Submitted' Instrument='MES SEP26' Action='Sell' Limit price=0 Stop price=0 Quantity=12 Type='Market' Time in force=DAY Oco='' Filled=0 Fill price=0 Error='No error' Native error='',
7/16/2026 1:56:29 PM,Order,Order='091777f28e0941dfb5ddaa7b02cb8098/Sim102' Name='Target3' New state='Cancelled' Instrument='MES SEP26' Action='Sell' Limit price=7572 Stop price=0 Quantity=1 Type='Limit' Time in force=GTC Oco='6f179d18722848d4b5883c9ea8aff2c1' Filled=0 Fill price=0 Error='No error' Native error='',
7/16/2026 1:56:29 PM,Order,Order='b78f4ac945454ce5a1224fcb41801394/Sim102' Name='Target2' New state='Cancelled' Instrument='MES SEP26' Action='Sell' Limit price=7571 Stop price=0 Quantity=1 Type='Limit' Time in force=GTC Oco='113c4a586b4048e88b6c5c6f0b807d5f' Filled=0 Fill price=0 Error='No error' Native error='',
7/16/2026 1:56:29 PM,Order,Order='e03d548d0943442ebb88867c2e8477d4/Sim102' Name='Target4' New state='Cancelled' Instrument='MES SEP26' Action='Sell' Limit price=7573 Stop price=0 Quantity=1 Type='Limit' Time in force=GTC Oco='ed9a677f2e7445c8b44d6530f39e219f' Filled=0 Fill price=0 Error='No error' Native error='',
7/16/2026 1:56:29 PM,Order,Order='54eef45bfdf94d8a9b101e7e33a8cf8f/Sim102' Name='Stop3' New state='Cancelled' Instrument='MES SEP26' Action='Sell' Limit price=0 Stop price=7565 Quantity=1 Type='Stop Market' Time in force=GTC Oco='6f179d18722848d4b5883c9ea8aff2c1' Filled=0 Fill price=0 Error='No error' Native error='',
7/16/2026 1:56:29 PM,Order,Order='e8e612b7f8a843c2b3f2f62f83823609/Sim102' Name='Stop4' New state='Cancelled' Instrument='MES SEP26' Action='Sell' Limit price=0 Stop price=7565 Quantity=1 Type='Stop Market' Time in force=GTC Oco='ed9a677f2e7445c8b44d6530f39e219f' Filled=0 Fill price=0 Error='No error' Native error='',
7/16/2026 1:56:29 PM,Order,Order='6004f6b4e03c412b9e77689b45c72684/Sim102' Name='Stop1' New state='Cancelled' Instrument='MES SEP26' Action='Sell' Limit price=0 Stop price=7565 Quantity=9 Type='Stop Market' Time in force=GTC Oco='352b6acbabae42c0b075933bf17c442e' Filled=0 Fill price=0 Error='No error' Native error='',
7/16/2026 1:56:29 PM,Order,Order='f3ac313e889e4258bfb5039f7f64fc81/Sim102' Name='Stop2' New state='Cancelled' Instrument='MES SEP26' Action='Sell' Limit price=0 Stop price=7565 Quantity=1 Type='Stop Market' Time in force=GTC Oco='113c4a586b4048e88b6c5c6f0b807d5f' Filled=0 Fill price=0 Error='No error' Native error='',
7/16/2026 1:56:29 PM,Order,Order='d1d4e1750b9c4db186f580bdec7226cd/Sim102' Name='Target1' New state='Cancelled' Instrument='MES SEP26' Action='Sell' Limit price=7570 Stop price=0 Quantity=9 Type='Limit' Time in force=GTC Oco='352b6acbabae42c0b075933bf17c442e' Filled=0 Fill price=0 Error='No error' Native error='',
7/16/2026 1:56:29 PM,Order,Order='e8e612b7f8a843c2b3f2f62f83823609/Sim102' Name='Stop4' New state='Cancel submitted' Instrument='MES SEP26' Action='Sell' Limit price=0 Stop price=7565 Quantity=1 Type='Stop Market' Time in force=GTC Oco='ed9a677f2e7445c8b44d6530f39e219f' Filled=0 Fill price=0 Error='No error' Native error='',
7/16/2026 1:56:29 PM,Order,Order='54eef45bfdf94d8a9b101e7e33a8cf8f/Sim102' Name='Stop3' New state='Cancel submitted' Instrument='MES SEP26' Action='Sell' Limit price=0 Stop price=7565 Quantity=1 Type='Stop Market' Time in force=GTC Oco='6f179d18722848d4b5883c9ea8aff2c1' Filled=0 Fill price=0 Error='No error' Native error='',
7/16/2026 1:56:29 PM,Order,Order='f3ac313e889e4258bfb5039f7f64fc81/Sim102' Name='Stop2' New state='Cancel submitted' Instrument='MES SEP26' Action='Sell' Limit price=0 Stop price=7565 Quantity=1 Type='Stop Market' Time in force=GTC Oco='113c4a586b4048e88b6c5c6f0b807d5f' Filled=0 Fill price=0 Error='No error' Native error='',
7/16/2026 1:56:29 PM,Order,Order='6004f6b4e03c412b9e77689b45c72684/Sim102' Name='Stop1' New state='Cancel submitted' Instrument='MES SEP26' Action='Sell' Limit price=0 Stop price=7565 Quantity=9 Type='Stop Market' Time in force=GTC Oco='352b6acbabae42c0b075933bf17c442e' Filled=0 Fill price=0 Error='No error' Native error='',
7/16/2026 1:56:29 PM,Order,Order='e03d548d0943442ebb88867c2e8477d4/Sim102' Name='Target4' New state='Cancel submitted' Instrument='MES SEP26' Action='Sell' Limit price=7573 Stop price=0 Quantity=1 Type='Limit' Time in force=GTC Oco='ed9a677f2e7445c8b44d6530f39e219f' Filled=0 Fill price=0 Error='No error' Native error='',
7/16/2026 1:56:29 PM,Order,Order='091777f28e0941dfb5ddaa7b02cb8098/Sim102' Name='Target3' New state='Cancel submitted' Instrument='MES SEP26' Action='Sell' Limit price=7572 Stop price=0 Quantity=1 Type='Limit' Time in force=GTC Oco='6f179d18722848d4b5883c9ea8aff2c1' Filled=0 Fill price=0 Error='No error' Native error='',
7/16/2026 1:56:29 PM,Order,Order='b78f4ac945454ce5a1224fcb41801394/Sim102' Name='Target2' New state='Cancel submitted' Instrument='MES SEP26' Action='Sell' Limit price=7571 Stop price=0 Quantity=1 Type='Limit' Time in force=GTC Oco='113c4a586b4048e88b6c5c6f0b807d5f' Filled=0 Fill price=0 Error='No error' Native error='',
7/16/2026 1:56:29 PM,Order,Order='d1d4e1750b9c4db186f580bdec7226cd/Sim102' Name='Target1' New state='Cancel submitted' Instrument='MES SEP26' Action='Sell' Limit price=7570 Stop price=0 Quantity=9 Type='Limit' Time in force=GTC Oco='352b6acbabae42c0b075933bf17c442e' Filled=0 Fill price=0 Error='No error' Native error='',
7/16/2026 1:56:29 PM,Default,Chart Trader close position,
7/16/2026 1:56:25 PM,Order,Order='b78f4ac945454ce5a1224fcb41801394/Sim102' Name='Target2' New state='Accepted' Instrument='MES SEP26' Action='Sell' Limit price=7571 Stop price=0 Quantity=1 Type='Limit' Time in force=GTC Oco='113c4a586b4048e88b6c5c6f0b807d5f' Filled=0 Fill price=0 Error='No error' Native error='',
7/16/2026 1:56:25 PM,Order,Order='e03d548d0943442ebb88867c2e8477d4/Sim102' Name='Target4' New state='Accepted' Instrument='MES SEP26' Action='Sell' Limit price=7573 Stop price=0 Quantity=1 Type='Limit' Time in force=GTC Oco='ed9a677f2e7445c8b44d6530f39e219f' Filled=0 Fill price=0 Error='No error' Native error='',
7/16/2026 1:56:25 PM,Order,Order='e8e612b7f8a843c2b3f2f62f83823609/Sim102' Name='Stop4' New state='Accepted' Instrument='MES SEP26' Action='Sell' Limit price=0 Stop price=7565 Quantity=1 Type='Stop Market' Time in force=GTC Oco='ed9a677f2e7445c8b44d6530f39e219f' Filled=0 Fill price=0 Error='No error' Native error='',
7/16/2026 1:56:25 PM,Order,Order='54eef45bfdf94d8a9b101e7e33a8cf8f/Sim102' Name='Stop3' New state='Accepted' Instrument='MES SEP26' Action='Sell' Limit price=0 Stop price=7565 Quantity=1 Type='Stop Market' Time in force=GTC Oco='6f179d18722848d4b5883c9ea8aff2c1' Filled=0 Fill price=0 Error='No error' Native error='',
7/16/2026 1:56:25 PM,Order,Order='b78f4ac945454ce5a1224fcb41801394/Sim102' Name='Target2' New state='Working' Instrument='MES SEP26' Action='Sell' Limit price=7571 Stop price=0 Quantity=1 Type='Limit' Time in force=GTC Oco='113c4a586b4048e88b6c5c6f0b807d5f' Filled=0 Fill price=0 Error='No error' Native error='',
7/16/2026 1:56:25 PM,Order,Order='e03d548d0943442ebb88867c2e8477d4/Sim102' Name='Target4' New state='Working' Instrument='MES SEP26' Action='Sell' Limit price=7573 Stop price=0 Quantity=1 Type='Limit' Time in force=GTC Oco='ed9a677f2e7445c8b44d6530f39e219f' Filled=0 Fill price=0 Error='No error' Native error='',
7/16/2026 1:56:25 PM,Order,Order='091777f28e0941dfb5ddaa7b02cb8098/Sim102' Name='Target3' New state='Accepted' Instrument='MES SEP26' Action='Sell' Limit price=7572 Stop price=0 Quantity=1 Type='Limit' Time in force=GTC Oco='6f179d18722848d4b5883c9ea8aff2c1' Filled=0 Fill price=0 Error='No error' Native error='',
7/16/2026 1:56:25 PM,Order,Order='091777f28e0941dfb5ddaa7b02cb8098/Sim102' Name='Target3' New state='Working' Instrument='MES SEP26' Action='Sell' Limit price=7572 Stop price=0 Quantity=1 Type='Limit' Time in force=GTC Oco='6f179d18722848d4b5883c9ea8aff2c1' Filled=0 Fill price=0 Error='No error' Native error='',
7/16/2026 1:56:25 PM,Order,Order='f3ac313e889e4258bfb5039f7f64fc81/Sim102' Name='Stop2' New state='Accepted' Instrument='MES SEP26' Action='Sell' Limit price=0 Stop price=7565 Quantity=1 Type='Stop Market' Time in force=GTC Oco='113c4a586b4048e88b6c5c6f0b807d5f' Filled=0 Fill price=0 Error='No error' Native error='',
7/16/2026 1:56:25 PM,Order,Order='d1d4e1750b9c4db186f580bdec7226cd/Sim102' Name='Target1' New state='Accepted' Instrument='MES SEP26' Action='Sell' Limit price=7570 Stop price=0 Quantity=9 Type='Limit' Time in force=GTC Oco='352b6acbabae42c0b075933bf17c442e' Filled=0 Fill price=0 Error='No error' Native error='',
7/16/2026 1:56:25 PM,Order,Order='6004f6b4e03c412b9e77689b45c72684/Sim102' Name='Stop1' New state='Accepted' Instrument='MES SEP26' Action='Sell' Limit price=0 Stop price=7565 Quantity=9 Type='Stop Market' Time in force=GTC Oco='352b6acbabae42c0b075933bf17c442e' Filled=0 Fill price=0 Error='No error' Native error='',
7/16/2026 1:56:25 PM,Order,Order='d1d4e1750b9c4db186f580bdec7226cd/Sim102' Name='Target1' New state='Working' Instrument='MES SEP26' Action='Sell' Limit price=7570 Stop price=0 Quantity=9 Type='Limit' Time in force=GTC Oco='352b6acbabae42c0b075933bf17c442e' Filled=0 Fill price=0 Error='No error' Native error='',
7/16/2026 1:56:25 PM,Order,Order='e03d548d0943442ebb88867c2e8477d4/Sim102' Name='Target4' New state='Submitted' Instrument='MES SEP26' Action='Sell' Limit price=7573 Stop price=0 Quantity=1 Type='Limit' Time in force=GTC Oco='ed9a677f2e7445c8b44d6530f39e219f' Filled=0 Fill price=0 Error='No error' Native error='',
7/16/2026 1:56:25 PM,Order,Order='e8e612b7f8a843c2b3f2f62f83823609/Sim102' Name='Stop4' New state='Submitted' Instrument='MES SEP26' Action='Sell' Limit price=0 Stop price=7565 Quantity=1 Type='Stop Market' Time in force=GTC Oco='ed9a677f2e7445c8b44d6530f39e219f' Filled=0 Fill price=0 Error='No error' Native error='',
7/16/2026 1:56:25 PM,Order,Order='091777f28e0941dfb5ddaa7b02cb8098/Sim102' Name='Target3' New state='Submitted' Instrument='MES SEP26' Action='Sell' Limit price=7572 Stop price=0 Quantity=1 Type='Limit' Time in force=GTC Oco='6f179d18722848d4b5883c9ea8aff2c1' Filled=0 Fill price=0 Error='No error' Native error='',
7/16/2026 1:56:25 PM,Order,Order='54eef45bfdf94d8a9b101e7e33a8cf8f/Sim102' Name='Stop3' New state='Submitted' Instrument='MES SEP26' Action='Sell' Limit price=0 Stop price=7565 Quantity=1 Type='Stop Market' Time in force=GTC Oco='6f179d18722848d4b5883c9ea8aff2c1' Filled=0 Fill price=0 Error='No error' Native error='',
7/16/2026 1:56:25 PM,Order,Order='b78f4ac945454ce5a1224fcb41801394/Sim102' Name='Target2' New state='Submitted' Instrument='MES SEP26' Action='Sell' Limit price=7571 Stop price=0 Quantity=1 Type='Limit' Time in force=GTC Oco='113c4a586b4048e88b6c5c6f0b807d5f' Filled=0 Fill price=0 Error='No error' Native error='',
7/16/2026 1:56:25 PM,Order,Order='f3ac313e889e4258bfb5039f7f64fc81/Sim102' Name='Stop2' New state='Submitted' Instrument='MES SEP26' Action='Sell' Limit price=0 Stop price=7565 Quantity=1 Type='Stop Market' Time in force=GTC Oco='113c4a586b4048e88b6c5c6f0b807d5f' Filled=0 Fill price=0 Error='No error' Native error='',
7/16/2026 1:56:25 PM,Order,Order='d1d4e1750b9c4db186f580bdec7226cd/Sim102' Name='Target1' New state='Submitted' Instrument='MES SEP26' Action='Sell' Limit price=7570 Stop price=0 Quantity=9 Type='Limit' Time in force=GTC Oco='352b6acbabae42c0b075933bf17c442e' Filled=0 Fill price=0 Error='No error' Native error='',
7/16/2026 1:56:25 PM,Order,Order='6004f6b4e03c412b9e77689b45c72684/Sim102' Name='Stop1' New state='Submitted' Instrument='MES SEP26' Action='Sell' Limit price=0 Stop price=7565 Quantity=9 Type='Stop Market' Time in force=GTC Oco='352b6acbabae42c0b075933bf17c442e' Filled=0 Fill price=0 Error='No error' Native error='',
7/16/2026 1:56:25 PM,Position,Instrument='MES SEP26' Account='Sim102' Average price=7569 Quantity=12 Market position=Long Operation=Operation_Add,
7/16/2026 1:56:25 PM,Order,Order='76f9ef9f1d604e24898105eba8f7e150/Sim102' Name='Entry' New state='Filled' Instrument='MES SEP26' Action='Buy' Limit price=0 Stop price=0 Quantity=12 Type='Market' Time in force=GTC Oco='' Filled=12 Fill price=7569 Error='No error' Native error='',
7/16/2026 1:56:25 PM,Execution,Execution='a8638dd8640143448b6202458a5244b8' Instrument='MES SEP26' Account='Sim102' Exchange=Default Price=7569 Quantity=12 Market position=Long Operation=Operation_Add Order='76f9ef9f1d604e24898105eba8f7e150' Time='7/16/2026 1:56 PM',
7/16/2026 1:56:25 PM,Order,Order='76f9ef9f1d604e24898105eba8f7e150/Sim102' Name='Entry' New state='Working' Instrument='MES SEP26' Action='Buy' Limit price=0 Stop price=0 Quantity=12 Type='Market' Time in force=GTC Oco='' Filled=0 Fill price=0 Error='No error' Native error='',
7/16/2026 1:56:25 PM,Order,Order='76f9ef9f1d604e24898105eba8f7e150/Sim102' Name='Entry' New state='Accepted' Instrument='MES SEP26' Action='Buy' Limit price=0 Stop price=0 Quantity=12 Type='Market' Time in force=GTC Oco='' Filled=0 Fill price=0 Error='No error' Native error='',
7/16/2026 1:56:25 PM,Order,Order='76f9ef9f1d604e24898105eba8f7e150/Sim102' Name='Entry' New state='Submitted' Instrument='MES SEP26' Action='Buy' Limit price=0 Stop price=0 Quantity=12 Type='Market' Time in force=GTC Oco='' Filled=0 Fill price=0 Error='No error' Native error='',
7/16/2026 1:56:25 PM,Order,Chart Trader submitting order with strategy 'MES RMA 4SL 12Q - 1' (Ticks),
7/16/2026 1:56:23 PM,Position,Instrument='MES SEP26' Account='Sim101' Average price=0 Quantity=0 Market position=Flat Operation=Remove,
7/16/2026 1:56:23 PM,Execution,Execution='2471cea33de94c168f8f624400513a8b' Instrument='MES SEP26' Account='Sim101' Exchange=Default Price=7568.5 Quantity=1 Market position=Short Operation=Operation_Add Order='b557ce28873a4996862615489fb9581f' Time='7/16/2026 1:56 PM',
7/16/2026 1:56:23 PM,Order,Order='b557ce28873a4996862615489fb9581f/Sim101' Name='Close' New state='Filled' Instrument='MES SEP26' Action='Sell' Limit price=0 Stop price=0 Quantity=12 Type='Market' Time in force=DAY Oco='' Filled=12 Fill price=7568.729166666667 Error='No error' Native error='',
7/16/2026 1:56:23 PM,Position,Instrument='MES SEP26' Account='Sim101' Average price=7568.25 Quantity=1 Market position=Long Operation=Update,
7/16/2026 1:56:23 PM,Execution,Execution='5a88b4af9ded4f2b93f15ebee86f8d32' Instrument='MES SEP26' Account='Sim101' Exchange=Default Price=7568.75 Quantity=11 Market position=Short Operation=Operation_Add Order='b557ce28873a4996862615489fb9581f' Time='7/16/2026 1:56 PM',
7/16/2026 1:56:23 PM,Order,Order='b557ce28873a4996862615489fb9581f/Sim101' Name='Close' New state='Working' Instrument='MES SEP26' Action='Sell' Limit price=0 Stop price=0 Quantity=12 Type='Market' Time in force=DAY Oco='' Filled=0 Fill price=0 Error='No error' Native error='',
7/16/2026 1:56:23 PM,Order,Order='b557ce28873a4996862615489fb9581f/Sim101' Name='Close' New state='Partially filled' Instrument='MES SEP26' Action='Sell' Limit price=0 Stop price=0 Quantity=12 Type='Market' Time in force=DAY Oco='' Filled=11 Fill price=7568.75 Error='No error' Native error='',
7/16/2026 1:56:23 PM,Order,Order='b557ce28873a4996862615489fb9581f/Sim101' Name='Close' New state='Accepted' Instrument='MES SEP26' Action='Sell' Limit price=0 Stop price=0 Quantity=12 Type='Market' Time in force=DAY Oco='' Filled=0 Fill price=0 Error='No error' Native error='',
7/16/2026 1:56:23 PM,Order,Order='b557ce28873a4996862615489fb9581f/Sim101' Name='Close' New state='Submitted' Instrument='MES SEP26' Action='Sell' Limit price=0 Stop price=0 Quantity=12 Type='Market' Time in force=DAY Oco='' Filled=0 Fill price=0 Error='No error' Native error='',
7/16/2026 1:56:23 PM,Order,Order='942132e7fb644a21abd7cded497a18b2/Sim101' Name='Stop2' New state='Cancelled' Instrument='MES SEP26' Action='Sell' Limit price=0 Stop price=7564.25 Quantity=1 Type='Stop Market' Time in force=GTC Oco='33efec7b1e364324ab468f216b6969ef' Filled=0 Fill price=0 Error='No error' Native error='',
7/16/2026 1:56:23 PM,Order,Order='2309d83e0f6b431a9fe7d8b294389ddb/Sim101' Name='Stop1' New state='Cancelled' Instrument='MES SEP26' Action='Sell' Limit price=0 Stop price=7564.25 Quantity=9 Type='Stop Market' Time in force=GTC Oco='2d0d5c3df0824812b1d9b8798224c13f' Filled=0 Fill price=0 Error='No error' Native error='',
7/16/2026 1:56:23 PM,Order,Order='e82527e2cbb1425dac2b8f865456b184/Sim101' Name='Target4' New state='Cancelled' Instrument='MES SEP26' Action='Sell' Limit price=7572.25 Stop price=0 Quantity=1 Type='Limit' Time in force=GTC Oco='6889427d247a460380257ca6bf5a08e9' Filled=0 Fill price=0 Error='No error' Native error='',
7/16/2026 1:56:23 PM,Order,Order='6afbc81a461d4cfcb6be8285b3594cd8/Sim101' Name='Target2' New state='Cancelled' Instrument='MES SEP26' Action='Sell' Limit price=7570.25 Stop price=0 Quantity=1 Type='Limit' Time in force=GTC Oco='33efec7b1e364324ab468f216b6969ef' Filled=0 Fill price=0 Error='No error' Native error='',
7/16/2026 1:56:23 PM,Order,Order='c203e3371c914cae855082d16f7b2698/Sim101' Name='Stop4' New state='Cancelled' Instrument='MES SEP26' Action='Sell' Limit price=0 Stop price=7564.25 Quantity=1 Type='Stop Market' Time in force=GTC Oco='6889427d247a460380257ca6bf5a08e9' Filled=0 Fill price=0 Error='No error' Native error='',
7/16/2026 1:56:23 PM,Order,Order='a8a28343d8d34e00a655a69d5836ee42/Sim101' Name='Stop3' New state='Cancelled' Instrument='MES SEP26' Action='Sell' Limit price=0 Stop price=7564.25 Quantity=1 Type='Stop Market' Time in force=GTC Oco='44339879c8434571b6017ff4e863ac7a' Filled=0 Fill price=0 Error='No error' Native error='',
7/16/2026 1:56:23 PM,Order,Order='bc2f46a2fe284e7191a9350259573f61/Sim101' Name='Target3' New state='Cancelled' Instrument='MES SEP26' Action='Sell' Limit price=7571.25 Stop price=0 Quantity=1 Type='Limit' Time in force=GTC Oco='44339879c8434571b6017ff4e863ac7a' Filled=0 Fill price=0 Error='No error' Native error='',
7/16/2026 1:56:23 PM,Order,Order='7374538b34274c42a8b49248601e82b1/Sim101' Name='Target1' New state='Cancelled' Instrument='MES SEP26' Action='Sell' Limit price=7569.25 Stop price=0 Quantity=9 Type='Limit' Time in force=GTC Oco='2d0d5c3df0824812b1d9b8798224c13f' Filled=0 Fill price=0 Error='No error' Native error='',
7/16/2026 1:56:23 PM,Order,Order='c203e3371c914cae855082d16f7b2698/Sim101' Name='Stop4' New state='Cancel submitted' Instrument='MES SEP26' Action='Sell' Limit price=0 Stop price=7564.25 Quantity=1 Type='Stop Market' Time in force=GTC Oco='6889427d247a460380257ca6bf5a08e9' Filled=0 Fill price=0 Error='No error' Native error='',
7/16/2026 1:56:23 PM,Order,Order='a8a28343d8d34e00a655a69d5836ee42/Sim101' Name='Stop3' New state='Cancel submitted' Instrument='MES SEP26' Action='Sell' Limit price=0 Stop price=7564.25 Quantity=1 Type='Stop Market' Time in force=GTC Oco='44339879c8434571b6017ff4e863ac7a' Filled=0 Fill price=0 Error='No error' Native error='',
7/16/2026 1:56:23 PM,Order,Order='942132e7fb644a21abd7cded497a18b2/Sim101' Name='Stop2' New state='Cancel submitted' Instrument='MES SEP26' Action='Sell' Limit price=0 Stop price=7564.25 Quantity=1 Type='Stop Market' Time in force=GTC Oco='33efec7b1e364324ab468f216b6969ef' Filled=0 Fill price=0 Error='No error' Native error='',
7/16/2026 1:56:23 PM,Order,Order='2309d83e0f6b431a9fe7d8b294389ddb/Sim101' Name='Stop1' New state='Cancel submitted' Instrument='MES SEP26' Action='Sell' Limit price=0 Stop price=7564.25 Quantity=9 Type='Stop Market' Time in force=GTC Oco='2d0d5c3df0824812b1d9b8798224c13f' Filled=0 Fill price=0 Error='No error' Native error='',
7/16/2026 1:56:23 PM,Order,Order='e82527e2cbb1425dac2b8f865456b184/Sim101' Name='Target4' New state='Cancel submitted' Instrument='MES SEP26' Action='Sell' Limit price=7572.25 Stop price=0 Quantity=1 Type='Limit' Time in force=GTC Oco='6889427d247a460380257ca6bf5a08e9' Filled=0 Fill price=0 Error='No error' Native error='',
7/16/2026 1:56:23 PM,Order,Order='bc2f46a2fe284e7191a9350259573f61/Sim101' Name='Target3' New state='Cancel submitted' Instrument='MES SEP26' Action='Sell' Limit price=7571.25 Stop price=0 Quantity=1 Type='Limit' Time in force=GTC Oco='44339879c8434571b6017ff4e863ac7a' Filled=0 Fill price=0 Error='No error' Native error='',
7/16/2026 1:56:23 PM,Order,Order='6afbc81a461d4cfcb6be8285b3594cd8/Sim101' Name='Target2' New state='Cancel submitted' Instrument='MES SEP26' Action='Sell' Limit price=7570.25 Stop price=0 Quantity=1 Type='Limit' Time in force=GTC Oco='33efec7b1e364324ab468f216b6969ef' Filled=0 Fill price=0 Error='No error' Native error='',
7/16/2026 1:56:23 PM,Order,Order='7374538b34274c42a8b49248601e82b1/Sim101' Name='Target1' New state='Cancel submitted' Instrument='MES SEP26' Action='Sell' Limit price=7569.25 Stop price=0 Quantity=9 Type='Limit' Time in force=GTC Oco='2d0d5c3df0824812b1d9b8798224c13f' Filled=0 Fill price=0 Error='No error' Native error='',
7/16/2026 1:56:23 PM,Default,Chart Trader close position,
7/16/2026 1:56:21 PM,Position,Instrument='MES SEP26' Account='Sim102' Average price=0 Quantity=0 Market position=Flat Operation=Remove,
7/16/2026 1:56:21 PM,Execution,Execution='3d2de03d3d38433e97700fab338f062e' Instrument='MES SEP26' Account='Sim102' Exchange=Default Price=7569 Quantity=12 Market position=Long Operation=Operation_Add Order='1dd678b76e2f4b7cb73100bae4ee70d6' Time='7/16/2026 1:56 PM',
7/16/2026 1:56:21 PM,Order,Order='1dd678b76e2f4b7cb73100bae4ee70d6/Sim102' Name='Close' New state='Filled' Instrument='MES SEP26' Action='Buy to cover' Limit price=0 Stop price=0 Quantity=12 Type='Market' Time in force=DAY Oco='' Filled=12 Fill price=7569 Error='No error' Native error='',
7/16/2026 1:56:21 PM,Order,Order='1dd678b76e2f4b7cb73100bae4ee70d6/Sim102' Name='Close' New state='Accepted' Instrument='MES SEP26' Action='Buy to cover' Limit price=0 Stop price=0 Quantity=12 Type='Market' Time in force=DAY Oco='' Filled=0 Fill price=0 Error='No error' Native error='',
7/16/2026 1:56:21 PM,Order,Order='1dd678b76e2f4b7cb73100bae4ee70d6/Sim102' Name='Close' New state='Working' Instrument='MES SEP26' Action='Buy to cover' Limit price=0 Stop price=0 Quantity=12 Type='Market' Time in force=DAY Oco='' Filled=0 Fill price=0 Error='No error' Native error='',
7/16/2026 1:56:21 PM,Order,Order='1dd678b76e2f4b7cb73100bae4ee70d6/Sim102' Name='Close' New state='Submitted' Instrument='MES SEP26' Action='Buy to cover' Limit price=0 Stop price=0 Quantity=12 Type='Market' Time in force=DAY Oco='' Filled=0 Fill price=0 Error='No error' Native error='',
7/16/2026 1:56:21 PM,Order,Order='90e650faddc94c3d920bb2f29e2bf425/Sim102' Name='Target3' New state='Cancelled' Instrument='MES SEP26' Action='Buy to cover' Limit price=7565 Stop price=0 Quantity=1 Type='Limit' Time in force=GTC Oco='75342b0c038f4d6591d5f5a5928424a5' Filled=0 Fill price=0 Error='No error' Native error='',
7/16/2026 1:56:21 PM,Order,Order='fca9538cd54e4055ae1b27f71c8a8ed1/Sim102' Name='Stop2' New state='Cancelled' Instrument='MES SEP26' Action='Buy to cover' Limit price=0 Stop price=7572 Quantity=1 Type='Stop Market' Time in force=GTC Oco='2e40992b590341deb381c53c88ff6cf5' Filled=0 Fill price=0 Error='No error' Native error='',
7/16/2026 1:56:21 PM,Order,Order='6b7ed7f703f6472abf9b2e416fbb4fb5/Sim102' Name='Stop3' New state='Cancelled' Instrument='MES SEP26' Action='Buy to cover' Limit price=0 Stop price=7572 Quantity=1 Type='Stop Market' Time in force=GTC Oco='75342b0c038f4d6591d5f5a5928424a5' Filled=0 Fill price=0 Error='No error' Native error='',
7/16/2026 1:56:21 PM,Order,Order='1863239c241e46a783eb825aadbc4956/Sim102' Name='Stop1' New state='Cancelled' Instrument='MES SEP26' Action='Buy to cover' Limit price=0 Stop price=7572 Quantity=9 Type='Stop Market' Time in force=GTC Oco='61473bfb31694fc9998f4635a512c4e2' Filled=0 Fill price=0 Error='No error' Native error='',
7/16/2026 1:56:21 PM,Order,Order='b7a5dac63f95450798fa83b619a7195f/Sim102' Name='Target4' New state='Cancelled' Instrument='MES SEP26' Action='Buy to cover' Limit price=7564 Stop price=0 Quantity=1 Type='Limit' Time in force=GTC Oco='9d8d8ad53645427cbdee7e741105884a' Filled=0 Fill price=0 Error='No error' Native error='',
7/16/2026 1:56:21 PM,Order,Order='6fe2f07ea5604bee992aaf233cc95b85/Sim102' Name='Stop4' New state='Cancelled' Instrument='MES SEP26' Action='Buy to cover' Limit price=0 Stop price=7572 Quantity=1 Type='Stop Market' Time in force=GTC Oco='9d8d8ad53645427cbdee7e741105884a' Filled=0 Fill price=0 Error='No error' Native error='',
7/16/2026 1:56:21 PM,Order,Order='bd6ea1407f3840a3a236b3a756dd3493/Sim102' Name='Target2' New state='Cancelled' Instrument='MES SEP26' Action='Buy to cover' Limit price=7566 Stop price=0 Quantity=1 Type='Limit' Time in force=GTC Oco='2e40992b590341deb381c53c88ff6cf5' Filled=0 Fill price=0 Error='No error' Native error='',
7/16/2026 1:56:21 PM,Order,Order='47f1d2961c3648cfa47037e6bfab22b7/Sim102' Name='Target1' New state='Cancelled' Instrument='MES SEP26' Action='Buy to cover' Limit price=7567 Stop price=0 Quantity=9 Type='Limit' Time in force=GTC Oco='61473bfb31694fc9998f4635a512c4e2' Filled=0 Fill price=0 Error='No error' Native error='',
7/16/2026 1:56:21 PM,Order,Order='6fe2f07ea5604bee992aaf233cc95b85/Sim102' Name='Stop4' New state='Cancel submitted' Instrument='MES SEP26' Action='Buy to cover' Limit price=0 Stop price=7572 Quantity=1 Type='Stop Market' Time in force=GTC Oco='9d8d8ad53645427cbdee7e741105884a' Filled=0 Fill price=0 Error='No error' Native error='',
7/16/2026 1:56:21 PM,Order,Order='6b7ed7f703f6472abf9b2e416fbb4fb5/Sim102' Name='Stop3' New state='Cancel submitted' Instrument='MES SEP26' Action='Buy to cover' Limit price=0 Stop price=7572 Quantity=1 Type='Stop Market' Time in force=GTC Oco='75342b0c038f4d6591d5f5a5928424a5' Filled=0 Fill price=0 Error='No error' Native error='',
7/16/2026 1:56:21 PM,Order,Order='fca9538cd54e4055ae1b27f71c8a8ed1/Sim102' Name='Stop2' New state='Cancel submitted' Instrument='MES SEP26' Action='Buy to cover' Limit price=0 Stop price=7572 Quantity=1 Type='Stop Market' Time in force=GTC Oco='2e40992b590341deb381c53c88ff6cf5' Filled=0 Fill price=0 Error='No error' Native error='',
7/16/2026 1:56:21 PM,Order,Order='1863239c241e46a783eb825aadbc4956/Sim102' Name='Stop1' New state='Cancel submitted' Instrument='MES SEP26' Action='Buy to cover' Limit price=0 Stop price=7572 Quantity=9 Type='Stop Market' Time in force=GTC Oco='61473bfb31694fc9998f4635a512c4e2' Filled=0 Fill price=0 Error='No error' Native error='',
7/16/2026 1:56:21 PM,Order,Order='b7a5dac63f95450798fa83b619a7195f/Sim102' Name='Target4' New state='Cancel submitted' Instrument='MES SEP26' Action='Buy to cover' Limit price=7564 Stop price=0 Quantity=1 Type='Limit' Time in force=GTC Oco='9d8d8ad53645427cbdee7e741105884a' Filled=0 Fill price=0 Error='No error' Native error='',
7/16/2026 1:56:21 PM,Order,Order='90e650faddc94c3d920bb2f29e2bf425/Sim102' Name='Target3' New state='Cancel submitted' Instrument='MES SEP26' Action='Buy to cover' Limit price=7565 Stop price=0 Quantity=1 Type='Limit' Time in force=GTC Oco='75342b0c038f4d6591d5f5a5928424a5' Filled=0 Fill price=0 Error='No error' Native error='',
7/16/2026 1:56:21 PM,Order,Order='bd6ea1407f3840a3a236b3a756dd3493/Sim102' Name='Target2' New state='Cancel submitted' Instrument='MES SEP26' Action='Buy to cover' Limit price=7566 Stop price=0 Quantity=1 Type='Limit' Time in force=GTC Oco='2e40992b590341deb381c53c88ff6cf5' Filled=0 Fill price=0 Error='No error' Native error='',
7/16/2026 1:56:21 PM,Order,Order='47f1d2961c3648cfa47037e6bfab22b7/Sim102' Name='Target1' New state='Cancel submitted' Instrument='MES SEP26' Action='Buy to cover' Limit price=7567 Stop price=0 Quantity=9 Type='Limit' Time in force=GTC Oco='61473bfb31694fc9998f4635a512c4e2' Filled=0 Fill price=0 Error='No error' Native error='',
7/16/2026 1:56:21 PM,Default,Chart Trader close position,
7/16/2026 1:55:35 PM,Order,Order='b7a5dac63f95450798fa83b619a7195f/Sim102' Name='Target4' New state='Accepted' Instrument='MES SEP26' Action='Buy to cover' Limit price=7564 Stop price=0 Quantity=1 Type='Limit' Time in force=GTC Oco='9d8d8ad53645427cbdee7e741105884a' Filled=0 Fill price=0 Error='No error' Native error='',
7/16/2026 1:55:35 PM,Order,Order='b7a5dac63f95450798fa83b619a7195f/Sim102' Name='Target4' New state='Working' Instrument='MES SEP26' Action='Buy to cover' Limit price=7564 Stop price=0 Quantity=1 Type='Limit' Time in force=GTC Oco='9d8d8ad53645427cbdee7e741105884a' Filled=0 Fill price=0 Error='No error' Native error='',
7/16/2026 1:55:35 PM,Order,Order='6fe2f07ea5604bee992aaf233cc95b85/Sim102' Name='Stop4' New state='Accepted' Instrument='MES SEP26' Action='Buy to cover' Limit price=0 Stop price=7572 Quantity=1 Type='Stop Market' Time in force=GTC Oco='9d8d8ad53645427cbdee7e741105884a' Filled=0 Fill price=0 Error='No error' Native error='',
7/16/2026 1:55:35 PM,Order,Order='90e650faddc94c3d920bb2f29e2bf425/Sim102' Name='Target3' New state='Working' Instrument='MES SEP26' Action='Buy to cover' Limit price=7565 Stop price=0 Quantity=1 Type='Limit' Time in force=GTC Oco='75342b0c038f4d6591d5f5a5928424a5' Filled=0 Fill price=0 Error='No error' Native error='',
7/16/2026 1:55:35 PM,Order,Order='6b7ed7f703f6472abf9b2e416fbb4fb5/Sim102' Name='Stop3' New state='Accepted' Instrument='MES SEP26' Action='Buy to cover' Limit price=0 Stop price=7572 Quantity=1 Type='Stop Market' Time in force=GTC Oco='75342b0c038f4d6591d5f5a5928424a5' Filled=0 Fill price=0 Error='No error' Native error='',
7/16/2026 1:55:35 PM,Order,Order='90e650faddc94c3d920bb2f29e2bf425/Sim102' Name='Target3' New state='Accepted' Instrument='MES SEP26' Action='Buy to cover' Limit price=7565 Stop price=0 Quantity=1 Type='Limit' Time in force=GTC Oco='75342b0c038f4d6591d5f5a5928424a5' Filled=0 Fill price=0 Error='No error' Native error='',
7/16/2026 1:55:35 PM,Order,Order='bd6ea1407f3840a3a236b3a756dd3493/Sim102' Name='Target2' New state='Accepted' Instrument='MES SEP26' Action='Buy to cover' Limit price=7566 Stop price=0 Quantity=1 Type='Limit' Time in force=GTC Oco='2e40992b590341deb381c53c88ff6cf5' Filled=0 Fill price=0 Error='No error' Native error='',
7/16/2026 1:55:35 PM,Order,Order='bd6ea1407f3840a3a236b3a756dd3493/Sim102' Name='Target2' New state='Working' Instrument='MES SEP26' Action='Buy to cover' Limit price=7566 Stop price=0 Quantity=1 Type='Limit' Time in force=GTC Oco='2e40992b590341deb381c53c88ff6cf5' Filled=0 Fill price=0 Error='No error' Native error='',
7/16/2026 1:55:35 PM,Order,Order='fca9538cd54e4055ae1b27f71c8a8ed1/Sim102' Name='Stop2' New state='Accepted' Instrument='MES SEP26' Action='Buy to cover' Limit price=0 Stop price=7572 Quantity=1 Type='Stop Market' Time in force=GTC Oco='2e40992b590341deb381c53c88ff6cf5' Filled=0 Fill price=0 Error='No error' Native error='',
7/16/2026 1:55:35 PM,Order,Order='1863239c241e46a783eb825aadbc4956/Sim102' Name='Stop1' New state='Accepted' Instrument='MES SEP26' Action='Buy to cover' Limit price=0 Stop price=7572 Quantity=9 Type='Stop Market' Time in force=GTC Oco='61473bfb31694fc9998f4635a512c4e2' Filled=0 Fill price=0 Error='No error' Native error='',
7/16/2026 1:55:35 PM,Order,Order='47f1d2961c3648cfa47037e6bfab22b7/Sim102' Name='Target1' New state='Accepted' Instrument='MES SEP26' Action='Buy to cover' Limit price=7567 Stop price=0 Quantity=9 Type='Limit' Time in force=GTC Oco='61473bfb31694fc9998f4635a512c4e2' Filled=0 Fill price=0 Error='No error' Native error='',
7/16/2026 1:55:35 PM,Order,Order='47f1d2961c3648cfa47037e6bfab22b7/Sim102' Name='Target1' New state='Working' Instrument='MES SEP26' Action='Buy to cover' Limit price=7567 Stop price=0 Quantity=9 Type='Limit' Time in force=GTC Oco='61473bfb31694fc9998f4635a512c4e2' Filled=0 Fill price=0 Error='No error' Native error='',
7/16/2026 1:55:35 PM,Order,Order='b7a5dac63f95450798fa83b619a7195f/Sim102' Name='Target4' New state='Submitted' Instrument='MES SEP26' Action='Buy to cover' Limit price=7564 Stop price=0 Quantity=1 Type='Limit' Time in force=GTC Oco='9d8d8ad53645427cbdee7e741105884a' Filled=0 Fill price=0 Error='No error' Native error='',
7/16/2026 1:55:35 PM,Order,Order='6fe2f07ea5604bee992aaf233cc95b85/Sim102' Name='Stop4' New state='Submitted' Instrument='MES SEP26' Action='Buy to cover' Limit price=0 Stop price=7572 Quantity=1 Type='Stop Market' Time in force=GTC Oco='9d8d8ad53645427cbdee7e741105884a' Filled=0 Fill price=0 Error='No error' Native error='',
7/16/2026 1:55:35 PM,Order,Order='90e650faddc94c3d920bb2f29e2bf425/Sim102' Name='Target3' New state='Submitted' Instrument='MES SEP26' Action='Buy to cover' Limit price=7565 Stop price=0 Quantity=1 Type='Limit' Time in force=GTC Oco='75342b0c038f4d6591d5f5a5928424a5' Filled=0 Fill price=0 Error='No error' Native error='',
7/16/2026 1:55:35 PM,Order,Order='6b7ed7f703f6472abf9b2e416fbb4fb5/Sim102' Name='Stop3' New state='Submitted' Instrument='MES SEP26' Action='Buy to cover' Limit price=0 Stop price=7572 Quantity=1 Type='Stop Market' Time in force=GTC Oco='75342b0c038f4d6591d5f5a5928424a5' Filled=0 Fill price=0 Error='No error' Native error='',
7/16/2026 1:55:35 PM,Order,Order='bd6ea1407f3840a3a236b3a756dd3493/Sim102' Name='Target2' New state='Submitted' Instrument='MES SEP26' Action='Buy to cover' Limit price=7566 Stop price=0 Quantity=1 Type='Limit' Time in force=GTC Oco='2e40992b590341deb381c53c88ff6cf5' Filled=0 Fill price=0 Error='No error' Native error='',
7/16/2026 1:55:35 PM,Order,Order='fca9538cd54e4055ae1b27f71c8a8ed1/Sim102' Name='Stop2' New state='Submitted' Instrument='MES SEP26' Action='Buy to cover' Limit price=0 Stop price=7572 Quantity=1 Type='Stop Market' Time in force=GTC Oco='2e40992b590341deb381c53c88ff6cf5' Filled=0 Fill price=0 Error='No error' Native error='',
7/16/2026 1:55:35 PM,Order,Order='47f1d2961c3648cfa47037e6bfab22b7/Sim102' Name='Target1' New state='Submitted' Instrument='MES SEP26' Action='Buy to cover' Limit price=7567 Stop price=0 Quantity=9 Type='Limit' Time in force=GTC Oco='61473bfb31694fc9998f4635a512c4e2' Filled=0 Fill price=0 Error='No error' Native error='',
7/16/2026 1:55:35 PM,Order,Order='1863239c241e46a783eb825aadbc4956/Sim102' Name='Stop1' New state='Submitted' Instrument='MES SEP26' Action='Buy to cover' Limit price=0 Stop price=7572 Quantity=9 Type='Stop Market' Time in force=GTC Oco='61473bfb31694fc9998f4635a512c4e2' Filled=0 Fill price=0 Error='No error' Native error='',
7/16/2026 1:55:35 PM,Order,Order='c8c97da73f3340d2b566c2b2315a42f9/Sim102' Name='Entry' New state='Filled' Instrument='MES SEP26' Action='Sell' Limit price=0 Stop price=0 Quantity=12 Type='Market' Time in force=GTC Oco='' Filled=12 Fill price=7568 Error='No error' Native error='',
7/16/2026 1:55:35 PM,Execution,Execution='dae98630ffdc42a9a26ea4857959e038' Instrument='MES SEP26' Account='Sim102' Exchange=Default Price=7568 Quantity=12 Market position=Short Operation=Operation_Add Order='c8c97da73f3340d2b566c2b2315a42f9' Time='7/16/2026 1:55 PM',
7/16/2026 1:55:35 PM,Position,Instrument='MES SEP26' Account='Sim102' Average price=7568 Quantity=12 Market position=Short Operation=Operation_Add,
7/16/2026 1:55:35 PM,Order,Order='c8c97da73f3340d2b566c2b2315a42f9/Sim102' Name='Entry' New state='Accepted' Instrument='MES SEP26' Action='Sell' Limit price=0 Stop price=0 Quantity=12 Type='Market' Time in force=GTC Oco='' Filled=0 Fill price=0 Error='No error' Native error='',
7/16/2026 1:55:35 PM,Order,Order='c8c97da73f3340d2b566c2b2315a42f9/Sim102' Name='Entry' New state='Working' Instrument='MES SEP26' Action='Sell' Limit price=0 Stop price=0 Quantity=12 Type='Market' Time in force=GTC Oco='' Filled=0 Fill price=0 Error='No error' Native error='',
7/16/2026 1:55:35 PM,Order,Order='c8c97da73f3340d2b566c2b2315a42f9/Sim102' Name='Entry' New state='Submitted' Instrument='MES SEP26' Action='Sell' Limit price=0 Stop price=0 Quantity=12 Type='Market' Time in force=GTC Oco='' Filled=0 Fill price=0 Error='No error' Native error='',
7/16/2026 1:55:35 PM,Order,Chart Trader submitting order with strategy 'MES RMA 4SL 12Q - 2' (Ticks),
7/16/2026 1:55:34 PM,Order,Order='c203e3371c914cae855082d16f7b2698/Sim101' Name='Stop4' New state='Accepted' Instrument='MES SEP26' Action='Sell' Limit price=0 Stop price=7564.25 Quantity=1 Type='Stop Market' Time in force=GTC Oco='6889427d247a460380257ca6bf5a08e9' Filled=0 Fill price=0 Error='No error' Native error='',
7/16/2026 1:55:34 PM,Order,Order='e82527e2cbb1425dac2b8f865456b184/Sim101' Name='Target4' New state='Accepted' Instrument='MES SEP26' Action='Sell' Limit price=7572.25 Stop price=0 Quantity=1 Type='Limit' Time in force=GTC Oco='6889427d247a460380257ca6bf5a08e9' Filled=0 Fill price=0 Error='No error' Native error='',
7/16/2026 1:55:34 PM,Order,Order='e82527e2cbb1425dac2b8f865456b184/Sim101' Name='Target4' New state='Working' Instrument='MES SEP26' Action='Sell' Limit price=7572.25 Stop price=0 Quantity=1 Type='Limit' Time in force=GTC Oco='6889427d247a460380257ca6bf5a08e9' Filled=0 Fill price=0 Error='No error' Native error='',
7/16/2026 1:55:33 PM,Order,Order='a8a28343d8d34e00a655a69d5836ee42/Sim101' Name='Stop3' New state='Accepted' Instrument='MES SEP26' Action='Sell' Limit price=0 Stop price=7564.25 Quantity=1 Type='Stop Market' Time in force=GTC Oco='44339879c8434571b6017ff4e863ac7a' Filled=0 Fill price=0 Error='No error' Native error='',
7/16/2026 1:55:33 PM,Order,Order='bc2f46a2fe284e7191a9350259573f61/Sim101' Name='Target3' New state='Accepted' Instrument='MES SEP26' Action='Sell' Limit price=7571.25 Stop price=0 Quantity=1 Type='Limit' Time in force=GTC Oco='44339879c8434571b6017ff4e863ac7a' Filled=0 Fill price=0 Error='No error' Native error='',
7/16/2026 1:55:33 PM,Order,Order='bc2f46a2fe284e7191a9350259573f61/Sim101' Name='Target3' New state='Working' Instrument='MES SEP26' Action='Sell' Limit price=7571.25 Stop price=0 Quantity=1 Type='Limit' Time in force=GTC Oco='44339879c8434571b6017ff4e863ac7a' Filled=0 Fill price=0 Error='No error' Native error='',
7/16/2026 1:55:33 PM,Order,Order='6afbc81a461d4cfcb6be8285b3594cd8/Sim101' Name='Target2' New state='Accepted' Instrument='MES SEP26' Action='Sell' Limit price=7570.25 Stop price=0 Quantity=1 Type='Limit' Time in force=GTC Oco='33efec7b1e364324ab468f216b6969ef' Filled=0 Fill price=0 Error='No error' Native error='',
7/16/2026 1:55:33 PM,Order,Order='6afbc81a461d4cfcb6be8285b3594cd8/Sim101' Name='Target2' New state='Working' Instrument='MES SEP26' Action='Sell' Limit price=7570.25 Stop price=0 Quantity=1 Type='Limit' Time in force=GTC Oco='33efec7b1e364324ab468f216b6969ef' Filled=0 Fill price=0 Error='No error' Native error='',
7/16/2026 1:55:33 PM,Order,Order='7374538b34274c42a8b49248601e82b1/Sim101' Name='Target1' New state='Accepted' Instrument='MES SEP26' Action='Sell' Limit price=7569.25 Stop price=0 Quantity=9 Type='Limit' Time in force=GTC Oco='2d0d5c3df0824812b1d9b8798224c13f' Filled=0 Fill price=0 Error='No error' Native error='',
7/16/2026 1:55:33 PM,Order,Order='7374538b34274c42a8b49248601e82b1/Sim101' Name='Target1' New state='Working' Instrument='MES SEP26' Action='Sell' Limit price=7569.25 Stop price=0 Quantity=9 Type='Limit' Time in force=GTC Oco='2d0d5c3df0824812b1d9b8798224c13f' Filled=0 Fill price=0 Error='No error' Native error='',
7/16/2026 1:55:33 PM,Order,Order='942132e7fb644a21abd7cded497a18b2/Sim101' Name='Stop2' New state='Accepted' Instrument='MES SEP26' Action='Sell' Limit price=0 Stop price=7564.25 Quantity=1 Type='Stop Market' Time in force=GTC Oco='33efec7b1e364324ab468f216b6969ef' Filled=0 Fill price=0 Error='No error' Native error='',
7/16/2026 1:55:33 PM,Order,Order='2309d83e0f6b431a9fe7d8b294389ddb/Sim101' Name='Stop1' New state='Accepted' Instrument='MES SEP26' Action='Sell' Limit price=0 Stop price=7564.25 Quantity=9 Type='Stop Market' Time in force=GTC Oco='2d0d5c3df0824812b1d9b8798224c13f' Filled=0 Fill price=0 Error='No error' Native error='',
7/16/2026 1:55:33 PM,Order,Order='e82527e2cbb1425dac2b8f865456b184/Sim101' Name='Target4' New state='Submitted' Instrument='MES SEP26' Action='Sell' Limit price=7572.25 Stop price=0 Quantity=1 Type='Limit' Time in force=GTC Oco='6889427d247a460380257ca6bf5a08e9' Filled=0 Fill price=0 Error='No error' Native error='',
7/16/2026 1:55:33 PM,Order,Order='c203e3371c914cae855082d16f7b2698/Sim101' Name='Stop4' New state='Submitted' Instrument='MES SEP26' Action='Sell' Limit price=0 Stop price=7564.25 Quantity=1 Type='Stop Market' Time in force=GTC Oco='6889427d247a460380257ca6bf5a08e9' Filled=0 Fill price=0 Error='No error' Native error='',
7/16/2026 1:55:33 PM,Order,Order='bc2f46a2fe284e7191a9350259573f61/Sim101' Name='Target3' New state='Submitted' Instrument='MES SEP26' Action='Sell' Limit price=7571.25 Stop price=0 Quantity=1 Type='Limit' Time in force=GTC Oco='44339879c8434571b6017ff4e863ac7a' Filled=0 Fill price=0 Error='No error' Native error='',
7/16/2026 1:55:33 PM,Order,Order='a8a28343d8d34e00a655a69d5836ee42/Sim101' Name='Stop3' New state='Submitted' Instrument='MES SEP26' Action='Sell' Limit price=0 Stop price=7564.25 Quantity=1 Type='Stop Market' Time in force=GTC Oco='44339879c8434571b6017ff4e863ac7a' Filled=0 Fill price=0 Error='No error' Native error='',
7/16/2026 1:55:33 PM,Order,Order='6afbc81a461d4cfcb6be8285b3594cd8/Sim101' Name='Target2' New state='Submitted' Instrument='MES SEP26' Action='Sell' Limit price=7570.25 Stop price=0 Quantity=1 Type='Limit' Time in force=GTC Oco='33efec7b1e364324ab468f216b6969ef' Filled=0 Fill price=0 Error='No error' Native error='',
7/16/2026 1:55:33 PM,Order,Order='942132e7fb644a21abd7cded497a18b2/Sim101' Name='Stop2' New state='Submitted' Instrument='MES SEP26' Action='Sell' Limit price=0 Stop price=7564.25 Quantity=1 Type='Stop Market' Time in force=GTC Oco='33efec7b1e364324ab468f216b6969ef' Filled=0 Fill price=0 Error='No error' Native error='',
7/16/2026 1:55:33 PM,Order,Order='7374538b34274c42a8b49248601e82b1/Sim101' Name='Target1' New state='Submitted' Instrument='MES SEP26' Action='Sell' Limit price=7569.25 Stop price=0 Quantity=9 Type='Limit' Time in force=GTC Oco='2d0d5c3df0824812b1d9b8798224c13f' Filled=0 Fill price=0 Error='No error' Native error='',
7/16/2026 1:55:33 PM,Order,Order='2309d83e0f6b431a9fe7d8b294389ddb/Sim101' Name='Stop1' New state='Submitted' Instrument='MES SEP26' Action='Sell' Limit price=0 Stop price=7564.25 Quantity=9 Type='Stop Market' Time in force=GTC Oco='2d0d5c3df0824812b1d9b8798224c13f' Filled=0 Fill price=0 Error='No error' Native error='',
7/16/2026 1:55:33 PM,Position,Instrument='MES SEP26' Account='Sim101' Average price=7568.25 Quantity=12 Market position=Long Operation=Operation_Add,
7/16/2026 1:55:33 PM,Order,Order='0b7c648c4b55447d9609f73e4987e892/Sim101' Name='Entry' New state='Filled' Instrument='MES SEP26' Action='Buy' Limit price=0 Stop price=0 Quantity=12 Type='Market' Time in force=GTC Oco='' Filled=12 Fill price=7568.25 Error='No error' Native error='',
7/16/2026 1:55:33 PM,Execution,Execution='bd5389726a8841f4a46523768b336762' Instrument='MES SEP26' Account='Sim101' Exchange=Default Price=7568.25 Quantity=12 Market position=Long Operation=Operation_Add Order='0b7c648c4b55447d9609f73e4987e892' Time='7/16/2026 1:55 PM',
7/16/2026 1:55:33 PM,Order,Order='0b7c648c4b55447d9609f73e4987e892/Sim101' Name='Entry' New state='Accepted' Instrument='MES SEP26' Action='Buy' Limit price=0 Stop price=0 Quantity=12 Type='Market' Time in force=GTC Oco='' Filled=0 Fill price=0 Error='No error' Native error='',
7/16/2026 1:55:33 PM,Order,Order='0b7c648c4b55447d9609f73e4987e892/Sim101' Name='Entry' New state='Working' Instrument='MES SEP26' Action='Buy' Limit price=0 Stop price=0 Quantity=12 Type='Market' Time in force=GTC Oco='' Filled=0 Fill price=0 Error='No error' Native error='',
7/16/2026 1:55:33 PM,Order,Order='0b7c648c4b55447d9609f73e4987e892/Sim101' Name='Entry' New state='Submitted' Instrument='MES SEP26' Action='Buy' Limit price=0 Stop price=0 Quantity=12 Type='Market' Time in force=GTC Oco='' Filled=0 Fill price=0 Error='No error' Native error='',
7/16/2026 1:55:33 PM,Order,Chart Trader submitting order with strategy 'MES RMA 4SL 12Q - 1' (Ticks),
7/16/2026 1:55:29 PM,Default,Cancel all orders account='Sim102',
7/16/2026 1:55:29 PM,Default,Chart Trader close position,
7/16/2026 1:54:58 PM,Position,Instrument='MES SEP26' Account='Sim102' Average price=0 Quantity=0 Market position=Flat Operation=Remove,
7/16/2026 1:54:58 PM,Order,Order='0315a79034e348ac90174ad6af869ff1/Sim102' Name='Close' New state='Filled' Instrument='MES SEP26' Action='Buy to cover' Limit price=0 Stop price=0 Quantity=12 Type='Market' Time in force=DAY Oco='' Filled=12 Fill price=7569.75 Error='No error' Native error='',
7/16/2026 1:54:58 PM,Execution,Execution='a731541992a44aaa84cd654f6ce2e635' Instrument='MES SEP26' Account='Sim102' Exchange=Default Price=7569.75 Quantity=12 Market position=Long Operation=Operation_Add Order='0315a79034e348ac90174ad6af869ff1' Time='7/16/2026 1:54 PM',
7/16/2026 1:54:58 PM,Order,Order='0315a79034e348ac90174ad6af869ff1/Sim102' Name='Close' New state='Working' Instrument='MES SEP26' Action='Buy to cover' Limit price=0 Stop price=0 Quantity=12 Type='Market' Time in force=DAY Oco='' Filled=0 Fill price=0 Error='No error' Native error='',
7/16/2026 1:54:58 PM,Order,Order='0315a79034e348ac90174ad6af869ff1/Sim102' Name='Close' New state='Accepted' Instrument='MES SEP26' Action='Buy to cover' Limit price=0 Stop price=0 Quantity=12 Type='Market' Time in force=DAY Oco='' Filled=0 Fill price=0 Error='No error' Native error='',
7/16/2026 1:54:58 PM,Order,Order='0315a79034e348ac90174ad6af869ff1/Sim102' Name='Close' New state='Submitted' Instrument='MES SEP26' Action='Buy to cover' Limit price=0 Stop price=0 Quantity=12 Type='Market' Time in force=DAY Oco='' Filled=0 Fill price=0 Error='No error' Native error='',
7/16/2026 1:54:58 PM,Order,Order='4d781f9940df4eb4859e5f156cee532c/Sim102' Name='Stop1' New state='Cancelled' Instrument='MES SEP26' Action='Buy to cover' Limit price=0 Stop price=7572.75 Quantity=9 Type='Stop Market' Time in force=GTC Oco='9ebfcdd739a644c4aff1873637b1210d' Filled=0 Fill price=0 Error='No error' Native error='',
7/16/2026 1:54:58 PM,Order,Order='feef31ff785a4c2a863cc06d998e0872/Sim102' Name='Target4' New state='Cancelled' Instrument='MES SEP26' Action='Buy to cover' Limit price=7564.75 Stop price=0 Quantity=1 Type='Limit' Time in force=GTC Oco='ac23bc2ded534dd1b53c89026f5dfdcf' Filled=0 Fill price=0 Error='No error' Native error='',
7/16/2026 1:54:58 PM,Order,Order='7e2ebf98b28e4b778c021a1ac0f048cc/Sim102' Name='Target3' New state='Cancelled' Instrument='MES SEP26' Action='Buy to cover' Limit price=7565.75 Stop price=0 Quantity=1 Type='Limit' Time in force=GTC Oco='3293c8e007824c91a7536c7e742ecf4a' Filled=0 Fill price=0 Error='No error' Native error='',
7/16/2026 1:54:58 PM,Order,Order='88704b6875ea48dcb375bb83f02d3ddb/Sim102' Name='Stop4' New state='Cancelled' Instrument='MES SEP26' Action='Buy to cover' Limit price=0 Stop price=7572.75 Quantity=1 Type='Stop Market' Time in force=GTC Oco='ac23bc2ded534dd1b53c89026f5dfdcf' Filled=0 Fill price=0 Error='No error' Native error='',
7/16/2026 1:54:58 PM,Order,Order='812c1e996f3740d1a905539d5cad7e2d/Sim102' Name='Stop3' New state='Cancelled' Instrument='MES SEP26' Action='Buy to cover' Limit price=0 Stop price=7572.75 Quantity=1 Type='Stop Market' Time in force=GTC Oco='3293c8e007824c91a7536c7e742ecf4a' Filled=0 Fill price=0 Error='No error' Native error='',
7/16/2026 1:54:58 PM,Order,Order='571a32756bdd43918c6ce52aed9d4379/Sim102' Name='Stop2' New state='Cancelled' Instrument='MES SEP26' Action='Buy to cover' Limit price=0 Stop price=7572.75 Quantity=1 Type='Stop Market' Time in force=GTC Oco='d305fc97583144c799c7999685a56b34' Filled=0 Fill price=0 Error='No error' Native error='',
7/16/2026 1:54:58 PM,Order,Order='7f3bf897670e4b078b842b94d8453a62/Sim102' Name='Target2' New state='Cancelled' Instrument='MES SEP26' Action='Buy to cover' Limit price=7566.75 Stop price=0 Quantity=1 Type='Limit' Time in force=GTC Oco='d305fc97583144c799c7999685a56b34' Filled=0 Fill price=0 Error='No error' Native error='',
7/16/2026 1:54:58 PM,Order,Order='da894974509f4532834164f6dd3438af/Sim102' Name='Target1' New state='Cancelled' Instrument='MES SEP26' Action='Buy to cover' Limit price=7567.75 Stop price=0 Quantity=9 Type='Limit' Time in force=GTC Oco='9ebfcdd739a644c4aff1873637b1210d' Filled=0 Fill price=0 Error='No error' Native error='',
7/16/2026 1:54:58 PM,Order,Order='88704b6875ea48dcb375bb83f02d3ddb/Sim102' Name='Stop4' New state='Cancel submitted' Instrument='MES SEP26' Action='Buy to cover' Limit price=0 Stop price=7572.75 Quantity=1 Type='Stop Market' Time in force=GTC Oco='ac23bc2ded534dd1b53c89026f5dfdcf' Filled=0 Fill price=0 Error='No error' Native error='',
7/16/2026 1:54:58 PM,Order,Order='812c1e996f3740d1a905539d5cad7e2d/Sim102' Name='Stop3' New state='Cancel submitted' Instrument='MES SEP26' Action='Buy to cover' Limit price=0 Stop price=7572.75 Quantity=1 Type='Stop Market' Time in force=GTC Oco='3293c8e007824c91a7536c7e742ecf4a' Filled=0 Fill price=0 Error='No error' Native error='',
7/16/2026 1:54:58 PM,Order,Order='571a32756bdd43918c6ce52aed9d4379/Sim102' Name='Stop2' New state='Cancel submitted' Instrument='MES SEP26' Action='Buy to cover' Limit price=0 Stop price=7572.75 Quantity=1 Type='Stop Market' Time in force=GTC Oco='d305fc97583144c799c7999685a56b34' Filled=0 Fill price=0 Error='No error' Native error='',
7/16/2026 1:54:58 PM,Order,Order='4d781f9940df4eb4859e5f156cee532c/Sim102' Name='Stop1' New state='Cancel submitted' Instrument='MES SEP26' Action='Buy to cover' Limit price=0 Stop price=7572.75 Quantity=9 Type='Stop Market' Time in force=GTC Oco='9ebfcdd739a644c4aff1873637b1210d' Filled=0 Fill price=0 Error='No error' Native error='',
7/16/2026 1:54:58 PM,Order,Order='feef31ff785a4c2a863cc06d998e0872/Sim102' Name='Target4' New state='Cancel submitted' Instrument='MES SEP26' Action='Buy to cover' Limit price=7564.75 Stop price=0 Quantity=1 Type='Limit' Time in force=GTC Oco='ac23bc2ded534dd1b53c89026f5dfdcf' Filled=0 Fill price=0 Error='No error' Native error='',
7/16/2026 1:54:58 PM,Order,Order='7e2ebf98b28e4b778c021a1ac0f048cc/Sim102' Name='Target3' New state='Cancel submitted' Instrument='MES SEP26' Action='Buy to cover' Limit price=7565.75 Stop price=0 Quantity=1 Type='Limit' Time in force=GTC Oco='3293c8e007824c91a7536c7e742ecf4a' Filled=0 Fill price=0 Error='No error' Native error='',
7/16/2026 1:54:57 PM,Order,Order='7f3bf897670e4b078b842b94d8453a62/Sim102' Name='Target2' New state='Cancel submitted' Instrument='MES SEP26' Action='Buy to cover' Limit price=7566.75 Stop price=0 Quantity=1 Type='Limit' Time in force=GTC Oco='d305fc97583144c799c7999685a56b34' Filled=0 Fill price=0 Error='No error' Native error='',
7/16/2026 1:54:57 PM,Order,Order='da894974509f4532834164f6dd3438af/Sim102' Name='Target1' New state='Cancel submitted' Instrument='MES SEP26' Action='Buy to cover' Limit price=7567.75 Stop price=0 Quantity=9 Type='Limit' Time in force=GTC Oco='9ebfcdd739a644c4aff1873637b1210d' Filled=0 Fill price=0 Error='No error' Native error='',
7/16/2026 1:54:57 PM,Default,Chart Trader close position,
7/16/2026 1:54:56 PM,Position,Instrument='MES SEP26' Account='Sim101' Average price=0 Quantity=0 Market position=Flat Operation=Remove,
7/16/2026 1:54:56 PM,Execution,Execution='e28945aecd80406faea73a9b8a9d3f77' Instrument='MES SEP26' Account='Sim101' Exchange=Default Price=7569.5 Quantity=12 Market position=Short Operation=Operation_Add Order='e064b40dabf74f5eaf1fd2312a7a5003' Time='7/16/2026 1:54 PM',
7/16/2026 1:54:56 PM,Order,Order='e064b40dabf74f5eaf1fd2312a7a5003/Sim101' Name='Close' New state='Filled' Instrument='MES SEP26' Action='Sell' Limit price=0 Stop price=0 Quantity=12 Type='Market' Time in force=DAY Oco='' Filled=12 Fill price=7569.5 Error='No error' Native error='',
7/16/2026 1:54:56 PM,Order,Order='e064b40dabf74f5eaf1fd2312a7a5003/Sim101' Name='Close' New state='Accepted' Instrument='MES SEP26' Action='Sell' Limit price=0 Stop price=0 Quantity=12 Type='Market' Time in force=DAY Oco='' Filled=0 Fill price=0 Error='No error' Native error='',
7/16/2026 1:54:56 PM,Order,Order='e064b40dabf74f5eaf1fd2312a7a5003/Sim101' Name='Close' New state='Working' Instrument='MES SEP26' Action='Sell' Limit price=0 Stop price=0 Quantity=12 Type='Market' Time in force=DAY Oco='' Filled=0 Fill price=0 Error='No error' Native error='',
7/16/2026 1:54:56 PM,Order,Order='e064b40dabf74f5eaf1fd2312a7a5003/Sim101' Name='Close' New state='Submitted' Instrument='MES SEP26' Action='Sell' Limit price=0 Stop price=0 Quantity=12 Type='Market' Time in force=DAY Oco='' Filled=0 Fill price=0 Error='No error' Native error='',
7/16/2026 1:54:56 PM,Order,Order='0a2daa56541048af969cd4e73f6c1ddb/Sim101' Name='Target3' New state='Cancelled' Instrument='MES SEP26' Action='Sell' Limit price=7572.25 Stop price=0 Quantity=1 Type='Limit' Time in force=GTC Oco='3520fbf7d5ce46558589516962c48f8d' Filled=0 Fill price=0 Error='No error' Native error='',
7/16/2026 1:54:56 PM,Order,Order='6f9c40b3739c4f8f816427f332c372e6/Sim101' Name='Stop3' New state='Cancelled' Instrument='MES SEP26' Action='Sell' Limit price=0 Stop price=7565.25 Quantity=1 Type='Stop Market' Time in force=GTC Oco='3520fbf7d5ce46558589516962c48f8d' Filled=0 Fill price=0 Error='No error' Native error='',
7/16/2026 1:54:56 PM,Order,Order='dbf5ad77255d4751ba4327ae839446df/Sim101' Name='Stop4' New state='Cancelled' Instrument='MES SEP26' Action='Sell' Limit price=0 Stop price=7565.25 Quantity=1 Type='Stop Market' Time in force=GTC Oco='a7aad741adc7496485a1cd810fb41d23' Filled=0 Fill price=0 Error='No error' Native error='',
7/16/2026 1:54:56 PM,Order,Order='5fb2a2386b4048d2ac7fa809e31e525d/Sim101' Name='Stop2' New state='Cancelled' Instrument='MES SEP26' Action='Sell' Limit price=0 Stop price=7565.25 Quantity=1 Type='Stop Market' Time in force=GTC Oco='4d144a3ce0ed43779a240bf29fa2458f' Filled=0 Fill price=0 Error='No error' Native error='',
7/16/2026 1:54:56 PM,Order,Order='edaadce9647e47e78a7031b5bd61c5d6/Sim101' Name='Stop1' New state='Cancelled' Instrument='MES SEP26' Action='Sell' Limit price=0 Stop price=7565.25 Quantity=9 Type='Stop Market' Time in force=GTC Oco='0bdebdbb8aa74da7ae7f09c47390c5d9' Filled=0 Fill price=0 Error='No error' Native error='',
7/16/2026 1:54:56 PM,Order,Order='47e1cc69403d4987b85c0a794a2182b5/Sim101' Name='Target4' New state='Cancelled' Instrument='MES SEP26' Action='Sell' Limit price=7573.25 Stop price=0 Quantity=1 Type='Limit' Time in force=GTC Oco='a7aad741adc7496485a1cd810fb41d23' Filled=0 Fill price=0 Error='No error' Native error='',
7/16/2026 1:54:56 PM,Order,Order='805c55fc74d1414f894ee61934d8202a/Sim101' Name='Target2' New state='Cancelled' Instrument='MES SEP26' Action='Sell' Limit price=7571.25 Stop price=0 Quantity=1 Type='Limit' Time in force=GTC Oco='4d144a3ce0ed43779a240bf29fa2458f' Filled=0 Fill price=0 Error='No error' Native error='',
7/16/2026 1:54:56 PM,Order,Order='f8a1dc8ce8224d708c98bb45687b97b2/Sim101' Name='Target1' New state='Cancelled' Instrument='MES SEP26' Action='Sell' Limit price=7570.25 Stop price=0 Quantity=9 Type='Limit' Time in force=GTC Oco='0bdebdbb8aa74da7ae7f09c47390c5d9' Filled=0 Fill price=0 Error='No error' Native error='',
7/16/2026 1:54:56 PM,Order,Order='dbf5ad77255d4751ba4327ae839446df/Sim101' Name='Stop4' New state='Cancel submitted' Instrument='MES SEP26' Action='Sell' Limit price=0 Stop price=7565.25 Quantity=1 Type='Stop Market' Time in force=GTC Oco='a7aad741adc7496485a1cd810fb41d23' Filled=0 Fill price=0 Error='No error' Native error='',
7/16/2026 1:54:56 PM,Order,Order='6f9c40b3739c4f8f816427f332c372e6/Sim101' Name='Stop3' New state='Cancel submitted' Instrument='MES SEP26' Action='Sell' Limit price=0 Stop price=7565.25 Quantity=1 Type='Stop Market' Time in force=GTC Oco='3520fbf7d5ce46558589516962c48f8d' Filled=0 Fill price=0 Error='No error' Native error='',
7/16/2026 1:54:56 PM,Order,Order='5fb2a2386b4048d2ac7fa809e31e525d/Sim101' Name='Stop2' New state='Cancel submitted' Instrument='MES SEP26' Action='Sell' Limit price=0 Stop price=7565.25 Quantity=1 Type='Stop Market' Time in force=GTC Oco='4d144a3ce0ed43779a240bf29fa2458f' Filled=0 Fill price=0 Error='No error' Native error='',
7/16/2026 1:54:56 PM,Order,Order='edaadce9647e47e78a7031b5bd61c5d6/Sim101' Name='Stop1' New state='Cancel submitted' Instrument='MES SEP26' Action='Sell' Limit price=0 Stop price=7565.25 Quantity=9 Type='Stop Market' Time in force=GTC Oco='0bdebdbb8aa74da7ae7f09c47390c5d9' Filled=0 Fill price=0 Error='No error' Native error='',
7/16/2026 1:54:56 PM,Order,Order='47e1cc69403d4987b85c0a794a2182b5/Sim101' Name='Target4' New state='Cancel submitted' Instrument='MES SEP26' Action='Sell' Limit price=7573.25 Stop price=0 Quantity=1 Type='Limit' Time in force=GTC Oco='a7aad741adc7496485a1cd810fb41d23' Filled=0 Fill price=0 Error='No error' Native error='',
7/16/2026 1:54:56 PM,Order,Order='0a2daa56541048af969cd4e73f6c1ddb/Sim101' Name='Target3' New state='Cancel submitted' Instrument='MES SEP26' Action='Sell' Limit price=7572.25 Stop price=0 Quantity=1 Type='Limit' Time in force=GTC Oco='3520fbf7d5ce46558589516962c48f8d' Filled=0 Fill price=0 Error='No error' Native error='',
7/16/2026 1:54:56 PM,Order,Order='805c55fc74d1414f894ee61934d8202a/Sim101' Name='Target2' New state='Cancel submitted' Instrument='MES SEP26' Action='Sell' Limit price=7571.25 Stop price=0 Quantity=1 Type='Limit' Time in force=GTC Oco='4d144a3ce0ed43779a240bf29fa2458f' Filled=0 Fill price=0 Error='No error' Native error='',
7/16/2026 1:54:56 PM,Order,Order='f8a1dc8ce8224d708c98bb45687b97b2/Sim101' Name='Target1' New state='Cancel submitted' Instrument='MES SEP26' Action='Sell' Limit price=7570.25 Stop price=0 Quantity=9 Type='Limit' Time in force=GTC Oco='0bdebdbb8aa74da7ae7f09c47390c5d9' Filled=0 Fill price=0 Error='No error' Native error='',
7/16/2026 1:54:56 PM,Default,Chart Trader close position,
7/16/2026 1:52:35 PM,Order,Order='feef31ff785a4c2a863cc06d998e0872/Sim102' Name='Target4' New state='Accepted' Instrument='MES SEP26' Action='Buy to cover' Limit price=7564.75 Stop price=0 Quantity=1 Type='Limit' Time in force=GTC Oco='ac23bc2ded534dd1b53c89026f5dfdcf' Filled=0 Fill price=0 Error='No error' Native error='',
7/16/2026 1:52:35 PM,Order,Order='feef31ff785a4c2a863cc06d998e0872/Sim102' Name='Target4' New state='Working' Instrument='MES SEP26' Action='Buy to cover' Limit price=7564.75 Stop price=0 Quantity=1 Type='Limit' Time in force=GTC Oco='ac23bc2ded534dd1b53c89026f5dfdcf' Filled=0 Fill price=0 Error='No error' Native error='',
7/16/2026 1:52:35 PM,Order,Order='7e2ebf98b28e4b778c021a1ac0f048cc/Sim102' Name='Target3' New state='Accepted' Instrument='MES SEP26' Action='Buy to cover' Limit price=7565.75 Stop price=0 Quantity=1 Type='Limit' Time in force=GTC Oco='3293c8e007824c91a7536c7e742ecf4a' Filled=0 Fill price=0 Error='No error' Native error='',
7/16/2026 1:52:35 PM,Order,Order='7e2ebf98b28e4b778c021a1ac0f048cc/Sim102' Name='Target3' New state='Working' Instrument='MES SEP26' Action='Buy to cover' Limit price=7565.75 Stop price=0 Quantity=1 Type='Limit' Time in force=GTC Oco='3293c8e007824c91a7536c7e742ecf4a' Filled=0 Fill price=0 Error='No error' Native error='',
7/16/2026 1:52:35 PM,Order,Order='88704b6875ea48dcb375bb83f02d3ddb/Sim102' Name='Stop4' New state='Accepted' Instrument='MES SEP26' Action='Buy to cover' Limit price=0 Stop price=7572.75 Quantity=1 Type='Stop Market' Time in force=GTC Oco='ac23bc2ded534dd1b53c89026f5dfdcf' Filled=0 Fill price=0 Error='No error' Native error='',
7/16/2026 1:52:35 PM,Order,Order='812c1e996f3740d1a905539d5cad7e2d/Sim102' Name='Stop3' New state='Accepted' Instrument='MES SEP26' Action='Buy to cover' Limit price=0 Stop price=7572.75 Quantity=1 Type='Stop Market' Time in force=GTC Oco='3293c8e007824c91a7536c7e742ecf4a' Filled=0 Fill price=0 Error='No error' Native error='',
7/16/2026 1:52:35 PM,Order,Order='7f3bf897670e4b078b842b94d8453a62/Sim102' Name='Target2' New state='Working' Instrument='MES SEP26' Action='Buy to cover' Limit price=7566.75 Stop price=0 Quantity=1 Type='Limit' Time in force=GTC Oco='d305fc97583144c799c7999685a56b34' Filled=0 Fill price=0 Error='No error' Native error='',
7/16/2026 1:52:35 PM,Order,Order='571a32756bdd43918c6ce52aed9d4379/Sim102' Name='Stop2' New state='Accepted' Instrument='MES SEP26' Action='Buy to cover' Limit price=0 Stop price=7572.75 Quantity=1 Type='Stop Market' Time in force=GTC Oco='d305fc97583144c799c7999685a56b34' Filled=0 Fill price=0 Error='No error' Native error='',
7/16/2026 1:52:35 PM,Order,Order='7f3bf897670e4b078b842b94d8453a62/Sim102' Name='Target2' New state='Accepted' Instrument='MES SEP26' Action='Buy to cover' Limit price=7566.75 Stop price=0 Quantity=1 Type='Limit' Time in force=GTC Oco='d305fc97583144c799c7999685a56b34' Filled=0 Fill price=0 Error='No error' Native error='',
7/16/2026 1:52:35 PM,Order,Order='da894974509f4532834164f6dd3438af/Sim102' Name='Target1' New state='Working' Instrument='MES SEP26' Action='Buy to cover' Limit price=7567.75 Stop price=0 Quantity=9 Type='Limit' Time in force=GTC Oco='9ebfcdd739a644c4aff1873637b1210d' Filled=0 Fill price=0 Error='No error' Native error='',
7/16/2026 1:52:35 PM,Order,Order='da894974509f4532834164f6dd3438af/Sim102' Name='Target1' New state='Accepted' Instrument='MES SEP26' Action='Buy to cover' Limit price=7567.75 Stop price=0 Quantity=9 Type='Limit' Time in force=GTC Oco='9ebfcdd739a644c4aff1873637b1210d' Filled=0 Fill price=0 Error='No error' Native error='',
7/16/2026 1:52:35 PM,Order,Order='4d781f9940df4eb4859e5f156cee532c/Sim102' Name='Stop1' New state='Accepted' Instrument='MES SEP26' Action='Buy to cover' Limit price=0 Stop price=7572.75 Quantity=9 Type='Stop Market' Time in force=GTC Oco='9ebfcdd739a644c4aff1873637b1210d' Filled=0 Fill price=0 Error='No error' Native error='',
7/16/2026 1:52:35 PM,Order,Order='feef31ff785a4c2a863cc06d998e0872/Sim102' Name='Target4' New state='Submitted' Instrument='MES SEP26' Action='Buy to cover' Limit price=7564.75 Stop price=0 Quantity=1 Type='Limit' Time in force=GTC Oco='ac23bc2ded534dd1b53c89026f5dfdcf' Filled=0 Fill price=0 Error='No error' Native error='',
7/16/2026 1:52:35 PM,Order,Order='88704b6875ea48dcb375bb83f02d3ddb/Sim102' Name='Stop4' New state='Submitted' Instrument='MES SEP26' Action='Buy to cover' Limit price=0 Stop price=7572.75 Quantity=1 Type='Stop Market' Time in force=GTC Oco='ac23bc2ded534dd1b53c89026f5dfdcf' Filled=0 Fill price=0 Error='No error' Native error='',
7/16/2026 1:52:35 PM,Order,Order='7e2ebf98b28e4b778c021a1ac0f048cc/Sim102' Name='Target3' New state='Submitted' Instrument='MES SEP26' Action='Buy to cover' Limit price=7565.75 Stop price=0 Quantity=1 Type='Limit' Time in force=GTC Oco='3293c8e007824c91a7536c7e742ecf4a' Filled=0 Fill price=0 Error='No error' Native error='',
7/16/2026 1:52:35 PM,Order,Order='812c1e996f3740d1a905539d5cad7e2d/Sim102' Name='Stop3' New state='Submitted' Instrument='MES SEP26' Action='Buy to cover' Limit price=0 Stop price=7572.75 Quantity=1 Type='Stop Market' Time in force=GTC Oco='3293c8e007824c91a7536c7e742ecf4a' Filled=0 Fill price=0 Error='No error' Native error='',
7/16/2026 1:52:35 PM,Order,Order='7f3bf897670e4b078b842b94d8453a62/Sim102' Name='Target2' New state='Submitted' Instrument='MES SEP26' Action='Buy to cover' Limit price=7566.75 Stop price=0 Quantity=1 Type='Limit' Time in force=GTC Oco='d305fc97583144c799c7999685a56b34' Filled=0 Fill price=0 Error='No error' Native error='',
7/16/2026 1:52:35 PM,Order,Order='571a32756bdd43918c6ce52aed9d4379/Sim102' Name='Stop2' New state='Submitted' Instrument='MES SEP26' Action='Buy to cover' Limit price=0 Stop price=7572.75 Quantity=1 Type='Stop Market' Time in force=GTC Oco='d305fc97583144c799c7999685a56b34' Filled=0 Fill price=0 Error='No error' Native error='',
7/16/2026 1:52:35 PM,Order,Order='da894974509f4532834164f6dd3438af/Sim102' Name='Target1' New state='Submitted' Instrument='MES SEP26' Action='Buy to cover' Limit price=7567.75 Stop price=0 Quantity=9 Type='Limit' Time in force=GTC Oco='9ebfcdd739a644c4aff1873637b1210d' Filled=0 Fill price=0 Error='No error' Native error='',
7/16/2026 1:52:35 PM,Order,Order='4d781f9940df4eb4859e5f156cee532c/Sim102' Name='Stop1' New state='Submitted' Instrument='MES SEP26' Action='Buy to cover' Limit price=0 Stop price=7572.75 Quantity=9 Type='Stop Market' Time in force=GTC Oco='9ebfcdd739a644c4aff1873637b1210d' Filled=0 Fill price=0 Error='No error' Native error='',
7/16/2026 1:52:35 PM,Position,Instrument='MES SEP26' Account='Sim102' Average price=7568.75 Quantity=12 Market position=Short Operation=Operation_Add,
7/16/2026 1:52:35 PM,Order,Order='9bd7b92ea882448bbc6e69513d6be890/Sim102' Name='Entry' New state='Filled' Instrument='MES SEP26' Action='Sell' Limit price=0 Stop price=0 Quantity=12 Type='Market' Time in force=GTC Oco='' Filled=12 Fill price=7568.75 Error='No error' Native error='',
7/16/2026 1:52:35 PM,Execution,Execution='01a7c8dfa0994543abf58d6343c3623d' Instrument='MES SEP26' Account='Sim102' Exchange=Default Price=7568.75 Quantity=12 Market position=Short Operation=Operation_Add Order='9bd7b92ea882448bbc6e69513d6be890' Time='7/16/2026 1:52 PM',
7/16/2026 1:52:34 PM,Order,Order='9bd7b92ea882448bbc6e69513d6be890/Sim102' Name='Entry' New state='Accepted' Instrument='MES SEP26' Action='Sell' Limit price=0 Stop price=0 Quantity=12 Type='Market' Time in force=GTC Oco='' Filled=0 Fill price=0 Error='No error' Native error='',
7/16/2026 1:52:34 PM,Order,Order='9bd7b92ea882448bbc6e69513d6be890/Sim102' Name='Entry' New state='Working' Instrument='MES SEP26' Action='Sell' Limit price=0 Stop price=0 Quantity=12 Type='Market' Time in force=GTC Oco='' Filled=0 Fill price=0 Error='No error' Native error='',
7/16/2026 1:52:34 PM,Order,Order='9bd7b92ea882448bbc6e69513d6be890/Sim102' Name='Entry' New state='Submitted' Instrument='MES SEP26' Action='Sell' Limit price=0 Stop price=0 Quantity=12 Type='Market' Time in force=GTC Oco='' Filled=0 Fill price=0 Error='No error' Native error='',
7/16/2026 1:52:34 PM,Order,Chart Trader submitting order with strategy 'MES RMA 4SL 12Q - 2' (Ticks),
7/16/2026 1:52:34 PM,Order,Order='47e1cc69403d4987b85c0a794a2182b5/Sim101' Name='Target4' New state='Accepted' Instrument='MES SEP26' Action='Sell' Limit price=7573.25 Stop price=0 Quantity=1 Type='Limit' Time in force=GTC Oco='a7aad741adc7496485a1cd810fb41d23' Filled=0 Fill price=0 Error='No error' Native error='',
7/16/2026 1:52:34 PM,Order,Order='0a2daa56541048af969cd4e73f6c1ddb/Sim101' Name='Target3' New state='Accepted' Instrument='MES SEP26' Action='Sell' Limit price=7572.25 Stop price=0 Quantity=1 Type='Limit' Time in force=GTC Oco='3520fbf7d5ce46558589516962c48f8d' Filled=0 Fill price=0 Error='No error' Native error='',
7/16/2026 1:52:34 PM,Order,Order='dbf5ad77255d4751ba4327ae839446df/Sim101' Name='Stop4' New state='Accepted' Instrument='MES SEP26' Action='Sell' Limit price=0 Stop price=7565.25 Quantity=1 Type='Stop Market' Time in force=GTC Oco='a7aad741adc7496485a1cd810fb41d23' Filled=0 Fill price=0 Error='No error' Native error='',
7/16/2026 1:52:34 PM,Order,Order='47e1cc69403d4987b85c0a794a2182b5/Sim101' Name='Target4' New state='Working' Instrument='MES SEP26' Action='Sell' Limit price=7573.25 Stop price=0 Quantity=1 Type='Limit' Time in force=GTC Oco='a7aad741adc7496485a1cd810fb41d23' Filled=0 Fill price=0 Error='No error' Native error='',
7/16/2026 1:52:34 PM,Order,Order='0a2daa56541048af969cd4e73f6c1ddb/Sim101' Name='Target3' New state='Working' Instrument='MES SEP26' Action='Sell' Limit price=7572.25 Stop price=0 Quantity=1 Type='Limit' Time in force=GTC Oco='3520fbf7d5ce46558589516962c48f8d' Filled=0 Fill price=0 Error='No error' Native error='',
7/16/2026 1:52:34 PM,Order,Order='6f9c40b3739c4f8f816427f332c372e6/Sim101' Name='Stop3' New state='Accepted' Instrument='MES SEP26' Action='Sell' Limit price=0 Stop price=7565.25 Quantity=1 Type='Stop Market' Time in force=GTC Oco='3520fbf7d5ce46558589516962c48f8d' Filled=0 Fill price=0 Error='No error' Native error='',
7/16/2026 1:52:34 PM,Order,Order='805c55fc74d1414f894ee61934d8202a/Sim101' Name='Target2' New state='Accepted' Instrument='MES SEP26' Action='Sell' Limit price=7571.25 Stop price=0 Quantity=1 Type='Limit' Time in force=GTC Oco='4d144a3ce0ed43779a240bf29fa2458f' Filled=0 Fill price=0 Error='No error' Native error='',
7/16/2026 1:52:34 PM,Order,Order='805c55fc74d1414f894ee61934d8202a/Sim101' Name='Target2' New state='Working' Instrument='MES SEP26' Action='Sell' Limit price=7571.25 Stop price=0 Quantity=1 Type='Limit' Time in force=GTC Oco='4d144a3ce0ed43779a240bf29fa2458f' Filled=0 Fill price=0 Error='No error' Native error='',
7/16/2026 1:52:34 PM,Order,Order='5fb2a2386b4048d2ac7fa809e31e525d/Sim101' Name='Stop2' New state='Accepted' Instrument='MES SEP26' Action='Sell' Limit price=0 Stop price=7565.25 Quantity=1 Type='Stop Market' Time in force=GTC Oco='4d144a3ce0ed43779a240bf29fa2458f' Filled=0 Fill price=0 Error='No error' Native error='',
7/16/2026 1:52:34 PM,Order,Order='f8a1dc8ce8224d708c98bb45687b97b2/Sim101' Name='Target1' New state='Working' Instrument='MES SEP26' Action='Sell' Limit price=7570.25 Stop price=0 Quantity=9 Type='Limit' Time in force=GTC Oco='0bdebdbb8aa74da7ae7f09c47390c5d9' Filled=0 Fill price=0 Error='No error' Native error='',
7/16/2026 1:52:34 PM,Order,Order='edaadce9647e47e78a7031b5bd61c5d6/Sim101' Name='Stop1' New state='Accepted' Instrument='MES SEP26' Action='Sell' Limit price=0 Stop price=7565.25 Quantity=9 Type='Stop Market' Time in force=GTC Oco='0bdebdbb8aa74da7ae7f09c47390c5d9' Filled=0 Fill price=0 Error='No error' Native error='',
7/16/2026 1:52:34 PM,Order,Order='f8a1dc8ce8224d708c98bb45687b97b2/Sim101' Name='Target1' New state='Accepted' Instrument='MES SEP26' Action='Sell' Limit price=7570.25 Stop price=0 Quantity=9 Type='Limit' Time in force=GTC Oco='0bdebdbb8aa74da7ae7f09c47390c5d9' Filled=0 Fill price=0 Error='No error' Native error='',
7/16/2026 1:52:34 PM,Order,Order='47e1cc69403d4987b85c0a794a2182b5/Sim101' Name='Target4' New state='Submitted' Instrument='MES SEP26' Action='Sell' Limit price=7573.25 Stop price=0 Quantity=1 Type='Limit' Time in force=GTC Oco='a7aad741adc7496485a1cd810fb41d23' Filled=0 Fill price=0 Error='No error' Native error='',
7/16/2026 1:52:34 PM,Order,Order='dbf5ad77255d4751ba4327ae839446df/Sim101' Name='Stop4' New state='Submitted' Instrument='MES SEP26' Action='Sell' Limit price=0 Stop price=7565.25 Quantity=1 Type='Stop Market' Time in force=GTC Oco='a7aad741adc7496485a1cd810fb41d23' Filled=0 Fill price=0 Error='No error' Native error='',
7/16/2026 1:52:34 PM,Order,Order='0a2daa56541048af969cd4e73f6c1ddb/Sim101' Name='Target3' New state='Submitted' Instrument='MES SEP26' Action='Sell' Limit price=7572.25 Stop price=0 Quantity=1 Type='Limit' Time in force=GTC Oco='3520fbf7d5ce46558589516962c48f8d' Filled=0 Fill price=0 Error='No error' Native error='',
7/16/2026 1:52:34 PM,Order,Order='6f9c40b3739c4f8f816427f332c372e6/Sim101' Name='Stop3' New state='Submitted' Instrument='MES SEP26' Action='Sell' Limit price=0 Stop price=7565.25 Quantity=1 Type='Stop Market' Time in force=GTC Oco='3520fbf7d5ce46558589516962c48f8d' Filled=0 Fill price=0 Error='No error' Native error='',
7/16/2026 1:52:34 PM,Order,Order='805c55fc74d1414f894ee61934d8202a/Sim101' Name='Target2' New state='Submitted' Instrument='MES SEP26' Action='Sell' Limit price=7571.25 Stop price=0 Quantity=1 Type='Limit' Time in force=GTC Oco='4d144a3ce0ed43779a240bf29fa2458f' Filled=0 Fill price=0 Error='No error' Native error='',
7/16/2026 1:52:34 PM,Order,Order='5fb2a2386b4048d2ac7fa809e31e525d/Sim101' Name='Stop2' New state='Submitted' Instrument='MES SEP26' Action='Sell' Limit price=0 Stop price=7565.25 Quantity=1 Type='Stop Market' Time in force=GTC Oco='4d144a3ce0ed43779a240bf29fa2458f' Filled=0 Fill price=0 Error='No error' Native error='',
7/16/2026 1:52:34 PM,Order,Order='f8a1dc8ce8224d708c98bb45687b97b2/Sim101' Name='Target1' New state='Submitted' Instrument='MES SEP26' Action='Sell' Limit price=7570.25 Stop price=0 Quantity=9 Type='Limit' Time in force=GTC Oco='0bdebdbb8aa74da7ae7f09c47390c5d9' Filled=0 Fill price=0 Error='No error' Native error='',
7/16/2026 1:52:34 PM,Order,Order='edaadce9647e47e78a7031b5bd61c5d6/Sim101' Name='Stop1' New state='Submitted' Instrument='MES SEP26' Action='Sell' Limit price=0 Stop price=7565.25 Quantity=9 Type='Stop Market' Time in force=GTC Oco='0bdebdbb8aa74da7ae7f09c47390c5d9' Filled=0 Fill price=0 Error='No error' Native error='',
7/16/2026 1:52:34 PM,Position,Instrument='MES SEP26' Account='Sim101' Average price=7569.25 Quantity=12 Market position=Long Operation=Operation_Add,
7/16/2026 1:52:34 PM,Execution,Execution='2760da868d314fa99fd7a71bb8522e73' Instrument='MES SEP26' Account='Sim101' Exchange=Default Price=7569.25 Quantity=12 Market position=Long Operation=Operation_Add Order='3d66c805322b4d43bd352c58f849fd17' Time='7/16/2026 1:52 PM',
7/16/2026 1:52:34 PM,Order,Order='3d66c805322b4d43bd352c58f849fd17/Sim101' Name='Entry' New state='Filled' Instrument='MES SEP26' Action='Buy' Limit price=0 Stop price=0 Quantity=12 Type='Market' Time in force=GTC Oco='' Filled=12 Fill price=7569.25 Error='No error' Native error='',
7/16/2026 1:52:34 PM,Order,Order='3d66c805322b4d43bd352c58f849fd17/Sim101' Name='Entry' New state='Accepted' Instrument='MES SEP26' Action='Buy' Limit price=0 Stop price=0 Quantity=12 Type='Market' Time in force=GTC Oco='' Filled=0 Fill price=0 Error='No error' Native error='',
7/16/2026 1:52:34 PM,Order,Order='3d66c805322b4d43bd352c58f849fd17/Sim101' Name='Entry' New state='Working' Instrument='MES SEP26' Action='Buy' Limit price=0 Stop price=0 Quantity=12 Type='Market' Time in force=GTC Oco='' Filled=0 Fill price=0 Error='No error' Native error='',
7/16/2026 1:52:34 PM,Order,Order='3d66c805322b4d43bd352c58f849fd17/Sim101' Name='Entry' New state='Submitted' Instrument='MES SEP26' Action='Buy' Limit price=0 Stop price=0 Quantity=12 Type='Market' Time in force=GTC Oco='' Filled=0 Fill price=0 Error='No error' Native error='',
7/16/2026 1:52:33 PM,Order,Chart Trader submitting order with strategy 'MES RMA 4SL 12Q - 1' (Ticks),
7/16/2026 1:52:03 PM,Connection,Using HDS (hds-us-nt-016.ninjatrader.com/31655),
7/16/2026 1:52:03 PM,Connection,Time to auto close position='12:00:00 AM' Enabled=False,
7/16/2026 1:52:03 PM,Connection,My Rithmic for NinjaTrader Brokerage: Primary connection=Connected Price feed=Connected,
7/16/2026 1:51:49 PM,Default,Restoring workspace 'Testing'...,
7/16/2026 1:51:46 PM,Default,Auto close enabled=False,
7/16/2026 1:51:46 PM,Order,Order entry hot keys disabled,
7/16/2026 1:51:46 PM,Connection,My Rithmic for NinjaTrader Brokerage: Primary connection=Connecting Price feed=Connecting,
7/16/2026 1:51:46 PM,Default,Auto connecting 'My Rithmic for NinjaTrader Brokerage'...,
7/16/2026 1:51:46 PM,Connection,Using IS (is-us-nt-005.ninjatrader.com/31658),
7/16/2026 1:51:46 PM,Default,Automated trading disabled,
7/16/2026 1:51:41 PM,Default,Global simulation mode disabled,
7/16/2026 1:51:25 PM,Default,Session Break (Version 8.1.7.2),
7/16/2026 1:51:16 PM,Connection,My Rithmic for NinjaTrader Brokerage: Primary connection=Disconnected Price feed=Disconnected,
7/16/2026 1:51:16 PM,Connection,My Rithmic for NinjaTrader Brokerage: Primary connection=Disconnecting Price feed=Disconnecting,
7/16/2026 1:51:15 PM,Default,Workspace Testing saved,
7/16/2026 12:11:33 PM,Position,Instrument='MES SEP26' Account='Sim101' Average price=0 Quantity=0 Market position=Flat Operation=Remove,
7/16/2026 12:11:33 PM,Order,Order='e555b3c8a5514c6287779fb93c54cdfd/Sim101' Name='Close' New state='Filled' Instrument='MES SEP26' Action='Sell' Limit price=0 Stop price=0 Quantity=12 Type='Market' Time in force=DAY Oco='' Filled=12 Fill price=7566 Error='No error' Native error='',
7/16/2026 12:11:33 PM,Execution,Execution='e37513df53344c06bfebbd59e67b6a15' Instrument='MES SEP26' Account='Sim101' Exchange=Default Price=7566 Quantity=12 Market position=Short Operation=Operation_Add Order='e555b3c8a5514c6287779fb93c54cdfd' Time='7/16/2026 12:11 PM',
7/16/2026 12:11:33 PM,Order,Order='e555b3c8a5514c6287779fb93c54cdfd/Sim101' Name='Close' New state='Working' Instrument='MES SEP26' Action='Sell' Limit price=0 Stop price=0 Quantity=12 Type='Market' Time in force=DAY Oco='' Filled=0 Fill price=0 Error='No error' Native error='',
7/16/2026 12:11:33 PM,Order,Order='e555b3c8a5514c6287779fb93c54cdfd/Sim101' Name='Close' New state='Accepted' Instrument='MES SEP26' Action='Sell' Limit price=0 Stop price=0 Quantity=12 Type='Market' Time in force=DAY Oco='' Filled=0 Fill price=0 Error='No error' Native error='',
7/16/2026 12:11:33 PM,Order,Order='e555b3c8a5514c6287779fb93c54cdfd/Sim101' Name='Close' New state='Submitted' Instrument='MES SEP26' Action='Sell' Limit price=0 Stop price=0 Quantity=12 Type='Market' Time in force=DAY Oco='' Filled=0 Fill price=0 Error='No error' Native error='',
7/16/2026 12:11:33 PM,Order,Order='5b7931a5d82e480bb7f894250eb6d8ac/Sim101' Name='Target2' New state='Cancelled' Instrument='MES SEP26' Action='Sell' Limit price=7568.75 Stop price=0 Quantity=1 Type='Limit' Time in force=GTC Oco='0fb83a3ab26f48c1a1501298a721526c' Filled=0 Fill price=0 Error='No error' Native error='',
7/16/2026 12:11:33 PM,Order,Order='25dfb81450994a1183ac7b3b29736149/Sim101' Name='Stop3' New state='Cancelled' Instrument='MES SEP26' Action='Sell' Limit price=0 Stop price=7562.75 Quantity=1 Type='Stop Market' Time in force=GTC Oco='48b8d6041ab04e9da2e292b46ecddcb6' Filled=0 Fill price=0 Error='No error' Native error='',
7/16/2026 12:11:33 PM,Order,Order='035bc3a11a7742feb15faf5aad7997f6/Sim101' Name='Stop2' New state='Cancelled' Instrument='MES SEP26' Action='Sell' Limit price=0 Stop price=7562.75 Quantity=1 Type='Stop Market' Time in force=GTC Oco='0fb83a3ab26f48c1a1501298a721526c' Filled=0 Fill price=0 Error='No error' Native error='',
7/16/2026 12:11:33 PM,Order,Order='d38bdb2b9e5b47149024c99136093096/Sim101' Name='Stop4' New state='Cancelled' Instrument='MES SEP26' Action='Sell' Limit price=0 Stop price=7562.75 Quantity=1 Type='Stop Market' Time in force=GTC Oco='1103d82f72614ef9949ecca56bbf0518' Filled=0 Fill price=0 Error='No error' Native error='',
7/16/2026 12:11:33 PM,Order,Order='fa82cba2e2dc4094867cbc26ce5ea420/Sim101' Name='Stop1' New state='Cancelled' Instrument='MES SEP26' Action='Sell' Limit price=0 Stop price=7562.75 Quantity=9 Type='Stop Market' Time in force=GTC Oco='2b2f1842094247f181fddcce41d3a264' Filled=0 Fill price=0 Error='No error' Native error='',
7/16/2026 12:11:33 PM,Order,Order='7d6100bba2824fdeb71af014db963520/Sim101' Name='Target4' New state='Cancelled' Instrument='MES SEP26' Action='Sell' Limit price=7570.75 Stop price=0 Quantity=1 Type='Limit' Time in force=GTC Oco='1103d82f72614ef9949ecca56bbf0518' Filled=0 Fill price=0 Error='No error' Native error='',
7/16/2026 12:11:33 PM,Order,Order='63200eaa03c546e68e4da411264a5e39/Sim101' Name='Target3' New state='Cancelled' Instrument='MES SEP26' Action='Sell' Limit price=7569.75 Stop price=0 Quantity=1 Type='Limit' Time in force=GTC Oco='48b8d6041ab04e9da2e292b46ecddcb6' Filled=0 Fill price=0 Error='No error' Native error='',
7/16/2026 12:11:33 PM,Order,Order='ee52dd34e2194b6f82e180d65bbcff71/Sim101' Name='Target1' New state='Cancelled' Instrument='MES SEP26' Action='Sell' Limit price=7567.75 Stop price=0 Quantity=9 Type='Limit' Time in force=GTC Oco='2b2f1842094247f181fddcce41d3a264' Filled=0 Fill price=0 Error='No error' Native error='',
7/16/2026 12:11:33 PM,Order,Order='d38bdb2b9e5b47149024c99136093096/Sim101' Name='Stop4' New state='Cancel submitted' Instrument='MES SEP26' Action='Sell' Limit price=0 Stop price=7562.75 Quantity=1 Type='Stop Market' Time in force=GTC Oco='1103d82f72614ef9949ecca56bbf0518' Filled=0 Fill price=0 Error='No error' Native error='',
7/16/2026 12:11:33 PM,Order,Order='25dfb81450994a1183ac7b3b29736149/Sim101' Name='Stop3' New state='Cancel submitted' Instrument='MES SEP26' Action='Sell' Limit price=0 Stop price=7562.75 Quantity=1 Type='Stop Market' Time in force=GTC Oco='48b8d6041ab04e9da2e292b46ecddcb6' Filled=0 Fill price=0 Error='No error' Native error='',
7/16/2026 12:11:33 PM,Order,Order='035bc3a11a7742feb15faf5aad7997f6/Sim101' Name='Stop2' New state='Cancel submitted' Instrument='MES SEP26' Action='Sell' Limit price=0 Stop price=7562.75 Quantity=1 Type='Stop Market' Time in force=GTC Oco='0fb83a3ab26f48c1a1501298a721526c' Filled=0 Fill price=0 Error='No error' Native error='',
7/16/2026 12:11:33 PM,Order,Order='fa82cba2e2dc4094867cbc26ce5ea420/Sim101' Name='Stop1' New state='Cancel submitted' Instrument='MES SEP26' Action='Sell' Limit price=0 Stop price=7562.75 Quantity=9 Type='Stop Market' Time in force=GTC Oco='2b2f1842094247f181fddcce41d3a264' Filled=0 Fill price=0 Error='No error' Native error='',
7/16/2026 12:11:33 PM,Order,Order='7d6100bba2824fdeb71af014db963520/Sim101' Name='Target4' New state='Cancel submitted' Instrument='MES SEP26' Action='Sell' Limit price=7570.75 Stop price=0 Quantity=1 Type='Limit' Time in force=GTC Oco='1103d82f72614ef9949ecca56bbf0518' Filled=0 Fill price=0 Error='No error' Native error='',
7/16/2026 12:11:33 PM,Order,Order='63200eaa03c546e68e4da411264a5e39/Sim101' Name='Target3' New state='Cancel submitted' Instrument='MES SEP26' Action='Sell' Limit price=7569.75 Stop price=0 Quantity=1 Type='Limit' Time in force=GTC Oco='48b8d6041ab04e9da2e292b46ecddcb6' Filled=0 Fill price=0 Error='No error' Native error='',
7/16/2026 12:11:33 PM,Order,Order='5b7931a5d82e480bb7f894250eb6d8ac/Sim101' Name='Target2' New state='Cancel submitted' Instrument='MES SEP26' Action='Sell' Limit price=7568.75 Stop price=0 Quantity=1 Type='Limit' Time in force=GTC Oco='0fb83a3ab26f48c1a1501298a721526c' Filled=0 Fill price=0 Error='No error' Native error='',
7/16/2026 12:11:33 PM,Order,Order='ee52dd34e2194b6f82e180d65bbcff71/Sim101' Name='Target1' New state='Cancel submitted' Instrument='MES SEP26' Action='Sell' Limit price=7567.75 Stop price=0 Quantity=9 Type='Limit' Time in force=GTC Oco='2b2f1842094247f181fddcce41d3a264' Filled=0 Fill price=0 Error='No error' Native error='',
7/16/2026 12:11:33 PM,Default,Chart Trader close position,
7/16/2026 12:11:17 PM,Order,Order='7d6100bba2824fdeb71af014db963520/Sim101' Name='Target4' New state='Accepted' Instrument='MES SEP26' Action='Sell' Limit price=7570.75 Stop price=0 Quantity=1 Type='Limit' Time in force=GTC Oco='1103d82f72614ef9949ecca56bbf0518' Filled=0 Fill price=0 Error='No error' Native error='',
7/16/2026 12:11:17 PM,Order,Order='7d6100bba2824fdeb71af014db963520/Sim101' Name='Target4' New state='Working' Instrument='MES SEP26' Action='Sell' Limit price=7570.75 Stop price=0 Quantity=1 Type='Limit' Time in force=GTC Oco='1103d82f72614ef9949ecca56bbf0518' Filled=0 Fill price=0 Error='No error' Native error='',
7/16/2026 12:11:17 PM,Order,Order='63200eaa03c546e68e4da411264a5e39/Sim101' Name='Target3' New state='Accepted' Instrument='MES SEP26' Action='Sell' Limit price=7569.75 Stop price=0 Quantity=1 Type='Limit' Time in force=GTC Oco='48b8d6041ab04e9da2e292b46ecddcb6' Filled=0 Fill price=0 Error='No error' Native error='',
7/16/2026 12:11:17 PM,Order,Order='63200eaa03c546e68e4da411264a5e39/Sim101' Name='Target3' New state='Working' Instrument='MES SEP26' Action='Sell' Limit price=7569.75 Stop price=0 Quantity=1 Type='Limit' Time in force=GTC Oco='48b8d6041ab04e9da2e292b46ecddcb6' Filled=0 Fill price=0 Error='No error' Native error='',
7/16/2026 12:11:17 PM,Order,Order='d38bdb2b9e5b47149024c99136093096/Sim101' Name='Stop4' New state='Accepted' Instrument='MES SEP26' Action='Sell' Limit price=0 Stop price=7562.75 Quantity=1 Type='Stop Market' Time in force=GTC Oco='1103d82f72614ef9949ecca56bbf0518' Filled=0 Fill price=0 Error='No error' Native error='',
7/16/2026 12:11:17 PM,Order,Order='25dfb81450994a1183ac7b3b29736149/Sim101' Name='Stop3' New state='Accepted' Instrument='MES SEP26' Action='Sell' Limit price=0 Stop price=7562.75 Quantity=1 Type='Stop Market' Time in force=GTC Oco='48b8d6041ab04e9da2e292b46ecddcb6' Filled=0 Fill price=0 Error='No error' Native error='',
7/16/2026 12:11:17 PM,Order,Order='5b7931a5d82e480bb7f894250eb6d8ac/Sim101' Name='Target2' New state='Accepted' Instrument='MES SEP26' Action='Sell' Limit price=7568.75 Stop price=0 Quantity=1 Type='Limit' Time in force=GTC Oco='0fb83a3ab26f48c1a1501298a721526c' Filled=0 Fill price=0 Error='No error' Native error='',
7/16/2026 12:11:17 PM,Order,Order='5b7931a5d82e480bb7f894250eb6d8ac/Sim101' Name='Target2' New state='Working' Instrument='MES SEP26' Action='Sell' Limit price=7568.75 Stop price=0 Quantity=1 Type='Limit' Time in force=GTC Oco='0fb83a3ab26f48c1a1501298a721526c' Filled=0 Fill price=0 Error='No error' Native error='',
7/16/2026 12:11:17 PM,Order,Order='035bc3a11a7742feb15faf5aad7997f6/Sim101' Name='Stop2' New state='Accepted' Instrument='MES SEP26' Action='Sell' Limit price=0 Stop price=7562.75 Quantity=1 Type='Stop Market' Time in force=GTC Oco='0fb83a3ab26f48c1a1501298a721526c' Filled=0 Fill price=0 Error='No error' Native error='',
7/16/2026 12:11:17 PM,Order,Order='ee52dd34e2194b6f82e180d65bbcff71/Sim101' Name='Target1' New state='Working' Instrument='MES SEP26' Action='Sell' Limit price=7567.75 Stop price=0 Quantity=9 Type='Limit' Time in force=GTC Oco='2b2f1842094247f181fddcce41d3a264' Filled=0 Fill price=0 Error='No error' Native error='',
7/16/2026 12:11:17 PM,Order,Order='ee52dd34e2194b6f82e180d65bbcff71/Sim101' Name='Target1' New state='Accepted' Instrument='MES SEP26' Action='Sell' Limit price=7567.75 Stop price=0 Quantity=9 Type='Limit' Time in force=GTC Oco='2b2f1842094247f181fddcce41d3a264' Filled=0 Fill price=0 Error='No error' Native error='',
7/16/2026 12:11:17 PM,Order,Order='fa82cba2e2dc4094867cbc26ce5ea420/Sim101' Name='Stop1' New state='Accepted' Instrument='MES SEP26' Action='Sell' Limit price=0 Stop price=7562.75 Quantity=9 Type='Stop Market' Time in force=GTC Oco='2b2f1842094247f181fddcce41d3a264' Filled=0 Fill price=0 Error='No error' Native error='',
7/16/2026 12:11:17 PM,Order,Order='7d6100bba2824fdeb71af014db963520/Sim101' Name='Target4' New state='Submitted' Instrument='MES SEP26' Action='Sell' Limit price=7570.75 Stop price=0 Quantity=1 Type='Limit' Time in force=GTC Oco='1103d82f72614ef9949ecca56bbf0518' Filled=0 Fill price=0 Error='No error' Native error='',
7/16/2026 12:11:17 PM,Order,Order='d38bdb2b9e5b47149024c99136093096/Sim101' Name='Stop4' New state='Submitted' Instrument='MES SEP26' Action='Sell' Limit price=0 Stop price=7562.75 Quantity=1 Type='Stop Market' Time in force=GTC Oco='1103d82f72614ef9949ecca56bbf0518' Filled=0 Fill price=0 Error='No error' Native error='',
7/16/2026 12:11:17 PM,Order,Order='63200eaa03c546e68e4da411264a5e39/Sim101' Name='Target3' New state='Submitted' Instrument='MES SEP26' Action='Sell' Limit price=7569.75 Stop price=0 Quantity=1 Type='Limit' Time in force=GTC Oco='48b8d6041ab04e9da2e292b46ecddcb6' Filled=0 Fill price=0 Error='No error' Native error='',
7/16/2026 12:11:17 PM,Order,Order='25dfb81450994a1183ac7b3b29736149/Sim101' Name='Stop3' New state='Submitted' Instrument='MES SEP26' Action='Sell' Limit price=0 Stop price=7562.75 Quantity=1 Type='Stop Market' Time in force=GTC Oco='48b8d6041ab04e9da2e292b46ecddcb6' Filled=0 Fill price=0 Error='No error' Native error='',
7/16/2026 12:11:17 PM,Order,Order='5b7931a5d82e480bb7f894250eb6d8ac/Sim101' Name='Target2' New state='Submitted' Instrument='MES SEP26' Action='Sell' Limit price=7568.75 Stop price=0 Quantity=1 Type='Limit' Time in force=GTC Oco='0fb83a3ab26f48c1a1501298a721526c' Filled=0 Fill price=0 Error='No error' Native error='',
7/16/2026 12:11:17 PM,Order,Order='035bc3a11a7742feb15faf5aad7997f6/Sim101' Name='Stop2' New state='Submitted' Instrument='MES SEP26' Action='Sell' Limit price=0 Stop price=7562.75 Quantity=1 Type='Stop Market' Time in force=GTC Oco='0fb83a3ab26f48c1a1501298a721526c' Filled=0 Fill price=0 Error='No error' Native error='',
7/16/2026 12:11:17 PM,Order,Order='ee52dd34e2194b6f82e180d65bbcff71/Sim101' Name='Target1' New state='Submitted' Instrument='MES SEP26' Action='Sell' Limit price=7567.75 Stop price=0 Quantity=9 Type='Limit' Time in force=GTC Oco='2b2f1842094247f181fddcce41d3a264' Filled=0 Fill price=0 Error='No error' Native error='',
7/16/2026 12:11:17 PM,Order,Order='fa82cba2e2dc4094867cbc26ce5ea420/Sim101' Name='Stop1' New state='Submitted' Instrument='MES SEP26' Action='Sell' Limit price=0 Stop price=7562.75 Quantity=9 Type='Stop Market' Time in force=GTC Oco='2b2f1842094247f181fddcce41d3a264' Filled=0 Fill price=0 Error='No error' Native error='',
7/16/2026 12:11:17 PM,Order,Order='5b20a7aeeecf4e6fada995f6a34356a3/Sim101' Name='Entry' New state='Filled' Instrument='MES SEP26' Action='Buy' Limit price=0 Stop price=0 Quantity=12 Type='Market' Time in force=GTC Oco='' Filled=12 Fill price=7566.75 Error='No error' Native error='',
7/16/2026 12:11:17 PM,Execution,Execution='95c167b64bd24981ba18d9097441e245' Instrument='MES SEP26' Account='Sim101' Exchange=Default Price=7566.75 Quantity=12 Market position=Long Operation=Operation_Add Order='5b20a7aeeecf4e6fada995f6a34356a3' Time='7/16/2026 12:11 PM',
7/16/2026 12:11:17 PM,Position,Instrument='MES SEP26' Account='Sim101' Average price=7566.75 Quantity=12 Market position=Long Operation=Operation_Add,
7/16/2026 12:11:17 PM,Order,Order='5b20a7aeeecf4e6fada995f6a34356a3/Sim101' Name='Entry' New state='Accepted' Instrument='MES SEP26' Action='Buy' Limit price=0 Stop price=0 Quantity=12 Type='Market' Time in force=GTC Oco='' Filled=0 Fill price=0 Error='No error' Native error='',
7/16/2026 12:11:17 PM,Order,Order='5b20a7aeeecf4e6fada995f6a34356a3/Sim101' Name='Entry' New state='Working' Instrument='MES SEP26' Action='Buy' Limit price=0 Stop price=0 Quantity=12 Type='Market' Time in force=GTC Oco='' Filled=0 Fill price=0 Error='No error' Native error='',
7/16/2026 12:11:16 PM,Order,Order='5b20a7aeeecf4e6fada995f6a34356a3/Sim101' Name='Entry' New state='Submitted' Instrument='MES SEP26' Action='Buy' Limit price=0 Stop price=0 Quantity=12 Type='Market' Time in force=GTC Oco='' Filled=0 Fill price=0 Error='No error' Native error='',
7/16/2026 12:11:16 PM,Order,Chart Trader submitting order with strategy 'MES RMA 4SL 12Q - 1' (Ticks),
7/16/2026 12:11:10 PM,Position,Instrument='MES SEP26' Account='Sim101' Average price=0 Quantity=0 Market position=Flat Operation=Remove,
7/16/2026 12:11:10 PM,Order,Order='632b964d9d4a40758227a4c8796a03ba/Sim101' Name='Close' New state='Filled' Instrument='MES SEP26' Action='Sell' Limit price=0 Stop price=0 Quantity=12 Type='Market' Time in force=DAY Oco='' Filled=12 Fill price=7566 Error='No error' Native error='',
7/16/2026 12:11:10 PM,Execution,Execution='d062f5bfacfe4d37bd1707153571904d' Instrument='MES SEP26' Account='Sim101' Exchange=Default Price=7566 Quantity=12 Market position=Short Operation=Operation_Add Order='632b964d9d4a40758227a4c8796a03ba' Time='7/16/2026 12:11 PM',
7/16/2026 12:11:10 PM,Order,Order='632b964d9d4a40758227a4c8796a03ba/Sim101' Name='Close' New state='Accepted' Instrument='MES SEP26' Action='Sell' Limit price=0 Stop price=0 Quantity=12 Type='Market' Time in force=DAY Oco='' Filled=0 Fill price=0 Error='No error' Native error='',
7/16/2026 12:11:10 PM,Order,Order='632b964d9d4a40758227a4c8796a03ba/Sim101' Name='Close' New state='Working' Instrument='MES SEP26' Action='Sell' Limit price=0 Stop price=0 Quantity=12 Type='Market' Time in force=DAY Oco='' Filled=0 Fill price=0 Error='No error' Native error='',
7/16/2026 12:11:10 PM,Order,Order='632b964d9d4a40758227a4c8796a03ba/Sim101' Name='Close' New state='Submitted' Instrument='MES SEP26' Action='Sell' Limit price=0 Stop price=0 Quantity=12 Type='Market' Time in force=DAY Oco='' Filled=0 Fill price=0 Error='No error' Native error='',
7/16/2026 12:11:10 PM,Order,Order='2e0b2342c39c4f0c924b1ef82629edfb/Sim101' Name='Stop4' New state='Cancelled' Instrument='MES SEP26' Action='Sell' Limit price=0 Stop price=7563.25 Quantity=1 Type='Stop Market' Time in force=GTC Oco='27aeadda178942c999ac5166278ad317' Filled=0 Fill price=0 Error='No error' Native error='',
7/16/2026 12:11:10 PM,Order,Order='2392a96322ee4ce79efc58ddcfc53e29/Sim101' Name='Target4' New state='Cancelled' Instrument='MES SEP26' Action='Sell' Limit price=7571.25 Stop price=0 Quantity=1 Type='Limit' Time in force=GTC Oco='27aeadda178942c999ac5166278ad317' Filled=0 Fill price=0 Error='No error' Native error='',
7/16/2026 12:11:10 PM,Order,Order='468c366e837e4169a924cdc982611e0e/Sim101' Name='Target2' New state='Cancelled' Instrument='MES SEP26' Action='Sell' Limit price=7569.25 Stop price=0 Quantity=1 Type='Limit' Time in force=GTC Oco='ede7391598144829a7c7bf1ec7dc70c6' Filled=0 Fill price=0 Error='No error' Native error='',
7/16/2026 12:11:10 PM,Order,Order='cc87c26c9bf84824b0a33d8ee6e2d48f/Sim101' Name='Stop1' New state='Cancelled' Instrument='MES SEP26' Action='Sell' Limit price=0 Stop price=7563.25 Quantity=9 Type='Stop Market' Time in force=GTC Oco='f258fa5c02be4f90aa18b38ce795a37b' Filled=0 Fill price=0 Error='No error' Native error='',
7/16/2026 12:11:10 PM,Order,Order='588dd01aa3e04968b38ee7d428fe3d6c/Sim101' Name='Stop2' New state='Cancelled' Instrument='MES SEP26' Action='Sell' Limit price=0 Stop price=7563.25 Quantity=1 Type='Stop Market' Time in force=GTC Oco='ede7391598144829a7c7bf1ec7dc70c6' Filled=0 Fill price=0 Error='No error' Native error='',
7/16/2026 12:11:10 PM,Order,Order='c8c7b039982243a6b953ca81b8823c5e/Sim101' Name='Stop3' New state='Cancelled' Instrument='MES SEP26' Action='Sell' Limit price=0 Stop price=7563.25 Quantity=1 Type='Stop Market' Time in force=GTC Oco='8986f8e073b24617a606704d70b98c2a' Filled=0 Fill price=0 Error='No error' Native error='',
7/16/2026 12:11:10 PM,Order,Order='c72a1dc2c41540378a3c7dfd2e73c4a9/Sim101' Name='Target3' New state='Cancelled' Instrument='MES SEP26' Action='Sell' Limit price=7570.25 Stop price=0 Quantity=1 Type='Limit' Time in force=GTC Oco='8986f8e073b24617a606704d70b98c2a' Filled=0 Fill price=0 Error='No error' Native error='',
7/16/2026 12:11:10 PM,Order,Order='9560e280efa540c0a870a6ce8abd41dd/Sim101' Name='Target1' New state='Cancelled' Instrument='MES SEP26' Action='Sell' Limit price=7568.25 Stop price=0 Quantity=9 Type='Limit' Time in force=GTC Oco='f258fa5c02be4f90aa18b38ce795a37b' Filled=0 Fill price=0 Error='No error' Native error='',
7/16/2026 12:11:09 PM,Order,Order='2e0b2342c39c4f0c924b1ef82629edfb/Sim101' Name='Stop4' New state='Cancel submitted' Instrument='MES SEP26' Action='Sell' Limit price=0 Stop price=7563.25 Quantity=1 Type='Stop Market' Time in force=GTC Oco='27aeadda178942c999ac5166278ad317' Filled=0 Fill price=0 Error='No error' Native error='',
7/16/2026 12:11:09 PM,Order,Order='c8c7b039982243a6b953ca81b8823c5e/Sim101' Name='Stop3' New state='Cancel submitted' Instrument='MES SEP26' Action='Sell' Limit price=0 Stop price=7563.25 Quantity=1 Type='Stop Market' Time in force=GTC Oco='8986f8e073b24617a606704d70b98c2a' Filled=0 Fill price=0 Error='No error' Native error='',
7/16/2026 12:11:09 PM,Order,Order='588dd01aa3e04968b38ee7d428fe3d6c/Sim101' Name='Stop2' New state='Cancel submitted' Instrument='MES SEP26' Action='Sell' Limit price=0 Stop price=7563.25 Quantity=1 Type='Stop Market' Time in force=GTC Oco='ede7391598144829a7c7bf1ec7dc70c6' Filled=0 Fill price=0 Error='No error' Native error='',
7/16/2026 12:11:09 PM,Order,Order='cc87c26c9bf84824b0a33d8ee6e2d48f/Sim101' Name='Stop1' New state='Cancel submitted' Instrument='MES SEP26' Action='Sell' Limit price=0 Stop price=7563.25 Quantity=9 Type='Stop Market' Time in force=GTC Oco='f258fa5c02be4f90aa18b38ce795a37b' Filled=0 Fill price=0 Error='No error' Native error='',
7/16/2026 12:11:09 PM,Order,Order='2392a96322ee4ce79efc58ddcfc53e29/Sim101' Name='Target4' New state='Cancel submitted' Instrument='MES SEP26' Action='Sell' Limit price=7571.25 Stop price=0 Quantity=1 Type='Limit' Time in force=GTC Oco='27aeadda178942c999ac5166278ad317' Filled=0 Fill price=0 Error='No error' Native error='',
7/16/2026 12:11:09 PM,Order,Order='c72a1dc2c41540378a3c7dfd2e73c4a9/Sim101' Name='Target3' New state='Cancel submitted' Instrument='MES SEP26' Action='Sell' Limit price=7570.25 Stop price=0 Quantity=1 Type='Limit' Time in force=GTC Oco='8986f8e073b24617a606704d70b98c2a' Filled=0 Fill price=0 Error='No error' Native error='',
7/16/2026 12:11:09 PM,Order,Order='468c366e837e4169a924cdc982611e0e/Sim101' Name='Target2' New state='Cancel submitted' Instrument='MES SEP26' Action='Sell' Limit price=7569.25 Stop price=0 Quantity=1 Type='Limit' Time in force=GTC Oco='ede7391598144829a7c7bf1ec7dc70c6' Filled=0 Fill price=0 Error='No error' Native error='',
7/16/2026 12:11:09 PM,Order,Order='9560e280efa540c0a870a6ce8abd41dd/Sim101' Name='Target1' New state='Cancel submitted' Instrument='MES SEP26' Action='Sell' Limit price=7568.25 Stop price=0 Quantity=9 Type='Limit' Time in force=GTC Oco='f258fa5c02be4f90aa18b38ce795a37b' Filled=0 Fill price=0 Error='No error' Native error='',
7/16/2026 12:11:09 PM,Default,Chart Trader close position,
7/16/2026 12:09:49 PM,Order,Order='2392a96322ee4ce79efc58ddcfc53e29/Sim101' Name='Target4' New state='Accepted' Instrument='MES SEP26' Action='Sell' Limit price=7571.25 Stop price=0 Quantity=1 Type='Limit' Time in force=GTC Oco='27aeadda178942c999ac5166278ad317' Filled=0 Fill price=0 Error='No error' Native error='',
7/16/2026 12:09:49 PM,Order,Order='2392a96322ee4ce79efc58ddcfc53e29/Sim101' Name='Target4' New state='Working' Instrument='MES SEP26' Action='Sell' Limit price=7571.25 Stop price=0 Quantity=1 Type='Limit' Time in force=GTC Oco='27aeadda178942c999ac5166278ad317' Filled=0 Fill price=0 Error='No error' Native error='',
7/16/2026 12:09:49 PM,Order,Order='c72a1dc2c41540378a3c7dfd2e73c4a9/Sim101' Name='Target3' New state='Accepted' Instrument='MES SEP26' Action='Sell' Limit price=7570.25 Stop price=0 Quantity=1 Type='Limit' Time in force=GTC Oco='8986f8e073b24617a606704d70b98c2a' Filled=0 Fill price=0 Error='No error' Native error='',
7/16/2026 12:09:49 PM,Order,Order='c72a1dc2c41540378a3c7dfd2e73c4a9/Sim101' Name='Target3' New state='Working' Instrument='MES SEP26' Action='Sell' Limit price=7570.25 Stop price=0 Quantity=1 Type='Limit' Time in force=GTC Oco='8986f8e073b24617a606704d70b98c2a' Filled=0 Fill price=0 Error='No error' Native error='',
7/16/2026 12:09:49 PM,Order,Order='2e0b2342c39c4f0c924b1ef82629edfb/Sim101' Name='Stop4' New state='Accepted' Instrument='MES SEP26' Action='Sell' Limit price=0 Stop price=7563.25 Quantity=1 Type='Stop Market' Time in force=GTC Oco='27aeadda178942c999ac5166278ad317' Filled=0 Fill price=0 Error='No error' Native error='',
7/16/2026 12:09:49 PM,Order,Order='c8c7b039982243a6b953ca81b8823c5e/Sim101' Name='Stop3' New state='Accepted' Instrument='MES SEP26' Action='Sell' Limit price=0 Stop price=7563.25 Quantity=1 Type='Stop Market' Time in force=GTC Oco='8986f8e073b24617a606704d70b98c2a' Filled=0 Fill price=0 Error='No error' Native error='',
7/16/2026 12:09:49 PM,Order,Order='588dd01aa3e04968b38ee7d428fe3d6c/Sim101' Name='Stop2' New state='Accepted' Instrument='MES SEP26' Action='Sell' Limit price=0 Stop price=7563.25 Quantity=1 Type='Stop Market' Time in force=GTC Oco='ede7391598144829a7c7bf1ec7dc70c6' Filled=0 Fill price=0 Error='No error' Native error='',
7/16/2026 12:09:49 PM,Order,Order='468c366e837e4169a924cdc982611e0e/Sim101' Name='Target2' New state='Accepted' Instrument='MES SEP26' Action='Sell' Limit price=7569.25 Stop price=0 Quantity=1 Type='Limit' Time in force=GTC Oco='ede7391598144829a7c7bf1ec7dc70c6' Filled=0 Fill price=0 Error='No error' Native error='',
7/16/2026 12:09:49 PM,Order,Order='468c366e837e4169a924cdc982611e0e/Sim101' Name='Target2' New state='Working' Instrument='MES SEP26' Action='Sell' Limit price=7569.25 Stop price=0 Quantity=1 Type='Limit' Time in force=GTC Oco='ede7391598144829a7c7bf1ec7dc70c6' Filled=0 Fill price=0 Error='No error' Native error='',
7/16/2026 12:09:49 PM,Order,Order='9560e280efa540c0a870a6ce8abd41dd/Sim101' Name='Target1' New state='Working' Instrument='MES SEP26' Action='Sell' Limit price=7568.25 Stop price=0 Quantity=9 Type='Limit' Time in force=GTC Oco='f258fa5c02be4f90aa18b38ce795a37b' Filled=0 Fill price=0 Error='No error' Native error='',
7/16/2026 12:09:49 PM,Order,Order='cc87c26c9bf84824b0a33d8ee6e2d48f/Sim101' Name='Stop1' New state='Accepted' Instrument='MES SEP26' Action='Sell' Limit price=0 Stop price=7563.25 Quantity=9 Type='Stop Market' Time in force=GTC Oco='f258fa5c02be4f90aa18b38ce795a37b' Filled=0 Fill price=0 Error='No error' Native error='',
7/16/2026 12:09:49 PM,Order,Order='9560e280efa540c0a870a6ce8abd41dd/Sim101' Name='Target1' New state='Accepted' Instrument='MES SEP26' Action='Sell' Limit price=7568.25 Stop price=0 Quantity=9 Type='Limit' Time in force=GTC Oco='f258fa5c02be4f90aa18b38ce795a37b' Filled=0 Fill price=0 Error='No error' Native error='',
7/16/2026 12:09:49 PM,Order,Order='2392a96322ee4ce79efc58ddcfc53e29/Sim101' Name='Target4' New state='Submitted' Instrument='MES SEP26' Action='Sell' Limit price=7571.25 Stop price=0 Quantity=1 Type='Limit' Time in force=GTC Oco='27aeadda178942c999ac5166278ad317' Filled=0 Fill price=0 Error='No error' Native error='',
7/16/2026 12:09:49 PM,Order,Order='2e0b2342c39c4f0c924b1ef82629edfb/Sim101' Name='Stop4' New state='Submitted' Instrument='MES SEP26' Action='Sell' Limit price=0 Stop price=7563.25 Quantity=1 Type='Stop Market' Time in force=GTC Oco='27aeadda178942c999ac5166278ad317' Filled=0 Fill price=0 Error='No error' Native error='',
7/16/2026 12:09:49 PM,Order,Order='c72a1dc2c41540378a3c7dfd2e73c4a9/Sim101' Name='Target3' New state='Submitted' Instrument='MES SEP26' Action='Sell' Limit price=7570.25 Stop price=0 Quantity=1 Type='Limit' Time in force=GTC Oco='8986f8e073b24617a606704d70b98c2a' Filled=0 Fill price=0 Error='No error' Native error='',
7/16/2026 12:09:49 PM,Order,Order='c8c7b039982243a6b953ca81b8823c5e/Sim101' Name='Stop3' New state='Submitted' Instrument='MES SEP26' Action='Sell' Limit price=0 Stop price=7563.25 Quantity=1 Type='Stop Market' Time in force=GTC Oco='8986f8e073b24617a606704d70b98c2a' Filled=0 Fill price=0 Error='No error' Native error='',
7/16/2026 12:09:49 PM,Order,Order='468c366e837e4169a924cdc982611e0e/Sim101' Name='Target2' New state='Submitted' Instrument='MES SEP26' Action='Sell' Limit price=7569.25 Stop price=0 Quantity=1 Type='Limit' Time in force=GTC Oco='ede7391598144829a7c7bf1ec7dc70c6' Filled=0 Fill price=0 Error='No error' Native error='',
7/16/2026 12:09:49 PM,Order,Order='588dd01aa3e04968b38ee7d428fe3d6c/Sim101' Name='Stop2' New state='Submitted' Instrument='MES SEP26' Action='Sell' Limit price=0 Stop price=7563.25 Quantity=1 Type='Stop Market' Time in force=GTC Oco='ede7391598144829a7c7bf1ec7dc70c6' Filled=0 Fill price=0 Error='No error' Native error='',
7/16/2026 12:09:49 PM,Order,Order='9560e280efa540c0a870a6ce8abd41dd/Sim101' Name='Target1' New state='Submitted' Instrument='MES SEP26' Action='Sell' Limit price=7568.25 Stop price=0 Quantity=9 Type='Limit' Time in force=GTC Oco='f258fa5c02be4f90aa18b38ce795a37b' Filled=0 Fill price=0 Error='No error' Native error='',
7/16/2026 12:09:49 PM,Order,Order='cc87c26c9bf84824b0a33d8ee6e2d48f/Sim101' Name='Stop1' New state='Submitted' Instrument='MES SEP26' Action='Sell' Limit price=0 Stop price=7563.25 Quantity=9 Type='Stop Market' Time in force=GTC Oco='f258fa5c02be4f90aa18b38ce795a37b' Filled=0 Fill price=0 Error='No error' Native error='',
7/16/2026 12:09:49 PM,Execution,Execution='1f07231c1b964875b5b3ae7774aaaa1e' Instrument='MES SEP26' Account='Sim101' Exchange=Default Price=7567.25 Quantity=12 Market position=Long Operation=Operation_Add Order='d283b6cdaff3423fa2a776b07a3f02d2' Time='7/16/2026 12:09 PM',
7/16/2026 12:09:49 PM,Position,Instrument='MES SEP26' Account='Sim101' Average price=7567.25 Quantity=12 Market position=Long Operation=Operation_Add,
7/16/2026 12:09:49 PM,Order,Order='d283b6cdaff3423fa2a776b07a3f02d2/Sim101' Name='Entry' New state='Filled' Instrument='MES SEP26' Action='Buy' Limit price=0 Stop price=0 Quantity=12 Type='Market' Time in force=GTC Oco='' Filled=12 Fill price=7567.25 Error='No error' Native error='',
7/16/2026 12:09:49 PM,Order,Order='d283b6cdaff3423fa2a776b07a3f02d2/Sim101' Name='Entry' New state='Accepted' Instrument='MES SEP26' Action='Buy' Limit price=0 Stop price=0 Quantity=12 Type='Market' Time in force=GTC Oco='' Filled=0 Fill price=0 Error='No error' Native error='',
7/16/2026 12:09:49 PM,Order,Order='d283b6cdaff3423fa2a776b07a3f02d2/Sim101' Name='Entry' New state='Working' Instrument='MES SEP26' Action='Buy' Limit price=0 Stop price=0 Quantity=12 Type='Market' Time in force=GTC Oco='' Filled=0 Fill price=0 Error='No error' Native error='',
7/16/2026 12:09:49 PM,Order,Order='d283b6cdaff3423fa2a776b07a3f02d2/Sim101' Name='Entry' New state='Submitted' Instrument='MES SEP26' Action='Buy' Limit price=0 Stop price=0 Quantity=12 Type='Market' Time in force=GTC Oco='' Filled=0 Fill price=0 Error='No error' Native error='',
7/16/2026 12:09:49 PM,Order,Chart Trader submitting order with strategy 'MES RMA 4SL 12Q - 1' (Ticks),
7/16/2026 12:06:33 PM,Position,Instrument='MES SEP26' Account='Sim102' Average price=0 Quantity=0 Market position=Flat Operation=Remove,
7/16/2026 12:06:33 PM,Order,Order='bd1a90abfa594fa49e25610e62416602/Sim102' Name='Close' New state='Filled' Instrument='MES SEP26' Action='Sell' Limit price=0 Stop price=0 Quantity=12 Type='Market' Time in force=DAY Oco='' Filled=12 Fill price=7572.75 Error='No error' Native error='',
7/16/2026 12:06:33 PM,Execution,Execution='1546bc0079d04bf2875ae1da85d675b9' Instrument='MES SEP26' Account='Sim102' Exchange=Default Price=7572.75 Quantity=12 Market position=Short Operation=Operation_Add Order='bd1a90abfa594fa49e25610e62416602' Time='7/16/2026 12:06 PM',
7/16/2026 12:06:33 PM,Order,Order='bd1a90abfa594fa49e25610e62416602/Sim102' Name='Close' New state='Accepted' Instrument='MES SEP26' Action='Sell' Limit price=0 Stop price=0 Quantity=12 Type='Market' Time in force=DAY Oco='' Filled=0 Fill price=0 Error='No error' Native error='',
7/16/2026 12:06:33 PM,Order,Order='bd1a90abfa594fa49e25610e62416602/Sim102' Name='Close' New state='Working' Instrument='MES SEP26' Action='Sell' Limit price=0 Stop price=0 Quantity=12 Type='Market' Time in force=DAY Oco='' Filled=0 Fill price=0 Error='No error' Native error='',
7/16/2026 12:06:33 PM,Order,Order='bd1a90abfa594fa49e25610e62416602/Sim102' Name='Close' New state='Submitted' Instrument='MES SEP26' Action='Sell' Limit price=0 Stop price=0 Quantity=12 Type='Market' Time in force=DAY Oco='' Filled=0 Fill price=0 Error='No error' Native error='',
7/16/2026 12:06:33 PM,Order,Order='d550f24cbca84b75b7a95cb9e87df087/Sim102' Name='Stop4' New state='Cancelled' Instrument='MES SEP26' Action='Sell' Limit price=0 Stop price=7572 Quantity=1 Type='Stop Market' Time in force=GTC Oco='78836647e5e148418e78e932b86965ed' Filled=0 Fill price=0 Error='No error' Native error='',
7/16/2026 12:06:33 PM,Order,Order='6fd4aec578b442c9af3ae28e2afae450/Sim102' Name='Target3' New state='Cancelled' Instrument='MES SEP26' Action='Sell' Limit price=7579 Stop price=0 Quantity=1 Type='Limit' Time in force=GTC Oco='e1d16b7563464e48bc8b73b18e5370e0' Filled=0 Fill price=0 Error='No error' Native error='',
7/16/2026 12:06:33 PM,Order,Order='a855989d77f4442480735fb25057a62a/Sim102' Name='Target4' New state='Cancelled' Instrument='MES SEP26' Action='Sell' Limit price=7580 Stop price=0 Quantity=1 Type='Limit' Time in force=GTC Oco='78836647e5e148418e78e932b86965ed' Filled=0 Fill price=0 Error='No error' Native error='',
7/16/2026 12:06:33 PM,Order,Order='4b87e03ab75f47f5ba1d1164beb77edb/Sim102' Name='Stop1' New state='Cancelled' Instrument='MES SEP26' Action='Sell' Limit price=0 Stop price=7572 Quantity=9 Type='Stop Market' Time in force=GTC Oco='0490b22668e94e19869149f53b4667c4' Filled=0 Fill price=0 Error='No error' Native error='',
7/16/2026 12:06:33 PM,Order,Order='ee3e33c0cd4649748df72263ba51cff5/Sim102' Name='Stop2' New state='Cancelled' Instrument='MES SEP26' Action='Sell' Limit price=0 Stop price=7572 Quantity=1 Type='Stop Market' Time in force=GTC Oco='e4a217f21d8542339352fe98879c5fba' Filled=0 Fill price=0 Error='No error' Native error='',
7/16/2026 12:06:33 PM,Order,Order='4f01b1130dfc4f90a6fe5fac8f479009/Sim102' Name='Stop3' New state='Cancelled' Instrument='MES SEP26' Action='Sell' Limit price=0 Stop price=7572 Quantity=1 Type='Stop Market' Time in force=GTC Oco='e1d16b7563464e48bc8b73b18e5370e0' Filled=0 Fill price=0 Error='No error' Native error='',
7/16/2026 12:06:33 PM,Order,Order='711bca1b1fff4996a1110338d77693c3/Sim102' Name='Target2' New state='Cancelled' Instrument='MES SEP26' Action='Sell' Limit price=7578 Stop price=0 Quantity=1 Type='Limit' Time in force=GTC Oco='e4a217f21d8542339352fe98879c5fba' Filled=0 Fill price=0 Error='No error' Native error='',
7/16/2026 12:06:33 PM,Order,Order='40ffd86c437e41a3a8d95b50d2c2f590/Sim102' Name='Target1' New state='Cancelled' Instrument='MES SEP26' Action='Sell' Limit price=7577 Stop price=0 Quantity=9 Type='Limit' Time in force=GTC Oco='0490b22668e94e19869149f53b4667c4' Filled=0 Fill price=0 Error='No error' Native error='',
7/16/2026 12:06:33 PM,Order,Order='d550f24cbca84b75b7a95cb9e87df087/Sim102' Name='Stop4' New state='Cancel submitted' Instrument='MES SEP26' Action='Sell' Limit price=0 Stop price=7572 Quantity=1 Type='Stop Market' Time in force=GTC Oco='78836647e5e148418e78e932b86965ed' Filled=0 Fill price=0 Error='No error' Native error='',
7/16/2026 12:06:33 PM,Order,Order='4f01b1130dfc4f90a6fe5fac8f479009/Sim102' Name='Stop3' New state='Cancel submitted' Instrument='MES SEP26' Action='Sell' Limit price=0 Stop price=7572 Quantity=1 Type='Stop Market' Time in force=GTC Oco='e1d16b7563464e48bc8b73b18e5370e0' Filled=0 Fill price=0 Error='No error' Native error='',
7/16/2026 12:06:33 PM,Order,Order='ee3e33c0cd4649748df72263ba51cff5/Sim102' Name='Stop2' New state='Cancel submitted' Instrument='MES SEP26' Action='Sell' Limit price=0 Stop price=7572 Quantity=1 Type='Stop Market' Time in force=GTC Oco='e4a217f21d8542339352fe98879c5fba' Filled=0 Fill price=0 Error='No error' Native error='',
7/16/2026 12:06:33 PM,Order,Order='4b87e03ab75f47f5ba1d1164beb77edb/Sim102' Name='Stop1' New state='Cancel submitted' Instrument='MES SEP26' Action='Sell' Limit price=0 Stop price=7572 Quantity=9 Type='Stop Market' Time in force=GTC Oco='0490b22668e94e19869149f53b4667c4' Filled=0 Fill price=0 Error='No error' Native error='',
7/16/2026 12:06:33 PM,Order,Order='a855989d77f4442480735fb25057a62a/Sim102' Name='Target4' New state='Cancel submitted' Instrument='MES SEP26' Action='Sell' Limit price=7580 Stop price=0 Quantity=1 Type='Limit' Time in force=GTC Oco='78836647e5e148418e78e932b86965ed' Filled=0 Fill price=0 Error='No error' Native error='',
7/16/2026 12:06:33 PM,Order,Order='6fd4aec578b442c9af3ae28e2afae450/Sim102' Name='Target3' New state='Cancel submitted' Instrument='MES SEP26' Action='Sell' Limit price=7579 Stop price=0 Quantity=1 Type='Limit' Time in force=GTC Oco='e1d16b7563464e48bc8b73b18e5370e0' Filled=0 Fill price=0 Error='No error' Native error='',
7/16/2026 12:06:33 PM,Order,Order='711bca1b1fff4996a1110338d77693c3/Sim102' Name='Target2' New state='Cancel submitted' Instrument='MES SEP26' Action='Sell' Limit price=7578 Stop price=0 Quantity=1 Type='Limit' Time in force=GTC Oco='e4a217f21d8542339352fe98879c5fba' Filled=0 Fill price=0 Error='No error' Native error='',
7/16/2026 12:06:33 PM,Order,Order='40ffd86c437e41a3a8d95b50d2c2f590/Sim102' Name='Target1' New state='Cancel submitted' Instrument='MES SEP26' Action='Sell' Limit price=7577 Stop price=0 Quantity=9 Type='Limit' Time in force=GTC Oco='0490b22668e94e19869149f53b4667c4' Filled=0 Fill price=0 Error='No error' Native error='',
7/16/2026 12:06:33 PM,Default,Chart Trader close position,
7/16/2026 12:06:02 PM,Order,Order='a855989d77f4442480735fb25057a62a/Sim102' Name='Target4' New state='Accepted' Instrument='MES SEP26' Action='Sell' Limit price=7580 Stop price=0 Quantity=1 Type='Limit' Time in force=GTC Oco='78836647e5e148418e78e932b86965ed' Filled=0 Fill price=0 Error='No error' Native error='',
7/16/2026 12:06:02 PM,Order,Order='a855989d77f4442480735fb25057a62a/Sim102' Name='Target4' New state='Working' Instrument='MES SEP26' Action='Sell' Limit price=7580 Stop price=0 Quantity=1 Type='Limit' Time in force=GTC Oco='78836647e5e148418e78e932b86965ed' Filled=0 Fill price=0 Error='No error' Native error='',
7/16/2026 12:06:02 PM,Order,Order='6fd4aec578b442c9af3ae28e2afae450/Sim102' Name='Target3' New state='Accepted' Instrument='MES SEP26' Action='Sell' Limit price=7579 Stop price=0 Quantity=1 Type='Limit' Time in force=GTC Oco='e1d16b7563464e48bc8b73b18e5370e0' Filled=0 Fill price=0 Error='No error' Native error='',
7/16/2026 12:06:02 PM,Order,Order='4f01b1130dfc4f90a6fe5fac8f479009/Sim102' Name='Stop3' New state='Accepted' Instrument='MES SEP26' Action='Sell' Limit price=0 Stop price=7572 Quantity=1 Type='Stop Market' Time in force=GTC Oco='e1d16b7563464e48bc8b73b18e5370e0' Filled=0 Fill price=0 Error='No error' Native error='',
7/16/2026 12:06:02 PM,Order,Order='d550f24cbca84b75b7a95cb9e87df087/Sim102' Name='Stop4' New state='Accepted' Instrument='MES SEP26' Action='Sell' Limit price=0 Stop price=7572 Quantity=1 Type='Stop Market' Time in force=GTC Oco='78836647e5e148418e78e932b86965ed' Filled=0 Fill price=0 Error='No error' Native error='',
7/16/2026 12:06:02 PM,Order,Order='6fd4aec578b442c9af3ae28e2afae450/Sim102' Name='Target3' New state='Working' Instrument='MES SEP26' Action='Sell' Limit price=7579 Stop price=0 Quantity=1 Type='Limit' Time in force=GTC Oco='e1d16b7563464e48bc8b73b18e5370e0' Filled=0 Fill price=0 Error='No error' Native error='',
7/16/2026 12:06:02 PM,Order,Order='711bca1b1fff4996a1110338d77693c3/Sim102' Name='Target2' New state='Accepted' Instrument='MES SEP26' Action='Sell' Limit price=7578 Stop price=0 Quantity=1 Type='Limit' Time in force=GTC Oco='e4a217f21d8542339352fe98879c5fba' Filled=0 Fill price=0 Error='No error' Native error='',
7/16/2026 12:06:02 PM,Order,Order='711bca1b1fff4996a1110338d77693c3/Sim102' Name='Target2' New state='Working' Instrument='MES SEP26' Action='Sell' Limit price=7578 Stop price=0 Quantity=1 Type='Limit' Time in force=GTC Oco='e4a217f21d8542339352fe98879c5fba' Filled=0 Fill price=0 Error='No error' Native error='',
7/16/2026 12:06:02 PM,Order,Order='40ffd86c437e41a3a8d95b50d2c2f590/Sim102' Name='Target1' New state='Working' Instrument='MES SEP26' Action='Sell' Limit price=7577 Stop price=0 Quantity=9 Type='Limit' Time in force=GTC Oco='0490b22668e94e19869149f53b4667c4' Filled=0 Fill price=0 Error='No error' Native error='',
7/16/2026 12:06:02 PM,Order,Order='ee3e33c0cd4649748df72263ba51cff5/Sim102' Name='Stop2' New state='Accepted' Instrument='MES SEP26' Action='Sell' Limit price=0 Stop price=7572 Quantity=1 Type='Stop Market' Time in force=GTC Oco='e4a217f21d8542339352fe98879c5fba' Filled=0 Fill price=0 Error='No error' Native error='',
7/16/2026 12:06:02 PM,Order,Order='4b87e03ab75f47f5ba1d1164beb77edb/Sim102' Name='Stop1' New state='Accepted' Instrument='MES SEP26' Action='Sell' Limit price=0 Stop price=7572 Quantity=9 Type='Stop Market' Time in force=GTC Oco='0490b22668e94e19869149f53b4667c4' Filled=0 Fill price=0 Error='No error' Native error='',
7/16/2026 12:06:02 PM,Order,Order='40ffd86c437e41a3a8d95b50d2c2f590/Sim102' Name='Target1' New state='Accepted' Instrument='MES SEP26' Action='Sell' Limit price=7577 Stop price=0 Quantity=9 Type='Limit' Time in force=GTC Oco='0490b22668e94e19869149f53b4667c4' Filled=0 Fill price=0 Error='No error' Native error='',
7/16/2026 12:06:02 PM,Order,Order='a855989d77f4442480735fb25057a62a/Sim102' Name='Target4' New state='Submitted' Instrument='MES SEP26' Action='Sell' Limit price=7580 Stop price=0 Quantity=1 Type='Limit' Time in force=GTC Oco='78836647e5e148418e78e932b86965ed' Filled=0 Fill price=0 Error='No error' Native error='',
7/16/2026 12:06:02 PM,Order,Order='d550f24cbca84b75b7a95cb9e87df087/Sim102' Name='Stop4' New state='Submitted' Instrument='MES SEP26' Action='Sell' Limit price=0 Stop price=7572 Quantity=1 Type='Stop Market' Time in force=GTC Oco='78836647e5e148418e78e932b86965ed' Filled=0 Fill price=0 Error='No error' Native error='',
7/16/2026 12:06:02 PM,Order,Order='6fd4aec578b442c9af3ae28e2afae450/Sim102' Name='Target3' New state='Submitted' Instrument='MES SEP26' Action='Sell' Limit price=7579 Stop price=0 Quantity=1 Type='Limit' Time in force=GTC Oco='e1d16b7563464e48bc8b73b18e5370e0' Filled=0 Fill price=0 Error='No error' Native error='',
7/16/2026 12:06:02 PM,Order,Order='4f01b1130dfc4f90a6fe5fac8f479009/Sim102' Name='Stop3' New state='Submitted' Instrument='MES SEP26' Action='Sell' Limit price=0 Stop price=7572 Quantity=1 Type='Stop Market' Time in force=GTC Oco='e1d16b7563464e48bc8b73b18e5370e0' Filled=0 Fill price=0 Error='No error' Native error='',
7/16/2026 12:06:02 PM,Order,Order='711bca1b1fff4996a1110338d77693c3/Sim102' Name='Target2' New state='Submitted' Instrument='MES SEP26' Action='Sell' Limit price=7578 Stop price=0 Quantity=1 Type='Limit' Time in force=GTC Oco='e4a217f21d8542339352fe98879c5fba' Filled=0 Fill price=0 Error='No error' Native error='',
7/16/2026 12:06:02 PM,Order,Order='ee3e33c0cd4649748df72263ba51cff5/Sim102' Name='Stop2' New state='Submitted' Instrument='MES SEP26' Action='Sell' Limit price=0 Stop price=7572 Quantity=1 Type='Stop Market' Time in force=GTC Oco='e4a217f21d8542339352fe98879c5fba' Filled=0 Fill price=0 Error='No error' Native error='',
7/16/2026 12:06:02 PM,Order,Order='40ffd86c437e41a3a8d95b50d2c2f590/Sim102' Name='Target1' New state='Submitted' Instrument='MES SEP26' Action='Sell' Limit price=7577 Stop price=0 Quantity=9 Type='Limit' Time in force=GTC Oco='0490b22668e94e19869149f53b4667c4' Filled=0 Fill price=0 Error='No error' Native error='',
7/16/2026 12:06:02 PM,Order,Order='4b87e03ab75f47f5ba1d1164beb77edb/Sim102' Name='Stop1' New state='Submitted' Instrument='MES SEP26' Action='Sell' Limit price=0 Stop price=7572 Quantity=9 Type='Stop Market' Time in force=GTC Oco='0490b22668e94e19869149f53b4667c4' Filled=0 Fill price=0 Error='No error' Native error='',
7/16/2026 12:06:02 PM,Order,Order='188da55f89724691b2d78d775d0615f6/Sim102' Name='Entry' New state='Filled' Instrument='MES SEP26' Action='Buy' Limit price=0 Stop price=0 Quantity=12 Type='Market' Time in force=GTC Oco='' Filled=12 Fill price=7576 Error='No error' Native error='',
7/16/2026 12:06:02 PM,Execution,Execution='cb6f292c1fcf4433882863595db74572' Instrument='MES SEP26' Account='Sim102' Exchange=Default Price=7576 Quantity=12 Market position=Long Operation=Operation_Add Order='188da55f89724691b2d78d775d0615f6' Time='7/16/2026 12:06 PM',
7/16/2026 12:06:02 PM,Position,Instrument='MES SEP26' Account='Sim102' Average price=7576 Quantity=12 Market position=Long Operation=Operation_Add,
7/16/2026 12:06:02 PM,Order,Order='188da55f89724691b2d78d775d0615f6/Sim102' Name='Entry' New state='Accepted' Instrument='MES SEP26' Action='Buy' Limit price=0 Stop price=0 Quantity=12 Type='Market' Time in force=GTC Oco='' Filled=0 Fill price=0 Error='No error' Native error='',
7/16/2026 12:06:02 PM,Order,Order='188da55f89724691b2d78d775d0615f6/Sim102' Name='Entry' New state='Working' Instrument='MES SEP26' Action='Buy' Limit price=0 Stop price=0 Quantity=12 Type='Market' Time in force=GTC Oco='' Filled=0 Fill price=0 Error='No error' Native error='',
7/16/2026 12:06:02 PM,Order,Order='188da55f89724691b2d78d775d0615f6/Sim102' Name='Entry' New state='Submitted' Instrument='MES SEP26' Action='Buy' Limit price=0 Stop price=0 Quantity=12 Type='Market' Time in force=GTC Oco='' Filled=0 Fill price=0 Error='No error' Native error='',
7/16/2026 12:06:02 PM,Order,Chart Trader submitting order with strategy 'MES RMA 4SL 12Q - 1' (Ticks),
7/16/2026 12:05:41 PM,Position,Instrument='MES SEP26' Account='Sim102' Average price=0 Quantity=0 Market position=Flat Operation=Remove,
7/16/2026 12:05:41 PM,Execution,Execution='620474618a874d51bf999f088767feea' Instrument='MES SEP26' Account='Sim102' Exchange=Default Price=7575.5 Quantity=12 Market position=Short Operation=Operation_Add Order='263767713b4d4607a838b9cd83bd5dcf' Time='7/16/2026 12:05 PM',
7/16/2026 12:05:41 PM,Order,Order='263767713b4d4607a838b9cd83bd5dcf/Sim102' Name='Close' New state='Filled' Instrument='MES SEP26' Action='Sell' Limit price=0 Stop price=0 Quantity=12 Type='Market' Time in force=DAY Oco='' Filled=12 Fill price=7575.5 Error='No error' Native error='',
7/16/2026 12:05:41 PM,Order,Order='263767713b4d4607a838b9cd83bd5dcf/Sim102' Name='Close' New state='Accepted' Instrument='MES SEP26' Action='Sell' Limit price=0 Stop price=0 Quantity=12 Type='Market' Time in force=DAY Oco='' Filled=0 Fill price=0 Error='No error' Native error='',
7/16/2026 12:05:41 PM,Order,Order='263767713b4d4607a838b9cd83bd5dcf/Sim102' Name='Close' New state='Working' Instrument='MES SEP26' Action='Sell' Limit price=0 Stop price=0 Quantity=12 Type='Market' Time in force=DAY Oco='' Filled=0 Fill price=0 Error='No error' Native error='',
7/16/2026 12:05:41 PM,Order,Order='263767713b4d4607a838b9cd83bd5dcf/Sim102' Name='Close' New state='Submitted' Instrument='MES SEP26' Action='Sell' Limit price=0 Stop price=0 Quantity=12 Type='Market' Time in force=DAY Oco='' Filled=0 Fill price=0 Error='No error' Native error='',
7/16/2026 12:05:41 PM,Order,Order='b63c5ca2730e41178e737e74656b5535/Sim102' Name='Target4' New state='Cancelled' Instrument='MES SEP26' Action='Sell' Limit price=7579.5 Stop price=0 Quantity=1 Type='Limit' Time in force=GTC Oco='c1af3db98da44ee6a336b96a6379db75' Filled=0 Fill price=0 Error='No error' Native error='',
7/16/2026 12:05:41 PM,Order,Order='6190486651964cc6a66c330e7c45925d/Sim102' Name='Stop2' New state='Cancelled' Instrument='MES SEP26' Action='Sell' Limit price=0 Stop price=7571.5 Quantity=1 Type='Stop Market' Time in force=GTC Oco='cd5a01c6f68b45bbb24b407c1220c64f' Filled=0 Fill price=0 Error='No error' Native error='',
7/16/2026 12:05:41 PM,Order,Order='98ba8558b2ed41a1be48110e09caf19d/Sim102' Name='Stop4' New state='Cancelled' Instrument='MES SEP26' Action='Sell' Limit price=0 Stop price=7571.5 Quantity=1 Type='Stop Market' Time in force=GTC Oco='c1af3db98da44ee6a336b96a6379db75' Filled=0 Fill price=0 Error='No error' Native error='',
7/16/2026 12:05:41 PM,Order,Order='91cea228948040bcbbf63c81ab67570f/Sim102' Name='Stop1' New state='Cancelled' Instrument='MES SEP26' Action='Sell' Limit price=0 Stop price=7571.5 Quantity=9 Type='Stop Market' Time in force=GTC Oco='f305706f9381441983ef04787db692fd' Filled=0 Fill price=0 Error='No error' Native error='',
7/16/2026 12:05:41 PM,Order,Order='902dbd37d22d425982faa10ec523a139/Sim102' Name='Stop3' New state='Cancelled' Instrument='MES SEP26' Action='Sell' Limit price=0 Stop price=7571.5 Quantity=1 Type='Stop Market' Time in force=GTC Oco='1a33d3741a314da99d0b2db3652f3ff9' Filled=0 Fill price=0 Error='No error' Native error='',
7/16/2026 12:05:41 PM,Order,Order='0ffd729ba6af451f831d98e18053c1dd/Sim102' Name='Target3' New state='Cancelled' Instrument='MES SEP26' Action='Sell' Limit price=7578.5 Stop price=0 Quantity=1 Type='Limit' Time in force=GTC Oco='1a33d3741a314da99d0b2db3652f3ff9' Filled=0 Fill price=0 Error='No error' Native error='',
7/16/2026 12:05:41 PM,Order,Order='26ca943c6e254daab49cb7d3077aff9c/Sim102' Name='Target2' New state='Cancelled' Instrument='MES SEP26' Action='Sell' Limit price=7577.5 Stop price=0 Quantity=1 Type='Limit' Time in force=GTC Oco='cd5a01c6f68b45bbb24b407c1220c64f' Filled=0 Fill price=0 Error='No error' Native error='',
7/16/2026 12:05:41 PM,Order,Order='5572c810c2c94888b414fe45e5ab2ebd/Sim102' Name='Target1' New state='Cancelled' Instrument='MES SEP26' Action='Sell' Limit price=7576.5 Stop price=0 Quantity=9 Type='Limit' Time in force=GTC Oco='f305706f9381441983ef04787db692fd' Filled=0 Fill price=0 Error='No error' Native error='',
7/16/2026 12:05:41 PM,Order,Order='98ba8558b2ed41a1be48110e09caf19d/Sim102' Name='Stop4' New state='Cancel submitted' Instrument='MES SEP26' Action='Sell' Limit price=0 Stop price=7571.5 Quantity=1 Type='Stop Market' Time in force=GTC Oco='c1af3db98da44ee6a336b96a6379db75' Filled=0 Fill price=0 Error='No error' Native error='',
7/16/2026 12:05:41 PM,Order,Order='902dbd37d22d425982faa10ec523a139/Sim102' Name='Stop3' New state='Cancel submitted' Instrument='MES SEP26' Action='Sell' Limit price=0 Stop price=7571.5 Quantity=1 Type='Stop Market' Time in force=GTC Oco='1a33d3741a314da99d0b2db3652f3ff9' Filled=0 Fill price=0 Error='No error' Native error='',
7/16/2026 12:05:41 PM,Order,Order='6190486651964cc6a66c330e7c45925d/Sim102' Name='Stop2' New state='Cancel submitted' Instrument='MES SEP26' Action='Sell' Limit price=0 Stop price=7571.5 Quantity=1 Type='Stop Market' Time in force=GTC Oco='cd5a01c6f68b45bbb24b407c1220c64f' Filled=0 Fill price=0 Error='No error' Native error='',
7/16/2026 12:05:41 PM,Order,Order='91cea228948040bcbbf63c81ab67570f/Sim102' Name='Stop1' New state='Cancel submitted' Instrument='MES SEP26' Action='Sell' Limit price=0 Stop price=7571.5 Quantity=9 Type='Stop Market' Time in force=GTC Oco='f305706f9381441983ef04787db692fd' Filled=0 Fill price=0 Error='No error' Native error='',
7/16/2026 12:05:41 PM,Order,Order='b63c5ca2730e41178e737e74656b5535/Sim102' Name='Target4' New state='Cancel submitted' Instrument='MES SEP26' Action='Sell' Limit price=7579.5 Stop price=0 Quantity=1 Type='Limit' Time in force=GTC Oco='c1af3db98da44ee6a336b96a6379db75' Filled=0 Fill price=0 Error='No error' Native error='',
7/16/2026 12:05:41 PM,Order,Order='0ffd729ba6af451f831d98e18053c1dd/Sim102' Name='Target3' New state='Cancel submitted' Instrument='MES SEP26' Action='Sell' Limit price=7578.5 Stop price=0 Quantity=1 Type='Limit' Time in force=GTC Oco='1a33d3741a314da99d0b2db3652f3ff9' Filled=0 Fill price=0 Error='No error' Native error='',
7/16/2026 12:05:41 PM,Order,Order='26ca943c6e254daab49cb7d3077aff9c/Sim102' Name='Target2' New state='Cancel submitted' Instrument='MES SEP26' Action='Sell' Limit price=7577.5 Stop price=0 Quantity=1 Type='Limit' Time in force=GTC Oco='cd5a01c6f68b45bbb24b407c1220c64f' Filled=0 Fill price=0 Error='No error' Native error='',
7/16/2026 12:05:41 PM,Order,Order='5572c810c2c94888b414fe45e5ab2ebd/Sim102' Name='Target1' New state='Cancel submitted' Instrument='MES SEP26' Action='Sell' Limit price=7576.5 Stop price=0 Quantity=9 Type='Limit' Time in force=GTC Oco='f305706f9381441983ef04787db692fd' Filled=0 Fill price=0 Error='No error' Native error='',
7/16/2026 12:05:41 PM,Default,Chart Trader close position,
7/16/2026 12:05:24 PM,Order,Order='ba99e8c6b92049d697a588e2f837ad80/Sim101' Name='Target4' New state='Cancelled' Instrument='MES SEP26' Action='Buy to cover' Limit price=7571.25 Stop price=0 Quantity=1 Type='Limit' Time in force=GTC Oco='ee4432f69f9843a1902b5289cd4244fe' Filled=0 Fill price=0 Error='No error' Native error='',
7/16/2026 12:05:24 PM,Order,Order='a1588efd1ff3495f9200fc5673c98b26/Sim101' Name='Target3' New state='Cancelled' Instrument='MES SEP26' Action='Buy to cover' Limit price=7572.25 Stop price=0 Quantity=1 Type='Limit' Time in force=GTC Oco='208a885120424d43a71fcb9885006f6e' Filled=0 Fill price=0 Error='No error' Native error='',
7/16/2026 12:05:24 PM,Strategy,Cancelling any remaining strategy orders,
7/16/2026 12:05:24 PM,Position,Instrument='MES SEP26' Account='Sim101' Average price=0 Quantity=0 Market position=Flat Operation=Remove,
7/16/2026 12:05:23 PM,Order,Order='ba99e8c6b92049d697a588e2f837ad80/Sim101' Name='Target4' New state='Cancel submitted' Instrument='MES SEP26' Action='Buy to cover' Limit price=7571.25 Stop price=0 Quantity=1 Type='Limit' Time in force=GTC Oco='ee4432f69f9843a1902b5289cd4244fe' Filled=0 Fill price=0 Error='No error' Native error='',
7/16/2026 12:05:23 PM,Execution,Execution='53a6631379e04744b566135b862ba26b' Instrument='MES SEP26' Account='Sim101' Exchange=Default Price=7574.25 Quantity=1 Market position=Long Operation=Operation_Add Order='b0b5e587becf4a8c8ea9ccc86375dec9' Time='7/16/2026 12:05 PM',
7/16/2026 12:05:23 PM,Order,Order='b0b5e587becf4a8c8ea9ccc86375dec9/Sim101' Name='Stop4' New state='Filled' Instrument='MES SEP26' Action='Buy to cover' Limit price=0 Stop price=7574.25 Quantity=1 Type='Stop Market' Time in force=GTC Oco='ee4432f69f9843a1902b5289cd4244fe' Filled=1 Fill price=7574.25 Error='No error' Native error='',
7/16/2026 12:05:23 PM,Position,Instrument='MES SEP26' Account='Sim101' Average price=7575.25 Quantity=1 Market position=Short Operation=Update,
7/16/2026 12:05:23 PM,Order,Order='a1588efd1ff3495f9200fc5673c98b26/Sim101' Name='Target3' New state='Cancel submitted' Instrument='MES SEP26' Action='Buy to cover' Limit price=7572.25 Stop price=0 Quantity=1 Type='Limit' Time in force=GTC Oco='208a885120424d43a71fcb9885006f6e' Filled=0 Fill price=0 Error='No error' Native error='',
7/16/2026 12:05:23 PM,Execution,Execution='549990b1cdfe40148e77836c3ab96105' Instrument='MES SEP26' Account='Sim101' Exchange=Default Price=7574.25 Quantity=1 Market position=Long Operation=Operation_Add Order='33fe4638a30e41309ceddd9929cc87bb' Time='7/16/2026 12:05 PM',
7/16/2026 12:05:23 PM,Order,Order='33fe4638a30e41309ceddd9929cc87bb/Sim101' Name='Stop3' New state='Filled' Instrument='MES SEP26' Action='Buy to cover' Limit price=0 Stop price=7574.25 Quantity=1 Type='Stop Market' Time in force=GTC Oco='208a885120424d43a71fcb9885006f6e' Filled=1 Fill price=7574.25 Error='No error' Native error='',
7/16/2026 12:05:23 PM,Order,Order='b0b5e587becf4a8c8ea9ccc86375dec9/Sim101' Name='Stop4' New state='Working' Instrument='MES SEP26' Action='Buy to cover' Limit price=0 Stop price=7574.25 Quantity=1 Type='Stop Market' Time in force=GTC Oco='ee4432f69f9843a1902b5289cd4244fe' Filled=0 Fill price=0 Error='No error' Native error='',
7/16/2026 12:05:23 PM,Order,Order='33fe4638a30e41309ceddd9929cc87bb/Sim101' Name='Stop3' New state='Working' Instrument='MES SEP26' Action='Buy to cover' Limit price=0 Stop price=7574.25 Quantity=1 Type='Stop Market' Time in force=GTC Oco='208a885120424d43a71fcb9885006f6e' Filled=0 Fill price=0 Error='No error' Native error='',
7/16/2026 12:05:04 PM,Order,Order='b0b5e587becf4a8c8ea9ccc86375dec9/Sim101' Name='Stop4' New state='Accepted' Instrument='MES SEP26' Action='Buy to cover' Limit price=0 Stop price=7574.25 Quantity=1 Type='Stop Market' Time in force=GTC Oco='ee4432f69f9843a1902b5289cd4244fe' Filled=0 Fill price=0 Error='No error' Native error='',
7/16/2026 12:05:04 PM,Order,Order='33fe4638a30e41309ceddd9929cc87bb/Sim101' Name='Stop3' New state='Accepted' Instrument='MES SEP26' Action='Buy to cover' Limit price=0 Stop price=7574.25 Quantity=1 Type='Stop Market' Time in force=GTC Oco='208a885120424d43a71fcb9885006f6e' Filled=0 Fill price=0 Error='No error' Native error='',
7/16/2026 12:05:04 PM,Order,Order='b0b5e587becf4a8c8ea9ccc86375dec9/Sim101' Name='Stop4' New state='Change submitted' Instrument='MES SEP26' Action='Buy to cover' Limit price=0 Stop price=7574.25 Quantity=1 Type='Stop Market' Time in force=GTC Oco='ee4432f69f9843a1902b5289cd4244fe' Filled=0 Fill price=0 Error='No error' Native error='',
7/16/2026 12:05:04 PM,Order,Order='33fe4638a30e41309ceddd9929cc87bb/Sim101' Name='Stop3' New state='Change submitted' Instrument='MES SEP26' Action='Buy to cover' Limit price=0 Stop price=7574.25 Quantity=1 Type='Stop Market' Time in force=GTC Oco='208a885120424d43a71fcb9885006f6e' Filled=0 Fill price=0 Error='No error' Native error='',
7/16/2026 12:05:04 PM,Order,Auto trail price modification from '7575.00' to '7574.25',
7/16/2026 12:05:04 PM,Order,Auto trail price modification from '7575.00' to '7574.25',
7/16/2026 12:05:03 PM,Order,Order='6862704e0e8948c08008698a63299d7e/Sim101' Name='Stop2' New state='Cancelled' Instrument='MES SEP26' Action='Buy to cover' Limit price=0 Stop price=7575 Quantity=1 Type='Stop Market' Time in force=GTC Oco='754c4db80eba42d0a60000c8011433dd' Filled=0 Fill price=0 Error='No error' Native error='',
7/16/2026 12:05:03 PM,Position,Instrument='MES SEP26' Account='Sim101' Average price=7575.25 Quantity=2 Market position=Short Operation=Update,
7/16/2026 12:05:03 PM,Order,Order='6862704e0e8948c08008698a63299d7e/Sim101' Name='Stop2' New state='Cancel submitted' Instrument='MES SEP26' Action='Buy to cover' Limit price=0 Stop price=7575 Quantity=1 Type='Stop Market' Time in force=GTC Oco='754c4db80eba42d0a60000c8011433dd' Filled=0 Fill price=0 Error='No error' Native error='',
7/16/2026 12:05:03 PM,Execution,Execution='04829c983fcf4031861f633d4b4d4b82' Instrument='MES SEP26' Account='Sim101' Exchange=Default Price=7573.25 Quantity=1 Market position=Long Operation=Operation_Add Order='a3567f2ce57944cc850540284c374e94' Time='7/16/2026 12:05 PM',
7/16/2026 12:05:03 PM,Order,Order='a3567f2ce57944cc850540284c374e94/Sim101' Name='Target2' New state='Filled' Instrument='MES SEP26' Action='Buy to cover' Limit price=7573.25 Stop price=0 Quantity=1 Type='Limit' Time in force=GTC Oco='754c4db80eba42d0a60000c8011433dd' Filled=1 Fill price=7573.25 Error='No error' Native error='',
7/16/2026 12:04:50 PM,Order,Order='b0b5e587becf4a8c8ea9ccc86375dec9/Sim101' Name='Stop4' New state='Accepted' Instrument='MES SEP26' Action='Buy to cover' Limit price=0 Stop price=7575 Quantity=1 Type='Stop Market' Time in force=GTC Oco='ee4432f69f9843a1902b5289cd4244fe' Filled=0 Fill price=0 Error='No error' Native error='',
7/16/2026 12:04:50 PM,Order,Order='33fe4638a30e41309ceddd9929cc87bb/Sim101' Name='Stop3' New state='Accepted' Instrument='MES SEP26' Action='Buy to cover' Limit price=0 Stop price=7575 Quantity=1 Type='Stop Market' Time in force=GTC Oco='208a885120424d43a71fcb9885006f6e' Filled=0 Fill price=0 Error='No error' Native error='',
7/16/2026 12:04:50 PM,Order,Order='6862704e0e8948c08008698a63299d7e/Sim101' Name='Stop2' New state='Accepted' Instrument='MES SEP26' Action='Buy to cover' Limit price=0 Stop price=7575 Quantity=1 Type='Stop Market' Time in force=GTC Oco='754c4db80eba42d0a60000c8011433dd' Filled=0 Fill price=0 Error='No error' Native error='',
7/16/2026 12:04:50 PM,Order,Order='b0b5e587becf4a8c8ea9ccc86375dec9/Sim101' Name='Stop4' New state='Change submitted' Instrument='MES SEP26' Action='Buy to cover' Limit price=0 Stop price=7575 Quantity=1 Type='Stop Market' Time in force=GTC Oco='ee4432f69f9843a1902b5289cd4244fe' Filled=0 Fill price=0 Error='No error' Native error='',
7/16/2026 12:04:50 PM,Order,Order='33fe4638a30e41309ceddd9929cc87bb/Sim101' Name='Stop3' New state='Change submitted' Instrument='MES SEP26' Action='Buy to cover' Limit price=0 Stop price=7575 Quantity=1 Type='Stop Market' Time in force=GTC Oco='208a885120424d43a71fcb9885006f6e' Filled=0 Fill price=0 Error='No error' Native error='',
7/16/2026 12:04:50 PM,Order,Auto breakeven price modification from '7579.25' to '7575.00',
7/16/2026 12:04:50 PM,Order,Auto breakeven price modification from '7579.25' to '7575.00',
7/16/2026 12:04:50 PM,Order,Order='6862704e0e8948c08008698a63299d7e/Sim101' Name='Stop2' New state='Change submitted' Instrument='MES SEP26' Action='Buy to cover' Limit price=0 Stop price=7575 Quantity=1 Type='Stop Market' Time in force=GTC Oco='754c4db80eba42d0a60000c8011433dd' Filled=0 Fill price=0 Error='No error' Native error='',
7/16/2026 12:04:50 PM,Order,Auto breakeven price modification from '7579.25' to '7575.00',
7/16/2026 12:04:44 PM,Order,Order='e02a8d0efe0b49d2b23ffd13ebe54113/Sim101' Name='Stop1' New state='Cancelled' Instrument='MES SEP26' Action='Buy to cover' Limit price=0 Stop price=7579.25 Quantity=5 Type='Stop Market' Time in force=GTC Oco='d00be984f32c4245aa14e38ca8d16bac' Filled=0 Fill price=0 Error='No error' Native error='',
7/16/2026 12:04:43 PM,Position,Instrument='MES SEP26' Account='Sim101' Average price=7575.25 Quantity=3 Market position=Short Operation=Update,
7/16/2026 12:04:43 PM,Order,Order='e02a8d0efe0b49d2b23ffd13ebe54113/Sim101' Name='Stop1' New state='Cancel submitted' Instrument='MES SEP26' Action='Buy to cover' Limit price=0 Stop price=7579.25 Quantity=5 Type='Stop Market' Time in force=GTC Oco='d00be984f32c4245aa14e38ca8d16bac' Filled=0 Fill price=0 Error='No error' Native error='',
7/16/2026 12:04:43 PM,Execution,Execution='5a11070eeb8446f5a775a9d20b04f4b4' Instrument='MES SEP26' Account='Sim101' Exchange=Default Price=7574.25 Quantity=5 Market position=Long Operation=Operation_Add Order='2acf2a4ce85e4c4a8278fccc82d9dd3a' Time='7/16/2026 12:04 PM',
7/16/2026 12:04:43 PM,Order,Order='2acf2a4ce85e4c4a8278fccc82d9dd3a/Sim101' Name='Target1' New state='Filled' Instrument='MES SEP26' Action='Buy to cover' Limit price=7574.25 Stop price=0 Quantity=9 Type='Limit' Time in force=GTC Oco='d00be984f32c4245aa14e38ca8d16bac' Filled=9 Fill price=7574.25 Error='No error' Native error='',
7/16/2026 12:04:43 PM,Position,Instrument='MES SEP26' Account='Sim101' Average price=7575.25 Quantity=8 Market position=Short Operation=Update,
7/16/2026 12:04:43 PM,Order,Order='e02a8d0efe0b49d2b23ffd13ebe54113/Sim101' Name='Stop1' New state='Accepted' Instrument='MES SEP26' Action='Buy to cover' Limit price=0 Stop price=7579.25 Quantity=5 Type='Stop Market' Time in force=GTC Oco='d00be984f32c4245aa14e38ca8d16bac' Filled=0 Fill price=0 Error='No error' Native error='',
7/16/2026 12:04:43 PM,Execution,Execution='808cb1fc7e644618b569bdb35c61b5d6' Instrument='MES SEP26' Account='Sim101' Exchange=Default Price=7574.25 Quantity=1 Market position=Long Operation=Operation_Add Order='2acf2a4ce85e4c4a8278fccc82d9dd3a' Time='7/16/2026 12:04 PM',
7/16/2026 12:04:43 PM,Position,Instrument='MES SEP26' Account='Sim101' Average price=7575.25 Quantity=9 Market position=Short Operation=Update,
7/16/2026 12:04:43 PM,Order,Order='2acf2a4ce85e4c4a8278fccc82d9dd3a/Sim101' Name='Target1' New state='Partially filled' Instrument='MES SEP26' Action='Buy to cover' Limit price=7574.25 Stop price=0 Quantity=9 Type='Limit' Time in force=GTC Oco='d00be984f32c4245aa14e38ca8d16bac' Filled=4 Fill price=7574.25 Error='No error' Native error='',
7/16/2026 12:04:43 PM,Order,Order='2acf2a4ce85e4c4a8278fccc82d9dd3a/Sim101' Name='Target1' New state='Partially filled' Instrument='MES SEP26' Action='Buy to cover' Limit price=7574.25 Stop price=0 Quantity=9 Type='Limit' Time in force=GTC Oco='d00be984f32c4245aa14e38ca8d16bac' Filled=3 Fill price=7574.25 Error='No error' Native error='',
7/16/2026 12:04:43 PM,Execution,Execution='23e588ff1417424a8f0146015fb55b64' Instrument='MES SEP26' Account='Sim101' Exchange=Default Price=7574.25 Quantity=1 Market position=Long Operation=Operation_Add Order='2acf2a4ce85e4c4a8278fccc82d9dd3a' Time='7/16/2026 12:04 PM',
7/16/2026 12:04:43 PM,Position,Instrument='MES SEP26' Account='Sim101' Average price=7575.25 Quantity=10 Market position=Short Operation=Update,
7/16/2026 12:04:43 PM,Execution,Execution='3f9d17dcb14f4b4ab6cb56f6bc40b4b6' Instrument='MES SEP26' Account='Sim101' Exchange=Default Price=7574.25 Quantity=1 Market position=Long Operation=Operation_Add Order='2acf2a4ce85e4c4a8278fccc82d9dd3a' Time='7/16/2026 12:04 PM',
7/16/2026 12:04:43 PM,Order,Order='2acf2a4ce85e4c4a8278fccc82d9dd3a/Sim101' Name='Target1' New state='Partially filled' Instrument='MES SEP26' Action='Buy to cover' Limit price=7574.25 Stop price=0 Quantity=9 Type='Limit' Time in force=GTC Oco='d00be984f32c4245aa14e38ca8d16bac' Filled=2 Fill price=7574.25 Error='No error' Native error='',
7/16/2026 12:04:43 PM,Position,Instrument='MES SEP26' Account='Sim101' Average price=7575.25 Quantity=11 Market position=Short Operation=Update,
7/16/2026 12:04:43 PM,Execution,Execution='711de91d6f904411b0c0c07a42fc25ef' Instrument='MES SEP26' Account='Sim101' Exchange=Default Price=7574.25 Quantity=1 Market position=Long Operation=Operation_Add Order='2acf2a4ce85e4c4a8278fccc82d9dd3a' Time='7/16/2026 12:04 PM',
7/16/2026 12:04:43 PM,Order,Order='e02a8d0efe0b49d2b23ffd13ebe54113/Sim101' Name='Stop1' New state='Change submitted' Instrument='MES SEP26' Action='Buy to cover' Limit price=0 Stop price=7579.25 Quantity=8 Type='Stop Market' Time in force=GTC Oco='d00be984f32c4245aa14e38ca8d16bac' Filled=0 Fill price=0 Error='No error' Native error='',
7/16/2026 12:04:43 PM,Order,Order='2acf2a4ce85e4c4a8278fccc82d9dd3a/Sim101' Name='Target1' New state='Partially filled' Instrument='MES SEP26' Action='Buy to cover' Limit price=7574.25 Stop price=0 Quantity=9 Type='Limit' Time in force=GTC Oco='d00be984f32c4245aa14e38ca8d16bac' Filled=1 Fill price=7574.25 Error='No error' Native error='',
7/16/2026 12:03:59 PM,Order,Order='ba99e8c6b92049d697a588e2f837ad80/Sim101' Name='Target4' New state='Accepted' Instrument='MES SEP26' Action='Buy to cover' Limit price=7571.25 Stop price=0 Quantity=1 Type='Limit' Time in force=GTC Oco='ee4432f69f9843a1902b5289cd4244fe' Filled=0 Fill price=0 Error='No error' Native error='',
7/16/2026 12:03:59 PM,Order,Order='ba99e8c6b92049d697a588e2f837ad80/Sim101' Name='Target4' New state='Working' Instrument='MES SEP26' Action='Buy to cover' Limit price=7571.25 Stop price=0 Quantity=1 Type='Limit' Time in force=GTC Oco='ee4432f69f9843a1902b5289cd4244fe' Filled=0 Fill price=0 Error='No error' Native error='',
7/16/2026 12:03:59 PM,Order,Order='b0b5e587becf4a8c8ea9ccc86375dec9/Sim101' Name='Stop4' New state='Accepted' Instrument='MES SEP26' Action='Buy to cover' Limit price=0 Stop price=7579.25 Quantity=1 Type='Stop Market' Time in force=GTC Oco='ee4432f69f9843a1902b5289cd4244fe' Filled=0 Fill price=0 Error='No error' Native error='',
7/16/2026 12:03:59 PM,Order,Order='33fe4638a30e41309ceddd9929cc87bb/Sim101' Name='Stop3' New state='Accepted' Instrument='MES SEP26' Action='Buy to cover' Limit price=0 Stop price=7579.25 Quantity=1 Type='Stop Market' Time in force=GTC Oco='208a885120424d43a71fcb9885006f6e' Filled=0 Fill price=0 Error='No error' Native error='',
7/16/2026 12:03:59 PM,Order,Order='a1588efd1ff3495f9200fc5673c98b26/Sim101' Name='Target3' New state='Accepted' Instrument='MES SEP26' Action='Buy to cover' Limit price=7572.25 Stop price=0 Quantity=1 Type='Limit' Time in force=GTC Oco='208a885120424d43a71fcb9885006f6e' Filled=0 Fill price=0 Error='No error' Native error='',
7/16/2026 12:03:59 PM,Order,Order='a1588efd1ff3495f9200fc5673c98b26/Sim101' Name='Target3' New state='Working' Instrument='MES SEP26' Action='Buy to cover' Limit price=7572.25 Stop price=0 Quantity=1 Type='Limit' Time in force=GTC Oco='208a885120424d43a71fcb9885006f6e' Filled=0 Fill price=0 Error='No error' Native error='',
7/16/2026 12:03:59 PM,Order,Order='a3567f2ce57944cc850540284c374e94/Sim101' Name='Target2' New state='Working' Instrument='MES SEP26' Action='Buy to cover' Limit price=7573.25 Stop price=0 Quantity=1 Type='Limit' Time in force=GTC Oco='754c4db80eba42d0a60000c8011433dd' Filled=0 Fill price=0 Error='No error' Native error='',
7/16/2026 12:03:59 PM,Order,Order='6862704e0e8948c08008698a63299d7e/Sim101' Name='Stop2' New state='Accepted' Instrument='MES SEP26' Action='Buy to cover' Limit price=0 Stop price=7579.25 Quantity=1 Type='Stop Market' Time in force=GTC Oco='754c4db80eba42d0a60000c8011433dd' Filled=0 Fill price=0 Error='No error' Native error='',
7/16/2026 12:03:59 PM,Order,Order='a3567f2ce57944cc850540284c374e94/Sim101' Name='Target2' New state='Accepted' Instrument='MES SEP26' Action='Buy to cover' Limit price=7573.25 Stop price=0 Quantity=1 Type='Limit' Time in force=GTC Oco='754c4db80eba42d0a60000c8011433dd' Filled=0 Fill price=0 Error='No error' Native error='',
7/16/2026 12:03:59 PM,Order,Order='2acf2a4ce85e4c4a8278fccc82d9dd3a/Sim101' Name='Target1' New state='Working' Instrument='MES SEP26' Action='Buy to cover' Limit price=7574.25 Stop price=0 Quantity=9 Type='Limit' Time in force=GTC Oco='d00be984f32c4245aa14e38ca8d16bac' Filled=0 Fill price=0 Error='No error' Native error='',
7/16/2026 12:03:59 PM,Order,Order='2acf2a4ce85e4c4a8278fccc82d9dd3a/Sim101' Name='Target1' New state='Accepted' Instrument='MES SEP26' Action='Buy to cover' Limit price=7574.25 Stop price=0 Quantity=9 Type='Limit' Time in force=GTC Oco='d00be984f32c4245aa14e38ca8d16bac' Filled=0 Fill price=0 Error='No error' Native error='',
7/16/2026 12:03:59 PM,Order,Order='e02a8d0efe0b49d2b23ffd13ebe54113/Sim101' Name='Stop1' New state='Accepted' Instrument='MES SEP26' Action='Buy to cover' Limit price=0 Stop price=7579.25 Quantity=9 Type='Stop Market' Time in force=GTC Oco='d00be984f32c4245aa14e38ca8d16bac' Filled=0 Fill price=0 Error='No error' Native error='',
7/16/2026 12:03:59 PM,Order,Order='ba99e8c6b92049d697a588e2f837ad80/Sim101' Name='Target4' New state='Submitted' Instrument='MES SEP26' Action='Buy to cover' Limit price=7571.25 Stop price=0 Quantity=1 Type='Limit' Time in force=GTC Oco='ee4432f69f9843a1902b5289cd4244fe' Filled=0 Fill price=0 Error='No error' Native error='',
7/16/2026 12:03:59 PM,Order,Order='b0b5e587becf4a8c8ea9ccc86375dec9/Sim101' Name='Stop4' New state='Submitted' Instrument='MES SEP26' Action='Buy to cover' Limit price=0 Stop price=7579.25 Quantity=1 Type='Stop Market' Time in force=GTC Oco='ee4432f69f9843a1902b5289cd4244fe' Filled=0 Fill price=0 Error='No error' Native error='',
7/16/2026 12:03:59 PM,Order,Order='a1588efd1ff3495f9200fc5673c98b26/Sim101' Name='Target3' New state='Submitted' Instrument='MES SEP26' Action='Buy to cover' Limit price=7572.25 Stop price=0 Quantity=1 Type='Limit' Time in force=GTC Oco='208a885120424d43a71fcb9885006f6e' Filled=0 Fill price=0 Error='No error' Native error='',
7/16/2026 12:03:59 PM,Order,Order='33fe4638a30e41309ceddd9929cc87bb/Sim101' Name='Stop3' New state='Submitted' Instrument='MES SEP26' Action='Buy to cover' Limit price=0 Stop price=7579.25 Quantity=1 Type='Stop Market' Time in force=GTC Oco='208a885120424d43a71fcb9885006f6e' Filled=0 Fill price=0 Error='No error' Native error='',
7/16/2026 12:03:59 PM,Order,Order='a3567f2ce57944cc850540284c374e94/Sim101' Name='Target2' New state='Submitted' Instrument='MES SEP26' Action='Buy to cover' Limit price=7573.25 Stop price=0 Quantity=1 Type='Limit' Time in force=GTC Oco='754c4db80eba42d0a60000c8011433dd' Filled=0 Fill price=0 Error='No error' Native error='',
7/16/2026 12:03:59 PM,Order,Order='6862704e0e8948c08008698a63299d7e/Sim101' Name='Stop2' New state='Submitted' Instrument='MES SEP26' Action='Buy to cover' Limit price=0 Stop price=7579.25 Quantity=1 Type='Stop Market' Time in force=GTC Oco='754c4db80eba42d0a60000c8011433dd' Filled=0 Fill price=0 Error='No error' Native error='',
7/16/2026 12:03:59 PM,Order,Order='2acf2a4ce85e4c4a8278fccc82d9dd3a/Sim101' Name='Target1' New state='Submitted' Instrument='MES SEP26' Action='Buy to cover' Limit price=7574.25 Stop price=0 Quantity=9 Type='Limit' Time in force=GTC Oco='d00be984f32c4245aa14e38ca8d16bac' Filled=0 Fill price=0 Error='No error' Native error='',
7/16/2026 12:03:59 PM,Order,Order='e02a8d0efe0b49d2b23ffd13ebe54113/Sim101' Name='Stop1' New state='Submitted' Instrument='MES SEP26' Action='Buy to cover' Limit price=0 Stop price=7579.25 Quantity=9 Type='Stop Market' Time in force=GTC Oco='d00be984f32c4245aa14e38ca8d16bac' Filled=0 Fill price=0 Error='No error' Native error='',
7/16/2026 12:03:59 PM,Execution,Execution='44d415670e0049c287836fe3497f9ef3' Instrument='MES SEP26' Account='Sim101' Exchange=Default Price=7575.25 Quantity=12 Market position=Short Operation=Operation_Add Order='2d3bfb812648476f976c3fe8db9f86b9' Time='7/16/2026 12:03 PM',
7/16/2026 12:03:59 PM,Position,Instrument='MES SEP26' Account='Sim101' Average price=7575.25 Quantity=12 Market position=Short Operation=Operation_Add,
7/16/2026 12:03:59 PM,Order,Order='2d3bfb812648476f976c3fe8db9f86b9/Sim101' Name='Entry' New state='Filled' Instrument='MES SEP26' Action='Sell' Limit price=0 Stop price=0 Quantity=12 Type='Market' Time in force=GTC Oco='' Filled=12 Fill price=7575.25 Error='No error' Native error='',
7/16/2026 12:03:59 PM,Order,Order='2d3bfb812648476f976c3fe8db9f86b9/Sim101' Name='Entry' New state='Working' Instrument='MES SEP26' Action='Sell' Limit price=0 Stop price=0 Quantity=12 Type='Market' Time in force=GTC Oco='' Filled=0 Fill price=0 Error='No error' Native error='',
7/16/2026 12:03:59 PM,Order,Order='2d3bfb812648476f976c3fe8db9f86b9/Sim101' Name='Entry' New state='Accepted' Instrument='MES SEP26' Action='Sell' Limit price=0 Stop price=0 Quantity=12 Type='Market' Time in force=GTC Oco='' Filled=0 Fill price=0 Error='No error' Native error='',
7/16/2026 12:03:59 PM,Order,Order='2d3bfb812648476f976c3fe8db9f86b9/Sim101' Name='Entry' New state='Submitted' Instrument='MES SEP26' Action='Sell' Limit price=0 Stop price=0 Quantity=12 Type='Market' Time in force=GTC Oco='' Filled=0 Fill price=0 Error='No error' Native error='',
7/16/2026 12:03:59 PM,Order,Chart Trader submitting order with strategy 'MES RMA 4SL 12Q - 2' (Ticks),
7/16/2026 12:03:58 PM,Order,Order='b63c5ca2730e41178e737e74656b5535/Sim102' Name='Target4' New state='Accepted' Instrument='MES SEP26' Action='Sell' Limit price=7579.5 Stop price=0 Quantity=1 Type='Limit' Time in force=GTC Oco='c1af3db98da44ee6a336b96a6379db75' Filled=0 Fill price=0 Error='No error' Native error='',
7/16/2026 12:03:58 PM,Order,Order='b63c5ca2730e41178e737e74656b5535/Sim102' Name='Target4' New state='Working' Instrument='MES SEP26' Action='Sell' Limit price=7579.5 Stop price=0 Quantity=1 Type='Limit' Time in force=GTC Oco='c1af3db98da44ee6a336b96a6379db75' Filled=0 Fill price=0 Error='No error' Native error='',
7/16/2026 12:03:58 PM,Order,Order='0ffd729ba6af451f831d98e18053c1dd/Sim102' Name='Target3' New state='Working' Instrument='MES SEP26' Action='Sell' Limit price=7578.5 Stop price=0 Quantity=1 Type='Limit' Time in force=GTC Oco='1a33d3741a314da99d0b2db3652f3ff9' Filled=0 Fill price=0 Error='No error' Native error='',
7/16/2026 12:03:58 PM,Order,Order='902dbd37d22d425982faa10ec523a139/Sim102' Name='Stop3' New state='Accepted' Instrument='MES SEP26' Action='Sell' Limit price=0 Stop price=7571.5 Quantity=1 Type='Stop Market' Time in force=GTC Oco='1a33d3741a314da99d0b2db3652f3ff9' Filled=0 Fill price=0 Error='No error' Native error='',
7/16/2026 12:03:58 PM,Order,Order='98ba8558b2ed41a1be48110e09caf19d/Sim102' Name='Stop4' New state='Accepted' Instrument='MES SEP26' Action='Sell' Limit price=0 Stop price=7571.5 Quantity=1 Type='Stop Market' Time in force=GTC Oco='c1af3db98da44ee6a336b96a6379db75' Filled=0 Fill price=0 Error='No error' Native error='',
7/16/2026 12:03:58 PM,Order,Order='0ffd729ba6af451f831d98e18053c1dd/Sim102' Name='Target3' New state='Accepted' Instrument='MES SEP26' Action='Sell' Limit price=7578.5 Stop price=0 Quantity=1 Type='Limit' Time in force=GTC Oco='1a33d3741a314da99d0b2db3652f3ff9' Filled=0 Fill price=0 Error='No error' Native error='',
7/16/2026 12:03:58 PM,Order,Order='26ca943c6e254daab49cb7d3077aff9c/Sim102' Name='Target2' New state='Accepted' Instrument='MES SEP26' Action='Sell' Limit price=7577.5 Stop price=0 Quantity=1 Type='Limit' Time in force=GTC Oco='cd5a01c6f68b45bbb24b407c1220c64f' Filled=0 Fill price=0 Error='No error' Native error='',
7/16/2026 12:03:58 PM,Order,Order='26ca943c6e254daab49cb7d3077aff9c/Sim102' Name='Target2' New state='Working' Instrument='MES SEP26' Action='Sell' Limit price=7577.5 Stop price=0 Quantity=1 Type='Limit' Time in force=GTC Oco='cd5a01c6f68b45bbb24b407c1220c64f' Filled=0 Fill price=0 Error='No error' Native error='',
7/16/2026 12:03:58 PM,Order,Order='5572c810c2c94888b414fe45e5ab2ebd/Sim102' Name='Target1' New state='Working' Instrument='MES SEP26' Action='Sell' Limit price=7576.5 Stop price=0 Quantity=9 Type='Limit' Time in force=GTC Oco='f305706f9381441983ef04787db692fd' Filled=0 Fill price=0 Error='No error' Native error='',
7/16/2026 12:03:58 PM,Order,Order='6190486651964cc6a66c330e7c45925d/Sim102' Name='Stop2' New state='Accepted' Instrument='MES SEP26' Action='Sell' Limit price=0 Stop price=7571.5 Quantity=1 Type='Stop Market' Time in force=GTC Oco='cd5a01c6f68b45bbb24b407c1220c64f' Filled=0 Fill price=0 Error='No error' Native error='',
7/16/2026 12:03:58 PM,Order,Order='5572c810c2c94888b414fe45e5ab2ebd/Sim102' Name='Target1' New state='Accepted' Instrument='MES SEP26' Action='Sell' Limit price=7576.5 Stop price=0 Quantity=9 Type='Limit' Time in force=GTC Oco='f305706f9381441983ef04787db692fd' Filled=0 Fill price=0 Error='No error' Native error='',
7/16/2026 12:03:58 PM,Order,Order='91cea228948040bcbbf63c81ab67570f/Sim102' Name='Stop1' New state='Accepted' Instrument='MES SEP26' Action='Sell' Limit price=0 Stop price=7571.5 Quantity=9 Type='Stop Market' Time in force=GTC Oco='f305706f9381441983ef04787db692fd' Filled=0 Fill price=0 Error='No error' Native error='',
7/16/2026 12:03:58 PM,Order,Order='b63c5ca2730e41178e737e74656b5535/Sim102' Name='Target4' New state='Submitted' Instrument='MES SEP26' Action='Sell' Limit price=7579.5 Stop price=0 Quantity=1 Type='Limit' Time in force=GTC Oco='c1af3db98da44ee6a336b96a6379db75' Filled=0 Fill price=0 Error='No error' Native error='',
7/16/2026 12:03:58 PM,Order,Order='98ba8558b2ed41a1be48110e09caf19d/Sim102' Name='Stop4' New state='Submitted' Instrument='MES SEP26' Action='Sell' Limit price=0 Stop price=7571.5 Quantity=1 Type='Stop Market' Time in force=GTC Oco='c1af3db98da44ee6a336b96a6379db75' Filled=0 Fill price=0 Error='No error' Native error='',
7/16/2026 12:03:58 PM,Order,Order='0ffd729ba6af451f831d98e18053c1dd/Sim102' Name='Target3' New state='Submitted' Instrument='MES SEP26' Action='Sell' Limit price=7578.5 Stop price=0 Quantity=1 Type='Limit' Time in force=GTC Oco='1a33d3741a314da99d0b2db3652f3ff9' Filled=0 Fill price=0 Error='No error' Native error='',
7/16/2026 12:03:58 PM,Order,Order='902dbd37d22d425982faa10ec523a139/Sim102' Name='Stop3' New state='Submitted' Instrument='MES SEP26' Action='Sell' Limit price=0 Stop price=7571.5 Quantity=1 Type='Stop Market' Time in force=GTC Oco='1a33d3741a314da99d0b2db3652f3ff9' Filled=0 Fill price=0 Error='No error' Native error='',
7/16/2026 12:03:58 PM,Order,Order='26ca943c6e254daab49cb7d3077aff9c/Sim102' Name='Target2' New state='Submitted' Instrument='MES SEP26' Action='Sell' Limit price=7577.5 Stop price=0 Quantity=1 Type='Limit' Time in force=GTC Oco='cd5a01c6f68b45bbb24b407c1220c64f' Filled=0 Fill price=0 Error='No error' Native error='',
7/16/2026 12:03:58 PM,Order,Order='6190486651964cc6a66c330e7c45925d/Sim102' Name='Stop2' New state='Submitted' Instrument='MES SEP26' Action='Sell' Limit price=0 Stop price=7571.5 Quantity=1 Type='Stop Market' Time in force=GTC Oco='cd5a01c6f68b45bbb24b407c1220c64f' Filled=0 Fill price=0 Error='No error' Native error='',
7/16/2026 12:03:58 PM,Order,Order='5572c810c2c94888b414fe45e5ab2ebd/Sim102' Name='Target1' New state='Submitted' Instrument='MES SEP26' Action='Sell' Limit price=7576.5 Stop price=0 Quantity=9 Type='Limit' Time in force=GTC Oco='f305706f9381441983ef04787db692fd' Filled=0 Fill price=0 Error='No error' Native error='',
7/16/2026 12:03:58 PM,Order,Order='91cea228948040bcbbf63c81ab67570f/Sim102' Name='Stop1' New state='Submitted' Instrument='MES SEP26' Action='Sell' Limit price=0 Stop price=7571.5 Quantity=9 Type='Stop Market' Time in force=GTC Oco='f305706f9381441983ef04787db692fd' Filled=0 Fill price=0 Error='No error' Native error='',
7/16/2026 12:03:58 PM,Position,Instrument='MES SEP26' Account='Sim102' Average price=7575.5 Quantity=12 Market position=Long Operation=Operation_Add,
7/16/2026 12:03:58 PM,Execution,Execution='b26686c2a63b4ddaa7aadd78fc0ab53f' Instrument='MES SEP26' Account='Sim102' Exchange=Default Price=7575.5 Quantity=12 Market position=Long Operation=Operation_Add Order='c8049dd3ba5c49eb88ba2f80d07b1ed4' Time='7/16/2026 12:03 PM',
7/16/2026 12:03:58 PM,Order,Order='c8049dd3ba5c49eb88ba2f80d07b1ed4/Sim102' Name='Entry' New state='Filled' Instrument='MES SEP26' Action='Buy' Limit price=0 Stop price=0 Quantity=12 Type='Market' Time in force=GTC Oco='' Filled=12 Fill price=7575.5 Error='No error' Native error='',
7/16/2026 12:03:58 PM,Order,Order='c8049dd3ba5c49eb88ba2f80d07b1ed4/Sim102' Name='Entry' New state='Working' Instrument='MES SEP26' Action='Buy' Limit price=0 Stop price=0 Quantity=12 Type='Market' Time in force=GTC Oco='' Filled=0 Fill price=0 Error='No error' Native error='',
7/16/2026 12:03:58 PM,Order,Order='c8049dd3ba5c49eb88ba2f80d07b1ed4/Sim102' Name='Entry' New state='Accepted' Instrument='MES SEP26' Action='Buy' Limit price=0 Stop price=0 Quantity=12 Type='Market' Time in force=GTC Oco='' Filled=0 Fill price=0 Error='No error' Native error='',
7/16/2026 12:03:58 PM,Order,Order='c8049dd3ba5c49eb88ba2f80d07b1ed4/Sim102' Name='Entry' New state='Submitted' Instrument='MES SEP26' Action='Buy' Limit price=0 Stop price=0 Quantity=12 Type='Market' Time in force=GTC Oco='' Filled=0 Fill price=0 Error='No error' Native error='',
7/16/2026 12:03:58 PM,Order,Chart Trader submitting order with strategy 'MES RMA 4SL 12Q - 1' (Ticks),
7/16/2026 12:03:35 PM,Connection,Using HDS (hds-us-nt-014.ninjatrader.com/31655),
7/16/2026 12:03:35 PM,Connection,Time to auto close position='12:00:00 AM' Enabled=False,
7/16/2026 12:03:35 PM,Connection,My Rithmic for NinjaTrader Brokerage: Primary connection=Connected Price feed=Connected,
7/16/2026 12:03:20 PM,Default,Restoring workspace 'Testing'...,
7/16/2026 12:03:19 PM,Default,Auto close enabled=False,
7/16/2026 12:03:19 PM,Order,Order entry hot keys disabled,
7/16/2026 12:03:19 PM,Connection,My Rithmic for NinjaTrader Brokerage: Primary connection=Connecting Price feed=Connecting,
7/16/2026 12:03:19 PM,Default,Auto connecting 'My Rithmic for NinjaTrader Brokerage'...,
7/16/2026 12:03:18 PM,Default,Automated trading disabled,
7/16/2026 12:03:18 PM,Connection,Using IS (is-us-nt-006.ninjatrader.com/31658),
7/16/2026 12:03:16 PM,Default,Global simulation mode disabled,
7/16/2026 12:02:48 PM,Default,Session Break (Version 8.1.7.2),
7/16/2026 12:02:40 PM,Connection,My Rithmic for NinjaTrader Brokerage: Primary connection=Disconnected Price feed=Disconnected,
7/16/2026 12:02:40 PM,Connection,My Rithmic for NinjaTrader Brokerage: Primary connection=Disconnecting Price feed=Disconnecting,
7/16/2026 12:02:39 PM,Default,Workspace Testing saved,
7/16/2026 12:00:10 PM,Position,Instrument='MES SEP26' Account='Sim101' Average price=0 Quantity=0 Market position=Flat Operation=Remove,
7/16/2026 12:00:10 PM,Order,Order='0b717fc132f74ecb9b7f2f77f5554908/Sim101' Name='Close' New state='Filled' Instrument='MES SEP26' Action='Sell' Limit price=0 Stop price=0 Quantity=12 Type='Market' Time in force=DAY Oco='' Filled=12 Fill price=7571.645833333333 Error='No error' Native error='',
7/16/2026 12:00:10 PM,Execution,Execution='a8b95ecc9c2f4f23b9b1eff1102c7236' Instrument='MES SEP26' Account='Sim101' Exchange=Default Price=7571.5 Quantity=5 Market position=Short Operation=Operation_Add Order='0b717fc132f74ecb9b7f2f77f5554908' Time='7/16/2026 12:00 PM',
7/16/2026 12:00:10 PM,Position,Instrument='MES SEP26' Account='Sim101' Average price=7572.75 Quantity=5 Market position=Long Operation=Update,
7/16/2026 12:00:10 PM,Order,Order='0b717fc132f74ecb9b7f2f77f5554908/Sim101' Name='Close' New state='Partially filled' Instrument='MES SEP26' Action='Sell' Limit price=0 Stop price=0 Quantity=12 Type='Market' Time in force=DAY Oco='' Filled=7 Fill price=7571.75 Error='No error' Native error='',
7/16/2026 12:00:10 PM,Execution,Execution='c7b220458bd945aa94f16c1e13833ceb' Instrument='MES SEP26' Account='Sim101' Exchange=Default Price=7571.75 Quantity=7 Market position=Short Operation=Operation_Add Order='0b717fc132f74ecb9b7f2f77f5554908' Time='7/16/2026 12:00 PM',
7/16/2026 12:00:10 PM,Order,Order='0b717fc132f74ecb9b7f2f77f5554908/Sim101' Name='Close' New state='Accepted' Instrument='MES SEP26' Action='Sell' Limit price=0 Stop price=0 Quantity=12 Type='Market' Time in force=DAY Oco='' Filled=0 Fill price=0 Error='No error' Native error='',
7/16/2026 12:00:10 PM,Order,Order='0b717fc132f74ecb9b7f2f77f5554908/Sim101' Name='Close' New state='Working' Instrument='MES SEP26' Action='Sell' Limit price=0 Stop price=0 Quantity=12 Type='Market' Time in force=DAY Oco='' Filled=0 Fill price=0 Error='No error' Native error='',
7/16/2026 12:00:10 PM,Order,Order='0b717fc132f74ecb9b7f2f77f5554908/Sim101' Name='Close' New state='Submitted' Instrument='MES SEP26' Action='Sell' Limit price=0 Stop price=0 Quantity=12 Type='Market' Time in force=DAY Oco='' Filled=0 Fill price=0 Error='No error' Native error='',
7/16/2026 12:00:10 PM,Order,Order='73b4ed27362d4949a4aabc41bab3cc2f/Sim101' Name='Target4' New state='Cancelled' Instrument='MES SEP26' Action='Sell' Limit price=7576.75 Stop price=0 Quantity=1 Type='Limit' Time in force=GTC Oco='8c79d1cb3718427cb732062ac427edda' Filled=0 Fill price=0 Error='No error' Native error='',
7/16/2026 12:00:10 PM,Order,Order='cb8a845162b04c61a7a1bbbfd12cd2de/Sim101' Name='Stop4' New state='Cancelled' Instrument='MES SEP26' Action='Sell' Limit price=0 Stop price=7568.75 Quantity=1 Type='Stop Market' Time in force=GTC Oco='8c79d1cb3718427cb732062ac427edda' Filled=0 Fill price=0 Error='No error' Native error='',
7/16/2026 12:00:10 PM,Order,Order='bea96edba0904abaa10deb28e2c64de4/Sim101' Name='Stop3' New state='Cancelled' Instrument='MES SEP26' Action='Sell' Limit price=0 Stop price=7568.75 Quantity=1 Type='Stop Market' Time in force=GTC Oco='19b933702bc749a6843b504ed7d39443' Filled=0 Fill price=0 Error='No error' Native error='',
7/16/2026 12:00:10 PM,Order,Order='b3ff9373eebe4128a33cddb6b06e2927/Sim101' Name='Target3' New state='Cancelled' Instrument='MES SEP26' Action='Sell' Limit price=7575.75 Stop price=0 Quantity=1 Type='Limit' Time in force=GTC Oco='19b933702bc749a6843b504ed7d39443' Filled=0 Fill price=0 Error='No error' Native error='',
7/16/2026 12:00:10 PM,Order,Order='d24f5364caf74ff49d33d6d2e3b08515/Sim101' Name='Target1' New state='Cancelled' Instrument='MES SEP26' Action='Sell' Limit price=7573.75 Stop price=0 Quantity=9 Type='Limit' Time in force=GTC Oco='9d14216cf7cc4954a0f2f59647f619a7' Filled=0 Fill price=0 Error='No error' Native error='',
7/16/2026 12:00:10 PM,Order,Order='689316a7be634490a218b51703ae89fe/Sim101' Name='Stop2' New state='Cancelled' Instrument='MES SEP26' Action='Sell' Limit price=0 Stop price=7568.75 Quantity=1 Type='Stop Market' Time in force=GTC Oco='ca0a40d2a239470583752b61a71c4c7b' Filled=0 Fill price=0 Error='No error' Native error='',
7/16/2026 12:00:10 PM,Order,Order='d628c56301f54ebf8e637f26e77ce870/Sim101' Name='Target2' New state='Cancelled' Instrument='MES SEP26' Action='Sell' Limit price=7574.75 Stop price=0 Quantity=1 Type='Limit' Time in force=GTC Oco='ca0a40d2a239470583752b61a71c4c7b' Filled=0 Fill price=0 Error='No error' Native error='',
7/16/2026 12:00:10 PM,Order,Order='a6ae863560bc4ce5ab54721947ae2310/Sim101' Name='Stop1' New state='Cancelled' Instrument='MES SEP26' Action='Sell' Limit price=0 Stop price=7568.75 Quantity=9 Type='Stop Market' Time in force=GTC Oco='9d14216cf7cc4954a0f2f59647f619a7' Filled=0 Fill price=0 Error='No error' Native error='',
7/16/2026 12:00:10 PM,Order,Order='cb8a845162b04c61a7a1bbbfd12cd2de/Sim101' Name='Stop4' New state='Cancel submitted' Instrument='MES SEP26' Action='Sell' Limit price=0 Stop price=7568.75 Quantity=1 Type='Stop Market' Time in force=GTC Oco='8c79d1cb3718427cb732062ac427edda' Filled=0 Fill price=0 Error='No error' Native error='',
7/16/2026 12:00:10 PM,Order,Order='bea96edba0904abaa10deb28e2c64de4/Sim101' Name='Stop3' New state='Cancel submitted' Instrument='MES SEP26' Action='Sell' Limit price=0 Stop price=7568.75 Quantity=1 Type='Stop Market' Time in force=GTC Oco='19b933702bc749a6843b504ed7d39443' Filled=0 Fill price=0 Error='No error' Native error='',
7/16/2026 12:00:10 PM,Order,Order='689316a7be634490a218b51703ae89fe/Sim101' Name='Stop2' New state='Cancel submitted' Instrument='MES SEP26' Action='Sell' Limit price=0 Stop price=7568.75 Quantity=1 Type='Stop Market' Time in force=GTC Oco='ca0a40d2a239470583752b61a71c4c7b' Filled=0 Fill price=0 Error='No error' Native error='',
7/16/2026 12:00:10 PM,Order,Order='a6ae863560bc4ce5ab54721947ae2310/Sim101' Name='Stop1' New state='Cancel submitted' Instrument='MES SEP26' Action='Sell' Limit price=0 Stop price=7568.75 Quantity=9 Type='Stop Market' Time in force=GTC Oco='9d14216cf7cc4954a0f2f59647f619a7' Filled=0 Fill price=0 Error='No error' Native error='',
7/16/2026 12:00:10 PM,Order,Order='73b4ed27362d4949a4aabc41bab3cc2f/Sim101' Name='Target4' New state='Cancel submitted' Instrument='MES SEP26' Action='Sell' Limit price=7576.75 Stop price=0 Quantity=1 Type='Limit' Time in force=GTC Oco='8c79d1cb3718427cb732062ac427edda' Filled=0 Fill price=0 Error='No error' Native error='',
7/16/2026 12:00:10 PM,Order,Order='b3ff9373eebe4128a33cddb6b06e2927/Sim101' Name='Target3' New state='Cancel submitted' Instrument='MES SEP26' Action='Sell' Limit price=7575.75 Stop price=0 Quantity=1 Type='Limit' Time in force=GTC Oco='19b933702bc749a6843b504ed7d39443' Filled=0 Fill price=0 Error='No error' Native error='',
7/16/2026 12:00:10 PM,Order,Order='d628c56301f54ebf8e637f26e77ce870/Sim101' Name='Target2' New state='Cancel submitted' Instrument='MES SEP26' Action='Sell' Limit price=7574.75 Stop price=0 Quantity=1 Type='Limit' Time in force=GTC Oco='ca0a40d2a239470583752b61a71c4c7b' Filled=0 Fill price=0 Error='No error' Native error='',
7/16/2026 12:00:10 PM,Order,Order='d24f5364caf74ff49d33d6d2e3b08515/Sim101' Name='Target1' New state='Cancel submitted' Instrument='MES SEP26' Action='Sell' Limit price=7573.75 Stop price=0 Quantity=9 Type='Limit' Time in force=GTC Oco='9d14216cf7cc4954a0f2f59647f619a7' Filled=0 Fill price=0 Error='No error' Native error='',
7/16/2026 12:00:10 PM,Default,Chart Trader close position,
7/16/2026 12:00:09 PM,Position,Instrument='MES SEP26' Account='Sim102' Average price=0 Quantity=0 Market position=Flat Operation=Remove,
7/16/2026 12:00:09 PM,Order,Order='00cdda2050504c68a3c8bdddc447190d/Sim102' Name='Close' New state='Filled' Instrument='MES SEP26' Action='Buy to cover' Limit price=0 Stop price=0 Quantity=3 Type='Market' Time in force=DAY Oco='' Filled=3 Fill price=7571.5 Error='No error' Native error='',
7/16/2026 12:00:09 PM,Execution,Execution='b228b7ae58ce44cd9ccf583c56ef1ba3' Instrument='MES SEP26' Account='Sim102' Exchange=Default Price=7571.5 Quantity=3 Market position=Long Operation=Operation_Add Order='00cdda2050504c68a3c8bdddc447190d' Time='7/16/2026 12:00 PM',
7/16/2026 12:00:09 PM,Order,Order='00cdda2050504c68a3c8bdddc447190d/Sim102' Name='Close' New state='Working' Instrument='MES SEP26' Action='Buy to cover' Limit price=0 Stop price=0 Quantity=3 Type='Market' Time in force=DAY Oco='' Filled=0 Fill price=0 Error='No error' Native error='',
