Time,Category,Message,
8/5/2026 10:11:59 PM,Position,Instrument='MES SEP26' Account='Sim101' Average price=0 Quantity=0 Market position=Flat Operation=Remove,
8/5/2026 10:11:59 PM,Execution,Execution='108e76f67f9b49d88f7b0934dcc2fa24' Instrument='MES SEP26' Account='Sim101' Exchange=Default Price=7763.25 Quantity=8 Market position=Short Operation=Operation_Add Order='9342ca48f98c4abc8e8611a2475ea73f' Time='8/5/2026 10:11 PM',
8/5/2026 10:11:59 PM,Order,Order='9342ca48f98c4abc8e8611a2475ea73f/Sim101' Name='Close' New state='Filled' Instrument='MES SEP26' Action='Sell' Limit price=0 Stop price=0 Quantity=8 Type='Market' Time in force=DAY Oco='' Filled=8 Fill price=7763.25 Error='No error' Native error='',
8/5/2026 10:11:59 PM,Order,Order='9342ca48f98c4abc8e8611a2475ea73f/Sim101' Name='Close' New state='Working' Instrument='MES SEP26' Action='Sell' Limit price=0 Stop price=0 Quantity=8 Type='Market' Time in force=DAY Oco='' Filled=0 Fill price=0 Error='No error' Native error='',
8/5/2026 10:11:59 PM,Order,Order='9342ca48f98c4abc8e8611a2475ea73f/Sim101' Name='Close' New state='Accepted' Instrument='MES SEP26' Action='Sell' Limit price=0 Stop price=0 Quantity=8 Type='Market' Time in force=DAY Oco='' Filled=0 Fill price=0 Error='No error' Native error='',
8/5/2026 10:11:59 PM,Order,Order='9342ca48f98c4abc8e8611a2475ea73f/Sim101' Name='Close' New state='Submitted' Instrument='MES SEP26' Action='Sell' Limit price=0 Stop price=0 Quantity=8 Type='Market' Time in force=DAY Oco='' Filled=0 Fill price=0 Error='No error' Native error='',
8/5/2026 10:11:58 PM,Order,Order='3cb981ab504740b7bd472e83922464e1/Sim101' Name='Stop2' New state='Cancelled' Instrument='MES SEP26' Action='Sell' Limit price=0 Stop price=7759 Quantity=4 Type='Stop Market' Time in force=GTC Oco='6c9c353adf994055b03eb3d43af136fd' Filled=0 Fill price=0 Error='No error' Native error='',
8/5/2026 10:11:58 PM,Order,Order='f8a3f58985d843eabcefa8de7f8fb571/Sim101' Name='Stop1' New state='Cancelled' Instrument='MES SEP26' Action='Sell' Limit price=0 Stop price=7759 Quantity=4 Type='Stop Market' Time in force=GTC Oco='912ba1d41b9d45f3b69423e293c50451' Filled=0 Fill price=0 Error='No error' Native error='',
8/5/2026 10:11:58 PM,Order,Order='892baff24c4c4ef9b9de1cfd433cf11e/Sim101' Name='Target2' New state='Cancelled' Instrument='MES SEP26' Action='Sell' Limit price=7766.5 Stop price=0 Quantity=4 Type='Limit' Time in force=GTC Oco='6c9c353adf994055b03eb3d43af136fd' Filled=0 Fill price=0 Error='No error' Native error='',
8/5/2026 10:11:58 PM,Order,Order='9d5aea0d3e7f4f68b77030db1ec12dc4/Sim101' Name='Target1' New state='Cancelled' Instrument='MES SEP26' Action='Sell' Limit price=7766 Stop price=0 Quantity=4 Type='Limit' Time in force=GTC Oco='912ba1d41b9d45f3b69423e293c50451' Filled=0 Fill price=0 Error='No error' Native error='',
8/5/2026 10:11:58 PM,Order,Order='3cb981ab504740b7bd472e83922464e1/Sim101' Name='Stop2' New state='Cancel submitted' Instrument='MES SEP26' Action='Sell' Limit price=0 Stop price=7759 Quantity=4 Type='Stop Market' Time in force=GTC Oco='6c9c353adf994055b03eb3d43af136fd' Filled=0 Fill price=0 Error='No error' Native error='',
8/5/2026 10:11:58 PM,Order,Order='f8a3f58985d843eabcefa8de7f8fb571/Sim101' Name='Stop1' New state='Cancel submitted' Instrument='MES SEP26' Action='Sell' Limit price=0 Stop price=7759 Quantity=4 Type='Stop Market' Time in force=GTC Oco='912ba1d41b9d45f3b69423e293c50451' Filled=0 Fill price=0 Error='No error' Native error='',
8/5/2026 10:11:58 PM,Order,Order='892baff24c4c4ef9b9de1cfd433cf11e/Sim101' Name='Target2' New state='Cancel submitted' Instrument='MES SEP26' Action='Sell' Limit price=7766.5 Stop price=0 Quantity=4 Type='Limit' Time in force=GTC Oco='6c9c353adf994055b03eb3d43af136fd' Filled=0 Fill price=0 Error='No error' Native error='',
8/5/2026 10:11:58 PM,Order,Order='9d5aea0d3e7f4f68b77030db1ec12dc4/Sim101' Name='Target1' New state='Cancel submitted' Instrument='MES SEP26' Action='Sell' Limit price=7766 Stop price=0 Quantity=4 Type='Limit' Time in force=GTC Oco='912ba1d41b9d45f3b69423e293c50451' Filled=0 Fill price=0 Error='No error' Native error='',
8/5/2026 10:11:58 PM,Default,Chart Trader close position,
8/5/2026 10:11:04 PM,Order,Order='892baff24c4c4ef9b9de1cfd433cf11e/Sim101' Name='Target2' New state='Accepted' Instrument='MES SEP26' Action='Sell' Limit price=7766.5 Stop price=0 Quantity=4 Type='Limit' Time in force=GTC Oco='6c9c353adf994055b03eb3d43af136fd' Filled=0 Fill price=0 Error='No error' Native error='',
8/5/2026 10:11:04 PM,Order,Order='892baff24c4c4ef9b9de1cfd433cf11e/Sim101' Name='Target2' New state='Working' Instrument='MES SEP26' Action='Sell' Limit price=7766.5 Stop price=0 Quantity=4 Type='Limit' Time in force=GTC Oco='6c9c353adf994055b03eb3d43af136fd' Filled=0 Fill price=0 Error='No error' Native error='',
8/5/2026 10:11:04 PM,Order,Order='3cb981ab504740b7bd472e83922464e1/Sim101' Name='Stop2' New state='Accepted' Instrument='MES SEP26' Action='Sell' Limit price=0 Stop price=7759 Quantity=4 Type='Stop Market' Time in force=GTC Oco='6c9c353adf994055b03eb3d43af136fd' Filled=0 Fill price=0 Error='No error' Native error='',
8/5/2026 10:11:04 PM,Order,Order='9d5aea0d3e7f4f68b77030db1ec12dc4/Sim101' Name='Target1' New state='Working' Instrument='MES SEP26' Action='Sell' Limit price=7766 Stop price=0 Quantity=4 Type='Limit' Time in force=GTC Oco='912ba1d41b9d45f3b69423e293c50451' Filled=0 Fill price=0 Error='No error' Native error='',
8/5/2026 10:11:04 PM,Order,Order='9d5aea0d3e7f4f68b77030db1ec12dc4/Sim101' Name='Target1' New state='Accepted' Instrument='MES SEP26' Action='Sell' Limit price=7766 Stop price=0 Quantity=4 Type='Limit' Time in force=GTC Oco='912ba1d41b9d45f3b69423e293c50451' Filled=0 Fill price=0 Error='No error' Native error='',
8/5/2026 10:11:04 PM,Order,Order='f8a3f58985d843eabcefa8de7f8fb571/Sim101' Name='Stop1' New state='Accepted' Instrument='MES SEP26' Action='Sell' Limit price=0 Stop price=7759 Quantity=4 Type='Stop Market' Time in force=GTC Oco='912ba1d41b9d45f3b69423e293c50451' Filled=0 Fill price=0 Error='No error' Native error='',
8/5/2026 10:11:04 PM,Order,Order='892baff24c4c4ef9b9de1cfd433cf11e/Sim101' Name='Target2' New state='Submitted' Instrument='MES SEP26' Action='Sell' Limit price=7766.5 Stop price=0 Quantity=4 Type='Limit' Time in force=GTC Oco='6c9c353adf994055b03eb3d43af136fd' Filled=0 Fill price=0 Error='No error' Native error='',
8/5/2026 10:11:04 PM,Order,Order='3cb981ab504740b7bd472e83922464e1/Sim101' Name='Stop2' New state='Submitted' Instrument='MES SEP26' Action='Sell' Limit price=0 Stop price=7759 Quantity=4 Type='Stop Market' Time in force=GTC Oco='6c9c353adf994055b03eb3d43af136fd' Filled=0 Fill price=0 Error='No error' Native error='',
8/5/2026 10:11:04 PM,Order,Order='9d5aea0d3e7f4f68b77030db1ec12dc4/Sim101' Name='Target1' New state='Submitted' Instrument='MES SEP26' Action='Sell' Limit price=7766 Stop price=0 Quantity=4 Type='Limit' Time in force=GTC Oco='912ba1d41b9d45f3b69423e293c50451' Filled=0 Fill price=0 Error='No error' Native error='',
8/5/2026 10:11:04 PM,Order,Order='f8a3f58985d843eabcefa8de7f8fb571/Sim101' Name='Stop1' New state='Submitted' Instrument='MES SEP26' Action='Sell' Limit price=0 Stop price=7759 Quantity=4 Type='Stop Market' Time in force=GTC Oco='912ba1d41b9d45f3b69423e293c50451' Filled=0 Fill price=0 Error='No error' Native error='',
8/5/2026 10:11:04 PM,Position,Instrument='MES SEP26' Account='Sim101' Average price=7764 Quantity=8 Market position=Long Operation=Operation_Add,
8/5/2026 10:11:04 PM,Execution,Execution='d504489cce8d467880dda27fadbfe1c2' Instrument='MES SEP26' Account='Sim101' Exchange=Default Price=7764 Quantity=8 Market position=Long Operation=Operation_Add Order='e36b4d636096400ebe98bc5a0a2489ed' Time='8/5/2026 10:11 PM',
8/5/2026 10:11:04 PM,Order,Order='e36b4d636096400ebe98bc5a0a2489ed/Sim101' Name='Entry' New state='Filled' Instrument='MES SEP26' Action='Buy' Limit price=0 Stop price=0 Quantity=8 Type='Market' Time in force=GTC Oco='' Filled=8 Fill price=7764 Error='No error' Native error='',
8/5/2026 10:11:04 PM,Order,Order='e36b4d636096400ebe98bc5a0a2489ed/Sim101' Name='Entry' New state='Working' Instrument='MES SEP26' Action='Buy' Limit price=0 Stop price=0 Quantity=8 Type='Market' Time in force=GTC Oco='' Filled=0 Fill price=0 Error='No error' Native error='',
8/5/2026 10:11:04 PM,Order,Order='e36b4d636096400ebe98bc5a0a2489ed/Sim101' Name='Entry' New state='Accepted' Instrument='MES SEP26' Action='Buy' Limit price=0 Stop price=0 Quantity=8 Type='Market' Time in force=GTC Oco='' Filled=0 Fill price=0 Error='No error' Native error='',
8/5/2026 10:11:04 PM,Order,Order='e36b4d636096400ebe98bc5a0a2489ed/Sim101' Name='Entry' New state='Submitted' Instrument='MES SEP26' Action='Buy' Limit price=0 Stop price=0 Quantity=8 Type='Market' Time in force=GTC Oco='' Filled=0 Fill price=0 Error='No error' Native error='',
8/5/2026 10:11:04 PM,Order,Chart Trader submitting order with strategy 'MES $200 SL5 - 1' (Ticks),
8/5/2026 10:10:58 PM,Default,Cancel all orders account='Sim101',
8/5/2026 10:10:58 PM,Default,Chart Trader close position,
8/5/2026 10:10:33 PM,Position,Instrument='MES SEP26' Account='Sim101' Average price=0 Quantity=0 Market position=Flat Operation=Remove,
8/5/2026 10:10:33 PM,Execution,Execution='8635daea3cc94fecb3d20a80854562cc' Instrument='MES SEP26' Account='Sim101' Exchange=Default Price=7763.75 Quantity=8 Market position=Short Operation=Operation_Add Order='8760d1cb112d4ed6ad9fa379ce84fe73' Time='8/5/2026 10:10 PM',
8/5/2026 10:10:33 PM,Order,Order='8760d1cb112d4ed6ad9fa379ce84fe73/Sim101' Name='Close' New state='Filled' Instrument='MES SEP26' Action='Sell' Limit price=0 Stop price=0 Quantity=8 Type='Market' Time in force=DAY Oco='' Filled=8 Fill price=7763.75 Error='No error' Native error='',
8/5/2026 10:10:33 PM,Order,Order='8760d1cb112d4ed6ad9fa379ce84fe73/Sim101' Name='Close' New state='Working' Instrument='MES SEP26' Action='Sell' Limit price=0 Stop price=0 Quantity=8 Type='Market' Time in force=DAY Oco='' Filled=0 Fill price=0 Error='No error' Native error='',
8/5/2026 10:10:33 PM,Order,Order='8760d1cb112d4ed6ad9fa379ce84fe73/Sim101' Name='Close' New state='Accepted' Instrument='MES SEP26' Action='Sell' Limit price=0 Stop price=0 Quantity=8 Type='Market' Time in force=DAY Oco='' Filled=0 Fill price=0 Error='No error' Native error='',
8/5/2026 10:10:33 PM,Order,Order='8760d1cb112d4ed6ad9fa379ce84fe73/Sim101' Name='Close' New state='Submitted' Instrument='MES SEP26' Action='Sell' Limit price=0 Stop price=0 Quantity=8 Type='Market' Time in force=DAY Oco='' Filled=0 Fill price=0 Error='No error' Native error='',
8/5/2026 10:10:33 PM,Order,Order='23ed787c2c9a45609e810d4771208604/Sim101' Name='Stop2' New state='Cancelled' Instrument='MES SEP26' Action='Sell' Limit price=0 Stop price=7760.5 Quantity=4 Type='Stop Market' Time in force=GTC Oco='a0dd845309a44357b42bae680242445c' Filled=0 Fill price=0 Error='No error' Native error='',
8/5/2026 10:10:33 PM,Order,Order='6d9a80501f67483db21be84765724345/Sim101' Name='Stop1' New state='Cancelled' Instrument='MES SEP26' Action='Sell' Limit price=0 Stop price=7760.5 Quantity=4 Type='Stop Market' Time in force=GTC Oco='7fea2143174242b492a36101ba54a5f8' Filled=0 Fill price=0 Error='No error' Native error='',
8/5/2026 10:10:33 PM,Order,Order='91e6c1ee6bad4fd49319f95f6306ff2c/Sim101' Name='Target2' New state='Cancelled' Instrument='MES SEP26' Action='Sell' Limit price=7768 Stop price=0 Quantity=4 Type='Limit' Time in force=GTC Oco='a0dd845309a44357b42bae680242445c' Filled=0 Fill price=0 Error='No error' Native error='',
8/5/2026 10:10:33 PM,Order,Order='cfcfcaba940c40c487598ddd58dbb52a/Sim101' Name='Target1' New state='Cancelled' Instrument='MES SEP26' Action='Sell' Limit price=7767.5 Stop price=0 Quantity=4 Type='Limit' Time in force=GTC Oco='7fea2143174242b492a36101ba54a5f8' Filled=0 Fill price=0 Error='No error' Native error='',
8/5/2026 10:10:33 PM,Order,Order='23ed787c2c9a45609e810d4771208604/Sim101' Name='Stop2' New state='Cancel submitted' Instrument='MES SEP26' Action='Sell' Limit price=0 Stop price=7760.5 Quantity=4 Type='Stop Market' Time in force=GTC Oco='a0dd845309a44357b42bae680242445c' Filled=0 Fill price=0 Error='No error' Native error='',
8/5/2026 10:10:33 PM,Order,Order='6d9a80501f67483db21be84765724345/Sim101' Name='Stop1' New state='Cancel submitted' Instrument='MES SEP26' Action='Sell' Limit price=0 Stop price=7760.5 Quantity=4 Type='Stop Market' Time in force=GTC Oco='7fea2143174242b492a36101ba54a5f8' Filled=0 Fill price=0 Error='No error' Native error='',
8/5/2026 10:10:33 PM,Order,Order='91e6c1ee6bad4fd49319f95f6306ff2c/Sim101' Name='Target2' New state='Cancel submitted' Instrument='MES SEP26' Action='Sell' Limit price=7768 Stop price=0 Quantity=4 Type='Limit' Time in force=GTC Oco='a0dd845309a44357b42bae680242445c' Filled=0 Fill price=0 Error='No error' Native error='',
8/5/2026 10:10:33 PM,Order,Order='cfcfcaba940c40c487598ddd58dbb52a/Sim101' Name='Target1' New state='Cancel submitted' Instrument='MES SEP26' Action='Sell' Limit price=7767.5 Stop price=0 Quantity=4 Type='Limit' Time in force=GTC Oco='7fea2143174242b492a36101ba54a5f8' Filled=0 Fill price=0 Error='No error' Native error='',
8/5/2026 10:10:33 PM,Default,Position grid close position,
8/5/2026 10:10:00 PM,Strategy,Unable to load ATM strategy template from file 'C:\Users\Mohammed Khalid\Documents\NinjaTrader 8\templates\AtmStrategy\AtmStrategyTemplate.xml',
8/5/2026 10:08:54 PM,Order,Order='91e6c1ee6bad4fd49319f95f6306ff2c/Sim101' Name='Target2' New state='Working' Instrument='MES SEP26' Action='Sell' Limit price=7768 Stop price=0 Quantity=4 Type='Limit' Time in force=GTC Oco='a0dd845309a44357b42bae680242445c' Filled=0 Fill price=0 Error='No error' Native error='',
8/5/2026 10:08:54 PM,Order,Order='91e6c1ee6bad4fd49319f95f6306ff2c/Sim101' Name='Target2' New state='Accepted' Instrument='MES SEP26' Action='Sell' Limit price=7768 Stop price=0 Quantity=4 Type='Limit' Time in force=GTC Oco='a0dd845309a44357b42bae680242445c' Filled=0 Fill price=0 Error='No error' Native error='',
8/5/2026 10:08:54 PM,Order,Order='23ed787c2c9a45609e810d4771208604/Sim101' Name='Stop2' New state='Accepted' Instrument='MES SEP26' Action='Sell' Limit price=0 Stop price=7760.5 Quantity=4 Type='Stop Market' Time in force=GTC Oco='a0dd845309a44357b42bae680242445c' Filled=0 Fill price=0 Error='No error' Native error='',
8/5/2026 10:08:54 PM,Order,Order='cfcfcaba940c40c487598ddd58dbb52a/Sim101' Name='Target1' New state='Working' Instrument='MES SEP26' Action='Sell' Limit price=7767.5 Stop price=0 Quantity=4 Type='Limit' Time in force=GTC Oco='7fea2143174242b492a36101ba54a5f8' Filled=0 Fill price=0 Error='No error' Native error='',
8/5/2026 10:08:54 PM,Order,Order='cfcfcaba940c40c487598ddd58dbb52a/Sim101' Name='Target1' New state='Accepted' Instrument='MES SEP26' Action='Sell' Limit price=7767.5 Stop price=0 Quantity=4 Type='Limit' Time in force=GTC Oco='7fea2143174242b492a36101ba54a5f8' Filled=0 Fill price=0 Error='No error' Native error='',
8/5/2026 10:08:54 PM,Order,Order='6d9a80501f67483db21be84765724345/Sim101' Name='Stop1' New state='Accepted' Instrument='MES SEP26' Action='Sell' Limit price=0 Stop price=7760.5 Quantity=4 Type='Stop Market' Time in force=GTC Oco='7fea2143174242b492a36101ba54a5f8' Filled=0 Fill price=0 Error='No error' Native error='',
8/5/2026 10:08:54 PM,Order,Order='91e6c1ee6bad4fd49319f95f6306ff2c/Sim101' Name='Target2' New state='Submitted' Instrument='MES SEP26' Action='Sell' Limit price=7768 Stop price=0 Quantity=4 Type='Limit' Time in force=GTC Oco='a0dd845309a44357b42bae680242445c' Filled=0 Fill price=0 Error='No error' Native error='',
8/5/2026 10:08:54 PM,Order,Order='23ed787c2c9a45609e810d4771208604/Sim101' Name='Stop2' New state='Submitted' Instrument='MES SEP26' Action='Sell' Limit price=0 Stop price=7760.5 Quantity=4 Type='Stop Market' Time in force=GTC Oco='a0dd845309a44357b42bae680242445c' Filled=0 Fill price=0 Error='No error' Native error='',
8/5/2026 10:08:54 PM,Order,Order='cfcfcaba940c40c487598ddd58dbb52a/Sim101' Name='Target1' New state='Submitted' Instrument='MES SEP26' Action='Sell' Limit price=7767.5 Stop price=0 Quantity=4 Type='Limit' Time in force=GTC Oco='7fea2143174242b492a36101ba54a5f8' Filled=0 Fill price=0 Error='No error' Native error='',
8/5/2026 10:08:54 PM,Position,Instrument='MES SEP26' Account='Sim101' Average price=7765.5 Quantity=8 Market position=Long Operation=Operation_Add,
8/5/2026 10:08:53 PM,Order,Order='6d9a80501f67483db21be84765724345/Sim101' Name='Stop1' New state='Submitted' Instrument='MES SEP26' Action='Sell' Limit price=0 Stop price=7760.5 Quantity=4 Type='Stop Market' Time in force=GTC Oco='7fea2143174242b492a36101ba54a5f8' Filled=0 Fill price=0 Error='No error' Native error='',
8/5/2026 10:08:53 PM,Execution,Execution='341f3fc91b894c2aa4ba34fd321b42e0' Instrument='MES SEP26' Account='Sim101' Exchange=Default Price=7765.5 Quantity=8 Market position=Long Operation=Operation_Add Order='63244c1237774bc88daf0e57f979614c' Time='8/5/2026 10:08 PM',
8/5/2026 10:08:53 PM,Order,Order='63244c1237774bc88daf0e57f979614c/Sim101' Name='Entry' New state='Filled' Instrument='MES SEP26' Action='Buy' Limit price=0 Stop price=0 Quantity=8 Type='Market' Time in force=GTC Oco='' Filled=8 Fill price=7765.5 Error='No error' Native error='',
8/5/2026 10:08:53 PM,Order,Order='63244c1237774bc88daf0e57f979614c/Sim101' Name='Entry' New state='Working' Instrument='MES SEP26' Action='Buy' Limit price=0 Stop price=0 Quantity=8 Type='Market' Time in force=GTC Oco='' Filled=0 Fill price=0 Error='No error' Native error='',
8/5/2026 10:08:53 PM,Order,Order='63244c1237774bc88daf0e57f979614c/Sim101' Name='Entry' New state='Accepted' Instrument='MES SEP26' Action='Buy' Limit price=0 Stop price=0 Quantity=8 Type='Market' Time in force=GTC Oco='' Filled=0 Fill price=0 Error='No error' Native error='',
8/5/2026 10:08:53 PM,Order,Order='63244c1237774bc88daf0e57f979614c/Sim101' Name='Entry' New state='Submitted' Instrument='MES SEP26' Action='Buy' Limit price=0 Stop price=0 Quantity=8 Type='Market' Time in force=GTC Oco='' Filled=0 Fill price=0 Error='No error' Native error='',
8/5/2026 10:08:53 PM,Order,Chart Trader submitting order with strategy 'MES $200 SL5 - 1' (Ticks),
8/5/2026 10:08:02 PM,Default,Enabling NinjaScript strategy 'SampleAtmStrategy/382222614' : On starting a real-time strategy - StartBehavior=WaitUntilFlat EntryHandling=All entries EntriesPerDirection=1 StopTargetHandling=Per entry execution ErrorHandling=Stop strategy cancel orders close positions ExitOnSessionClose=True / triggering 30 seconds before close SetOrderQuantityBy=Strategy ConnectionLossHandling=Recalculate DisconnectDelaySeconds=10 CancelEntriesOnStrategyDisable=False CancelExitsOnStrategyDisable=False Calculate=On bar close IsUnmanaged=False MaxRestarts=4 in 5 minutes,
8/5/2026 10:07:48 PM,Connection,Market data failed for 'MGC DEC26': 'get_order_book error : 13',
8/5/2026 10:07:48 PM,Connection,Market data failed for 'MES SEP26': 'get_order_book error : 13',
8/5/2026 10:07:48 PM,Connection,Using HDS (hds-us-nt-016.ninjatrader.com/31655),
8/5/2026 10:07:48 PM,Connection,Time to auto close position='12:00:00 AM' Enabled=False,
8/5/2026 10:07:48 PM,Connection,My Rithmic for NinjaTrader Brokerage: Primary connection=Connected Price feed=Connected,
8/5/2026 10:07:33 PM,Default,Restoring workspace 'SuperDOM 3'...,
8/5/2026 10:07:31 PM,Default,Auto close enabled=False,
8/5/2026 10:07:31 PM,Order,Order entry hot keys disabled,
8/5/2026 10:07:31 PM,Connection,My Rithmic for NinjaTrader Brokerage: Primary connection=Connecting Price feed=Connecting,
8/5/2026 10:07:31 PM,Default,Auto connecting 'My Rithmic for NinjaTrader Brokerage'...,
8/5/2026 10:07:31 PM,Default,Automated trading disabled,
8/5/2026 10:07:31 PM,Connection,Using IS (is-us-nt-005.ninjatrader.com/31658),
8/5/2026 10:07:31 PM,Default,Telemetry configuration updated to version 1003 (previous version 0).,
8/5/2026 10:07:28 PM,Default,Global simulation mode disabled,
8/5/2026 10:07:12 PM,Default,Session Break (Version 8.1.8.1),
8/5/2026 10:03:55 PM,Connection,My Rithmic for NinjaTrader Brokerage: Primary connection=Disconnected Price feed=Disconnected,
8/5/2026 10:03:55 PM,Connection,My Rithmic for NinjaTrader Brokerage: Primary connection=Disconnecting Price feed=Disconnecting,
8/5/2026 10:03:55 PM,Default,Disabling NinjaScript strategy 'SampleAtmStrategy/382222614',
8/5/2026 10:03:49 PM,Default,Workspace SuperDOM 3 not saved,
8/5/2026 9:59:09 PM,Default,Cancel all orders account='Sim101',
8/5/2026 9:59:09 PM,Default,Chart Trader close position,
8/5/2026 9:57:57 PM,Position,Instrument='MES SEP26' Account='Sim101' Average price=0 Quantity=0 Market position=Flat Operation=Remove,
8/5/2026 9:57:57 PM,Order,Order='9f95646d74f34e45832d3fed733d7adf/Sim101' Name='Close' New state='Filled' Instrument='MES SEP26' Action='Sell' Limit price=0 Stop price=0 Quantity=8 Type='Market' Time in force=DAY Oco='' Filled=8 Fill price=7762.4375 Error='No error' Native error='',
8/5/2026 9:57:57 PM,Execution,Execution='374fbcb8a8104ba29e4bce98ef983938' Instrument='MES SEP26' Account='Sim101' Exchange=Default Price=7762.25 Quantity=2 Market position=Short Operation=Operation_Add Order='9f95646d74f34e45832d3fed733d7adf' Time='8/5/2026 9:57 PM',
8/5/2026 9:57:57 PM,Position,Instrument='MES SEP26' Account='Sim101' Average price=7762.75 Quantity=2 Market position=Long Operation=Update,
8/5/2026 9:57:57 PM,Order,Order='9f95646d74f34e45832d3fed733d7adf/Sim101' Name='Close' New state='Partially filled' Instrument='MES SEP26' Action='Sell' Limit price=0 Stop price=0 Quantity=8 Type='Market' Time in force=DAY Oco='' Filled=6 Fill price=7762.5 Error='No error' Native error='',
8/5/2026 9:57:57 PM,Execution,Execution='56406e361ba244db95c57ee0b62e114e' Instrument='MES SEP26' Account='Sim101' Exchange=Default Price=7762.5 Quantity=6 Market position=Short Operation=Operation_Add Order='9f95646d74f34e45832d3fed733d7adf' Time='8/5/2026 9:57 PM',
8/5/2026 9:57:57 PM,Order,Order='9f95646d74f34e45832d3fed733d7adf/Sim101' Name='Close' New state='Accepted' Instrument='MES SEP26' Action='Sell' Limit price=0 Stop price=0 Quantity=8 Type='Market' Time in force=DAY Oco='' Filled=0 Fill price=0 Error='No error' Native error='',
8/5/2026 9:57:57 PM,Order,Order='9f95646d74f34e45832d3fed733d7adf/Sim101' Name='Close' New state='Working' Instrument='MES SEP26' Action='Sell' Limit price=0 Stop price=0 Quantity=8 Type='Market' Time in force=DAY Oco='' Filled=0 Fill price=0 Error='No error' Native error='',
8/5/2026 9:57:57 PM,Order,Order='9f95646d74f34e45832d3fed733d7adf/Sim101' Name='Close' New state='Submitted' Instrument='MES SEP26' Action='Sell' Limit price=0 Stop price=0 Quantity=8 Type='Market' Time in force=DAY Oco='' Filled=0 Fill price=0 Error='No error' Native error='',
8/5/2026 9:57:57 PM,Order,Order='12ba432b2bf94209a3e6e5b0ab95ed7c/Sim101' Name='Target2' New state='Cancelled' Instrument='MES SEP26' Action='Sell' Limit price=7765.25 Stop price=0 Quantity=1 Type='Limit' Time in force=GTC Oco='584761c9bc594917b9f1a7c91bb50d4c' Filled=0 Fill price=0 Error='No error' Native error='',
8/5/2026 9:57:57 PM,Order,Order='c2dd9e15cd3f440c900be00e4e3c625c/Sim101' Name='Stop2' New state='Cancelled' Instrument='MES SEP26' Action='Sell' Limit price=0 Stop price=7757.75 Quantity=3 Type='Stop Market' Time in force=GTC Oco='857ff59ae69e4540bf6b6f9fd2c841ab' Filled=0 Fill price=0 Error='No error' Native error='',
8/5/2026 9:57:57 PM,Order,Order='409650334d214daaac88b66bf9f674a5/Sim101' Name='Stop2' New state='Cancelled' Instrument='MES SEP26' Action='Sell' Limit price=0 Stop price=7757.75 Quantity=1 Type='Stop Market' Time in force=GTC Oco='584761c9bc594917b9f1a7c91bb50d4c' Filled=0 Fill price=0 Error='No error' Native error='',
8/5/2026 9:57:57 PM,Order,Order='2f36c6a6cd1b4c1180b200b320d920ad/Sim101' Name='Target2' New state='Cancelled' Instrument='MES SEP26' Action='Sell' Limit price=7765.25 Stop price=0 Quantity=3 Type='Limit' Time in force=GTC Oco='857ff59ae69e4540bf6b6f9fd2c841ab' Filled=0 Fill price=0 Error='No error' Native error='',
8/5/2026 9:57:57 PM,Order,Order='c76569c7118b489db95e8c4b7297a2d6/Sim101' Name='Stop1' New state='Cancelled' Instrument='MES SEP26' Action='Sell' Limit price=0 Stop price=7757.75 Quantity=4 Type='Stop Market' Time in force=GTC Oco='509213d38d7e4784b5ad5553b935192b' Filled=0 Fill price=0 Error='No error' Native error='',
8/5/2026 9:57:57 PM,Order,Order='fcbbfe2046d24244b86850023ef082ae/Sim101' Name='Target1' New state='Cancelled' Instrument='MES SEP26' Action='Sell' Limit price=7764.75 Stop price=0 Quantity=4 Type='Limit' Time in force=GTC Oco='509213d38d7e4784b5ad5553b935192b' Filled=0 Fill price=0 Error='No error' Native error='',
8/5/2026 9:57:57 PM,Order,Order='c2dd9e15cd3f440c900be00e4e3c625c/Sim101' Name='Stop2' New state='Cancel submitted' Instrument='MES SEP26' Action='Sell' Limit price=0 Stop price=7757.75 Quantity=3 Type='Stop Market' Time in force=GTC Oco='857ff59ae69e4540bf6b6f9fd2c841ab' Filled=0 Fill price=0 Error='No error' Native error='',
8/5/2026 9:57:57 PM,Order,Order='409650334d214daaac88b66bf9f674a5/Sim101' Name='Stop2' New state='Cancel submitted' Instrument='MES SEP26' Action='Sell' Limit price=0 Stop price=7757.75 Quantity=1 Type='Stop Market' Time in force=GTC Oco='584761c9bc594917b9f1a7c91bb50d4c' Filled=0 Fill price=0 Error='No error' Native error='',
8/5/2026 9:57:57 PM,Order,Order='c76569c7118b489db95e8c4b7297a2d6/Sim101' Name='Stop1' New state='Cancel submitted' Instrument='MES SEP26' Action='Sell' Limit price=0 Stop price=7757.75 Quantity=4 Type='Stop Market' Time in force=GTC Oco='509213d38d7e4784b5ad5553b935192b' Filled=0 Fill price=0 Error='No error' Native error='',
8/5/2026 9:57:57 PM,Order,Order='2f36c6a6cd1b4c1180b200b320d920ad/Sim101' Name='Target2' New state='Cancel submitted' Instrument='MES SEP26' Action='Sell' Limit price=7765.25 Stop price=0 Quantity=3 Type='Limit' Time in force=GTC Oco='857ff59ae69e4540bf6b6f9fd2c841ab' Filled=0 Fill price=0 Error='No error' Native error='',
8/5/2026 9:57:57 PM,Order,Order='12ba432b2bf94209a3e6e5b0ab95ed7c/Sim101' Name='Target2' New state='Cancel submitted' Instrument='MES SEP26' Action='Sell' Limit price=7765.25 Stop price=0 Quantity=1 Type='Limit' Time in force=GTC Oco='584761c9bc594917b9f1a7c91bb50d4c' Filled=0 Fill price=0 Error='No error' Native error='',
8/5/2026 9:57:57 PM,Order,Order='fcbbfe2046d24244b86850023ef082ae/Sim101' Name='Target1' New state='Cancel submitted' Instrument='MES SEP26' Action='Sell' Limit price=7764.75 Stop price=0 Quantity=4 Type='Limit' Time in force=GTC Oco='509213d38d7e4784b5ad5553b935192b' Filled=0 Fill price=0 Error='No error' Native error='',
8/5/2026 9:57:57 PM,Default,Chart Trader close position,
8/5/2026 9:57:20 PM,Order,Order='2f36c6a6cd1b4c1180b200b320d920ad/Sim101' Name='Target2' New state='Working' Instrument='MES SEP26' Action='Sell' Limit price=7765.25 Stop price=0 Quantity=3 Type='Limit' Time in force=GTC Oco='857ff59ae69e4540bf6b6f9fd2c841ab' Filled=0 Fill price=0 Error='No error' Native error='',
8/5/2026 9:57:20 PM,Order,Order='2f36c6a6cd1b4c1180b200b320d920ad/Sim101' Name='Target2' New state='Accepted' Instrument='MES SEP26' Action='Sell' Limit price=7765.25 Stop price=0 Quantity=3 Type='Limit' Time in force=GTC Oco='857ff59ae69e4540bf6b6f9fd2c841ab' Filled=0 Fill price=0 Error='No error' Native error='',
8/5/2026 9:57:20 PM,Order,Order='c2dd9e15cd3f440c900be00e4e3c625c/Sim101' Name='Stop2' New state='Accepted' Instrument='MES SEP26' Action='Sell' Limit price=0 Stop price=7757.75 Quantity=3 Type='Stop Market' Time in force=GTC Oco='857ff59ae69e4540bf6b6f9fd2c841ab' Filled=0 Fill price=0 Error='No error' Native error='',
8/5/2026 9:57:20 PM,Order,Order='2f36c6a6cd1b4c1180b200b320d920ad/Sim101' Name='Target2' New state='Submitted' Instrument='MES SEP26' Action='Sell' Limit price=7765.25 Stop price=0 Quantity=3 Type='Limit' Time in force=GTC Oco='857ff59ae69e4540bf6b6f9fd2c841ab' Filled=0 Fill price=0 Error='No error' Native error='',
8/5/2026 9:57:20 PM,Order,Order='c2dd9e15cd3f440c900be00e4e3c625c/Sim101' Name='Stop2' New state='Submitted' Instrument='MES SEP26' Action='Sell' Limit price=0 Stop price=7757.75 Quantity=3 Type='Stop Market' Time in force=GTC Oco='857ff59ae69e4540bf6b6f9fd2c841ab' Filled=0 Fill price=0 Error='No error' Native error='',
8/5/2026 9:57:20 PM,Position,Instrument='MES SEP26' Account='Sim101' Average price=7762.75 Quantity=8 Market position=Long Operation=Update,
8/5/2026 9:57:20 PM,Execution,Execution='92207579c8a643da9c1476ddda8c5487' Instrument='MES SEP26' Account='Sim101' Exchange=Default Price=7762.75 Quantity=1 Market position=Long Operation=Operation_Add Order='66264bf6d26042c4b4ad961342e1d9c6' Time='8/5/2026 9:57 PM',
8/5/2026 9:57:20 PM,Order,Order='66264bf6d26042c4b4ad961342e1d9c6/Sim101' Name='Entry' New state='Filled' Instrument='MES SEP26' Action='Buy' Limit price=7762.75 Stop price=0 Quantity=8 Type='Limit' Time in force=GTC Oco='' Filled=8 Fill price=7762.75 Error='No error' Native error='',
8/5/2026 9:57:20 PM,Order,Order='66264bf6d26042c4b4ad961342e1d9c6/Sim101' Name='Entry' New state='Partially filled' Instrument='MES SEP26' Action='Buy' Limit price=7762.75 Stop price=0 Quantity=8 Type='Limit' Time in force=GTC Oco='' Filled=7 Fill price=7762.75 Error='No error' Native error='',
8/5/2026 9:57:20 PM,Execution,Execution='5e9816d096dd496cb959ff9b5fb32ea4' Instrument='MES SEP26' Account='Sim101' Exchange=Default Price=7762.75 Quantity=2 Market position=Long Operation=Operation_Add Order='66264bf6d26042c4b4ad961342e1d9c6' Time='8/5/2026 9:57 PM',
8/5/2026 9:57:20 PM,Position,Instrument='MES SEP26' Account='Sim101' Average price=7762.75 Quantity=7 Market position=Long Operation=Update,
8/5/2026 9:57:19 PM,Order,Order='12ba432b2bf94209a3e6e5b0ab95ed7c/Sim101' Name='Target2' New state='Working' Instrument='MES SEP26' Action='Sell' Limit price=7765.25 Stop price=0 Quantity=1 Type='Limit' Time in force=GTC Oco='584761c9bc594917b9f1a7c91bb50d4c' Filled=0 Fill price=0 Error='No error' Native error='',
8/5/2026 9:57:19 PM,Order,Order='12ba432b2bf94209a3e6e5b0ab95ed7c/Sim101' Name='Target2' New state='Accepted' Instrument='MES SEP26' Action='Sell' Limit price=7765.25 Stop price=0 Quantity=1 Type='Limit' Time in force=GTC Oco='584761c9bc594917b9f1a7c91bb50d4c' Filled=0 Fill price=0 Error='No error' Native error='',
8/5/2026 9:57:19 PM,Order,Order='409650334d214daaac88b66bf9f674a5/Sim101' Name='Stop2' New state='Accepted' Instrument='MES SEP26' Action='Sell' Limit price=0 Stop price=7757.75 Quantity=1 Type='Stop Market' Time in force=GTC Oco='584761c9bc594917b9f1a7c91bb50d4c' Filled=0 Fill price=0 Error='No error' Native error='',
8/5/2026 9:57:19 PM,Order,Order='fcbbfe2046d24244b86850023ef082ae/Sim101' Name='Target1' New state='Working' Instrument='MES SEP26' Action='Sell' Limit price=7764.75 Stop price=0 Quantity=4 Type='Limit' Time in force=GTC Oco='509213d38d7e4784b5ad5553b935192b' Filled=0 Fill price=0 Error='No error' Native error='',
8/5/2026 9:57:19 PM,Order,Order='fcbbfe2046d24244b86850023ef082ae/Sim101' Name='Target1' New state='Accepted' Instrument='MES SEP26' Action='Sell' Limit price=7764.75 Stop price=0 Quantity=4 Type='Limit' Time in force=GTC Oco='509213d38d7e4784b5ad5553b935192b' Filled=0 Fill price=0 Error='No error' Native error='',
8/5/2026 9:57:19 PM,Order,Order='c76569c7118b489db95e8c4b7297a2d6/Sim101' Name='Stop1' New state='Accepted' Instrument='MES SEP26' Action='Sell' Limit price=0 Stop price=7757.75 Quantity=4 Type='Stop Market' Time in force=GTC Oco='509213d38d7e4784b5ad5553b935192b' Filled=0 Fill price=0 Error='No error' Native error='',
8/5/2026 9:57:19 PM,Order,Order='12ba432b2bf94209a3e6e5b0ab95ed7c/Sim101' Name='Target2' New state='Submitted' Instrument='MES SEP26' Action='Sell' Limit price=7765.25 Stop price=0 Quantity=1 Type='Limit' Time in force=GTC Oco='584761c9bc594917b9f1a7c91bb50d4c' Filled=0 Fill price=0 Error='No error' Native error='',
8/5/2026 9:57:19 PM,Order,Order='409650334d214daaac88b66bf9f674a5/Sim101' Name='Stop2' New state='Submitted' Instrument='MES SEP26' Action='Sell' Limit price=0 Stop price=7757.75 Quantity=1 Type='Stop Market' Time in force=GTC Oco='584761c9bc594917b9f1a7c91bb50d4c' Filled=0 Fill price=0 Error='No error' Native error='',
8/5/2026 9:57:19 PM,Order,Order='fcbbfe2046d24244b86850023ef082ae/Sim101' Name='Target1' New state='Submitted' Instrument='MES SEP26' Action='Sell' Limit price=7764.75 Stop price=0 Quantity=4 Type='Limit' Time in force=GTC Oco='509213d38d7e4784b5ad5553b935192b' Filled=0 Fill price=0 Error='No error' Native error='',
8/5/2026 9:57:19 PM,Order,Order='c76569c7118b489db95e8c4b7297a2d6/Sim101' Name='Stop1' New state='Submitted' Instrument='MES SEP26' Action='Sell' Limit price=0 Stop price=7757.75 Quantity=4 Type='Stop Market' Time in force=GTC Oco='509213d38d7e4784b5ad5553b935192b' Filled=0 Fill price=0 Error='No error' Native error='',
8/5/2026 9:57:18 PM,Position,Instrument='MES SEP26' Account='Sim101' Average price=7762.75 Quantity=4 Market position=Long Operation=Update,
8/5/2026 9:57:18 PM,Execution,Execution='27414e46d83a486a84fc1a49009652da' Instrument='MES SEP26' Account='Sim101' Exchange=Default Price=7762.75 Quantity=1 Market position=Long Operation=Operation_Add Order='66264bf6d26042c4b4ad961342e1d9c6' Time='8/5/2026 9:57 PM',
8/5/2026 9:57:18 PM,Order,Order='66264bf6d26042c4b4ad961342e1d9c6/Sim101' Name='Entry' New state='Partially filled' Instrument='MES SEP26' Action='Buy' Limit price=7762.75 Stop price=0 Quantity=8 Type='Limit' Time in force=GTC Oco='' Filled=5 Fill price=7762.75 Error='No error' Native error='',
8/5/2026 9:57:18 PM,Position,Instrument='MES SEP26' Account='Sim101' Average price=7762.75 Quantity=5 Market position=Long Operation=Update,
8/5/2026 9:57:18 PM,Execution,Execution='6f978cc24e344b29924bcc02eea9145d' Instrument='MES SEP26' Account='Sim101' Exchange=Default Price=7762.75 Quantity=1 Market position=Long Operation=Operation_Add Order='66264bf6d26042c4b4ad961342e1d9c6' Time='8/5/2026 9:57 PM',
8/5/2026 9:57:18 PM,Order,Order='66264bf6d26042c4b4ad961342e1d9c6/Sim101' Name='Entry' New state='Partially filled' Instrument='MES SEP26' Action='Buy' Limit price=7762.75 Stop price=0 Quantity=8 Type='Limit' Time in force=GTC Oco='' Filled=4 Fill price=7762.75 Error='No error' Native error='',
8/5/2026 9:57:18 PM,Execution,Execution='94df62b124a243e1849b7b09917f1597' Instrument='MES SEP26' Account='Sim101' Exchange=Default Price=7762.75 Quantity=1 Market position=Long Operation=Operation_Add Order='66264bf6d26042c4b4ad961342e1d9c6' Time='8/5/2026 9:57 PM',
8/5/2026 9:57:18 PM,Position,Instrument='MES SEP26' Account='Sim101' Average price=7762.75 Quantity=3 Market position=Long Operation=Update,
8/5/2026 9:57:18 PM,Order,Order='66264bf6d26042c4b4ad961342e1d9c6/Sim101' Name='Entry' New state='Partially filled' Instrument='MES SEP26' Action='Buy' Limit price=7762.75 Stop price=0 Quantity=8 Type='Limit' Time in force=GTC Oco='' Filled=3 Fill price=7762.75 Error='No error' Native error='',
8/5/2026 9:57:18 PM,Execution,Execution='3f9e420f5a2d46e4a03611e35a8edfe5' Instrument='MES SEP26' Account='Sim101' Exchange=Default Price=7762.75 Quantity=2 Market position=Long Operation=Operation_Add Order='66264bf6d26042c4b4ad961342e1d9c6' Time='8/5/2026 9:57 PM',
8/5/2026 9:57:18 PM,Position,Instrument='MES SEP26' Account='Sim101' Average price=7762.75 Quantity=2 Market position=Long Operation=Operation_Add,
8/5/2026 9:57:18 PM,Order,Order='66264bf6d26042c4b4ad961342e1d9c6/Sim101' Name='Entry' New state='Partially filled' Instrument='MES SEP26' Action='Buy' Limit price=7762.75 Stop price=0 Quantity=8 Type='Limit' Time in force=GTC Oco='' Filled=2 Fill price=7762.75 Error='No error' Native error='',
8/5/2026 9:56:54 PM,Order,Order='66264bf6d26042c4b4ad961342e1d9c6/Sim101' Name='Entry' New state='Working' Instrument='MES SEP26' Action='Buy' Limit price=7762.75 Stop price=0 Quantity=8 Type='Limit' Time in force=GTC Oco='' Filled=0 Fill price=0 Error='No error' Native error='',
8/5/2026 9:56:54 PM,Order,Order='66264bf6d26042c4b4ad961342e1d9c6/Sim101' Name='Entry' New state='Accepted' Instrument='MES SEP26' Action='Buy' Limit price=7762.75 Stop price=0 Quantity=8 Type='Limit' Time in force=GTC Oco='' Filled=0 Fill price=0 Error='No error' Native error='',
8/5/2026 9:56:54 PM,Order,Auto chase price modification to '7762.75',
8/5/2026 9:56:54 PM,Order,Order='66264bf6d26042c4b4ad961342e1d9c6/Sim101' Name='Entry' New state='Change submitted' Instrument='MES SEP26' Action='Buy' Limit price=7762.75 Stop price=0 Quantity=8 Type='Limit' Time in force=GTC Oco='' Filled=0 Fill price=0 Error='No error' Native error='',
8/5/2026 9:56:51 PM,Order,Order='66264bf6d26042c4b4ad961342e1d9c6/Sim101' Name='Entry' New state='Accepted' Instrument='MES SEP26' Action='Buy' Limit price=7762.5 Stop price=0 Quantity=8 Type='Limit' Time in force=GTC Oco='' Filled=0 Fill price=0 Error='No error' Native error='',
8/5/2026 9:56:51 PM,Order,Order='66264bf6d26042c4b4ad961342e1d9c6/Sim101' Name='Entry' New state='Working' Instrument='MES SEP26' Action='Buy' Limit price=7762.5 Stop price=0 Quantity=8 Type='Limit' Time in force=GTC Oco='' Filled=0 Fill price=0 Error='No error' Native error='',
8/5/2026 9:56:51 PM,Order,Order='66264bf6d26042c4b4ad961342e1d9c6/Sim101' Name='Entry' New state='Change submitted' Instrument='MES SEP26' Action='Buy' Limit price=7762.5 Stop price=0 Quantity=8 Type='Limit' Time in force=GTC Oco='' Filled=0 Fill price=0 Error='No error' Native error='',
8/5/2026 9:56:32 PM,Order,Order='66264bf6d26042c4b4ad961342e1d9c6/Sim101' Name='Entry' New state='Accepted' Instrument='MES SEP26' Action='Buy' Limit price=7762.25 Stop price=0 Quantity=8 Type='Limit' Time in force=GTC Oco='' Filled=0 Fill price=0 Error='No error' Native error='',
8/5/2026 9:56:32 PM,Order,Order='66264bf6d26042c4b4ad961342e1d9c6/Sim101' Name='Entry' New state='Working' Instrument='MES SEP26' Action='Buy' Limit price=7762.25 Stop price=0 Quantity=8 Type='Limit' Time in force=GTC Oco='' Filled=0 Fill price=0 Error='No error' Native error='',
8/5/2026 9:56:32 PM,Order,Order='66264bf6d26042c4b4ad961342e1d9c6/Sim101' Name='Entry' New state='Change submitted' Instrument='MES SEP26' Action='Buy' Limit price=7762.25 Stop price=0 Quantity=8 Type='Limit' Time in force=GTC Oco='' Filled=0 Fill price=0 Error='No error' Native error='',
8/5/2026 9:55:29 PM,Order,Order='66264bf6d26042c4b4ad961342e1d9c6/Sim101' Name='Entry' New state='Working' Instrument='MES SEP26' Action='Buy' Limit price=7761.5 Stop price=0 Quantity=8 Type='Limit' Time in force=GTC Oco='' Filled=0 Fill price=0 Error='No error' Native error='',
8/5/2026 9:55:29 PM,Order,Order='66264bf6d26042c4b4ad961342e1d9c6/Sim101' Name='Entry' New state='Accepted' Instrument='MES SEP26' Action='Buy' Limit price=7761.5 Stop price=0 Quantity=8 Type='Limit' Time in force=GTC Oco='' Filled=0 Fill price=0 Error='No error' Native error='',
8/5/2026 9:55:29 PM,Order,Order='66264bf6d26042c4b4ad961342e1d9c6/Sim101' Name='Entry' New state='Submitted' Instrument='MES SEP26' Action='Buy' Limit price=7761.5 Stop price=0 Quantity=8 Type='Limit' Time in force=GTC Oco='' Filled=0 Fill price=0 Error='No error' Native error='',
8/5/2026 9:55:29 PM,Order,Chart Trader submitting order with strategy 'MES $200 SL5 - 1' (Ticks),
8/5/2026 9:55:24 PM,Position,Instrument='MES SEP26' Account='Sim101' Average price=0 Quantity=0 Market position=Flat Operation=Remove,
8/5/2026 9:55:24 PM,Order,Order='cc5ff6a71c2145f4864a986d5d9403f2/Sim101' Name='Close' New state='Filled' Instrument='MES SEP26' Action='Sell' Limit price=0 Stop price=0 Quantity=8 Type='Market' Time in force=DAY Oco='' Filled=8 Fill price=7762.5 Error='No error' Native error='',
8/5/2026 9:55:24 PM,Execution,Execution='c9fdd9bb0cc642b894639886778542a6' Instrument='MES SEP26' Account='Sim101' Exchange=Default Price=7762.5 Quantity=8 Market position=Short Operation=Operation_Add Order='cc5ff6a71c2145f4864a986d5d9403f2' Time='8/5/2026 9:55 PM',
8/5/2026 9:55:24 PM,Order,Order='cc5ff6a71c2145f4864a986d5d9403f2/Sim101' Name='Close' New state='Working' Instrument='MES SEP26' Action='Sell' Limit price=0 Stop price=0 Quantity=8 Type='Market' Time in force=DAY Oco='' Filled=0 Fill price=0 Error='No error' Native error='',
8/5/2026 9:55:24 PM,Order,Order='cc5ff6a71c2145f4864a986d5d9403f2/Sim101' Name='Close' New state='Accepted' Instrument='MES SEP26' Action='Sell' Limit price=0 Stop price=0 Quantity=8 Type='Market' Time in force=DAY Oco='' Filled=0 Fill price=0 Error='No error' Native error='',
8/5/2026 9:55:24 PM,Order,Order='cc5ff6a71c2145f4864a986d5d9403f2/Sim101' Name='Close' New state='Submitted' Instrument='MES SEP26' Action='Sell' Limit price=0 Stop price=0 Quantity=8 Type='Market' Time in force=DAY Oco='' Filled=0 Fill price=0 Error='No error' Native error='',
8/5/2026 9:55:24 PM,Order,Order='88f24413bb4b4e90b98e0fafb3ac1ac6/Sim101' Name='Stop1' New state='Cancelled' Instrument='MES SEP26' Action='Sell' Limit price=0 Stop price=7757 Quantity=4 Type='Stop Market' Time in force=GTC Oco='c6eae021f35841b3b2f96fceebbeab74' Filled=0 Fill price=0 Error='No error' Native error='',
8/5/2026 9:55:24 PM,Order,Order='e20af705abee4aff9f2eae910742a31a/Sim101' Name='Target2' New state='Cancelled' Instrument='MES SEP26' Action='Sell' Limit price=7764.5 Stop price=0 Quantity=4 Type='Limit' Time in force=GTC Oco='303930366b6f4fe9a928a95bcb4736b3' Filled=0 Fill price=0 Error='No error' Native error='',
8/5/2026 9:55:24 PM,Order,Order='9228b573fd1747bd8c392b54f2e3e8c6/Sim101' Name='Stop2' New state='Cancelled' Instrument='MES SEP26' Action='Sell' Limit price=0 Stop price=7757 Quantity=4 Type='Stop Market' Time in force=GTC Oco='303930366b6f4fe9a928a95bcb4736b3' Filled=0 Fill price=0 Error='No error' Native error='',
8/5/2026 9:55:24 PM,Order,Order='71f9b89275734fc9be1750a18f289366/Sim101' Name='Target1' New state='Cancelled' Instrument='MES SEP26' Action='Sell' Limit price=7764 Stop price=0 Quantity=4 Type='Limit' Time in force=GTC Oco='c6eae021f35841b3b2f96fceebbeab74' Filled=0 Fill price=0 Error='No error' Native error='',
8/5/2026 9:55:24 PM,Order,Order='9228b573fd1747bd8c392b54f2e3e8c6/Sim101' Name='Stop2' New state='Cancel submitted' Instrument='MES SEP26' Action='Sell' Limit price=0 Stop price=7757 Quantity=4 Type='Stop Market' Time in force=GTC Oco='303930366b6f4fe9a928a95bcb4736b3' Filled=0 Fill price=0 Error='No error' Native error='',
8/5/2026 9:55:24 PM,Order,Order='88f24413bb4b4e90b98e0fafb3ac1ac6/Sim101' Name='Stop1' New state='Cancel submitted' Instrument='MES SEP26' Action='Sell' Limit price=0 Stop price=7757 Quantity=4 Type='Stop Market' Time in force=GTC Oco='c6eae021f35841b3b2f96fceebbeab74' Filled=0 Fill price=0 Error='No error' Native error='',
8/5/2026 9:55:24 PM,Order,Order='e20af705abee4aff9f2eae910742a31a/Sim101' Name='Target2' New state='Cancel submitted' Instrument='MES SEP26' Action='Sell' Limit price=7764.5 Stop price=0 Quantity=4 Type='Limit' Time in force=GTC Oco='303930366b6f4fe9a928a95bcb4736b3' Filled=0 Fill price=0 Error='No error' Native error='',
8/5/2026 9:55:24 PM,Order,Order='71f9b89275734fc9be1750a18f289366/Sim101' Name='Target1' New state='Cancel submitted' Instrument='MES SEP26' Action='Sell' Limit price=7764 Stop price=0 Quantity=4 Type='Limit' Time in force=GTC Oco='c6eae021f35841b3b2f96fceebbeab74' Filled=0 Fill price=0 Error='No error' Native error='',
8/5/2026 9:55:24 PM,Default,Chart Trader close position,
8/5/2026 9:55:02 PM,Strategy,Unable to load ATM strategy template from file 'C:\Users\Mohammed Khalid\Documents\NinjaTrader 8\templates\AtmStrategy\AtmStrategyTemplate.xml',
8/5/2026 9:54:30 PM,Order,Order='e20af705abee4aff9f2eae910742a31a/Sim101' Name='Target2' New state='Accepted' Instrument='MES SEP26' Action='Sell' Limit price=7764.5 Stop price=0 Quantity=4 Type='Limit' Time in force=GTC Oco='303930366b6f4fe9a928a95bcb4736b3' Filled=0 Fill price=0 Error='No error' Native error='',
8/5/2026 9:54:30 PM,Order,Order='e20af705abee4aff9f2eae910742a31a/Sim101' Name='Target2' New state='Working' Instrument='MES SEP26' Action='Sell' Limit price=7764.5 Stop price=0 Quantity=4 Type='Limit' Time in force=GTC Oco='303930366b6f4fe9a928a95bcb4736b3' Filled=0 Fill price=0 Error='No error' Native error='',
8/5/2026 9:54:30 PM,Order,Order='9228b573fd1747bd8c392b54f2e3e8c6/Sim101' Name='Stop2' New state='Accepted' Instrument='MES SEP26' Action='Sell' Limit price=0 Stop price=7757 Quantity=4 Type='Stop Market' Time in force=GTC Oco='303930366b6f4fe9a928a95bcb4736b3' Filled=0 Fill price=0 Error='No error' Native error='',
8/5/2026 9:54:30 PM,Order,Order='71f9b89275734fc9be1750a18f289366/Sim101' Name='Target1' New state='Accepted' Instrument='MES SEP26' Action='Sell' Limit price=7764 Stop price=0 Quantity=4 Type='Limit' Time in force=GTC Oco='c6eae021f35841b3b2f96fceebbeab74' Filled=0 Fill price=0 Error='No error' Native error='',
8/5/2026 9:54:30 PM,Order,Order='71f9b89275734fc9be1750a18f289366/Sim101' Name='Target1' New state='Working' Instrument='MES SEP26' Action='Sell' Limit price=7764 Stop price=0 Quantity=4 Type='Limit' Time in force=GTC Oco='c6eae021f35841b3b2f96fceebbeab74' Filled=0 Fill price=0 Error='No error' Native error='',
8/5/2026 9:54:30 PM,Order,Order='88f24413bb4b4e90b98e0fafb3ac1ac6/Sim101' Name='Stop1' New state='Accepted' Instrument='MES SEP26' Action='Sell' Limit price=0 Stop price=7757 Quantity=4 Type='Stop Market' Time in force=GTC Oco='c6eae021f35841b3b2f96fceebbeab74' Filled=0 Fill price=0 Error='No error' Native error='',
8/5/2026 9:54:30 PM,Order,Order='e20af705abee4aff9f2eae910742a31a/Sim101' Name='Target2' New state='Submitted' Instrument='MES SEP26' Action='Sell' Limit price=7764.5 Stop price=0 Quantity=4 Type='Limit' Time in force=GTC Oco='303930366b6f4fe9a928a95bcb4736b3' Filled=0 Fill price=0 Error='No error' Native error='',
8/5/2026 9:54:30 PM,Order,Order='9228b573fd1747bd8c392b54f2e3e8c6/Sim101' Name='Stop2' New state='Submitted' Instrument='MES SEP26' Action='Sell' Limit price=0 Stop price=7757 Quantity=4 Type='Stop Market' Time in force=GTC Oco='303930366b6f4fe9a928a95bcb4736b3' Filled=0 Fill price=0 Error='No error' Native error='',
8/5/2026 9:54:30 PM,Position,Instrument='MES SEP26' Account='Sim101' Average price=7762.09375 Quantity=8 Market position=Long Operation=Update,
8/5/2026 9:54:30 PM,Order,Order='71f9b89275734fc9be1750a18f289366/Sim101' Name='Target1' New state='Submitted' Instrument='MES SEP26' Action='Sell' Limit price=7764 Stop price=0 Quantity=4 Type='Limit' Time in force=GTC Oco='c6eae021f35841b3b2f96fceebbeab74' Filled=0 Fill price=0 Error='No error' Native error='',
8/5/2026 9:54:30 PM,Order,Order='88f24413bb4b4e90b98e0fafb3ac1ac6/Sim101' Name='Stop1' New state='Submitted' Instrument='MES SEP26' Action='Sell' Limit price=0 Stop price=7757 Quantity=4 Type='Stop Market' Time in force=GTC Oco='c6eae021f35841b3b2f96fceebbeab74' Filled=0 Fill price=0 Error='No error' Native error='',
8/5/2026 9:54:30 PM,Order,Order='49d0f522c1954d158d9735393d475655/Sim101' Name='Entry' New state='Filled' Instrument='MES SEP26' Action='Buy' Limit price=0 Stop price=0 Quantity=8 Type='Market' Time in force=GTC Oco='' Filled=8 Fill price=7762.09375 Error='No error' Native error='',
8/5/2026 9:54:30 PM,Execution,Execution='a3749fa5fc614b0eb687e349b0d7e783' Instrument='MES SEP26' Account='Sim101' Exchange=Default Price=7762.25 Quantity=3 Market position=Long Operation=Operation_Add Order='49d0f522c1954d158d9735393d475655' Time='8/5/2026 9:54 PM',
8/5/2026 9:54:30 PM,Execution,Execution='4cb87a05ff3b402587c9d9f3939dac8f' Instrument='MES SEP26' Account='Sim101' Exchange=Default Price=7762 Quantity=5 Market position=Long Operation=Operation_Add Order='49d0f522c1954d158d9735393d475655' Time='8/5/2026 9:54 PM',
8/5/2026 9:54:30 PM,Position,Instrument='MES SEP26' Account='Sim101' Average price=7762 Quantity=5 Market position=Long Operation=Operation_Add,
8/5/2026 9:54:30 PM,Order,Order='49d0f522c1954d158d9735393d475655/Sim101' Name='Entry' New state='Working' Instrument='MES SEP26' Action='Buy' Limit price=0 Stop price=0 Quantity=8 Type='Market' Time in force=GTC Oco='' Filled=0 Fill price=0 Error='No error' Native error='',
8/5/2026 9:54:30 PM,Order,Order='49d0f522c1954d158d9735393d475655/Sim101' Name='Entry' New state='Partially filled' Instrument='MES SEP26' Action='Buy' Limit price=0 Stop price=0 Quantity=8 Type='Market' Time in force=GTC Oco='' Filled=5 Fill price=7762 Error='No error' Native error='',
8/5/2026 9:54:30 PM,Order,Order='49d0f522c1954d158d9735393d475655/Sim101' Name='Entry' New state='Accepted' Instrument='MES SEP26' Action='Buy' Limit price=0 Stop price=0 Quantity=8 Type='Market' Time in force=GTC Oco='' Filled=0 Fill price=0 Error='No error' Native error='',
8/5/2026 9:54:30 PM,Order,Order='49d0f522c1954d158d9735393d475655/Sim101' Name='Entry' New state='Submitted' Instrument='MES SEP26' Action='Buy' Limit price=0 Stop price=0 Quantity=8 Type='Market' Time in force=GTC Oco='' Filled=0 Fill price=0 Error='No error' Native error='',
8/5/2026 9:54:30 PM,Order,Chart Trader submitting order with strategy 'MES $200 SL5 - 1' (Ticks),
8/5/2026 9:54:14 PM,Default,Enabling NinjaScript strategy 'SampleAtmStrategy/382222614' : On starting a real-time strategy - StartBehavior=WaitUntilFlat EntryHandling=All entries EntriesPerDirection=1 StopTargetHandling=Per entry execution ErrorHandling=Stop strategy cancel orders close positions ExitOnSessionClose=True / triggering 30 seconds before close SetOrderQuantityBy=Strategy ConnectionLossHandling=Recalculate DisconnectDelaySeconds=10 CancelEntriesOnStrategyDisable=False CancelExitsOnStrategyDisable=False Calculate=On bar close IsUnmanaged=False MaxRestarts=4 in 5 minutes,
8/5/2026 9:54:06 PM,Position,Instrument='MES SEP26' Account='Sim101' Average price=0 Quantity=0 Market position=Flat Operation=Remove,
8/5/2026 9:54:06 PM,Execution,Execution='26113a69c88d4fa197fbbb7c80c24e0f' Instrument='MES SEP26' Account='Sim101' Exchange=Default Price=7761.5 Quantity=8 Market position=Short Operation=Operation_Add Order='563b087531064bd7aee440c8636a4a7f' Time='8/5/2026 9:54 PM',
8/5/2026 9:54:06 PM,Order,Order='563b087531064bd7aee440c8636a4a7f/Sim101' Name='Close' New state='Filled' Instrument='MES SEP26' Action='Sell' Limit price=0 Stop price=0 Quantity=8 Type='Market' Time in force=DAY Oco='' Filled=8 Fill price=7761.5 Error='No error' Native error='',
8/5/2026 9:54:06 PM,Order,Order='563b087531064bd7aee440c8636a4a7f/Sim101' Name='Close' New state='Accepted' Instrument='MES SEP26' Action='Sell' Limit price=0 Stop price=0 Quantity=8 Type='Market' Time in force=DAY Oco='' Filled=0 Fill price=0 Error='No error' Native error='',
8/5/2026 9:54:06 PM,Order,Order='563b087531064bd7aee440c8636a4a7f/Sim101' Name='Close' New state='Working' Instrument='MES SEP26' Action='Sell' Limit price=0 Stop price=0 Quantity=8 Type='Market' Time in force=DAY Oco='' Filled=0 Fill price=0 Error='No error' Native error='',
8/5/2026 9:54:06 PM,Order,Order='563b087531064bd7aee440c8636a4a7f/Sim101' Name='Close' New state='Submitted' Instrument='MES SEP26' Action='Sell' Limit price=0 Stop price=0 Quantity=8 Type='Market' Time in force=DAY Oco='' Filled=0 Fill price=0 Error='No error' Native error='',
8/5/2026 9:54:06 PM,Order,Order='eeae635c8c924b50a9c42957dfab9990/Sim101' Name='Target2' New state='Cancelled' Instrument='MES SEP26' Action='Sell' Limit price=7764.75 Stop price=0 Quantity=4 Type='Limit' Time in force=GTC Oco='265a76c9681c451cbe64b36b70ec1d3a' Filled=0 Fill price=0 Error='No error' Native error='',
8/5/2026 9:54:06 PM,Order,Order='039aebe76e064deabebab5b5d3512b5a/Sim101' Name='Stop2' New state='Cancelled' Instrument='MES SEP26' Action='Sell' Limit price=0 Stop price=7757.25 Quantity=4 Type='Stop Market' Time in force=GTC Oco='265a76c9681c451cbe64b36b70ec1d3a' Filled=0 Fill price=0 Error='No error' Native error='',
8/5/2026 9:54:06 PM,Order,Order='6096fc0962364dd68bcb8b0e4123744d/Sim101' Name='Stop1' New state='Cancelled' Instrument='MES SEP26' Action='Sell' Limit price=0 Stop price=7757.25 Quantity=4 Type='Stop Market' Time in force=GTC Oco='787003a9bece4f83b4df1205de32d216' Filled=0 Fill price=0 Error='No error' Native error='',
8/5/2026 9:54:06 PM,Order,Order='fc3647a0811043ed8bb14edbece53f88/Sim101' Name='Target1' New state='Cancelled' Instrument='MES SEP26' Action='Sell' Limit price=7764.25 Stop price=0 Quantity=4 Type='Limit' Time in force=GTC Oco='787003a9bece4f83b4df1205de32d216' Filled=0 Fill price=0 Error='No error' Native error='',
8/5/2026 9:54:06 PM,Order,Order='039aebe76e064deabebab5b5d3512b5a/Sim101' Name='Stop2' New state='Cancel submitted' Instrument='MES SEP26' Action='Sell' Limit price=0 Stop price=7757.25 Quantity=4 Type='Stop Market' Time in force=GTC Oco='265a76c9681c451cbe64b36b70ec1d3a' Filled=0 Fill price=0 Error='No error' Native error='',
8/5/2026 9:54:06 PM,Order,Order='6096fc0962364dd68bcb8b0e4123744d/Sim101' Name='Stop1' New state='Cancel submitted' Instrument='MES SEP26' Action='Sell' Limit price=0 Stop price=7757.25 Quantity=4 Type='Stop Market' Time in force=GTC Oco='787003a9bece4f83b4df1205de32d216' Filled=0 Fill price=0 Error='No error' Native error='',
8/5/2026 9:54:06 PM,Order,Order='eeae635c8c924b50a9c42957dfab9990/Sim101' Name='Target2' New state='Cancel submitted' Instrument='MES SEP26' Action='Sell' Limit price=7764.75 Stop price=0 Quantity=4 Type='Limit' Time in force=GTC Oco='265a76c9681c451cbe64b36b70ec1d3a' Filled=0 Fill price=0 Error='No error' Native error='',
8/5/2026 9:54:06 PM,Order,Order='fc3647a0811043ed8bb14edbece53f88/Sim101' Name='Target1' New state='Cancel submitted' Instrument='MES SEP26' Action='Sell' Limit price=7764.25 Stop price=0 Quantity=4 Type='Limit' Time in force=GTC Oco='787003a9bece4f83b4df1205de32d216' Filled=0 Fill price=0 Error='No error' Native error='',
8/5/2026 9:54:06 PM,Default,Chart Trader close position,
8/5/2026 9:54:03 PM,Order,Order='eeae635c8c924b50a9c42957dfab9990/Sim101' Name='Target2' New state='Accepted' Instrument='MES SEP26' Action='Sell' Limit price=7764.75 Stop price=0 Quantity=4 Type='Limit' Time in force=GTC Oco='265a76c9681c451cbe64b36b70ec1d3a' Filled=0 Fill price=0 Error='No error' Native error='',
8/5/2026 9:54:03 PM,Order,Order='eeae635c8c924b50a9c42957dfab9990/Sim101' Name='Target2' New state='Working' Instrument='MES SEP26' Action='Sell' Limit price=7764.75 Stop price=0 Quantity=4 Type='Limit' Time in force=GTC Oco='265a76c9681c451cbe64b36b70ec1d3a' Filled=0 Fill price=0 Error='No error' Native error='',
8/5/2026 9:54:03 PM,Order,Order='039aebe76e064deabebab5b5d3512b5a/Sim101' Name='Stop2' New state='Accepted' Instrument='MES SEP26' Action='Sell' Limit price=0 Stop price=7757.25 Quantity=4 Type='Stop Market' Time in force=GTC Oco='265a76c9681c451cbe64b36b70ec1d3a' Filled=0 Fill price=0 Error='No error' Native error='',
8/5/2026 9:54:02 PM,Order,Order='fc3647a0811043ed8bb14edbece53f88/Sim101' Name='Target1' New state='Working' Instrument='MES SEP26' Action='Sell' Limit price=7764.25 Stop price=0 Quantity=4 Type='Limit' Time in force=GTC Oco='787003a9bece4f83b4df1205de32d216' Filled=0 Fill price=0 Error='No error' Native error='',
8/5/2026 9:54:02 PM,Order,Order='fc3647a0811043ed8bb14edbece53f88/Sim101' Name='Target1' New state='Accepted' Instrument='MES SEP26' Action='Sell' Limit price=7764.25 Stop price=0 Quantity=4 Type='Limit' Time in force=GTC Oco='787003a9bece4f83b4df1205de32d216' Filled=0 Fill price=0 Error='No error' Native error='',
8/5/2026 9:54:02 PM,Order,Order='6096fc0962364dd68bcb8b0e4123744d/Sim101' Name='Stop1' New state='Accepted' Instrument='MES SEP26' Action='Sell' Limit price=0 Stop price=7757.25 Quantity=4 Type='Stop Market' Time in force=GTC Oco='787003a9bece4f83b4df1205de32d216' Filled=0 Fill price=0 Error='No error' Native error='',
8/5/2026 9:54:02 PM,Order,Order='eeae635c8c924b50a9c42957dfab9990/Sim101' Name='Target2' New state='Submitted' Instrument='MES SEP26' Action='Sell' Limit price=7764.75 Stop price=0 Quantity=4 Type='Limit' Time in force=GTC Oco='265a76c9681c451cbe64b36b70ec1d3a' Filled=0 Fill price=0 Error='No error' Native error='',
8/5/2026 9:54:02 PM,Order,Order='039aebe76e064deabebab5b5d3512b5a/Sim101' Name='Stop2' New state='Submitted' Instrument='MES SEP26' Action='Sell' Limit price=0 Stop price=7757.25 Quantity=4 Type='Stop Market' Time in force=GTC Oco='265a76c9681c451cbe64b36b70ec1d3a' Filled=0 Fill price=0 Error='No error' Native error='',
8/5/2026 9:54:02 PM,Order,Order='fc3647a0811043ed8bb14edbece53f88/Sim101' Name='Target1' New state='Submitted' Instrument='MES SEP26' Action='Sell' Limit price=7764.25 Stop price=0 Quantity=4 Type='Limit' Time in force=GTC Oco='787003a9bece4f83b4df1205de32d216' Filled=0 Fill price=0 Error='No error' Native error='',
8/5/2026 9:54:02 PM,Position,Instrument='MES SEP26' Account='Sim101' Average price=7762.25 Quantity=8 Market position=Long Operation=Operation_Add,
8/5/2026 9:54:02 PM,Order,Order='6096fc0962364dd68bcb8b0e4123744d/Sim101' Name='Stop1' New state='Submitted' Instrument='MES SEP26' Action='Sell' Limit price=0 Stop price=7757.25 Quantity=4 Type='Stop Market' Time in force=GTC Oco='787003a9bece4f83b4df1205de32d216' Filled=0 Fill price=0 Error='No error' Native error='',
8/5/2026 9:54:02 PM,Execution,Execution='ea3de08183b44572b5002135efe55fc7' Instrument='MES SEP26' Account='Sim101' Exchange=Default Price=7762.25 Quantity=8 Market position=Long Operation=Operation_Add Order='1526839245354a038e8e0655eb75febb' Time='8/5/2026 9:54 PM',
8/5/2026 9:54:02 PM,Order,Order='1526839245354a038e8e0655eb75febb/Sim101' Name='Entry' New state='Filled' Instrument='MES SEP26' Action='Buy' Limit price=0 Stop price=0 Quantity=8 Type='Market' Time in force=GTC Oco='' Filled=8 Fill price=7762.25 Error='No error' Native error='',
8/5/2026 9:54:02 PM,Order,Order='1526839245354a038e8e0655eb75febb/Sim101' Name='Entry' New state='Working' Instrument='MES SEP26' Action='Buy' Limit price=0 Stop price=0 Quantity=8 Type='Market' Time in force=GTC Oco='' Filled=0 Fill price=0 Error='No error' Native error='',
8/5/2026 9:54:02 PM,Order,Order='1526839245354a038e8e0655eb75febb/Sim101' Name='Entry' New state='Accepted' Instrument='MES SEP26' Action='Buy' Limit price=0 Stop price=0 Quantity=8 Type='Market' Time in force=GTC Oco='' Filled=0 Fill price=0 Error='No error' Native error='',
8/5/2026 9:54:02 PM,Order,Order='1526839245354a038e8e0655eb75febb/Sim101' Name='Entry' New state='Submitted' Instrument='MES SEP26' Action='Buy' Limit price=0 Stop price=0 Quantity=8 Type='Market' Time in force=GTC Oco='' Filled=0 Fill price=0 Error='No error' Native error='',
8/5/2026 9:54:02 PM,Order,Chart Trader submitting order with strategy 'MES $200 SL5 - 1' (Ticks),
8/5/2026 9:39:51 PM,Connection,Market data failed for 'MGC DEC26': 'get_order_book error : 13',
8/5/2026 9:39:51 PM,Connection,Market data failed for 'MES SEP26': 'get_order_book error : 13',
8/5/2026 9:39:50 PM,Connection,Using HDS (hds-us-nt-016.ninjatrader.com/31655),
8/5/2026 9:39:50 PM,Connection,Time to auto close position='12:00:00 AM' Enabled=False,
8/5/2026 9:39:49 PM,Connection,My Rithmic for NinjaTrader Brokerage: Primary connection=Connected Price feed=Connected,
8/5/2026 9:39:35 PM,Default,Restoring workspace 'SuperDOM 3'...,
8/5/2026 9:39:32 PM,Default,Auto close enabled=False,
8/5/2026 9:39:32 PM,Order,Order entry hot keys disabled,
8/5/2026 9:39:31 PM,Connection,My Rithmic for NinjaTrader Brokerage: Primary connection=Connecting Price feed=Connecting,
8/5/2026 9:39:31 PM,Default,Auto connecting 'My Rithmic for NinjaTrader Brokerage'...,
8/5/2026 9:39:31 PM,Default,Telemetry configuration updated to version 1003 (previous version 0).,
8/5/2026 9:39:31 PM,Default,Automated trading disabled,
8/5/2026 9:39:31 PM,Connection,Using IS (is-us-nt-005.ninjatrader.com/31658),
8/5/2026 9:39:28 PM,Default,Global simulation mode disabled,
8/5/2026 9:39:14 PM,Default,Session Break (Version 8.1.8.1),
8/5/2026 8:50:51 PM,Connection,My Rithmic for NinjaTrader Brokerage: Primary connection=Disconnected Price feed=Disconnected,
8/5/2026 8:50:51 PM,Connection,My Rithmic for NinjaTrader Brokerage: Primary connection=Disconnecting Price feed=Disconnecting,
8/5/2026 8:50:45 PM,Default,Workspace SuperDOM 3 not saved,
8/5/2026 8:50:43 PM,Default,Disabling NinjaScript strategy 'SampleAtmStrategy/382222614',
8/5/2026 8:50:01 PM,Strategy,Unable to load ATM strategy template from file 'C:\Users\Mohammed Khalid\Documents\NinjaTrader 8\templates\AtmStrategy\AtmStrategyTemplate.xml',
8/5/2026 8:40:46 PM,Position,Instrument='MES SEP26' Account='Sim101' Average price=0 Quantity=0 Market position=Flat Operation=Remove,
8/5/2026 8:40:46 PM,Execution,Execution='1fc42421fb3b41b3a277cbb3c254cb1d' Instrument='MES SEP26' Account='Sim101' Exchange=Default Price=7761.75 Quantity=8 Market position=Short Operation=Operation_Add Order='2a48014ca3f04d6da139eccfcabd4bc7' Time='8/5/2026 8:40 PM',
8/5/2026 8:40:46 PM,Order,Order='2a48014ca3f04d6da139eccfcabd4bc7/Sim101' Name='Close' New state='Filled' Instrument='MES SEP26' Action='Sell' Limit price=0 Stop price=0 Quantity=8 Type='Market' Time in force=DAY Oco='' Filled=8 Fill price=7761.75 Error='No error' Native error='',
8/5/2026 8:40:46 PM,Order,Order='2a48014ca3f04d6da139eccfcabd4bc7/Sim101' Name='Close' New state='Working' Instrument='MES SEP26' Action='Sell' Limit price=0 Stop price=0 Quantity=8 Type='Market' Time in force=DAY Oco='' Filled=0 Fill price=0 Error='No error' Native error='',
8/5/2026 8:40:46 PM,Order,Order='2a48014ca3f04d6da139eccfcabd4bc7/Sim101' Name='Close' New state='Accepted' Instrument='MES SEP26' Action='Sell' Limit price=0 Stop price=0 Quantity=8 Type='Market' Time in force=DAY Oco='' Filled=0 Fill price=0 Error='No error' Native error='',
8/5/2026 8:40:46 PM,Order,Order='2a48014ca3f04d6da139eccfcabd4bc7/Sim101' Name='Close' New state='Submitted' Instrument='MES SEP26' Action='Sell' Limit price=0 Stop price=0 Quantity=8 Type='Market' Time in force=DAY Oco='' Filled=0 Fill price=0 Error='No error' Native error='',
8/5/2026 8:40:46 PM,Order,Order='76278c05ba67419ca22471f6ae7267f8/Sim101' Name='Stop2' New state='Cancelled' Instrument='MES SEP26' Action='Sell' Limit price=0 Stop price=7757 Quantity=4 Type='Stop Market' Time in force=GTC Oco='93dd13ebebee4fecb51b2baeaa29eff6' Filled=0 Fill price=0 Error='No error' Native error='',
8/5/2026 8:40:46 PM,Order,Order='26afd28609834fb7b9adcefd36aea8fb/Sim101' Name='Target2' New state='Cancelled' Instrument='MES SEP26' Action='Sell' Limit price=7764.5 Stop price=0 Quantity=4 Type='Limit' Time in force=GTC Oco='93dd13ebebee4fecb51b2baeaa29eff6' Filled=0 Fill price=0 Error='No error' Native error='',
8/5/2026 8:40:46 PM,Order,Order='6b54a6f507bc427aaeca62fdae52518e/Sim101' Name='Stop1' New state='Cancelled' Instrument='MES SEP26' Action='Sell' Limit price=0 Stop price=7757 Quantity=4 Type='Stop Market' Time in force=GTC Oco='5bc662bf0a264232b45764ba25150da0' Filled=0 Fill price=0 Error='No error' Native error='',
8/5/2026 8:40:46 PM,Order,Order='9c62875956fe49f39afd4c86f00c3cd8/Sim101' Name='Target1' New state='Cancelled' Instrument='MES SEP26' Action='Sell' Limit price=7764 Stop price=0 Quantity=4 Type='Limit' Time in force=GTC Oco='5bc662bf0a264232b45764ba25150da0' Filled=0 Fill price=0 Error='No error' Native error='',
8/5/2026 8:40:46 PM,Order,Order='76278c05ba67419ca22471f6ae7267f8/Sim101' Name='Stop2' New state='Cancel submitted' Instrument='MES SEP26' Action='Sell' Limit price=0 Stop price=7757 Quantity=4 Type='Stop Market' Time in force=GTC Oco='93dd13ebebee4fecb51b2baeaa29eff6' Filled=0 Fill price=0 Error='No error' Native error='',
8/5/2026 8:40:46 PM,Order,Order='26afd28609834fb7b9adcefd36aea8fb/Sim101' Name='Target2' New state='Cancel submitted' Instrument='MES SEP26' Action='Sell' Limit price=7764.5 Stop price=0 Quantity=4 Type='Limit' Time in force=GTC Oco='93dd13ebebee4fecb51b2baeaa29eff6' Filled=0 Fill price=0 Error='No error' Native error='',
8/5/2026 8:40:46 PM,Order,Order='6b54a6f507bc427aaeca62fdae52518e/Sim101' Name='Stop1' New state='Cancel submitted' Instrument='MES SEP26' Action='Sell' Limit price=0 Stop price=7757 Quantity=4 Type='Stop Market' Time in force=GTC Oco='5bc662bf0a264232b45764ba25150da0' Filled=0 Fill price=0 Error='No error' Native error='',
8/5/2026 8:40:46 PM,Order,Order='9c62875956fe49f39afd4c86f00c3cd8/Sim101' Name='Target1' New state='Cancel submitted' Instrument='MES SEP26' Action='Sell' Limit price=7764 Stop price=0 Quantity=4 Type='Limit' Time in force=GTC Oco='5bc662bf0a264232b45764ba25150da0' Filled=0 Fill price=0 Error='No error' Native error='',
8/5/2026 8:40:46 PM,Default,Position grid close position,
8/5/2026 8:40:43 PM,Order,Order='26afd28609834fb7b9adcefd36aea8fb/Sim101' Name='Target2' New state='Accepted' Instrument='MES SEP26' Action='Sell' Limit price=7764.5 Stop price=0 Quantity=4 Type='Limit' Time in force=GTC Oco='93dd13ebebee4fecb51b2baeaa29eff6' Filled=0 Fill price=0 Error='No error' Native error='',
8/5/2026 8:40:43 PM,Order,Order='26afd28609834fb7b9adcefd36aea8fb/Sim101' Name='Target2' New state='Working' Instrument='MES SEP26' Action='Sell' Limit price=7764.5 Stop price=0 Quantity=4 Type='Limit' Time in force=GTC Oco='93dd13ebebee4fecb51b2baeaa29eff6' Filled=0 Fill price=0 Error='No error' Native error='',
8/5/2026 8:40:43 PM,Order,Order='76278c05ba67419ca22471f6ae7267f8/Sim101' Name='Stop2' New state='Accepted' Instrument='MES SEP26' Action='Sell' Limit price=0 Stop price=7757 Quantity=4 Type='Stop Market' Time in force=GTC Oco='93dd13ebebee4fecb51b2baeaa29eff6' Filled=0 Fill price=0 Error='No error' Native error='',
8/5/2026 8:40:43 PM,Order,Order='9c62875956fe49f39afd4c86f00c3cd8/Sim101' Name='Target1' New state='Working' Instrument='MES SEP26' Action='Sell' Limit price=7764 Stop price=0 Quantity=4 Type='Limit' Time in force=GTC Oco='5bc662bf0a264232b45764ba25150da0' Filled=0 Fill price=0 Error='No error' Native error='',
8/5/2026 8:40:43 PM,Order,Order='6b54a6f507bc427aaeca62fdae52518e/Sim101' Name='Stop1' New state='Accepted' Instrument='MES SEP26' Action='Sell' Limit price=0 Stop price=7757 Quantity=4 Type='Stop Market' Time in force=GTC Oco='5bc662bf0a264232b45764ba25150da0' Filled=0 Fill price=0 Error='No error' Native error='',
8/5/2026 8:40:43 PM,Order,Order='9c62875956fe49f39afd4c86f00c3cd8/Sim101' Name='Target1' New state='Accepted' Instrument='MES SEP26' Action='Sell' Limit price=7764 Stop price=0 Quantity=4 Type='Limit' Time in force=GTC Oco='5bc662bf0a264232b45764ba25150da0' Filled=0 Fill price=0 Error='No error' Native error='',
8/5/2026 8:40:42 PM,Order,Order='26afd28609834fb7b9adcefd36aea8fb/Sim101' Name='Target2' New state='Submitted' Instrument='MES SEP26' Action='Sell' Limit price=7764.5 Stop price=0 Quantity=4 Type='Limit' Time in force=GTC Oco='93dd13ebebee4fecb51b2baeaa29eff6' Filled=0 Fill price=0 Error='No error' Native error='',
8/5/2026 8:40:42 PM,Order,Order='76278c05ba67419ca22471f6ae7267f8/Sim101' Name='Stop2' New state='Submitted' Instrument='MES SEP26' Action='Sell' Limit price=0 Stop price=7757 Quantity=4 Type='Stop Market' Time in force=GTC Oco='93dd13ebebee4fecb51b2baeaa29eff6' Filled=0 Fill price=0 Error='No error' Native error='',
8/5/2026 8:40:42 PM,Order,Order='9c62875956fe49f39afd4c86f00c3cd8/Sim101' Name='Target1' New state='Submitted' Instrument='MES SEP26' Action='Sell' Limit price=7764 Stop price=0 Quantity=4 Type='Limit' Time in force=GTC Oco='5bc662bf0a264232b45764ba25150da0' Filled=0 Fill price=0 Error='No error' Native error='',
8/5/2026 8:40:42 PM,Order,Order='6b54a6f507bc427aaeca62fdae52518e/Sim101' Name='Stop1' New state='Submitted' Instrument='MES SEP26' Action='Sell' Limit price=0 Stop price=7757 Quantity=4 Type='Stop Market' Time in force=GTC Oco='5bc662bf0a264232b45764ba25150da0' Filled=0 Fill price=0 Error='No error' Native error='',
8/5/2026 8:40:42 PM,Position,Instrument='MES SEP26' Account='Sim101' Average price=7762.03125 Quantity=8 Market position=Long Operation=Update,
8/5/2026 8:40:42 PM,Execution,Execution='b5e778f8ffa64a8690a1bc88f19c098b' Instrument='MES SEP26' Account='Sim101' Exchange=Default Price=7762.25 Quantity=1 Market position=Long Operation=Operation_Add Order='5bf1b6a4ef7d40f892191849b44cdb3c' Time='8/5/2026 8:40 PM',
8/5/2026 8:40:42 PM,Order,Order='5bf1b6a4ef7d40f892191849b44cdb3c/Sim101' Name='Entry' New state='Filled' Instrument='MES SEP26' Action='Buy' Limit price=0 Stop price=0 Quantity=8 Type='Market' Time in force=GTC Oco='' Filled=8 Fill price=7762.03125 Error='No error' Native error='',
8/5/2026 8:40:42 PM,Position,Instrument='MES SEP26' Account='Sim101' Average price=7762 Quantity=7 Market position=Long Operation=Operation_Add,
8/5/2026 8:40:42 PM,Order,Order='5bf1b6a4ef7d40f892191849b44cdb3c/Sim101' Name='Entry' New state='Partially filled' Instrument='MES SEP26' Action='Buy' Limit price=0 Stop price=0 Quantity=8 Type='Market' Time in force=GTC Oco='' Filled=7 Fill price=7762 Error='No error' Native error='',
8/5/2026 8:40:42 PM,Execution,Execution='7a6423293f824f96a327208128dee7f7' Instrument='MES SEP26' Account='Sim101' Exchange=Default Price=7762 Quantity=7 Market position=Long Operation=Operation_Add Order='5bf1b6a4ef7d40f892191849b44cdb3c' Time='8/5/2026 8:40 PM',
8/5/2026 8:40:42 PM,Order,Order='5bf1b6a4ef7d40f892191849b44cdb3c/Sim101' Name='Entry' New state='Accepted' Instrument='MES SEP26' Action='Buy' Limit price=0 Stop price=0 Quantity=8 Type='Market' Time in force=GTC Oco='' Filled=0 Fill price=0 Error='No error' Native error='',
8/5/2026 8:40:42 PM,Order,Order='5bf1b6a4ef7d40f892191849b44cdb3c/Sim101' Name='Entry' New state='Working' Instrument='MES SEP26' Action='Buy' Limit price=0 Stop price=0 Quantity=8 Type='Market' Time in force=GTC Oco='' Filled=0 Fill price=0 Error='No error' Native error='',
8/5/2026 8:40:42 PM,Order,Order='5bf1b6a4ef7d40f892191849b44cdb3c/Sim101' Name='Entry' New state='Submitted' Instrument='MES SEP26' Action='Buy' Limit price=0 Stop price=0 Quantity=8 Type='Market' Time in force=GTC Oco='' Filled=0 Fill price=0 Error='No error' Native error='',
8/5/2026 8:40:42 PM,Order,Chart Trader submitting order with strategy 'MES $200 SL5 - 1' (Ticks),
8/5/2026 8:40:12 PM,Default,Enabling NinjaScript strategy 'SampleAtmStrategy/382222614' : On starting a real-time strategy - StartBehavior=WaitUntilFlat EntryHandling=All entries EntriesPerDirection=1 StopTargetHandling=Per entry execution ErrorHandling=Stop strategy cancel orders close positions ExitOnSessionClose=True / triggering 30 seconds before close SetOrderQuantityBy=Strategy ConnectionLossHandling=Recalculate DisconnectDelaySeconds=10 CancelEntriesOnStrategyDisable=False CancelExitsOnStrategyDisable=False Calculate=On bar close IsUnmanaged=False MaxRestarts=4 in 5 minutes,
8/5/2026 8:39:39 PM,Default,Disabling NinjaScript strategy 'SampleAtmStrategy/382222614',
8/5/2026 8:38:27 PM,Position,Instrument='MES SEP26' Account='Sim101' Average price=0 Quantity=0 Market position=Flat Operation=Remove,
8/5/2026 8:38:27 PM,Execution,Execution='e3bde28703cb4c2ea48652b754d4a65d' Instrument='MES SEP26' Account='Sim101' Exchange=Default Price=7762.25 Quantity=8 Market position=Short Operation=Operation_Add Order='2a07818c934b4805ad33f20758f6359a' Time='8/5/2026 8:38 PM',
8/5/2026 8:38:27 PM,Order,Order='2a07818c934b4805ad33f20758f6359a/Sim101' Name='Close' New state='Filled' Instrument='MES SEP26' Action='Sell' Limit price=0 Stop price=0 Quantity=8 Type='Market' Time in force=DAY Oco='' Filled=8 Fill price=7762.25 Error='No error' Native error='',
8/5/2026 8:38:27 PM,Order,Order='2a07818c934b4805ad33f20758f6359a/Sim101' Name='Close' New state='Working' Instrument='MES SEP26' Action='Sell' Limit price=0 Stop price=0 Quantity=8 Type='Market' Time in force=DAY Oco='' Filled=0 Fill price=0 Error='No error' Native error='',
8/5/2026 8:38:27 PM,Order,Order='2a07818c934b4805ad33f20758f6359a/Sim101' Name='Close' New state='Accepted' Instrument='MES SEP26' Action='Sell' Limit price=0 Stop price=0 Quantity=8 Type='Market' Time in force=DAY Oco='' Filled=0 Fill price=0 Error='No error' Native error='',
8/5/2026 8:38:27 PM,Order,Order='2a07818c934b4805ad33f20758f6359a/Sim101' Name='Close' New state='Submitted' Instrument='MES SEP26' Action='Sell' Limit price=0 Stop price=0 Quantity=8 Type='Market' Time in force=DAY Oco='' Filled=0 Fill price=0 Error='No error' Native error='',
8/5/2026 8:38:27 PM,Order,Order='440e6e5999a54f269e7b076541777219/Sim101' Name='Stop2' New state='Cancelled' Instrument='MES SEP26' Action='Sell' Limit price=0 Stop price=7757.75 Quantity=4 Type='Stop Market' Time in force=GTC Oco='aad82e4afbd943d6bd64331f979b600f' Filled=0 Fill price=0 Error='No error' Native error='',
8/5/2026 8:38:27 PM,Order,Order='a5623407a7da480b9a8646f2ee4051a5/Sim101' Name='Target2' New state='Cancelled' Instrument='MES SEP26' Action='Sell' Limit price=7765.25 Stop price=0 Quantity=4 Type='Limit' Time in force=GTC Oco='aad82e4afbd943d6bd64331f979b600f' Filled=0 Fill price=0 Error='No error' Native error='',
8/5/2026 8:38:27 PM,Order,Order='ff53bb1853a145f1bc286dcc4af8d45f/Sim101' Name='Stop1' New state='Cancelled' Instrument='MES SEP26' Action='Sell' Limit price=0 Stop price=7757.75 Quantity=4 Type='Stop Market' Time in force=GTC Oco='5130f902af7e42a3aabb340fbbe33d6b' Filled=0 Fill price=0 Error='No error' Native error='',
8/5/2026 8:38:27 PM,Order,Order='2580a97d23f24b21903d5f53973faf4e/Sim101' Name='Target1' New state='Cancelled' Instrument='MES SEP26' Action='Sell' Limit price=7764.75 Stop price=0 Quantity=4 Type='Limit' Time in force=GTC Oco='5130f902af7e42a3aabb340fbbe33d6b' Filled=0 Fill price=0 Error='No error' Native error='',
8/5/2026 8:38:27 PM,Order,Order='a5623407a7da480b9a8646f2ee4051a5/Sim101' Name='Target2' New state='Cancel submitted' Instrument='MES SEP26' Action='Sell' Limit price=7765.25 Stop price=0 Quantity=4 Type='Limit' Time in force=GTC Oco='aad82e4afbd943d6bd64331f979b600f' Filled=0 Fill price=0 Error='No error' Native error='',
8/5/2026 8:38:27 PM,Order,Order='ff53bb1853a145f1bc286dcc4af8d45f/Sim101' Name='Stop1' New state='Cancel submitted' Instrument='MES SEP26' Action='Sell' Limit price=0 Stop price=7757.75 Quantity=4 Type='Stop Market' Time in force=GTC Oco='5130f902af7e42a3aabb340fbbe33d6b' Filled=0 Fill price=0 Error='No error' Native error='',
8/5/2026 8:38:27 PM,Order,Order='440e6e5999a54f269e7b076541777219/Sim101' Name='Stop2' New state='Cancel submitted' Instrument='MES SEP26' Action='Sell' Limit price=0 Stop price=7757.75 Quantity=4 Type='Stop Market' Time in force=GTC Oco='aad82e4afbd943d6bd64331f979b600f' Filled=0 Fill price=0 Error='No error' Native error='',
8/5/2026 8:38:27 PM,Order,Order='2580a97d23f24b21903d5f53973faf4e/Sim101' Name='Target1' New state='Cancel submitted' Instrument='MES SEP26' Action='Sell' Limit price=7764.75 Stop price=0 Quantity=4 Type='Limit' Time in force=GTC Oco='5130f902af7e42a3aabb340fbbe33d6b' Filled=0 Fill price=0 Error='No error' Native error='',
8/5/2026 8:38:27 PM,Default,Position grid close position,
8/5/2026 8:38:11 PM,Order,Order='a5623407a7da480b9a8646f2ee4051a5/Sim101' Name='Target2' New state='Working' Instrument='MES SEP26' Action='Sell' Limit price=7765.25 Stop price=0 Quantity=4 Type='Limit' Time in force=GTC Oco='aad82e4afbd943d6bd64331f979b600f' Filled=0 Fill price=0 Error='No error' Native error='',
8/5/2026 8:38:11 PM,Order,Order='2580a97d23f24b21903d5f53973faf4e/Sim101' Name='Target1' New state='Working' Instrument='MES SEP26' Action='Sell' Limit price=7764.75 Stop price=0 Quantity=4 Type='Limit' Time in force=GTC Oco='5130f902af7e42a3aabb340fbbe33d6b' Filled=0 Fill price=0 Error='No error' Native error='',
8/5/2026 8:38:11 PM,Order,Order='a5623407a7da480b9a8646f2ee4051a5/Sim101' Name='Target2' New state='Accepted' Instrument='MES SEP26' Action='Sell' Limit price=7765.25 Stop price=0 Quantity=4 Type='Limit' Time in force=GTC Oco='aad82e4afbd943d6bd64331f979b600f' Filled=0 Fill price=0 Error='No error' Native error='',
8/5/2026 8:38:11 PM,Order,Order='440e6e5999a54f269e7b076541777219/Sim101' Name='Stop2' New state='Accepted' Instrument='MES SEP26' Action='Sell' Limit price=0 Stop price=7757.75 Quantity=4 Type='Stop Market' Time in force=GTC Oco='aad82e4afbd943d6bd64331f979b600f' Filled=0 Fill price=0 Error='No error' Native error='',
8/5/2026 8:38:11 PM,Order,Order='2580a97d23f24b21903d5f53973faf4e/Sim101' Name='Target1' New state='Accepted' Instrument='MES SEP26' Action='Sell' Limit price=7764.75 Stop price=0 Quantity=4 Type='Limit' Time in force=GTC Oco='5130f902af7e42a3aabb340fbbe33d6b' Filled=0 Fill price=0 Error='No error' Native error='',
8/5/2026 8:38:11 PM,Order,Order='ff53bb1853a145f1bc286dcc4af8d45f/Sim101' Name='Stop1' New state='Accepted' Instrument='MES SEP26' Action='Sell' Limit price=0 Stop price=7757.75 Quantity=4 Type='Stop Market' Time in force=GTC Oco='5130f902af7e42a3aabb340fbbe33d6b' Filled=0 Fill price=0 Error='No error' Native error='',
8/5/2026 8:38:11 PM,Order,Order='a5623407a7da480b9a8646f2ee4051a5/Sim101' Name='Target2' New state='Submitted' Instrument='MES SEP26' Action='Sell' Limit price=7765.25 Stop price=0 Quantity=4 Type='Limit' Time in force=GTC Oco='aad82e4afbd943d6bd64331f979b600f' Filled=0 Fill price=0 Error='No error' Native error='',
8/5/2026 8:38:11 PM,Order,Order='440e6e5999a54f269e7b076541777219/Sim101' Name='Stop2' New state='Submitted' Instrument='MES SEP26' Action='Sell' Limit price=0 Stop price=7757.75 Quantity=4 Type='Stop Market' Time in force=GTC Oco='aad82e4afbd943d6bd64331f979b600f' Filled=0 Fill price=0 Error='No error' Native error='',
8/5/2026 8:38:11 PM,Order,Order='2580a97d23f24b21903d5f53973faf4e/Sim101' Name='Target1' New state='Submitted' Instrument='MES SEP26' Action='Sell' Limit price=7764.75 Stop price=0 Quantity=4 Type='Limit' Time in force=GTC Oco='5130f902af7e42a3aabb340fbbe33d6b' Filled=0 Fill price=0 Error='No error' Native error='',
8/5/2026 8:38:11 PM,Order,Order='ff53bb1853a145f1bc286dcc4af8d45f/Sim101' Name='Stop1' New state='Submitted' Instrument='MES SEP26' Action='Sell' Limit price=0 Stop price=7757.75 Quantity=4 Type='Stop Market' Time in force=GTC Oco='5130f902af7e42a3aabb340fbbe33d6b' Filled=0 Fill price=0 Error='No error' Native error='',
8/5/2026 8:38:11 PM,Position,Instrument='MES SEP26' Account='Sim101' Average price=7762.75 Quantity=8 Market position=Long Operation=Operation_Add,
8/5/2026 8:38:11 PM,Execution,Execution='fea99ea966b94e74a4414c955266e8c9' Instrument='MES SEP26' Account='Sim101' Exchange=Default Price=7762.75 Quantity=8 Market position=Long Operation=Operation_Add Order='0c8de1c38c5247aaba571e797a123c4c' Time='8/5/2026 8:38 PM',
8/5/2026 8:38:11 PM,Order,Order='0c8de1c38c5247aaba571e797a123c4c/Sim101' Name='Entry' New state='Filled' Instrument='MES SEP26' Action='Buy' Limit price=0 Stop price=0 Quantity=8 Type='Market' Time in force=GTC Oco='' Filled=8 Fill price=7762.75 Error='No error' Native error='',
8/5/2026 8:38:11 PM,Order,Order='0c8de1c38c5247aaba571e797a123c4c/Sim101' Name='Entry' New state='Accepted' Instrument='MES SEP26' Action='Buy' Limit price=0 Stop price=0 Quantity=8 Type='Market' Time in force=GTC Oco='' Filled=0 Fill price=0 Error='No error' Native error='',
8/5/2026 8:38:11 PM,Order,Order='0c8de1c38c5247aaba571e797a123c4c/Sim101' Name='Entry' New state='Working' Instrument='MES SEP26' Action='Buy' Limit price=0 Stop price=0 Quantity=8 Type='Market' Time in force=GTC Oco='' Filled=0 Fill price=0 Error='No error' Native error='',
8/5/2026 8:38:11 PM,Order,Order='0c8de1c38c5247aaba571e797a123c4c/Sim101' Name='Entry' New state='Submitted' Instrument='MES SEP26' Action='Buy' Limit price=0 Stop price=0 Quantity=8 Type='Market' Time in force=GTC Oco='' Filled=0 Fill price=0 Error='No error' Native error='',
8/5/2026 8:38:11 PM,Order,Chart Trader submitting order with strategy 'MES $200 SL5 - 1' (Ticks),
8/5/2026 8:37:40 PM,Default,Enabling NinjaScript strategy 'SampleAtmStrategy/382222614' : On starting a real-time strategy - StartBehavior=WaitUntilFlat EntryHandling=All entries EntriesPerDirection=1 StopTargetHandling=Per entry execution ErrorHandling=Stop strategy cancel orders close positions ExitOnSessionClose=True / triggering 30 seconds before close SetOrderQuantityBy=Strategy ConnectionLossHandling=Recalculate DisconnectDelaySeconds=10 CancelEntriesOnStrategyDisable=False CancelExitsOnStrategyDisable=False Calculate=On bar close IsUnmanaged=False MaxRestarts=4 in 5 minutes,
8/5/2026 8:31:41 PM,Default,Disabling NinjaScript strategy 'SampleAtmStrategy/382222614',
8/5/2026 8:27:56 PM,Position,Instrument='MES SEP26' Account='Sim101' Average price=0 Quantity=0 Market position=Flat Operation=Remove,
8/5/2026 8:27:56 PM,Execution,Execution='18318024a30c41798170e4ebd5359f29' Instrument='MES SEP26' Account='Sim101' Exchange=Default Price=7760.25 Quantity=8 Market position=Short Operation=Operation_Add Order='46e20d33486a42a5bed1c912068111e3' Time='8/5/2026 8:27 PM',
8/5/2026 8:27:56 PM,Order,Order='46e20d33486a42a5bed1c912068111e3/Sim101' Name='Close' New state='Filled' Instrument='MES SEP26' Action='Sell' Limit price=0 Stop price=0 Quantity=8 Type='Market' Time in force=DAY Oco='' Filled=8 Fill price=7760.25 Error='No error' Native error='',
8/5/2026 8:27:56 PM,Order,Order='46e20d33486a42a5bed1c912068111e3/Sim101' Name='Close' New state='Accepted' Instrument='MES SEP26' Action='Sell' Limit price=0 Stop price=0 Quantity=8 Type='Market' Time in force=DAY Oco='' Filled=0 Fill price=0 Error='No error' Native error='',
8/5/2026 8:27:56 PM,Order,Order='46e20d33486a42a5bed1c912068111e3/Sim101' Name='Close' New state='Working' Instrument='MES SEP26' Action='Sell' Limit price=0 Stop price=0 Quantity=8 Type='Market' Time in force=DAY Oco='' Filled=0 Fill price=0 Error='No error' Native error='',
8/5/2026 8:27:56 PM,Order,Order='46e20d33486a42a5bed1c912068111e3/Sim101' Name='Close' New state='Submitted' Instrument='MES SEP26' Action='Sell' Limit price=0 Stop price=0 Quantity=8 Type='Market' Time in force=DAY Oco='' Filled=0 Fill price=0 Error='No error' Native error='',
8/5/2026 8:27:56 PM,Order,Order='90864c635f194dd794c45c37b7374e0c/Sim101' Name='Stop1' New state='Cancelled' Instrument='MES SEP26' Action='Sell' Limit price=0 Stop price=7756 Quantity=4 Type='Stop Market' Time in force=GTC Oco='01a1c8a13d4a46e38cd2ebec567432ac' Filled=0 Fill price=0 Error='No error' Native error='',
8/5/2026 8:27:56 PM,Order,Order='47e0c9701beb4e9baf9f278b60456077/Sim101' Name='Stop2' New state='Cancelled' Instrument='MES SEP26' Action='Sell' Limit price=0 Stop price=7756 Quantity=4 Type='Stop Market' Time in force=GTC Oco='ce1529462a3d414b9bc141d2b362edc4' Filled=0 Fill price=0 Error='No error' Native error='',
8/5/2026 8:27:56 PM,Order,Order='bb8b1ce94d33447cbf924587e06966f2/Sim101' Name='Target1' New state='Cancelled' Instrument='MES SEP26' Action='Sell' Limit price=7763 Stop price=0 Quantity=4 Type='Limit' Time in force=GTC Oco='01a1c8a13d4a46e38cd2ebec567432ac' Filled=0 Fill price=0 Error='No error' Native error='',
8/5/2026 8:27:56 PM,Order,Order='993ee6b14a43439bb881c499fe0bd582/Sim101' Name='Target2' New state='Cancelled' Instrument='MES SEP26' Action='Sell' Limit price=7763.5 Stop price=0 Quantity=4 Type='Limit' Time in force=GTC Oco='ce1529462a3d414b9bc141d2b362edc4' Filled=0 Fill price=0 Error='No error' Native error='',
8/5/2026 8:27:55 PM,Order,Order='47e0c9701beb4e9baf9f278b60456077/Sim101' Name='Stop2' New state='Cancel submitted' Instrument='MES SEP26' Action='Sell' Limit price=0 Stop price=7756 Quantity=4 Type='Stop Market' Time in force=GTC Oco='ce1529462a3d414b9bc141d2b362edc4' Filled=0 Fill price=0 Error='No error' Native error='',
8/5/2026 8:27:55 PM,Order,Order='90864c635f194dd794c45c37b7374e0c/Sim101' Name='Stop1' New state='Cancel submitted' Instrument='MES SEP26' Action='Sell' Limit price=0 Stop price=7756 Quantity=4 Type='Stop Market' Time in force=GTC Oco='01a1c8a13d4a46e38cd2ebec567432ac' Filled=0 Fill price=0 Error='No error' Native error='',
8/5/2026 8:27:55 PM,Order,Order='993ee6b14a43439bb881c499fe0bd582/Sim101' Name='Target2' New state='Cancel submitted' Instrument='MES SEP26' Action='Sell' Limit price=7763.5 Stop price=0 Quantity=4 Type='Limit' Time in force=GTC Oco='ce1529462a3d414b9bc141d2b362edc4' Filled=0 Fill price=0 Error='No error' Native error='',
8/5/2026 8:27:55 PM,Order,Order='bb8b1ce94d33447cbf924587e06966f2/Sim101' Name='Target1' New state='Cancel submitted' Instrument='MES SEP26' Action='Sell' Limit price=7763 Stop price=0 Quantity=4 Type='Limit' Time in force=GTC Oco='01a1c8a13d4a46e38cd2ebec567432ac' Filled=0 Fill price=0 Error='No error' Native error='',
8/5/2026 8:27:55 PM,Default,Chart Trader close position,
8/5/2026 8:27:39 PM,Order,Order='993ee6b14a43439bb881c499fe0bd582/Sim101' Name='Target2' New state='Working' Instrument='MES SEP26' Action='Sell' Limit price=7763.5 Stop price=0 Quantity=4 Type='Limit' Time in force=GTC Oco='ce1529462a3d414b9bc141d2b362edc4' Filled=0 Fill price=0 Error='No error' Native error='',
8/5/2026 8:27:39 PM,Order,Order='993ee6b14a43439bb881c499fe0bd582/Sim101' Name='Target2' New state='Accepted' Instrument='MES SEP26' Action='Sell' Limit price=7763.5 Stop price=0 Quantity=4 Type='Limit' Time in force=GTC Oco='ce1529462a3d414b9bc141d2b362edc4' Filled=0 Fill price=0 Error='No error' Native error='',
8/5/2026 8:27:39 PM,Order,Order='47e0c9701beb4e9baf9f278b60456077/Sim101' Name='Stop2' New state='Accepted' Instrument='MES SEP26' Action='Sell' Limit price=0 Stop price=7756 Quantity=4 Type='Stop Market' Time in force=GTC Oco='ce1529462a3d414b9bc141d2b362edc4' Filled=0 Fill price=0 Error='No error' Native error='',
8/5/2026 8:27:39 PM,Order,Order='bb8b1ce94d33447cbf924587e06966f2/Sim101' Name='Target1' New state='Working' Instrument='MES SEP26' Action='Sell' Limit price=7763 Stop price=0 Quantity=4 Type='Limit' Time in force=GTC Oco='01a1c8a13d4a46e38cd2ebec567432ac' Filled=0 Fill price=0 Error='No error' Native error='',
8/5/2026 8:27:39 PM,Order,Order='bb8b1ce94d33447cbf924587e06966f2/Sim101' Name='Target1' New state='Accepted' Instrument='MES SEP26' Action='Sell' Limit price=7763 Stop price=0 Quantity=4 Type='Limit' Time in force=GTC Oco='01a1c8a13d4a46e38cd2ebec567432ac' Filled=0 Fill price=0 Error='No error' Native error='',
8/5/2026 8:27:39 PM,Order,Order='90864c635f194dd794c45c37b7374e0c/Sim101' Name='Stop1' New state='Accepted' Instrument='MES SEP26' Action='Sell' Limit price=0 Stop price=7756 Quantity=4 Type='Stop Market' Time in force=GTC Oco='01a1c8a13d4a46e38cd2ebec567432ac' Filled=0 Fill price=0 Error='No error' Native error='',
8/5/2026 8:27:39 PM,Order,Order='993ee6b14a43439bb881c499fe0bd582/Sim101' Name='Target2' New state='Submitted' Instrument='MES SEP26' Action='Sell' Limit price=7763.5 Stop price=0 Quantity=4 Type='Limit' Time in force=GTC Oco='ce1529462a3d414b9bc141d2b362edc4' Filled=0 Fill price=0 Error='No error' Native error='',
8/5/2026 8:27:39 PM,Order,Order='47e0c9701beb4e9baf9f278b60456077/Sim101' Name='Stop2' New state='Submitted' Instrument='MES SEP26' Action='Sell' Limit price=0 Stop price=7756 Quantity=4 Type='Stop Market' Time in force=GTC Oco='ce1529462a3d414b9bc141d2b362edc4' Filled=0 Fill price=0 Error='No error' Native error='',
8/5/2026 8:27:39 PM,Order,Order='bb8b1ce94d33447cbf924587e06966f2/Sim101' Name='Target1' New state='Submitted' Instrument='MES SEP26' Action='Sell' Limit price=7763 Stop price=0 Quantity=4 Type='Limit' Time in force=GTC Oco='01a1c8a13d4a46e38cd2ebec567432ac' Filled=0 Fill price=0 Error='No error' Native error='',
8/5/2026 8:27:39 PM,Order,Order='90864c635f194dd794c45c37b7374e0c/Sim101' Name='Stop1' New state='Submitted' Instrument='MES SEP26' Action='Sell' Limit price=0 Stop price=7756 Quantity=4 Type='Stop Market' Time in force=GTC Oco='01a1c8a13d4a46e38cd2ebec567432ac' Filled=0 Fill price=0 Error='No error' Native error='',
8/5/2026 8:27:39 PM,Execution,Execution='2536da46db6d43cbaf6bdebed89f9281' Instrument='MES SEP26' Account='Sim101' Exchange=Default Price=7761 Quantity=8 Market position=Long Operation=Operation_Add Order='4b6aec9cc9264c5caa48eaf15a978ea1' Time='8/5/2026 8:27 PM',
8/5/2026 8:27:39 PM,Position,Instrument='MES SEP26' Account='Sim101' Average price=7761 Quantity=8 Market position=Long Operation=Operation_Add,
8/5/2026 8:27:39 PM,Order,Order='4b6aec9cc9264c5caa48eaf15a978ea1/Sim101' Name='Entry' New state='Filled' Instrument='MES SEP26' Action='Buy' Limit price=0 Stop price=0 Quantity=8 Type='Market' Time in force=GTC Oco='' Filled=8 Fill price=7761 Error='No error' Native error='',
8/5/2026 8:27:39 PM,Order,Order='4b6aec9cc9264c5caa48eaf15a978ea1/Sim101' Name='Entry' New state='Accepted' Instrument='MES SEP26' Action='Buy' Limit price=0 Stop price=0 Quantity=8 Type='Market' Time in force=GTC Oco='' Filled=0 Fill price=0 Error='No error' Native error='',
8/5/2026 8:27:39 PM,Order,Order='4b6aec9cc9264c5caa48eaf15a978ea1/Sim101' Name='Entry' New state='Working' Instrument='MES SEP26' Action='Buy' Limit price=0 Stop price=0 Quantity=8 Type='Market' Time in force=GTC Oco='' Filled=0 Fill price=0 Error='No error' Native error='',
8/5/2026 8:27:39 PM,Order,Order='4b6aec9cc9264c5caa48eaf15a978ea1/Sim101' Name='Entry' New state='Submitted' Instrument='MES SEP26' Action='Buy' Limit price=0 Stop price=0 Quantity=8 Type='Market' Time in force=GTC Oco='' Filled=0 Fill price=0 Error='No error' Native error='',
8/5/2026 8:27:39 PM,Order,Chart Trader submitting order with strategy 'MES $200 SL5 - 1' (Ticks),
8/5/2026 8:27:11 PM,Default,Cancel all orders account='Sim101',
8/5/2026 8:27:11 PM,Default,Chart Trader close position,
8/5/2026 8:26:36 PM,Position,Instrument='MES SEP26' Account='Sim101' Average price=0 Quantity=0 Market position=Flat Operation=Remove,
8/5/2026 8:26:36 PM,Execution,Execution='282d3062a8654c5384f7da682918fe9c' Instrument='MES SEP26' Account='Sim101' Exchange=Default Price=7761 Quantity=8 Market position=Short Operation=Operation_Add Order='1cd0413f14934bbc83358a37161045a9' Time='8/5/2026 8:26 PM',
8/5/2026 8:26:36 PM,Order,Order='1cd0413f14934bbc83358a37161045a9/Sim101' Name='Close' New state='Filled' Instrument='MES SEP26' Action='Sell' Limit price=0 Stop price=0 Quantity=8 Type='Market' Time in force=DAY Oco='' Filled=8 Fill price=7761 Error='No error' Native error='',
8/5/2026 8:26:36 PM,Order,Order='1cd0413f14934bbc83358a37161045a9/Sim101' Name='Close' New state='Working' Instrument='MES SEP26' Action='Sell' Limit price=0 Stop price=0 Quantity=8 Type='Market' Time in force=DAY Oco='' Filled=0 Fill price=0 Error='No error' Native error='',
8/5/2026 8:26:36 PM,Order,Order='1cd0413f14934bbc83358a37161045a9/Sim101' Name='Close' New state='Accepted' Instrument='MES SEP26' Action='Sell' Limit price=0 Stop price=0 Quantity=8 Type='Market' Time in force=DAY Oco='' Filled=0 Fill price=0 Error='No error' Native error='',
8/5/2026 8:26:36 PM,Order,Order='1cd0413f14934bbc83358a37161045a9/Sim101' Name='Close' New state='Submitted' Instrument='MES SEP26' Action='Sell' Limit price=0 Stop price=0 Quantity=8 Type='Market' Time in force=DAY Oco='' Filled=0 Fill price=0 Error='No error' Native error='',
8/5/2026 8:26:36 PM,Order,Order='8e36c471bf5946adbcf6b67fecfbed06/Sim101' Name='Stop2' New state='Cancelled' Instrument='MES SEP26' Action='Sell' Limit price=0 Stop price=7756.5 Quantity=4 Type='Stop Market' Time in force=GTC Oco='35453b15ec27477394d65b34ef5bbca6' Filled=0 Fill price=0 Error='No error' Native error='',
8/5/2026 8:26:36 PM,Order,Order='cc4688456c1b47ca9ba3fc494d650e98/Sim101' Name='Target2' New state='Cancelled' Instrument='MES SEP26' Action='Sell' Limit price=7764 Stop price=0 Quantity=4 Type='Limit' Time in force=GTC Oco='35453b15ec27477394d65b34ef5bbca6' Filled=0 Fill price=0 Error='No error' Native error='',
8/5/2026 8:26:36 PM,Order,Order='19ce046f61b14c3ea10d69cb9e09c158/Sim101' Name='Target1' New state='Cancelled' Instrument='MES SEP26' Action='Sell' Limit price=7763.5 Stop price=0 Quantity=4 Type='Limit' Time in force=GTC Oco='4a9be014594c419f88cacb6328962c32' Filled=0 Fill price=0 Error='No error' Native error='',
8/5/2026 8:26:36 PM,Order,Order='399221c5706f402894e6f16603535fb0/Sim101' Name='Stop1' New state='Cancelled' Instrument='MES SEP26' Action='Sell' Limit price=0 Stop price=7756.5 Quantity=4 Type='Stop Market' Time in force=GTC Oco='4a9be014594c419f88cacb6328962c32' Filled=0 Fill price=0 Error='No error' Native error='',
8/5/2026 8:26:36 PM,Order,Order='8e36c471bf5946adbcf6b67fecfbed06/Sim101' Name='Stop2' New state='Cancel submitted' Instrument='MES SEP26' Action='Sell' Limit price=0 Stop price=7756.5 Quantity=4 Type='Stop Market' Time in force=GTC Oco='35453b15ec27477394d65b34ef5bbca6' Filled=0 Fill price=0 Error='No error' Native error='',
8/5/2026 8:26:36 PM,Order,Order='399221c5706f402894e6f16603535fb0/Sim101' Name='Stop1' New state='Cancel submitted' Instrument='MES SEP26' Action='Sell' Limit price=0 Stop price=7756.5 Quantity=4 Type='Stop Market' Time in force=GTC Oco='4a9be014594c419f88cacb6328962c32' Filled=0 Fill price=0 Error='No error' Native error='',
8/5/2026 8:26:36 PM,Order,Order='cc4688456c1b47ca9ba3fc494d650e98/Sim101' Name='Target2' New state='Cancel submitted' Instrument='MES SEP26' Action='Sell' Limit price=7764 Stop price=0 Quantity=4 Type='Limit' Time in force=GTC Oco='35453b15ec27477394d65b34ef5bbca6' Filled=0 Fill price=0 Error='No error' Native error='',
8/5/2026 8:26:36 PM,Order,Order='19ce046f61b14c3ea10d69cb9e09c158/Sim101' Name='Target1' New state='Cancel submitted' Instrument='MES SEP26' Action='Sell' Limit price=7763.5 Stop price=0 Quantity=4 Type='Limit' Time in force=GTC Oco='4a9be014594c419f88cacb6328962c32' Filled=0 Fill price=0 Error='No error' Native error='',
8/5/2026 8:26:36 PM,Default,Chart Trader close position,
8/5/2026 8:26:25 PM,Order,Order='cc4688456c1b47ca9ba3fc494d650e98/Sim101' Name='Target2' New state='Working' Instrument='MES SEP26' Action='Sell' Limit price=7764 Stop price=0 Quantity=4 Type='Limit' Time in force=GTC Oco='35453b15ec27477394d65b34ef5bbca6' Filled=0 Fill price=0 Error='No error' Native error='',
8/5/2026 8:26:25 PM,Order,Order='cc4688456c1b47ca9ba3fc494d650e98/Sim101' Name='Target2' New state='Accepted' Instrument='MES SEP26' Action='Sell' Limit price=7764 Stop price=0 Quantity=4 Type='Limit' Time in force=GTC Oco='35453b15ec27477394d65b34ef5bbca6' Filled=0 Fill price=0 Error='No error' Native error='',
8/5/2026 8:26:25 PM,Order,Order='8e36c471bf5946adbcf6b67fecfbed06/Sim101' Name='Stop2' New state='Accepted' Instrument='MES SEP26' Action='Sell' Limit price=0 Stop price=7756.5 Quantity=4 Type='Stop Market' Time in force=GTC Oco='35453b15ec27477394d65b34ef5bbca6' Filled=0 Fill price=0 Error='No error' Native error='',
8/5/2026 8:26:25 PM,Order,Order='19ce046f61b14c3ea10d69cb9e09c158/Sim101' Name='Target1' New state='Accepted' Instrument='MES SEP26' Action='Sell' Limit price=7763.5 Stop price=0 Quantity=4 Type='Limit' Time in force=GTC Oco='4a9be014594c419f88cacb6328962c32' Filled=0 Fill price=0 Error='No error' Native error='',
8/5/2026 8:26:25 PM,Order,Order='19ce046f61b14c3ea10d69cb9e09c158/Sim101' Name='Target1' New state='Working' Instrument='MES SEP26' Action='Sell' Limit price=7763.5 Stop price=0 Quantity=4 Type='Limit' Time in force=GTC Oco='4a9be014594c419f88cacb6328962c32' Filled=0 Fill price=0 Error='No error' Native error='',
8/5/2026 8:26:25 PM,Order,Order='399221c5706f402894e6f16603535fb0/Sim101' Name='Stop1' New state='Accepted' Instrument='MES SEP26' Action='Sell' Limit price=0 Stop price=7756.5 Quantity=4 Type='Stop Market' Time in force=GTC Oco='4a9be014594c419f88cacb6328962c32' Filled=0 Fill price=0 Error='No error' Native error='',
8/5/2026 8:26:25 PM,Order,Order='cc4688456c1b47ca9ba3fc494d650e98/Sim101' Name='Target2' New state='Submitted' Instrument='MES SEP26' Action='Sell' Limit price=7764 Stop price=0 Quantity=4 Type='Limit' Time in force=GTC Oco='35453b15ec27477394d65b34ef5bbca6' Filled=0 Fill price=0 Error='No error' Native error='',
8/5/2026 8:26:25 PM,Order,Order='8e36c471bf5946adbcf6b67fecfbed06/Sim101' Name='Stop2' New state='Submitted' Instrument='MES SEP26' Action='Sell' Limit price=0 Stop price=7756.5 Quantity=4 Type='Stop Market' Time in force=GTC Oco='35453b15ec27477394d65b34ef5bbca6' Filled=0 Fill price=0 Error='No error' Native error='',
8/5/2026 8:26:25 PM,Order,Order='19ce046f61b14c3ea10d69cb9e09c158/Sim101' Name='Target1' New state='Submitted' Instrument='MES SEP26' Action='Sell' Limit price=7763.5 Stop price=0 Quantity=4 Type='Limit' Time in force=GTC Oco='4a9be014594c419f88cacb6328962c32' Filled=0 Fill price=0 Error='No error' Native error='',
8/5/2026 8:26:25 PM,Order,Order='399221c5706f402894e6f16603535fb0/Sim101' Name='Stop1' New state='Submitted' Instrument='MES SEP26' Action='Sell' Limit price=0 Stop price=7756.5 Quantity=4 Type='Stop Market' Time in force=GTC Oco='4a9be014594c419f88cacb6328962c32' Filled=0 Fill price=0 Error='No error' Native error='',
8/5/2026 8:26:25 PM,Execution,Execution='8e26662626014eda8dea462da22ce437' Instrument='MES SEP26' Account='Sim101' Exchange=Default Price=7761.5 Quantity=8 Market position=Long Operation=Operation_Add Order='99cbb9e3e5394289805df8a3768dfa2b' Time='8/5/2026 8:26 PM',
8/5/2026 8:26:25 PM,Position,Instrument='MES SEP26' Account='Sim101' Average price=7761.5 Quantity=8 Market position=Long Operation=Operation_Add,
8/5/2026 8:26:25 PM,Order,Order='99cbb9e3e5394289805df8a3768dfa2b/Sim101' Name='Entry' New state='Filled' Instrument='MES SEP26' Action='Buy' Limit price=0 Stop price=0 Quantity=8 Type='Market' Time in force=GTC Oco='' Filled=8 Fill price=7761.5 Error='No error' Native error='',
8/5/2026 8:26:25 PM,Order,Order='99cbb9e3e5394289805df8a3768dfa2b/Sim101' Name='Entry' New state='Working' Instrument='MES SEP26' Action='Buy' Limit price=0 Stop price=0 Quantity=8 Type='Market' Time in force=GTC Oco='' Filled=0 Fill price=0 Error='No error' Native error='',
8/5/2026 8:26:25 PM,Order,Order='99cbb9e3e5394289805df8a3768dfa2b/Sim101' Name='Entry' New state='Accepted' Instrument='MES SEP26' Action='Buy' Limit price=0 Stop price=0 Quantity=8 Type='Market' Time in force=GTC Oco='' Filled=0 Fill price=0 Error='No error' Native error='',
8/5/2026 8:26:24 PM,Order,Order='99cbb9e3e5394289805df8a3768dfa2b/Sim101' Name='Entry' New state='Submitted' Instrument='MES SEP26' Action='Buy' Limit price=0 Stop price=0 Quantity=8 Type='Market' Time in force=GTC Oco='' Filled=0 Fill price=0 Error='No error' Native error='',
8/5/2026 8:26:24 PM,Order,Chart Trader submitting order with strategy 'MES $200 SL5 - 1' (Ticks),
8/5/2026 8:26:14 PM,Position,Instrument='MES SEP26' Account='Sim101' Average price=0 Quantity=0 Market position=Flat Operation=Remove,
8/5/2026 8:26:14 PM,Execution,Execution='5592712260164789900d580f820f58c3' Instrument='MES SEP26' Account='Sim101' Exchange=Default Price=7761 Quantity=8 Market position=Short Operation=Operation_Add Order='1fa96708525b4d1897f2235b3dc1225c' Time='8/5/2026 8:26 PM',
8/5/2026 8:26:14 PM,Order,Order='1fa96708525b4d1897f2235b3dc1225c/Sim101' Name='Close' New state='Filled' Instrument='MES SEP26' Action='Sell' Limit price=0 Stop price=0 Quantity=8 Type='Market' Time in force=DAY Oco='' Filled=8 Fill price=7761 Error='No error' Native error='',
8/5/2026 8:26:14 PM,Order,Order='1fa96708525b4d1897f2235b3dc1225c/Sim101' Name='Close' New state='Working' Instrument='MES SEP26' Action='Sell' Limit price=0 Stop price=0 Quantity=8 Type='Market' Time in force=DAY Oco='' Filled=0 Fill price=0 Error='No error' Native error='',
8/5/2026 8:26:14 PM,Order,Order='1fa96708525b4d1897f2235b3dc1225c/Sim101' Name='Close' New state='Accepted' Instrument='MES SEP26' Action='Sell' Limit price=0 Stop price=0 Quantity=8 Type='Market' Time in force=DAY Oco='' Filled=0 Fill price=0 Error='No error' Native error='',
8/5/2026 8:26:14 PM,Order,Order='1fa96708525b4d1897f2235b3dc1225c/Sim101' Name='Close' New state='Submitted' Instrument='MES SEP26' Action='Sell' Limit price=0 Stop price=0 Quantity=8 Type='Market' Time in force=DAY Oco='' Filled=0 Fill price=0 Error='No error' Native error='',
8/5/2026 8:26:14 PM,Order,Order='436c4ce9c35a4fc48963d79767fd9691/Sim101' Name='Stop2' New state='Cancelled' Instrument='MES SEP26' Action='Sell' Limit price=0 Stop price=7756.75 Quantity=4 Type='Stop Market' Time in force=GTC Oco='0a2886151ec14abcb6cf675bb03c9167' Filled=0 Fill price=0 Error='No error' Native error='',
8/5/2026 8:26:14 PM,Order,Order='00c01367098f4fb4bce181fb5b6c8c9f/Sim101' Name='Stop1' New state='Cancelled' Instrument='MES SEP26' Action='Sell' Limit price=0 Stop price=7756.75 Quantity=4 Type='Stop Market' Time in force=GTC Oco='271852c5c5364683be09f09fe2fa0201' Filled=0 Fill price=0 Error='No error' Native error='',
8/5/2026 8:26:14 PM,Order,Order='a746f2a0b7d745d78b55abdd6b53b721/Sim101' Name='Target2' New state='Cancelled' Instrument='MES SEP26' Action='Sell' Limit price=7764.25 Stop price=0 Quantity=4 Type='Limit' Time in force=GTC Oco='0a2886151ec14abcb6cf675bb03c9167' Filled=0 Fill price=0 Error='No error' Native error='',
8/5/2026 8:26:14 PM,Order,Order='e207653313a24ebc970264a22950753c/Sim101' Name='Target1' New state='Cancelled' Instrument='MES SEP26' Action='Sell' Limit price=7763.75 Stop price=0 Quantity=4 Type='Limit' Time in force=GTC Oco='271852c5c5364683be09f09fe2fa0201' Filled=0 Fill price=0 Error='No error' Native error='',
8/5/2026 8:26:14 PM,Order,Order='436c4ce9c35a4fc48963d79767fd9691/Sim101' Name='Stop2' New state='Cancel submitted' Instrument='MES SEP26' Action='Sell' Limit price=0 Stop price=7756.75 Quantity=4 Type='Stop Market' Time in force=GTC Oco='0a2886151ec14abcb6cf675bb03c9167' Filled=0 Fill price=0 Error='No error' Native error='',
8/5/2026 8:26:14 PM,Order,Order='00c01367098f4fb4bce181fb5b6c8c9f/Sim101' Name='Stop1' New state='Cancel submitted' Instrument='MES SEP26' Action='Sell' Limit price=0 Stop price=7756.75 Quantity=4 Type='Stop Market' Time in force=GTC Oco='271852c5c5364683be09f09fe2fa0201' Filled=0 Fill price=0 Error='No error' Native error='',
8/5/2026 8:26:14 PM,Order,Order='a746f2a0b7d745d78b55abdd6b53b721/Sim101' Name='Target2' New state='Cancel submitted' Instrument='MES SEP26' Action='Sell' Limit price=7764.25 Stop price=0 Quantity=4 Type='Limit' Time in force=GTC Oco='0a2886151ec14abcb6cf675bb03c9167' Filled=0 Fill price=0 Error='No error' Native error='',
8/5/2026 8:26:14 PM,Order,Order='e207653313a24ebc970264a22950753c/Sim101' Name='Target1' New state='Cancel submitted' Instrument='MES SEP26' Action='Sell' Limit price=7763.75 Stop price=0 Quantity=4 Type='Limit' Time in force=GTC Oco='271852c5c5364683be09f09fe2fa0201' Filled=0 Fill price=0 Error='No error' Native error='',
8/5/2026 8:26:14 PM,Default,Position grid close position,
8/5/2026 8:25:18 PM,Order,Order='a746f2a0b7d745d78b55abdd6b53b721/Sim101' Name='Target2' New state='Working' Instrument='MES SEP26' Action='Sell' Limit price=7764.25 Stop price=0 Quantity=4 Type='Limit' Time in force=GTC Oco='0a2886151ec14abcb6cf675bb03c9167' Filled=0 Fill price=0 Error='No error' Native error='',
8/5/2026 8:25:18 PM,Order,Order='436c4ce9c35a4fc48963d79767fd9691/Sim101' Name='Stop2' New state='Accepted' Instrument='MES SEP26' Action='Sell' Limit price=0 Stop price=7756.75 Quantity=4 Type='Stop Market' Time in force=GTC Oco='0a2886151ec14abcb6cf675bb03c9167' Filled=0 Fill price=0 Error='No error' Native error='',
8/5/2026 8:25:18 PM,Order,Order='a746f2a0b7d745d78b55abdd6b53b721/Sim101' Name='Target2' New state='Accepted' Instrument='MES SEP26' Action='Sell' Limit price=7764.25 Stop price=0 Quantity=4 Type='Limit' Time in force=GTC Oco='0a2886151ec14abcb6cf675bb03c9167' Filled=0 Fill price=0 Error='No error' Native error='',
8/5/2026 8:25:18 PM,Order,Order='e207653313a24ebc970264a22950753c/Sim101' Name='Target1' New state='Accepted' Instrument='MES SEP26' Action='Sell' Limit price=7763.75 Stop price=0 Quantity=4 Type='Limit' Time in force=GTC Oco='271852c5c5364683be09f09fe2fa0201' Filled=0 Fill price=0 Error='No error' Native error='',
8/5/2026 8:25:18 PM,Order,Order='e207653313a24ebc970264a22950753c/Sim101' Name='Target1' New state='Working' Instrument='MES SEP26' Action='Sell' Limit price=7763.75 Stop price=0 Quantity=4 Type='Limit' Time in force=GTC Oco='271852c5c5364683be09f09fe2fa0201' Filled=0 Fill price=0 Error='No error' Native error='',
8/5/2026 8:25:18 PM,Order,Order='00c01367098f4fb4bce181fb5b6c8c9f/Sim101' Name='Stop1' New state='Accepted' Instrument='MES SEP26' Action='Sell' Limit price=0 Stop price=7756.75 Quantity=4 Type='Stop Market' Time in force=GTC Oco='271852c5c5364683be09f09fe2fa0201' Filled=0 Fill price=0 Error='No error' Native error='',
8/5/2026 8:25:18 PM,Order,Order='a746f2a0b7d745d78b55abdd6b53b721/Sim101' Name='Target2' New state='Submitted' Instrument='MES SEP26' Action='Sell' Limit price=7764.25 Stop price=0 Quantity=4 Type='Limit' Time in force=GTC Oco='0a2886151ec14abcb6cf675bb03c9167' Filled=0 Fill price=0 Error='No error' Native error='',
8/5/2026 8:25:18 PM,Order,Order='436c4ce9c35a4fc48963d79767fd9691/Sim101' Name='Stop2' New state='Submitted' Instrument='MES SEP26' Action='Sell' Limit price=0 Stop price=7756.75 Quantity=4 Type='Stop Market' Time in force=GTC Oco='0a2886151ec14abcb6cf675bb03c9167' Filled=0 Fill price=0 Error='No error' Native error='',
8/5/2026 8:25:18 PM,Order,Order='e207653313a24ebc970264a22950753c/Sim101' Name='Target1' New state='Submitted' Instrument='MES SEP26' Action='Sell' Limit price=7763.75 Stop price=0 Quantity=4 Type='Limit' Time in force=GTC Oco='271852c5c5364683be09f09fe2fa0201' Filled=0 Fill price=0 Error='No error' Native error='',
8/5/2026 8:25:18 PM,Order,Order='00c01367098f4fb4bce181fb5b6c8c9f/Sim101' Name='Stop1' New state='Submitted' Instrument='MES SEP26' Action='Sell' Limit price=0 Stop price=7756.75 Quantity=4 Type='Stop Market' Time in force=GTC Oco='271852c5c5364683be09f09fe2fa0201' Filled=0 Fill price=0 Error='No error' Native error='',
8/5/2026 8:25:18 PM,Execution,Execution='13ef643124bc407482f7565c30b1d5eb' Instrument='MES SEP26' Account='Sim101' Exchange=Default Price=7761.75 Quantity=8 Market position=Long Operation=Operation_Add Order='02be26a524804f2a834e6c3a781e03fb' Time='8/5/2026 8:25 PM',
8/5/2026 8:25:18 PM,Position,Instrument='MES SEP26' Account='Sim101' Average price=7761.75 Quantity=8 Market position=Long Operation=Operation_Add,
8/5/2026 8:25:18 PM,Order,Order='02be26a524804f2a834e6c3a781e03fb/Sim101' Name='Entry' New state='Filled' Instrument='MES SEP26' Action='Buy' Limit price=0 Stop price=0 Quantity=8 Type='Market' Time in force=GTC Oco='' Filled=8 Fill price=7761.75 Error='No error' Native error='',
8/5/2026 8:25:18 PM,Order,Order='02be26a524804f2a834e6c3a781e03fb/Sim101' Name='Entry' New state='Working' Instrument='MES SEP26' Action='Buy' Limit price=0 Stop price=0 Quantity=8 Type='Market' Time in force=GTC Oco='' Filled=0 Fill price=0 Error='No error' Native error='',
8/5/2026 8:25:18 PM,Order,Order='02be26a524804f2a834e6c3a781e03fb/Sim101' Name='Entry' New state='Accepted' Instrument='MES SEP26' Action='Buy' Limit price=0 Stop price=0 Quantity=8 Type='Market' Time in force=GTC Oco='' Filled=0 Fill price=0 Error='No error' Native error='',
8/5/2026 8:25:18 PM,Order,Order='02be26a524804f2a834e6c3a781e03fb/Sim101' Name='Entry' New state='Submitted' Instrument='MES SEP26' Action='Buy' Limit price=0 Stop price=0 Quantity=8 Type='Market' Time in force=GTC Oco='' Filled=0 Fill price=0 Error='No error' Native error='',
8/5/2026 8:25:18 PM,Order,Chart Trader submitting order with strategy 'MES $200 SL5 - 1' (Ticks),
8/5/2026 8:25:04 PM,Position,Instrument='MES SEP26' Account='Sim101' Average price=0 Quantity=0 Market position=Flat Operation=Remove,
8/5/2026 8:25:03 PM,Order,Order='b58a31b641fd4870a995ec8a8400711c/Sim101' Name='Close' New state='Filled' Instrument='MES SEP26' Action='Sell' Limit price=0 Stop price=0 Quantity=10 Type='Market' Time in force=DAY Oco='' Filled=10 Fill price=7761.5 Error='No error' Native error='',
8/5/2026 8:25:03 PM,Execution,Execution='0dce59374b0a4065b3a2fa0b29e4dc5a' Instrument='MES SEP26' Account='Sim101' Exchange=Default Price=7761.5 Quantity=10 Market position=Short Operation=Operation_Add Order='b58a31b641fd4870a995ec8a8400711c' Time='8/5/2026 8:25 PM',
8/5/2026 8:25:03 PM,Order,Order='b58a31b641fd4870a995ec8a8400711c/Sim101' Name='Close' New state='Working' Instrument='MES SEP26' Action='Sell' Limit price=0 Stop price=0 Quantity=10 Type='Market' Time in force=DAY Oco='' Filled=0 Fill price=0 Error='No error' Native error='',
8/5/2026 8:25:03 PM,Order,Order='b58a31b641fd4870a995ec8a8400711c/Sim101' Name='Close' New state='Accepted' Instrument='MES SEP26' Action='Sell' Limit price=0 Stop price=0 Quantity=10 Type='Market' Time in force=DAY Oco='' Filled=0 Fill price=0 Error='No error' Native error='',
8/5/2026 8:25:03 PM,Order,Order='b58a31b641fd4870a995ec8a8400711c/Sim101' Name='Close' New state='Submitted' Instrument='MES SEP26' Action='Sell' Limit price=0 Stop price=0 Quantity=10 Type='Market' Time in force=DAY Oco='' Filled=0 Fill price=0 Error='No error' Native error='',
8/5/2026 8:25:03 PM,Order,Order='121f538037f44d7c88227bd1548a66a6/Sim101' Name='Target1' New state='Cancelled' Instrument='MES SEP26' Action='Sell' Limit price=7764.75 Stop price=0 Quantity=10 Type='Limit' Time in force=GTC Oco='6eeeb1b71dcb454a8f39125db93a7262' Filled=0 Fill price=0 Error='No error' Native error='',
8/5/2026 8:25:03 PM,Order,Order='9e2b51974b684809b2004a4b27a51934/Sim101' Name='Stop1' New state='Cancelled' Instrument='MES SEP26' Action='Sell' Limit price=0 Stop price=7758.75 Quantity=10 Type='Stop Market' Time in force=GTC Oco='6eeeb1b71dcb454a8f39125db93a7262' Filled=0 Fill price=0 Error='No error' Native error='',
8/5/2026 8:25:03 PM,Order,Order='9e2b51974b684809b2004a4b27a51934/Sim101' Name='Stop1' New state='Cancel submitted' Instrument='MES SEP26' Action='Sell' Limit price=0 Stop price=7758.75 Quantity=10 Type='Stop Market' Time in force=GTC Oco='6eeeb1b71dcb454a8f39125db93a7262' Filled=0 Fill price=0 Error='No error' Native error='',
8/5/2026 8:25:03 PM,Order,Order='121f538037f44d7c88227bd1548a66a6/Sim101' Name='Target1' New state='Cancel submitted' Instrument='MES SEP26' Action='Sell' Limit price=7764.75 Stop price=0 Quantity=10 Type='Limit' Time in force=GTC Oco='6eeeb1b71dcb454a8f39125db93a7262' Filled=0 Fill price=0 Error='No error' Native error='',
8/5/2026 8:25:03 PM,Default,Chart Trader close position,
8/5/2026 8:23:39 PM,Order,Order='121f538037f44d7c88227bd1548a66a6/Sim101' Name='Target1' New state='Working' Instrument='MES SEP26' Action='Sell' Limit price=7764.75 Stop price=0 Quantity=10 Type='Limit' Time in force=GTC Oco='6eeeb1b71dcb454a8f39125db93a7262' Filled=0 Fill price=0 Error='No error' Native error='',
8/5/2026 8:23:39 PM,Order,Order='121f538037f44d7c88227bd1548a66a6/Sim101' Name='Target1' New state='Accepted' Instrument='MES SEP26' Action='Sell' Limit price=7764.75 Stop price=0 Quantity=10 Type='Limit' Time in force=GTC Oco='6eeeb1b71dcb454a8f39125db93a7262' Filled=0 Fill price=0 Error='No error' Native error='',
8/5/2026 8:23:39 PM,Order,Order='9e2b51974b684809b2004a4b27a51934/Sim101' Name='Stop1' New state='Accepted' Instrument='MES SEP26' Action='Sell' Limit price=0 Stop price=7758.75 Quantity=10 Type='Stop Market' Time in force=GTC Oco='6eeeb1b71dcb454a8f39125db93a7262' Filled=0 Fill price=0 Error='No error' Native error='',
8/5/2026 8:23:38 PM,Order,Order='121f538037f44d7c88227bd1548a66a6/Sim101' Name='Target1' New state='Submitted' Instrument='MES SEP26' Action='Sell' Limit price=7764.75 Stop price=0 Quantity=10 Type='Limit' Time in force=GTC Oco='6eeeb1b71dcb454a8f39125db93a7262' Filled=0 Fill price=0 Error='No error' Native error='',
8/5/2026 8:23:38 PM,Position,Instrument='MES SEP26' Account='Sim101' Average price=7762.75 Quantity=10 Market position=Long Operation=Operation_Add,
8/5/2026 8:23:38 PM,Order,Order='9e2b51974b684809b2004a4b27a51934/Sim101' Name='Stop1' New state='Submitted' Instrument='MES SEP26' Action='Sell' Limit price=0 Stop price=7758.75 Quantity=10 Type='Stop Market' Time in force=GTC Oco='6eeeb1b71dcb454a8f39125db93a7262' Filled=0 Fill price=0 Error='No error' Native error='',
8/5/2026 8:23:38 PM,Execution,Execution='525e9874ddca48b7b5794870d0ae76a1' Instrument='MES SEP26' Account='Sim101' Exchange=Default Price=7762.75 Quantity=10 Market position=Long Operation=Operation_Add Order='05903b0bfc3943009d0a33fc103d0154' Time='8/5/2026 8:23 PM',
8/5/2026 8:23:38 PM,Order,Order='05903b0bfc3943009d0a33fc103d0154/Sim101' Name='Entry' New state='Filled' Instrument='MES SEP26' Action='Buy' Limit price=0 Stop price=0 Quantity=10 Type='Market' Time in force=GTC Oco='' Filled=10 Fill price=7762.75 Error='No error' Native error='',
8/5/2026 8:23:38 PM,Order,Order='05903b0bfc3943009d0a33fc103d0154/Sim101' Name='Entry' New state='Accepted' Instrument='MES SEP26' Action='Buy' Limit price=0 Stop price=0 Quantity=10 Type='Market' Time in force=GTC Oco='' Filled=0 Fill price=0 Error='No error' Native error='',
8/5/2026 8:23:38 PM,Order,Order='05903b0bfc3943009d0a33fc103d0154/Sim101' Name='Entry' New state='Working' Instrument='MES SEP26' Action='Buy' Limit price=0 Stop price=0 Quantity=10 Type='Market' Time in force=GTC Oco='' Filled=0 Fill price=0 Error='No error' Native error='',
8/5/2026 8:23:38 PM,Order,Order='05903b0bfc3943009d0a33fc103d0154/Sim101' Name='Entry' New state='Submitted' Instrument='MES SEP26' Action='Buy' Limit price=0 Stop price=0 Quantity=10 Type='Market' Time in force=GTC Oco='' Filled=0 Fill price=0 Error='No error' Native error='',
8/5/2026 8:23:38 PM,Order,Chart Trader submitting order with strategy 'MES $200 SL4 - 1' (Ticks),
8/5/2026 8:22:30 PM,Default,Enabling NinjaScript strategy 'SampleAtmStrategy/382222614' : On starting a real-time strategy - StartBehavior=WaitUntilFlat EntryHandling=All entries EntriesPerDirection=1 StopTargetHandling=Per entry execution ErrorHandling=Stop strategy cancel orders close positions ExitOnSessionClose=True / triggering 30 seconds before close SetOrderQuantityBy=Strategy ConnectionLossHandling=Recalculate DisconnectDelaySeconds=10 CancelEntriesOnStrategyDisable=False CancelExitsOnStrategyDisable=False Calculate=On bar close IsUnmanaged=False MaxRestarts=4 in 5 minutes,
8/5/2026 8:21:57 PM,Connection,Market data failed for 'MGC DEC26': 'get_order_book error : 13',
8/5/2026 8:21:57 PM,Connection,Market data failed for 'MES SEP26': 'get_order_book error : 13',
8/5/2026 8:21:57 PM,Connection,Using HDS (hds-us-nt-012.ninjatrader.com/31655),
8/5/2026 8:21:57 PM,Connection,Time to auto close position='12:00:00 AM' Enabled=False,
8/5/2026 8:21:56 PM,Connection,My Rithmic for NinjaTrader Brokerage: Primary connection=Connected Price feed=Connected,
8/5/2026 8:21:43 PM,Default,Restoring workspace 'SuperDOM 3'...,
8/5/2026 8:21:40 PM,Default,Auto close enabled=False,
8/5/2026 8:21:40 PM,Order,Order entry hot keys disabled,
8/5/2026 8:21:40 PM,Connection,My Rithmic for NinjaTrader Brokerage: Primary connection=Connecting Price feed=Connecting,
8/5/2026 8:21:40 PM,Default,Auto connecting 'My Rithmic for NinjaTrader Brokerage'...,
8/5/2026 8:21:40 PM,Connection,Using IS (is-us-nt-006.ninjatrader.com/31658),
8/5/2026 8:21:40 PM,Default,Automated trading disabled,
8/5/2026 8:21:40 PM,Default,Telemetry configuration updated to version 1003 (previous version 0).,
8/5/2026 8:21:35 PM,Default,Global simulation mode disabled,
8/5/2026 8:21:21 PM,Default,Session Break (Version 8.1.8.1),
8/5/2026 8:20:46 PM,Connection,My Rithmic for NinjaTrader Brokerage: Primary connection=Disconnected Price feed=Disconnected,
8/5/2026 8:20:46 PM,Connection,My Rithmic for NinjaTrader Brokerage: Primary connection=Disconnecting Price feed=Disconnecting,
8/5/2026 8:20:40 PM,Default,Workspace SuperDOM 3 not saved,
8/5/2026 8:20:38 PM,Default,Disabling NinjaScript strategy 'PttFollowerStrategy/382222609',
8/5/2026 8:19:52 PM,Default,Enabling NinjaScript strategy 'PttFollowerStrategy/382222609' : On starting a real-time strategy - StartBehavior=WaitUntilFlat EntryHandling=All entries EntriesPerDirection=1 StopTargetHandling=Per entry execution ErrorHandling=Stop strategy cancel orders close positions ExitOnSessionClose=False SetOrderQuantityBy=Strategy ConnectionLossHandling=Recalculate DisconnectDelaySeconds=10 CancelEntriesOnStrategyDisable=False CancelExitsOnStrategyDisable=False Calculate=On bar close IsUnmanaged=False MaxRestarts=4 in 5 minutes,
8/5/2026 7:38:53 PM,Default,Disabling NinjaScript strategy 'PttFollowerStrategy/382222609',
8/5/2026 6:43:18 PM,Position,Instrument='MES SEP26' Account='Sim101' Average price=0 Quantity=0 Market position=Flat Operation=Remove,
8/5/2026 6:43:18 PM,Execution,Execution='fd5c1c5fcac94a66a46d4826445182ca' Instrument='MES SEP26' Account='Sim101' Exchange=Default Price=7752.5 Quantity=8 Market position=Short Operation=Operation_Add Order='29f38693753e4a068248decf543b53b6' Time='8/5/2026 6:43 PM',
8/5/2026 6:43:18 PM,Order,Order='29f38693753e4a068248decf543b53b6/Sim101' Name='Close' New state='Filled' Instrument='MES SEP26' Action='Sell' Limit price=0 Stop price=0 Quantity=8 Type='Market' Time in force=DAY Oco='' Filled=8 Fill price=7752.5 Error='No error' Native error='',
8/5/2026 6:43:18 PM,Order,Order='29f38693753e4a068248decf543b53b6/Sim101' Name='Close' New state='Accepted' Instrument='MES SEP26' Action='Sell' Limit price=0 Stop price=0 Quantity=8 Type='Market' Time in force=DAY Oco='' Filled=0 Fill price=0 Error='No error' Native error='',
8/5/2026 6:43:18 PM,Order,Order='29f38693753e4a068248decf543b53b6/Sim101' Name='Close' New state='Working' Instrument='MES SEP26' Action='Sell' Limit price=0 Stop price=0 Quantity=8 Type='Market' Time in force=DAY Oco='' Filled=0 Fill price=0 Error='No error' Native error='',
8/5/2026 6:43:18 PM,Order,Order='29f38693753e4a068248decf543b53b6/Sim101' Name='Close' New state='Submitted' Instrument='MES SEP26' Action='Sell' Limit price=0 Stop price=0 Quantity=8 Type='Market' Time in force=DAY Oco='' Filled=0 Fill price=0 Error='No error' Native error='',
8/5/2026 6:43:18 PM,Order,Order='e60a4f3ee140450c916f3c2a44ab5189/Sim101' Name='Stop1' New state='Cancelled' Instrument='MES SEP26' Action='Sell' Limit price=0 Stop price=7747.75 Quantity=4 Type='Stop Market' Time in force=GTC Oco='401d7e0c15194a92bcf1434a90318dd5' Filled=0 Fill price=0 Error='No error' Native error='',
8/5/2026 6:43:18 PM,Order,Order='31a78885c3404837bf2336ae7285e7dd/Sim101' Name='Stop2' New state='Cancelled' Instrument='MES SEP26' Action='Sell' Limit price=0 Stop price=7747.75 Quantity=4 Type='Stop Market' Time in force=GTC Oco='f896f99d2833489dbfff0686a6f5e2bc' Filled=0 Fill price=0 Error='No error' Native error='',
8/5/2026 6:43:18 PM,Order,Order='04ad5e9ee6134b609550a723b317c2df/Sim101' Name='Target2' New state='Cancelled' Instrument='MES SEP26' Action='Sell' Limit price=7755.25 Stop price=0 Quantity=4 Type='Limit' Time in force=GTC Oco='f896f99d2833489dbfff0686a6f5e2bc' Filled=0 Fill price=0 Error='No error' Native error='',
8/5/2026 6:43:18 PM,Order,Order='54bac175d0dc41779dab417704340b7b/Sim101' Name='Target1' New state='Cancelled' Instrument='MES SEP26' Action='Sell' Limit price=7754.75 Stop price=0 Quantity=4 Type='Limit' Time in force=GTC Oco='401d7e0c15194a92bcf1434a90318dd5' Filled=0 Fill price=0 Error='No error' Native error='',
8/5/2026 6:43:18 PM,Order,Order='31a78885c3404837bf2336ae7285e7dd/Sim101' Name='Stop2' New state='Cancel submitted' Instrument='MES SEP26' Action='Sell' Limit price=0 Stop price=7747.75 Quantity=4 Type='Stop Market' Time in force=GTC Oco='f896f99d2833489dbfff0686a6f5e2bc' Filled=0 Fill price=0 Error='No error' Native error='',
8/5/2026 6:43:18 PM,Order,Order='e60a4f3ee140450c916f3c2a44ab5189/Sim101' Name='Stop1' New state='Cancel submitted' Instrument='MES SEP26' Action='Sell' Limit price=0 Stop price=7747.75 Quantity=4 Type='Stop Market' Time in force=GTC Oco='401d7e0c15194a92bcf1434a90318dd5' Filled=0 Fill price=0 Error='No error' Native error='',
8/5/2026 6:43:18 PM,Order,Order='04ad5e9ee6134b609550a723b317c2df/Sim101' Name='Target2' New state='Cancel submitted' Instrument='MES SEP26' Action='Sell' Limit price=7755.25 Stop price=0 Quantity=4 Type='Limit' Time in force=GTC Oco='f896f99d2833489dbfff0686a6f5e2bc' Filled=0 Fill price=0 Error='No error' Native error='',
8/5/2026 6:43:18 PM,Order,Order='54bac175d0dc41779dab417704340b7b/Sim101' Name='Target1' New state='Cancel submitted' Instrument='MES SEP26' Action='Sell' Limit price=7754.75 Stop price=0 Quantity=4 Type='Limit' Time in force=GTC Oco='401d7e0c15194a92bcf1434a90318dd5' Filled=0 Fill price=0 Error='No error' Native error='',
8/5/2026 6:43:18 PM,Default,Chart Trader close position,
8/5/2026 6:42:51 PM,Order,Order='04ad5e9ee6134b609550a723b317c2df/Sim101' Name='Target2' New state='Accepted' Instrument='MES SEP26' Action='Sell' Limit price=7755.25 Stop price=0 Quantity=4 Type='Limit' Time in force=GTC Oco='f896f99d2833489dbfff0686a6f5e2bc' Filled=0 Fill price=0 Error='No error' Native error='',
8/5/2026 6:42:51 PM,Order,Order='04ad5e9ee6134b609550a723b317c2df/Sim101' Name='Target2' New state='Working' Instrument='MES SEP26' Action='Sell' Limit price=7755.25 Stop price=0 Quantity=4 Type='Limit' Time in force=GTC Oco='f896f99d2833489dbfff0686a6f5e2bc' Filled=0 Fill price=0 Error='No error' Native error='',
8/5/2026 6:42:51 PM,Order,Order='e60a4f3ee140450c916f3c2a44ab5189/Sim101' Name='Stop1' New state='Accepted' Instrument='MES SEP26' Action='Sell' Limit price=0 Stop price=7747.75 Quantity=4 Type='Stop Market' Time in force=GTC Oco='401d7e0c15194a92bcf1434a90318dd5' Filled=0 Fill price=0 Error='No error' Native error='',
8/5/2026 6:42:51 PM,Order,Order='54bac175d0dc41779dab417704340b7b/Sim101' Name='Target1' New state='Working' Instrument='MES SEP26' Action='Sell' Limit price=7754.75 Stop price=0 Quantity=4 Type='Limit' Time in force=GTC Oco='401d7e0c15194a92bcf1434a90318dd5' Filled=0 Fill price=0 Error='No error' Native error='',
8/5/2026 6:42:51 PM,Order,Order='54bac175d0dc41779dab417704340b7b/Sim101' Name='Target1' New state='Accepted' Instrument='MES SEP26' Action='Sell' Limit price=7754.75 Stop price=0 Quantity=4 Type='Limit' Time in force=GTC Oco='401d7e0c15194a92bcf1434a90318dd5' Filled=0 Fill price=0 Error='No error' Native error='',
8/5/2026 6:42:51 PM,Order,Order='31a78885c3404837bf2336ae7285e7dd/Sim101' Name='Stop2' New state='Accepted' Instrument='MES SEP26' Action='Sell' Limit price=0 Stop price=7747.75 Quantity=4 Type='Stop Market' Time in force=GTC Oco='f896f99d2833489dbfff0686a6f5e2bc' Filled=0 Fill price=0 Error='No error' Native error='',
8/5/2026 6:42:50 PM,Order,Order='04ad5e9ee6134b609550a723b317c2df/Sim101' Name='Target2' New state='Submitted' Instrument='MES SEP26' Action='Sell' Limit price=7755.25 Stop price=0 Quantity=4 Type='Limit' Time in force=GTC Oco='f896f99d2833489dbfff0686a6f5e2bc' Filled=0 Fill price=0 Error='No error' Native error='',
8/5/2026 6:42:50 PM,Order,Order='31a78885c3404837bf2336ae7285e7dd/Sim101' Name='Stop2' New state='Submitted' Instrument='MES SEP26' Action='Sell' Limit price=0 Stop price=7747.75 Quantity=4 Type='Stop Market' Time in force=GTC Oco='f896f99d2833489dbfff0686a6f5e2bc' Filled=0 Fill price=0 Error='No error' Native error='',
8/5/2026 6:42:50 PM,Order,Order='54bac175d0dc41779dab417704340b7b/Sim101' Name='Target1' New state='Submitted' Instrument='MES SEP26' Action='Sell' Limit price=7754.75 Stop price=0 Quantity=4 Type='Limit' Time in force=GTC Oco='401d7e0c15194a92bcf1434a90318dd5' Filled=0 Fill price=0 Error='No error' Native error='',
8/5/2026 6:42:50 PM,Order,Order='e60a4f3ee140450c916f3c2a44ab5189/Sim101' Name='Stop1' New state='Submitted' Instrument='MES SEP26' Action='Sell' Limit price=0 Stop price=7747.75 Quantity=4 Type='Stop Market' Time in force=GTC Oco='401d7e0c15194a92bcf1434a90318dd5' Filled=0 Fill price=0 Error='No error' Native error='',
8/5/2026 6:42:50 PM,Order,Order='6de205fc85e040b298e0ead264223aba/Sim101' Name='Entry' New state='Filled' Instrument='MES SEP26' Action='Buy' Limit price=0 Stop price=0 Quantity=8 Type='Market' Time in force=GTC Oco='' Filled=8 Fill price=7752.75 Error='No error' Native error='',
8/5/2026 6:42:50 PM,Execution,Execution='ca5a923e76fd45fcbca49bdab88672af' Instrument='MES SEP26' Account='Sim101' Exchange=Default Price=7752.75 Quantity=8 Market position=Long Operation=Operation_Add Order='6de205fc85e040b298e0ead264223aba' Time='8/5/2026 6:42 PM',
8/5/2026 6:42:50 PM,Position,Instrument='MES SEP26' Account='Sim101' Average price=7752.75 Quantity=8 Market position=Long Operation=Operation_Add,
8/5/2026 6:42:50 PM,Order,Order='6de205fc85e040b298e0ead264223aba/Sim101' Name='Entry' New state='Accepted' Instrument='MES SEP26' Action='Buy' Limit price=0 Stop price=0 Quantity=8 Type='Market' Time in force=GTC Oco='' Filled=0 Fill price=0 Error='No error' Native error='',
8/5/2026 6:42:50 PM,Order,Order='6de205fc85e040b298e0ead264223aba/Sim101' Name='Entry' New state='Working' Instrument='MES SEP26' Action='Buy' Limit price=0 Stop price=0 Quantity=8 Type='Market' Time in force=GTC Oco='' Filled=0 Fill price=0 Error='No error' Native error='',
8/5/2026 6:42:50 PM,Order,Order='6de205fc85e040b298e0ead264223aba/Sim101' Name='Entry' New state='Submitted' Instrument='MES SEP26' Action='Buy' Limit price=0 Stop price=0 Quantity=8 Type='Market' Time in force=GTC Oco='' Filled=0 Fill price=0 Error='No error' Native error='',
8/5/2026 6:42:50 PM,Order,Chart Trader submitting order with strategy 'MES $200 SL5 - 1' (Ticks),
8/5/2026 6:39:47 PM,Position,Instrument='MES SEP26' Account='Sim101' Average price=0 Quantity=0 Market position=Flat Operation=Remove,
8/5/2026 6:39:47 PM,Execution,Execution='450a1ac5f1be40e28d22a6e30f70e998' Instrument='MES SEP26' Account='Sim101' Exchange=Default Price=7752.75 Quantity=8 Market position=Short Operation=Operation_Add Order='f36ab62fcc5a4103a3af10e951ec8173' Time='8/5/2026 6:39 PM',
8/5/2026 6:39:47 PM,Order,Order='f36ab62fcc5a4103a3af10e951ec8173/Sim101' Name='Close' New state='Filled' Instrument='MES SEP26' Action='Sell' Limit price=0 Stop price=0 Quantity=8 Type='Market' Time in force=DAY Oco='' Filled=8 Fill price=7752.75 Error='No error' Native error='',
8/5/2026 6:39:47 PM,Order,Order='f36ab62fcc5a4103a3af10e951ec8173/Sim101' Name='Close' New state='Working' Instrument='MES SEP26' Action='Sell' Limit price=0 Stop price=0 Quantity=8 Type='Market' Time in force=DAY Oco='' Filled=0 Fill price=0 Error='No error' Native error='',
8/5/2026 6:39:47 PM,Order,Order='f36ab62fcc5a4103a3af10e951ec8173/Sim101' Name='Close' New state='Accepted' Instrument='MES SEP26' Action='Sell' Limit price=0 Stop price=0 Quantity=8 Type='Market' Time in force=DAY Oco='' Filled=0 Fill price=0 Error='No error' Native error='',
8/5/2026 6:39:47 PM,Order,Order='f36ab62fcc5a4103a3af10e951ec8173/Sim101' Name='Close' New state='Submitted' Instrument='MES SEP26' Action='Sell' Limit price=0 Stop price=0 Quantity=8 Type='Market' Time in force=DAY Oco='' Filled=0 Fill price=0 Error='No error' Native error='',
8/5/2026 6:39:47 PM,Order,Order='edd381c1728a45c09b17d4340c21f38b/Sim101' Name='Target2' New state='Cancelled' Instrument='MES SEP26' Action='Sell' Limit price=7755 Stop price=0 Quantity=4 Type='Limit' Time in force=GTC Oco='8edd0d843481448b95170a394d95dc6d' Filled=0 Fill price=0 Error='No error' Native error='',
8/5/2026 6:39:47 PM,Order,Order='01a09ced863542ddb50ef5309ca2a9d6/Sim101' Name='Stop1' New state='Cancelled' Instrument='MES SEP26' Action='Sell' Limit price=0 Stop price=7747.5 Quantity=4 Type='Stop Market' Time in force=GTC Oco='b69bdd98ba224276a3d24b2a622ed666' Filled=0 Fill price=0 Error='No error' Native error='',
8/5/2026 6:39:47 PM,Order,Order='21e1263463a54101a3bea67f85944e73/Sim101' Name='Stop2' New state='Cancelled' Instrument='MES SEP26' Action='Sell' Limit price=0 Stop price=7747.5 Quantity=4 Type='Stop Market' Time in force=GTC Oco='8edd0d843481448b95170a394d95dc6d' Filled=0 Fill price=0 Error='No error' Native error='',
8/5/2026 6:39:47 PM,Order,Order='b72648a47fb64e1c8393dfe60a74938d/Sim101' Name='Target1' New state='Cancelled' Instrument='MES SEP26' Action='Sell' Limit price=7754.5 Stop price=0 Quantity=4 Type='Limit' Time in force=GTC Oco='b69bdd98ba224276a3d24b2a622ed666' Filled=0 Fill price=0 Error='No error' Native error='',
8/5/2026 6:39:47 PM,Order,Order='21e1263463a54101a3bea67f85944e73/Sim101' Name='Stop2' New state='Cancel submitted' Instrument='MES SEP26' Action='Sell' Limit price=0 Stop price=7747.5 Quantity=4 Type='Stop Market' Time in force=GTC Oco='8edd0d843481448b95170a394d95dc6d' Filled=0 Fill price=0 Error='No error' Native error='',
8/5/2026 6:39:47 PM,Order,Order='01a09ced863542ddb50ef5309ca2a9d6/Sim101' Name='Stop1' New state='Cancel submitted' Instrument='MES SEP26' Action='Sell' Limit price=0 Stop price=7747.5 Quantity=4 Type='Stop Market' Time in force=GTC Oco='b69bdd98ba224276a3d24b2a622ed666' Filled=0 Fill price=0 Error='No error' Native error='',
8/5/2026 6:39:47 PM,Order,Order='edd381c1728a45c09b17d4340c21f38b/Sim101' Name='Target2' New state='Cancel submitted' Instrument='MES SEP26' Action='Sell' Limit price=7755 Stop price=0 Quantity=4 Type='Limit' Time in force=GTC Oco='8edd0d843481448b95170a394d95dc6d' Filled=0 Fill price=0 Error='No error' Native error='',
8/5/2026 6:39:47 PM,Order,Order='b72648a47fb64e1c8393dfe60a74938d/Sim101' Name='Target1' New state='Cancel submitted' Instrument='MES SEP26' Action='Sell' Limit price=7754.5 Stop price=0 Quantity=4 Type='Limit' Time in force=GTC Oco='b69bdd98ba224276a3d24b2a622ed666' Filled=0 Fill price=0 Error='No error' Native error='',
8/5/2026 6:39:47 PM,Default,Chart Trader close position,
8/5/2026 6:38:51 PM,Order,Order='edd381c1728a45c09b17d4340c21f38b/Sim101' Name='Target2' New state='Working' Instrument='MES SEP26' Action='Sell' Limit price=7755 Stop price=0 Quantity=4 Type='Limit' Time in force=GTC Oco='8edd0d843481448b95170a394d95dc6d' Filled=0 Fill price=0 Error='No error' Native error='',
8/5/2026 6:38:51 PM,Order,Order='edd381c1728a45c09b17d4340c21f38b/Sim101' Name='Target2' New state='Accepted' Instrument='MES SEP26' Action='Sell' Limit price=7755 Stop price=0 Quantity=4 Type='Limit' Time in force=GTC Oco='8edd0d843481448b95170a394d95dc6d' Filled=0 Fill price=0 Error='No error' Native error='',
8/5/2026 6:38:51 PM,Order,Order='21e1263463a54101a3bea67f85944e73/Sim101' Name='Stop2' New state='Accepted' Instrument='MES SEP26' Action='Sell' Limit price=0 Stop price=7747.5 Quantity=4 Type='Stop Market' Time in force=GTC Oco='8edd0d843481448b95170a394d95dc6d' Filled=0 Fill price=0 Error='No error' Native error='',
8/5/2026 6:38:51 PM,Order,Order='b72648a47fb64e1c8393dfe60a74938d/Sim101' Name='Target1' New state='Working' Instrument='MES SEP26' Action='Sell' Limit price=7754.5 Stop price=0 Quantity=4 Type='Limit' Time in force=GTC Oco='b69bdd98ba224276a3d24b2a622ed666' Filled=0 Fill price=0 Error='No error' Native error='',
8/5/2026 6:38:51 PM,Order,Order='b72648a47fb64e1c8393dfe60a74938d/Sim101' Name='Target1' New state='Accepted' Instrument='MES SEP26' Action='Sell' Limit price=7754.5 Stop price=0 Quantity=4 Type='Limit' Time in force=GTC Oco='b69bdd98ba224276a3d24b2a622ed666' Filled=0 Fill price=0 Error='No error' Native error='',
8/5/2026 6:38:51 PM,Order,Order='01a09ced863542ddb50ef5309ca2a9d6/Sim101' Name='Stop1' New state='Accepted' Instrument='MES SEP26' Action='Sell' Limit price=0 Stop price=7747.5 Quantity=4 Type='Stop Market' Time in force=GTC Oco='b69bdd98ba224276a3d24b2a622ed666' Filled=0 Fill price=0 Error='No error' Native error='',
8/5/2026 6:38:51 PM,Order,Order='edd381c1728a45c09b17d4340c21f38b/Sim101' Name='Target2' New state='Submitted' Instrument='MES SEP26' Action='Sell' Limit price=7755 Stop price=0 Quantity=4 Type='Limit' Time in force=GTC Oco='8edd0d843481448b95170a394d95dc6d' Filled=0 Fill price=0 Error='No error' Native error='',
8/5/2026 6:38:51 PM,Order,Order='21e1263463a54101a3bea67f85944e73/Sim101' Name='Stop2' New state='Submitted' Instrument='MES SEP26' Action='Sell' Limit price=0 Stop price=7747.5 Quantity=4 Type='Stop Market' Time in force=GTC Oco='8edd0d843481448b95170a394d95dc6d' Filled=0 Fill price=0 Error='No error' Native error='',
8/5/2026 6:38:51 PM,Order,Order='b72648a47fb64e1c8393dfe60a74938d/Sim101' Name='Target1' New state='Submitted' Instrument='MES SEP26' Action='Sell' Limit price=7754.5 Stop price=0 Quantity=4 Type='Limit' Time in force=GTC Oco='b69bdd98ba224276a3d24b2a622ed666' Filled=0 Fill price=0 Error='No error' Native error='',
8/5/2026 6:38:51 PM,Order,Order='01a09ced863542ddb50ef5309ca2a9d6/Sim101' Name='Stop1' New state='Submitted' Instrument='MES SEP26' Action='Sell' Limit price=0 Stop price=7747.5 Quantity=4 Type='Stop Market' Time in force=GTC Oco='b69bdd98ba224276a3d24b2a622ed666' Filled=0 Fill price=0 Error='No error' Native error='',
8/5/2026 6:38:51 PM,Position,Instrument='MES SEP26' Account='Sim101' Average price=7752.5 Quantity=8 Market position=Long Operation=Operation_Add,
8/5/2026 6:38:51 PM,Execution,Execution='bda30a2ea7dc4faa84f39fbcfe310a5e' Instrument='MES SEP26' Account='Sim101' Exchange=Default Price=7752.5 Quantity=8 Market position=Long Operation=Operation_Add Order='6399e23b04374805a23601c8c7db48c7' Time='8/5/2026 6:38 PM',
8/5/2026 6:38:51 PM,Order,Order='6399e23b04374805a23601c8c7db48c7/Sim101' Name='Entry' New state='Filled' Instrument='MES SEP26' Action='Buy' Limit price=0 Stop price=0 Quantity=8 Type='Market' Time in force=GTC Oco='' Filled=8 Fill price=7752.5 Error='No error' Native error='',
8/5/2026 6:38:51 PM,Order,Order='6399e23b04374805a23601c8c7db48c7/Sim101' Name='Entry' New state='Working' Instrument='MES SEP26' Action='Buy' Limit price=0 Stop price=0 Quantity=8 Type='Market' Time in force=GTC Oco='' Filled=0 Fill price=0 Error='No error' Native error='',
8/5/2026 6:38:51 PM,Order,Order='6399e23b04374805a23601c8c7db48c7/Sim101' Name='Entry' New state='Accepted' Instrument='MES SEP26' Action='Buy' Limit price=0 Stop price=0 Quantity=8 Type='Market' Time in force=GTC Oco='' Filled=0 Fill price=0 Error='No error' Native error='',
8/5/2026 6:38:51 PM,Order,Order='6399e23b04374805a23601c8c7db48c7/Sim101' Name='Entry' New state='Submitted' Instrument='MES SEP26' Action='Buy' Limit price=0 Stop price=0 Quantity=8 Type='Market' Time in force=GTC Oco='' Filled=0 Fill price=0 Error='No error' Native error='',
8/5/2026 6:38:51 PM,Order,Chart Trader submitting order with strategy 'MES $200 SL5 - 1' (Ticks),
8/5/2026 6:38:24 PM,Position,Instrument='MES SEP26' Account='Sim101' Average price=0 Quantity=0 Market position=Flat Operation=Remove,
8/5/2026 6:38:24 PM,Order,Order='cb528d113499495eb939211e80e27e9c/Sim101' Name='Close' New state='Filled' Instrument='MES SEP26' Action='Sell' Limit price=0 Stop price=0 Quantity=8 Type='Market' Time in force=DAY Oco='' Filled=8 Fill price=7752 Error='No error' Native error='',
8/5/2026 6:38:24 PM,Execution,Execution='7e1cdb9bf8b14ed4b9d5b558b33d807d' Instrument='MES SEP26' Account='Sim101' Exchange=Default Price=7752 Quantity=8 Market position=Short Operation=Operation_Add Order='cb528d113499495eb939211e80e27e9c' Time='8/5/2026 6:38 PM',
8/5/2026 6:38:24 PM,Order,Order='cb528d113499495eb939211e80e27e9c/Sim101' Name='Close' New state='Accepted' Instrument='MES SEP26' Action='Sell' Limit price=0 Stop price=0 Quantity=8 Type='Market' Time in force=DAY Oco='' Filled=0 Fill price=0 Error='No error' Native error='',
8/5/2026 6:38:24 PM,Order,Order='cb528d113499495eb939211e80e27e9c/Sim101' Name='Close' New state='Working' Instrument='MES SEP26' Action='Sell' Limit price=0 Stop price=0 Quantity=8 Type='Market' Time in force=DAY Oco='' Filled=0 Fill price=0 Error='No error' Native error='',
8/5/2026 6:38:24 PM,Order,Order='cb528d113499495eb939211e80e27e9c/Sim101' Name='Close' New state='Submitted' Instrument='MES SEP26' Action='Sell' Limit price=0 Stop price=0 Quantity=8 Type='Market' Time in force=DAY Oco='' Filled=0 Fill price=0 Error='No error' Native error='',
8/5/2026 6:38:24 PM,Order,Order='e7f8f26450c64d8ebc28460627154fe5/Sim101' Name='Stop1' New state='Cancelled' Instrument='MES SEP26' Action='Sell' Limit price=0 Stop price=7748.5 Quantity=4 Type='Stop Market' Time in force=GTC Oco='0e4043891564406687618ffaea8b8771' Filled=0 Fill price=0 Error='No error' Native error='',
8/5/2026 6:38:24 PM,Order,Order='6a0a582bdd494a419930a0b969df829a/Sim101' Name='Target2' New state='Cancelled' Instrument='MES SEP26' Action='Sell' Limit price=7756 Stop price=0 Quantity=4 Type='Limit' Time in force=GTC Oco='a5834d2193534f1e9fba527720fa1720' Filled=0 Fill price=0 Error='No error' Native error='',
8/5/2026 6:38:24 PM,Order,Order='25c8d4601da5438fb853442f233b3f36/Sim101' Name='Target1' New state='Cancelled' Instrument='MES SEP26' Action='Sell' Limit price=7755.5 Stop price=0 Quantity=4 Type='Limit' Time in force=GTC Oco='0e4043891564406687618ffaea8b8771' Filled=0 Fill price=0 Error='No error' Native error='',
8/5/2026 6:38:24 PM,Order,Order='3307e14d48f8465f8166e5afcf94ec10/Sim101' Name='Stop2' New state='Cancelled' Instrument='MES SEP26' Action='Sell' Limit price=0 Stop price=7748.5 Quantity=4 Type='Stop Market' Time in force=GTC Oco='a5834d2193534f1e9fba527720fa1720' Filled=0 Fill price=0 Error='No error' Native error='',
8/5/2026 6:38:24 PM,Order,Order='3307e14d48f8465f8166e5afcf94ec10/Sim101' Name='Stop2' New state='Cancel submitted' Instrument='MES SEP26' Action='Sell' Limit price=0 Stop price=7748.5 Quantity=4 Type='Stop Market' Time in force=GTC Oco='a5834d2193534f1e9fba527720fa1720' Filled=0 Fill price=0 Error='No error' Native error='',
8/5/2026 6:38:24 PM,Order,Order='e7f8f26450c64d8ebc28460627154fe5/Sim101' Name='Stop1' New state='Cancel submitted' Instrument='MES SEP26' Action='Sell' Limit price=0 Stop price=7748.5 Quantity=4 Type='Stop Market' Time in force=GTC Oco='0e4043891564406687618ffaea8b8771' Filled=0 Fill price=0 Error='No error' Native error='',
8/5/2026 6:38:24 PM,Order,Order='6a0a582bdd494a419930a0b969df829a/Sim101' Name='Target2' New state='Cancel submitted' Instrument='MES SEP26' Action='Sell' Limit price=7756 Stop price=0 Quantity=4 Type='Limit' Time in force=GTC Oco='a5834d2193534f1e9fba527720fa1720' Filled=0 Fill price=0 Error='No error' Native error='',
8/5/2026 6:38:24 PM,Order,Order='25c8d4601da5438fb853442f233b3f36/Sim101' Name='Target1' New state='Cancel submitted' Instrument='MES SEP26' Action='Sell' Limit price=7755.5 Stop price=0 Quantity=4 Type='Limit' Time in force=GTC Oco='0e4043891564406687618ffaea8b8771' Filled=0 Fill price=0 Error='No error' Native error='',
8/5/2026 6:38:24 PM,Default,Chart Trader close position,
8/5/2026 6:37:47 PM,Order,Order='6a0a582bdd494a419930a0b969df829a/Sim101' Name='Target2' New state='Working' Instrument='MES SEP26' Action='Sell' Limit price=7756 Stop price=0 Quantity=4 Type='Limit' Time in force=GTC Oco='a5834d2193534f1e9fba527720fa1720' Filled=0 Fill price=0 Error='No error' Native error='',
8/5/2026 6:37:47 PM,Order,Order='3307e14d48f8465f8166e5afcf94ec10/Sim101' Name='Stop2' New state='Accepted' Instrument='MES SEP26' Action='Sell' Limit price=0 Stop price=7748.5 Quantity=4 Type='Stop Market' Time in force=GTC Oco='a5834d2193534f1e9fba527720fa1720' Filled=0 Fill price=0 Error='No error' Native error='',
8/5/2026 6:37:47 PM,Order,Order='6a0a582bdd494a419930a0b969df829a/Sim101' Name='Target2' New state='Accepted' Instrument='MES SEP26' Action='Sell' Limit price=7756 Stop price=0 Quantity=4 Type='Limit' Time in force=GTC Oco='a5834d2193534f1e9fba527720fa1720' Filled=0 Fill price=0 Error='No error' Native error='',
8/5/2026 6:37:47 PM,Order,Order='25c8d4601da5438fb853442f233b3f36/Sim101' Name='Target1' New state='Accepted' Instrument='MES SEP26' Action='Sell' Limit price=7755.5 Stop price=0 Quantity=4 Type='Limit' Time in force=GTC Oco='0e4043891564406687618ffaea8b8771' Filled=0 Fill price=0 Error='No error' Native error='',
8/5/2026 6:37:47 PM,Order,Order='25c8d4601da5438fb853442f233b3f36/Sim101' Name='Target1' New state='Working' Instrument='MES SEP26' Action='Sell' Limit price=7755.5 Stop price=0 Quantity=4 Type='Limit' Time in force=GTC Oco='0e4043891564406687618ffaea8b8771' Filled=0 Fill price=0 Error='No error' Native error='',
8/5/2026 6:37:47 PM,Order,Order='e7f8f26450c64d8ebc28460627154fe5/Sim101' Name='Stop1' New state='Accepted' Instrument='MES SEP26' Action='Sell' Limit price=0 Stop price=7748.5 Quantity=4 Type='Stop Market' Time in force=GTC Oco='0e4043891564406687618ffaea8b8771' Filled=0 Fill price=0 Error='No error' Native error='',
8/5/2026 6:37:46 PM,Order,Order='6a0a582bdd494a419930a0b969df829a/Sim101' Name='Target2' New state='Submitted' Instrument='MES SEP26' Action='Sell' Limit price=7756 Stop price=0 Quantity=4 Type='Limit' Time in force=GTC Oco='a5834d2193534f1e9fba527720fa1720' Filled=0 Fill price=0 Error='No error' Native error='',
8/5/2026 6:37:46 PM,Order,Order='3307e14d48f8465f8166e5afcf94ec10/Sim101' Name='Stop2' New state='Submitted' Instrument='MES SEP26' Action='Sell' Limit price=0 Stop price=7748.5 Quantity=4 Type='Stop Market' Time in force=GTC Oco='a5834d2193534f1e9fba527720fa1720' Filled=0 Fill price=0 Error='No error' Native error='',
8/5/2026 6:37:46 PM,Order,Order='25c8d4601da5438fb853442f233b3f36/Sim101' Name='Target1' New state='Submitted' Instrument='MES SEP26' Action='Sell' Limit price=7755.5 Stop price=0 Quantity=4 Type='Limit' Time in force=GTC Oco='0e4043891564406687618ffaea8b8771' Filled=0 Fill price=0 Error='No error' Native error='',
8/5/2026 6:37:46 PM,Order,Order='e7f8f26450c64d8ebc28460627154fe5/Sim101' Name='Stop1' New state='Submitted' Instrument='MES SEP26' Action='Sell' Limit price=0 Stop price=7748.5 Quantity=4 Type='Stop Market' Time in force=GTC Oco='0e4043891564406687618ffaea8b8771' Filled=0 Fill price=0 Error='No error' Native error='',
8/5/2026 6:37:46 PM,Position,Instrument='MES SEP26' Account='Sim101' Average price=7753.5 Quantity=8 Market position=Long Operation=Operation_Add,
8/5/2026 6:37:46 PM,Execution,Execution='f92672c73a4e424db8411d4984bea9f1' Instrument='MES SEP26' Account='Sim101' Exchange=Default Price=7753.5 Quantity=8 Market position=Long Operation=Operation_Add Order='689a913ea4bc4384bae5fc306dd82df9' Time='8/5/2026 6:37 PM',
8/5/2026 6:37:46 PM,Order,Order='689a913ea4bc4384bae5fc306dd82df9/Sim101' Name='Entry' New state='Filled' Instrument='MES SEP26' Action='Buy' Limit price=0 Stop price=0 Quantity=8 Type='Market' Time in force=GTC Oco='' Filled=8 Fill price=7753.5 Error='No error' Native error='',
8/5/2026 6:37:46 PM,Order,Order='689a913ea4bc4384bae5fc306dd82df9/Sim101' Name='Entry' New state='Working' Instrument='MES SEP26' Action='Buy' Limit price=0 Stop price=0 Quantity=8 Type='Market' Time in force=GTC Oco='' Filled=0 Fill price=0 Error='No error' Native error='',
8/5/2026 6:37:46 PM,Order,Order='689a913ea4bc4384bae5fc306dd82df9/Sim101' Name='Entry' New state='Accepted' Instrument='MES SEP26' Action='Buy' Limit price=0 Stop price=0 Quantity=8 Type='Market' Time in force=GTC Oco='' Filled=0 Fill price=0 Error='No error' Native error='',
8/5/2026 6:37:46 PM,Order,Order='689a913ea4bc4384bae5fc306dd82df9/Sim101' Name='Entry' New state='Submitted' Instrument='MES SEP26' Action='Buy' Limit price=0 Stop price=0 Quantity=8 Type='Market' Time in force=GTC Oco='' Filled=0 Fill price=0 Error='No error' Native error='',
8/5/2026 6:37:46 PM,Order,Chart Trader submitting order with strategy 'MES $200 SL5 - 1' (Ticks),
8/5/2026 6:37:43 PM,Position,Instrument='MES SEP26' Account='Sim101' Average price=0 Quantity=0 Market position=Flat Operation=Remove,
8/5/2026 6:37:43 PM,Execution,Execution='6c1c0fda0fbd4888aecea40dbc245a33' Instrument='MES SEP26' Account='Sim101' Exchange=Default Price=7753.25 Quantity=4 Market position=Short Operation=Operation_Add Order='bd5f989fa1ce433a850d6f104e0f2371' Time='8/5/2026 6:37 PM',
8/5/2026 6:37:43 PM,Order,Order='bd5f989fa1ce433a850d6f104e0f2371/Sim101' Name='Close' New state='Filled' Instrument='MES SEP26' Action='Sell' Limit price=0 Stop price=0 Quantity=4 Type='Market' Time in force=DAY Oco='' Filled=4 Fill price=7753.25 Error='No error' Native error='',
8/5/2026 6:37:43 PM,Order,Order='bd5f989fa1ce433a850d6f104e0f2371/Sim101' Name='Close' New state='Accepted' Instrument='MES SEP26' Action='Sell' Limit price=0 Stop price=0 Quantity=4 Type='Market' Time in force=DAY Oco='' Filled=0 Fill price=0 Error='No error' Native error='',
8/5/2026 6:37:43 PM,Order,Order='bd5f989fa1ce433a850d6f104e0f2371/Sim101' Name='Close' New state='Working' Instrument='MES SEP26' Action='Sell' Limit price=0 Stop price=0 Quantity=4 Type='Market' Time in force=DAY Oco='' Filled=0 Fill price=0 Error='No error' Native error='',
8/5/2026 6:37:43 PM,Order,Order='bd5f989fa1ce433a850d6f104e0f2371/Sim101' Name='Close' New state='Submitted' Instrument='MES SEP26' Action='Sell' Limit price=0 Stop price=0 Quantity=4 Type='Market' Time in force=DAY Oco='' Filled=0 Fill price=0 Error='No error' Native error='',
8/5/2026 6:37:43 PM,Default,Chart Trader close position,
8/5/2026 6:37:40 PM,Order,Order='330c555ddb304d6b82dbf3432174df34/Sim101' Name='Target2' New state='Cancelled' Instrument='MES SEP26' Action='Sell' Limit price=7754 Stop price=0 Quantity=4 Type='Limit' Time in force=GTC Oco='b8dee25d03db4805bbe4858686576116' Filled=0 Fill price=0 Error='No error' Native error='',
8/5/2026 6:37:40 PM,Order,Order='c35991f8121241ebb49ef4dca04447ed/Sim101' Name='Stop2' New state='Cancelled' Instrument='MES SEP26' Action='Sell' Limit price=0 Stop price=7752 Quantity=4 Type='Stop Market' Time in force=GTC Oco='b8dee25d03db4805bbe4858686576116' Filled=0 Fill price=0 Error='No error' Native error='',
8/5/2026 6:37:40 PM,Order,Order='c35991f8121241ebb49ef4dca04447ed/Sim101' Name='Stop2' New state='Cancel submitted' Instrument='MES SEP26' Action='Sell' Limit price=0 Stop price=7752 Quantity=4 Type='Stop Market' Time in force=GTC Oco='b8dee25d03db4805bbe4858686576116' Filled=0 Fill price=0 Error='No error' Native error='',
8/5/2026 6:37:40 PM,Order,Order='330c555ddb304d6b82dbf3432174df34/Sim101' Name='Target2' New state='Cancel submitted' Instrument='MES SEP26' Action='Sell' Limit price=7754 Stop price=0 Quantity=4 Type='Limit' Time in force=GTC Oco='b8dee25d03db4805bbe4858686576116' Filled=0 Fill price=0 Error='No error' Native error='',
8/5/2026 6:37:03 PM,Position,Instrument='MES SEP26' Account='Sim101' Average price=7751.5 Quantity=4 Market position=Long Operation=Update,
8/5/2026 6:37:03 PM,Order,Order='8781782495754a7697ea5b131146a919/Sim101' Name='Stop1' New state='Cancelled' Instrument='MES SEP26' Action='Sell' Limit price=0 Stop price=7746.5 Quantity=4 Type='Stop Market' Time in force=GTC Oco='8dec10aa2dbf4cb785db66703dca2bb7' Filled=0 Fill price=0 Error='No error' Native error='',
8/5/2026 6:37:03 PM,Order,Order='8781782495754a7697ea5b131146a919/Sim101' Name='Stop1' New state='Cancel submitted' Instrument='MES SEP26' Action='Sell' Limit price=0 Stop price=7746.5 Quantity=4 Type='Stop Market' Time in force=GTC Oco='8dec10aa2dbf4cb785db66703dca2bb7' Filled=0 Fill price=0 Error='No error' Native error='',
8/5/2026 6:37:03 PM,Execution,Execution='ebd22196697b415ab4610c07ab29fed2' Instrument='MES SEP26' Account='Sim101' Exchange=Default Price=7753.5 Quantity=4 Market position=Short Operation=Operation_Add Order='f7cbe6e3bbac4270a13491ec48a7279f' Time='8/5/2026 6:37 PM',
8/5/2026 6:37:03 PM,Order,Order='f7cbe6e3bbac4270a13491ec48a7279f/Sim101' Name='Target1' New state='Filled' Instrument='MES SEP26' Action='Sell' Limit price=7753.5 Stop price=0 Quantity=4 Type='Limit' Time in force=GTC Oco='8dec10aa2dbf4cb785db66703dca2bb7' Filled=4 Fill price=7753.5 Error='No error' Native error='',
8/5/2026 6:36:57 PM,Order,Order='c35991f8121241ebb49ef4dca04447ed/Sim101' Name='Stop2' New state='Accepted' Instrument='MES SEP26' Action='Sell' Limit price=0 Stop price=7752 Quantity=4 Type='Stop Market' Time in force=GTC Oco='b8dee25d03db4805bbe4858686576116' Filled=0 Fill price=0 Error='No error' Native error='',
8/5/2026 6:36:57 PM,Order,Order='c35991f8121241ebb49ef4dca04447ed/Sim101' Name='Stop2' New state='Change submitted' Instrument='MES SEP26' Action='Sell' Limit price=0 Stop price=7752 Quantity=4 Type='Stop Market' Time in force=GTC Oco='b8dee25d03db4805bbe4858686576116' Filled=0 Fill price=0 Error='No error' Native error='',
8/5/2026 6:36:57 PM,Order,Auto breakeven price modification from '7746.50' to '7752.00',
8/5/2026 6:36:02 PM,Order,Order='330c555ddb304d6b82dbf3432174df34/Sim101' Name='Target2' New state='Working' Instrument='MES SEP26' Action='Sell' Limit price=7754 Stop price=0 Quantity=4 Type='Limit' Time in force=GTC Oco='b8dee25d03db4805bbe4858686576116' Filled=0 Fill price=0 Error='No error' Native error='',
8/5/2026 6:36:02 PM,Order,Order='330c555ddb304d6b82dbf3432174df34/Sim101' Name='Target2' New state='Accepted' Instrument='MES SEP26' Action='Sell' Limit price=7754 Stop price=0 Quantity=4 Type='Limit' Time in force=GTC Oco='b8dee25d03db4805bbe4858686576116' Filled=0 Fill price=0 Error='No error' Native error='',
8/5/2026 6:36:02 PM,Order,Order='f7cbe6e3bbac4270a13491ec48a7279f/Sim101' Name='Target1' New state='Working' Instrument='MES SEP26' Action='Sell' Limit price=7753.5 Stop price=0 Quantity=4 Type='Limit' Time in force=GTC Oco='8dec10aa2dbf4cb785db66703dca2bb7' Filled=0 Fill price=0 Error='No error' Native error='',
8/5/2026 6:36:02 PM,Order,Order='c35991f8121241ebb49ef4dca04447ed/Sim101' Name='Stop2' New state='Accepted' Instrument='MES SEP26' Action='Sell' Limit price=0 Stop price=7746.5 Quantity=4 Type='Stop Market' Time in force=GTC Oco='b8dee25d03db4805bbe4858686576116' Filled=0 Fill price=0 Error='No error' Native error='',
8/5/2026 6:36:02 PM,Order,Order='f7cbe6e3bbac4270a13491ec48a7279f/Sim101' Name='Target1' New state='Accepted' Instrument='MES SEP26' Action='Sell' Limit price=7753.5 Stop price=0 Quantity=4 Type='Limit' Time in force=GTC Oco='8dec10aa2dbf4cb785db66703dca2bb7' Filled=0 Fill price=0 Error='No error' Native error='',
8/5/2026 6:36:02 PM,Order,Order='8781782495754a7697ea5b131146a919/Sim101' Name='Stop1' New state='Accepted' Instrument='MES SEP26' Action='Sell' Limit price=0 Stop price=7746.5 Quantity=4 Type='Stop Market' Time in force=GTC Oco='8dec10aa2dbf4cb785db66703dca2bb7' Filled=0 Fill price=0 Error='No error' Native error='',
8/5/2026 6:36:02 PM,Order,Order='330c555ddb304d6b82dbf3432174df34/Sim101' Name='Target2' New state='Submitted' Instrument='MES SEP26' Action='Sell' Limit price=7754 Stop price=0 Quantity=4 Type='Limit' Time in force=GTC Oco='b8dee25d03db4805bbe4858686576116' Filled=0 Fill price=0 Error='No error' Native error='',
8/5/2026 6:36:02 PM,Order,Order='c35991f8121241ebb49ef4dca04447ed/Sim101' Name='Stop2' New state='Submitted' Instrument='MES SEP26' Action='Sell' Limit price=0 Stop price=7746.5 Quantity=4 Type='Stop Market' Time in force=GTC Oco='b8dee25d03db4805bbe4858686576116' Filled=0 Fill price=0 Error='No error' Native error='',
8/5/2026 6:36:02 PM,Order,Order='f7cbe6e3bbac4270a13491ec48a7279f/Sim101' Name='Target1' New state='Submitted' Instrument='MES SEP26' Action='Sell' Limit price=7753.5 Stop price=0 Quantity=4 Type='Limit' Time in force=GTC Oco='8dec10aa2dbf4cb785db66703dca2bb7' Filled=0 Fill price=0 Error='No error' Native error='',
8/5/2026 6:36:02 PM,Position,Instrument='MES SEP26' Account='Sim101' Average price=7751.5 Quantity=8 Market position=Long Operation=Operation_Add,
8/5/2026 6:36:02 PM,Order,Order='8781782495754a7697ea5b131146a919/Sim101' Name='Stop1' New state='Submitted' Instrument='MES SEP26' Action='Sell' Limit price=0 Stop price=7746.5 Quantity=4 Type='Stop Market' Time in force=GTC Oco='8dec10aa2dbf4cb785db66703dca2bb7' Filled=0 Fill price=0 Error='No error' Native error='',
8/5/2026 6:36:02 PM,Execution,Execution='f0cd409bcf1e4886b5dae2266e6bc2f2' Instrument='MES SEP26' Account='Sim101' Exchange=Default Price=7751.5 Quantity=8 Market position=Long Operation=Operation_Add Order='b6f168ca7c5a447f986c74e204d8afc9' Time='8/5/2026 6:36 PM',
8/5/2026 6:36:02 PM,Order,Order='b6f168ca7c5a447f986c74e204d8afc9/Sim101' Name='Entry' New state='Filled' Instrument='MES SEP26' Action='Buy' Limit price=0 Stop price=0 Quantity=8 Type='Market' Time in force=GTC Oco='' Filled=8 Fill price=7751.5 Error='No error' Native error='',
8/5/2026 6:36:02 PM,Order,Order='b6f168ca7c5a447f986c74e204d8afc9/Sim101' Name='Entry' New state='Working' Instrument='MES SEP26' Action='Buy' Limit price=0 Stop price=0 Quantity=8 Type='Market' Time in force=GTC Oco='' Filled=0 Fill price=0 Error='No error' Native error='',
8/5/2026 6:36:02 PM,Order,Order='b6f168ca7c5a447f986c74e204d8afc9/Sim101' Name='Entry' New state='Accepted' Instrument='MES SEP26' Action='Buy' Limit price=0 Stop price=0 Quantity=8 Type='Market' Time in force=GTC Oco='' Filled=0 Fill price=0 Error='No error' Native error='',
8/5/2026 6:36:02 PM,Order,Order='b6f168ca7c5a447f986c74e204d8afc9/Sim101' Name='Entry' New state='Submitted' Instrument='MES SEP26' Action='Buy' Limit price=0 Stop price=0 Quantity=8 Type='Market' Time in force=GTC Oco='' Filled=0 Fill price=0 Error='No error' Native error='',
8/5/2026 6:36:01 PM,Order,Chart Trader submitting order with strategy 'MES $200 SL5 - 1' (Ticks),
8/5/2026 6:27:06 PM,Default,Enabling NinjaScript strategy 'PttFollowerStrategy/382222609' : On starting a real-time strategy - StartBehavior=WaitUntilFlat EntryHandling=All entries EntriesPerDirection=1 StopTargetHandling=Per entry execution ErrorHandling=Stop strategy cancel orders close positions ExitOnSessionClose=False SetOrderQuantityBy=Strategy ConnectionLossHandling=Recalculate DisconnectDelaySeconds=10 CancelEntriesOnStrategyDisable=False CancelExitsOnStrategyDisable=False Calculate=On bar close IsUnmanaged=False MaxRestarts=4 in 5 minutes,
8/5/2026 6:22:09 PM,Connection,Market data failed for 'MGC DEC26': 'get_order_book error : 13',
8/5/2026 6:22:09 PM,Connection,Market data failed for 'MES SEP26': 'get_order_book error : 13',
8/5/2026 6:22:08 PM,Connection,Using HDS (hds-us-nt-017.ninjatrader.com/31655),
8/5/2026 6:22:08 PM,Connection,Time to auto close position='12:00:00 AM' Enabled=False,
8/5/2026 6:22:08 PM,Connection,My Rithmic for NinjaTrader Brokerage: Primary connection=Connected Price feed=Connected,
8/5/2026 6:21:52 PM,Default,Restoring workspace 'SuperDOM 3'...,
8/5/2026 6:21:51 PM,Default,Auto close enabled=False,
8/5/2026 6:21:51 PM,Order,Order entry hot keys disabled,
8/5/2026 6:21:51 PM,Connection,My Rithmic for NinjaTrader Brokerage: Primary connection=Connecting Price feed=Connecting,
8/5/2026 6:21:50 PM,Default,Auto connecting 'My Rithmic for NinjaTrader Brokerage'...,
8/5/2026 6:21:50 PM,Default,Telemetry configuration updated to version 1003 (previous version 0).,
8/5/2026 6:21:50 PM,Default,Automated trading disabled,
8/5/2026 6:21:50 PM,Connection,Using IS (is-us-nt-005.ninjatrader.com/31658),
8/5/2026 6:21:48 PM,Default,Global simulation mode disabled,
8/5/2026 6:21:32 PM,Default,Session Break (Version 8.1.8.1),
8/5/2026 6:21:28 PM,Connection,My Rithmic for NinjaTrader Brokerage: Primary connection=Disconnected Price feed=Disconnected,
8/5/2026 6:21:27 PM,Connection,My Rithmic for NinjaTrader Brokerage: Primary connection=Disconnecting Price feed=Disconnecting,
8/5/2026 6:21:22 PM,Default,Workspace SuperDOM 3 not saved,
8/5/2026 5:54:35 PM,Connection,Market data failed for 'MGC DEC26': 'get_order_book error : 13',
8/5/2026 5:54:35 PM,Connection,Market data failed for 'MES SEP26': 'get_order_book error : 13',
8/5/2026 5:54:34 PM,Connection,Using HDS (hds-us-nt-015.ninjatrader.com/31655),
8/5/2026 5:54:34 PM,Connection,Time to auto close position='12:00:00 AM' Enabled=False,
8/5/2026 5:54:33 PM,Connection,My Rithmic for NinjaTrader Brokerage: Primary connection=Connected Price feed=Connected,
8/5/2026 5:54:19 PM,Default,Restoring workspace 'SuperDOM 3'...,
8/5/2026 5:54:17 PM,Default,Auto close enabled=False,
8/5/2026 5:54:17 PM,Order,Order entry hot keys disabled,
8/5/2026 5:54:16 PM,Connection,My Rithmic for NinjaTrader Brokerage: Primary connection=Connecting Price feed=Connecting,
8/5/2026 5:54:16 PM,Default,Auto connecting 'My Rithmic for NinjaTrader Brokerage'...,
8/5/2026 5:54:16 PM,Default,Automated trading disabled,
8/5/2026 5:54:16 PM,Connection,Using IS (is-us-nt-006.ninjatrader.com/31658),
8/5/2026 5:54:16 PM,Default,Telemetry configuration updated to version 1003 (previous version 0).,
8/5/2026 5:54:12 PM,Default,Global simulation mode disabled,
8/5/2026 5:53:53 PM,Default,Session Break (Version 8.1.8.1),
8/5/2026 3:08:49 PM,Connection,My Rithmic for NinjaTrader Brokerage: Primary connection=Disconnected Price feed=Disconnected,
8/5/2026 3:08:48 PM,Connection,My Rithmic for NinjaTrader Brokerage: Primary connection=Disconnecting Price feed=Disconnecting,
8/5/2026 3:08:40 PM,Default,Workspace SuperDOM 3 not saved,
8/5/2026 1:53:28 PM,Position,Instrument='MES SEP26' Account='Sim101' Average price=0 Quantity=0 Market position=Flat Operation=Remove,
8/5/2026 1:53:28 PM,Execution,Execution='3fc497491a3b44349d65ae508a093b0e' Instrument='MES SEP26' Account='Sim101' Exchange=Default Price=7759 Quantity=1 Market position=Short Operation=Operation_Add Order='25aee02f8fb2419cbc6d5552cf20aec9' Time='8/5/2026 1:53 PM',
8/5/2026 1:53:28 PM,Order,Order='25aee02f8fb2419cbc6d5552cf20aec9/Sim101' Name='Close' New state='Filled' Instrument='MES SEP26' Action='Sell' Limit price=0 Stop price=0 Quantity=1 Type='Market' Time in force=DAY Oco='' Filled=1 Fill price=7759 Error='No error' Native error='',
8/5/2026 1:53:28 PM,Order,Order='25aee02f8fb2419cbc6d5552cf20aec9/Sim101' Name='Close' New state='Working' Instrument='MES SEP26' Action='Sell' Limit price=0 Stop price=0 Quantity=1 Type='Market' Time in force=DAY Oco='' Filled=0 Fill price=0 Error='No error' Native error='',
8/5/2026 1:53:28 PM,Order,Order='25aee02f8fb2419cbc6d5552cf20aec9/Sim101' Name='Close' New state='Accepted' Instrument='MES SEP26' Action='Sell' Limit price=0 Stop price=0 Quantity=1 Type='Market' Time in force=DAY Oco='' Filled=0 Fill price=0 Error='No error' Native error='',
8/5/2026 1:53:28 PM,Order,Order='25aee02f8fb2419cbc6d5552cf20aec9/Sim101' Name='Close' New state='Submitted' Instrument='MES SEP26' Action='Sell' Limit price=0 Stop price=0 Quantity=1 Type='Market' Time in force=DAY Oco='' Filled=0 Fill price=0 Error='No error' Native error='',
8/5/2026 1:53:27 PM,Strategy,Disabled strategy='ArchBracket03Probe/382222609',
8/5/2026 1:53:27 PM,Default,Disabling NinjaScript strategy 'ArchBracket03Probe/382222609',
8/5/2026 1:53:27 PM,Default,Chart Trader close position,
8/5/2026 1:49:54 PM,Position,Instrument='MES SEP26' Account='Sim101' Average price=7759.75 Quantity=1 Market position=Long Operation=Operation_Add,
8/5/2026 1:49:54 PM,Execution,Execution='fd36ffc1ef1740ed9078ceb157ace61d' Instrument='MES SEP26' Account='Sim101' Exchange=Default Price=7759.75 Quantity=1 Market position=Long Operation=Operation_Add Order='3f8b0baf34ed4db1911341312ddda2e2' Time='8/5/2026 1:49 PM',
8/5/2026 1:49:54 PM,Order,Order='3f8b0baf34ed4db1911341312ddda2e2/Sim101' Name='PTT-ARCH-BRACKET-03-TEST' New state='Filled' Instrument='MES SEP26' Action='Buy' Limit price=0 Stop price=0 Quantity=1 Type='Market' Time in force=DAY Oco='' Filled=1 Fill price=7759.75 Error='No error' Native error='',
8/5/2026 1:49:54 PM,Order,Order='3f8b0baf34ed4db1911341312ddda2e2/Sim101' Name='PTT-ARCH-BRACKET-03-TEST' New state='Working' Instrument='MES SEP26' Action='Buy' Limit price=0 Stop price=0 Quantity=1 Type='Market' Time in force=DAY Oco='' Filled=0 Fill price=0 Error='No error' Native error='',
8/5/2026 1:49:54 PM,Order,Order='3f8b0baf34ed4db1911341312ddda2e2/Sim101' Name='PTT-ARCH-BRACKET-03-TEST' New state='Accepted' Instrument='MES SEP26' Action='Buy' Limit price=0 Stop price=0 Quantity=1 Type='Market' Time in force=DAY Oco='' Filled=0 Fill price=0 Error='No error' Native error='',
8/5/2026 1:49:54 PM,Order,Order='3f8b0baf34ed4db1911341312ddda2e2/Sim101' Name='PTT-ARCH-BRACKET-03-TEST' New state='Submitted' Instrument='MES SEP26' Action='Buy' Limit price=0 Stop price=0 Quantity=1 Type='Market' Time in force=DAY Oco='' Filled=0 Fill price=0 Error='No error' Native error='',
8/5/2026 1:49:53 PM,Default,Enabling NinjaScript strategy 'ArchBracket03Probe/382222609' : On starting a real-time strategy - StartBehavior=WaitUntilFlat EntryHandling=All entries EntriesPerDirection=1 StopTargetHandling=Per entry execution ErrorHandling=Stop strategy cancel orders close positions ExitOnSessionClose=False SetOrderQuantityBy=Strategy ConnectionLossHandling=Recalculate DisconnectDelaySeconds=10 CancelEntriesOnStrategyDisable=False CancelExitsOnStrategyDisable=False Calculate=On bar close IsUnmanaged=False MaxRestarts=4 in 5 minutes,
8/5/2026 1:39:08 PM,Position,Flatten account='Sim102',
8/5/2026 1:39:08 PM,Position,Flatten account='PA-APEX-422136-09',
8/5/2026 1:39:08 PM,Position,Flatten account='PA-APEX-422136-08',
8/5/2026 1:39:08 PM,Order,Hot Key Flatten Everything,
8/5/2026 1:39:08 PM,Default,Terminating any NinjaScript strategies invoked by Flatten Everything command,
8/5/2026 1:39:08 PM,Position,Flatten account='Sim101',
8/5/2026 1:39:08 PM,Position,Flatten account='PA-APEX-422136-04',
8/5/2026 1:39:08 PM,Position,Flatten account='PA-APEX-422136-03',
8/5/2026 1:39:08 PM,Position,Flatten account='PA-APEX-422136-01',
8/5/2026 1:39:08 PM,Position,Flatten account='PA-APEX-422136-07',
8/5/2026 1:39:08 PM,Position,Flatten account='PA-APEX-422136-06',
8/5/2026 1:39:08 PM,Position,Flatten account='PA-APEX-422136-05',
8/5/2026 1:39:02 PM,Position,Flatten account='PA-APEX-422136-07',
8/5/2026 1:39:02 PM,Position,Flatten account='PA-APEX-422136-06',
8/5/2026 1:39:02 PM,Position,Flatten account='PA-APEX-422136-09',
8/5/2026 1:39:02 PM,Position,Flatten account='PA-APEX-422136-08',
8/5/2026 1:39:02 PM,Position,Flatten account='PA-APEX-422136-03',
8/5/2026 1:39:02 PM,Position,Flatten account='PA-APEX-422136-01',
8/5/2026 1:39:02 PM,Position,Flatten account='PA-APEX-422136-05',
8/5/2026 1:39:02 PM,Position,Flatten account='PA-APEX-422136-04',
8/5/2026 1:39:02 PM,Default,Terminating any NinjaScript strategies invoked by Flatten Everything command,
8/5/2026 1:39:02 PM,Order,Hot Key Flatten Everything,
8/5/2026 1:39:02 PM,Position,Flatten account='Sim102',
8/5/2026 1:39:02 PM,Position,Flatten account='Sim101',
8/5/2026 1:38:44 PM,Position,Flatten account='PA-APEX-422136-08',
8/5/2026 1:38:44 PM,Position,Flatten account='PA-APEX-422136-07',
8/5/2026 1:38:44 PM,Position,Flatten account='PA-APEX-422136-09',
8/5/2026 1:38:44 PM,Position,Flatten account='Sim101',
8/5/2026 1:38:44 PM,Position,Flatten account='Sim102',
8/5/2026 1:38:44 PM,Position,Flatten account='PA-APEX-422136-03',
8/5/2026 1:38:44 PM,Position,Flatten account='PA-APEX-422136-01',
8/5/2026 1:38:44 PM,Position,Flatten account='PA-APEX-422136-04',
8/5/2026 1:38:44 PM,Position,Flatten account='PA-APEX-422136-06',
8/5/2026 1:38:44 PM,Position,Flatten account='PA-APEX-422136-05',
8/5/2026 1:38:44 PM,Default,Terminating any NinjaScript strategies invoked by Flatten Everything command,
8/5/2026 1:38:44 PM,Order,Hot Key Flatten Everything,
8/5/2026 1:33:38 PM,Position,Flatten account='PA-APEX-422136-03',
8/5/2026 1:33:38 PM,Position,Flatten account='PA-APEX-422136-01',
8/5/2026 1:33:38 PM,Position,Flatten account='PA-APEX-422136-07',
8/5/2026 1:33:38 PM,Position,Flatten account='PA-APEX-422136-08',
8/5/2026 1:33:38 PM,Position,Flatten account='PA-APEX-422136-09',
8/5/2026 1:33:38 PM,Position,Flatten account='PA-APEX-422136-04',
8/5/2026 1:33:38 PM,Position,Flatten account='PA-APEX-422136-05',
8/5/2026 1:33:38 PM,Position,Flatten account='PA-APEX-422136-06',
8/5/2026 1:33:38 PM,Position,Flatten account='Sim102',
8/5/2026 1:33:38 PM,Position,Flatten account='Sim101',
8/5/2026 1:33:38 PM,Default,Terminating any NinjaScript strategies invoked by Flatten Everything command,
8/5/2026 1:33:38 PM,Order,Hot Key Flatten Everything,
8/5/2026 1:29:44 PM,Position,Flatten account='PA-APEX-422136-07',
8/5/2026 1:29:44 PM,Position,Flatten account='PA-APEX-422136-06',
8/5/2026 1:29:44 PM,Position,Flatten account='PA-APEX-422136-09',
8/5/2026 1:29:44 PM,Position,Flatten account='PA-APEX-422136-08',
8/5/2026 1:29:44 PM,Position,Flatten account='PA-APEX-422136-03',
8/5/2026 1:29:44 PM,Position,Flatten account='PA-APEX-422136-01',
8/5/2026 1:29:44 PM,Position,Flatten account='PA-APEX-422136-05',
8/5/2026 1:29:44 PM,Position,Flatten account='PA-APEX-422136-04',
8/5/2026 1:29:44 PM,Default,Terminating any NinjaScript strategies invoked by Flatten Everything command,
8/5/2026 1:29:44 PM,Position,Flatten account='Sim101',
8/5/2026 1:29:44 PM,Position,Flatten account='Sim102',
8/5/2026 1:29:44 PM,Order,Hot Key Flatten Everything,
8/5/2026 1:29:16 PM,Position,Flatten account='PA-APEX-422136-07',
8/5/2026 1:29:16 PM,Position,Flatten account='PA-APEX-422136-06',
8/5/2026 1:29:16 PM,Position,Flatten account='PA-APEX-422136-09',
8/5/2026 1:29:16 PM,Position,Flatten account='PA-APEX-422136-08',
8/5/2026 1:29:16 PM,Position,Flatten account='PA-APEX-422136-03',
8/5/2026 1:29:16 PM,Position,Flatten account='PA-APEX-422136-01',
8/5/2026 1:29:16 PM,Position,Flatten account='PA-APEX-422136-05',
8/5/2026 1:29:16 PM,Position,Flatten account='PA-APEX-422136-04',
8/5/2026 1:29:16 PM,Default,Terminating any NinjaScript strategies invoked by Flatten Everything command,
8/5/2026 1:29:16 PM,Order,Hot Key Flatten Everything,
8/5/2026 1:29:16 PM,Position,Flatten account='Sim102',
8/5/2026 1:29:16 PM,Position,Flatten account='Sim101',
8/5/2026 1:29:04 PM,Position,Flatten account='PA-APEX-422136-08',
8/5/2026 1:29:04 PM,Position,Flatten account='PA-APEX-422136-07',
8/5/2026 1:29:04 PM,Position,Flatten account='Sim102',
8/5/2026 1:29:04 PM,Position,Flatten account='PA-APEX-422136-09',
8/5/2026 1:29:04 PM,Position,Flatten account='PA-APEX-422136-06',
8/5/2026 1:29:04 PM,Position,Flatten account='PA-APEX-422136-03',
8/5/2026 1:29:04 PM,Position,Flatten account='PA-APEX-422136-01',
8/5/2026 1:29:04 PM,Position,Flatten account='PA-APEX-422136-05',
8/5/2026 1:29:04 PM,Position,Flatten account='PA-APEX-422136-04',
8/5/2026 1:29:04 PM,Order,Hot Key Flatten Everything,
8/5/2026 1:29:04 PM,Default,Terminating any NinjaScript strategies invoked by Flatten Everything command,
8/5/2026 1:29:04 PM,Position,Flatten account='Sim101',
8/5/2026 1:29:01 PM,Position,Flatten account='Sim102',
8/5/2026 1:29:01 PM,Position,Flatten account='PA-APEX-422136-09',
8/5/2026 1:29:01 PM,Position,Flatten account='PA-APEX-422136-08',
8/5/2026 1:29:01 PM,Order,Hot Key Flatten Everything,
8/5/2026 1:29:01 PM,Default,Terminating any NinjaScript strategies invoked by Flatten Everything command,
8/5/2026 1:29:01 PM,Position,Flatten account='Sim101',
8/5/2026 1:29:01 PM,Position,Flatten account='PA-APEX-422136-04',
8/5/2026 1:29:01 PM,Position,Flatten account='PA-APEX-422136-03',
8/5/2026 1:29:01 PM,Position,Flatten account='PA-APEX-422136-01',
8/5/2026 1:29:01 PM,Position,Flatten account='PA-APEX-422136-07',
8/5/2026 1:29:01 PM,Position,Flatten account='PA-APEX-422136-06',
8/5/2026 1:29:01 PM,Position,Flatten account='PA-APEX-422136-05',
8/5/2026 1:28:59 PM,Position,Flatten account='Sim102',
8/5/2026 1:28:59 PM,Position,Flatten account='PA-APEX-422136-09',
8/5/2026 1:28:59 PM,Position,Flatten account='PA-APEX-422136-08',
8/5/2026 1:28:59 PM,Order,Hot Key Flatten Everything,
8/5/2026 1:28:59 PM,Default,Terminating any NinjaScript strategies invoked by Flatten Everything command,
8/5/2026 1:28:59 PM,Position,Flatten account='Sim101',
8/5/2026 1:28:59 PM,Position,Flatten account='PA-APEX-422136-04',
8/5/2026 1:28:59 PM,Position,Flatten account='PA-APEX-422136-03',
8/5/2026 1:28:59 PM,Position,Flatten account='PA-APEX-422136-01',
8/5/2026 1:28:59 PM,Position,Flatten account='PA-APEX-422136-07',
8/5/2026 1:28:59 PM,Position,Flatten account='PA-APEX-422136-06',
8/5/2026 1:28:59 PM,Position,Flatten account='PA-APEX-422136-05',
8/5/2026 1:28:56 PM,Position,Flatten account='PA-APEX-422136-08',
8/5/2026 1:28:56 PM,Position,Flatten account='PA-APEX-422136-07',
8/5/2026 1:28:56 PM,Position,Flatten account='Sim102',
8/5/2026 1:28:56 PM,Position,Flatten account='PA-APEX-422136-09',
8/5/2026 1:28:56 PM,Position,Flatten account='PA-APEX-422136-06',
8/5/2026 1:28:56 PM,Position,Flatten account='PA-APEX-422136-03',
8/5/2026 1:28:56 PM,Position,Flatten account='PA-APEX-422136-01',
8/5/2026 1:28:56 PM,Position,Flatten account='PA-APEX-422136-05',
8/5/2026 1:28:56 PM,Position,Flatten account='PA-APEX-422136-04',
8/5/2026 1:28:56 PM,Order,Hot Key Flatten Everything,
8/5/2026 1:28:56 PM,Default,Terminating any NinjaScript strategies invoked by Flatten Everything command,
8/5/2026 1:28:56 PM,Position,Flatten account='Sim101',
8/5/2026 1:28:55 PM,Position,Flatten account='PA-APEX-422136-08',
8/5/2026 1:28:55 PM,Position,Flatten account='PA-APEX-422136-07',
8/5/2026 1:28:55 PM,Position,Flatten account='PA-APEX-422136-09',
8/5/2026 1:28:55 PM,Position,Flatten account='Sim101',
8/5/2026 1:28:55 PM,Position,Flatten account='Sim102',
8/5/2026 1:28:55 PM,Position,Flatten account='PA-APEX-422136-03',
8/5/2026 1:28:55 PM,Position,Flatten account='PA-APEX-422136-01',
8/5/2026 1:28:55 PM,Position,Flatten account='PA-APEX-422136-04',
8/5/2026 1:28:55 PM,Position,Flatten account='PA-APEX-422136-06',
8/5/2026 1:28:55 PM,Position,Flatten account='PA-APEX-422136-05',
8/5/2026 1:28:55 PM,Order,Hot Key Flatten Everything,
8/5/2026 1:28:55 PM,Default,Terminating any NinjaScript strategies invoked by Flatten Everything command,
8/5/2026 1:28:47 PM,Position,Flatten account='PA-APEX-422136-08',
8/5/2026 1:28:47 PM,Position,Flatten account='PA-APEX-422136-07',
8/5/2026 1:28:47 PM,Position,Flatten account='Sim102',
8/5/2026 1:28:47 PM,Position,Flatten account='PA-APEX-422136-09',
8/5/2026 1:28:47 PM,Position,Flatten account='PA-APEX-422136-06',
8/5/2026 1:28:47 PM,Position,Flatten account='PA-APEX-422136-03',
8/5/2026 1:28:47 PM,Position,Flatten account='PA-APEX-422136-01',
8/5/2026 1:28:47 PM,Position,Flatten account='PA-APEX-422136-05',
8/5/2026 1:28:47 PM,Position,Flatten account='PA-APEX-422136-04',
8/5/2026 1:28:47 PM,Order,Hot Key Flatten Everything,
8/5/2026 1:28:47 PM,Default,Terminating any NinjaScript strategies invoked by Flatten Everything command,
8/5/2026 1:28:47 PM,Position,Flatten account='Sim101',
8/5/2026 1:28:42 PM,Position,Flatten account='PA-APEX-422136-05',
8/5/2026 1:28:42 PM,Position,Flatten account='PA-APEX-422136-06',
8/5/2026 1:28:42 PM,Position,Flatten account='PA-APEX-422136-07',
8/5/2026 1:28:42 PM,Position,Flatten account='PA-APEX-422136-01',
8/5/2026 1:28:42 PM,Position,Flatten account='PA-APEX-422136-03',
8/5/2026 1:28:42 PM,Position,Flatten account='PA-APEX-422136-04',
8/5/2026 1:28:42 PM,Position,Flatten account='Sim101',
8/5/2026 1:28:42 PM,Default,Terminating any NinjaScript strategies invoked by Flatten Everything command,
8/5/2026 1:28:42 PM,Order,Hot Key Flatten Everything,
8/5/2026 1:28:42 PM,Position,Flatten account='PA-APEX-422136-08',
8/5/2026 1:28:42 PM,Position,Flatten account='PA-APEX-422136-09',
8/5/2026 1:28:42 PM,Position,Flatten account='Sim102',
8/5/2026 1:28:37 PM,Position,Flatten account='PA-APEX-422136-07',
8/5/2026 1:28:37 PM,Position,Flatten account='PA-APEX-422136-06',
8/5/2026 1:28:37 PM,Position,Flatten account='PA-APEX-422136-09',
8/5/2026 1:28:37 PM,Position,Flatten account='PA-APEX-422136-08',
8/5/2026 1:28:37 PM,Position,Flatten account='PA-APEX-422136-03',
8/5/2026 1:28:37 PM,Position,Flatten account='PA-APEX-422136-01',
8/5/2026 1:28:37 PM,Position,Flatten account='PA-APEX-422136-05',
8/5/2026 1:28:37 PM,Position,Flatten account='PA-APEX-422136-04',
8/5/2026 1:28:37 PM,Position,Flatten account='Sim102',
8/5/2026 1:28:37 PM,Position,Flatten account='Sim101',
8/5/2026 1:28:37 PM,Default,Terminating any NinjaScript strategies invoked by Flatten Everything command,
8/5/2026 1:28:37 PM,Order,Hot Key Flatten Everything,
8/5/2026 1:27:45 PM,Connection,Market data failed for 'MGC DEC26': 'get_order_book error : 13',
8/5/2026 1:27:45 PM,Connection,Market data failed for 'MES SEP26': 'get_order_book error : 13',
8/5/2026 1:27:45 PM,Connection,Using HDS (hds-us-nt-018.ninjatrader.com/31655),
8/5/2026 1:27:45 PM,Connection,Time to auto close position='12:00:00 AM' Enabled=False,
8/5/2026 1:27:44 PM,Connection,My Rithmic for NinjaTrader Brokerage: Primary connection=Connected Price feed=Connected,
8/5/2026 1:27:30 PM,Default,Restoring workspace 'SuperDOM 3'...,
8/5/2026 1:27:28 PM,Order,Order entry hot keys disabled,
8/5/2026 1:27:28 PM,Default,Auto close enabled=False,
8/5/2026 1:27:28 PM,Connection,My Rithmic for NinjaTrader Brokerage: Primary connection=Connecting Price feed=Connecting,
8/5/2026 1:27:28 PM,Default,Auto connecting 'My Rithmic for NinjaTrader Brokerage'...,
8/5/2026 1:27:28 PM,Default,Automated trading disabled,
8/5/2026 1:27:28 PM,Connection,Using IS (is-us-nt-005.ninjatrader.com/31658),
8/5/2026 1:27:28 PM,Default,Telemetry configuration updated to version 1003 (previous version 0).,
8/5/2026 1:27:22 PM,Default,Global simulation mode disabled,
8/5/2026 1:27:05 PM,Default,Session Break (Version 8.1.8.1),
8/5/2026 10:32:50 AM,Connection,My Rithmic for NinjaTrader Brokerage: Primary connection=Disconnected Price feed=Disconnected,
8/5/2026 10:32:50 AM,Connection,My Rithmic for NinjaTrader Brokerage: Primary connection=Disconnecting Price feed=Disconnecting,
8/5/2026 10:32:41 AM,Default,Workspace SuperDOM 3 not saved,
8/5/2026 7:55:10 AM,Order,Order='2850925625/PA-APEX-422136-05' Name='Close' New state='Filled' Instrument='MES SEP26' Action='Buy to cover' Limit price=0 Stop price=0 Quantity=3 Type='Market' Time in force=DAY Oco='' Filled=3 Fill price=7780.5 Error='No error' Native error='',
8/5/2026 7:55:10 AM,Execution,Execution='1602516,
8/5/2026 7:55:10 AM,Position,Instrument='MES SEP26' Account='PA-APEX-422136-05' Average price=7783.5 Quantity=3 Market position=Flat Operation=Remove,
8/5/2026 7:55:10 AM,Order,Order='2850925625/PA-APEX-422136-05' Name='Close' New state='Working' Instrument='MES SEP26' Action='Buy to cover' Limit price=0 Stop price=0 Quantity=3 Type='Market' Time in force=DAY Oco='' Filled=0 Fill price=0 Error='No error' Native error='',
8/5/2026 7:55:10 AM,Order,Order='2850925625/PA-APEX-422136-05' Name='Close' New state='Accepted' Instrument='MES SEP26' Action='Buy to cover' Limit price=0 Stop price=0 Quantity=3 Type='Market' Time in force=DAY Oco='' Filled=0 Fill price=0 Error='No error' Native error='',
8/5/2026 7:55:10 AM,Order,Order='4d430ce16cac4b7c9fb611e4f40c16db/PA-APEX-422136-05' Name='Close' New state='Submitted' Instrument='MES SEP26' Action='Buy to cover' Limit price=0 Stop price=0 Quantity=3 Type='Market' Time in force=DAY Oco='' Filled=0 Fill price=0 Error='No error' Native error='',
8/5/2026 7:55:10 AM,Order,Order='2850919346/PA-APEX-422136-05' Name='PTT-QX-Stop' New state='Cancelled' Instrument='MES SEP26' Action='Sell' Limit price=0 Stop price=7776 Quantity=3 Type='Stop Market' Time in force=GTC Oco='PTT-QX-c77d98f1' Filled=0 Fill price=0 Error='No error' Native error='',
8/5/2026 7:55:10 AM,Order,Order='2850919351/PA-APEX-422136-05' Name='PTT-QX-T1' New state='Cancelled' Instrument='MES SEP26' Action='Sell' Limit price=7784 Stop price=0 Quantity=3 Type='Limit' Time in force=GTC Oco='PTT-QX-c77d98f1' Filled=0 Fill price=0 Error='No error' Native error='',
8/5/2026 7:55:10 AM,Order,Order='2850919362/PA-APEX-422136-08' Name='PTT-QX-Stop' New state='Cancelled' Instrument='MES SEP26' Action='Sell' Limit price=0 Stop price=7776 Quantity=3 Type='Stop Market' Time in force=GTC Oco='PTT-QX-9e746055' Filled=0 Fill price=0 Error='No error' Native error='',
8/5/2026 7:55:10 AM,Order,Order='2850919369/PA-APEX-422136-08' Name='PTT-QX-T1' New state='Cancelled' Instrument='MES SEP26' Action='Sell' Limit price=7784 Stop price=0 Quantity=3 Type='Limit' Time in force=GTC Oco='PTT-QX-9e746055' Filled=0 Fill price=0 Error='No error' Native error='',
8/5/2026 7:55:10 AM,Order,Order='2850919392/PA-APEX-422136-09' Name='PTT-QX-Stop' New state='Cancelled' Instrument='MES SEP26' Action='Sell' Limit price=0 Stop price=7776 Quantity=3 Type='Stop Market' Time in force=GTC Oco='PTT-QX-6783a5cc' Filled=0 Fill price=0 Error='No error' Native error='',
8/5/2026 7:55:10 AM,Order,Order='2850919419/PA-APEX-422136-09' Name='PTT-QX-T1' New state='Cancelled' Instrument='MES SEP26' Action='Sell' Limit price=7784 Stop price=0 Quantity=3 Type='Limit' Time in force=GTC Oco='PTT-QX-6783a5cc' Filled=0 Fill price=0 Error='No error' Native error='',
8/5/2026 7:55:10 AM,Position,Flatten account='PA-APEX-422136-01',
8/5/2026 7:55:10 AM,Position,Flatten account='PA-APEX-422136-04',
8/5/2026 7:55:10 AM,Position,Flatten account='PA-APEX-422136-03',
8/5/2026 7:55:10 AM,Order,Order='2850919346/PA-APEX-422136-05' Name='PTT-QX-Stop' New state='Cancel submitted' Instrument='MES SEP26' Action='Sell' Limit price=0 Stop price=7776 Quantity=3 Type='Stop Market' Time in force=GTC Oco='PTT-QX-c77d98f1' Filled=0 Fill price=0 Error='No error' Native error='',
8/5/2026 7:55:10 AM,Order,Order='2850919351/PA-APEX-422136-05' Name='PTT-QX-T1' New state='Cancel submitted' Instrument='MES SEP26' Action='Sell' Limit price=7784 Stop price=0 Quantity=3 Type='Limit' Time in force=GTC Oco='PTT-QX-c77d98f1' Filled=0 Fill price=0 Error='No error' Native error='',
8/5/2026 7:55:10 AM,Order,Order='2850919362/PA-APEX-422136-08' Name='PTT-QX-Stop' New state='Cancel submitted' Instrument='MES SEP26' Action='Sell' Limit price=0 Stop price=7776 Quantity=3 Type='Stop Market' Time in force=GTC Oco='PTT-QX-9e746055' Filled=0 Fill price=0 Error='No error' Native error='',
8/5/2026 7:55:10 AM,Position,Flatten account='PA-APEX-422136-05',
8/5/2026 7:55:10 AM,Order,Order='2850919369/PA-APEX-422136-08' Name='PTT-QX-T1' New state='Cancel submitted' Instrument='MES SEP26' Action='Sell' Limit price=7784 Stop price=0 Quantity=3 Type='Limit' Time in force=GTC Oco='PTT-QX-9e746055' Filled=0 Fill price=0 Error='No error' Native error='',
8/5/2026 7:55:10 AM,Order,Order='2850919392/PA-APEX-422136-09' Name='PTT-QX-Stop' New state='Cancel submitted' Instrument='MES SEP26' Action='Sell' Limit price=0 Stop price=7776 Quantity=3 Type='Stop Market' Time in force=GTC Oco='PTT-QX-6783a5cc' Filled=0 Fill price=0 Error='No error' Native error='',
8/5/2026 7:55:10 AM,Order,Order='2850919419/PA-APEX-422136-09' Name='PTT-QX-T1' New state='Cancel submitted' Instrument='MES SEP26' Action='Sell' Limit price=7784 Stop price=0 Quantity=3 Type='Limit' Time in force=GTC Oco='PTT-QX-6783a5cc' Filled=0 Fill price=0 Error='No error' Native error='',
8/5/2026 7:55:10 AM,Position,Flatten account='PA-APEX-422136-06',
8/5/2026 7:55:10 AM,Position,Flatten account='PA-APEX-422136-07',
8/5/2026 7:55:10 AM,Position,Flatten account='PA-APEX-422136-08',
8/5/2026 7:55:10 AM,Position,Flatten account='Sim102',
8/5/2026 7:55:10 AM,Position,Flatten account='PA-APEX-422136-09',
8/5/2026 7:55:10 AM,Position,Flatten account='Sim101',
8/5/2026 7:55:10 AM,Default,Terminating any NinjaScript strategies invoked by Flatten Everything command,
8/5/2026 7:55:00 AM,Order,Order='2850919347/PA-APEX-422136-05' Name='PTT-QX-Stop2' New state='Cancelled' Instrument='MES SEP26' Action='Sell' Limit price=0 Stop price=7776 Quantity=1 Type='Stop Market' Time in force=GTC Oco='PTT-QX-0c3b692b' Filled=0 Fill price=0 Error='No error' Native error='',
8/5/2026 7:55:00 AM,Order,Order='2850919347/PA-APEX-422136-05' Name='PTT-QX-Stop2' New state='Cancel submitted' Instrument='MES SEP26' Action='Sell' Limit price=0 Stop price=7776 Quantity=1 Type='Stop Market' Time in force=GTC Oco='PTT-QX-0c3b692b' Filled=0 Fill price=0 Error='No error' Native error='',
8/5/2026 7:55:00 AM,Order,Order='2850919347/PA-APEX-422136-05' Name='PTT-QX-Stop2' New state='Accepted' Instrument='MES SEP26' Action='Sell' Limit price=0 Stop price=7776 Quantity=1 Type='Stop Market' Time in force=GTC Oco='PTT-QX-0c3b692b' Filled=0 Fill price=0 Error='No error' Native error='',
8/5/2026 7:55:00 AM,Order,Order='2850919359/PA-APEX-422136-05' Name='PTT-QX-T2' New state='Filled' Instrument='MES SEP26' Action='Sell' Limit price=7783.5 Stop price=0 Quantity=3 Type='Limit' Time in force=GTC Oco='PTT-QX-0c3b692b' Filled=3 Fill price=7783.5 Error='No error' Native error='',
8/5/2026 7:55:00 AM,Execution,Execution='1606000,
8/5/2026 7:55:00 AM,Position,Instrument='MES SEP26' Account='PA-APEX-422136-05' Average price=7783.5 Quantity=3 Market position=Short Operation=Update,
8/5/2026 7:55:00 AM,Order,Order='2850919347/PA-APEX-422136-05' Name='PTT-QX-Stop2' New state='Change submitted' Instrument='MES SEP26' Action='Sell' Limit price=0 Stop price=7776 Quantity=1 Type='Stop Market' Time in force=GTC Oco='PTT-QX-0c3b692b' Filled=0 Fill price=0 Error='No error' Native error='',
8/5/2026 7:55:00 AM,Order,Order='2850919347/PA-APEX-422136-05' Name='PTT-QX-Stop2' New state='Accepted' Instrument='MES SEP26' Action='Sell' Limit price=0 Stop price=7776 Quantity=2 Type='Stop Market' Time in force=GTC Oco='PTT-QX-0c3b692b' Filled=0 Fill price=0 Error='No error' Native error='',
8/5/2026 7:55:00 AM,Execution,Execution='1605998,
8/5/2026 7:55:00 AM,Order,Order='2850919359/PA-APEX-422136-05' Name='PTT-QX-T2' New state='Partially filled' Instrument='MES SEP26' Action='Sell' Limit price=7783.5 Stop price=0 Quantity=3 Type='Limit' Time in force=GTC Oco='PTT-QX-0c3b692b' Filled=2 Fill price=7783.5 Error='No error' Native error='',
8/5/2026 7:55:00 AM,Position,Instrument='MES SEP26' Account='PA-APEX-422136-05' Average price=7783.5 Quantity=2 Market position=Short Operation=Update,
8/5/2026 7:55:00 AM,Execution,Execution='1605997,
8/5/2026 7:55:00 AM,Order,Order='2850919347/PA-APEX-422136-05' Name='PTT-QX-Stop2' New state='Change submitted' Instrument='MES SEP26' Action='Sell' Limit price=0 Stop price=7776 Quantity=2 Type='Stop Market' Time in force=GTC Oco='PTT-QX-0c3b692b' Filled=0 Fill price=0 Error='No error' Native error='',
8/5/2026 7:55:00 AM,Position,Instrument='MES SEP26' Account='PA-APEX-422136-05' Average price=7783.5 Quantity=1 Market position=Short Operation=Operation_Add,
8/5/2026 7:55:00 AM,Order,Order='2850919359/PA-APEX-422136-05' Name='PTT-QX-T2' New state='Partially filled' Instrument='MES SEP26' Action='Sell' Limit price=7783.5 Stop price=0 Quantity=3 Type='Limit' Time in force=GTC Oco='PTT-QX-0c3b692b' Filled=1 Fill price=7783.5 Error='No error' Native error='',
8/5/2026 7:54:58 AM,Position,Instrument='MES SEP26' Account='PA-APEX-422136-09' Average price=7783 Quantity=3 Market position=Flat Operation=Remove,
8/5/2026 7:54:58 AM,Position,Instrument='MES SEP26' Account='PA-APEX-422136-05' Average price=7783 Quantity=6 Market position=Flat Operation=Remove,
8/5/2026 7:54:57 AM,Order,Order='2850919359/PA-APEX-422136-05' Name='PTT-QX-T2' New state='Accepted' Instrument='MES SEP26' Action='Sell' Limit price=7783.5 Stop price=0 Quantity=3 Type='Limit' Time in force=GTC Oco='PTT-QX-0c3b692b' Filled=0 Fill price=0 Error='No error' Native error='',
8/5/2026 7:54:57 AM,Order,Order='2850919359/PA-APEX-422136-05' Name='PTT-QX-T2' New state='Working' Instrument='MES SEP26' Action='Sell' Limit price=7783.5 Stop price=0 Quantity=3 Type='Limit' Time in force=GTC Oco='PTT-QX-0c3b692b' Filled=0 Fill price=0 Error='No error' Native error='',
8/5/2026 7:54:57 AM,Order,Order='2850919359/PA-APEX-422136-05' Name='PTT-QX-T2' New state='Change submitted' Instrument='MES SEP26' Action='Sell' Limit price=7783.5 Stop price=0 Quantity=3 Type='Limit' Time in force=GTC Oco='PTT-QX-0c3b692b' Filled=0 Fill price=0 Error='No error' Native error='',
8/5/2026 7:54:54 AM,Execution,Execution='1604441,
8/5/2026 7:54:53 AM,Order,Order='2850923720/PA-APEX-422136-08' Name='PTT-BE-Stop' New state='Filled' Instrument='MES SEP26' Action='Sell' Limit price=0 Stop price=7783 Quantity=3 Type='Stop Market' Time in force=GTC Oco='' Filled=3 Fill price=7783 Error='No error' Native error='',
8/5/2026 7:54:53 AM,Order,Order='2850923720/PA-APEX-422136-08' Name='PTT-BE-Stop' New state='Working' Instrument='MES SEP26' Action='Sell' Limit price=0 Stop price=7783 Quantity=3 Type='Stop Market' Time in force=GTC Oco='' Filled=0 Fill price=0 Error='No error' Native error='',
8/5/2026 7:54:53 AM,Order,Order='2850923734/PA-APEX-422136-05' Name='PTT-BE-Stop' New state='Filled' Instrument='MES SEP26' Action='Sell' Limit price=0 Stop price=7783 Quantity=6 Type='Stop Market' Time in force=GTC Oco='' Filled=6 Fill price=7783 Error='No error' Native error='',
8/5/2026 7:54:53 AM,Execution,Execution='1602222,
8/5/2026 7:54:53 AM,Order,Order='2850923734/PA-APEX-422136-05' Name='PTT-BE-Stop' New state='Working' Instrument='MES SEP26' Action='Sell' Limit price=0 Stop price=7783 Quantity=6 Type='Stop Market' Time in force=GTC Oco='' Filled=0 Fill price=0 Error='No error' Native error='',
8/5/2026 7:54:53 AM,Position,Instrument='MES SEP26' Account='PA-APEX-422136-08' Average price=7783 Quantity=3 Market position=Flat Operation=Remove,
8/5/2026 7:54:53 AM,Order,Order='2850923745/PA-APEX-422136-09' Name='PTT-BE-Stop' New state='Filled' Instrument='MES SEP26' Action='Sell' Limit price=0 Stop price=7783 Quantity=3 Type='Stop Market' Time in force=GTC Oco='' Filled=3 Fill price=7783 Error='No error' Native error='',
8/5/2026 7:54:53 AM,Execution,Execution='1603112,
8/5/2026 7:54:53 AM,Order,Order='2850923745/PA-APEX-422136-09' Name='PTT-BE-Stop' New state='Working' Instrument='MES SEP26' Action='Sell' Limit price=0 Stop price=7783 Quantity=3 Type='Stop Market' Time in force=GTC Oco='' Filled=0 Fill price=0 Error='No error' Native error='',
8/5/2026 7:54:53 AM,Order,Order='2850923745/PA-APEX-422136-09' Name='PTT-BE-Stop' New state='Accepted' Instrument='MES SEP26' Action='Sell' Limit price=0 Stop price=7783 Quantity=3 Type='Stop Market' Time in force=GTC Oco='' Filled=0 Fill price=0 Error='No error' Native error='',
8/5/2026 7:54:53 AM,Order,Order='2850923734/PA-APEX-422136-05' Name='PTT-BE-Stop' New state='Accepted' Instrument='MES SEP26' Action='Sell' Limit price=0 Stop price=7783 Quantity=6 Type='Stop Market' Time in force=GTC Oco='' Filled=0 Fill price=0 Error='No error' Native error='',
8/5/2026 7:54:53 AM,Order,Order='b64d3272ec7043e2ab4223da71051467/PA-APEX-422136-09' Name='PTT-BE-Stop' New state='Submitted' Instrument='MES SEP26' Action='Sell' Limit price=0 Stop price=7783 Quantity=3 Type='Stop Market' Time in force=GTC Oco='' Filled=0 Fill price=0 Error='No error' Native error='',
8/5/2026 7:54:53 AM,Order,Order='dc2529bddc0e43209fbcdf6608ee0b44/PA-APEX-422136-05' Name='PTT-BE-Stop' New state='Submitted' Instrument='MES SEP26' Action='Sell' Limit price=0 Stop price=7783 Quantity=6 Type='Stop Market' Time in force=GTC Oco='' Filled=0 Fill price=0 Error='No error' Native error='',
8/5/2026 7:54:52 AM,Order,Order='2850923720/PA-APEX-422136-08' Name='PTT-BE-Stop' New state='Accepted' Instrument='MES SEP26' Action='Sell' Limit price=0 Stop price=7783 Quantity=3 Type='Stop Market' Time in force=GTC Oco='' Filled=0 Fill price=0 Error='No error' Native error='',
8/5/2026 7:54:52 AM,Order,Order='97c7bba31a77451c988a91bf49171b05/PA-APEX-422136-08' Name='PTT-BE-Stop' New state='Submitted' Instrument='MES SEP26' Action='Sell' Limit price=0 Stop price=7783 Quantity=3 Type='Stop Market' Time in force=GTC Oco='' Filled=0 Fill price=0 Error='No error' Native error='',
8/5/2026 7:54:52 AM,Order,Order='2850919363/PA-APEX-422136-08' Name='PTT-QX-Stop2' New state='Cancelled' Instrument='MES SEP26' Action='Sell' Limit price=0 Stop price=7776 Quantity=3 Type='Stop Market' Time in force=GTC Oco='PTT-QX-7adfe2f6' Filled=0 Fill price=0 Error='No error' Native error='',
8/5/2026 7:54:52 AM,Execution,Execution='1603851,
8/5/2026 7:54:52 AM,Order,Order='2850919363/PA-APEX-422136-08' Name='PTT-QX-Stop2' New state='Cancel submitted' Instrument='MES SEP26' Action='Sell' Limit price=0 Stop price=7776 Quantity=3 Type='Stop Market' Time in force=GTC Oco='PTT-QX-7adfe2f6' Filled=0 Fill price=0 Error='No error' Native error='',
8/5/2026 7:54:52 AM,Order,Order='2850919383/PA-APEX-422136-08' Name='PTT-QX-T2' New state='Filled' Instrument='MES SEP26' Action='Sell' Limit price=7783.25 Stop price=0 Quantity=3 Type='Limit' Time in force=GTC Oco='PTT-QX-7adfe2f6' Filled=3 Fill price=7783.25 Error='No error' Native error='',
8/5/2026 7:54:52 AM,Position,Instrument='MES SEP26' Account='PA-APEX-422136-08' Average price=7783 Quantity=3 Market position=Long Operation=Update,
8/5/2026 7:54:48 AM,Order,Order='2850919383/PA-APEX-422136-08' Name='PTT-QX-T2' New state='Working' Instrument='MES SEP26' Action='Sell' Limit price=7783.25 Stop price=0 Quantity=3 Type='Limit' Time in force=GTC Oco='PTT-QX-7adfe2f6' Filled=0 Fill price=0 Error='No error' Native error='',
8/5/2026 7:54:48 AM,Order,Order='2850919383/PA-APEX-422136-08' Name='PTT-QX-T2' New state='Accepted' Instrument='MES SEP26' Action='Sell' Limit price=7783.25 Stop price=0 Quantity=3 Type='Limit' Time in force=GTC Oco='PTT-QX-7adfe2f6' Filled=0 Fill price=0 Error='No error' Native error='',
8/5/2026 7:54:48 AM,Order,Order='2850919383/PA-APEX-422136-08' Name='PTT-QX-T2' New state='Change submitted' Instrument='MES SEP26' Action='Sell' Limit price=7783.25 Stop price=0 Quantity=3 Type='Limit' Time in force=GTC Oco='PTT-QX-7adfe2f6' Filled=0 Fill price=0 Error='No error' Native error='',
8/5/2026 7:54:43 AM,Order,Order='2850919411/PA-APEX-422136-09' Name='PTT-QX-Stop2' New state='Cancelled' Instrument='MES SEP26' Action='Sell' Limit price=0 Stop price=7776 Quantity=1 Type='Stop Market' Time in force=GTC Oco='PTT-QX-6b0101ff' Filled=0 Fill price=0 Error='No error' Native error='',
8/5/2026 7:54:43 AM,Order,Order='2850919411/PA-APEX-422136-09' Name='PTT-QX-Stop2' New state='Cancel submitted' Instrument='MES SEP26' Action='Sell' Limit price=0 Stop price=7776 Quantity=1 Type='Stop Market' Time in force=GTC Oco='PTT-QX-6b0101ff' Filled=0 Fill price=0 Error='No error' Native error='',
8/5/2026 7:54:43 AM,Order,Order='2850919411/PA-APEX-422136-09' Name='PTT-QX-Stop2' New state='Accepted' Instrument='MES SEP26' Action='Sell' Limit price=0 Stop price=7776 Quantity=1 Type='Stop Market' Time in force=GTC Oco='PTT-QX-6b0101ff' Filled=0 Fill price=0 Error='No error' Native error='',
8/5/2026 7:54:43 AM,Execution,Execution='1604152,
8/5/2026 7:54:43 AM,Order,Order='2850919423/PA-APEX-422136-09' Name='PTT-QX-T2' New state='Filled' Instrument='MES SEP26' Action='Sell' Limit price=7782.25 Stop price=0 Quantity=3 Type='Limit' Time in force=GTC Oco='PTT-QX-6b0101ff' Filled=3 Fill price=7782.25 Error='No error' Native error='',
8/5/2026 7:54:43 AM,Execution,Execution='1604151,
8/5/2026 7:54:43 AM,Order,Order='2850919411/PA-APEX-422136-09' Name='PTT-QX-Stop2' New state='Change submitted' Instrument='MES SEP26' Action='Sell' Limit price=0 Stop price=7776 Quantity=1 Type='Stop Market' Time in force=GTC Oco='PTT-QX-6b0101ff' Filled=0 Fill price=0 Error='No error' Native error='',
8/5/2026 7:54:43 AM,Position,Instrument='MES SEP26' Account='PA-APEX-422136-09' Average price=7783 Quantity=3 Market position=Long Operation=Update,
8/5/2026 7:54:43 AM,Position,Instrument='MES SEP26' Account='PA-APEX-422136-09' Average price=7783 Quantity=4 Market position=Long Operation=Update,
8/5/2026 7:54:43 AM,Order,Order='2850919423/PA-APEX-422136-09' Name='PTT-QX-T2' New state='Partially filled' Instrument='MES SEP26' Action='Sell' Limit price=7782.25 Stop price=0 Quantity=3 Type='Limit' Time in force=GTC Oco='PTT-QX-6b0101ff' Filled=2 Fill price=7782.25 Error='No error' Native error='',
8/5/2026 7:54:43 AM,Position,Instrument='MES SEP26' Account='PA-APEX-422136-09' Average price=7783 Quantity=5 Market position=Long Operation=Update,
8/5/2026 7:54:43 AM,Execution,Execution='1604150,
8/5/2026 7:54:43 AM,Order,Order='2850919423/PA-APEX-422136-09' Name='PTT-QX-T2' New state='Partially filled' Instrument='MES SEP26' Action='Sell' Limit price=7782.25 Stop price=0 Quantity=3 Type='Limit' Time in force=GTC Oco='PTT-QX-6b0101ff' Filled=1 Fill price=7782.25 Error='No error' Native error='',
8/5/2026 7:54:41 AM,Order,Order='2850919423/PA-APEX-422136-09' Name='PTT-QX-T2' New state='Working' Instrument='MES SEP26' Action='Sell' Limit price=7782.25 Stop price=0 Quantity=3 Type='Limit' Time in force=GTC Oco='PTT-QX-6b0101ff' Filled=0 Fill price=0 Error='No error' Native error='',
8/5/2026 7:54:41 AM,Order,Order='2850919423/PA-APEX-422136-09' Name='PTT-QX-T2' New state='Accepted' Instrument='MES SEP26' Action='Sell' Limit price=7782.25 Stop price=0 Quantity=3 Type='Limit' Time in force=GTC Oco='PTT-QX-6b0101ff' Filled=0 Fill price=0 Error='No error' Native error='',
8/5/2026 7:54:41 AM,Order,Order='2850919423/PA-APEX-422136-09' Name='PTT-QX-T2' New state='Change submitted' Instrument='MES SEP26' Action='Sell' Limit price=7782.25 Stop price=0 Quantity=3 Type='Limit' Time in force=GTC Oco='PTT-QX-6b0101ff' Filled=0 Fill price=0 Error='No error' Native error='',
8/5/2026 7:54:06 AM,Order,Order='2850919423/PA-APEX-422136-09' Name='PTT-QX-T2' New state='Working' Instrument='MES SEP26' Action='Sell' Limit price=7785 Stop price=0 Quantity=3 Type='Limit' Time in force=GTC Oco='PTT-QX-6b0101ff' Filled=0 Fill price=0 Error='No error' Native error='',
8/5/2026 7:54:06 AM,Order,Order='2850919423/PA-APEX-422136-09' Name='PTT-QX-T2' New state='Accepted' Instrument='MES SEP26' Action='Sell' Limit price=7785 Stop price=0 Quantity=3 Type='Limit' Time in force=GTC Oco='PTT-QX-6b0101ff' Filled=0 Fill price=0 Error='No error' Native error='',
8/5/2026 7:54:06 AM,Order,Order='ab5c3ca8203f421ba7ac3897dad1f4bf/PA-APEX-422136-09' Name='PTT-QX-T2' New state='Submitted' Instrument='MES SEP26' Action='Sell' Limit price=7785 Stop price=0 Quantity=3 Type='Limit' Time in force=GTC Oco='PTT-QX-6b0101ff' Filled=0 Fill price=0 Error='No error' Native error='',
8/5/2026 7:54:06 AM,Order,Order='2850919419/PA-APEX-422136-09' Name='PTT-QX-T1' New state='Accepted' Instrument='MES SEP26' Action='Sell' Limit price=7784 Stop price=0 Quantity=3 Type='Limit' Time in force=GTC Oco='PTT-QX-6783a5cc' Filled=0 Fill price=0 Error='No error' Native error='',
8/5/2026 7:54:06 AM,Order,Order='2850919419/PA-APEX-422136-09' Name='PTT-QX-T1' New state='Working' Instrument='MES SEP26' Action='Sell' Limit price=7784 Stop price=0 Quantity=3 Type='Limit' Time in force=GTC Oco='PTT-QX-6783a5cc' Filled=0 Fill price=0 Error='No error' Native error='',
8/5/2026 7:54:06 AM,Order,Order='2850919392/PA-APEX-422136-09' Name='PTT-QX-Stop' New state='Accepted' Instrument='MES SEP26' Action='Sell' Limit price=0 Stop price=7776 Quantity=3 Type='Stop Market' Time in force=GTC Oco='PTT-QX-6783a5cc' Filled=0 Fill price=0 Error='No error' Native error='',
8/5/2026 7:54:06 AM,Order,Order='2850919411/PA-APEX-422136-09' Name='PTT-QX-Stop2' New state='Accepted' Instrument='MES SEP26' Action='Sell' Limit price=0 Stop price=7776 Quantity=3 Type='Stop Market' Time in force=GTC Oco='PTT-QX-6b0101ff' Filled=0 Fill price=0 Error='No error' Native error='',
8/5/2026 7:54:06 AM,Order,Order='2850915370/PA-APEX-422136-09' Name='Stop2' New state='Cancelled' Instrument='MES SEP26' Action='Sell' Limit price=0 Stop price=7776 Quantity=3 Type='Stop Market' Time in force=GTC Oco='6bfa6dcdd76e4a58a07e690dab888116' Filled=0 Fill price=0 Error='No error' Native error='',
8/5/2026 7:54:06 AM,Order,Order='2850915368/PA-APEX-422136-09' Name='Stop1' New state='Cancelled' Instrument='MES SEP26' Action='Sell' Limit price=0 Stop price=7776 Quantity=3 Type='Stop Market' Time in force=GTC Oco='83a6e2971ca64163af456ef87db04ec6' Filled=0 Fill price=0 Error='No error' Native error='',
8/5/2026 7:54:06 AM,Order,Order='2850915390/PA-APEX-422136-09' Name='Target2' New state='Cancelled' Instrument='MES SEP26' Action='Sell' Limit price=7786.5 Stop price=0 Quantity=3 Type='Limit' Time in force=GTC Oco='6bfa6dcdd76e4a58a07e690dab888116' Filled=0 Fill price=0 Error='No error' Native error='',
8/5/2026 7:54:06 AM,Order,Order='ff5393a37f8248bc9e7bf500536b2266/PA-APEX-422136-09' Name='PTT-QX-T1' New state='Submitted' Instrument='MES SEP26' Action='Sell' Limit price=7784 Stop price=0 Quantity=3 Type='Limit' Time in force=GTC Oco='PTT-QX-6783a5cc' Filled=0 Fill price=0 Error='No error' Native error='',
8/5/2026 7:54:06 AM,Order,Order='2850915369/PA-APEX-422136-09' Name='Target1' New state='Cancelled' Instrument='MES SEP26' Action='Sell' Limit price=7785.75 Stop price=0 Quantity=3 Type='Limit' Time in force=GTC Oco='83a6e2971ca64163af456ef87db04ec6' Filled=0 Fill price=0 Error='No error' Native error='',
8/5/2026 7:54:06 AM,Order,Order='b1776ff03b454b689dcb86759884c50a/PA-APEX-422136-09' Name='PTT-QX-Stop2' New state='Submitted' Instrument='MES SEP26' Action='Sell' Limit price=0 Stop price=7776 Quantity=3 Type='Stop Market' Time in force=GTC Oco='PTT-QX-6b0101ff' Filled=0 Fill price=0 Error='No error' Native error='',
8/5/2026 7:54:05 AM,Order,Order='2850919383/PA-APEX-422136-08' Name='PTT-QX-T2' New state='Accepted' Instrument='MES SEP26' Action='Sell' Limit price=7785 Stop price=0 Quantity=3 Type='Limit' Time in force=GTC Oco='PTT-QX-7adfe2f6' Filled=0 Fill price=0 Error='No error' Native error='',
8/5/2026 7:54:05 AM,Order,Order='2850919383/PA-APEX-422136-08' Name='PTT-QX-T2' New state='Working' Instrument='MES SEP26' Action='Sell' Limit price=7785 Stop price=0 Quantity=3 Type='Limit' Time in force=GTC Oco='PTT-QX-7adfe2f6' Filled=0 Fill price=0 Error='No error' Native error='',
8/5/2026 7:54:05 AM,Order,Order='1a61f5659aa2497b9d568ee9b6f1610a/PA-APEX-422136-09' Name='PTT-QX-Stop' New state='Submitted' Instrument='MES SEP26' Action='Sell' Limit price=0 Stop price=7776 Quantity=3 Type='Stop Market' Time in force=GTC Oco='PTT-QX-6783a5cc' Filled=0 Fill price=0 Error='No error' Native error='',
8/5/2026 7:54:05 AM,Order,Order='2850919363/PA-APEX-422136-08' Name='PTT-QX-Stop2' New state='Accepted' Instrument='MES SEP26' Action='Sell' Limit price=0 Stop price=7776 Quantity=3 Type='Stop Market' Time in force=GTC Oco='PTT-QX-7adfe2f6' Filled=0 Fill price=0 Error='No error' Native error='',
8/5/2026 7:54:05 AM,Order,Order='2850919369/PA-APEX-422136-08' Name='PTT-QX-T1' New state='Working' Instrument='MES SEP26' Action='Sell' Limit price=7784 Stop price=0 Quantity=3 Type='Limit' Time in force=GTC Oco='PTT-QX-9e746055' Filled=0 Fill price=0 Error='No error' Native error='',
8/5/2026 7:54:05 AM,Order,Order='2850919369/PA-APEX-422136-08' Name='PTT-QX-T1' New state='Accepted' Instrument='MES SEP26' Action='Sell' Limit price=7784 Stop price=0 Quantity=3 Type='Limit' Time in force=GTC Oco='PTT-QX-9e746055' Filled=0 Fill price=0 Error='No error' Native error='',
8/5/2026 7:54:05 AM,Order,Order='2850919362/PA-APEX-422136-08' Name='PTT-QX-Stop' New state='Accepted' Instrument='MES SEP26' Action='Sell' Limit price=0 Stop price=7776 Quantity=3 Type='Stop Market' Time in force=GTC Oco='PTT-QX-9e746055' Filled=0 Fill price=0 Error='No error' Native error='',
8/5/2026 7:54:05 AM,Order,Order='2850915359/PA-APEX-422136-08' Name='Stop2' New state='Cancelled' Instrument='MES SEP26' Action='Sell' Limit price=0 Stop price=7776 Quantity=3 Type='Stop Market' Time in force=GTC Oco='fded7358604f46d280468270d89c5024' Filled=0 Fill price=0 Error='No error' Native error='',
8/5/2026 7:54:05 AM,Order,Order='2850915357/PA-APEX-422136-08' Name='Stop1' New state='Cancelled' Instrument='MES SEP26' Action='Sell' Limit price=0 Stop price=7776 Quantity=3 Type='Stop Market' Time in force=GTC Oco='651ce8a2a60f423f85059a3db2d2a368' Filled=0 Fill price=0 Error='No error' Native error='',
8/5/2026 7:54:05 AM,Order,Order='2850915360/PA-APEX-422136-08' Name='Target2' New state='Cancelled' Instrument='MES SEP26' Action='Sell' Limit price=7786.5 Stop price=0 Quantity=3 Type='Limit' Time in force=GTC Oco='fded7358604f46d280468270d89c5024' Filled=0 Fill price=0 Error='No error' Native error='',
8/5/2026 7:54:05 AM,Order,Order='2850915390/PA-APEX-422136-09' Name='Target2' New state='Cancel submitted' Instrument='MES SEP26' Action='Sell' Limit price=7786.5 Stop price=0 Quantity=3 Type='Limit' Time in force=GTC Oco='6bfa6dcdd76e4a58a07e690dab888116' Filled=0 Fill price=0 Error='No error' Native error='',
8/5/2026 7:54:05 AM,Order,Order='2850915368/PA-APEX-422136-09' Name='Stop1' New state='Cancel submitted' Instrument='MES SEP26' Action='Sell' Limit price=0 Stop price=7776 Quantity=3 Type='Stop Market' Time in force=GTC Oco='83a6e2971ca64163af456ef87db04ec6' Filled=0 Fill price=0 Error='No error' Native error='',
8/5/2026 7:54:05 AM,Order,Order='2850915370/PA-APEX-422136-09' Name='Stop2' New state='Cancel submitted' Instrument='MES SEP26' Action='Sell' Limit price=0 Stop price=7776 Quantity=3 Type='Stop Market' Time in force=GTC Oco='6bfa6dcdd76e4a58a07e690dab888116' Filled=0 Fill price=0 Error='No error' Native error='',
8/5/2026 7:54:05 AM,Order,Order='2850915369/PA-APEX-422136-09' Name='Target1' New state='Cancel submitted' Instrument='MES SEP26' Action='Sell' Limit price=7785.75 Stop price=0 Quantity=3 Type='Limit' Time in force=GTC Oco='83a6e2971ca64163af456ef87db04ec6' Filled=0 Fill price=0 Error='No error' Native error='',
8/5/2026 7:54:05 AM,Order,Order='647a9d9b9b4e4604957ae93fe3688796/PA-APEX-422136-08' Name='PTT-QX-T2' New state='Submitted' Instrument='MES SEP26' Action='Sell' Limit price=7785 Stop price=0 Quantity=3 Type='Limit' Time in force=GTC Oco='PTT-QX-7adfe2f6' Filled=0 Fill price=0 Error='No error' Native error='',
8/5/2026 7:54:05 AM,Order,Order='2850915358/PA-APEX-422136-08' Name='Target1' New state='Cancelled' Instrument='MES SEP26' Action='Sell' Limit price=7785.75 Stop price=0 Quantity=3 Type='Limit' Time in force=GTC Oco='651ce8a2a60f423f85059a3db2d2a368' Filled=0 Fill price=0 Error='No error' Native error='',
8/5/2026 7:54:05 AM,Order,Order='49d65aa66a3443119f26a079cc06d8ff/PA-APEX-422136-08' Name='PTT-QX-T1' New state='Submitted' Instrument='MES SEP26' Action='Sell' Limit price=7784 Stop price=0 Quantity=3 Type='Limit' Time in force=GTC Oco='PTT-QX-9e746055' Filled=0 Fill price=0 Error='No error' Native error='',
8/5/2026 7:54:05 AM,Order,Order='2850919359/PA-APEX-422136-05' Name='PTT-QX-T2' New state='Accepted' Instrument='MES SEP26' Action='Sell' Limit price=7785 Stop price=0 Quantity=3 Type='Limit' Time in force=GTC Oco='PTT-QX-0c3b692b' Filled=0 Fill price=0 Error='No error' Native error='',
8/5/2026 7:54:05 AM,Order,Order='2850919359/PA-APEX-422136-05' Name='PTT-QX-T2' New state='Working' Instrument='MES SEP26' Action='Sell' Limit price=7785 Stop price=0 Quantity=3 Type='Limit' Time in force=GTC Oco='PTT-QX-0c3b692b' Filled=0 Fill price=0 Error='No error' Native error='',
8/5/2026 7:54:05 AM,Order,Order='f7e8d94217c343b4963aa1d527900cac/PA-APEX-422136-08' Name='PTT-QX-Stop2' New state='Submitted' Instrument='MES SEP26' Action='Sell' Limit price=0 Stop price=7776 Quantity=3 Type='Stop Market' Time in force=GTC Oco='PTT-QX-7adfe2f6' Filled=0 Fill price=0 Error='No error' Native error='',
8/5/2026 7:54:05 AM,Order,Order='b296df6c69d84eaeab25d52bc780269e/PA-APEX-422136-08' Name='PTT-QX-Stop' New state='Submitted' Instrument='MES SEP26' Action='Sell' Limit price=0 Stop price=7776 Quantity=3 Type='Stop Market' Time in force=GTC Oco='PTT-QX-9e746055' Filled=0 Fill price=0 Error='No error' Native error='',
8/5/2026 7:54:05 AM,Order,Order='2850915359/PA-APEX-422136-08' Name='Stop2' New state='Cancel submitted' Instrument='MES SEP26' Action='Sell' Limit price=0 Stop price=7776 Quantity=3 Type='Stop Market' Time in force=GTC Oco='fded7358604f46d280468270d89c5024' Filled=0 Fill price=0 Error='No error' Native error='',
8/5/2026 7:54:05 AM,Order,Order='2850919351/PA-APEX-422136-05' Name='PTT-QX-T1' New state='Accepted' Instrument='MES SEP26' Action='Sell' Limit price=7784 Stop price=0 Quantity=3 Type='Limit' Time in force=GTC Oco='PTT-QX-c77d98f1' Filled=0 Fill price=0 Error='No error' Native error='',
8/5/2026 7:54:05 AM,Order,Order='2850919351/PA-APEX-422136-05' Name='PTT-QX-T1' New state='Working' Instrument='MES SEP26' Action='Sell' Limit price=7784 Stop price=0 Quantity=3 Type='Limit' Time in force=GTC Oco='PTT-QX-c77d98f1' Filled=0 Fill price=0 Error='No error' Native error='',
8/5/2026 7:54:05 AM,Order,Order='2850915358/PA-APEX-422136-08' Name='Target1' New state='Cancel submitted' Instrument='MES SEP26' Action='Sell' Limit price=7785.75 Stop price=0 Quantity=3 Type='Limit' Time in force=GTC Oco='651ce8a2a60f423f85059a3db2d2a368' Filled=0 Fill price=0 Error='No error' Native error='',
8/5/2026 7:54:05 AM,Order,Order='2850915360/PA-APEX-422136-08' Name='Target2' New state='Cancel submitted' Instrument='MES SEP26' Action='Sell' Limit price=7786.5 Stop price=0 Quantity=3 Type='Limit' Time in force=GTC Oco='fded7358604f46d280468270d89c5024' Filled=0 Fill price=0 Error='No error' Native error='',
8/5/2026 7:54:05 AM,Order,Order='2850915357/PA-APEX-422136-08' Name='Stop1' New state='Cancel submitted' Instrument='MES SEP26' Action='Sell' Limit price=0 Stop price=7776 Quantity=3 Type='Stop Market' Time in force=GTC Oco='651ce8a2a60f423f85059a3db2d2a368' Filled=0 Fill price=0 Error='No error' Native error='',
8/5/2026 7:54:05 AM,Order,Order='22d9fbabc484452682ef480fdaf1aa2d/PA-APEX-422136-05' Name='PTT-QX-T2' New state='Submitted' Instrument='MES SEP26' Action='Sell' Limit price=7785 Stop price=0 Quantity=3 Type='Limit' Time in force=GTC Oco='PTT-QX-0c3b692b' Filled=0 Fill price=0 Error='No error' Native error='',
8/5/2026 7:54:05 AM,Order,Order='2850919347/PA-APEX-422136-05' Name='PTT-QX-Stop2' New state='Accepted' Instrument='MES SEP26' Action='Sell' Limit price=0 Stop price=7776 Quantity=3 Type='Stop Market' Time in force=GTC Oco='PTT-QX-0c3b692b' Filled=0 Fill price=0 Error='No error' Native error='',
8/5/2026 7:54:05 AM,Order,Order='2850919346/PA-APEX-422136-05' Name='PTT-QX-Stop' New state='Accepted' Instrument='MES SEP26' Action='Sell' Limit price=0 Stop price=7776 Quantity=3 Type='Stop Market' Time in force=GTC Oco='PTT-QX-c77d98f1' Filled=0 Fill price=0 Error='No error' Native error='',
8/5/2026 7:54:05 AM,Order,Order='2850915303/PA-APEX-422136-05' Name='Stop2' New state='Cancelled' Instrument='MES SEP26' Action='Sell' Limit price=0 Stop price=7776 Quantity=3 Type='Stop Market' Time in force=GTC Oco='286a8c2250b34c06b20a49667a2a59c3' Filled=0 Fill price=0 Error='No error' Native error='',
8/5/2026 7:54:05 AM,Order,Order='2850915295/PA-APEX-422136-05' Name='Stop1' New state='Cancelled' Instrument='MES SEP26' Action='Sell' Limit price=0 Stop price=7776 Quantity=3 Type='Stop Market' Time in force=GTC Oco='49f147a0e96b400795c7d13a094c523e' Filled=0 Fill price=0 Error='No error' Native error='',
8/5/2026 7:54:05 AM,Order,Order='2850915304/PA-APEX-422136-05' Name='Target2' New state='Cancelled' Instrument='MES SEP26' Action='Sell' Limit price=7786.5 Stop price=0 Quantity=3 Type='Limit' Time in force=GTC Oco='286a8c2250b34c06b20a49667a2a59c3' Filled=0 Fill price=0 Error='No error' Native error='',
8/5/2026 7:54:05 AM,Order,Order='859272ed9d1d471697dcd39e13c5e278/PA-APEX-422136-05' Name='PTT-QX-T1' New state='Submitted' Instrument='MES SEP26' Action='Sell' Limit price=7784 Stop price=0 Quantity=3 Type='Limit' Time in force=GTC Oco='PTT-QX-c77d98f1' Filled=0 Fill price=0 Error='No error' Native error='',
8/5/2026 7:54:05 AM,Order,Order='2850915302/PA-APEX-422136-05' Name='Target1' New state='Cancelled' Instrument='MES SEP26' Action='Sell' Limit price=7785.75 Stop price=0 Quantity=3 Type='Limit' Time in force=GTC Oco='49f147a0e96b400795c7d13a094c523e' Filled=0 Fill price=0 Error='No error' Native error='',
8/5/2026 7:54:05 AM,Order,Order='c0ff062c370a468498252668901699b7/PA-APEX-422136-05' Name='PTT-QX-Stop2' New state='Submitted' Instrument='MES SEP26' Action='Sell' Limit price=0 Stop price=7776 Quantity=3 Type='Stop Market' Time in force=GTC Oco='PTT-QX-0c3b692b' Filled=0 Fill price=0 Error='No error' Native error='',
8/5/2026 7:54:05 AM,Order,Order='177c226039764c10b745503bb4f1bc6f/PA-APEX-422136-05' Name='PTT-QX-Stop' New state='Submitted' Instrument='MES SEP26' Action='Sell' Limit price=0 Stop price=7776 Quantity=3 Type='Stop Market' Time in force=GTC Oco='PTT-QX-c77d98f1' Filled=0 Fill price=0 Error='No error' Native error='',
8/5/2026 7:54:05 AM,Order,Order='2850915295/PA-APEX-422136-05' Name='Stop1' New state='Cancel submitted' Instrument='MES SEP26' Action='Sell' Limit price=0 Stop price=7776 Quantity=3 Type='Stop Market' Time in force=GTC Oco='49f147a0e96b400795c7d13a094c523e' Filled=0 Fill price=0 Error='No error' Native error='',
8/5/2026 7:54:05 AM,Order,Order='2850915303/PA-APEX-422136-05' Name='Stop2' New state='Cancel submitted' Instrument='MES SEP26' Action='Sell' Limit price=0 Stop price=7776 Quantity=3 Type='Stop Market' Time in force=GTC Oco='286a8c2250b34c06b20a49667a2a59c3' Filled=0 Fill price=0 Error='No error' Native error='',
8/5/2026 7:54:05 AM,Order,Order='2850915304/PA-APEX-422136-05' Name='Target2' New state='Cancel submitted' Instrument='MES SEP26' Action='Sell' Limit price=7786.5 Stop price=0 Quantity=3 Type='Limit' Time in force=GTC Oco='286a8c2250b34c06b20a49667a2a59c3' Filled=0 Fill price=0 Error='No error' Native error='',
8/5/2026 7:54:05 AM,Order,Order='2850915302/PA-APEX-422136-05' Name='Target1' New state='Cancel submitted' Instrument='MES SEP26' Action='Sell' Limit price=7785.75 Stop price=0 Quantity=3 Type='Limit' Time in force=GTC Oco='49f147a0e96b400795c7d13a094c523e' Filled=0 Fill price=0 Error='No error' Native error='',
8/5/2026 7:53:43 AM,Order,Order='2850915390/PA-APEX-422136-09' Name='Target2' New state='Accepted' Instrument='MES SEP26' Action='Sell' Limit price=7786.5 Stop price=0 Quantity=3 Type='Limit' Time in force=GTC Oco='6bfa6dcdd76e4a58a07e690dab888116' Filled=0 Fill price=0 Error='No error' Native error='',
8/5/2026 7:53:43 AM,Order,Order='2850915390/PA-APEX-422136-09' Name='Target2' New state='Working' Instrument='MES SEP26' Action='Sell' Limit price=7786.5 Stop price=0 Quantity=3 Type='Limit' Time in force=GTC Oco='6bfa6dcdd76e4a58a07e690dab888116' Filled=0 Fill price=0 Error='No error' Native error='',
8/5/2026 7:53:43 AM,Order,Order='2850915368/PA-APEX-422136-09' Name='Stop1' New state='Accepted' Instrument='MES SEP26' Action='Sell' Limit price=0 Stop price=7776 Quantity=3 Type='Stop Market' Time in force=GTC Oco='83a6e2971ca64163af456ef87db04ec6' Filled=0 Fill price=0 Error='No error' Native error='',
8/5/2026 7:53:43 AM,Order,Order='2850915357/PA-APEX-422136-08' Name='Stop1' New state='Accepted' Instrument='MES SEP26' Action='Sell' Limit price=0 Stop price=7776 Quantity=3 Type='Stop Market' Time in force=GTC Oco='651ce8a2a60f423f85059a3db2d2a368' Filled=0 Fill price=0 Error='No error' Native error='',
8/5/2026 7:53:43 AM,Order,Order='2850915359/PA-APEX-422136-08' Name='Stop2' New state='Accepted' Instrument='MES SEP26' Action='Sell' Limit price=0 Stop price=7776 Quantity=3 Type='Stop Market' Time in force=GTC Oco='fded7358604f46d280468270d89c5024' Filled=0 Fill price=0 Error='No error' Native error='',
8/5/2026 7:53:43 AM,Order,Order='2850915369/PA-APEX-422136-09' Name='Target1' New state='Working' Instrument='MES SEP26' Action='Sell' Limit price=7785.75 Stop price=0 Quantity=3 Type='Limit' Time in force=GTC Oco='83a6e2971ca64163af456ef87db04ec6' Filled=0 Fill price=0 Error='No error' Native error='',
8/5/2026 7:53:43 AM,Order,Order='2850915369/PA-APEX-422136-09' Name='Target1' New state='Accepted' Instrument='MES SEP26' Action='Sell' Limit price=7785.75 Stop price=0 Quantity=3 Type='Limit' Time in force=GTC Oco='83a6e2971ca64163af456ef87db04ec6' Filled=0 Fill price=0 Error='No error' Native error='',
8/5/2026 7:53:43 AM,Order,Order='2850915360/PA-APEX-422136-08' Name='Target2' New state='Working' Instrument='MES SEP26' Action='Sell' Limit price=7786.5 Stop price=0 Quantity=3 Type='Limit' Time in force=GTC Oco='fded7358604f46d280468270d89c5024' Filled=0 Fill price=0 Error='No error' Native error='',
8/5/2026 7:53:43 AM,Order,Order='2850915360/PA-APEX-422136-08' Name='Target2' New state='Accepted' Instrument='MES SEP26' Action='Sell' Limit price=7786.5 Stop price=0 Quantity=3 Type='Limit' Time in force=GTC Oco='fded7358604f46d280468270d89c5024' Filled=0 Fill price=0 Error='No error' Native error='',
8/5/2026 7:53:43 AM,Order,Order='2850915358/PA-APEX-422136-08' Name='Target1' New state='Working' Instrument='MES SEP26' Action='Sell' Limit price=7785.75 Stop price=0 Quantity=3 Type='Limit' Time in force=GTC Oco='651ce8a2a60f423f85059a3db2d2a368' Filled=0 Fill price=0 Error='No error' Native error='',
8/5/2026 7:53:43 AM,Order,Order='2850915370/PA-APEX-422136-09' Name='Stop2' New state='Accepted' Instrument='MES SEP26' Action='Sell' Limit price=0 Stop price=7776 Quantity=3 Type='Stop Market' Time in force=GTC Oco='6bfa6dcdd76e4a58a07e690dab888116' Filled=0 Fill price=0 Error='No error' Native error='',
8/5/2026 7:53:43 AM,Order,Order='2850915358/PA-APEX-422136-08' Name='Target1' New state='Accepted' Instrument='MES SEP26' Action='Sell' Limit price=7785.75 Stop price=0 Quantity=3 Type='Limit' Time in force=GTC Oco='651ce8a2a60f423f85059a3db2d2a368' Filled=0 Fill price=0 Error='No error' Native error='',
8/5/2026 7:53:43 AM,Order,Order='2850915304/PA-APEX-422136-05' Name='Target2' New state='Accepted' Instrument='MES SEP26' Action='Sell' Limit price=7786.5 Stop price=0 Quantity=3 Type='Limit' Time in force=GTC Oco='286a8c2250b34c06b20a49667a2a59c3' Filled=0 Fill price=0 Error='No error' Native error='',
8/5/2026 7:53:43 AM,Order,Order='2850915304/PA-APEX-422136-05' Name='Target2' New state='Working' Instrument='MES SEP26' Action='Sell' Limit price=7786.5 Stop price=0 Quantity=3 Type='Limit' Time in force=GTC Oco='286a8c2250b34c06b20a49667a2a59c3' Filled=0 Fill price=0 Error='No error' Native error='',
8/5/2026 7:53:43 AM,Order,Order='2850915303/PA-APEX-422136-05' Name='Stop2' New state='Accepted' Instrument='MES SEP26' Action='Sell' Limit price=0 Stop price=7776 Quantity=3 Type='Stop Market' Time in force=GTC Oco='286a8c2250b34c06b20a49667a2a59c3' Filled=0 Fill price=0 Error='No error' Native error='',
8/5/2026 7:53:43 AM,Order,Order='2850915302/PA-APEX-422136-05' Name='Target1' New state='Working' Instrument='MES SEP26' Action='Sell' Limit price=7785.75 Stop price=0 Quantity=3 Type='Limit' Time in force=GTC Oco='49f147a0e96b400795c7d13a094c523e' Filled=0 Fill price=0 Error='No error' Native error='',
8/5/2026 7:53:43 AM,Order,Order='2850915302/PA-APEX-422136-05' Name='Target1' New state='Accepted' Instrument='MES SEP26' Action='Sell' Limit price=7785.75 Stop price=0 Quantity=3 Type='Limit' Time in force=GTC Oco='49f147a0e96b400795c7d13a094c523e' Filled=0 Fill price=0 Error='No error' Native error='',
8/5/2026 7:53:43 AM,Order,Order='2850915295/PA-APEX-422136-05' Name='Stop1' New state='Accepted' Instrument='MES SEP26' Action='Sell' Limit price=0 Stop price=7776 Quantity=3 Type='Stop Market' Time in force=GTC Oco='49f147a0e96b400795c7d13a094c523e' Filled=0 Fill price=0 Error='No error' Native error='',
8/5/2026 7:53:42 AM,Order,Order='b74bb9e28c0d49cb94abcb9491b0c819/PA-APEX-422136-09' Name='Target2' New state='Submitted' Instrument='MES SEP26' Action='Sell' Limit price=7786.5 Stop price=0 Quantity=3 Type='Limit' Time in force=GTC Oco='6bfa6dcdd76e4a58a07e690dab888116' Filled=0 Fill price=0 Error='No error' Native error='',
8/5/2026 7:53:42 AM,Order,Order='7ac25a3e3458484395d2ab5aa4fae38f/PA-APEX-422136-09' Name='Stop2' New state='Submitted' Instrument='MES SEP26' Action='Sell' Limit price=0 Stop price=7776 Quantity=3 Type='Stop Market' Time in force=GTC Oco='6bfa6dcdd76e4a58a07e690dab888116' Filled=0 Fill price=0 Error='No error' Native error='',
8/5/2026 7:53:42 AM,Order,Order='566e5dbc65cc4af8b4e2e5f532a4289c/PA-APEX-422136-09' Name='Target1' New state='Submitted' Instrument='MES SEP26' Action='Sell' Limit price=7785.75 Stop price=0 Quantity=3 Type='Limit' Time in force=GTC Oco='83a6e2971ca64163af456ef87db04ec6' Filled=0 Fill price=0 Error='No error' Native error='',
8/5/2026 7:53:42 AM,Order,Order='5d12afd983d04fe2aa2b07c8e3b9f600/PA-APEX-422136-09' Name='Stop1' New state='Submitted' Instrument='MES SEP26' Action='Sell' Limit price=0 Stop price=7776 Quantity=3 Type='Stop Market' Time in force=GTC Oco='83a6e2971ca64163af456ef87db04ec6' Filled=0 Fill price=0 Error='No error' Native error='',
8/5/2026 7:53:42 AM,Order,Order='4f05e183ddde40888837857e6160aa73/PA-APEX-422136-08' Name='Target2' New state='Submitted' Instrument='MES SEP26' Action='Sell' Limit price=7786.5 Stop price=0 Quantity=3 Type='Limit' Time in force=GTC Oco='fded7358604f46d280468270d89c5024' Filled=0 Fill price=0 Error='No error' Native error='',
8/5/2026 7:53:42 AM,Order,Order='67c0d3567c70493e8fe0e6c395b6e4d9/PA-APEX-422136-08' Name='Stop2' New state='Submitted' Instrument='MES SEP26' Action='Sell' Limit price=0 Stop price=7776 Quantity=3 Type='Stop Market' Time in force=GTC Oco='fded7358604f46d280468270d89c5024' Filled=0 Fill price=0 Error='No error' Native error='',
8/5/2026 7:53:42 AM,Order,Order='11bcf8769fb741ffafe7a6f39c082a7f/PA-APEX-422136-08' Name='Target1' New state='Submitted' Instrument='MES SEP26' Action='Sell' Limit price=7785.75 Stop price=0 Quantity=3 Type='Limit' Time in force=GTC Oco='651ce8a2a60f423f85059a3db2d2a368' Filled=0 Fill price=0 Error='No error' Native error='',
8/5/2026 7:53:42 AM,Order,Order='b57514ebc0f045ff91d2823e5de0edf7/PA-APEX-422136-08' Name='Stop1' New state='Submitted' Instrument='MES SEP26' Action='Sell' Limit price=0 Stop price=7776 Quantity=3 Type='Stop Market' Time in force=GTC Oco='651ce8a2a60f423f85059a3db2d2a368' Filled=0 Fill price=0 Error='No error' Native error='',
8/5/2026 7:53:42 AM,Order,Order='2850911744/PA-APEX-422136-09' Name='Entry' New state='Filled' Instrument='MES SEP26' Action='Buy' Limit price=7783 Stop price=0 Quantity=6 Type='Limit' Time in force=GTC Oco='' Filled=6 Fill price=7783 Error='No error' Native error='',
8/5/2026 7:53:42 AM,Execution,Execution='1606942,
8/5/2026 7:53:42 AM,Execution,Execution='1603217,
8/5/2026 7:53:42 AM,Order,Order='2850912302/PA-APEX-422136-08' Name='Entry' New state='Filled' Instrument='MES SEP26' Action='Buy' Limit price=7783 Stop price=0 Quantity=6 Type='Limit' Time in force=GTC Oco='' Filled=6 Fill price=7783 Error='No error' Native error='',
8/5/2026 7:53:42 AM,Order,Order='d70bbfbb23274c02972c80d02534ac6d/PA-APEX-422136-05' Name='Target2' New state='Submitted' Instrument='MES SEP26' Action='Sell' Limit price=7786.5 Stop price=0 Quantity=3 Type='Limit' Time in force=GTC Oco='286a8c2250b34c06b20a49667a2a59c3' Filled=0 Fill price=0 Error='No error' Native error='',
8/5/2026 7:53:42 AM,Order,Order='10bcb464c75c4dcea8d7aefd7c8c14a0/PA-APEX-422136-05' Name='Stop2' New state='Submitted' Instrument='MES SEP26' Action='Sell' Limit price=0 Stop price=7776 Quantity=3 Type='Stop Market' Time in force=GTC Oco='286a8c2250b34c06b20a49667a2a59c3' Filled=0 Fill price=0 Error='No error' Native error='',
8/5/2026 7:53:42 AM,Order,Order='8beb44d6f7f640dc96fa759e0f055903/PA-APEX-422136-05' Name='Target1' New state='Submitted' Instrument='MES SEP26' Action='Sell' Limit price=7785.75 Stop price=0 Quantity=3 Type='Limit' Time in force=GTC Oco='49f147a0e96b400795c7d13a094c523e' Filled=0 Fill price=0 Error='No error' Native error='',
8/5/2026 7:53:42 AM,Order,Order='eb3c87e1639041e4b123f05573edd290/PA-APEX-422136-05' Name='Stop1' New state='Submitted' Instrument='MES SEP26' Action='Sell' Limit price=0 Stop price=7776 Quantity=3 Type='Stop Market' Time in force=GTC Oco='49f147a0e96b400795c7d13a094c523e' Filled=0 Fill price=0 Error='No error' Native error='',
8/5/2026 7:53:42 AM,Order,Order='2850913089/PA-APEX-422136-05' Name='Entry' New state='Filled' Instrument='MES SEP26' Action='Buy' Limit price=7783 Stop price=0 Quantity=6 Type='Limit' Time in force=GTC Oco='' Filled=6 Fill price=7783 Error='No error' Native error='',
8/5/2026 7:53:42 AM,Execution,Execution='1601215,
8/5/2026 7:53:42 AM,Position,Instrument='MES SEP26' Account='PA-APEX-422136-09' Average price=7783 Quantity=6 Market position=Long Operation=Operation_Add,
8/5/2026 7:53:42 AM,Position,Instrument='MES SEP26' Account='PA-APEX-422136-08' Average price=7783 Quantity=6 Market position=Long Operation=Operation_Add,
8/5/2026 7:53:42 AM,Position,Instrument='MES SEP26' Account='PA-APEX-422136-05' Average price=7783 Quantity=6 Market position=Long Operation=Operation_Add,
8/5/2026 7:53:29 AM,Order,Order='2850913089/PA-APEX-422136-05' Name='Entry' New state='Working' Instrument='MES SEP26' Action='Buy' Limit price=7783 Stop price=0 Quantity=6 Type='Limit' Time in force=GTC Oco='' Filled=0 Fill price=0 Error='No error' Native error='',
8/5/2026 7:53:29 AM,Order,Order='2850913089/PA-APEX-422136-05' Name='Entry' New state='Accepted' Instrument='MES SEP26' Action='Buy' Limit price=7783 Stop price=0 Quantity=6 Type='Limit' Time in force=GTC Oco='' Filled=0 Fill price=0 Error='No error' Native error='',
8/5/2026 7:53:29 AM,Order,Order='d28edd8df4924437b63ce8575f39861b/PA-APEX-422136-05' Name='Entry' New state='Submitted' Instrument='MES SEP26' Action='Buy' Limit price=7783 Stop price=0 Quantity=6 Type='Limit' Time in force=GTC Oco='' Filled=0 Fill price=0 Error='No error' Native error='',
8/5/2026 7:53:29 AM,Order,Static SuperDOM submitting order with strategy 'MES $200 SL7 - 3' (Ticks),
8/5/2026 7:53:16 AM,Order,Order='2850912302/PA-APEX-422136-08' Name='Entry' New state='Accepted' Instrument='MES SEP26' Action='Buy' Limit price=7783 Stop price=0 Quantity=6 Type='Limit' Time in force=GTC Oco='' Filled=0 Fill price=0 Error='No error' Native error='',
8/5/2026 7:53:16 AM,Order,Order='2850912302/PA-APEX-422136-08' Name='Entry' New state='Working' Instrument='MES SEP26' Action='Buy' Limit price=7783 Stop price=0 Quantity=6 Type='Limit' Time in force=GTC Oco='' Filled=0 Fill price=0 Error='No error' Native error='',
8/5/2026 7:53:16 AM,Order,Order='af9b3a093ace442598eb4a68fd249687/PA-APEX-422136-08' Name='Entry' New state='Submitted' Instrument='MES SEP26' Action='Buy' Limit price=7783 Stop price=0 Quantity=6 Type='Limit' Time in force=GTC Oco='' Filled=0 Fill price=0 Error='No error' Native error='',
8/5/2026 7:53:15 AM,Order,Static SuperDOM submitting order with strategy 'MES $200 SL7 - 2' (Ticks),
8/5/2026 7:53:06 AM,Order,Order='2850911744/PA-APEX-422136-09' Name='Entry' New state='Working' Instrument='MES SEP26' Action='Buy' Limit price=7783 Stop price=0 Quantity=6 Type='Limit' Time in force=GTC Oco='' Filled=0 Fill price=0 Error='No error' Native error='',
8/5/2026 7:53:06 AM,Order,Order='7c8a4eb66a944bb9862e04e6b951d369/PA-APEX-422136-09' Name='Entry' New state='Submitted' Instrument='MES SEP26' Action='Buy' Limit price=7783 Stop price=0 Quantity=6 Type='Limit' Time in force=GTC Oco='' Filled=0 Fill price=0 Error='No error' Native error='',
8/5/2026 7:53:06 AM,Order,Order='2850911744/PA-APEX-422136-09' Name='Entry' New state='Accepted' Instrument='MES SEP26' Action='Buy' Limit price=7783 Stop price=0 Quantity=6 Type='Limit' Time in force=GTC Oco='' Filled=0 Fill price=0 Error='No error' Native error='',
8/5/2026 7:53:06 AM,Order,Static SuperDOM submitting order with strategy 'MES $200 SL7 - 1' (Ticks),
8/5/2026 7:52:59 AM,Order,Order='2850911104/PA-APEX-422136-09' Name='Entry' New state='Cancelled' Instrument='MES SEP26' Action='Sell' Limit price=7802 Stop price=0 Quantity=6 Type='Limit' Time in force=GTC Oco='' Filled=0 Fill price=0 Error='No error' Native error='',
8/5/2026 7:52:59 AM,Order,Order='2850911104/PA-APEX-422136-09' Name='Entry' New state='Cancel submitted' Instrument='MES SEP26' Action='Sell' Limit price=7802 Stop price=0 Quantity=6 Type='Limit' Time in force=GTC Oco='' Filled=0 Fill price=0 Error='No error' Native error='',
8/5/2026 7:52:57 AM,Order,Order='2850911104/PA-APEX-422136-09' Name='Entry' New state='Working' Instrument='MES SEP26' Action='Sell' Limit price=7802 Stop price=0 Quantity=6 Type='Limit' Time in force=GTC Oco='' Filled=0 Fill price=0 Error='No error' Native error='',
8/5/2026 7:52:57 AM,Order,Order='2850911104/PA-APEX-422136-09' Name='Entry' New state='Accepted' Instrument='MES SEP26' Action='Sell' Limit price=7802 Stop price=0 Quantity=6 Type='Limit' Time in force=GTC Oco='' Filled=0 Fill price=0 Error='No error' Native error='',
8/5/2026 7:52:57 AM,Order,Order='d75c0bc6c7c0492dae19dd3b4f3d7e2c/PA-APEX-422136-09' Name='Entry' New state='Submitted' Instrument='MES SEP26' Action='Sell' Limit price=7802 Stop price=0 Quantity=6 Type='Limit' Time in force=GTC Oco='' Filled=0 Fill price=0 Error='No error' Native error='',
8/5/2026 7:52:57 AM,Order,Static SuperDOM submitting order with strategy 'MES $200 SL7 - 1' (Ticks),
8/5/2026 7:50:32 AM,Order,Order='2850830221/PA-APEX-422136-09' Name='Entry' New state='Cancelled' Instrument='MES SEP26' Action='Sell' Limit price=7804 Stop price=0 Quantity=6 Type='Limit' Time in force=GTC Oco='' Filled=0 Fill price=0 Error='No error' Native error='',
8/5/2026 7:50:32 AM,Order,Order='2850830221/PA-APEX-422136-09' Name='Entry' New state='Cancel submitted' Instrument='MES SEP26' Action='Sell' Limit price=7804 Stop price=0 Quantity=6 Type='Limit' Time in force=GTC Oco='' Filled=0 Fill price=0 Error='No error' Native error='',
8/5/2026 7:50:32 AM,Order,Order='2850832225/PA-APEX-422136-08' Name='Entry' New state='Cancelled' Instrument='MES SEP26' Action='Sell' Limit price=7804 Stop price=0 Quantity=6 Type='Limit' Time in force=GTC Oco='' Filled=0 Fill price=0 Error='No error' Native error='',
8/5/2026 7:50:32 AM,Order,Order='2850832225/PA-APEX-422136-08' Name='Entry' New state='Cancel submitted' Instrument='MES SEP26' Action='Sell' Limit price=7804 Stop price=0 Quantity=6 Type='Limit' Time in force=GTC Oco='' Filled=0 Fill price=0 Error='No error' Native error='',
8/5/2026 7:48:26 AM,Order,Order='2850776452/PA-APEX-422136-09' Name='Entry' New state='Cancelled' Instrument='MES SEP26' Action='Buy' Limit price=7784 Stop price=0 Quantity=6 Type='Limit' Time in force=GTC Oco='' Filled=0 Fill price=0 Error='No error' Native error='',
8/5/2026 7:48:25 AM,Order,Order='2850776452/PA-APEX-422136-09' Name='Entry' New state='Cancel submitted' Instrument='MES SEP26' Action='Buy' Limit price=7784 Stop price=0 Quantity=6 Type='Limit' Time in force=GTC Oco='' Filled=0 Fill price=0 Error='No error' Native error='',
8/5/2026 7:48:25 AM,Order,Order='2850777623/PA-APEX-422136-08' Name='Entry' New state='Cancelled' Instrument='MES SEP26' Action='Buy' Limit price=7784 Stop price=0 Quantity=6 Type='Limit' Time in force=GTC Oco='' Filled=0 Fill price=0 Error='No error' Native error='',
8/5/2026 7:48:25 AM,Order,Order='2850777623/PA-APEX-422136-08' Name='Entry' New state='Cancel submitted' Instrument='MES SEP26' Action='Buy' Limit price=7784 Stop price=0 Quantity=6 Type='Limit' Time in force=GTC Oco='' Filled=0 Fill price=0 Error='No error' Native error='',
8/5/2026 7:42:59 AM,Order,Order='2850832225/PA-APEX-422136-08' Name='Entry' New state='Accepted' Instrument='MES SEP26' Action='Sell' Limit price=7804 Stop price=0 Quantity=6 Type='Limit' Time in force=GTC Oco='' Filled=0 Fill price=0 Error='No error' Native error='',
8/5/2026 7:42:59 AM,Order,Order='2850832225/PA-APEX-422136-08' Name='Entry' New state='Working' Instrument='MES SEP26' Action='Sell' Limit price=7804 Stop price=0 Quantity=6 Type='Limit' Time in force=GTC Oco='' Filled=0 Fill price=0 Error='No error' Native error='',
8/5/2026 7:42:59 AM,Order,Order='2850832225/PA-APEX-422136-08' Name='Entry' New state='Change submitted' Instrument='MES SEP26' Action='Sell' Limit price=7804 Stop price=0 Quantity=6 Type='Limit' Time in force=GTC Oco='' Filled=0 Fill price=0 Error='No error' Native error='',
8/5/2026 7:42:53 AM,Order,Order='2850830221/PA-APEX-422136-09' Name='Entry' New state='Working' Instrument='MES SEP26' Action='Sell' Limit price=7804 Stop price=0 Quantity=6 Type='Limit' Time in force=GTC Oco='' Filled=0 Fill price=0 Error='No error' Native error='',
8/5/2026 7:42:53 AM,Order,Order='2850830221/PA-APEX-422136-09' Name='Entry' New state='Accepted' Instrument='MES SEP26' Action='Sell' Limit price=7804 Stop price=0 Quantity=6 Type='Limit' Time in force=GTC Oco='' Filled=0 Fill price=0 Error='No error' Native error='',
8/5/2026 7:42:53 AM,Order,Order='2850830221/PA-APEX-422136-09' Name='Entry' New state='Change submitted' Instrument='MES SEP26' Action='Sell' Limit price=7804 Stop price=0 Quantity=6 Type='Limit' Time in force=GTC Oco='' Filled=0 Fill price=0 Error='No error' Native error='',
8/5/2026 7:40:00 AM,Order,Order='2850832225/PA-APEX-422136-08' Name='Entry' New state='Working' Instrument='MES SEP26' Action='Sell' Limit price=7812 Stop price=0 Quantity=6 Type='Limit' Time in force=GTC Oco='' Filled=0 Fill price=0 Error='No error' Native error='',
8/5/2026 7:40:00 AM,Order,Order='2850832225/PA-APEX-422136-08' Name='Entry' New state='Accepted' Instrument='MES SEP26' Action='Sell' Limit price=7812 Stop price=0 Quantity=6 Type='Limit' Time in force=GTC Oco='' Filled=0 Fill price=0 Error='No error' Native error='',
8/5/2026 7:40:00 AM,Order,Order='674922870a80417b9537f44044937b0d/PA-APEX-422136-08' Name='Entry' New state='Submitted' Instrument='MES SEP26' Action='Sell' Limit price=7812 Stop price=0 Quantity=6 Type='Limit' Time in force=GTC Oco='' Filled=0 Fill price=0 Error='No error' Native error='',
8/5/2026 7:40:00 AM,Order,Static SuperDOM submitting order with strategy 'MES $200 SL7 - 6' (Ticks),
8/5/2026 7:39:43 AM,Order,Order='2850830221/PA-APEX-422136-09' Name='Entry' New state='Accepted' Instrument='MES SEP26' Action='Sell' Limit price=7812 Stop price=0 Quantity=6 Type='Limit' Time in force=GTC Oco='' Filled=0 Fill price=0 Error='No error' Native error='',
8/5/2026 7:39:43 AM,Order,Order='2850830221/PA-APEX-422136-09' Name='Entry' New state='Working' Instrument='MES SEP26' Action='Sell' Limit price=7812 Stop price=0 Quantity=6 Type='Limit' Time in force=GTC Oco='' Filled=0 Fill price=0 Error='No error' Native error='',
8/5/2026 7:39:43 AM,Order,Order='28ca9ca5caa2466d9e24e20182e22351/PA-APEX-422136-09' Name='Entry' New state='Submitted' Instrument='MES SEP26' Action='Sell' Limit price=7812 Stop price=0 Quantity=6 Type='Limit' Time in force=GTC Oco='' Filled=0 Fill price=0 Error='No error' Native error='',
8/5/2026 7:39:43 AM,Order,Static SuperDOM submitting order with strategy 'MES $200 SL7 - 5' (Ticks),
8/5/2026 7:39:25 AM,Order,Order='2850740908/PA-APEX-422136-09' Name='Entry' New state='Cancelled' Instrument='MES SEP26' Action='Buy' Limit price=7783 Stop price=0 Quantity=6 Type='Limit' Time in force=GTC Oco='' Filled=0 Fill price=0 Error='No error' Native error='',
8/5/2026 7:39:25 AM,Order,Order='2850740908/PA-APEX-422136-09' Name='Entry' New state='Cancel submitted' Instrument='MES SEP26' Action='Buy' Limit price=7783 Stop price=0 Quantity=6 Type='Limit' Time in force=GTC Oco='' Filled=0 Fill price=0 Error='No error' Native error='',
8/5/2026 7:39:25 AM,Order,Order='2850762781/PA-APEX-422136-08' Name='Entry' New state='Cancelled' Instrument='MES SEP26' Action='Buy' Limit price=7783 Stop price=0 Quantity=6 Type='Limit' Time in force=GTC Oco='' Filled=0 Fill price=0 Error='No error' Native error='',
8/5/2026 7:39:25 AM,Order,Order='2850762781/PA-APEX-422136-08' Name='Entry' New state='Cancel submitted' Instrument='MES SEP26' Action='Buy' Limit price=7783 Stop price=0 Quantity=6 Type='Limit' Time in force=GTC Oco='' Filled=0 Fill price=0 Error='No error' Native error='',
8/5/2026 7:38:54 AM,Order,Order='2850777623/PA-APEX-422136-08' Name='Entry' New state='Accepted' Instrument='MES SEP26' Action='Buy' Limit price=7784 Stop price=0 Quantity=6 Type='Limit' Time in force=GTC Oco='' Filled=0 Fill price=0 Error='No error' Native error='',
8/5/2026 7:38:54 AM,Order,Order='2850777623/PA-APEX-422136-08' Name='Entry' New state='Working' Instrument='MES SEP26' Action='Buy' Limit price=7784 Stop price=0 Quantity=6 Type='Limit' Time in force=GTC Oco='' Filled=0 Fill price=0 Error='No error' Native error='',
8/5/2026 7:38:54 AM,Order,Order='2850777623/PA-APEX-422136-08' Name='Entry' New state='Change submitted' Instrument='MES SEP26' Action='Buy' Limit price=7784 Stop price=0 Quantity=6 Type='Limit' Time in force=GTC Oco='' Filled=0 Fill price=0 Error='No error' Native error='',
8/5/2026 7:38:50 AM,Order,Order='2850776452/PA-APEX-422136-09' Name='Entry' New state='Accepted' Instrument='MES SEP26' Action='Buy' Limit price=7784 Stop price=0 Quantity=6 Type='Limit' Time in force=GTC Oco='' Filled=0 Fill price=0 Error='No error' Native error='',
8/5/2026 7:38:50 AM,Order,Order='2850776452/PA-APEX-422136-09' Name='Entry' New state='Working' Instrument='MES SEP26' Action='Buy' Limit price=7784 Stop price=0 Quantity=6 Type='Limit' Time in force=GTC Oco='' Filled=0 Fill price=0 Error='No error' Native error='',
8/5/2026 7:38:50 AM,Order,Order='2850776452/PA-APEX-422136-09' Name='Entry' New state='Change submitted' Instrument='MES SEP26' Action='Buy' Limit price=7784 Stop price=0 Quantity=6 Type='Limit' Time in force=GTC Oco='' Filled=0 Fill price=0 Error='No error' Native error='',
8/5/2026 7:32:27 AM,Order,Order='2850777623/PA-APEX-422136-08' Name='Entry' New state='Accepted' Instrument='MES SEP26' Action='Buy' Limit price=7787 Stop price=0 Quantity=6 Type='Limit' Time in force=GTC Oco='' Filled=0 Fill price=0 Error='No error' Native error='',
8/5/2026 7:32:27 AM,Order,Order='2850777623/PA-APEX-422136-08' Name='Entry' New state='Working' Instrument='MES SEP26' Action='Buy' Limit price=7787 Stop price=0 Quantity=6 Type='Limit' Time in force=GTC Oco='' Filled=0 Fill price=0 Error='No error' Native error='',
8/5/2026 7:32:27 AM,Order,Order='b668839a71dd4cf8bf4493c65ab414cf/PA-APEX-422136-08' Name='Entry' New state='Submitted' Instrument='MES SEP26' Action='Buy' Limit price=7787 Stop price=0 Quantity=6 Type='Limit' Time in force=GTC Oco='' Filled=0 Fill price=0 Error='No error' Native error='',
8/5/2026 7:32:27 AM,Order,Static SuperDOM submitting order with strategy 'MES $200 SL7 - 4' (Ticks),
8/5/2026 7:32:19 AM,Order,Order='2850776452/PA-APEX-422136-09' Name='Entry' New state='Working' Instrument='MES SEP26' Action='Buy' Limit price=7787 Stop price=0 Quantity=6 Type='Limit' Time in force=GTC Oco='' Filled=0 Fill price=0 Error='No error' Native error='',
8/5/2026 7:32:19 AM,Order,Order='2850776452/PA-APEX-422136-09' Name='Entry' New state='Accepted' Instrument='MES SEP26' Action='Buy' Limit price=7787 Stop price=0 Quantity=6 Type='Limit' Time in force=GTC Oco='' Filled=0 Fill price=0 Error='No error' Native error='',
8/5/2026 7:32:19 AM,Order,Order='fed31939842f47608dd750a8e31e8329/PA-APEX-422136-09' Name='Entry' New state='Submitted' Instrument='MES SEP26' Action='Buy' Limit price=7787 Stop price=0 Quantity=6 Type='Limit' Time in force=GTC Oco='' Filled=0 Fill price=0 Error='No error' Native error='',
8/5/2026 7:32:19 AM,Order,Static SuperDOM submitting order with strategy 'MES $200 SL7 - 3' (Ticks),
8/5/2026 7:30:38 AM,Order,Order='2850762781/PA-APEX-422136-08' Name='Entry' New state='Working' Instrument='MES SEP26' Action='Buy' Limit price=7783 Stop price=0 Quantity=6 Type='Limit' Time in force=GTC Oco='' Filled=0 Fill price=0 Error='No error' Native error='',
